Ligand SMILES	Target Name	IC50 (nM)	Curation/DataSource	PDB ID(s) of Target Chain 1
C[C@@H]1COCCN1c1cc(N=[S@](C)(=O)C2CC2)nc(n1)-n1cnc2ccccc12	ATR Interacting Protein	0.3	US Patent	5YZ0
C[C@@H]1COCCN1c1cc(N=[S@](C)(=O)C2CC2)nc(n1)-n1cnc2ccccc12	ATR Interacting Protein	0.3	US Patent	5YZ0
C[C@@H]1COCCN1c1cc(N=[S@](C)(=O)C2CC2)nc(n1)-n1cnc2ccccc12	ATR Interacting Protein	0.3	US Patent	5YZ0
C[C@@H]1COCCN1c1cc(N=[S@](C)(=O)C2CC2)nc(n1)-n1c(C)nc2ccccc12	ATR Interacting Protein	0.4	US Patent	5YZ0
C[C@@H]1COCCN1c1cc(N=S(C)(C)=O)nc(n1)-n1c([H]C(F)F)nc2ccccc12	ATR Interacting Protein	0.4	US Patent	5YZ0
C[C@@H]1COCCN1c1cc(N=[S@](C)(=O)C2CC2)nc(n1)-n1c(C)nc2ccccc12	ATR Interacting Protein	0.4	US Patent	5YZ0
C[C@@H]1COCCN1c1cc(N=S(C)(C)=O)nc(n1)-n1c([H]C(F)F)nc2ccccc12	ATR Interacting Protein	0.4	US Patent	5YZ0
C[C@@H]1COCCN1c1cc(N=[S@@](C)(=O)C2CC2)nc(n1)-n1c(C)nc2ccccc12	ATR Interacting Protein	0.4	US Patent	5YZ0
C[C@@H]1COCCN1c1cc(N=S(C)(C)=O)nc(n1)-n1c(nc2ccccc12)C(F)F	ATR Interacting Protein	0.4	US Patent	"9L4F,9L4C,9L46,9L45,9L43,5YZ0,9L4D,7XV4"
C[C@@H]1COCCN1c1cc(N=S(C)(C)=O)nc(n1)-n1c(CF)nc2ccccc12	ATR Interacting Protein	0.5	US Patent	"5YZ0,7XV4"
C[C@@H]1COCCN1c1cc(N=S(C)(C)=O)nc(n1)-n1c(CF)nc2ccccc12	ATR Interacting Protein	0.5	US Patent	"5YZ0,7XV4"
C[C@@H]1COCCN1c1cc(N=S(C)(C)=O)nc(n1)-n1c(CF)nc2ccccc12	ATR Interacting Protein	0.5	US Patent	"5YZ0,7XV4"
C[C@@H]1COCCN1c1cc(N=[S@](C)(=O)C2COC2)nc(n1)-n1cnc2ccccc12	ATR Interacting Protein	0.7	US Patent	5YZ0
C[C@@H]1COCCN1c1cc(N=[S@](C)(=O)C2COC2)nc(n1)-n1cnc2ccccc12	ATR Interacting Protein	0.7	US Patent	5YZ0
C[C@@H]1COCCN1c1cc(N=[S@](C)(=O)C2COC2)nc(n1)-n1cnc2ccccc12	ATR Interacting Protein	0.7	US Patent	5YZ0
C[C@@H]1COCCN1c1cc(N=[S@](C)(=O)C2CC2)nc(n1)-n1cnc2ccccc12	ATR Interacting Protein	0.8	US Patent	5YZ0
C[C@@H]1COCCN1c1cc(N=[S@](C)(=O)C2COC2)nc(n1)-n1c(C)nc2ccccc12	ATR Interacting Protein	0.8	US Patent	5YZ0
C[C@@H]1COCCN1c1cc(N=[S@](C)(=O)C2CC2)nc(n1)-n1cnc2ccccc12	ATR Interacting Protein	0.8	US Patent	5YZ0
C[C@@H]1COCCN1c1cc(N=[S@](C)(=O)C2COC2)nc(n1)-n1c(C)nc2ccccc12	ATR Interacting Protein	0.8	US Patent	5YZ0
C[C@@H]1COCCN1c1cc(N=[S@](C)(=O)C2CC2)nc(n1)-n1cnc2ccccc12	ATR Interacting Protein	0.8	US Patent	5YZ0
C[C@@H]1COCCN1c1cc(N=[S@@](C)(=O)C2COC2)nc(n1)-n1c(C)nc2ccccc12	ATR Interacting Protein	0.8	US Patent	5YZ0
C[C@@H]1COCCN1c1cc(N=S(C)(C)=O)nc(n1)-n1c(CO)nc2ccccc12	ATR Interacting Protein	0.9	US Patent	5YZ0
C[C@@H]1COCCN1c1cc(N=S(C)(=O)C2CC2)nc(n1)-n1c(C)nc2ccccc12	ATR Interacting Protein	0.9	US Patent	5YZ0
C[C@@H]1COCCN1c1cc(N=S(C)(C)=O)nc(n1)-n1c(CO)nc2ccccc12	ATR Interacting Protein	0.9	US Patent	5YZ0
C[C@@H]1COCCN1c1cc(N=S(C)(=O)C2CC2)nc(n1)-n1c(C)nc2ccccc12	ATR Interacting Protein	0.9	US Patent	5YZ0
C[C@@H]1COCCN1c1cc(N=S(C)(C)=O)nc(n1)-n1c(CO)nc2ccccc12	ATR Interacting Protein	0.9	US Patent	5YZ0
C[C@@H]1COCCN1c1cc(N=S(C)(=O)C2CC2)nc(n1)-n1c(C)nc2ccccc12	ATR Interacting Protein	0.9	US Patent	5YZ0
C[C@@H]1COCCN1c1cc(N=S(C)(C)=O)nc(n1)-c1ccnc2[nH]ccc12	ATR Interacting Protein	1	US Patent	5YZ0
C[C@@H]1COCCN1c1cc(N=[S@](C)(=O)C2CC2)nc(n1)-c1ccnc2[nH]ccc12	ATR Interacting Protein	1	US Patent	5YZ0
CNc1cnc2[nH]ccc2c1-c1nc2N3[C@H](C)COC[C@H]3COc2c(n1)C(C)(C)S(C)(=O)=O	ATR Interacting Protein	1	ChEMBL	5YZ0
CNc1cnc2[nH]ccc2c1-c1nc2N3[C@H](C)COC[C@H]3COc2c(n1)C(C)(C)O	ATR Interacting Protein	1	ChEMBL	5YZ0
CCNc1cnc2[nH]ccc2c1-c1nc2N3[C@H](C)COC[C@H]3COc2c(n1)C(C)(C)S(C)(=O)=O	ATR Interacting Protein	1	ChEMBL	5YZ0
CNc1nc2ccccc2n1-c1nc2N3[C@H](C)COC[C@H]3COc2c(n1)C(C)(C)S(C)(=O)=O	ATR Interacting Protein	1	ChEMBL	5YZ0
C[C@@H]1COCCN1c1cc(N=S(C)(C)=O)nc(n1)-c1ccnc2[nH]ccc12	ATR Interacting Protein	1	US Patent	5YZ0
C[C@@H]1COCCN1c1cc(N=[S@](C)(=O)C2CC2)nc(n1)-c1ccnc2[nH]ccc12	ATR Interacting Protein	1	US Patent	5YZ0
C[C@@H]1COCCN1c1cc(N=S(C)(C)=O)nc(c1)-n1c(N)nc2ccccc12	ATR Interacting Protein	1	US Patent	5YZ0
CNc1nc2ccccc2n1-c1cc(cc(N=S(C)(C)=O)n1)N1CCOC[C@H]1C	ATR Interacting Protein	1	US Patent	5YZ0
C[C@@H]1COCCN1c1cc(N=S(C)(C)=O)nc(n1)-c1ccnc2[nH]ccc12	ATR Interacting Protein	1	US Patent	5YZ0
C[C@@H]1COCCN1c1cc(N=[S@@](C)(=O)C2CC2)nc(n1)-c1ccnc2[nH]ccc12	ATR Interacting Protein	1	US Patent	5YZ0
C[C@@H]1COCCN1c1cc(N=[S@](C)(=O)C2COC2)nc(n1)-n1cnc2ccccc12	ATR Interacting Protein	1.4	US Patent	5YZ0
C[C@@H]1COCCN1c1cc(N=[S@](C)(=O)C2COC2)nc(n1)-n1cnc2ccccc12	ATR Interacting Protein	1.4	US Patent	5YZ0
C[C@@H]1COCCN1c1cc(N=[S@@](C)(=O)C2COC2)nc(n1)-n1cnc2ccccc12	ATR Interacting Protein	1.4	US Patent	5YZ0
C[C@@H]1COCCN1c1cc(N=S(C)(=O)C2CC2)nc(n1)-c1cncc2[nH]ccc12	ATR Interacting Protein	1.6	US Patent	5YZ0
C[C@@H]1COCCN1c1cc(N=S(C)(=O)C2CC2)nc(n1)-c1cncc2[nH]ccc12	ATR Interacting Protein	1.6	US Patent	5YZ0
C[C@@H]1COCCN1c1cc(N=S(C)(=O)C2CC2)nc(n1)-c1cncc2[nH]ccc12	ATR Interacting Protein	1.6	US Patent	5YZ0
CCS(=O)(CC)=Nc1cc(nc(n1)-c1ccnc2[nH]ccc12)N1CCOC[C@H]1C	ATR Interacting Protein	2	US Patent	5YZ0
COC(=O)N1CCS(=O)(CC1)=Nc1cc(nc(n1)-c1ccnc2[nH]ccc12)N1CCOC[C@H]1C	ATR Interacting Protein	2	US Patent	5YZ0
CCOC(=O)N1CCS(=O)(CC1)=Nc1cc(nc(n1)-c1ccnc2[nH]ccc12)N1CCOC[C@H]1C	ATR Interacting Protein	2	US Patent	5YZ0
C[C@@H]1COCCN1c1cc(N=S(C)(C)=O)nc(n1)-n1cnc2ccccc12	ATR Interacting Protein	2	US Patent	5YZ0
C[C@@H]1COCCN1c1cc(N=S(C)(C)=O)nc(n1)-c1cc(F)cc2[nH]ccc12	ATR Interacting Protein	2	US Patent	5YZ0
COc1cc(-c2nc(cc(n2)N2CCOC[C@H]2C)N=S(C)(C)=O)c2cc[nH]c2n1	ATR Interacting Protein	22	US Patent	5YZ0
COc1cc(-c2nc(cc(n2)N2CCOC[C@H]2C)N=S(C)(C)=O)c2cc[nH]c2n1	ATR Interacting Protein	22	US Patent	5YZ0
C[C@@H]1COCCN1c1cc(nc(n1)-c1ccnc2[nH]ccc12)C1CCN(CC1)C(=O)C1CC1	ATR Interacting Protein	22	US Patent	5YZ0
COc1cc(-c2nc(cc(n2)N2CCOC[C@H]2C)N=S(C)(C)=O)c2cc[nH]c2n1	ATR Interacting Protein	22	US Patent	5YZ0
C[C@@H]1COCCN1c1cc(-c2ccc(cc2)S(C)(=N)=O)c2ccnc(-c3ccn[nH]3)c2n1	ATR Interacting Protein	22.8	US Patent	5YZ0
C[C@@H]1COCCN1c1cc(-c2ccc(cc2)S(C)(=N)=O)c2ccnc(-c3ccn[nH]3)c2n1	ATR Interacting Protein	22.8	US Patent	5YZ0
C[C@@H]1COCCN1c1cc(N=S(C)(C)=O)nc(n1)-n1nnc2ccccc12	ATR Interacting Protein	23	US Patent	5YZ0
C[C@@H]1COCCN1c1cc(N=S(C)(C)=O)nc(n1)-n1nnc2ccccc12	ATR Interacting Protein	23	US Patent	5YZ0
C[C@@H]1COCCN1c1cc(N=S(C)(C)=O)nc(n1)-n1nnc2ccccc12	ATR Interacting Protein	23	US Patent	5YZ0
C[C@@H]1COCCN1c1cc(-c2ccc(F)cc2N)c2ccnc(-c3ccn[nH]3)c2n1	ATR Interacting Protein	23.1	US Patent	5YZ0
C[C@@H]1COCCN1c1cc(-c2ccc(F)cc2N)c2ccnc(-c3ccn[nH]3)c2n1	ATR Interacting Protein	23.1	US Patent	5YZ0
CC(C)S(=O)(=O)c1ccc(cc1)-c1cc(nc2c(nccc12)-c1ccn[nH]1)N1CCOC[C@H]1C	ATR Interacting Protein	23.2	US Patent	5YZ0
CC(C)S(=O)(=O)c1ccc(cc1)-c1cc(nc2c(nccc12)-c1ccn[nH]1)N1CCOC[C@H]1C	ATR Interacting Protein	23.2	US Patent	5YZ0
CC(C)Oc1cc(nc2c(nccc12)-c1cc[nH]n1)N1CCOC[C@H]1C	ATR Interacting Protein	23.3	US Patent	5YZ0
CC(C)Oc1cc(nc2c(nccc12)-c1cc[nH]n1)N1CCOC[C@H]1C	ATR Interacting Protein	23.3	US Patent	5YZ0
C[C@@H]1COCCN1c1cc(-c2cccc(c2F)S(C)(=O)=O)c2ccnc(-c3ccn[nH]3)c2n1	ATR Interacting Protein	23.7	US Patent	5YZ0
Cc1cccc(c1C)-c1cc(nc2c(nccc12)-c1ccn[nH]1)N1CCOCC1	ATR Interacting Protein	23.7	US Patent	5YZ0
C[C@@H]1COCCN1c1cc(-c2cccc(c2F)S(C)(=O)=O)c2ccnc(-c3ccn[nH]3)c2n1	ATR Interacting Protein	23.7	US Patent	5YZ0
Cc1cccc(c1C)-c1cc(nc2c(nccc12)-c1ccn[nH]1)N1CCOCC1	ATR Interacting Protein	23.7	US Patent	5YZ0
CCOC(=O)N=S(C)(=O)c1ccc(cc1)-c1cc(nc2c(nccc12)-c1ccn[nH]1)N1CCOCC1	ATR Interacting Protein	23.9	US Patent	5YZ0
CCOC(=O)N=S(C)(=O)c1ccc(cc1)-c1cc(nc2c(nccc12)-c1ccn[nH]1)N1CCOCC1	ATR Interacting Protein	23.9	US Patent	5YZ0
C[C@@H]1COCCN1c1cc(N=S2(=O)CCCC2)nc(n1)-c1cc(Cl)nc2[nH]ccc12	ATR Interacting Protein	24	US Patent	5YZ0
CN(CC(C)(C)C)c1cc(nc2c(nccc12)-c1ccn[nH]1)N1CCOCC1	ATR Interacting Protein	24	US Patent	5YZ0
C[C@@H]1COCCN1c1cc(N=S2(=O)CCCC2)nc(n1)-c1cc(Cl)nc2[nH]ccc12	ATR Interacting Protein	24	US Patent	5YZ0
C[C@@H]1COCCN1c1cc(nc(n1)-c1ccnc2[nH]ccc12)C1CCN(CC1)C(C)=O	ATR Interacting Protein	24	US Patent	5YZ0
C[C@@H]1COCCN1c1cc(N=S(C)(=O)C2COC2)nc(c1)-c1cncc2[nH]ccc12	ATR Interacting Protein	24	US Patent	5YZ0
C[C@@H]1COCCN1c1cc(N=S(C)(C)=O)nc(c1)-n1c(C)nc2ccccc12	ATR Interacting Protein	24	US Patent	5YZ0
CN(CC(C)(C)C)c1cc(nc2c(nccc12)-c1ccn[nH]1)N1CCOCC1	ATR Interacting Protein	24	US Patent	5YZ0
C[C@@H]1COCCN1c1cc(N=S2(=O)CCCC2)nc(n1)-c1cc(Cl)nc2[nH]ccc12	ATR Interacting Protein	24	US Patent	5YZ0
C1CC(CCO1)c1cc(nc2c(nccc12)-c1cc[nH]n1)N1CCOCC1	ATR Interacting Protein	24.1	US Patent	5YZ0
C[C@@H]1COCCN1c1cc(-c2cnn(C)c2)c2ccnc(-c3ccn[nH]3)c2n1	ATR Interacting Protein	24.1	US Patent	5YZ0
C1CC(CCO1)c1cc(nc2c(nccc12)-c1cc[nH]n1)N1CCOCC1	ATR Interacting Protein	24.1	US Patent	5YZ0
C[C@@H]1COCCN1c1cc(-c2cnn(C)c2)c2ccnc(-c3ccn[nH]3)c2n1	ATR Interacting Protein	24.1	US Patent	5YZ0
Clc1ccccc1-c1cc(nc2c(nccc12)-c1ccn[nH]1)N1CCOCC1	ATR Interacting Protein	25.3	US Patent	5YZ0
Clc1ccccc1-c1cc(nc2c(nccc12)-c1ccn[nH]1)N1CCOCC1	ATR Interacting Protein	25.3	US Patent	5YZ0
CC(C)COP(C)(=O)c1cc(nc2c(nccc12)-c1ccn[nH]1)N1CCOC[C@H]1C	ATR Interacting Protein	25.5	US Patent	5YZ0
C[C@@H]1COCCN1c1cc(-c2cc(C)n(C)c2C)c2ccnc(-c3ccn[nH]3)c2n1	ATR Interacting Protein	25.5	US Patent	5YZ0
CC(C)COP(C)(=O)c1cc(nc2c(nccc12)-c1ccn[nH]1)N1CCOC[C@H]1C	ATR Interacting Protein	25.5	US Patent	5YZ0
C[C@@H]1COCCN1c1cc(-c2cc(C)n(C)c2C)c2ccnc(-c3ccn[nH]3)c2n1	ATR Interacting Protein	25.5	US Patent	5YZ0
C[C@@H]1COCCN1c1cc(N=S(C)(C)=O)nc(n1)-c1c(F)cnc2[nH]ccc12	ATR Interacting Protein	26	US Patent	5YZ0
C[C@@H]1COCCN1c1cc(N=S(C)(=O)c2cnn(C)c2)nc(n1)-c1ccnc2[nH]ccc12	ATR Interacting Protein	26	US Patent	5YZ0
C[C@@H]1COCCN1c1cc(N=S2(=O)CCCC2)c2ccnc(-c3ccn[nH]3)c2n1	ATR Interacting Protein	26	US Patent	5YZ0
C[C@@H]1COCCN1c1cc(N=S(C)(C)=O)nc(n1)-c1c(F)cnc2[nH]ccc12	ATR Interacting Protein	26	US Patent	5YZ0
C[C@@H]1COCCN1c1cc(N=S(C)(=O)c2cnn(C)c2)nc(n1)-c1ccnc2[nH]ccc12	ATR Interacting Protein	26	US Patent	5YZ0
C[C@@H]1COCCN1c1cc(N=S2(=O)CCCC2)c2ccnc(-c3ccn[nH]3)c2n1	ATR Interacting Protein	26	US Patent	5YZ0
C[C@@H]1COCCN1c1cc(N=S(C)(C)=O)nc(n1)-c1c(F)cnc2[nH]ccc12	ATR Interacting Protein	26	US Patent	5YZ0
C[C@@H]1COCCN1c1cc(N=S(C)(=O)c2cnn(C)n2)nc(n1)-c1ccnc2[nH]ccc12	ATR Interacting Protein	26	US Patent	5YZ0
Fc1cccc(c1F)-c1cc(nc2c(nccc12)-c1ccn[nH]1)N1CCOCC1	ATR Interacting Protein	26.4	US Patent	5YZ0
Fc1cccc(c1F)-c1cc(nc2c(nccc12)-c1ccn[nH]1)N1CCOCC1	ATR Interacting Protein	26.4	US Patent	5YZ0
CS(=O)(=O)c1ccc(cc1)-c1cc(nc2c(nccc12)-c1cc[nH]n1)N1CCOCC1	ATR Interacting Protein	26.5	US Patent	5YZ0
CS(=O)(=O)c1ccc(cc1)-c1cc(nc2c(nccc12)-c1cc[nH]n1)N1CCOCC1	ATR Interacting Protein	26.5	US Patent	5YZ0
Cn1cccc1-c1cc(nc2c(nccc12)-c1ccn[nH]1)N1CCOCC1	ATR Interacting Protein	26.6	US Patent	5YZ0
Cn1cccc1-c1cc(nc2c(nccc12)-c1ccn[nH]1)N1CCOCC1	ATR Interacting Protein	26.6	US Patent	5YZ0
C[C@@H]1COCCN1c1cc(N=S(C)(=O)C(C)(C)C)c2ccnc(-c3ccn[nH]3)c2n1	ATR Interacting Protein	26.9	US Patent	5YZ0
C[C@@H]1COCCN1c1cc(N=S(C)(=O)C(C)(C)C)c2ccnc(-c3ccn[nH]3)c2n1	ATR Interacting Protein	26.9	US Patent	5YZ0
C[C@@H]1COCCN1c1cc(N=S(C)(C)=O)nc(n1)-c1cc(F)cc2[nH]ncc12	ATR Interacting Protein	27	US Patent	5YZ0
C[C@@H]1COCCN1c1cc(-c2ccnn2C2COC2)c2ccnc(-c3ccn[nH]3)c2n1	ATR Interacting Protein	27	US Patent	5YZ0
C[C@@H]1COCCN1c1cc(N=S(C)(C)=O)nc(n1)-c1cc(F)cc2[nH]ncc12	ATR Interacting Protein	27	US Patent	5YZ0
C[C@@H]1COCCN1c1cc(-c2ccnn2C2COC2)c2ccnc(-c3ccn[nH]3)c2n1	ATR Interacting Protein	27	US Patent	5YZ0
C[C@@H]1COCCN1c1cc(N=S(C)(C)=O)nc(n1)-c1cc(F)cc2[nH]ncc12	ATR Interacting Protein	27	US Patent	5YZ0
C[C@@H]1COCCN1c1cc(N=S2(=O)CCOCC2)c2ccnc(-c3ccn[nH]3)c2n1	ATR Interacting Protein	27.4	US Patent	5YZ0
C[C@@H]1COCCN1c1cc(N=S2(=O)CCOCC2)c2ccnc(-c3ccn[nH]3)c2n1	ATR Interacting Protein	27.4	US Patent	5YZ0
C[C@@H]1COCCN1c1cc(C2CCNCC2)c2ccnc(-c3ccn[nH]3)c2n1	ATR Interacting Protein	27.5	US Patent	5YZ0
C[C@@H]1COCCN1c1cc(C2CCNCC2)c2ccnc(-c3ccn[nH]3)c2n1	ATR Interacting Protein	27.5	US Patent	5YZ0
CCP(=O)(CC)c1cc(nc2c(nccc12)-c1ccn[nH]1)N1CCOC[C@H]1C	ATR Interacting Protein	27.7	US Patent	5YZ0
CCP(=O)(CC)c1cc(nc2c(nccc12)-c1ccn[nH]1)N1CCOC[C@H]1C	ATR Interacting Protein	27.7	US Patent	5YZ0
C[C@@H]1COCCN1c1cc(-c2cnn(CCO)c2)c2ccnc(-c3ccn[nH]3)c2n1	ATR Interacting Protein	28.1	US Patent	5YZ0
C[C@@H]1COCCN1c1cc(-c2cnn(CCO)c2)c2ccnc(-c3ccn[nH]3)c2n1	ATR Interacting Protein	28.1	US Patent	5YZ0
C[C@@H]1COCCN1c1cc(-c2ccsc2Cl)c2ccnc(-c3ccn[nH]3)c2n1	ATR Interacting Protein	28.2	US Patent	5YZ0
C[C@@H]1COCCN1c1cc(-c2ccsc2Cl)c2ccnc(-c3ccn[nH]3)c2n1	ATR Interacting Protein	28.2	US Patent	5YZ0
C[C@@H]1COCCN1c1cc(-c2cc(Cl)cnc2F)c2ccnc(-c3ccn[nH]3)c2n1	ATR Interacting Protein	28.4	US Patent	5YZ0
Oc1cccc(c1)-c1cc(nc2c(nccc12)-c1ccn[nH]1)N1CCOCC1	ATR Interacting Protein	28.4	US Patent	5YZ0
C[C@@H]1COCCN1c1cc(-c2cc(Cl)cnc2F)c2ccnc(-c3ccn[nH]3)c2n1	ATR Interacting Protein	28.4	US Patent	5YZ0
Oc1cccc(c1)-c1cc(nc2c(nccc12)-c1ccn[nH]1)N1CCOCC1	ATR Interacting Protein	28.4	US Patent	5YZ0
C[C@@H]1COCCN1c1cc(N=S(C)(=O)c2ccc(F)cc2)c2ccnc(-c3ccn[nH]3)c2n1	ATR Interacting Protein	29	US Patent	5YZ0
OCc1cccc(c1)-c1cc(nc2c(nccc12)-c1ccn[nH]1)N1CCOCC1	ATR Interacting Protein	29	US Patent	5YZ0
CCOc1cc(-c2cc(cc(N=S(C)(C)=O)n2)N2CCOC[C@H]2C)c2cc[nH]c2n1	ATR Interacting Protein	29	US Patent	5YZ0
C[C@@H]1COCCN1c1cc(N=S(C)(=O)c2ccc(F)cc2)c2ccnc(-c3ccn[nH]3)c2n1	ATR Interacting Protein	29	US Patent	5YZ0
OCc1cccc(c1)-c1cc(nc2c(nccc12)-c1ccn[nH]1)N1CCOCC1	ATR Interacting Protein	29	US Patent	5YZ0
C[C@@H]1COCCN1c1cc(-c2csc(C)c2)c2ccnc(-c3ccn[nH]3)c2n1	ATR Interacting Protein	29.2	US Patent	5YZ0
CCn1cc(cn1)-c1cc(nc2c(nccc12)-c1ccn[nH]1)N1CCOC[C@H]1C	ATR Interacting Protein	29.2	US Patent	5YZ0
C[C@@H]1COCCN1c1cc(-c2csc(C)c2)c2ccnc(-c3ccn[nH]3)c2n1	ATR Interacting Protein	29.2	US Patent	5YZ0
CCn1cc(cn1)-c1cc(nc2c(nccc12)-c1ccn[nH]1)N1CCOC[C@H]1C	ATR Interacting Protein	29.2	US Patent	5YZ0
C[C@@H]1COCCN1c1cc(-c2cc(C)sc2C)c2ccnc(-c3ccn[nH]3)c2n1	ATR Interacting Protein	30	US Patent	5YZ0
C[C@@H]1COCCN1c1cc(N=S(C)(C)=O)nc(c1)-c1cc(Cl)nc2[nH]ccc12	ATR Interacting Protein	30	US Patent	5YZ0
C[C@@H]1COCCN1c1cc(-c2cc(C)sc2C)c2ccnc(-c3ccn[nH]3)c2n1	ATR Interacting Protein	30	US Patent	5YZ0
C[C@@H]1COCCN1c1cc(-c2ccc(F)nc2F)c2ccnc(-c3ccn[nH]3)c2n1	ATR Interacting Protein	30.1	US Patent	5YZ0
C[C@@H]1COCCN1c1cc(-c2ccc(F)nc2F)c2ccnc(-c3ccn[nH]3)c2n1	ATR Interacting Protein	30.1	US Patent	5YZ0
Cc1ccccc1-c1cc(nc2c(nccc12)-c1ccn[nH]1)N1CCOCC1	ATR Interacting Protein	30.6	US Patent	5YZ0
Cc1ccccc1-c1cc(nc2c(nccc12)-c1ccn[nH]1)N1CCOCC1	ATR Interacting Protein	30.6	US Patent	5YZ0
CSc1cc(nc2c(nccc12)-c1ccn[nH]1)N1CCOC[C@H]1C	ATR Interacting Protein	30.7	US Patent	5YZ0
CSc1cc(nc2c(nccc12)-c1ccn[nH]1)N1CCOC[C@H]1C	ATR Interacting Protein	30.7	US Patent	5YZ0
C[C@@H]1COCCN1c1cc(N=S(C)(C)=O)nc(n1)-c1cccc2[nH]ncc12	ATR Interacting Protein	31	US Patent	5YZ0
C[C@@H]1COCCN1c1cc(N=[S@](C)(=O)C2CC2)nc(n1)-c1cc(N)nc(Cl)c1	ATR Interacting Protein	31	US Patent	5YZ0
C[C@@H]1COCCN1c1cc(N=S(C)(C)=O)nc(n1)-c1cccc2[nH]ncc12	ATR Interacting Protein	31	US Patent	5YZ0
C[C@@H]1COCCN1c1cc(N=[S@](C)(=O)C2CC2)nc(n1)-c1cc(N)nc(Cl)c1	ATR Interacting Protein	31	US Patent	5YZ0
C[C@@H]1COCCN1c1cc(nc(n1)-c1cc(Cl)nc2[nH]ccc12)[C@H]1CCCS1(=O)=O	ATR Interacting Protein	31	US Patent	5YZ0
C[C@@H]1COCCN1c1cc(N=[S@](C)(=O)C2CC2)nc(c1)-c1ccnc2[nH]ccc12	ATR Interacting Protein	31	US Patent	5YZ0
C[C@@H]1COCCN1c1cc(N=S(C)(C)=O)nc(n1)-c1cccc2[nH]ncc12	ATR Interacting Protein	31	US Patent	5YZ0
C[C@@H]1COCCN1c1cc(N=[S@](C)(=O)C2CC2)nc(n1)-c1cc(N)nc(Cl)c1	ATR Interacting Protein	31	US Patent	5YZ0
C[C@@H]1COCCN1c1cc(-c2ccncc2F)c2ccnc(-c3ccn[nH]3)c2n1	ATR Interacting Protein	31.7	US Patent	5YZ0
C[C@@H]1COCCN1c1cc(-c2ccncc2F)c2ccnc(-c3ccn[nH]3)c2n1	ATR Interacting Protein	31.7	US Patent	5YZ0
CS(=O)(=O)N1CCN(CC1)c1cc(nc2c(nccc12)-c1ccn[nH]1)N1CCOCC1	ATR Interacting Protein	31.8	US Patent	5YZ0
CS(=O)(=O)N1CCN(CC1)c1cc(nc2c(nccc12)-c1ccn[nH]1)N1CCOCC1	ATR Interacting Protein	31.8	US Patent	5YZ0
C[C@@H]1COCCN1c1cc(C2=CCNCC2)c2ccnc(-c3ccn[nH]3)c2n1	ATR Interacting Protein	32	US Patent	5YZ0
C[C@@H]1COCCN1c1cc(C2=CCNCC2)c2ccnc(-c3ccn[nH]3)c2n1	ATR Interacting Protein	32	US Patent	5YZ0
COc1ncccc1-c1cc(nc2c(nccc12)-c1ccn[nH]1)N1CCOC[C@H]1C	ATR Interacting Protein	32.4	US Patent	5YZ0
COc1ncccc1-c1cc(nc2c(nccc12)-c1ccn[nH]1)N1CCOC[C@H]1C	ATR Interacting Protein	32.4	US Patent	5YZ0
C[C@@H]1COCCN1c1cc(c2ccnc(-c3ccn[nH]3)c2n1)C(C)(C)O	ATR Interacting Protein	32.6	US Patent	5YZ0
C[C@@H]1COCCN1c1cc(c2ccnc(-c3ccn[nH]3)c2n1)C(C)(C)O	ATR Interacting Protein	32.6	US Patent	5YZ0
CC1CCN(CC1)c1cc(nc2c(nccc12)-c1ccn[nH]1)N1CCOCC1	ATR Interacting Protein	32.7	US Patent	5YZ0
CC1CCN(CC1)c1cc(nc2c(nccc12)-c1ccn[nH]1)N1CCOCC1	ATR Interacting Protein	32.7	US Patent	5YZ0
COCc1noc(C)c1-c1cc(nc2c(nccc12)-c1ccn[nH]1)N1CCOC[C@H]1C	ATR Interacting Protein	32.9	US Patent	5YZ0
COCc1noc(C)c1-c1cc(nc2c(nccc12)-c1ccn[nH]1)N1CCOC[C@H]1C	ATR Interacting Protein	32.9	US Patent	5YZ0
Fc1ccc(c(F)c1)-c1cc(nc2c(nccc12)-c1ccn[nH]1)N1CCOCC1	ATR Interacting Protein	33.5	US Patent	5YZ0
Fc1ccc(c(F)c1)-c1cc(nc2c(nccc12)-c1ccn[nH]1)N1CCOCC1	ATR Interacting Protein	33.5	US Patent	5YZ0
C[C@@H]1COCCN1c1cc(-c2cnn(c2)C2CCC2)c2ccnc(-c3ccn[nH]3)c2n1	ATR Interacting Protein	33.7	US Patent	5YZ0
C[C@@H]1COCCN1c1cc(-c2ncco2)c2ccnc(-c3ccn[nH]3)c2n1	ATR Interacting Protein	33.7	US Patent	5YZ0
C[C@@H]1COCCN1c1cc(c2ccnc(-c3ccn[nH]3)c2n1)C(C)(O)C(C)(C)C	ATR Interacting Protein	33.7	US Patent	5YZ0
C[C@@H]1COCCN1c1cc(-c2cnn(c2)C2CCC2)c2ccnc(-c3ccn[nH]3)c2n1	ATR Interacting Protein	33.7	US Patent	5YZ0
C[C@@H]1COCCN1c1cc(-c2ncco2)c2ccnc(-c3ccn[nH]3)c2n1	ATR Interacting Protein	33.7	US Patent	5YZ0
C[C@@H]1COCCN1c1cc(c2ccnc(-c3ccn[nH]3)c2n1)C(C)(O)C(C)(C)C	ATR Interacting Protein	33.7	US Patent	5YZ0
C[C@@H]1COCCN1c1cc(N=S(C)(C)=O)nc(n1)-c1c(C)nc2ccccn12	ATR Interacting Protein	34	US Patent	5YZ0
C[C@@H]1COCCN1c1cc(N=S(C)(C)=O)nc(n1)-c1c(C)nc2ccccn12	ATR Interacting Protein	34	US Patent	5YZ0
C[C@@H]1COCCN1c1cc(N=S(C)(C)=O)nc(n1)-c1c(C)nc2ccccn12	ATR Interacting Protein	34	US Patent	5YZ0
CN=S(C)(=O)c1ccc(cc1)-c1cc(nc2c(nccc12)-c1ccn[nH]1)N1CCOCC1	ATR Interacting Protein	34.1	US Patent	5YZ0
CN=S(C)(=O)c1ccc(cc1)-c1cc(nc2c(nccc12)-c1ccn[nH]1)N1CCOCC1	ATR Interacting Protein	34.1	US Patent	5YZ0
C[C@@H]1COCCN1c1cc(-c2ccc(cc2F)N2CCCC2)c2ccnc(-c3ccn[nH]3)c2n1	ATR Interacting Protein	34.3	US Patent	5YZ0
C[C@@H]1COCCN1c1cc(-c2ccc(cc2F)N2CCCC2)c2ccnc(-c3ccn[nH]3)c2n1	ATR Interacting Protein	34.3	US Patent	5YZ0
C\C=C\c1cc(nc2c(nccc12)-c1ccn[nH]1)N1CCOCC1	ATR Interacting Protein	34.4	US Patent	5YZ0
C\C=C\c1cc(nc2c(nccc12)-c1ccn[nH]1)N1CCOCC1	ATR Interacting Protein	34.4	US Patent	5YZ0
C[C@@H]1COCCN1c1cc(-c2ccc(Cl)s2)c2ccnc(-c3ccn[nH]3)c2n1	ATR Interacting Protein	34.5	US Patent	5YZ0
C[C@@H]1COCCN1c1cc(-c2ccc(Cl)s2)c2ccnc(-c3ccn[nH]3)c2n1	ATR Interacting Protein	34.5	US Patent	5YZ0
CN(c1ccc(F)cc1)c1cc(nc2c(nccc12)-c1ccn[nH]1)N1CCOCC1	ATR Interacting Protein	34.7	US Patent	5YZ0
CN(c1ccc(F)cc1)c1cc(nc2c(nccc12)-c1ccn[nH]1)N1CCOCC1	ATR Interacting Protein	34.7	US Patent	5YZ0
Cc1cscc1-c1cc(nc2c(nccc12)-c1ccn[nH]1)N1CCOCC1	ATR Interacting Protein	35	US Patent	5YZ0
Cc1cscc1-c1cc(nc2c(nccc12)-c1ccn[nH]1)N1CCOCC1	ATR Interacting Protein	35	US Patent	5YZ0
CS(=O)(=O)C1(CC1)c1cc(nc2c(nccc12)-c1ccn[nH]1)N1CCOCC1	ATR Interacting Protein	35.3	US Patent	5YZ0
CCC(O)(CC)c1cc(nc2c(nccc12)-c1ccn[nH]1)N1CCOC[C@H]1C	ATR Interacting Protein	35.3	US Patent	5YZ0
CS(=O)(=O)C1(CC1)c1cc(nc2c(nccc12)-c1ccn[nH]1)N1CCOCC1	ATR Interacting Protein	35.3	US Patent	5YZ0
CCC(O)(CC)c1cc(nc2c(nccc12)-c1ccn[nH]1)N1CCOC[C@H]1C	ATR Interacting Protein	35.3	US Patent	5YZ0
CC(C)Cn1nccc1-c1cc(nc2c(nccc12)-c1ccn[nH]1)N1CCOC[C@H]1C	ATR Interacting Protein	35.7	US Patent	5YZ0
CC(C)Cn1nccc1-c1cc(nc2c(nccc12)-c1ccn[nH]1)N1CCOC[C@H]1C	ATR Interacting Protein	35.7	US Patent	5YZ0
C[C@@H]1COCCN1c1cc(-c2nnc(C)o2)c2ccnc(-c3ccnn3C3CCCCO3)c2n1	ATR Interacting Protein	35.8	US Patent	5YZ0
C[C@@H]1COCCN1c1cc(-c2nnc(C)o2)c2ccnc(-c3ccnn3C3CCCCO3)c2n1	ATR Interacting Protein	35.8	US Patent	5YZ0
CNc1cc(ccn1)-c1nc(cc(n1)N1CCOC[C@H]1C)N=S(C)(C)=O	ATR Interacting Protein	36	US Patent	5YZ0
CNc1cc(ccn1)-c1nc(cc(n1)N1CCOC[C@H]1C)N=S(C)(C)=O	ATR Interacting Protein	36	US Patent	5YZ0
CNc1cc(ccn1)-c1nc(cc(n1)N1CCOC[C@H]1C)N=S(C)(C)=O	ATR Interacting Protein	36	US Patent	5YZ0
C[C@@H]1COCCN1c1cc(C2=CCN(C)CC2)c2ccnc(-c3ccn[nH]3)c2n1	ATR Interacting Protein	36.5	US Patent	5YZ0
C[C@@H]1COCCN1c1cc(C2=CCN(C)CC2)c2ccnc(-c3ccn[nH]3)c2n1	ATR Interacting Protein	36.5	US Patent	5YZ0
CS(=O)(=O)c1cc(nc2c(nccc12)-c1cc[nH]n1)N1CCOCC1	ATR Interacting Protein	36.7	US Patent	5YZ0
CS(=O)(=O)c1cc(nc2c(nccc12)-c1cc[nH]n1)N1CCOCC1	ATR Interacting Protein	36.7	US Patent	5YZ0
CCOC(=O)N=S(C)(=O)c1ccc(cc1)-c1cc(nc2c(nccc12)-c1ccn[nH]1)N1CCOCC1	ATR Interacting Protein	36.8	US Patent	5YZ0
CCOC(=O)N=S(C)(=O)c1ccc(cc1)-c1cc(nc2c(nccc12)-c1ccn[nH]1)N1CCOCC1	ATR Interacting Protein	36.8	US Patent	5YZ0
C[C@@H]1COCCN1c1cc(-c2ccn(CCO)n2)c2ccnc(-c3ccn[nH]3)c2n1	ATR Interacting Protein	37.2	US Patent	5YZ0
C1CN(CCO1)c1cc(-c2cccc3[nH]ccc23)c2ccnc(-c3ccn[nH]3)c2n1	ATR Interacting Protein	37.2	US Patent	5YZ0
C[C@@H]1COCCN1c1cc(-c2ccn(CCO)n2)c2ccnc(-c3ccn[nH]3)c2n1	ATR Interacting Protein	37.2	US Patent	5YZ0
C1CN(CCO1)c1cc(-c2cccc3[nH]ccc23)c2ccnc(-c3ccn[nH]3)c2n1	ATR Interacting Protein	37.2	US Patent	5YZ0
C[C@@H]1COCCN1c1cc(-c2[nH]nnc2C2CC2)c2ccnc(-c3ccn[nH]3)c2n1	ATR Interacting Protein	37.6	US Patent	5YZ0
C[C@@H]1COCCN1c1cc(-c2[nH]nnc2C2CC2)c2ccnc(-c3ccn[nH]3)c2n1	ATR Interacting Protein	37.6	US Patent	5YZ0
CC(C)Oc1cc(nc2c(nccc12)-c1cc[nH]n1)N1CCOC[C@H]1C	ATR Interacting Protein	38	US Patent	5YZ0
CC(C)Oc1cc(nc2c(nccc12)-c1cc[nH]n1)N1CCOC[C@H]1C	ATR Interacting Protein	38	US Patent	5YZ0
Cc1ccsc1-c1cc(nc2c(nccc12)-c1ccn[nH]1)N1CCOCC1	ATR Interacting Protein	38.1	US Patent	5YZ0
Cc1ccsc1-c1cc(nc2c(nccc12)-c1ccn[nH]1)N1CCOCC1	ATR Interacting Protein	38.1	US Patent	5YZ0
CS(=O)(=O)c1ccc(c(F)c1)-c1cc(nc2c(nccc12)-c1ccn[nH]1)N1CCOCC1	ATR Interacting Protein	38.2	US Patent	5YZ0
CS(=O)(=O)c1ccc(c(F)c1)-c1cc(nc2c(nccc12)-c1ccn[nH]1)N1CCOCC1	ATR Interacting Protein	38.2	US Patent	5YZ0
CS(=N)(=O)c1ccc(cc1)-c1cc(nc2c(nccc12)-c1ccn[nH]1)N1CCOCC1	ATR Interacting Protein	38.3	US Patent	5YZ0
CS(=N)(=O)c1ccc(cc1)-c1cc(nc2c(nccc12)-c1ccn[nH]1)N1CCOCC1	ATR Interacting Protein	38.3	US Patent	5YZ0
CS(=O)(=O)c1ccc(cn1)-c1cc(nc2c(nccc12)-c1ccn[nH]1)N1CCOCC1	ATR Interacting Protein	38.7	US Patent	5YZ0
CS(=O)(=O)c1ccc(cn1)-c1cc(nc2c(nccc12)-c1ccn[nH]1)N1CCOCC1	ATR Interacting Protein	38.7	US Patent	5YZ0
C[C@@H]1COCCN1c1cc(-c2cnc(C)c(C)c2)c2ccnc(-c3ccn[nH]3)c2n1	ATR Interacting Protein	39.1	US Patent	5YZ0
C[C@@H]1COCCN1c1cc(-c2cnc(C)c(C)c2)c2ccnc(-c3ccn[nH]3)c2n1	ATR Interacting Protein	39.1	US Patent	5YZ0
O=S(c1ccccc1)c1cc(nc2c(nccc12)-c1ccn[nH]1)N1CCOCC1	ATR Interacting Protein	40	US Patent	5YZ0
O=S(c1ccccc1)c1cc(nc2c(nccc12)-c1ccn[nH]1)N1CCOCC1	ATR Interacting Protein	40	US Patent	5YZ0
Clc1ccsc1-c1cc(nc2c(nccc12)-c1ccn[nH]1)N1CCOCC1	ATR Interacting Protein	41.5	US Patent	5YZ0
Clc1ccsc1-c1cc(nc2c(nccc12)-c1ccn[nH]1)N1CCOCC1	ATR Interacting Protein	41.5	US Patent	5YZ0
Cc1nn(C)cc1-c1cc(nc2c(nccc12)-c1ccn[nH]1)N1CCOCC1	ATR Interacting Protein	41.6	US Patent	5YZ0
CCCCC(C)(O)c1cc(nc2c(nccc12)-c1ccn[nH]1)N1CCOC[C@H]1C	ATR Interacting Protein	41.6	US Patent	5YZ0
CCS(=O)(=O)N1CCN(CC1)c1cc(nc2c(nccc12)-c1ccn[nH]1)N1CCOCC1	ATR Interacting Protein	41.6	US Patent	5YZ0
C[C@@H]1COCCN1c1cc(-c2cn(C)nc2C)c2ccnc(-c3ccn[nH]3)c2n1	ATR Interacting Protein	41.6	US Patent	5YZ0
CCCCC(C)(O)c1cc(nc2c(nccc12)-c1ccn[nH]1)N1CCOC[C@H]1C	ATR Interacting Protein	41.6	US Patent	5YZ0
CCS(=O)(=O)N1CCN(CC1)c1cc(nc2c(nccc12)-c1ccn[nH]1)N1CCOCC1	ATR Interacting Protein	41.6	US Patent	5YZ0
C[C@@H]1COCCN1c1cc(N=S(C)(=O)c2ccccc2F)c2ccnc(-c3ccn[nH]3)c2n1	ATR Interacting Protein	41.7	US Patent	5YZ0
C[C@@H]1COCCN1c1cc(N=S(C)(=O)c2ccccc2F)c2ccnc(-c3ccn[nH]3)c2n1	ATR Interacting Protein	41.7	US Patent	5YZ0
C[C@@H]1COCCN1c1cc(-c2cnc(C)c(F)c2)c2ccnc(-c3ccn[nH]3)c2n1	ATR Interacting Protein	42	US Patent	5YZ0
C[C@@H]1COCCN1c1cc(-c2cnc(C)c(F)c2)c2ccnc(-c3ccn[nH]3)c2n1	ATR Interacting Protein	42	US Patent	5YZ0
C[C@@H]1COCCN1c1cc(-c2ccn(C)c2)c2ccnc(-c3ccn[nH]3)c2n1	ATR Interacting Protein	42.2	US Patent	5YZ0
C[C@@H]1COCCN1c1cc(-c2cnn(C)c2)c2ccnc(-c3ccn[nH]3)c2n1	ATR Interacting Protein	42.2	US Patent	5YZ0
CC(C)n1cc(cn1)-c1cc(nc2c(nccc12)-c1ccn[nH]1)N1CCOC[C@H]1C	ATR Interacting Protein	42.7	US Patent	5YZ0
CC(C)n1cc(cn1)-c1cc(nc2c(nccc12)-c1ccn[nH]1)N1CCOC[C@H]1C	ATR Interacting Protein	42.7	US Patent	5YZ0
C1CN(CCO1)c1cc(C2=CCOCC2)c2ccnc(-c3cc[nH]n3)c2n1	ATR Interacting Protein	43.5	US Patent	5YZ0
C1CN(CCO1)c1cc(C2=CCOCC2)c2ccnc(-c3cc[nH]n3)c2n1	ATR Interacting Protein	43.5	US Patent	5YZ0
CC(=C)c1cc(nc2c(nccc12)-c1cc[nH]n1)N1CCOCC1	ATR Interacting Protein	43.9	US Patent	5YZ0
CC(=C)c1cc(nc2c(nccc12)-c1cc[nH]n1)N1CCOCC1	ATR Interacting Protein	43.9	US Patent	5YZ0
C[C@@H]1COCCN1c1cc(N=S(C)(C)=O)nc(c1)-n1cnc2cccnc12	ATR Interacting Protein	44	US Patent	5YZ0
C[C@@H]1COCCN1c1cc(c2ccnc(-c3ccn[nH]3)c2n1)P(C)(C)=O	ATR Interacting Protein	44.1	US Patent	5YZ0
CS(=O)(=NC#N)c1ccc(cc1)-c1cc(nc2c(nccc12)-c1ccn[nH]1)N1CCOCC1	ATR Interacting Protein	44.1	US Patent	5YZ0
C[C@@H]1COCCN1c1cc(c2ccnc(-c3ccn[nH]3)c2n1)P(C)(C)=O	ATR Interacting Protein	44.1	US Patent	5YZ0
CS(=O)(=NC#N)c1ccc(cc1)-c1cc(nc2c(nccc12)-c1ccn[nH]1)N1CCOCC1	ATR Interacting Protein	44.1	US Patent	5YZ0
COc1nccc(c1Cl)-c1cc(nc2c(nccc12)-c1ccn[nH]1)N1CCOCC1	ATR Interacting Protein	44.3	US Patent	5YZ0
COc1nccc(c1Cl)-c1cc(nc2c(nccc12)-c1ccn[nH]1)N1CCOCC1	ATR Interacting Protein	44.3	US Patent	5YZ0
CN(C)c1ccccc1-c1cc(nc2c(nccc12)-c1ccn[nH]1)N1CCOCC1	ATR Interacting Protein	44.4	US Patent	5YZ0
CN(C)c1ccccc1-c1cc(nc2c(nccc12)-c1ccn[nH]1)N1CCOCC1	ATR Interacting Protein	44.4	US Patent	5YZ0
C[C@@H]1COCCN1c1cc(-c2cnn(c2)C2CC2)c2ccnc(-c3ccn[nH]3)c2n1	ATR Interacting Protein	44.8	US Patent	5YZ0
OCC1CCN(CC1)c1cc(nc2c(nccc12)-c1ccn[nH]1)N1CCOCC1	ATR Interacting Protein	44.8	US Patent	5YZ0
C[C@@H]1COCCN1c1cc(-c2cnn(c2)C2CC2)c2ccnc(-c3ccn[nH]3)c2n1	ATR Interacting Protein	44.8	US Patent	5YZ0
OCC1CCN(CC1)c1cc(nc2c(nccc12)-c1ccn[nH]1)N1CCOCC1	ATR Interacting Protein	44.8	US Patent	5YZ0
C[C@@H]1COCCN1c1cc(N=S(C)(C)=O)nc(n1)-n1c(nc2ccccc12)C(F)(F)F	ATR Interacting Protein	45	US Patent	5YZ0
C[C@@H]1COCCN1c1cc(N=S(C)(C)=O)nc(n1)-n1c(nc2ccccc12)C(F)(F)F	ATR Interacting Protein	45	US Patent	5YZ0
C[C@@H]1COCCN1c1cc(N=S(C)(C)=O)nc(n1)-n1c(nc2ccccc12)C(F)(F)F	ATR Interacting Protein	45	US Patent	5YZ0
C[C@@H]1COCCN1c1cc(-c2cccc(c2)S(C)(=N)=O)c2ccnc(-c3ccn[nH]3)c2n1	ATR Interacting Protein	45.1	US Patent	5YZ0
C[C@@H]1COCCN1c1cc(-c2cccc(c2)S(C)(=N)=O)c2ccnc(-c3ccn[nH]3)c2n1	ATR Interacting Protein	45.1	US Patent	5YZ0
C[C@@H]1COCCN1c1cc(-c2cnc(c(F)c2)S(C)(=O)=O)c2ccnc(-c3ccn[nH]3)c2n1	ATR Interacting Protein	45.4	US Patent	5YZ0
C[C@@H]1COCCN1c1cc(-c2cnc(c(F)c2)S(C)(=O)=O)c2ccnc(-c3ccn[nH]3)c2n1	ATR Interacting Protein	45.4	US Patent	5YZ0
OCc1ccc(s1)-c1cc(nc2c(nccc12)-c1ccn[nH]1)N1CCOCC1	ATR Interacting Protein	46.4	US Patent	5YZ0
OCc1ccc(s1)-c1cc(nc2c(cccc12)-c1ccn[nH]1)N1CCOCC1	ATR Interacting Protein	46.4	US Patent	5YZ0
O=S1(CCCCC1)=Nc1cc(nc2c(nccc12)-c1ccn[nH]1)N1CCOCC1	ATR Interacting Protein	46.8	US Patent	5YZ0
CN(C)c1cccc(c1)-c1cc(nc2c(nccc12)-c1ccn[nH]1)N1CCOCC1	ATR Interacting Protein	46.8	US Patent	5YZ0
O=S1(CCCCC1)=Nc1cc(nc2c(nccc12)-c1ccn[nH]1)N1CCOCC1	ATR Interacting Protein	46.8	US Patent	5YZ0
CN(C)c1cccc(c1)-c1cc(nc2c(nccc12)-c1ccn[nH]1)N1CCOCC1	ATR Interacting Protein	46.8	US Patent	5YZ0
CS(C)(=O)=Nc1cc(nc(n1)-c1ccnc2[nH]ccc12)N1CCOC[C@H]1C(F)F	ATR Interacting Protein	47	US Patent	5YZ0
CS(C)(=O)=Nc1cc(nc(n1)-c1ccnc2[nH]ccc12)N1CCOC[C@H]1C(F)F	ATR Interacting Protein	47	US Patent	5YZ0
C[C@@H]1COCCN1c1cc(nc(n1)-c1ccnc2[nH]ccc12)C1CCCN(C)C1=O	ATR Interacting Protein	47	US Patent	5YZ0
CS(C)(=O)=Nc1cc(nc(n1)-c1ccnc2[nH]ccc12)N1CCOC[C@H]1C(F)F	ATR Interacting Protein	47	US Patent	5YZ0
CCS(=N)(=O)c1ccc(cc1)-c1cc(nc2c(nccc12)-c1ccn[nH]1)N1CCOCC1	ATR Interacting Protein	47.2	US Patent	5YZ0
CCS(=N)(=O)c1ccc(cc1)-c1cc(nc2c(nccc12)-c1ccn[nH]1)N1CCOCC1	ATR Interacting Protein	47.2	US Patent	5YZ0
C[C@@H]1COCCN1c1cc(nc2c(nccc12)-c1ccn[nH]1)N1CCOCC1	ATR Interacting Protein	47.9	US Patent	5YZ0
C[C@@H]1COCCN1c1cc(N2CCOC[C@H]2C)c2ccnc(-c3ccn[nH]3)c2n1	ATR Interacting Protein	47.9	US Patent	5YZ0
C[C@@H]1COCCN1c1cc(N=[S@](C)(=O)C2CC2)nc(n1)-c1ccnc(N)c1	ATR Interacting Protein	48	US Patent	5YZ0
C[C@@H]1COCCN1c1cc(N=[S@](C)(=O)C2CC2)nc(n1)-c1ccnc(N)c1	ATR Interacting Protein	48	US Patent	5YZ0
C[C@@H]1COCCN1c1cc(nc(n1)-c1ccnc2[nH]ccc12)C1CCN(C)C1=O	ATR Interacting Protein	48	US Patent	5YZ0
COc1cc(-c2cc(cc(N=S(C)(C)=O)n2)N2CCOC[C@H]2C)c2cc[nH]c2n1	ATR Interacting Protein	48	US Patent	5YZ0
C[C@@H]1COCCN1c1cc(N=[S@](C)(=O)C2CC2)nc(n1)-c1ccnc(N)c1	ATR Interacting Protein	48	US Patent	5YZ0
C[C@@H]1COCCN1c1cc(-c2[nH]ncc2C)c2ccnc(-c3ccn[nH]3)c2n1	ATR Interacting Protein	48.4	US Patent	5YZ0
C[C@@H]1COCCN1c1cc(-c2[nH]ncc2C)c2ccnc(-c3ccn[nH]3)c2n1	ATR Interacting Protein	48.4	US Patent	5YZ0
C[C@@H]1COCCN1c1cc(-c2ccn[nH]2)c2ccnc(-c3ccn[nH]3)c2n1	ATR Interacting Protein	49.3	US Patent	5YZ0
C[C@@H]1COCCN1c1cc(-c2ccn[nH]2)c2ccnc(-c3ccn[nH]3)c2n1	ATR Interacting Protein	49.3	US Patent	5YZ0
C[C@@H]1COCCN1c1cc(N=S(C)(C)=O)nc(n1)-n1c(C)nc2ncccc12	ATR Interacting Protein	50	US Patent	5YZ0
C[C@@H]1COCCN1c1cc(N=S(C)(C)=O)nc(n1)-n1c(C)nc2ncccc12	ATR Interacting Protein	50	US Patent	5YZ0
C[C@@H]1COCCN1c1cc(N=S(C)(C)=O)nc(n1)-n1c(C)nc2ncccc12	ATR Interacting Protein	50	US Patent	5YZ0
COc1ccc(Sc2cc(nc3c(nccc23)-c2ccn[nH]2)N2CCOC[C@H]2C)cc1	ATR Interacting Protein	50.2	US Patent	5YZ0
COc1ccc(Sc2cc(nc3c(nccc23)-c2ccn[nH]2)N2CCOC[C@H]2C)cc1	ATR Interacting Protein	50.2	US Patent	5YZ0
C[C@@H]1COCCN1c1cc(-c2cc(ccc2F)S(C)(=O)=O)c2ccnc(-c3ccn[nH]3)c2n1	ATR Interacting Protein	50.3	US Patent	5YZ0
C[C@@H]1COCCN1c1cc(-c2cc(ccc2F)S(C)(=O)=O)c2ccnc(-c3ccn[nH]3)c2n1	ATR Interacting Protein	50.3	US Patent	5YZ0
C[C@@H]1Cc2ncnc(C3CCN(CC3)S(C)(=O)=O)c2CN1c1ccnc2[nH]c(C)cc12	ATR Interacting Protein	51	US Patent	5YZ0
C[C@@H]1Cc2ncnc(C3CCN(CC3)S(C)(=O)=O)c2CN1c1ccnc2[nH]c(C)cc12	ATR Interacting Protein	51	US Patent	5YZ0
CC(C)S(=O)(=O)c1ccc(cc1)-c1cc(nc2c(nccc12)-c1ccn[nH]1)N1CCOC[C@H]1C	ATR Interacting Protein	51.2	US Patent	5YZ0
CC(C)S(=O)(=O)c1ccc(cc1)-c1cc(nc2c(nccc12)-c1ccn[nH]1)N1CCOC[C@H]1C	ATR Interacting Protein	51.2	US Patent	5YZ0
C[C@@H]1COCCN1c1cc(-c2cccc(F)n2)c2ccnc(-c3ccn[nH]3)c2n1	ATR Interacting Protein	51.8	US Patent	5YZ0
C[C@@H]1COCCN1c1cc(-c2cccc(F)n2)c2ccnc(-c3ccn[nH]3)c2n1	ATR Interacting Protein	51.8	US Patent	5YZ0
C[C@@H]1COCCN1c1cc(nc(n1)-c1cc(Cl)nc2[nH]ccc12)N1CCCN(C)S1(=O)=O	ATR Interacting Protein	52	US Patent	5YZ0
Cc1cc(cnc1F)-c1cc(nc2c(nccc12)-c1ccn[nH]1)N1CCOCC1	ATR Interacting Protein	52.1	US Patent	5YZ0
Fc1ccc(c(F)n1)-c1cc(nc2c(nccc12)-c1ccn[nH]1)N1CCOCC1	ATR Interacting Protein	52.1	US Patent	5YZ0
Cc1cc(cnc1F)-c1cc(nc2c(nccc12)-c1ccn[nH]1)N1CCOCC1	ATR Interacting Protein	52.1	US Patent	5YZ0
Fc1ccc(c(F)n1)-c1cc(nc2c(nccc12)-c1ccn[nH]1)N1CCOCC1	ATR Interacting Protein	52.1	US Patent	5YZ0
Cc1ccc(c(Cl)n1)-c1cc(nc2c(nccc12)-c1ccn[nH]1)N1CCOCC1	ATR Interacting Protein	52.2	US Patent	5YZ0
Cc1ccc(c(Cl)n1)-c1cc(nc2c(nccc12)-c1ccn[nH]1)N1CCOCC1	ATR Interacting Protein	52.2	US Patent	5YZ0
Clc1ccc(cc1)-c1cc(nc2c(nccc12)-c1ccn[nH]1)N1CCOCC1	ATR Interacting Protein	53.2	US Patent	5YZ0
Clc1ccc(cc1)-c1cc(nc2c(nccc12)-c1ccn[nH]1)N1CCOCC1	ATR Interacting Protein	53.2	US Patent	5YZ0
COc1ccc(Sc2cc(nc3c(nccc23)-c2ccn[nH]2)N2CCOCC2)cc1	ATR Interacting Protein	53.5	US Patent	5YZ0
Clc1ccc(cn1)-c1cc(nc2c(nccc12)-c1ccn[nH]1)N1CCOCC1	ATR Interacting Protein	53.5	US Patent	5YZ0
COc1ccc(Sc2cc(nc3c(nccc23)-c2ccn[nH]2)N2CCOCC2)cc1	ATR Interacting Protein	53.5	US Patent	5YZ0
Clc1ccc(cn1)-c1cc(nc2c(nccc12)-c1ccn[nH]1)N1CCOCC1	ATR Interacting Protein	53.5	US Patent	5YZ0
CCn1cnc(c1)-c1cc(nc2c(nccc12)-c1ccn[nH]1)N1CCOC[C@H]1C	ATR Interacting Protein	54.7	US Patent	5YZ0
CCn1cnc(c1)-c1cc(nc2c(nccc12)-c1ccn[nH]1)N1CCOC[C@H]1C	ATR Interacting Protein	54.7	US Patent	5YZ0
C[C@@H]1COCCN1c1cc(N=S(C)(C)=O)nc(n1)-c1c(C)nn2ccccc12	ATR Interacting Protein	55	US Patent	5YZ0
C[C@@H]1COCCN1c1cc(N2CCCC2C(N)=O)c2ccnc(-c3ccn[nH]3)c2n1	ATR Interacting Protein	55	US Patent	5YZ0
C[C@@H]1COCCN1c1cc(N=S(C)(C)=O)nc(n1)-c1c(C)nn2ccccc12	ATR Interacting Protein	55	US Patent	5YZ0
C[C@@H]1COCCN1c1cc(N2CCCC2C(N)=O)c2ccnc(-c3ccn[nH]3)c2n1	ATR Interacting Protein	55	US Patent	5YZ0
C[C@@H]1COCCN1c1cc(N=S(C)(C)=O)nc(n1)-c1c(C)nn2ccccc12	ATR Interacting Protein	55	US Patent	5YZ0
Clc1ccc(s1)-c1cc(nc2c(nccc12)-c1ccn[nH]1)N1CCOCC1	ATR Interacting Protein	55.2	US Patent	5YZ0
Clc1ccc(s1)-c1cc(nc2c(nccc12)-c1ccn[nH]1)N1CCOCC1	ATR Interacting Protein	55.2	US Patent	5YZ0
Cn1nccc1-c1cc(nc2c(nccc12)-c1ccn[nH]1)N1CCOCC1	ATR Interacting Protein	55.3	US Patent	5YZ0
Cn1nccc1-c1cc(nc2c(nccc12)-c1ccn[nH]1)N1CCOCC1	ATR Interacting Protein	55.3	US Patent	5YZ0
C1CN(CCO1)c1cc(-c2ccccc2-c2ccccc2)c2ccnc(-c3ccn[nH]3)c2n1	ATR Interacting Protein	55.6	US Patent	5YZ0
C1CN(CCO1)c1cc(-c2ccccc2-c2ccccc2)c2ccnc(-c3ccn[nH]3)c2n1	ATR Interacting Protein	55.6	US Patent	5YZ0
C[C@@H]1COCCN1c1cc(-c2cnn(c2)C(F)F)c2ccnc(-c3ccn[nH]3)c2n1	ATR Interacting Protein	56.2	US Patent	5YZ0
C[C@@H]1COCCN1c1cc(-c2cnn(c2)C(F)F)c2ccnc(-c3ccn[nH]3)c2n1	ATR Interacting Protein	56.2	US Patent	5YZ0
Clc1cnccc1-c1cc(nc2c(nccc12)-c1ccn[nH]1)N1CCOCC1	ATR Interacting Protein	56.4	US Patent	5YZ0
Clc1cnccc1-c1cc(nc2c(nccc12)-c1ccn[nH]1)N1CCOCC1	ATR Interacting Protein	56.4	US Patent	5YZ0
CS(=O)(=O)c1ccc(cn1)-c1cc(nc2c(nccc12)-c1ccn[nH]1)N1CCOCC1	ATR Interacting Protein	56.9	US Patent	5YZ0
CS(=O)(=O)c1ccc(cn1)-c1cc(nc2c(nccc12)-c1ccn[nH]1)N1CCOCC1	ATR Interacting Protein	56.9	US Patent	5YZ0
Clc1cccc(c1)-c1cc(nc2c(nccc12)-c1ccn[nH]1)N1CCOCC1	ATR Interacting Protein	57.2	US Patent	5YZ0
Clc1cccc(c1)-c1cc(nc2c(nccc12)-c1ccn[nH]1)N1CCOCC1	ATR Interacting Protein	57.2	US Patent	5YZ0
Cc1ccc(C)c(c1)-c1cc(nc2c(nccc12)-c1ccn[nH]1)N1CCOCC1	ATR Interacting Protein	58.1	US Patent	5YZ0
Cc1ccc(C)c(c1)-c1cc(nc2c(nccc12)-c1ccn[nH]1)N1CCOCC1	ATR Interacting Protein	58.1	US Patent	5YZ0
CS(=O)(=O)c1ccc(cc1)-c1cc(nc2c(nccc12)-c1cc[nH]n1)N1CCOCC1	ATR Interacting Protein	58.7	US Patent	5YZ0
CS(=O)(=O)c1ccc(cc1)-c1cc(nc2c(nccc12)-c1cc[nH]n1)N1CCOCC1	ATR Interacting Protein	58.7	US Patent	5YZ0
C[C@@H]1COCCN1c1cc(-c2cnn(c2)C(C)(C)C)c2ccnc(-c3ccn[nH]3)c2n1	ATR Interacting Protein	58.8	US Patent	5YZ0
C[C@@H]1COCCN1c1cc(-c2cnn(c2)C(C)(C)C)c2ccnc(-c3ccn[nH]3)c2n1	ATR Interacting Protein	58.8	US Patent	5YZ0
C[C@@H]1COCCN1c1cc(N=S(C)(C)=O)nc(n1)-c1ncnc2[nH]ccc12	ATR Interacting Protein	59	US Patent	5YZ0
C[C@@H]1COCCN1c1cc(N=S(C)(C)=O)nc(n1)-c1ncnc2[nH]ccc12	ATR Interacting Protein	59	US Patent	5YZ0
C[C@@H]1COCCN1c1cc(N=S(C)(C)=O)nc(n1)-c1ncnc2[nH]ccc12	ATR Interacting Protein	59	US Patent	5YZ0
Fc1cccc(c1)-c1cc(nc2c(nccc12)-c1ccn[nH]1)N1CCOCC1	ATR Interacting Protein	59.2	US Patent	5YZ0
Fc1cccc(c1)-c1cc(nc2c(nccc12)-c1ccn[nH]1)N1CCOCC1	ATR Interacting Protein	59.2	US Patent	5YZ0
CS(=O)(=O)C1(CC1)c1cc(nc2c(nccc12)-c1ccn[nH]1)N1CCOCC1	ATR Interacting Protein	60.1	US Patent	5YZ0
CS(=O)(=O)C1(CC1)c1cc(nc2c(nccc12)-c1ccn[nH]1)N1CCOCC1	ATR Interacting Protein	60.1	US Patent	5YZ0
COC1CCN(CC1)c1cc(nc2c(nccc12)-c1ccn[nH]1)N1CCOCC1	ATR Interacting Protein	61.3	US Patent	5YZ0
COC1CCN(CC1)c1cc(nc2c(nccc12)-c1ccn[nH]1)N1CCOCC1	ATR Interacting Protein	61.3	US Patent	5YZ0
C1CN(CCO1)c1cc(C2=CCOCC2)c2ccnc(-c3cc[nH]n3)c2n1	ATR Interacting Protein	61.7	US Patent	5YZ0
C1CN(CCO1)c1cc(C2=CCOCC2)c2ccnc(-c3cc[nH]n3)c2n1	ATR Interacting Protein	61.7	US Patent	5YZ0
C[C@@H]1COCCN1c1nc(nc2c1OC1CC2(C1)S(C)(=O)=O)-c1c(N)ncc2[nH]ccc12	ATR Interacting Protein	62	ChEMBL	5YZ0
C[C@@H]1COCCN1c1cc(-c2ccn(CC(C)(C)O)n2)c2ccnc(-c3ccn[nH]3)c2n1	ATR Interacting Protein	62.6	US Patent	5YZ0
C[C@@H]1COCCN1c1cc(-c2ccn(CC(C)(C)O)n2)c2ccnc(-c3ccn[nH]3)c2n1	ATR Interacting Protein	62.6	US Patent	5YZ0
COCCS(C)(=O)=Nc1cc(nc2c(nccc12)-c1ccn[nH]1)N1CCOC[C@H]1C	ATR Interacting Protein	62.7	US Patent	5YZ0
COCCS(C)(=O)=Nc1cc(nc2c(nccc12)-c1ccn[nH]1)N1CCOC[C@H]1C	ATR Interacting Protein	62.7	US Patent	5YZ0
C[C@@H]1COCCN1c1cc(N=S(C)(C)=O)nc(n1)-c1cnc(N)nc1	ATR Interacting Protein	63	US Patent	5YZ0
C[C@@H]1COCCN1c1cc(N=S(C)(C)=O)nc(n1)-c1cnc(N)nc1	ATR Interacting Protein	63	US Patent	5YZ0
C[C@@H]1COCCN1c1cc(N=S(C)(C)=O)nc(n1)-c1cnc(N)nc1	ATR Interacting Protein	63	US Patent	5YZ0
C[C@@H]1COCCN1c1cc(-c2cccnc2N)c2ccnc(-c3ccn[nH]3)c2n1	ATR Interacting Protein	63.3	US Patent	5YZ0
C[C@@H]1COCCN1c1cc(-c2cccnc2N)c2ccnc(-c3ccn[nH]3)c2n1	ATR Interacting Protein	63.3	US Patent	5YZ0
COc1cc(nc2c(nccc12)-c1cc[nH]n1)N1CCOC[C@H]1C	ATR Interacting Protein	63.5	US Patent	5YZ0
COc1cc(nc2c(nccc12)-c1cc[nH]n1)N1CCOC[C@H]1C	ATR Interacting Protein	63.5	US Patent	5YZ0
CN=S(C)(=O)c1ccc(cc1)-c1cc(nc2c(nccc12)-c1ccn[nH]1)N1CCOCC1	ATR Interacting Protein	64.3	US Patent	5YZ0
CN=S(C)(=O)c1ccc(cc1)-c1cc(nc2c(nccc12)-c1ccn[nH]1)N1CCOCC1	ATR Interacting Protein	64.3	US Patent	5YZ0
C1CCN(CC1)c1cc(nc2c(nccc12)-c1ccn[nH]1)N1CCOCC1	ATR Interacting Protein	65.1	US Patent	5YZ0
CN(C1CC1)c1cc(nc2c(nccc12)-c1ccn[nH]1)N1CCOCC1	ATR Interacting Protein	65.1	US Patent	5YZ0
C1CCN(CC1)c1cc(nc2c(nccc12)-c1ccn[nH]1)N1CCOCC1	ATR Interacting Protein	65.1	US Patent	5YZ0
CN(C1CC1)c1cc(nc2c(nccc12)-c1ccn[nH]1)N1CCOCC1	ATR Interacting Protein	65.1	US Patent	5YZ0
C[C@@H]1Cc2ncnc(C3=CC4CCC(C3)N4S(C)(=O)=O)c2CN1c1cc(Cl)nc2[nH]ccc12	ATR Interacting Protein	66	US Patent	5YZ0
C[C@@H]1Cc2ncnc(C3=CC4CCC(C3)N4S(C)(=O)=O)c2CN1c1cc(Cl)nc2[nH]ccc12	ATR Interacting Protein	66	US Patent	5YZ0
Nc1cccc(c1)-c1cc(nc2c(nccc12)-c1ccn[nH]1)N1CCOCC1	ATR Interacting Protein	66.2	US Patent	5YZ0
Nc1cccc(c1)-c1cc(nc2c(nccc12)-c1ccn[nH]1)N1CCOCC1	ATR Interacting Protein	66.2	US Patent	5YZ0
COc1cccc(c1F)-c1cc(nc2c(nccc12)-c1ccn[nH]1)N1CCOCC1	ATR Interacting Protein	66.5	US Patent	5YZ0
COc1cccc(c1F)-c1cc(nc2c(nccc12)-c1ccn[nH]1)N1CCOCC1	ATR Interacting Protein	66.5	US Patent	5YZ0
C[C@@H]1COCCN1c1cc(N=S(C)(C)=O)nc(n1)-c1cc(nc2[nH]ccc12)C#N	ATR Interacting Protein	67	US Patent	5YZ0
C[C@@H]1COCCN1c1cc(N=S(C)(C)=O)nc(n1)-c1cc(nc2[nH]ccc12)C#N	ATR Interacting Protein	67	US Patent	5YZ0
C[C@@H]1COCCN1c1cc(N=S(C)(C)=O)nc(n1)-c1cc(nc2[nH]ccc12)C#N	ATR Interacting Protein	67	US Patent	5YZ0
CSCc1cc(nc2c(nccc12)-c1ccnn1COCC[Si](C)(C)C)N1CCOC[C@H]1C	ATR Interacting Protein	67.4	US Patent	5YZ0
CSCc1cc(nc2c(nccc12)-c1ccn[nH]1)N1CCOC[C@H]1C	ATR Interacting Protein	67.4	US Patent	5YZ0
Fc1ccc(cc1)-c1cc(nc2c(nccc12)-c1ccn[nH]1)N1CCOCC1	ATR Interacting Protein	67.9	US Patent	5YZ0
Fc1ccc(cc1)-c1cc(nc2c(nccc12)-c1ccn[nH]1)N1CCOCC1	ATR Interacting Protein	67.9	US Patent	5YZ0
C[C@@H]1COCCN1c1cc(-c2ccn(n2)C2CCOCC2)c2ccnc(-c3ccn[nH]3)c2n1	ATR Interacting Protein	68	US Patent	5YZ0
C[C@@H]1COCCN1c1cc(-c2ccn(n2)C2CCOCC2)c2ccnc(-c3ccn[nH]3)c2n1	ATR Interacting Protein	68	US Patent	5YZ0
COc1ccc(c(OC)c1)-c1cc(nc2c(nccc12)-c1ccn[nH]1)N1CCOCC1	ATR Interacting Protein	68.1	US Patent	5YZ0
COc1ccc(c(OC)c1)-c1cc(nc2c(nccc12)-c1ccn[nH]1)N1CCOCC1	ATR Interacting Protein	68.1	US Patent	5YZ0
Cc1cc(ncc1-c1cc(nc2c(nccc12)-c1ccn[nH]1)N1CCOCC1)S(C)(=O)=O	ATR Interacting Protein	68.6	US Patent	5YZ0
Cc1cc(ncc1-c1cc(nc2c(nccc12)-c1ccn[nH]1)N1CCOCC1)S(C)(=O)=O	ATR Interacting Protein	68.6	US Patent	5YZ0
CS(=O)(=O)c1ccccc1-c1cc(nc2c(nccc12)-c1cc[nH]n1)N1CCOCC1	ATR Interacting Protein	69.2	US Patent	5YZ0
CS(=O)(=O)c1ccccc1-c1cc(nc2c(nccc12)-c1cc[nH]n1)N1CCOCC1	ATR Interacting Protein	69.2	US Patent	5YZ0
Cc1noc(C)c1-c1cc(nc2c(nccc12)-c1ccn[nH]1)N1CCOCC1	ATR Interacting Protein	69.8	US Patent	5YZ0
NC(=O)C1CCCN1c1cc(nc2c(nccc12)-c1ccn[nH]1)N1CCOCC1	ATR Interacting Protein	69.8	US Patent	5YZ0
Cc1noc(C)c1-c1cc(nc2c(nccc12)-c1ccn[nH]1)N1CCOCC1	ATR Interacting Protein	69.8	US Patent	5YZ0
NC(=O)C1CCCN1c1cc(nc2c(nccc12)-c1ccn[nH]1)N1CCOCC1	ATR Interacting Protein	69.8	US Patent	5YZ0
COc1cc(cc(N)n1)-c1nc(cc(n1)N1CCOC[C@H]1C)N=[S@](C)(=O)C1CC1	ATR Interacting Protein	71	US Patent	5YZ0
COc1cc(cc(N)n1)-c1nc(cc(n1)N1CCOC[C@H]1C)N=[S@](C)(=O)C1CC1	ATR Interacting Protein	71	US Patent	5YZ0
COc1cc(cc(N)n1)-c1nc(cc(n1)N1CCOC[C@H]1C)N=[S@@](C)(=O)C1CC1	ATR Interacting Protein	71	US Patent	5YZ0
CCS(=O)c1cc(nc2c(nccc12)-c1ccn[nH]1)N1CCOCC1	ATR Interacting Protein	71.4	US Patent	5YZ0
CCS(=O)c1cc(nc2c(nccc12)-c1ccn[nH]1)N1CCOCC1	ATR Interacting Protein	71.4	US Patent	5YZ0
C[C@@H]1COCCN1c1cc(N=S(C)(=O)C2CC2)nc(n1)-c1cc(N)nc(Cl)c1	ATR Interacting Protein	72	US Patent	5YZ0
C[C@@H]1COCCN1c1cc(N=S(C)(=O)C2CC2)nc(n1)-c1cc(N)nc(Cl)c1	ATR Interacting Protein	72	US Patent	5YZ0
C[C@@H]1COCCN1c1cc(nc(n1)-c1cc(Cl)nc2[nH]ccc12)[C@@H]1CCCS1(=O)=O	ATR Interacting Protein	72	US Patent	5YZ0
C[C@@H]1COCCN1c1cc(N=S(C)(=O)C2CC2)nc(n1)-c1cc(N)nc(Cl)c1	ATR Interacting Protein	72	US Patent	5YZ0
C[C@@H]1COCCN1c1cc(OCCCS(C)(=O)=O)c2ccnc(-c3ccn[nH]3)c2n1	ATR Interacting Protein	72.4	US Patent	5YZ0
C[C@@H]1COCCN1c1cc(OCCCS(C)(=O)=O)c2ccnc(-c3ccn[nH]3)c2n1	ATR Interacting Protein	72.4	US Patent	5YZ0
CC(C)S(=O)c1cc(nc2c(nccc12)-c1ccn[nH]1)N1CCOCC1	ATR Interacting Protein	72.6	US Patent	5YZ0
CC(C)S(=O)c1cc(nc2c(nccc12)-c1ccn[nH]1)N1CCOCC1	ATR Interacting Protein	72.6	US Patent	5YZ0
C[C@@H]1Cc2ncnc(N3CCC[C@@H](C3)NS(C)(=O)=O)c2CN1c1cc(Cl)nc2[nH]ccc12	ATR Interacting Protein	73	US Patent	5YZ0
C[C@@H]1COCCN1c1cc(N=S(C)(C)=O)nc(n1)-c1cccc(O)c1	ATR Interacting Protein	73	US Patent	5YZ0
C[C@@H]1Cc2ncnc(N3CCC[C@@H](C3)NS(C)(=O)=O)c2CN1c1cc(Cl)nc2[nH]ccc12	ATR Interacting Protein	73	US Patent	5YZ0
C[C@@H]1COCCN1c1cc(N=S(C)(C)=O)nc(n1)-c1cccc(O)c1	ATR Interacting Protein	73	US Patent	5YZ0
C[C@@H]1COCCN1c1cc(N=S(C)(C)=O)nc(n1)-c1cccc(O)c1	ATR Interacting Protein	73	US Patent	5YZ0
Oc1ccc(cc1)-c1cc(nc2c(nccc12)-c1ccn[nH]1)N1CCOCC1	ATR Interacting Protein	73.2	US Patent	5YZ0
Oc1ccc(cc1)-c1cc(nc2c(nccc12)-c1ccn[nH]1)N1CCOCC1	ATR Interacting Protein	73.2	US Patent	5YZ0
C[C@@H]1COCCN1c1cc(-c2cnn(c2)-c2ccccc2)c2ccnc(-c3ccn[nH]3)c2n1	ATR Interacting Protein	74.6	US Patent	5YZ0
C[C@@H]1COCCN1c1cc(-c2cnn(c2)-c2ccccc2)c2ccnc(-c3ccn[nH]3)c2n1	ATR Interacting Protein	74.6	US Patent	5YZ0
C[C@@H]1Cc2ncnc(C3CCN(CC3)S(C)(=O)=O)c2CN1c1cc(OC2CCC2)nc2[nH]ccc12	ATR Interacting Protein	75	US Patent	5YZ0
C[C@@H]1Cc2ncnc(C3CCN(CC3)S(C)(=O)=O)c2CN1c1cc(OC2CCC2)nc2[nH]ccc12	ATR Interacting Protein	75	US Patent	5YZ0
C1CC1c1cc(nc2c(nccc12)-c1cc[nH]n1)N1CCOCC1	ATR Interacting Protein	75.1	US Patent	5YZ0
CC(C)S(=N)(=O)c1ccc(cc1)-c1cc(nc2c(nccc12)-c1ccn[nH]1)N1CCOCC1	ATR Interacting Protein	75.1	US Patent	5YZ0
CCOP(=O)(CC(C)C)c1cc(nc2c(nccc12)-c1ccn[nH]1)N1CCOC[C@H]1C	ATR Interacting Protein	75.1	US Patent	5YZ0
C1CC1c1cc(nc2c(nccc12)-c1cc[nH]n1)N1CCOCC1	ATR Interacting Protein	75.1	US Patent	5YZ0
CC(C)S(=N)(=O)c1ccc(cc1)-c1cc(nc2c(nccc12)-c1ccn[nH]1)N1CCOCC1	ATR Interacting Protein	75.1	US Patent	5YZ0
CCOP(=O)(CC(C)C)c1cc(nc2c(nccc12)-c1ccn[nH]1)N1CCOC[C@H]1C	ATR Interacting Protein	75.1	US Patent	5YZ0
C[C@@H]1COCCN1c1cc(C#N)c2ccnc(-c3ccn[nH]3)c2n1	ATR Interacting Protein	75.5	US Patent	5YZ0
COc1cnccc1-c1cc(nc2c(nccc12)-c1ccn[nH]1)N1CCOC[C@H]1C	ATR Interacting Protein	75.5	US Patent	5YZ0
C[C@@H]1COCCN1c1cc(C#N)c2ccnc(-c3ccn[nH]3)c2n1	ATR Interacting Protein	75.5	US Patent	5YZ0
C[C@@H]1COCCN1c1cc2c3ccncc3oc3cnc(-c4ccn[nH]4)c(n1)c23	ATR Interacting Protein	75.5	US Patent	5YZ0
C[C@@H]1COCCN1c1cc(N=[S@](C)(=O)c2ccccc2F)c2ccnc(-c3ccn[nH]3)c2n1	ATR Interacting Protein	76.5	US Patent	5YZ0
C[C@@H]1COCCN1c1cc(N=[S@](C)(=O)c2ccccc2F)c2ccnc(-c3ccn[nH]3)c2n1	ATR Interacting Protein	76.5	US Patent	5YZ0
NC(=O)c1ccc(cc1)-c1cc(nc2c(nccc12)-c1ccn[nH]1)N1CCOCC1	ATR Interacting Protein	76.8	US Patent	5YZ0
NC(=O)c1ccc(cc1)-c1cc(nc2c(nccc12)-c1ccn[nH]1)N1CCOCC1	ATR Interacting Protein	76.8	US Patent	5YZ0
C[C@@H]1COCCN1c1cc(N=S(C)(C)=O)nc(n1)-c1ccnc2[nH]ncc12	ATR Interacting Protein	77	US Patent	5YZ0
C[C@@H]1COCCN1c1cc(N=S(C)(C)=O)nc(n1)-c1ccnc2[nH]ncc12	ATR Interacting Protein	77	US Patent	5YZ0
C[C@@H]1COCCN1c1cc(N=S(C)(C)=O)nc(n1)-c1ccnc2[nH]ncc12	ATR Interacting Protein	77	US Patent	5YZ0
CN(C)C(=O)c1ccc(cc1)-c1cc(nc2c(nccc12)-c1ccn[nH]1)N1CCOCC1	ATR Interacting Protein	77.7	US Patent	5YZ0
CN(C)C(=O)c1ccc(cc1)-c1cc(nc2c(nccc12)-c1ccn[nH]1)N1CCOCC1	ATR Interacting Protein	77.7	US Patent	5YZ0
C[C@@H]1COCCN1c1cc(N=S(C)(=O)c2ccc(Br)cc2)c2ccnc(-c3ccn[nH]3)c2n1	ATR Interacting Protein	78.2	US Patent	5YZ0
C[C@@H]1COCCN1c1cc(N=S(C)(=O)c2ccc(Br)cc2)c2ccnc(-c3ccn[nH]3)c2n1	ATR Interacting Protein	78.2	US Patent	5YZ0
CS(=O)c1cc(nc2c(nccc12)-c1ccn[nH]1)N1CCOCC1	ATR Interacting Protein	78.3	US Patent	5YZ0
CS(=O)c1cc(nc2c(nccc12)-c1ccn[nH]1)N1CCOCC1	ATR Interacting Protein	78.3	US Patent	5YZ0
C[C@@H]1COCCN1c1cc(OCCCCNC(=O)OC(C)(C)C)c2ccnc(-c3ccn[nH]3)c2n1	ATR Interacting Protein	78.9	US Patent	5YZ0
C[C@@H]1COCCN1c1cc(OCCCCNC(=O)OC(C)(C)C)c2ccnc(-c3ccn[nH]3)c2n1	ATR Interacting Protein	78.9	US Patent	5YZ0
Cc1ccc(cn1)-c1cc(nc2c(nccc12)-c1ccn[nH]1)N1CCOCC1	ATR Interacting Protein	79.1	US Patent	5YZ0
Cc1ccc(cn1)-c1cc(nc2c(nccc12)-c1ccn[nH]1)N1CCOCC1	ATR Interacting Protein	79.1	US Patent	5YZ0
Clc1ncccc1-c1cc(nc2c(nccc12)-c1ccn[nH]1)N1CCOCC1	ATR Interacting Protein	79.5	US Patent	5YZ0
Clc1ncccc1-c1cc(nc2c(nccc12)-c1ccn[nH]1)N1CCOCC1	ATR Interacting Protein	79.5	US Patent	5YZ0
CN1CCC(=CC1)c1cc(nc2c(nccc12)-c1ccn[nH]1)N1CCOCC1	ATR Interacting Protein	79.9	US Patent	5YZ0
CN1CCC(=CC1)c1cc(nc2c(nccc12)-c1ccn[nH]1)N1CCOCC1	ATR Interacting Protein	79.9	US Patent	5YZ0
C[C@@H]1COCCN1c1cc(-c2ccnn2CC(F)(F)F)c2ccnc(-c3ccn[nH]3)c2n1	ATR Interacting Protein	80.1	US Patent	5YZ0
C[C@@H]1COCCN1c1cc(-c2ccnn2CC(F)(F)F)c2ccnc(-c3ccn[nH]3)c2n1	ATR Interacting Protein	80.1	US Patent	5YZ0
CSc1cc(nc2c(nccc12)-c1ccn[nH]1)N1CCOC[C@H]1C	ATR Interacting Protein	80.7	US Patent	5YZ0
CSc1cc(nc2c(nccc12)-c1ccn[nH]1)N1CCOC[C@H]1C	ATR Interacting Protein	80.7	US Patent	5YZ0
CS(=O)(=O)Nc1ccccc1-c1cc(nc2c(nccc12)-c1ccn[nH]1)N1CCOCC1	ATR Interacting Protein	80.9	US Patent	5YZ0
CS(=O)(=O)Nc1ccccc1-c1cc(nc2c(nccc12)-c1ccn[nH]1)N1CCOCC1	ATR Interacting Protein	80.9	US Patent	5YZ0
C[C@@H]1COCCN1c1cc(N=S(C)(C)=O)nc(n1)-c1ccnc2[nH]cnc12	ATR Interacting Protein	81	US Patent	5YZ0
C[C@@H]1COCCN1c1cc(N=S(C)(C)=O)nc(n1)-c1ccnc2[nH]cnc12	ATR Interacting Protein	81	US Patent	5YZ0
C[C@@H]1COCCN1c1cc(N=S(C)(C)=O)nc(n1)-c1ccnc2[nH]cnc12	ATR Interacting Protein	81	US Patent	5YZ0
COc1cccc(c1)-c1cc(nc2c(nccc12)-c1ccn[nH]1)N1CCOCC1	ATR Interacting Protein	82.3	US Patent	5YZ0
COc1cccc(c1)-c1cc(nc2c(nccc12)-c1ccn[nH]1)N1CCOCC1	ATR Interacting Protein	82.3	US Patent	5YZ0
C[C@@H]1COCCN1c1cc(OC(F)F)c2ccnc(-c3ccn[nH]3)c2n1	ATR Interacting Protein	82.8	US Patent	5YZ0
C[C@@H]1COCCN1c1cc(OC(F)F)c2ccnc(-c3ccn[nH]3)c2n1	ATR Interacting Protein	82.8	US Patent	5YZ0
O=C(NC1CC1)c1ccc(cc1)-c1cc(nc2c(nccc12)-c1ccn[nH]1)N1CCOCC1	ATR Interacting Protein	83.7	US Patent	5YZ0
O=C(NC1CC1)c1ccc(cc1)-c1cc(nc2c(nccc12)-c1ccn[nH]1)N1CCOCC1	ATR Interacting Protein	83.7	US Patent	5YZ0
CC(C)CN(C)c1cc(nc2c(nccc12)-c1ccn[nH]1)N1CCOCC1	ATR Interacting Protein	83.9	US Patent	5YZ0
CC(C)CN(C)c1cc(nc2c(nccc12)-c1ccn[nH]1)N1CCOCC1	ATR Interacting Protein	83.9	US Patent	5YZ0
O=S1(=O)CCCN1c1cc(nc2c(nccc12)-c1ccn[nH]1)N1CCOCC1	ATR Interacting Protein	84.4	US Patent	5YZ0
O=S1(=O)CCCN1c1cc(nc2c(nccc12)-c1ccn[nH]1)N1CCOCC1	ATR Interacting Protein	84.4	US Patent	5YZ0
CS(=O)(=O)c1cc(nc2c(nccc12)-c1cc[nH]n1)N1CCOCC1	ATR Interacting Protein	84.7	US Patent	5YZ0
C1CN(CCO1)c1cc(-c2cnc3ccccc3c2)c2ccnc(-c3ccn[nH]3)c2n1	ATR Interacting Protein	84.7	US Patent	5YZ0
CS(=O)(=O)c1cc(nc2c(nccc12)-c1cc[nH]n1)N1CCOCC1	ATR Interacting Protein	84.7	US Patent	5YZ0
C1CN(CCO1)c1cc(-c2cnc3ccccc3c2)c2cccc(-c3ccn[nH]3)c2n1	ATR Interacting Protein	84.7	US Patent	5YZ0
Clc1sccc1-c1cc(nc2c(nccc12)-c1ccn[nH]1)N1CCOCC1	ATR Interacting Protein	85.1	US Patent	5YZ0
Clc1sccc1-c1cc(nc2c(nccc12)-c1ccn[nH]1)N1CCOCC1	ATR Interacting Protein	85.1	US Patent	5YZ0
Fc1ncccc1-c1cc(nc2c(nccc12)-c1ccn[nH]1)N1CCOCC1	ATR Interacting Protein	85.5	US Patent	5YZ0
Fc1ncccc1-c1cc(nc2c(nccc12)-c1ccn[nH]1)N1CCOCC1	ATR Interacting Protein	85.5	US Patent	5YZ0
COC(=O)[C@H]1CCCN(C1)c1ncnc2C[C@@H](C)N(Cc12)c1cc(Cl)nc2[nH]ccc12	ATR Interacting Protein	86	US Patent	5YZ0
COC(=O)[C@H]1CCCN(C1)c1ncnc2C[C@@H](C)N(Cc12)c1cc(Cl)nc2[nH]ccc12	ATR Interacting Protein	86	US Patent	5YZ0
FC(F)(F)c1cccc(c1)-c1cc(nc2c(nccc12)-c1ccn[nH]1)N1CCOCC1	ATR Interacting Protein	86.1	US Patent	5YZ0
FC(F)(F)c1cccc(c1)-c1cc(nc2c(nccc12)-c1ccn[nH]1)N1CCOCC1	ATR Interacting Protein	86.1	US Patent	5YZ0
C[C@@H]1COCCN1c1cc(-c2cccc(c2)S(C)(=N)=O)c2ccnc(-c3ccn[nH]3)c2n1	ATR Interacting Protein	86.6	US Patent	5YZ0
C[C@@H]1COCCN1c1cc(-c2cccc(c2)S(C)(=N)=O)c2ccnc(-c3ccn[nH]3)c2n1	ATR Interacting Protein	86.6	US Patent	5YZ0
C1CN(CCO1)c1cc(-c2ccccc2)c2ccnc(-c3cc[nH]n3)c2n1	ATR Interacting Protein	86.8	US Patent	5YZ0
C1CN(CCO1)c1cc(-c2ccccc2)c2ccnc(-c3cc[nH]n3)c2n1	ATR Interacting Protein	86.8	US Patent	5YZ0
CCS(=O)(=O)c1cc(nc2c(nccc12)-c1ccn[nH]1)N1CCOCC1	ATR Interacting Protein	86.9	US Patent	5YZ0
CCS(=O)(=O)c1cc(nc2c(nccc12)-c1ccn[nH]1)N1CCOCC1	ATR Interacting Protein	86.9	US Patent	5YZ0
C[C@@H]1Cc2ncnc(N3CCC[C@H](C3)C(C)(C)O)c2CN1c1cc(Cl)nc2[nH]ccc12	ATR Interacting Protein	87	US Patent	5YZ0
CC(C)Oc1cc(N2Cc3c(C[C@H]2C)ncnc3C2CCN(CC2)S(C)(=O)=O)c2cc[nH]c2n1	ATR Interacting Protein	87	US Patent	5YZ0
C[C@@H]1Cc2ncnc(N3CCC[C@H](C3)C(C)(C)O)c2CN1c1cc(Cl)nc2[nH]ccc12	ATR Interacting Protein	87	US Patent	5YZ0
CC(C)Oc1cc(N2Cc3c(C[C@H]2C)ncnc3C2CCN(CC2)S(C)(=O)=O)c2cc[nH]c2n1	ATR Interacting Protein	87	US Patent	5YZ0
C[C@@H]1COCCN1c1cc(N2CCNCC2)c2ccnc(-c3ccn[nH]3)c2n1	ATR Interacting Protein	87.2	US Patent	5YZ0
C[C@@H]1COCCN1c1cc(N2CCNCC2)c2ccnc(-c3ccn[nH]3)c2n1	ATR Interacting Protein	87.2	US Patent	5YZ0
C1CN(CCO1)c1cc(-c2ccnc3[nH]ccc23)c2ccnc(-c3ccn[nH]3)c2n1	ATR Interacting Protein	87.5	US Patent	5YZ0
C1CN(CCO1)c1cc(-c2ccnc3[nH]ccc23)c2ccnc(-c3ccn[nH]3)c2n1	ATR Interacting Protein	87.5	US Patent	5YZ0
C[C@@H]1COCCN1c1cc(N=S(C)(C)=O)nc(n1)-c1ccnc2[nH]c(cc12)C#N	ATR Interacting Protein	88	US Patent	5YZ0
C[C@@H]1COCCN1c1cc(N=S(C)(C)=O)nc(n1)-c1ccnc2[nH]c(cc12)C#N	ATR Interacting Protein	88	US Patent	5YZ0
C[C@@H]1COCCN1c1cc(N=S(C)(C)=O)nc(n1)-c1ccnc2[nH]c(cc12)C#N	ATR Interacting Protein	88	US Patent	5YZ0
C1CN(CCO1)c1cc(-c2ccc3ncccc3c2)c2ccnc(-c3ccn[nH]3)c2n1	ATR Interacting Protein	89.2	US Patent	5YZ0
C1CN(CCO1)c1cc(-c2ccc3ncccc3c2)c2ccnc(-c3ccn[nH]3)c2n1	ATR Interacting Protein	89.2	US Patent	5YZ0
COc1ccc(F)cc1-c1cc(nc2c(nccc12)-c1ccn[nH]1)N1CCOCC1	ATR Interacting Protein	89.6	US Patent	5YZ0
COc1ccc(F)cc1-c1cc(nc2c(nccc12)-c1ccn[nH]1)N1CCOCC1	ATR Interacting Protein	89.6	US Patent	5YZ0
Cn1nc(C2CCOCC2)c2c1cnc1ccc(cc21)-c1cncc(c1)C(F)F	ATR Interacting Protein	90	ChEMBL	5YZ0
CC1CCCN(C1)c1cc(nc2c(nccc12)-c1ccn[nH]1)N1CCOCC1	ATR Interacting Protein	90.8	US Patent	5YZ0
CC1CCCN(C1)c1cc(nc2c(nccc12)-c1ccn[nH]1)N1CCOCC1	ATR Interacting Protein	90.8	US Patent	5YZ0
O=C(NC1CC1)c1cccc(c1)-c1cc(nc2c(nccc12)-c1ccn[nH]1)N1CCOCC1	ATR Interacting Protein	91.3	US Patent	5YZ0
O=C(NC1CC1)c1cccc(c1)-c1cc(nc2c(nccc12)-c1ccn[nH]1)N1CCOCC1	ATR Interacting Protein	91.3	US Patent	5YZ0
C[C@@H]1COCCN1c1cc(N2CCN(C)C(=O)C2)c2ccnc(-c3ccn[nH]3)c2n1	ATR Interacting Protein	91.8	US Patent	5YZ0
C[C@@H]1COCCN1c1cc(N2CCN(C)C(=O)C2)c2ccnc(-c3ccn[nH]3)c2n1	ATR Interacting Protein	91.8	US Patent	5YZ0
Fc1ncc(Cl)cc1-c1cc(nc2c(nccc12)-c1ccn[nH]1)N1CCOCC1	ATR Interacting Protein	92.7	US Patent	5YZ0
Fc1ncc(Cl)cc1-c1cc(nc2c(nccc12)-c1ccn[nH]1)N1CCOCC1	ATR Interacting Protein	92.7	US Patent	5YZ0
C[C@@H]1Cc2ncnc(C3CCN(CC3)S(C)(=O)=O)c2CN1c1cc(OC2CC2)nc2[nH]ccc12	ATR Interacting Protein	93	US Patent	5YZ0
C[C@@H]1Cc2ncnc(C3CCN(CC3)S(C)(=O)=O)c2CN1c1cc(OC2CC2)nc2[nH]ccc12	ATR Interacting Protein	93	US Patent	5YZ0
Fc1ccc(cn1)-c1cc(nc2c(nccc12)-c1ccn[nH]1)N1CCOCC1	ATR Interacting Protein	93.8	US Patent	5YZ0
Fc1ccc(cn1)-c1cc(nc2c(nccc12)-c1ccn[nH]1)N1CCOCC1	ATR Interacting Protein	93.8	US Patent	5YZ0
C1CN(c2ccccc2C1)c1cc(nc2c(nccc12)-c1ccn[nH]1)N1CCOCC1	ATR Interacting Protein	94.1	US Patent	5YZ0
C1CN(c2ccccc2C1)c1cc(nc2c(nccc12)-c1ccn[nH]1)N1CCOCC1	ATR Interacting Protein	94.1	US Patent	5YZ0
C[C@H]1C[C@@H]1c1cc(nc2c(nccc12)-c1ccn[nH]1)N1CCOC[C@H]1C	ATR Interacting Protein	94.7	US Patent	5YZ0
C[C@H]1C[C@@H]1c1cc(nc2c(nccc12)-c1ccn[nH]1)N1CCOC[C@H]1C	ATR Interacting Protein	94.7	US Patent	5YZ0
CS(=N)(=O)c1ccc(cc1)-c1cc(nc2c(nccc12)-c1ccn[nH]1)N1CCOCC1	ATR Interacting Protein	95.2	US Patent	5YZ0
CS(=N)(=O)c1ccc(cc1)-c1cc(nc2c(nccc12)-c1ccn[nH]1)N1CCOCC1	ATR Interacting Protein	95.2	US Patent	5YZ0
C1CN(CCO1)c1cc(-c2cccc3cnccc23)c2ccnc(-c3ccn[nH]3)c2n1	ATR Interacting Protein	95.5	US Patent	5YZ0
C1CN(CCO1)c1cc(-c2cccc3cnccc23)c2ccnc(-c3ccn[nH]3)c2n1	ATR Interacting Protein	95.5	US Patent	5YZ0
C[C@@H]1COCCN1c1cc(C2=CCCN(C)C2)c2ccnc(-c3ccn[nH]3)c2n1	ATR Interacting Protein	95.9	US Patent	5YZ0
C[C@@H]1COCCN1c1cc(C2=CCCN(C)C2)c2ccnc(-c3ccn[nH]3)c2n1	ATR Interacting Protein	95.9	US Patent	5YZ0
CN(C)c1ccc(cn1)-c1cc(nc2c(nccc12)-c1ccn[nH]1)N1CCOCC1	ATR Interacting Protein	96.8	US Patent	5YZ0
CN(C)c1ccc(cn1)-c1cc(nc2c(nccc12)-c1ccn[nH]1)N1CCOCC1	ATR Interacting Protein	96.8	US Patent	5YZ0
C(c1ccco1)c1cc(nc2c(nccc12)-c1ccn[nH]1)N1CCOCC1	ATR Interacting Protein	97.7	US Patent	5YZ0
C(c1ccco1)c1cc(nc2c(nccc12)-c1ccn[nH]1)N1CCOCC1	ATR Interacting Protein	97.7	US Patent	5YZ0
CC(C)Oc1cc(nc2c(nccc12)-c1cc[nH]n1)N1CCOCC1	ATR Interacting Protein	99	US Patent	5YZ0
CC(C)Oc1cc(nc2c(nccc12)-c1cc[nH]n1)N1CCOCC1	ATR Interacting Protein	99	US Patent	5YZ0
C[C@@H]1CN(CCO1)c1cc(nc2c(nccc12)-c1ccn[nH]1)N1CCOCC1	ATR Interacting Protein	100	US Patent	5YZ0
C[C@@H]1CN(CCO1)c1cc(nc2c(nccc12)-c1ccn[nH]1)N1CCOC[C@H]1C	ATR Interacting Protein	100	US Patent	5YZ0
C[C@@H]1COCCN1c1cc(OCCCCNC(=O)OC(C)(C)C)c2ccnc(-c3ccn[nH]3)c2n1	ATR Interacting Protein	101	US Patent	5YZ0
C[C@@H]1COCCN1c1cc(OCCCCNC(=O)OC(C)(C)C)c2ccnc(-c3ccn[nH]3)c2n1	ATR Interacting Protein	101	US Patent	5YZ0
C[C@@H]1Cc2ncnc(N3CC(C3)C#N)c2CN1c1cc(Cl)nc2[nH]ccc12	ATR Interacting Protein	103	US Patent	5YZ0
C[C@@H]1Cc2ncnc(N3CC(C3)C#N)c2CN1c1cc(Cl)nc2[nH]ccc12	ATR Interacting Protein	103	US Patent	5YZ0
COc1ccc(F)c(c1)-c1cc(nc2c(nccc12)-c1ccn[nH]1)N1CCOCC1	ATR Interacting Protein	103	US Patent	5YZ0
Fc1cnccc1-c1cc(nc2c(nccc12)-c1ccn[nH]1)N1CCOCC1	ATR Interacting Protein	103	US Patent	5YZ0
COc1ccc(F)c(c1)-c1cc(nc2c(nccc12)-c1ccn[nH]1)N1CCOCC1	ATR Interacting Protein	103	US Patent	5YZ0
Fc1cnccc1-c1cc(nc2c(nccc12)-c1ccn[nH]1)N1CCOCC1	ATR Interacting Protein	103	US Patent	5YZ0
C[C@@H]1COCCN1c1cc(N=S(C)(C)=O)nc(n1)-c1cc(N)nc(Cl)c1	ATR Interacting Protein	104	US Patent	5YZ0
CCOC(=O)N=S(C)(=O)c1cccc(c1)-c1cc(nc2c(nccc12)-c1ccn[nH]1)N1CCOCC1	ATR Interacting Protein	104	US Patent	5YZ0
C[C@@H]1COCCN1c1cc(N=S(C)(C)=O)nc(n1)-c1cc(N)nc(Cl)c1	ATR Interacting Protein	104	US Patent	5YZ0
CCOC(=O)N=S(C)(=O)c1cccc(c1)-c1cc(nc2c(nccc12)-c1ccn[nH]1)N1CCOCC1	ATR Interacting Protein	104	US Patent	5YZ0
C[C@@H]1COCCN1c1cc(N=S(C)(C)=O)nc(n1)-c1cc(N)nc(Cl)c1	ATR Interacting Protein	104	US Patent	5YZ0
C[C@@H]1COCCN1c1nc(nc2c1OC1CC2(C1)S(C)(=O)=O)-c1nncc2[nH]ccc12	ATR Interacting Protein	104	ChEMBL	5YZ0
C[C@@H]1COCCN1c1cc(N=S(C)(=O)C2COC2)nc(n1)-c1cc(N)nc(Cl)c1	ATR Interacting Protein	105	US Patent	5YZ0
C[C@@H]1COCCN1c1cc(N=S(C)(=O)C2COC2)nc(n1)-c1cc(N)nc(Cl)c1	ATR Interacting Protein	105	US Patent	5YZ0
C[C@@H]1COCCN1c1cc(N=S(C)(=O)C2COC2)nc(n1)-c1cc(N)nc(Cl)c1	ATR Interacting Protein	105	US Patent	5YZ0
C[C@@H]1COCCN1c1cc(-c2ccc(F)cn2)c2ccnc(-c3ccn[nH]3)c2n1	ATR Interacting Protein	107	US Patent	5YZ0
C[C@@H]1COCCN1c1cc(N=S(C)(C)=O)nc(n1)-n1c(C)nc2cc(F)ccc12	ATR Interacting Protein	2	US Patent	5YZ0
C[C@@H]1COCCN1c1cc(N=S(C)(C)=O)nc(n1)-n1cnc2cc(F)ccc12	ATR Interacting Protein	2	US Patent	5YZ0
CCS(=O)(CC)=Nc1cc(nc(n1)-c1ccnc2[nH]ccc12)N1CCOC[C@H]1C	ATR Interacting Protein	2	US Patent	5YZ0
COC(=O)N1CCS(=O)(CC1)=Nc1cc(nc(n1)-c1ccnc2[nH]ccc12)N1CCOC[C@H]1C	ATR Interacting Protein	2	US Patent	5YZ0
CCOC(=O)N1CCS(=O)(CC1)=Nc1cc(nc(n1)-c1ccnc2[nH]ccc12)N1CCOC[C@H]1C	ATR Interacting Protein	2	US Patent	5YZ0
C[C@@H]1COCCN1c1cc(N=S(C)(C)=O)nc(n1)-n1cnc2ccccc12	ATR Interacting Protein	2	US Patent	5YZ0
C[C@@H]1COCCN1c1cc(N=S(C)(C)=O)nc(n1)-c1cc(F)cc2[nH]ccc12	ATR Interacting Protein	2	US Patent	5YZ0
C[C@@H]1COCCN1c1cc(N=S(C)(C)=O)nc(n1)-n1c(C)nc2cc(F)ccc12	ATR Interacting Protein	2	US Patent	5YZ0
C[C@@H]1COCCN1c1cc(N=S(C)(C)=O)nc(n1)-n1cnc2cc(F)ccc12	ATR Interacting Protein	2	US Patent	5YZ0
CCS(=O)(CC)=Nc1cc(cc(n1)-c1ccnc2[nH]ccc12)N1CCOC[C@H]1C	ATR Interacting Protein	2	US Patent	5YZ0
CCS(=O)(CC)=Nc1cc(nc(n1)-c1ccnc2[nH]ccc12)N1CCOC[C@H]1C	ATR Interacting Protein	2	US Patent	5YZ0
COC(=O)N1CCS(=O)(CC1)=Nc1cc(nc(n1)-c1ccnc2[nH]ccc12)N1CCOC[C@H]1C	ATR Interacting Protein	2	US Patent	5YZ0
CCOC(=O)N1CCS(=O)(CC1)=Nc1cc(nc(n1)-c1ccnc2[nH]ccc12)N1CCOC[C@H]1C	ATR Interacting Protein	2	US Patent	5YZ0
C[C@@H]1COCCN1c1cc(N=S(C)(C)=O)nc(n1)-n1cnc2ccccc12	ATR Interacting Protein	2	US Patent	5YZ0
C[C@@H]1COCCN1c1cc(N=S(C)(C)=O)nc(n1)-c1cc(F)cc2[nH]ccc12	ATR Interacting Protein	2	US Patent	5YZ0
C[C@@H]1COCCN1c1cc(N=S(C)(C)=O)nc(n1)-n1c(C)nc2cc(F)ccc12	ATR Interacting Protein	2	US Patent	5YZ0
C[C@@H]1COCCN1c1cc(N=S(C)(C)=O)nc(n1)-n1cnc2cc(F)ccc12	ATR Interacting Protein	2	US Patent	5YZ0
C[C@@H]1COCCN1c1cc(N=S2(=O)CCOCC2)nc(n1)-c1ccnc2[nH]ccc12	ATR Interacting Protein	3	US Patent	5YZ0
C[C@@H]1COCCN1c1cc(N=S(C)(=O)C2CC2)nc(n1)-c1ccnc2[nH]ccc12	ATR Interacting Protein	3	US Patent	5YZ0
C[C@@H]1COCCN1c1cc(N=S(C)(C)=O)nc(n1)-n1c(C)nc2ccccc12	ATR Interacting Protein	3	US Patent	5YZ0
C[C@@H]1COCCN1c1cc(N=S(C)(C)=O)nc(n1)-n1c(C)nc2c(F)cccc12	ATR Interacting Protein	3	US Patent	5YZ0
C[C@@H]1COCCN1c1cc(N=S(C)(C)=O)nc(n1)-n1ccc2ccccc12	ATR Interacting Protein	3	US Patent	5YZ0
C[C@@H]1COCCN1c1cc(N=S2(=O)CCN(CC2)C(=O)C2CC2)nc(n1)-c1ccnc2[nH]ccc12	ATR Interacting Protein	3	US Patent	5YZ0
C[C@@H]1COCCN1c1cc(N=S2(=O)CCN(CC2)C(=O)CO)nc(n1)-c1ccnc2[nH]ccc12	ATR Interacting Protein	3	US Patent	5YZ0
CCc1nc2ccccc2n1-c1nc(cc(n1)N1CCOC[C@H]1C)N=S(C)(C)=O	ATR Interacting Protein	3	US Patent	5YZ0
C[C@@H]1COCCN1c1cc(N=S(C)(=O)C2COC2)nc(n1)-n1c(C)nc2ccccc12	ATR Interacting Protein	3	US Patent	5YZ0
C[C@@H]1COCCN1c1cc(N=S(C)(C)=O)nc(n1)-c1cccc2[nH]ccc12	ATR Interacting Protein	3	US Patent	5YZ0
C[C@@H]1COCCN1c1cc(N=S(C)(=O)C2COC2)nc(n1)-c1cncc2[nH]ccc12	ATR Interacting Protein	3	US Patent	5YZ0
C[C@@H]1COCCN1c1cc(N=S(C)(C)=O)nc(n1)-n1cnc2ccc(F)cc12	ATR Interacting Protein	3	US Patent	5YZ0
C[C@@H]1COCCN1c1cc(N=S2(=O)CCOCC2)nc(n1)-c1ccnc2[nH]ccc12	ATR Interacting Protein	3	US Patent	5YZ0
C[C@@H]1COCCN1c1cc(N=S(C)(=O)C2CC2)nc(n1)-c1ccnc2[nH]ccc12	ATR Interacting Protein	3	US Patent	5YZ0
C[C@@H]1COCCN1c1cc(N=S(C)(C)=O)nc(n1)-n1c(C)nc2ccccc12	ATR Interacting Protein	3	US Patent	5YZ0
C[C@@H]1COCCN1c1cc(N=S(C)(C)=O)nc(n1)-n1c(C)nc2c(F)cccc12	ATR Interacting Protein	3	US Patent	5YZ0
C[C@@H]1COCCN1c1cc(N=S(C)(C)=O)nc(n1)-n1ccc2ccccc12	ATR Interacting Protein	3	US Patent	5YZ0
C[C@@H]1COCCN1c1cc(N=S2(=O)CCN(CC2)C(=O)C2CC2)nc(n1)-c1ccnc2[nH]ccc12	ATR Interacting Protein	3	US Patent	5YZ0
C[C@@H]1COCCN1c1cc(N=S2(=O)CCN(CC2)C(=O)CO)nc(n1)-c1ccnc2[nH]ccc12	ATR Interacting Protein	3	US Patent	5YZ0
CCc1nc2ccccc2n1-c1nc(cc(n1)N1CCOC[C@H]1C)N=S(C)(C)=O	ATR Interacting Protein	3	US Patent	5YZ0
C[C@@H]1COCCN1c1cc(N=S(C)(=O)C2COC2)nc(n1)-n1c(C)nc2ccccc12	ATR Interacting Protein	3	US Patent	5YZ0
C[C@@H]1COCCN1c1cc(N=S(C)(C)=O)nc(n1)-c1cccc2[nH]ccc12	ATR Interacting Protein	3	US Patent	5YZ0
C[C@@H]1COCCN1c1cc(N=S(C)(=O)C2COC2)nc(n1)-c1cncc2[nH]ccc12	ATR Interacting Protein	3	US Patent	5YZ0
C[C@@H]1COCCN1c1cc(N=S(C)(C)=O)nc(n1)-n1cnc2ccc(F)cc12	ATR Interacting Protein	3	US Patent	5YZ0
C[C@@H]1COCCN1c1cc(N=S2(=O)CCOCC2)nc(n1)-c1ccnc2[nH]ccc12	ATR Interacting Protein	3	US Patent	5YZ0
C[C@@H]1COCCN1c1cc(N=S(C)(=O)C2CC2)nc(n1)-c1ccnc2[nH]ccc12	ATR Interacting Protein	3	US Patent	5YZ0
C[C@@H]1COCCN1c1cc(N=S(C)(C)=O)nc(n1)-n1c(C)nc2ccccc12	ATR Interacting Protein	3	US Patent	5YZ0
C[C@@H]1COCCN1c1cc(N=S(C)(C)=O)nc(n1)-n1c(C)nc2c(F)cccc12	ATR Interacting Protein	3	US Patent	5YZ0
C[C@@H]1COCCN1c1cc(N=S(C)(C)=O)nc(n1)-n1ccc2ccccc12	ATR Interacting Protein	3	US Patent	5YZ0
C[C@@H]1COCCN1c1cc(N=S2(=O)CCN(CC2)C(=O)C2CC2)nc(n1)-c1ccnc2[nH]ccc12	ATR Interacting Protein	3	US Patent	5YZ0
C[C@@H]1COCCN1c1cc(N=S2(=O)CCN(CC2)C(=O)CO)nc(n1)-c1ccnc2[nH]ccc12	ATR Interacting Protein	3	US Patent	5YZ0
CCc1nc2ccccc2n1-c1nc(cc(n1)N1CCOC[C@H]1C)N=S(C)(C)=O	ATR Interacting Protein	3	US Patent	5YZ0
C[C@@H]1COCCN1c1cc(N=S(C)(=O)C2COC2)nc(n1)-n1c(C)nc2ccccc12	ATR Interacting Protein	3	US Patent	5YZ0
C[C@@H]1COCCN1c1cc(-c2ccc(F)cn2)c2ccnc(-c3ccn[nH]3)c2n1	ATR Interacting Protein	107	US Patent	5YZ0
Cc1ccncc1-c1cc(nc2c(nccc12)-c1ccn[nH]1)N1CCOCC1	ATR Interacting Protein	108	US Patent	5YZ0
Cc1ccncc1-c1cc(nc2c(nccc12)-c1ccn[nH]1)N1CCOCC1	ATR Interacting Protein	108	US Patent	5YZ0
COc1cc(cc(N)n1)-c1nc(cc(n1)N1CCOC[C@H]1C)N=[S@](C)(=O)C1COC1	ATR Interacting Protein	110	US Patent	5YZ0
CC(C)S(=N)(=O)c1ccc(cc1)-c1cc(nc2c(nccc12)-c1ccn[nH]1)N1CCOCC1	ATR Interacting Protein	110	US Patent	5YZ0
COc1cc(cc(N)n1)-c1nc(cc(n1)N1CCOC[C@H]1C)N=[S@](C)(=O)C1COC1	ATR Interacting Protein	110	US Patent	5YZ0
CC(C)S(=N)(=O)c1ccc(cc1)-c1cc(nc2c(nccc12)-c1ccn[nH]1)N1CCOCC1	ATR Interacting Protein	110	US Patent	5YZ0
COc1cc(cc(N)n1)-c1nc(cc(n1)N1CCOC[C@H]1C)N=[S@](C)(=O)C1COC1	ATR Interacting Protein	110	US Patent	5YZ0
C[C@@H]1Cc2ncnc(C3=CCC(CC3)NS(C)(=O)=O)c2CN1c1cc(Cl)nc2[nH]ccc12	ATR Interacting Protein	111	US Patent	5YZ0
C[C@@H]1Cc2ncnc(C3=CCC(CC3)NS(C)(=O)=O)c2CN1c1cc(Cl)nc2[nH]ccc12	ATR Interacting Protein	111	US Patent	5YZ0
CN(c1ccccc1F)c1cc(nc2c(nccc12)-c1ccn[nH]1)N1CCOCC1	ATR Interacting Protein	112	US Patent	5YZ0
CN(c1ccccc1F)c1cc(nc2c(nccc12)-c1ccn[nH]1)N1CCOCC1	ATR Interacting Protein	112	US Patent	5YZ0
C[C@@H]1Cc2ncnc(N3CC(C3)NS(=O)(=O)C3CC3)c2CN1c1ccnc2[nH]ccc12	ATR Interacting Protein	113	US Patent	5YZ0
C[C@@H]1Cc2ncnc(N3CC(C3)NS(=O)(=O)C3CC3)c2CN1c1ccnc2[nH]ccc12	ATR Interacting Protein	113	US Patent	5YZ0
NC(=O)c1cccc(c1)-c1cc(nc2c(nccc12)-c1ccn[nH]1)N1CCOCC1	ATR Interacting Protein	113	US Patent	5YZ0
NC(=O)c1cccc(c1)-c1cc(nc2c(nccc12)-c1ccn[nH]1)N1CCOCC1	ATR Interacting Protein	113	US Patent	5YZ0
CNC1[C@H]2CC[C@@H]1CN(C2)c1ncnc2C[C@@H](C)N(Cc12)c1cc(Cl)nc2[nH]ccc12	ATR Interacting Protein	114	US Patent	5YZ0
CNC1[C@H]2CC[C@@H]1CN(C2)c1ncnc2C[C@@H](C)N(Cc12)c1cc(Cl)nc2[nH]ccc12	ATR Interacting Protein	114	US Patent	5YZ0
C[C@@H]1COCCN1c1cc(N=S(C)(=O)C2CC2)nc(n1)-c1ccc(N)nc1	ATR Interacting Protein	115	US Patent	5YZ0
C1CN(CCO1)c1cc(N2CCn3ccnc3C2)c2ccnc(-c3ccn[nH]3)c2n1	ATR Interacting Protein	115	US Patent	5YZ0
CCNC(=O)N=S(C)(=O)c1ccc(cc1)-c1cc(nc2c(nccc12)-c1ccn[nH]1)N1CCOCC1	ATR Interacting Protein	115	US Patent	5YZ0
C1CN(CCO1)c1ccc(cn1)-c1cc(nc2c(nccc12)-c1ccn[nH]1)N1CCOCC1	ATR Interacting Protein	115	US Patent	5YZ0
C[C@@H]1COCCN1c1cc(N=S(C)(=O)C2CC2)nc(n1)-c1ccc(N)nc1	ATR Interacting Protein	115	US Patent	5YZ0
CCN1CCCN(c2cc(nc(n2)-c2cc(Cl)nc3[nH]ccc23)N2CCOC[C@H]2C)S1(=O)=O	ATR Interacting Protein	115	US Patent	5YZ0
C1CN(CCO1)c1cc(N2CCn3ccnc3C2)c2ccnc(-c3ccn[nH]3)c2n1	ATR Interacting Protein	115	US Patent	5YZ0
CCNC(=O)N=S(C)(=O)c1ccc(cc1)-c1cc(nc2c(nccc12)-c1ccn[nH]1)N1CCOCC1	ATR Interacting Protein	115	US Patent	5YZ0
C1CN(CCO1)c1ccc(cn1)-c1cc(nc2c(nccc12)-c1ccn[nH]1)N1CCOCC1	ATR Interacting Protein	115	US Patent	5YZ0
C[C@@H]1COCCN1c1cc(N=S(C)(=O)C2CC2)nc(n1)-c1ccc(N)nc1	ATR Interacting Protein	115	US Patent	5YZ0
C[C@@H]1COCCN1c1cc(N=S(C)(C)=O)nc(n1)-c1ccncc1	ATR Interacting Protein	117	US Patent	5YZ0
C1CC(=CCN1)c1cc(nc2c(nccc12)-c1ccn[nH]1)N1CCOCC1	ATR Interacting Protein	117	US Patent	5YZ0
C[C@@H]1COCCN1c1cc(N=S(C)(C)=O)nc(n1)-c1ccncc1	ATR Interacting Protein	117	US Patent	5YZ0
C1CC(=CCN1)c1cc(nc2c(nccc12)-c1ccn[nH]1)N1CCOCC1	ATR Interacting Protein	117	US Patent	5YZ0
OCc1cccc(c1)-c1ccc2ncc3nnc(C4CCOCC4)n3c2c1	ATR Interacting Protein	117	ChEMBL	5YZ0
C[C@@H]1COCCN1c1cc(N=S(C)(C)=O)nc(n1)-c1ccncc1	ATR Interacting Protein	117	US Patent	5YZ0
CS(=O)(=O)c1ccccc1-c1cc(nc2c(nccc12)-c1cc[nH]n1)N1CCOCC1	ATR Interacting Protein	118	US Patent	5YZ0
C1CN(CCO1)c1cc(N2CCc3ccccc3C2)c2ccnc(-c3ccn[nH]3)c2n1	ATR Interacting Protein	118	US Patent	5YZ0
OC[C@H]1CCCN(C1)c1cc(nc2c(nccc12)-c1ccn[nH]1)N1CCOCC1	ATR Interacting Protein	118	US Patent	5YZ0
C[C@@H]1COCCN1c1cc(N=S(C)(C)=O)nc(c1)-c1ccnc2[nH]cnc12	ATR Interacting Protein	118	US Patent	5YZ0
CS(=O)(=O)c1ccccc1-c1cc(nc2c(nccc12)-c1cc[nH]n1)N1CCOCC1	ATR Interacting Protein	118	US Patent	5YZ0
C1CN(CCO1)c1cc(N2CCc3ccccc3C2)c2ccnc(-c3ccn[nH]3)c2n1	ATR Interacting Protein	118	US Patent	5YZ0
OC[C@H]1CCCN(C1)c1cc(nc2c(nccc12)-c1ccn[nH]1)N1CCOCC1	ATR Interacting Protein	118	US Patent	5YZ0
CNC(=O)c1cccc(c1)-c1cc(nc2c(nccc12)-c1ccn[nH]1)N1CCOCC1	ATR Interacting Protein	119	US Patent	5YZ0
C1CN(CCO1)c1cc(-c2cccc3ncccc23)c2ccnc(-c3ccn[nH]3)c2n1	ATR Interacting Protein	119	US Patent	5YZ0
Fc1cncc(c1)-c1cc(nc2c(nccc12)-c1ccn[nH]1)N1CCOCC1	ATR Interacting Protein	119	US Patent	5YZ0
CNC(=O)c1cccc(c1)-c1cc(nc2c(nccc12)-c1ccn[nH]1)N1CCOCC1	ATR Interacting Protein	119	US Patent	5YZ0
C1CN(CCO1)c1cc(-c2cccc3ncccc23)c2ccnc(-c3ccn[nH]3)c2n1	ATR Interacting Protein	119	US Patent	5YZ0
Fc1cncc(c1)-c1cc(nc2c(nccc12)-c1ccn[nH]1)N1CCOCC1	ATR Interacting Protein	119	US Patent	5YZ0
C[C@@H]1Cc2ncnc(N3CCC(CC3)NS(C)(=O)=O)c2CN1c1cc(Cl)nc2[nH]ccc12	ATR Interacting Protein	120	US Patent	5YZ0
C[C@@H]1Cc2ncnc(N3CCC(CC3)NS(C)(=O)=O)c2CN1c1cc(Cl)nc2[nH]ccc12	ATR Interacting Protein	120	US Patent	5YZ0
COP(=O)(OC)c1ccc(cc1)-c1cc(nc2c(nccc12)-c1ccn[nH]1)N1CCOCC1	ATR Interacting Protein	120	US Patent	5YZ0
C1CN(CCO1)c1cc(-c2cccc(c2)-n2cccn2)c2ccnc(-c3ccn[nH]3)c2n1	ATR Interacting Protein	120	US Patent	5YZ0
CNC(=O)c1ccc(cn1)-c1cc(nc2c(nccc12)-c1ccn[nH]1)N1CCOCC1	ATR Interacting Protein	120	US Patent	5YZ0
COP(=O)(OC)c1ccc(cc1)-c1cc(nc2c(nccc12)-c1ccn[nH]1)N1CCOCC1	ATR Interacting Protein	120	US Patent	5YZ0
C1CN(CCO1)c1cc(-c2cccc(c2)-n2cccn2)c2ccnc(-c3ccn[nH]3)c2n1	ATR Interacting Protein	120	US Patent	5YZ0
CNC(=O)c1ccc(cn1)-c1cc(nc2c(nccc12)-c1ccn[nH]1)N1CCOCC1	ATR Interacting Protein	120	US Patent	5YZ0
Cc1ccc(s1)-c1cc(nc2c(nccc12)-c1ccn[nH]1)N1CCOCC1	ATR Interacting Protein	121	US Patent	5YZ0
Cc1ccc(s1)-c1cc(nc2c(nccc12)-c1ccn[nH]1)N1CCOCC1	ATR Interacting Protein	121	US Patent	5YZ0
C[C@@H]1COCCN1c1cc(N=S(C)(C)=O)nc(n1)-c1cc(C)nc(N)c1	ATR Interacting Protein	122	US Patent	5YZ0
C[C@@H]1COCCN1c1cc(C#N)c2ccnc(-c3ccn[nH]3)c2n1	ATR Interacting Protein	122	US Patent	5YZ0
C1CN(CCO1)c1cc(-c2cccs2)c2ccnc(-c3ccn[nH]3)c2n1	ATR Interacting Protein	122	US Patent	5YZ0
C[C@@H]1COCCN1c1cc(N=S(C)(C)=O)nc(n1)-c1cc(C)nc(N)c1	ATR Interacting Protein	122	US Patent	5YZ0
C[C@@H]1COCCN1c1cc(C#N)c2ccnc(-c3ccn[nH]3)c2n1	ATR Interacting Protein	122	US Patent	5YZ0
C1CN(CCO1)c1cc(-c2cccs2)c2ccnc(-c3ccn[nH]3)c2n1	ATR Interacting Protein	122	US Patent	5YZ0
C[C@@H]1COCCN1c1cc(N=S(C)(C)=O)nc(n1)-c1cc(C)nc(N)c1	ATR Interacting Protein	122	US Patent	5YZ0
CCOc1cc(N2Cc3c(C[C@H]2C)ncnc3C2CCN(CC2)S(C)(=O)=O)c2cc[nH]c2n1	ATR Interacting Protein	123	US Patent	5YZ0
COc1cc(cc(N)n1)-c1nc(cc(n1)N1CCOC[C@H]1C)N=S(C)(C)=O	ATR Interacting Protein	123	US Patent	5YZ0
CCOc1cc(N2Cc3c(C[C@H]2C)ncnc3C2CCN(CC2)S(C)(=O)=O)c2cc[nH]c2n1	ATR Interacting Protein	123	US Patent	5YZ0
COc1cc(cc(N)n1)-c1nc(cc(n1)N1CCOC[C@H]1C)N=S(C)(C)=O	ATR Interacting Protein	123	US Patent	5YZ0
COc1cc(cc(N)n1)-c1nc(cc(n1)N1CCOC[C@H]1C)N=S(C)(C)=O	ATR Interacting Protein	123	US Patent	5YZ0
C[C@@H]1COCCN1c1cc(-c2ccnc(N3CCOCC3)c2F)c2ccnc(-c3ccn[nH]3)c2n1	ATR Interacting Protein	124	US Patent	5YZ0
C[C@@H]1COCCN1c1cc(-c2ccnc(N3CCOCC3)c2F)c2ccnc(-c3ccn[nH]3)c2n1	ATR Interacting Protein	124	US Patent	5YZ0
CC(C)Oc1cc(nc2c(nccc12)-c1cc[nH]n1)N1CCOCC1	ATR Interacting Protein	125	US Patent	5YZ0
CC(C)Oc1cc(nc2c(nccc12)-c1cc[nH]n1)N1CCOCC1	ATR Interacting Protein	125	US Patent	5YZ0
CC(=C)c1cc(nc2c(nccc12)-c1cc[nH]n1)N1CCOCC1	ATR Interacting Protein	126	US Patent	5YZ0
CC(=C)c1cc(nc2c(nccc12)-c1cc[nH]n1)N1CCOCC1	ATR Interacting Protein	126	US Patent	5YZ0
COP(=O)(OC)c1ccc(cc1)-c1cc(nc2c(nccc12)-c1ccn[nH]1)N1CCOCC1	ATR Interacting Protein	127	US Patent	5YZ0
CS(=O)(=O)Cc1cc(nc2c(nccc12)-c1ccn[nH]1)N1CCOCC1	ATR Interacting Protein	127	US Patent	5YZ0
COP(=O)(OC)c1ccc(cc1)-c1cc(nc2c(nccc12)-c1ccn[nH]1)N1CCOCC1	ATR Interacting Protein	127	US Patent	5YZ0
CS(=O)(=O)Cc1cc(nc2c(nccc12)-c1ccn[nH]1)N1CCOCC1	ATR Interacting Protein	127	US Patent	5YZ0
C[C@@H]1COCCN1c1cc(OCCCNC(=O)OC(C)(C)C)c2ccnc(-c3ccn[nH]3)c2n1	ATR Interacting Protein	129	US Patent	5YZ0
C[C@@H]1COCCN1c1cc(OCCCNC(=O)OC(C)(C)C)c2ccnc(-c3ccn[nH]3)c2n1	ATR Interacting Protein	129	US Patent	5YZ0
Cc1cccc(c1)-c1cc(nc2c(nccc12)-c1ccn[nH]1)N1CCOCC1	ATR Interacting Protein	131	US Patent	5YZ0
Cc1cccc(c1)-c1cc(nc2c(nccc12)-c1ccn[nH]1)N1CCOCC1	ATR Interacting Protein	131	US Patent	5YZ0
CC(C)Oc1ncccc1-c1cc(nc2c(nccc12)-c1ccn[nH]1)N1CCOC[C@H]1C	ATR Interacting Protein	132	US Patent	5YZ0
CC(C)Oc1ncccc1-c1cc(nc2c(nccc12)-c1ccn[nH]1)N1CCOC[C@H]1C	ATR Interacting Protein	132	US Patent	5YZ0
CC(=O)Nc1cccc(c1)-c1cc(nc2c(nccc12)-c1ccn[nH]1)N1CCOCC1	ATR Interacting Protein	133	US Patent	5YZ0
CC(=O)Nc1cccc(c1)-c1cc(nc2c(nccc12)-c1ccn[nH]1)N1CCOCC1	ATR Interacting Protein	133	US Patent	5YZ0
C[C@@H]1COCCN1c1cc(N=S(C)(C)=O)nc(n1)-n1cnc(C)c1	ATR Interacting Protein	134	US Patent	5YZ0
C1CN(CCO1)c1cc(-c2ccsc2)c2ccnc(-c3ccn[nH]3)c2n1	ATR Interacting Protein	134	US Patent	5YZ0
C[C@@H]1COCCN1c1cc(N=S(C)(C)=O)nc(n1)-n1cnc(C)c1	ATR Interacting Protein	134	US Patent	5YZ0
C1CN(CCO1)c1cc(-c2ccsc2)c2ccnc(-c3ccn[nH]3)c2n1	ATR Interacting Protein	134	US Patent	5YZ0
C[C@@H]1COCCN1c1cc(N=S(C)(C)=O)nc(n1)-n1cnc(C)c1	ATR Interacting Protein	134	US Patent	5YZ0
C[C@@H]1COCCN1c1cc(N=S(C)(C)=O)nc(n1)-c1ccc(N)nc1	ATR Interacting Protein	135	US Patent	5YZ0
C1CN(CCO1)c1cc(-c2ccccc2)c2ccnc(-c3cc[nH]n3)c2n1	ATR Interacting Protein	135	US Patent	5YZ0
CCS(=N)(=O)c1ccc(cc1)-c1cc(nc2c(nccc12)-c1ccn[nH]1)N1CCOCC1	ATR Interacting Protein	135	US Patent	5YZ0
C[C@@H]1COCCN1c1cc(N=S(C)(C)=O)nc(n1)-c1ccc(N)nc1	ATR Interacting Protein	135	US Patent	5YZ0
C1CN(CCO1)c1cc(-c2ccccc2)c2ccnc(-c3cc[nH]n3)c2n1	ATR Interacting Protein	135	US Patent	5YZ0
CCS(=N)(=O)c1ccc(cc1)-c1cc(nc2c(nccc12)-c1ccn[nH]1)N1CCOCC1	ATR Interacting Protein	135	US Patent	5YZ0
C[C@@H]1COCCN1c1cc(N=S(C)(C)=O)nc(n1)-c1ccc(N)nc1	ATR Interacting Protein	135	US Patent	5YZ0
Cc1cnc(C)c(c1)-c1cc(nc2c(nccc12)-c1ccn[nH]1)N1CCOCC1	ATR Interacting Protein	136	US Patent	5YZ0
Cc1cnc(Cl)c(c1)-c1cc(nc2c(nccc12)-c1ccn[nH]1)N1CCOCC1	ATR Interacting Protein	136	US Patent	5YZ0
C[C@@H]1Cc2ncnc(C3CCN(CC3)S(C)(=O)=O)c2CN1c1cnc2cn[nH]c2c1	ATR Interacting Protein	138	US Patent	5YZ0
C[C@@H]1Cc2ncnc(C3CCN(CC3)S(C)(=O)=O)c2CN1c1cnc2cn[nH]c2c1	ATR Interacting Protein	138	US Patent	5YZ0
CC(C)S(=O)(=O)c1cc(nc2c(nccc12)-c1ccn[nH]1)N1CCOCC1	ATR Interacting Protein	138	US Patent	5YZ0
CC(C)S(=O)(=O)c1cc(nc2c(nccc12)-c1ccn[nH]1)N1CCOCC1	ATR Interacting Protein	138	US Patent	5YZ0
OC1CCN(CC1)c1cc(nc2c(nccc12)-c1ccn[nH]1)N1CCOCC1	ATR Interacting Protein	139	US Patent	5YZ0
OC1CCN(CC1)c1cc(nc2c(nccc12)-c1ccn[nH]1)N1CCOCC1	ATR Interacting Protein	139	US Patent	5YZ0
CNC(=O)[C@H]1CCCN(C1)c1ncnc2C[C@@H](C)N(Cc12)c1cc(Cl)nc2[nH]ccc12	ATR Interacting Protein	140	US Patent	5YZ0
CNC(=O)[C@H]1CCCN(C1)c1ncnc2C[C@@H](C)N(Cc12)c1cc(Cl)nc2[nH]ccc12	ATR Interacting Protein	140	US Patent	5YZ0
Clc1cc(ccn1)-c1cc(nc2c(nccc12)-c1ccn[nH]1)N1CCOCC1	ATR Interacting Protein	140	US Patent	5YZ0
Clc1cc(ccn1)-c1cc(nc2c(nccc12)-c1ccn[nH]1)N1CCOCC1	ATR Interacting Protein	140	US Patent	5YZ0
CCOC(=O)N=S(C)(=O)c1cccc(c1)-c1cc(nc2c(nccc12)-c1ccn[nH]1)N1CCOCC1	ATR Interacting Protein	141	US Patent	5YZ0
CCOC(=O)N=S(C)(=O)c1cccc(c1)-c1cc(nc2c(nccc12)-c1ccn[nH]1)N1CCOCC1	ATR Interacting Protein	141	US Patent	5YZ0
FC(F)c1cncc(c1)-c1ccc2ncc3nnc(C4=CCCCCC4)n3c2c1	ATR Interacting Protein	141	ChEMBL	5YZ0
C[C@@H]1COCCN1c1cc(N=S(C)(C)=O)nc(n1)-n1cnc2cnccc12	ATR Interacting Protein	143	US Patent	5YZ0
C[C@@H]1COCCN1c1cc(N=S(C)(C)=O)nc(n1)-n1cnc2cnccc12	ATR Interacting Protein	143	US Patent	5YZ0
C[C@@H]1COCCN1c1cc(N=S(C)(C)=O)nc(n1)-n1cnc2cnccc12	ATR Interacting Protein	143	US Patent	5YZ0
COc1ccc(cc1)-c1cc(nc2c(nccc12)-c1ccn[nH]1)N1CCOCC1	ATR Interacting Protein	146	US Patent	5YZ0
COc1ccc(cc1)-c1cc(nc2c(nccc12)-c1ccn[nH]1)N1CCOCC1	ATR Interacting Protein	146	US Patent	5YZ0
CSc1ncc(cn1)-c1cc(nc2c(nccc12)-c1ccn[nH]1)N1CCOCC1	ATR Interacting Protein	149	US Patent	5YZ0
CSc1ncc(cn1)-c1cc(nc2c(nccc12)-c1ccn[nH]1)N1CCOCC1	ATR Interacting Protein	149	US Patent	5YZ0
C[C@@H]1COCCN1c1cc(N=[S@](C)(=O)C2COC2)nc(n1)-c1ccnc(N)c1	ATR Interacting Protein	153	US Patent	5YZ0
CN(c1ccccc1)c1cc(nc2c(nccc12)-c1ccn[nH]1)N1CCOCC1	ATR Interacting Protein	153	US Patent	5YZ0
C[C@@H]1COCCN1c1cc(N=[S@](C)(=O)C2COC2)nc(n1)-c1ccnc(N)c1	ATR Interacting Protein	153	US Patent	5YZ0
CN(c1ccccc1)c1cc(nc2c(nccc12)-c1ccn[nH]1)N1CCOCC1	ATR Interacting Protein	153	US Patent	5YZ0
C[C@@H]1COCCN1c1cc(N=[S@](C)(=O)C2COC2)nc(n1)-c1ccnc(N)c1	ATR Interacting Protein	153	US Patent	5YZ0
COc1cc(ccn1)-c1cc(nc2c(nccc12)-c1ccn[nH]1)N1CCOCC1	ATR Interacting Protein	154	US Patent	5YZ0
COc1cc(ccn1)-c1cc(nc2c(nccc12)-c1ccn[nH]1)N1CCOCC1	ATR Interacting Protein	154	US Patent	5YZ0
C[C@@H]1COCCN1c1cc(N=S(C)(C)=O)nc(n1)-n1cnc(C)c1C	ATR Interacting Protein	158	US Patent	5YZ0
COc1cc(cc(N)n1)-c1nc(cc(n1)N1CCOC[C@H]1C)N=S(C)(=O)C1COC1	ATR Interacting Protein	158	US Patent	5YZ0
C[C@@H]1COCCN1c1cc(N=S(C)(C)=O)nc(n1)-n1cnc(C)c1C	ATR Interacting Protein	158	US Patent	5YZ0
COc1cc(cc(N)n1)-c1nc(cc(n1)N1CCOC[C@H]1C)N=S(C)(=O)C1COC1	ATR Interacting Protein	158	US Patent	5YZ0
C[C@@H]1COCCN1c1cc(N=S(C)(C)=O)nc(n1)-n1cnc(C)c1C	ATR Interacting Protein	158	US Patent	5YZ0
COc1cc(cc(N)n1)-c1nc(cc(n1)N1CCOC[C@H]1C)N=S(C)(=O)C1COC1	ATR Interacting Protein	158	US Patent	5YZ0
C[C@@H]1Cc2ncnc(N3CCCC(C3)S(C)(=O)=O)c2CN1c1cc(Cl)nc2[nH]ccc12	ATR Interacting Protein	159	US Patent	5YZ0
C[C@@H]1COCCN1c1cc(N=S(C)(C)=O)nc(n1)-c1cc(N)nc(c1)C(N)=O	ATR Interacting Protein	159	US Patent	5YZ0
C[C@@H]1Cc2ncnc(N3CCCC(C3)S(C)(=O)=O)c2CN1c1cc(Cl)nc2[nH]ccc12	ATR Interacting Protein	159	US Patent	5YZ0
C[C@@H]1COCCN1c1cc(C2CCCN(C)C2)c2ccnc(-c3ccn[nH]3)c2n1	ATR Interacting Protein	159	US Patent	5YZ0
FC1CCCN(C1)c1cc(nc2c(nccc12)-c1ccn[nH]1)N1CCOCC1	ATR Interacting Protein	159	US Patent	5YZ0
C[C@@H]1COCCN1c1cc(N=S(C)(C)=O)nc(n1)-c1cc(N)nc(c1)C(N)=O	ATR Interacting Protein	159	US Patent	5YZ0
C[C@@H]1COCCN1c1cc(C2CCCN(C)C2)c2ccnc(-c3ccn[nH]3)c2n1	ATR Interacting Protein	159	US Patent	5YZ0
FC1CCCN(C1)c1cc(nc2c(nccc12)-c1ccn[nH]1)N1CCOCC1	ATR Interacting Protein	159	US Patent	5YZ0
C[C@@H]1COCCN1c1cc(N=S(C)(C)=O)nc(n1)-c1cc(N)nc(c1)C(N)=O	ATR Interacting Protein	159	US Patent	5YZ0
Cc1cc(COc2cc(nc3c(nccc23)-c2ccn[nH]2)N2CCOCC2)on1	ATR Interacting Protein	161	US Patent	5YZ0
C[C@@H]1COCCN1c1cc(-c2cccc(C)n2)c2ccnc(-c3ccn[nH]3)c2n1	ATR Interacting Protein	161	US Patent	5YZ0
Cc1cc(COc2cc(nc3c(nccc23)-c2ccn[nH]2)N2CCOCC2)on1	ATR Interacting Protein	161	US Patent	5YZ0
C[C@@H]1COCCN1c1cc(-c2cccc(C)n2)c2ccnc(-c3ccn[nH]3)c2n1	ATR Interacting Protein	161	US Patent	5YZ0
CN1CCC(=CC1)c1cc(nc2c(nccc12)-c1ccn[nH]1)N1CCOCC1	ATR Interacting Protein	162	US Patent	5YZ0
C[C@@H]1COCCN1c1cc(OCCN)c2ccnc(-c3ccn[nH]3)c2n1	ATR Interacting Protein	162	US Patent	5YZ0
C1CN(CCO1)c1cc(-c2cccnc2)c2ccnc(-c3ccn[nH]3)c2n1	ATR Interacting Protein	162	US Patent	5YZ0
CCCN(C)c1cc(nc2c(nccc12)-c1ccn[nH]1)N1CCOCC1	ATR Interacting Protein	162	US Patent	5YZ0
CN1CCC(=CC1)c1cc(nc2c(nccc12)-c1ccn[nH]1)N1CCOCC1	ATR Interacting Protein	162	US Patent	5YZ0
C[C@@H]1COCCN1c1cc(OCCN)c2ccnc(-c3ccn[nH]3)c2n1	ATR Interacting Protein	162	US Patent	5YZ0
C1CN(CCO1)c1cc(-c2cccnc2)c2ccnc(-c3ccn[nH]3)c2n1	ATR Interacting Protein	162	US Patent	5YZ0
CCCC(C)c1cc(nc2c(nccc12)-c1ccn[nH]1)N1CCOCC1	ATR Interacting Protein	162	US Patent	5YZ0
C[C@@H]1Cc2ncnc(C3CCN(CC3)S(C)(=O)=O)c2CN1c1cc(Cl)nc2[nH]ccc12	ATR Interacting Protein	163	US Patent	5YZ0
C[C@@H]1Cc2ncnc(C3CCN(CC3)S(C)(=O)=O)c2CN1c1cc(Cl)nc2[nH]ccc12	ATR Interacting Protein	163	US Patent	5YZ0
CS(=O)(=O)c1cccc(c1)-c1cc(nc2c(nccc12)-c1cc[nH]n1)N1CCOCC1	ATR Interacting Protein	163	US Patent	5YZ0
CS(=O)(=O)c1cccc(c1)-c1cc(nc2c(nccc12)-c1cc[nH]n1)N1CCOCC1	ATR Interacting Protein	163	US Patent	5YZ0
C[C@H]1CN(CCO1)c1cc(nc2c(nccc12)-c1ccn[nH]1)N1CCOCC1	ATR Interacting Protein	168	US Patent	5YZ0
C[C@H]1CN(CCO1)c1cc(nc2c(nccc12)-c1ccn[nH]1)N1CCOCC1	ATR Interacting Protein	168	US Patent	5YZ0
CC(C)c1ccc(cc1)-c1cc(nc2c(nccc12)-c1ccn[nH]1)N1CCOCC1	ATR Interacting Protein	169	US Patent	5YZ0
CC(C)c1ccc(cc1)-c1cc(nc2c(nccc12)-c1ccn[nH]1)N1CCOCC1	ATR Interacting Protein	169	US Patent	5YZ0
CS(=O)(=O)Cc1cc(nc2c(nccc12)-c1ccn[nH]1)N1CCOCC1	ATR Interacting Protein	170	US Patent	5YZ0
CS(=O)(=O)Cc1cc(nc2c(nccc12)-c1ccn[nH]1)N1CCOCC1	ATR Interacting Protein	170	US Patent	5YZ0
Cc1cc(cnc1S(C)(=O)=O)-c1cc(nc2c(nccc12)-c1ccn[nH]1)N1CCOCC1	ATR Interacting Protein	173	US Patent	5YZ0
Nc1ccc(cn1)-c1cc(nc2c(nccc12)-c1ccn[nH]1)N1CCOCC1	ATR Interacting Protein	173	US Patent	5YZ0
Cc1cc(cnc1S(C)(=O)=O)-c1cc(nc2c(nccc12)-c1ccn[nH]1)N1CCOCC1	ATR Interacting Protein	173	US Patent	5YZ0
Nc1ccc(cn1)-c1cc(nc2c(nccc12)-c1ccn[nH]1)N1CCOCC1	ATR Interacting Protein	173	US Patent	5YZ0
CS(=O)(=O)c1cccc(c1)-c1cc(nc2c(nccc12)-c1cc[nH]n1)N1CCOCC1	ATR Interacting Protein	174	US Patent	5YZ0
Clc1cc(Cl)cc(c1)-c1cc(nc2c(nccc12)-c1ccn[nH]1)N1CCOCC1	ATR Interacting Protein	174	US Patent	5YZ0
C1CC1Nc1ncc(cn1)-c1cc(nc2c(nccc12)-c1ccn[nH]1)N1CCOCC1	ATR Interacting Protein	174	US Patent	5YZ0
CS(=O)(=O)c1cccc(c1)-c1cc(nc2c(nccc12)-c1cc[nH]n1)N1CCOCC1	ATR Interacting Protein	174	US Patent	5YZ0
Clc1cc(Cl)cc(c1)-c1cc(nc2c(nccc12)-c1ccn[nH]1)N1CCOCC1	ATR Interacting Protein	174	US Patent	5YZ0
C1CC1Nc1ncc(cn1)-c1cc(nc2c(nccc12)-c1ccn[nH]1)N1CCOCC1	ATR Interacting Protein	174	US Patent	5YZ0
Cc1cncc(c1)-c1cc(nc2c(nccc12)-c1ccn[nH]1)N1CCOCC1	ATR Interacting Protein	175	US Patent	5YZ0
Cc1cncc(c1)-c1cc(nc2c(nccc12)-c1ccn[nH]1)N1CCOCC1	ATR Interacting Protein	175	US Patent	5YZ0
Cc1cc(n[nH]1)-c1cc(nc2c(nccc12)-c1ccn[nH]1)N1CCOCC1	ATR Interacting Protein	176	US Patent	5YZ0
Clc1cncc(c1)-c1cc(nc2c(nccc12)-c1ccn[nH]1)N1CCOCC1	ATR Interacting Protein	176	US Patent	5YZ0
Cc1cc(n[nH]1)-c1cc(nc2c(nccc12)-c1ccn[nH]1)N1CCOCC1	ATR Interacting Protein	176	US Patent	5YZ0
Clc1cncc(c1)-c1cc(nc2c(nccc12)-c1ccn[nH]1)N1CCOCC1	ATR Interacting Protein	176	US Patent	5YZ0
CS(=N)(=O)c1cccc(c1)-c1cc(nc2c(nccc12)-c1ccn[nH]1)N1CCOCC1	ATR Interacting Protein	181	US Patent	5YZ0
COc1ccccc1-c1cc(nc2c(nccc12)-c1ccn[nH]1)N1CCOCC1	ATR Interacting Protein	181	US Patent	5YZ0
CS(=N)(=O)c1cccc(c1)-c1cc(nc2c(nccc12)-c1ccn[nH]1)N1CCOCC1	ATR Interacting Protein	181	US Patent	5YZ0
COc1ccccc1-c1cc(nc2c(nccc12)-c1ccn[nH]1)N1CCOCC1	ATR Interacting Protein	181	US Patent	5YZ0
C[C@@H]1COCCN1c1cc(N=S(C)(C)=O)nc(n1)-c1cc(N)nc(c1)C#N	ATR Interacting Protein	182	US Patent	5YZ0
C[C@@H]1COCCN1c1cc(N=S(C)(C)=O)nc(n1)-c1cc(N)nc(c1)C#N	ATR Interacting Protein	182	US Patent	5YZ0
C[C@@H]1COCCN1c1cc(N=S(C)(C)=O)nc(n1)-c1cc(N)nc(c1)C#N	ATR Interacting Protein	182	US Patent	5YZ0
C[C@@H]1Cc2ncnc(N3CC(C3)C(C)(C)O)c2CN1c1cc(Cl)nc2[nH]ccc12	ATR Interacting Protein	183	US Patent	5YZ0
C[C@@H]1Cc2ncnc(N3CC(C3)C(C)(C)O)c2CN1c1cc(Cl)nc2[nH]ccc12	ATR Interacting Protein	183	US Patent	5YZ0
C[C@@H]1Cc2ncnc(N3C[C@@H]4CC[C@H](C3)[C@@H]4NS(=O)(=O)C3CC3)c2CN1c1cc(Cl)nc2[nH]ccc12	ATR Interacting Protein	184	US Patent	5YZ0
C[C@@H]1Cc2ncnc(N3C[C@@H]4CC[C@H](C3)[C@@H]4NS(=O)(=O)C3CC3)c2CN1c1cc(Cl)nc2[nH]ccc12	ATR Interacting Protein	184	US Patent	5YZ0
C1CC(=CCN1)c1cc(nc2c(nccc12)-c1ccn[nH]1)N1CCOCC1	ATR Interacting Protein	185	US Patent	5YZ0
C1CC(=CCN1)c1cc(nc2c(nccc12)-c1ccn[nH]1)N1CCOCC1	ATR Interacting Protein	185	US Patent	5YZ0
FC(F)(F)c1ccc(cc1)-c1cc(nc2c(nccc12)-c1ccn[nH]1)N1CCOCC1	ATR Interacting Protein	188	US Patent	5YZ0
FC(F)(F)c1ccc(cc1)-c1cc(nc2c(nccc12)-c1ccn[nH]1)N1CCOCC1	ATR Interacting Protein	188	US Patent	5YZ0
COc1cc(OC)cc(c1)-c1cc(nc2c(nccc12)-c1ccn[nH]1)N1CCOCC1	ATR Interacting Protein	189	US Patent	5YZ0
COc1cc(OC)cc(c1)-c1cc(nc2c(nccc12)-c1ccn[nH]1)N1CCOCC1	ATR Interacting Protein	189	US Patent	5YZ0
CS(=O)(=O)c1nc(cs1)-c1cc(nc2c(nccc12)-c1ccn[nH]1)N1CCOCC1	ATR Interacting Protein	190	US Patent	5YZ0
CS(=O)(=O)c1nc(cs1)-c1cc(nc2c(nccc12)-c1ccn[nH]1)N1CCOCC1	ATR Interacting Protein	190	US Patent	5YZ0
C1CN(CCO1)c1cc(-c2cncc3ccccc23)c2ccnc(-c3ccn[nH]3)c2n1	ATR Interacting Protein	191	US Patent	5YZ0
C1CN(CCO1)c1cc(-c2cncc3ccccc23)c2ccnc(-c3ccn[nH]3)c2n1	ATR Interacting Protein	191	US Patent	5YZ0
COc1cc(nc2c(nccc12)-c1cc[nH]n1)N1CCOC[C@H]1C	ATR Interacting Protein	192	US Patent	5YZ0
COc1cc(nc2c(nccc12)-c1cc[nH]n1)N1CCOC[C@H]1C	ATR Interacting Protein	192	US Patent	5YZ0
COC(=O)c1cc(cs1)-c1cc(nc2c(nccc12)-c1ccn[nH]1)N1CCOCC1	ATR Interacting Protein	194	US Patent	5YZ0
COC(=O)c1cc(cs1)-c1cc(nc2c(nccc12)-c1ccn[nH]1)N1CCOCC1	ATR Interacting Protein	194	US Patent	5YZ0
C[C@@H]1COCCN1c1cc(N=S(C)(C)=O)nc(n1)-n1cnc2ccc(cc12)C#N	ATR Interacting Protein	195	US Patent	5YZ0
C[C@@H]1COCCN1c1cc(N=S(C)(C)=O)nc(n1)-n1cnc2ccc(cc12)C#N	ATR Interacting Protein	195	US Patent	5YZ0
C[C@@H]1COCCN1c1cc(N=S(C)(C)=O)nc(n1)-n1cnc2ccc(cc12)C#N	ATR Interacting Protein	195	US Patent	5YZ0
C1CN(CCO1)c1cc(-c2ccncc2)c2ccnc(-c3ccn[nH]3)c2n1	ATR Interacting Protein	196	US Patent	5YZ0
C1CN(CCO1)c1cc(-c2ccncc2)c2ccnc(-c3ccn[nH]3)c2n1	ATR Interacting Protein	196	US Patent	5YZ0
FC(F)c1cncc(c1)-c1ccc2ncc3[nH]nc(C4CCOCC4)c3c2c1	ATR Interacting Protein	197	ChEMBL	5YZ0
CCOc1ccc(cn1)-c1cc(nc2c(nccc12)-c1ccn[nH]1)N1CCOCC1	ATR Interacting Protein	199	US Patent	5YZ0
CCOc1ccc(cn1)-c1cc(nc2c(nccc12)-c1ccn[nH]1)N1CCOCC1	ATR Interacting Protein	199	US Patent	5YZ0
Cc1cc(COc2cc(nc3c(nccc23)-c2ccn[nH]2)N2CCOCC2)no1	ATR Interacting Protein	200	US Patent	5YZ0
Cc1cc(COc2cc(nc3c(nccc23)-c2ccn[nH]2)N2CCOCC2)no1	ATR Interacting Protein	200	US Patent	5YZ0
CNC(=O)c1cc(cc(N)n1)-c1nc(cc(n1)N1CCOC[C@H]1C)N=S(C)(C)=O	ATR Interacting Protein	205	US Patent	5YZ0
CC(C)(O)c1cc(nc2c(nccc12)-c1ccn[nH]1)N1CCOCC1	ATR Interacting Protein	205	US Patent	5YZ0
CNC(=O)c1cc(cc(N)n1)-c1nc(cc(n1)N1CCOC[C@H]1C)N=S(C)(C)=O	ATR Interacting Protein	205	US Patent	5YZ0
CC(C)(O)c1cc(nc2c(nccc12)-c1ccn[nH]1)N1CCOCC1	ATR Interacting Protein	205	US Patent	5YZ0
CNC(=O)c1cc(cc(N)n1)-c1nc(cc(n1)N1CCOC[C@H]1C)N=S(C)(C)=O	ATR Interacting Protein	205	US Patent	5YZ0
C[C@@H]1COCCN1c1cc(N=S(C)(C)=O)nc(n1)-c1ccnc(N)c1	ATR Interacting Protein	207	US Patent	5YZ0
C[C@@H]1COCCN1c1cc(N=S(C)(C)=O)nc(n1)-c1ccnc(N)c1	ATR Interacting Protein	207	US Patent	5YZ0
C[C@@H]1COCCN1c1cc(N=S(C)(C)=O)nc(n1)-c1ccnc(N)c1	ATR Interacting Protein	207	US Patent	5YZ0
C[C@@H]1COCCN1c1cc(N=S(C)(C)=O)nc(n1)-c1cccnc1	ATR Interacting Protein	208	US Patent	5YZ0
C[C@@H]1COCCN1c1cc(N=S(C)(C)=O)nc(n1)-c1cccnc1	ATR Interacting Protein	208	US Patent	5YZ0
C[C@@H]1COCCN1c1cc(N=S(C)(C)=O)nc(n1)-c1cccnc1	ATR Interacting Protein	208	US Patent	5YZ0
C1CC2COCC1N2c1cc(nc2c(nccc12)-c1ccn[nH]1)N1CCOCC1	ATR Interacting Protein	213	US Patent	5YZ0
C1CC2COCC1N2c1cc(nc2c(nccc12)-c1ccn[nH]1)N1CCOCC1	ATR Interacting Protein	213	US Patent	5YZ0
Cn1cc(cn1)-c1cc(nc2c(nccc12)-c1ccn[nH]1)N1CCOCC1	ATR Interacting Protein	215	US Patent	5YZ0
Cn1cc(cn1)-c1cc(nc2c(nccc12)-c1ccn[nH]1)N1CCOCC1	ATR Interacting Protein	215	US Patent	5YZ0
C[C@@H]1COCCN1c1cc(N=S(C)(C)=O)nc(n1)-c1ccnc(C)c1	ATR Interacting Protein	218	US Patent	5YZ0
C1CN(CCO1)c1cc(-c2cc[nH]n2)c2ccnc(-c3ccn[nH]3)c2n1	ATR Interacting Protein	218	US Patent	5YZ0
C[C@@H]1COCCN1c1cc(N=S(C)(C)=O)nc(n1)-c1ccnc(C)c1	ATR Interacting Protein	218	US Patent	5YZ0
C1CN(CCO1)c1cc(-c2cc[nH]n2)c2ccnc(-c3ccn[nH]3)c2n1	ATR Interacting Protein	218	US Patent	5YZ0
C[C@@H]1COCCN1c1cc(N=S(C)(C)=O)nc(n1)-c1ccnc(C)c1	ATR Interacting Protein	218	US Patent	5YZ0
C[C@@H]1COCCN1c1cc(N2CCCC2)c2ccnc(-c3ccn[nH]3)c2n1	ATR Interacting Protein	221	US Patent	5YZ0
C[C@@H]1COCCN1c1cc(N2CCCC2)c2ccnc(-c3ccn[nH]3)c2n1	ATR Interacting Protein	221	US Patent	5YZ0
C[C@@H]1Cc2ncnc(N3CC(C3)S(C)(=O)=O)c2CN1c1cc(Cl)nc2[nH]ccc12	ATR Interacting Protein	223	US Patent	5YZ0
C[C@@H]1Cc2ncnc(N3CC(C3)S(C)(=O)=O)c2CN1c1cc(Cl)nc2[nH]ccc12	ATR Interacting Protein	223	US Patent	5YZ0
O=C1CN(CCN1)c1cc(nc2c(nccc12)-c1ccn[nH]1)N1CCOCC1	ATR Interacting Protein	223	US Patent	5YZ0
O=C1CN(CCN1)c1cc(nc2c(nccc12)-c1ccn[nH]1)N1CCOCC1	ATR Interacting Protein	223	US Patent	5YZ0
C[C@@H]1COCCN1c1cc(-c2ncccc2C)c2ccnc(-c3ccn[nH]3)c2n1	ATR Interacting Protein	224	US Patent	5YZ0
C[C@@H]1COCCN1c1cc(-c2ncccc2C)c2ccnc(-c3ccn[nH]3)c2n1	ATR Interacting Protein	224	US Patent	5YZ0
C1CC1c1cc(nc2c(nccc12)-c1cc[nH]n1)N1CCOCC1	ATR Interacting Protein	228	US Patent	5YZ0
C1CC1c1cc(nc2c(nccc12)-c1cc[nH]n1)N1CCOCC1	ATR Interacting Protein	228	US Patent	5YZ0
CC(C)Oc1cc(nc2c(nccc12)-c1ccc[nH]1)N1CCOCC1	ATR Interacting Protein	230	US Patent	5YZ0
C[C@@H]1COCCN1c1cc(OCCCCN)c2ccnc(-c3ccn[nH]3)c2n1	ATR Interacting Protein	230	US Patent	5YZ0
CC(C)Oc1cc(nc2c(nccc12)-c1ccc[nH]1)N1CCOCC1	ATR Interacting Protein	230	US Patent	5YZ0
C[C@@H]1COCCN1c1cc(OCCCCN)c2ccnc(-c3ccn[nH]3)c2n1	ATR Interacting Protein	230	US Patent	5YZ0
CC(C)Sc1cc(nc2c(nccc12)-c1ccn[nH]1)N1CCOCC1	ATR Interacting Protein	231	US Patent	5YZ0
CC(C)Sc1cc(nc2c(nccc12)-c1ccn[nH]1)N1CCOCC1	ATR Interacting Protein	231	US Patent	5YZ0
C[C@@H]1COCCN1c1cc(N=S(C)(C)=O)nc(n1)-n1cnc2cnccc12	ATR Interacting Protein	233	US Patent	5YZ0
C[C@@H]1COCCN1c1cc(N=S(C)(C)=O)nc(n1)-n1cnc2cnccc12	ATR Interacting Protein	233	US Patent	5YZ0
C[C@@H]1COCCN1c1cc(N=S(C)(C)=O)nc(n1)-n1cnc2cnccc12	ATR Interacting Protein	233	US Patent	5YZ0
C[C@@H]1Cc2ncnc(N3CC[C@H](C3)S(C)(=O)=O)c2CN1c1cc(Cl)nc2[nH]ccc12	ATR Interacting Protein	237	US Patent	5YZ0
C[C@@H]1Cc2ncnc(N3CC[C@H](C3)S(C)(=O)=O)c2CN1c1cc(Cl)nc2[nH]ccc12	ATR Interacting Protein	237	US Patent	5YZ0
C[C@@H]1COCCN1c1cc(N=S(C)(=O)c2ccccc2O)c2ccnc(-c3ccn[nH]3)c2n1	ATR Interacting Protein	237	US Patent	5YZ0
C[C@@H]1COCCN1c1cc(N=S(C)(=O)c2ccccc2O)c2ccnc(-c3ccn[nH]3)c2n1	ATR Interacting Protein	237	US Patent	5YZ0
CCOc1ncccc1-c1cc(nc2c(nccc12)-c1ccn[nH]1)N1CCOCC1	ATR Interacting Protein	239	US Patent	5YZ0
CCOc1ncccc1-c1cc(nc2c(nccc12)-c1ccn[nH]1)N1CCOCC1	ATR Interacting Protein	239	US Patent	5YZ0
C1CN(CCO1)c1cc(-c2cc3ccccc3s2)c2ccnc(-c3ccn[nH]3)c2n1	ATR Interacting Protein	241	US Patent	5YZ0
CN(c1cccc(F)c1)c1cc(nc2c(nccc12)-c1ccn[nH]1)N1CCOCC1	ATR Interacting Protein	241	US Patent	5YZ0
C1CN(CCO1)c1cc(-c2cc3ccccc3s2)c2ccnc(-c3ccn[nH]3)c2n1	ATR Interacting Protein	241	US Patent	5YZ0
CN(c1cccc(F)c1)c1cc(nc2c(nccc12)-c1ccn[nH]1)N1CCOCC1	ATR Interacting Protein	241	US Patent	5YZ0
COc1cncc(c1)-c1cc(nc2c(nccc12)-c1ccn[nH]1)N1CCOCC1	ATR Interacting Protein	242	US Patent	5YZ0
COc1cncc(c1)-c1cc(nc2c(nccc12)-c1ccn[nH]1)N1CCOCC1	ATR Interacting Protein	242	US Patent	5YZ0
C[C@@H]1COCCN1c1cc(N=S(C)(C)=O)nc(n1)-c1cccc2nccn12	ATR Interacting Protein	244	US Patent	5YZ0
C[C@@H]1COCCN1c1cc(N=S(C)(C)=O)nc(n1)-c1cccc2nccn12	ATR Interacting Protein	244	US Patent	5YZ0
C[C@@H]1COCCN1c1cc(N=S(C)(C)=O)nc(n1)-c1cccc2nccn12	ATR Interacting Protein	244	US Patent	5YZ0
C[C@@H]1COCCN1c1cc(OCCCN)c2ccnc(-c3ccn[nH]3)c2n1	ATR Interacting Protein	245	US Patent	5YZ0
C[C@@H]1COCCN1c1cc(OCCCN)c2ccnc(-c3ccn[nH]3)c2n1	ATR Interacting Protein	245	US Patent	5YZ0
C[C@@H]1Cc2ncnc(N3CCC(O)(CC3)C3CC3)c2CN1c1cc(Cl)nc2[nH]ccc12	ATR Interacting Protein	246	US Patent	5YZ0
C[C@@H]1Cc2ncnc(N3CC(C3)C#N)c2CN1c1ccnc2[nH]ccc12	ATR Interacting Protein	246	US Patent	5YZ0
C[C@@H]1COCCN1c1cc(N=S(C)(C)=O)nc(n1)-c1ccnc2[nH]c(C)nc12	ATR Interacting Protein	246	US Patent	5YZ0
C[C@@H]1Cc2ncnc(N3CCC(O)(CC3)C3CC3)c2CN1c1cc(Cl)nc2[nH]ccc12	ATR Interacting Protein	246	US Patent	5YZ0
C[C@@H]1Cc2ncnc(N3CC(C3)C#N)c2CN1c1ccnc2[nH]ccc12	ATR Interacting Protein	246	US Patent	5YZ0
C[C@@H]1COCCN1c1cc(N=S(C)(C)=O)nc(n1)-c1ccnc2[nH]c(C)nc12	ATR Interacting Protein	246	US Patent	5YZ0
C[C@@H]1COCCN1c1cc(N=S(C)(C)=O)nc(n1)-c1ccnc2[nH]c(C)nc12	ATR Interacting Protein	246	US Patent	5YZ0
CP(C)(=O)c1cc(nc2c(nccc12)-c1ccn[nH]1)N1CCOCC1	ATR Interacting Protein	250	US Patent	5YZ0
CP(C)(=O)c1cc(nc2c(nccc12)-c1ccn[nH]1)N1CCOCC1	ATR Interacting Protein	250	US Patent	5YZ0
Cc1cc(ccn1)-c1cc(nc2c(nccc12)-c1ccn[nH]1)N1CCOCC1	ATR Interacting Protein	251	US Patent	5YZ0
NC(=O)C1CCCN(C1)c1cc(nc2c(nccc12)-c1ccn[nH]1)N1CCOCC1	ATR Interacting Protein	251	US Patent	5YZ0
Cc1cc(ccn1)-c1cc(nc2c(nccc12)-c1ccn[nH]1)N1CCOCC1	ATR Interacting Protein	251	US Patent	5YZ0
NC(=O)C1CCCN(C1)c1cc(nc2c(nccc12)-c1ccn[nH]1)N1CCOCC1	ATR Interacting Protein	251	US Patent	5YZ0
COC(=O)[C@@H]1CCCN(C1)c1ncnc2C[C@@H](C)N(Cc12)c1cc(Cl)nc2[nH]ccc12	ATR Interacting Protein	253	US Patent	5YZ0
COC(=O)[C@@H]1CCCN(C1)c1ncnc2C[C@@H](C)N(Cc12)c1cc(Cl)nc2[nH]ccc12	ATR Interacting Protein	253	US Patent	5YZ0
COc1cc(cc(N)n1)-c1nc(cc(n1)N1CCOC[C@H]1C)N=[S@](C)(=O)C1CC1	ATR Interacting Protein	258	US Patent	5YZ0
CCOc1cc(nc2c(nccc12)-c1cc[nH]n1)N1CCOCC1	ATR Interacting Protein	258	US Patent	5YZ0
COc1cc(cc(N)n1)-c1nc(cc(n1)N1CCOC[C@H]1C)N=[S@](C)(=O)C1CC1	ATR Interacting Protein	258	US Patent	5YZ0
CCOc1cc(nc2c(nccc12)-c1cc[nH]n1)N1CCOCC1	ATR Interacting Protein	258	US Patent	5YZ0
COc1cc(cc(N)n1)-c1nc(cc(n1)N1CCOC[C@H]1C)N=[S@](C)(=O)C1CC1	ATR Interacting Protein	258	US Patent	5YZ0
CS(C)(=O)=Nc1cc(nc(n1)-c1ccnc2[nH]ccc12)N1CCOC[C@H]1CF	ATR Interacting Protein	259	US Patent	5YZ0
CS(C)(=O)=Nc1cc(nc(n1)-c1ccnc2[nH]ccc12)N1CCOC[C@H]1CF	ATR Interacting Protein	259	US Patent	5YZ0
CS(C)(=O)=Nc1cc(nc(n1)-c1ccnc2[nH]ccc12)N1CCOC[C@H]1CF	ATR Interacting Protein	259	US Patent	5YZ0
C(Oc1cc(nc2c(nccc12)-c1ccn[nH]1)N1CCOCC1)C1CCCO1	ATR Interacting Protein	262	US Patent	5YZ0
C(Oc1cc(nc2c(nccc12)-c1ccn[nH]1)N1CCOCC1)C1CCCO1	ATR Interacting Protein	262	US Patent	5YZ0
COc1cc(N2Cc3c(C[C@H]2C)ncnc3C2CCN(CC2)S(C)(=O)=O)c2cc[nH]c2n1	ATR Interacting Protein	269	US Patent	5YZ0
COc1cc(N2Cc3c(C[C@H]2C)ncnc3C2CCN(CC2)S(C)(=O)=O)c2cc[nH]c2n1	ATR Interacting Protein	269	US Patent	5YZ0
C[C@@H]1Cc2ncnc(C3CCN(CC3)S(C)(=O)=O)c2CN1c1cc(nc2[nH]ccc12)C1CC1	ATR Interacting Protein	270	US Patent	5YZ0
C[C@@H]1Cc2ncnc(C3CCN(CC3)S(C)(=O)=O)c2CN1c1cc(nc2[nH]ccc12)C1CC1	ATR Interacting Protein	270	US Patent	5YZ0
FC(F)c1cncc(c1)-c1ccc2ncc3nnc(C4=CCCCC4)n3c2c1	ATR Interacting Protein	270	ChEMBL	5YZ0
CS(C)(=O)=Nc1cc(nc2c(nccc12)-c1ccn[nH]1)N1CCOCC1	ATR Interacting Protein	276	US Patent	5YZ0
CS(C)(=O)=Nc1cc(nc2c(nccc12)-c1ccn[nH]1)N1CCOCC1	ATR Interacting Protein	276	US Patent	5YZ0
CCOc1cc(cc(N)n1)-c1nc(cc(n1)N1CCOC[C@H]1C)N=S(C)(C)=O	ATR Interacting Protein	277	US Patent	5YZ0
CCOc1cc(cc(N)n1)-c1nc(cc(n1)N1CCOC[C@H]1C)N=S(C)(C)=O	ATR Interacting Protein	277	US Patent	5YZ0
CCOc1cc(cc(N)n1)-c1nc(cc(n1)N1CCOC[C@H]1C)N=S(C)(C)=O	ATR Interacting Protein	277	US Patent	5YZ0
C[C@@H]1Cc2ncnc(C3C[C@@H]4CC[C@H](C3)[C@@H]4NS(C)(=O)=O)c2CN1c1ccnc2[nH]ccc12	ATR Interacting Protein	279	US Patent	5YZ0
C[C@@H]1Cc2ncnc(N3C[C@@H]4CC[C@H](C3)[C@@H]4NS(C)(=O)=O)c2CN1c1ccnc2[nH]ccc12	ATR Interacting Protein	279	US Patent	5YZ0
C1CN(CCO1)c1cc(N2CCCCCC2)c2ccnc(-c3ccn[nH]3)c2n1	ATR Interacting Protein	279	US Patent	5YZ0
C1CN(CCO1)c1cc(N2CCCCCC2)c2ccnc(-c3ccn[nH]3)c2n1	ATR Interacting Protein	279	US Patent	5YZ0
CCC1(O)CCN(CC1)c1ncnc2C[C@@H](C)N(Cc12)c1cc(Cl)nc2[nH]ccc12	ATR Interacting Protein	282	US Patent	5YZ0
CCC1(O)CCN(CC1)c1ncnc2C[C@@H](C)N(Cc12)c1cc(Cl)nc2[nH]ccc12	ATR Interacting Protein	282	US Patent	5YZ0
C[C@@H]1Cc2ncnc(N3CC4CCC(C3)C4NS(C)(=O)=O)c2CN1c1cc(Cl)nc2[nH]ccc12	ATR Interacting Protein	283	US Patent	5YZ0
C[C@@H]1Cc2ncnc(N3CC4CCC(C3)C4NS(C)(=O)=O)c2CN1c1ccnc2[nH]ccc12	ATR Interacting Protein	283	US Patent	5YZ0
C[C@@H]1COCCN1c1cc(N=[S@](C)(=O)C2CC2)nc(n1)-c1cc(N)nc(Cl)c1	ATR Interacting Protein	284	US Patent	5YZ0
C[C@@H]1COCCN1c1cc(N=[S@](C)(=O)C2CC2)nc(n1)-c1cc(N)nc(Cl)c1	ATR Interacting Protein	284	US Patent	5YZ0
C[C@@H]1COCCN1c1cc(N=[S@@](C)(=O)C2CC2)nc(n1)-c1cc(N)nc(Cl)c1	ATR Interacting Protein	284	US Patent	5YZ0
C[C@@H]1Cc2ncnc(C3CN(C3)S(C)(=O)=O)c2CN1c1cc(Cl)nc2[nH]ccc12	ATR Interacting Protein	287	US Patent	5YZ0
C[C@@H]1Cc2ncnc(C3CN(C3)S(C)(=O)=O)c2CN1c1cc(Cl)nc2[nH]ccc12	ATR Interacting Protein	287	US Patent	5YZ0
C[C@@H]1COCCN1c1cc(OCCCNC(=O)OC(C)(C)C)c2ccnc(-c3ccn[nH]3)c2n1	ATR Interacting Protein	288	US Patent	5YZ0
C[C@@H]1COCCN1c1cc(OCCCNC(=O)OC(C)(C)C)c2ccnc(-c3ccn[nH]3)c2n1	ATR Interacting Protein	288	US Patent	5YZ0
CS(=N)(=O)c1cccc(c1)-c1cc(nc2c(nccc12)-c1ccn[nH]1)N1CCOCC1	ATR Interacting Protein	293	US Patent	5YZ0
CC(C)(O)COc1cc(nc2c(nccc12)-c1ccn[nH]1)N1CCOCC1	ATR Interacting Protein	293	US Patent	5YZ0
O=S(=O)(c1ccccc1)c1cc(nc2c(nccc12)-c1ccn[nH]1)N1CCOCC1	ATR Interacting Protein	293	US Patent	5YZ0
O=S1(CCOCC1)=Nc1cc(nc2c(nccc12)-c1ccn[nH]1)N1CCOCC1	ATR Interacting Protein	293	US Patent	5YZ0
CS(=N)(=O)c1cccc(c1)-c1cc(nc2c(nccc12)-c1ccn[nH]1)N1CCOCC1	ATR Interacting Protein	293	US Patent	5YZ0
CC(C)(O)COc1cc(nc2c(nccc12)-c1ccn[nH]1)N1CCOCC1	ATR Interacting Protein	293	US Patent	5YZ0
O=S(=O)(c1ccccc1)c1cc(nc2c(nccc12)-c1ccn[nH]1)N1CCOCC1	ATR Interacting Protein	293	US Patent	5YZ0
O=S1(CCOCC1)=Nc1cc(nc2c(nccc12)-c1ccn[nH]1)N1CCOCC1	ATR Interacting Protein	293	US Patent	5YZ0
COc1ncccc1-c1cc(nc2c(nccc12)-c1ccn[nH]1)N1CCOCC1	ATR Interacting Protein	295	US Patent	5YZ0
COc1ncccc1-c1cc(nc2c(nccc12)-c1ccn[nH]1)N1CCOCC1	ATR Interacting Protein	295	US Patent	5YZ0
O=C(N1CCCCC1)c1cccc(c1)-c1cc(nc2c(nccc12)-c1ccn[nH]1)N1CCOCC1	ATR Interacting Protein	296	US Patent	5YZ0
O=C(N1CCCCC1)c1cccc(c1)-c1cc(nc2c(nccc12)-c1ccn[nH]1)N1CCOCC1	ATR Interacting Protein	296	US Patent	5YZ0
Nc1ncccc1-c1cc(nc2c(nccc12)-c1ccn[nH]1)N1CCOCC1	ATR Interacting Protein	299	US Patent	5YZ0
Nc1ncccc1-c1cc(nc2c(nccc12)-c1ccn[nH]1)N1CCOCC1	ATR Interacting Protein	299	US Patent	5YZ0
CSc1cncc(c1)-c1cc(nc2c(nccc12)-c1ccn[nH]1)N1CCOCC1	ATR Interacting Protein	300	US Patent	5YZ0
CSc1cncc(c1)-c1cc(nc2c(nccc12)-c1ccn[nH]1)N1CCOCC1	ATR Interacting Protein	300	US Patent	5YZ0
CC(C)S(=O)(=Nc1cc(nc2c(nccc12)-c1ccn[nH]1)N1CCOC[C@H]1C)c1ccc(Br)cc1	ATR Interacting Protein	304	US Patent	5YZ0
CC(C)S(=O)(=Nc1cc(nc2c(nccc12)-c1ccn[nH]1)N1CCOC[C@H]1C)c1ccc(Br)cc1	ATR Interacting Protein	304	US Patent	5YZ0
C[C@@H]1COCCN1c1cc(N=S(C)(=O)C2COC2)nc(n1)-c1ccnc(N)c1	ATR Interacting Protein	306	US Patent	5YZ0
C[C@@H]1COCCN1c1cc(N=S(C)(=O)C2COC2)nc(n1)-c1ccnc(N)c1	ATR Interacting Protein	306	US Patent	5YZ0
C[C@@H]1COCCN1c1cc(N=S(C)(=O)C2COC2)nc(n1)-c1ccnc(N)c1	ATR Interacting Protein	306	US Patent	5YZ0
COc1cc(ccn1)-c1nc(cc(n1)N1CCOC[C@H]1C)N=S(C)(C)=O	ATR Interacting Protein	307	US Patent	5YZ0
COc1cc(ccn1)-c1nc(cc(n1)N1CCOC[C@H]1C)N=S(C)(C)=O	ATR Interacting Protein	307	US Patent	5YZ0
COc1cc(ccn1)-c1nc(cc(n1)N1CCOC[C@H]1C)N=S(C)(C)=O	ATR Interacting Protein	307	US Patent	5YZ0
CC(C)(C)n1cc(cn1)-c1cc(nc2c(nccc12)-c1ccn[nH]1)N1CCOCC1	ATR Interacting Protein	309	US Patent	5YZ0
CC(C)(C)n1cc(cn1)-c1cc(nc2c(nccc12)-c1ccn[nH]1)N1CCOCC1	ATR Interacting Protein	309	US Patent	5YZ0
CCOc1cc(N2Cc3c(C[C@@H]2CF)ncnc3C2CCN(CC2)S(C)(=O)=O)c2cc[nH]c2n1	ATR Interacting Protein	311	US Patent	5YZ0
CCOc1cc(N2Cc3c(C[C@@H]2CF)ncnc3C2CCN(CC2)S(C)(=O)=O)c2cc[nH]c2n1	ATR Interacting Protein	311	US Patent	5YZ0
Cn1nc2cnc3ccc(cc3c2c1C1CCOCC1)-c1cncc(c1)C(F)F	ATR Interacting Protein	314	ChEMBL	5YZ0
C[C@@H]1COCCN1c1cc(N=S(C)(C)=O)nc(n1)-c1ccnc2[nH]c(OCC(F)(F)F)cc12	ATR Interacting Protein	316	US Patent	5YZ0
C[C@@H]1COCCN1c1cc(N=S(C)(C)=O)nc(n1)-c1ccnc2[nH]c(OCC(F)(F)F)cc12	ATR Interacting Protein	316	US Patent	5YZ0
C[C@@H]1COCCN1c1cc(N=S(C)(C)=O)nc(n1)-c1ccnc2[nH]c(OCC(F)(F)F)cc12	ATR Interacting Protein	316	US Patent	5YZ0
O=C1CCCN1c1cc(nc2c(nccc12)-c1ccn[nH]1)N1CCOCC1	ATR Interacting Protein	317	US Patent	5YZ0
O=C1CCCN1c1cc(nc2c(nccc12)-c1ccn[nH]1)N1CCOCC1	ATR Interacting Protein	317	US Patent	5YZ0
C[C@@H]1Cc2ncnc(N3CC(O)C3)c2CN1c1cc(Cl)nc2[nH]ccc12	ATR Interacting Protein	320	US Patent	5YZ0
C[C@@H]1Cc2ncnc(N3CC(O)C3)c2CN1c1cc(Cl)nc2[nH]ccc12	ATR Interacting Protein	320	US Patent	5YZ0
Cc1cc(nc2c(nccc12)-c1cc[nH]n1)N1CCOCC1	ATR Interacting Protein	320	US Patent	5YZ0
Cc1cc(nc2c(nccc12)-c1cc[nH]n1)N1CCOCC1	ATR Interacting Protein	320	US Patent	5YZ0
C[C@@H]1Cc2ncnc(C3CCN(CC3)S(C)(=O)=O)c2CN1c1cc(OCC(F)(F)F)nc2[nH]ccc12	ATR Interacting Protein	321	US Patent	5YZ0
C[C@@H]1Cc2ncnc(C3CCN(CC3)S(C)(=O)=O)c2CN1c1cc(OCC(F)(F)F)nc2[nH]ccc12	ATR Interacting Protein	321	US Patent	5YZ0
C[C@@H]1COCCN1c1cc(OCCNC(=O)OC(C)(C)C)c2ccnc(-c3ccn[nH]3)c2n1	ATR Interacting Protein	324	US Patent	5YZ0
C[C@@H]1COCCN1c1cc(OCCNC(=O)OC(C)(C)C)c2ccnc(-c3ccn[nH]3)c2n1	ATR Interacting Protein	324	US Patent	5YZ0
COc1cccc(c1OC)-c1cc(nc2c(nccc12)-c1ccn[nH]1)N1CCOCC1	ATR Interacting Protein	325	US Patent	5YZ0
COc1cccc(c1OC)-c1cc(nc2c(nccc12)-c1ccn[nH]1)N1CCOCC1	ATR Interacting Protein	325	US Patent	5YZ0
C[C@@H]1COCCN1c1cc(N=S(C)(C)=O)nc(n1)-n1c(C)nc2cccc(F)c12	ATR Interacting Protein	326	US Patent	5YZ0
C[C@@H]1COCCN1c1cc(N=S(C)(C)=O)nc(n1)-n1c(C)nc2cccc(F)c12	ATR Interacting Protein	326	US Patent	5YZ0
C[C@@H]1COCCN1c1cc(N=S(C)(C)=O)nc(n1)-n1c(C)nc2cccc(F)c12	ATR Interacting Protein	326	US Patent	5YZ0
COc1cc(nc2c(nccc12)-c1cc[nH]n1)N1CCOCC1	ATR Interacting Protein	327	US Patent	5YZ0
COc1cc(nc2c(nccc12)-c1cc[nH]n1)N1CCOCC1	ATR Interacting Protein	327	US Patent	5YZ0
C1CN(CCO1)c1cc(-c2ccc3cc[nH]c3c2)c2ccnc(-c3ccn[nH]3)c2n1	ATR Interacting Protein	328	US Patent	5YZ0
C1CN(CCO1)c1cc(-c2ccc3cc[nH]c3c2)c2ccnc(-c3ccn[nH]3)c2n1	ATR Interacting Protein	328	US Patent	5YZ0
C[C@@H]1Cc2ncnc([C@@H]3C[C@@H]4CC[C@H](C3)N4S(C)(=O)=O)c2CN1c1cc(Cl)nc2[nH]ccc12	ATR Interacting Protein	329	US Patent	5YZ0
C[C@@H]1Cc2ncnc(N3CCC(CC3)C(C)(C)O)c2CN1c1cc(Cl)nc2[nH]ccc12	ATR Interacting Protein	329	US Patent	5YZ0
C[C@@H]1Cc2ncnc(N3CC[C@@H](C3)S(C)(=O)=O)c2CN1c1cc(Cl)nc2[nH]ccc12	ATR Interacting Protein	329	US Patent	5YZ0
C[C@@H]1Cc2ncnc(C3C[C@@H]4CC[C@H](C3)N4S(C)(=O)=O)c2CN1c1cc(Cl)nc2[nH]ccc12	ATR Interacting Protein	329	US Patent	5YZ0
C[C@@H]1Cc2ncnc(N3CCC(CC3)C(C)(C)O)c2CN1c1cc(Cl)nc2[nH]ccc12	ATR Interacting Protein	329	US Patent	5YZ0
C[C@@H]1Cc2ncnc(N3CC[C@@H](C3)S(C)(=O)=O)c2CN1c1cc(Cl)nc2[nH]ccc12	ATR Interacting Protein	329	US Patent	5YZ0
C[C@@H]1COCCN1c1cc(N=S(C)(C)=O)nc(n1)-n1ccnc1Cl	ATR Interacting Protein	334	US Patent	5YZ0
C[C@@H]1COCCN1c1cc(N=S(C)(C)=O)nc(n1)-n1ccnc1Cl	ATR Interacting Protein	334	US Patent	5YZ0
C[C@@H]1COCCN1c1cc(N=S(C)(C)=O)nc(n1)-n1ccnc1Cl	ATR Interacting Protein	334	US Patent	5YZ0
CS(C)(=O)=Nc1cc(nc2c(nccc12)-c1ccn[nH]1)N1CCOCC1	ATR Interacting Protein	335	US Patent	5YZ0
CS(C)(=O)=Nc1cc(nc2c(nccc12)-c1ccn[nH]1)N1CCOCC1	ATR Interacting Protein	335	US Patent	5YZ0
C[C@@H]1Cc2ncnc(C3CCN(CC3)S(C)(=O)=O)c2CN1c1cc(nc2[nH]ccc12)C#N	ATR Interacting Protein	336	US Patent	5YZ0
C[C@@H]1Cc2ncnc(C3CCN(CC3)S(C)(=O)=O)c2CN1c1cc(nc2[nH]ccc12)C#N	ATR Interacting Protein	336	US Patent	5YZ0
CC(C)Oc1cc(nc2c(nccc12)-c1ccc[nH]1)N1CCOCC1	ATR Interacting Protein	339	US Patent	5YZ0
CC(C)Oc1cc(nc2c(nccc12)-c1ccc[nH]1)N1CCOCC1	ATR Interacting Protein	339	US Patent	5YZ0
CN(C)C(=O)c1cccc(c1)-c1cc(nc2c(nccc12)-c1ccn[nH]1)N1CCOCC1	ATR Interacting Protein	345	US Patent	5YZ0
CN(C)C(=O)c1cccc(c1)-c1cc(nc2c(nccc12)-c1ccn[nH]1)N1CCOCC1	ATR Interacting Protein	345	US Patent	5YZ0
C[C@@H]1COCCN1c1cc(N=S(C)(C)=O)nc(n1)-n1ccnc1	ATR Interacting Protein	353	US Patent	5YZ0
C[C@@H]1COCCN1c1cc(N=S(C)(C)=O)nc(n1)-n1ccnc1	ATR Interacting Protein	353	US Patent	5YZ0
C[C@@H]1COCCN1c1cc(N=S(C)(C)=O)nc(n1)-n1ccnc1	ATR Interacting Protein	353	US Patent	5YZ0
N#Cc1cc(nc2c(nccc12)-c1cc[nH]n1)N1CCOCC1	ATR Interacting Protein	357	US Patent	5YZ0
COc1ncc(Cl)cc1-c1cc(nc2c(nccc12)-c1ccn[nH]1)N1CCOCC1	ATR Interacting Protein	357	US Patent	5YZ0
N#Cc1cc(nc2c(nccc12)-c1cc[nH]n1)N1CCOCC1	ATR Interacting Protein	357	US Patent	5YZ0
COc1ncc(Cl)cc1-c1cc(nc2c(nccc12)-c1ccn[nH]1)N1CCOCC1	ATR Interacting Protein	357	US Patent	5YZ0
C[C@@H]1Cc2ncnc(N3CCCC(C3)C#N)c2CN1c1ccnc2[nH]ccc12	ATR Interacting Protein	364	US Patent	5YZ0
C[C@@H]1Cc2ncnc(N3CCCC(C3)C#N)c2CN1c1ccnc2[nH]ccc12	ATR Interacting Protein	364	US Patent	5YZ0
CCOc1ncc(cc1Cl)-c1cc(nc2c(nccc12)-c1ccn[nH]1)N1CCOCC1	ATR Interacting Protein	364	US Patent	5YZ0
CCOc1ncc(cc1Cl)-c1cc(nc2c(nccc12)-c1ccn[nH]1)N1CCOCC1	ATR Interacting Protein	364	US Patent	5YZ0
C[C@@H]1COCCN1c1cc(-c2ccccc2NC(C)=O)c2ccnc(-c3ccn[nH]3)c2n1	ATR Interacting Protein	365	US Patent	5YZ0
C[C@@H]1COCCN1c1cc(-c2ccccc2NC(C)=O)c2ccnc(-c3ccn[nH]3)c2n1	ATR Interacting Protein	365	US Patent	5YZ0
C[C@@H]1COCCN1c1cc(N=S(C)(C)=O)nc(c1)-c1ccnc(N)c1	ATR Interacting Protein	372	US Patent	5YZ0
Cc1cc(cc(C)c1C)-c1cc(nc2c(nccc12)-c1ccn[nH]1)N1CCOCC1	ATR Interacting Protein	376	US Patent	5YZ0
C1CN(CCO1)c1cc(-c2ccc(cc2)-c2ccccc2)c2ccnc(-c3ccn[nH]3)c2n1	ATR Interacting Protein	376	US Patent	5YZ0
Cc1cc(cc(C)c1O)-c1cc(nc2c(nccc12)-c1ccn[nH]1)N1CCOCC1	ATR Interacting Protein	376	US Patent	5YZ0
C1CN(CCO1)c1cc(-c2ccc(cc2)-c2ccccc2)c2ccnc(-c3ccn[nH]3)c2n1	ATR Interacting Protein	376	US Patent	5YZ0
C[C@H]1CN([C@H](C)CN1)c1cc(nc2c(nccc12)-c1ccn[nH]1)N1CCOCC1	ATR Interacting Protein	377	US Patent	5YZ0
C[C@H]1CN([C@H](C)CN1)c1cc(nc2c(nccc12)-c1ccn[nH]1)N1CCOCC1	ATR Interacting Protein	377	US Patent	5YZ0
C[C@@H]1Cc2ncnc(N3CCC[C@@H](C3)C(C)(C)O)c2CN1c1cc(Cl)nc2[nH]ccc12	ATR Interacting Protein	378	US Patent	5YZ0
C[C@@H]1Cc2ncnc(N3CCC[C@@H](C3)C(C)(C)O)c2CN1c1cc(Cl)nc2[nH]ccc12	ATR Interacting Protein	378	US Patent	5YZ0
C[C@@H]1COCCN1c1cc(-c2ccc(C)nc2)c2ncc(-c3ccn[nH]3)n2n1	ATR Interacting Protein	379	ChEMBL	5YZ0
CCSc1cc(nc2c(nccc12)-c1ccn[nH]1)N1CCOCC1	ATR Interacting Protein	385	US Patent	5YZ0
CCSc1cc(nc2c(nccc12)-c1ccn[nH]1)N1CCOCC1	ATR Interacting Protein	385	US Patent	5YZ0
C[C@@H]1COCCN1c1cc(N=[S@@](C)(=O)c2ccccc2F)c2ccnc(-c3ccn[nH]3)c2n1	ATR Interacting Protein	386	US Patent	5YZ0
C[C@@H]1COCCN1c1cc(N=[S@@](C)(=O)c2ccccc2F)c2ccnc(-c3ccn[nH]3)c2n1	ATR Interacting Protein	386	US Patent	5YZ0
C[C@@H]1COCCN1c1cc(N=[S@](C)(=O)C2COC2)nc(n1)-c1ccnc(N)c1	ATR Interacting Protein	387	US Patent	5YZ0
C[C@@H]1COCCN1c1cc(N=[S@](C)(=O)C2COC2)nc(n1)-c1ccnc(N)c1	ATR Interacting Protein	387	US Patent	5YZ0
C[C@@H]1COCCN1c1cc(N=[S@@](C)(=O)C2COC2)nc(n1)-c1ccnc(N)c1	ATR Interacting Protein	387	US Patent	5YZ0
FC(F)c1cncc(c1)-c1ccc2ncc3nnc(C4=CCCOCC4)n3c2c1	ATR Interacting Protein	394	ChEMBL	5YZ0
CN(C)c1cc(nc2c(nccc12)-c1ccn[nH]1)N1CCOCC1	ATR Interacting Protein	404	US Patent	5YZ0
CN(C)c1cc(nc2c(nccc12)-c1ccn[nH]1)N1CCOCC1	ATR Interacting Protein	404	US Patent	5YZ0
C[C@@H]1COCCN1c1cc(N=S(C)(C)=O)nc(n1)-c1ccnc2[nH]c(cc12)C1CC1	ATR Interacting Protein	405	US Patent	5YZ0
OCc1cc(nc2c(nccc12)-c1ccn[nH]1)N1CCOCC1	ATR Interacting Protein	405	US Patent	5YZ0
C[C@@H]1COCCN1c1cc(N=S(C)(C)=O)nc(n1)-c1ccnc2[nH]c(cc12)C1CC1	ATR Interacting Protein	405	US Patent	5YZ0
OCc1cc(nc2c(nccc12)-c1ccn[nH]1)N1CCOCC1	ATR Interacting Protein	405	US Patent	5YZ0
C[C@@H]1COCCN1c1cc(N=S(C)(C)=O)nc(n1)-c1ccnc2[nH]c(cc12)C1CC1	ATR Interacting Protein	405	US Patent	5YZ0
Cc1nc(C2CCOCC2)n2c1cnc1ccc(cc21)-c1cncc(c1)C(F)F	ATR Interacting Protein	407	ChEMBL	5YZ0
COC(=O)N1CCCC(C1)c1ncnc2C[C@@H](C)N(Cc12)c1cc(Cl)nc2[nH]ccc12	ATR Interacting Protein	408	US Patent	5YZ0
COC(=O)N1CCCC(C1)c1ncnc2C[C@@H](C)N(Cc12)c1cc(Cl)nc2[nH]ccc12	ATR Interacting Protein	408	US Patent	5YZ0
C[C@@H]1COCCN1c1cc(-c2cccnc2O)c2ccnc(-c3ccn[nH]3)c2n1	ATR Interacting Protein	408	US Patent	5YZ0
C[C@@H]1COCCN1c1cc(-c2cccnc2O)c2ccnc(-c3ccn[nH]3)c2n1	ATR Interacting Protein	408	US Patent	5YZ0
C(Oc1cc(nc2c(nccc12)-c1cc[nH]n1)N1CCOCC1)c1ccccc1	ATR Interacting Protein	410	US Patent	5YZ0
C(Oc1cc(nc2c(nccc12)-c1cc[nH]n1)N1CCOCC1)c1ccccc1	ATR Interacting Protein	410	US Patent	5YZ0
CC(C)Oc1cc(nc2c(nccc12)-c1ccn[nH]1)N1[C@@H](C)COC[C@H]1C	ATR Interacting Protein	413	US Patent	5YZ0
CC(C)Oc1cc(nc2c(nccc12)-c1ccn[nH]1)N1[C@@H](C)COC[C@H]1C	ATR Interacting Protein	413	US Patent	5YZ0
COc1cc(cc(N)n1)-c1nc(cc(n1)N1CCOC[C@H]1C)N=[S@](C)(=O)C1COC1	ATR Interacting Protein	419	US Patent	5YZ0
CC(C)Oc1ncccc1-c1cc(nc2c(nccc12)-c1ccn[nH]1)N1CCOCC1	ATR Interacting Protein	419	US Patent	5YZ0
COc1cc(cc(N)n1)-c1nc(cc(n1)N1CCOC[C@H]1C)N=[S@](C)(=O)C1COC1	ATR Interacting Protein	419	US Patent	5YZ0
CC(C)Oc1ncccc1-c1cc(nc2c(nccc12)-c1ccn[nH]1)N1CCOCC1	ATR Interacting Protein	419	US Patent	5YZ0
COc1cc(cc(N)n1)-c1nc(cc(n1)N1CCOC[C@H]1C)N=[S@@](C)(=O)C1COC1	ATR Interacting Protein	419	US Patent	5YZ0
C[C@@H]1Cc2ncnc(N3CCCC(C3)S(C)(=O)=O)c2CN1c1ccnc2[nH]ccc12	ATR Interacting Protein	420	US Patent	5YZ0
C[C@@H]1Cc2ncnc(N3CCCC(C3)S(C)(=O)=O)c2CN1c1ccnc2[nH]ccc12	ATR Interacting Protein	420	US Patent	5YZ0
COc1ncc(cc1-c1cc(nc2c(nccc12)-c1ccn[nH]1)N1CCOCC1)C(F)(F)F	ATR Interacting Protein	424	US Patent	5YZ0
COc1ncc(cc1-c1cc(nc2c(nccc12)-c1ccn[nH]1)N1CCOCC1)C(F)(F)F	ATR Interacting Protein	424	US Patent	5YZ0
CNC(=O)C1CN(C1)c1ncnc2C[C@@H](C)N(Cc12)c1cc(Cl)nc2[nH]ccc12	ATR Interacting Protein	429	US Patent	5YZ0
CNC(=O)C1CN(C1)c1ncnc2C[C@@H](C)N(Cc12)c1cc(Cl)nc2[nH]ccc12	ATR Interacting Protein	429	US Patent	5YZ0
C[C@@H]1Cc2ncnc(N3CCC4(CNC(=O)O4)CC3)c2CN1c1cc(Cl)nc2[nH]ccc12	ATR Interacting Protein	434	US Patent	5YZ0
C[C@@H]1Cc2ncnc(N3CCC4(CNC(=O)O4)CC3)c2CN1c1cc(Cl)nc2[nH]ccc12	ATR Interacting Protein	434	US Patent	5YZ0
C[C@@H]1Cc2ncnc([C@@H]3CCN(C(C)(C)C3)S(C)(=O)=O)c2CN1c1ccnc2[nH]ccc12	ATR Interacting Protein	435	US Patent	5YZ0
C[C@@H]1COCCN1c1cc(N=S(C)(C)=O)nc(n1)-n1c(C)cnc1C	ATR Interacting Protein	435	US Patent	5YZ0
C[C@H]1Cc2ncnc(C3CCN(C(C)(C)C3)S(C)(=O)=O)c2CN1c1ccnc2[nH]ccc12	ATR Interacting Protein	435	US Patent	5YZ0
C[C@@H]1COCCN1c1cc(N=S(C)(C)=O)nc(n1)-n1c(C)cnc1C	ATR Interacting Protein	435	US Patent	5YZ0
C[C@@H]1COCCN1c1cc(N=S(C)(C)=O)nc(n1)-n1c(C)cnc1C	ATR Interacting Protein	435	US Patent	5YZ0
C[C@@H]1Cc2ncnc(N3CCC(CC3)S(C)(=O)=O)c2CN1c1cc(Cl)nc2[nH]ccc12	ATR Interacting Protein	442	US Patent	5YZ0
C[C@@H]1Cc2ncnc(C3CCN(CC3)S(C)(=O)=O)c2CN1c1cc(Cl)nc2[nH]ccc12	ATR Interacting Protein	442	US Patent	5YZ0
O=c1ccc(c[nH]1)-c1cc(nc2c(nccc12)-c1ccn[nH]1)N1CCOCC1	ATR Interacting Protein	443	US Patent	5YZ0
O=c1ccc(c[nH]1)-c1cc(nc2c(nccc12)-c1ccn[nH]1)N1CCOCC1	ATR Interacting Protein	443	US Patent	5YZ0
O=C1OCCCN1c1cc(nc2c(nccc12)-c1ccn[nH]1)N1CCOCC1	ATR Interacting Protein	447	US Patent	5YZ0
O=C1OCCCN1c1cc(nc2c(nccc12)-c1ccn[nH]1)N1CCOCC1	ATR Interacting Protein	447	US Patent	5YZ0
C[C@H]1CN(C[C@@H](C)N1)c1cc(nc2c(nccc12)-c1ccn[nH]1)N1CCOCC1	ATR Interacting Protein	454	US Patent	5YZ0
C[C@H]1CN(C[C@@H](C)N1)c1cc(nc2c(nccc12)-c1ccn[nH]1)N1CCOCC1	ATR Interacting Protein	454	US Patent	5YZ0
C(Oc1cc(nc2c(nccc12)-c1ccn[nH]1)N1CCOCC1)C1CCOCC1	ATR Interacting Protein	461	US Patent	5YZ0
C(Oc1cc(nc2c(nccc12)-c1ccn[nH]1)N1CCOCC1)C1CCOCC1	ATR Interacting Protein	461	US Patent	5YZ0
O=c1cc(cc[nH]1)-c1cc(nc2c(nccc12)-c1ccn[nH]1)N1CCOCC1	ATR Interacting Protein	465	US Patent	5YZ0
O=c1cc(cc[nH]1)-c1cc(nc2c(nccc12)-c1ccn[nH]1)N1CCOCC1	ATR Interacting Protein	465	US Patent	5YZ0
CC1CCN(C1)c1ncnc2C[C@@H](C)N(Cc12)c1cc(Cl)nc2[nH]ccc12	ATR Interacting Protein	472	US Patent	5YZ0
C[C@@H]1Cc2ncnc(N3CCC(CC3)NS(C)(=O)=O)c2CN1c1ccnc2[nH]ccc12	ATR Interacting Protein	472	US Patent	5YZ0
CC1CCN(C1)c1ncnc2C[C@@H](C)N(Cc12)c1cc(Cl)nc2[nH]ccc12	ATR Interacting Protein	472	US Patent	5YZ0
C[C@@H]1Cc2ncnc(N3CCC(CC3)NS(C)(=O)=O)c2CN1c1ccnc2[nH]ccc12	ATR Interacting Protein	472	US Patent	5YZ0
CC(C)Oc1cc(nc2c(nccc12)-c1cc[nH]c1)N1CCOCC1	ATR Interacting Protein	472	US Patent	5YZ0
CC(C)Oc1cc(nc2c(nccc12)-c1cc[nH]c1)N1CCOCC1	ATR Interacting Protein	472	US Patent	5YZ0
COC1CCN(CC1)c1ncnc2C[C@@H](C)N(Cc12)c1cc(Cl)nc2[nH]ccc12	ATR Interacting Protein	475	US Patent	5YZ0
COC1CCN(CC1)c1ncnc2C[C@@H](C)N(Cc12)c1cc(Cl)nc2[nH]ccc12	ATR Interacting Protein	475	US Patent	5YZ0
C[C@@H]1COCCN1c1cc(N=S(C)(C)=O)nc(n1)-c1cc[nH]n1	ATR Interacting Protein	480	US Patent	5YZ0
C[C@@H]1COCCN1c1cc(N=S(C)(C)=O)nc(n1)-c1cc[nH]n1	ATR Interacting Protein	480	US Patent	5YZ0
C[C@@H]1COCCN1c1cc(N=S(C)(C)=O)nc(n1)-c1cc[nH]n1	ATR Interacting Protein	480	US Patent	5YZ0
CS(=N)(=O)CCCOc1cc(nc2c(nccc12)-c1ccn[nH]1)N1CCOCC1	ATR Interacting Protein	484	US Patent	5YZ0
O=S(=O)(c1ccccc1)n1c(cc2ccccc12)-c1cc(nc2c(nccc12)-c1ccn[nH]1)N1CCOCC1	ATR Interacting Protein	484	US Patent	5YZ0
CS(=N)(=O)CCCOc1cc(nc2c(nccc12)-c1ccn[nH]1)N1CCOCC1	ATR Interacting Protein	484	US Patent	5YZ0
O=S(=O)(c1ccccc1)n1c(cc2ccccc12)-c1cc(nc2c(cccc12)-c1ccn[nH]1)N1CCOCC1	ATR Interacting Protein	484	US Patent	5YZ0
CCNC(=O)c1cc(cc(N)n1)-c1nc(cc(n1)N1CCOC[C@H]1C)N=S(C)(C)=O	ATR Interacting Protein	486	US Patent	5YZ0
CCNC(=O)c1cc(cc(N)n1)-c1nc(cc(n1)N1CCOC[C@H]1C)N=S(C)(C)=O	ATR Interacting Protein	486	US Patent	5YZ0
CCNC(=O)c1cc(cc(N)n1)-c1nc(cc(n1)N1CCOC[C@H]1C)N=S(C)(C)=O	ATR Interacting Protein	486	US Patent	5YZ0
OC1(CN(C1)c1cc(nc2c(nccc12)-c1ccn[nH]1)N1CCOCC1)C(F)(F)F	ATR Interacting Protein	487	US Patent	5YZ0
OC1(CN(C1)c1cc(nc2c(nccc12)-c1ccn[nH]1)N1CCOCC1)C(F)(F)F	ATR Interacting Protein	487	US Patent	5YZ0
CCOc1cc(nc2c(nccc12)-c1cc[nH]n1)N1CCOCC1	ATR Interacting Protein	493	US Patent	5YZ0
CCOc1cc(nc2c(nccc12)-c1cc[nH]n1)N1CCOCC1	ATR Interacting Protein	493	US Patent	5YZ0
C[C@@H]1Cc2ncnc(C3CCN(CC3)S(C)(=O)=O)c2CN1c1ccnc2[nH]ccc12	ATR Interacting Protein	499	US Patent	5YZ0
C[C@@H]1Cc2ncnc(C3CCN(CC3)S(C)(=O)=O)c2CN1c1ccnc2[nH]ccc12	ATR Interacting Protein	499	US Patent	5YZ0
CNc1nc2ccc(F)cc2n1-c1nc(cc(n1)-c1ccnn1C)N1CCOC[C@H]1C	ATR Interacting Protein	500	ChEMBL	5YZ0
C[C@@H]1COCCN1c1cc(nc(n1)-n1c(NCCO)nc2ccc(F)cc12)-c1ccnn1C	ATR Interacting Protein	500	ChEMBL	5YZ0
OCc1cc(nc2c(nccc12)-c1ccn[nH]1)N1CCOCC1	ATR Interacting Protein	502	US Patent	5YZ0
OCc1cc(nc2c(nccc12)-c1ccn[nH]1)N1CCOCC1	ATR Interacting Protein	502	US Patent	5YZ0
C1CN(CCO1)c1ccc2ccnc(-c3cc[nH]n3)c2n1	ATR Interacting Protein	503	US Patent	5YZ0
C1CN(CCO1)c1ccc2ccnc(-c3cc[nH]n3)c2n1	ATR Interacting Protein	503	US Patent	5YZ0
C[C@@H]1COCCN1c1cc(C(N)=O)c2ccnc(-c3cc[nH]n3)c2n1	ATR Interacting Protein	509	US Patent	5YZ0
C[C@@H]1COCCN1c1cc(C(N)=O)c2ccnc(-c3cc[nH]n3)c2n1	ATR Interacting Protein	509	US Patent	5YZ0
C[C@@H]1Cc2ncnc(N3CCC4(CC3)NC(=O)NC4=O)c2CN1c1cc(Cl)nc2[nH]ccc12	ATR Interacting Protein	514	US Patent	5YZ0
C[C@@H]1COCCN1c1cc(N=S(C)(C)=O)nc(n1)-c1cccc2[nH]ccc12	ATR Interacting Protein	3	US Patent	5YZ0
C[C@@H]1COCCN1c1cc(N=S(C)(=O)C2COC2)nc(n1)-c1cncc2[nH]ccc12	ATR Interacting Protein	3	US Patent	5YZ0
C[C@@H]1COCCN1c1cc(N=S(C)(C)=O)nc(n1)-n1cnc2ccc(F)cc12	ATR Interacting Protein	3	US Patent	5YZ0
C[C@@H]1COCCN1c1nc(c2[nH]nc(-c3ccn[nH]3)c2n1)C(C)(C)C#N	ATR Interacting Protein	3	ChEMBL	5YZ0
CCS(C)(=O)=Nc1cc(nc(n1)-c1ccnc2[nH]ccc12)N1CCOC[C@H]1C	ATR Interacting Protein	4	US Patent	5YZ0
C[C@@H]1COCCN1c1cc(N=S2(=O)CCN(CC2)C(C)=O)nc(n1)-c1ccnc2[nH]ccc12	ATR Interacting Protein	4	US Patent	5YZ0
CC[S@](C)(=O)=Nc1cc(nc(n1)-c1ccnc2[nH]ccc12)N1CCOC[C@H]1C	ATR Interacting Protein	4	US Patent	5YZ0
CCC(=O)N1CCS(=O)(CC1)=Nc1cc(nc(n1)-c1ccnc2[nH]ccc12)N1CCOC[C@H]1C	ATR Interacting Protein	4	US Patent	5YZ0
C[C@@H]1COCCN1c1cc(N=S(C)(=O)C2COC2)nc(n1)-c1ccnc2[nH]ccc12	ATR Interacting Protein	4	US Patent	5YZ0
CC(C)OC(=O)N1CCS(=O)(CC1)=Nc1cc(nc(n1)-c1ccnc2[nH]ccc12)N1CCOC[C@H]1C	ATR Interacting Protein	4	US Patent	5YZ0
C[C@@H]1COCCN1c1cc(N=S(C)(=O)C2CC2)nc(n1)-n1cnc2ccccc12	ATR Interacting Protein	4	US Patent	5YZ0
CCS(C)(=O)=Nc1cc(nc(n1)-c1ccnc2[nH]ccc12)N1CCOC[C@H]1C	ATR Interacting Protein	4	US Patent	5YZ0
C[C@@H]1COCCN1c1cc(N=S2(=O)CCN(CC2)C(C)=O)nc(n1)-c1ccnc2[nH]ccc12	ATR Interacting Protein	4	US Patent	5YZ0
CC[S@](C)(=O)=Nc1cc(nc(n1)-c1ccnc2[nH]ccc12)N1CCOC[C@H]1C	ATR Interacting Protein	4	US Patent	5YZ0
CCC(=O)N1CCS(=O)(CC1)=Nc1cc(nc(n1)-c1ccnc2[nH]ccc12)N1CCOC[C@H]1C	ATR Interacting Protein	4	US Patent	5YZ0
C[C@@H]1COCCN1c1cc(N=S(C)(=O)C2COC2)nc(n1)-c1ccnc2[nH]ccc12	ATR Interacting Protein	4	US Patent	5YZ0
CC(C)OC(=O)N1CCS(=O)(CC1)=Nc1cc(nc(n1)-c1ccnc2[nH]ccc12)N1CCOC[C@H]1C	ATR Interacting Protein	4	US Patent	5YZ0
C[C@@H]1COCCN1c1cc(N=S(C)(=O)C2CC2)nc(n1)-n1cnc2ccccc12	ATR Interacting Protein	4	US Patent	5YZ0
C[C@@H]1COCCN1c1cc(nc(n1)-c1ccnc2[nH]ccc12)C1CCN(CC1)S(C)(=O)=O	ATR Interacting Protein	4	US Patent	5YZ0
C[C@@H]1COCCN1c1cc(N=[S@@](C)(=O)C2CC2)nc(c1)-c1ccnc2[nH]ccc12	ATR Interacting Protein	4	US Patent	5YZ0
CCOc1cc(-c2cc(cc(N=S(C)(C)=O)n2)N2CCOC[C@@H]2C)c2cc[nH]c2n1	ATR Interacting Protein	4	US Patent	5YZ0
C[C@@H]1COCCN1c1cc(N=S(C)(C)=O)nc(c1)-c1cc(F)cc2[nH]ccc12	ATR Interacting Protein	4	US Patent	5YZ0
CCS(C)(=O)=Nc1cc(nc(n1)-c1ccnc2[nH]ccc12)N1CCOC[C@H]1C	ATR Interacting Protein	4	US Patent	5YZ0
C[C@@H]1COCCN1c1cc(N=S2(=O)CCN(CC2)C(C)=O)nc(n1)-c1ccnc2[nH]ccc12	ATR Interacting Protein	4	US Patent	5YZ0
CC[S@](C)(=O)=Nc1cc(nc(n1)-c1ccnc2[nH]ccc12)N1CCOC[C@H]1C	ATR Interacting Protein	4	US Patent	5YZ0
CCC(=O)N1CCS(=O)(CC1)=Nc1cc(nc(n1)-c1ccnc2[nH]ccc12)N1CCOC[C@H]1C	ATR Interacting Protein	4	US Patent	5YZ0
C[C@@H]1COCCN1c1cc(N=S(C)(=O)C2CCC2)nc(n1)-c1ccnc2[nH]ccc12	ATR Interacting Protein	4	US Patent	5YZ0
CC(C)OC(=O)N1CCS(=O)(CC1)=Nc1cc(nc(n1)-c1ccnc2[nH]ccc12)N1CCOC[C@H]1C	ATR Interacting Protein	4	US Patent	5YZ0
C[C@@H]1COCCN1c1cc(N=S(C)(=O)C2CC2)nc(n1)-n1cnc2ccccc12	ATR Interacting Protein	4	US Patent	5YZ0
C[C@@H]1COC[C@H]2COc3c(nc(nc3C3(CC3)S(C)(=N)=O)-c3ccnc4[nH]ccc34)N12	ATR Interacting Protein	4	ChEMBL	5YZ0
C[C@@H]1COCCN1c1cc(C2CCSCC2)c2ccnc(-c3ccn[nH]3)c2n1	ATR Interacting Protein	4.06	US Patent	5YZ0
C[C@@H]1COCCN1c1cc(C2CCSCC2)c2ccnc(-c3ccn[nH]3)c2n1	ATR Interacting Protein	4.06	US Patent	5YZ0
C[C@@H]1COCCN1c1cc(-c2cc(C)no2)c2ccnc(-c3ccn[nH]3)c2n1	ATR Interacting Protein	4.74	US Patent	5YZ0
C[C@@H]1COCCN1c1cc(-c2cc(C)no2)c2ccnc(-c3ccn[nH]3)c2n1	ATR Interacting Protein	4.74	US Patent	5YZ0
C[C@@H]1COCCN1c1cc(N2CCN(CC2)S(C)(=O)=O)c2ccnc(-c3ccn[nH]3)c2n1	ATR Interacting Protein	4.9	US Patent	5YZ0
C[C@@H]1COCCN1c1cc(N2CCN(CC2)S(C)(=O)=O)c2ccnc(-c3ccn[nH]3)c2n1	ATR Interacting Protein	4.9	US Patent	5YZ0
C[C@@H]1COCCN1c1cc(N=S2(=O)CCCC2)nc(n1)-c1ccnc2[nH]ccc12	ATR Interacting Protein	5	US Patent	5YZ0
COCC(=O)N1CCS(=O)(CC1)=Nc1cc(nc(n1)-c1ccnc2[nH]ccc12)N1CCOC[C@H]1C	ATR Interacting Protein	5	US Patent	5YZ0
C[C@@H]1COCCN1c1cc(N=S(C)(C)=O)nc(n1)-c1cncc2[nH]ccc12	ATR Interacting Protein	5	US Patent	5YZ0
C[C@@H]1COCCN1c1cc(N=S2(=O)CCCC2)nc(n1)-c1ccnc2[nH]ccc12	ATR Interacting Protein	5	US Patent	5YZ0
COCC(=O)N1CCS(=O)(CC1)=Nc1cc(nc(n1)-c1ccnc2[nH]ccc12)N1CCOC[C@H]1C	ATR Interacting Protein	5	US Patent	5YZ0
C[C@@H]1COCCN1c1cc(N=S(C)(C)=O)nc(n1)-c1cncc2[nH]ccc12	ATR Interacting Protein	5	US Patent	5YZ0
C[C@@H]1COCCN1c1cc(nc(n1)-c1ccnc2[nH]ccc12)N1CCCN(C)S1(=O)=O	ATR Interacting Protein	5	US Patent	5YZ0
C[C@@H]1COCCN1c1cc(nc(n1)-c1ccnc2[nH]ccc12)C1CCN(CC1)S(=O)(=O)C1CC1	ATR Interacting Protein	5	US Patent	5YZ0
C[C@@H]1COCCN1c1cc(N=S(C)(C)=O)nc(c1)-n1c(nc2ccccc12)C(F)F	ATR Interacting Protein	5	US Patent	5YZ0
C[C@@H]1COCCN1c1cc(N=S(C)(C)=O)nc(c1)-n1c(CF)nc2ccccc12	ATR Interacting Protein	5	US Patent	5YZ0
C[C@@H]1COCCN1c1cc(N=S2(=O)CCCC2)nc(n1)-c1ccnc2[nH]ccc12	ATR Interacting Protein	5	US Patent	5YZ0
COCC(=O)N1CCS(=O)(CC1)=Nc1cc(nc(n1)-c1ccnc2[nH]ccc12)N1CCOC[C@H]1C	ATR Interacting Protein	5	US Patent	5YZ0
C[C@@H]1COCCN1c1cc(N=S(C)(C)=O)nc(n1)-c1cncc2[nH]ccc12	ATR Interacting Protein	5	US Patent	5YZ0
C[C@@H]1COCCN1c1cc(-c2cncn2C)c2ccnc(-c3ccn[nH]3)c2n1	ATR Interacting Protein	5.17	US Patent	5YZ0
C[C@@H]1Cc2ncnc(N3CCC4(CC3)NC(=O)NC4=O)c2CN1c1cc(Cl)nc2[nH]ccc12	ATR Interacting Protein	514	US Patent	5YZ0
C(Oc1cc(nc2c(nccc12)-c1cc[nH]n1)N1CCOCC1)c1ccccc1	ATR Interacting Protein	514	US Patent	5YZ0
C(Oc1cc(nc2c(nccc12)-c1cc[nH]n1)N1CCOCC1)c1ccccc1	ATR Interacting Protein	514	US Patent	5YZ0
C[C@@H]1Cc2ncnc(N3CCC(O)CC3)c2CN1c1cc(Cl)nc2[nH]ccc12	ATR Interacting Protein	518	US Patent	5YZ0
C[C@@H]1Cc2ncnc(N3CCC(O)CC3)c2CN1c1cc(Cl)nc2[nH]ccc12	ATR Interacting Protein	518	US Patent	5YZ0
C[C@@H]1COCCN1c1cc(N=[S@](C)(=O)C2CC2)nc(n1)-c1ccnc(N)c1	ATR Interacting Protein	525	US Patent	5YZ0
C[C@@H]1COCCN1c1cc(N=[S@](C)(=O)C2CC2)nc(n1)-c1ccnc(N)c1	ATR Interacting Protein	525	US Patent	5YZ0
C[C@@H]1COCCN1c1cc(N=[S@@](C)(=O)C2CC2)nc(n1)-c1ccnc(N)c1	ATR Interacting Protein	525	US Patent	5YZ0
C[C@@H]1COCCN1c1cc(-c2cccc(c2)C(C)(C)O)c2ccnc(-c3ccn[nH]3)c2n1	ATR Interacting Protein	530	US Patent	5YZ0
C[C@@H]1COCCN1c1cc(-c2cccc(c2)C(C)(C)O)c2ccnc(-c3ccn[nH]3)c2n1	ATR Interacting Protein	530	US Patent	5YZ0
CS(=N)(=O)CCCOc1cc(nc2c(nccc12)-c1ccn[nH]1)N1CCOCC1	ATR Interacting Protein	533	US Patent	5YZ0
CS(=N)(=O)CCCOc1cc(nc2c(nccc12)-c1ccn[nH]1)N1CCOCC1	ATR Interacting Protein	533	US Patent	5YZ0
N#Cc1cc(nc2c(nccc12)-c1cc[nH]n1)N1CCOCC1	ATR Interacting Protein	536	US Patent	5YZ0
N#Cc1cc(nc2c(nccc12)-c1cc[nH]n1)N1CCOCC1	ATR Interacting Protein	536	US Patent	5YZ0
COP(O)(=O)c1ccc(cc1)-c1cc(nc2c(nccc12)-c1ccn[nH]1)N1CCOCC1	ATR Interacting Protein	539	US Patent	5YZ0
COP(O)(=O)c1ccc(cc1)-c1cc(nc2c(nccc12)-c1ccn[nH]1)N1CCOCC1	ATR Interacting Protein	539	US Patent	5YZ0
C1CN(CCO1)c1cc(Sc2ccccc2)c2ccnc(-c3ccn[nH]3)c2n1	ATR Interacting Protein	542	US Patent	5YZ0
C1CN(CCO1)c1cc(Sc2ccccc2)c2ccnc(-c3ccn[nH]3)c2n1	ATR Interacting Protein	542	US Patent	5YZ0
COc1cc(nc2c(nccc12)-c1cc[nH]n1)N1CCOCC1	ATR Interacting Protein	543	US Patent	5YZ0
COc1cc(nc2c(nccc12)-c1cc[nH]n1)N1CCOCC1	ATR Interacting Protein	543	US Patent	5YZ0
C1CN(CCO1)c1cc(-c2ccc[nH]2)c2ccnc(-c3ccn[nH]3)c2n1	ATR Interacting Protein	547	US Patent	5YZ0
C1CN(CCO1)c1cc(-c2ccc[nH]2)c2ccnc(-c3ccn[nH]3)c2n1	ATR Interacting Protein	547	US Patent	5YZ0
FC(F)c1cncc(c1)-c1ccc2ncc3nnc(C4=CCOCC4)n3c2c1	ATR Interacting Protein	551	ChEMBL	5YZ0
C[C@@H]1Cc2ncnc([C@H]3C[C@@H]4CC[C@H](C3)N4S(C)(=O)=O)c2CN1c1cc(Cl)nc2[nH]ccc12	ATR Interacting Protein	555	US Patent	5YZ0
C[C@@H]1Cc2ncnc(C3C[C@H]4CC[C@H](C3)N4S(C)(=O)=O)c2CN1c1cc(Cl)nc2[nH]ccc12	ATR Interacting Protein	555	US Patent	5YZ0
C[C@@H]1Cc2ncnc([C@@H]3CCCN(C)C3)c2CN1c1cc(Cl)nc2[nH]ccc12	ATR Interacting Protein	561	US Patent	5YZ0
C[C@@H]1Cc2ncnc(C3CCCN(C)C3)c2CN1c1cc(Cl)nc2[nH]ccc12	ATR Interacting Protein	561	US Patent	5YZ0
C[C@@H]1Cc2ncnc(N3CCC(C)(O)CC3)c2CN1c1cc(Cl)nc2[nH]ccc12	ATR Interacting Protein	584	US Patent	5YZ0
C[C@@H]1Cc2ncnc(N3CCC(C)(O)CC3)c2CN1c1cc(Cl)nc2[nH]ccc12	ATR Interacting Protein	584	US Patent	5YZ0
CC(C)Oc1cc(nc2c(nccc12)-c1cc[nH]c1)N1CCOCC1	ATR Interacting Protein	589	US Patent	5YZ0
CC(C)Oc1cc(nc2c(nccc12)-c1cc[nH]c1)N1CCOCC1	ATR Interacting Protein	589	US Patent	5YZ0
C[C@@H]1COCCN1c1cc(N=S(C)(C)=O)nc(n1)-c1ccnc(N)n1	ATR Interacting Protein	594	US Patent	5YZ0
C[C@@H]1COCCN1c1cc(N=S(C)(C)=O)nc(n1)-c1ccnc(N)n1	ATR Interacting Protein	594	US Patent	5YZ0
C[C@@H]1COCCN1c1cc(N=S(C)(C)=O)nc(n1)-c1ccnc(N)n1	ATR Interacting Protein	594	US Patent	5YZ0
C1N(Cc2ccccc12)c1cc(nc2c(nccc12)-c1ccn[nH]1)N1CCOCC1	ATR Interacting Protein	602	US Patent	5YZ0
C1N(Cc2ccccc12)c1cc(nc2c(nccc12)-c1ccn[nH]1)N1CCOCC1	ATR Interacting Protein	602	US Patent	5YZ0
C[C@@H]1Cc2ncnc(N3CCC(CC3)S(C)(=O)=O)c2CN1c1ccnc2[nH]ccc12	ATR Interacting Protein	615	US Patent	5YZ0
C[C@@H]1Cc2ncnc(N3CCC(CC3)S(C)(=O)=O)c2CN1c1ccnc2[nH]ccc12	ATR Interacting Protein	615	US Patent	5YZ0
CC(C)Oc1cc(nc2c(nccc12)-c1ccn[nH]1)N1[C@@H](C)COC[C@H]1C	ATR Interacting Protein	615	US Patent	5YZ0
CC(C)Oc1cc(nc2c(nccc12)-c1ccn[nH]1)N1[C@@H](C)COC[C@H]1C	ATR Interacting Protein	615	US Patent	5YZ0
CC(C)(C)NC(=O)c1cncc(c1)-c1cc(nc2c(nccc12)-c1ccn[nH]1)N1CCOCC1	ATR Interacting Protein	618	US Patent	5YZ0
CC(C)(C)NC(=O)c1cncc(c1)-c1cc(nc2c(nccc12)-c1ccn[nH]1)N1CCOCC1	ATR Interacting Protein	618	US Patent	5YZ0
CN1CCN(CC1)c1cc(nc2c(nccc12)-c1ccn[nH]1)N1CCOCC1	ATR Interacting Protein	632	US Patent	5YZ0
CN1CCN(CC1)c1cc(nc2c(nccc12)-c1ccn[nH]1)N1CCOCC1	ATR Interacting Protein	632	US Patent	5YZ0
C1OC[C@@H]2CN(C[C@H]12)c1cc(nc2c(nccc12)-c1ccn[nH]1)N1CCOCC1	ATR Interacting Protein	649	US Patent	5YZ0
C1OC[C@@H]2CN(C[C@H]12)c1cc(nc2c(nccc12)-c1ccn[nH]1)N1CCOCC1	ATR Interacting Protein	649	US Patent	5YZ0
Oc1ccc(cn1)-c1cc(nc2c(nccc12)-c1ccn[nH]1)N1CCOCC1	ATR Interacting Protein	663	US Patent	5YZ0
Oc1ccc(cn1)-c1cc(nc2c(nccc12)-c1ccn[nH]1)N1CCOCC1	ATR Interacting Protein	663	US Patent	5YZ0
C(Oc1cc(nc2c(nccc12)-c1ccn[nH]1)N1CCOCC1)C1CCOCC1	ATR Interacting Protein	675	US Patent	5YZ0
C(Oc1cc(nc2c(nccc12)-c1ccn[nH]1)N1CCOCC1)C1CCOCC1	ATR Interacting Protein	675	US Patent	5YZ0
Clc1cc(nc2c(nccc12)-c1cc[nH]n1)N1CCOCC1	ATR Interacting Protein	707	US Patent	5YZ0
Clc1cc(nc2c(nccc12)-c1cc[nH]n1)N1CCOCC1	ATR Interacting Protein	707	US Patent	5YZ0
CNC(=O)C1CCN(CC1)c1ncnc2C[C@@H](C)N(Cc12)c1cc(Cl)nc2[nH]ccc12	ATR Interacting Protein	708	US Patent	5YZ0
CNC(=O)C1CCN(CC1)c1ncnc2C[C@@H](C)N(Cc12)c1cc(Cl)nc2[nH]ccc12	ATR Interacting Protein	708	US Patent	5YZ0
C1CN(CCO1)c1ccc2ccnc(-c3cc[nH]n3)c2n1	ATR Interacting Protein	709	US Patent	5YZ0
C1CN(CCO1)c1ccc2ccnc(-c3cc[nH]n3)c2n1	ATR Interacting Protein	709	US Patent	5YZ0
C[C@@H]1Cc2ncnc(N3CCC[C@H](C3)NS(C)(=O)=O)c2CN1c1cc(Cl)nc2[nH]ccc12	ATR Interacting Protein	715	US Patent	5YZ0
C[C@@H]1Cc2ncnc(N3CCC[C@H](C3)NS(C)(=O)=O)c2CN1c1cc(Cl)nc2[nH]ccc12	ATR Interacting Protein	715	US Patent	5YZ0
C[C@@H]1Cc2ncnc(N3CC(C3)NS(C)(=O)=O)c2CN1c1ccnc2[nH]ccc12	ATR Interacting Protein	722	US Patent	5YZ0
C[C@@H]1Cc2ncnc(N3CC(C3)NS(C)(=O)=O)c2CN1c1ccnc2[nH]ccc12	ATR Interacting Protein	722	US Patent	5YZ0
CC(C)Oc1cc(nc2c(nccc12)-c1ccn[nH]1)N1[C@H](C)COC[C@H]1C	ATR Interacting Protein	730	US Patent	5YZ0
CC(C)Oc1cc(nc2c(nccc12)-c1ccn[nH]1)N1[C@H](C)COC[C@H]1C	ATR Interacting Protein	730	US Patent	5YZ0
C[C@@H]1COCCN1c1cc(OCCNC(=O)OC(C)(C)C)c2ccnc(-c3ccn[nH]3)c2n1	ATR Interacting Protein	751	US Patent	5YZ0
C[C@@H]1COCCN1c1cc(OCCNC(=O)OC(C)(C)C)c2ccnc(-c3ccn[nH]3)c2n1	ATR Interacting Protein	751	US Patent	5YZ0
COC1(C)CN(C1)c1cc(nc2c(nccc12)-c1ccn[nH]1)N1CCOCC1	ATR Interacting Protein	763	US Patent	5YZ0
COC1(C)CN(C1)c1cc(nc2c(nccc12)-c1ccn[nH]1)N1CCOCC1	ATR Interacting Protein	763	US Patent	5YZ0
C[C@@H]1Cc2ncnc(C3CCN(CC3)S(C)(=O)=O)c2CN1c1cc(C)nc2[nH]ccc12	ATR Interacting Protein	773	US Patent	5YZ0
CCOc1cc(N2Cc3c(C[C@H]2C)ncnc3C2CCN(CC2)S(C)(=O)=O)c2cc[nH]c2n1	ATR Interacting Protein	773	US Patent	5YZ0
FC(F)c1cncc(c1)-c1ccc2ncc3nnc([C@@H]4[C@H]5CCC[C@@H]45)n3c2c1	ATR Interacting Protein	790	ChEMBL	5YZ0
C[C@@H]1Cc2ncnc(N3CCC(CC3)C#N)c2CN1c1ccnc2[nH]ccc12	ATR Interacting Protein	796	US Patent	5YZ0
C[C@@H]1Cc2ncnc(N3CCC(CC3)C#N)c2CN1c1ccnc2[nH]ccc12	ATR Interacting Protein	796	US Patent	5YZ0
O=C1CCCCN1c1cc(nc2c(nccc12)-c1ccn[nH]1)N1CCOCC1	ATR Interacting Protein	802	US Patent	5YZ0
O=C1CCCCN1c1cc(nc2c(nccc12)-c1ccn[nH]1)N1CCOCC1	ATR Interacting Protein	802	US Patent	5YZ0
Cc1cc(nc2c(nccc12)-c1cc[nH]n1)N1CCOCC1	ATR Interacting Protein	816	US Patent	5YZ0
Cc1cc(nc2c(nccc12)-c1cc[nH]n1)N1CCOCC1	ATR Interacting Protein	816	US Patent	5YZ0
C[C@@H]1COCCN1c1cc(N=S(C)(C)=O)nc(n1)-c1ccnc(O)c1	ATR Interacting Protein	821	US Patent	5YZ0
C[C@@H]1COCCN1c1cc(N=S(C)(C)=O)nc(n1)-c1ccnc(O)c1	ATR Interacting Protein	821	US Patent	5YZ0
C[C@@H]1COCCN1c1cc(N=S(C)(C)=O)nc(n1)-c1ccnc(O)c1	ATR Interacting Protein	821	US Patent	5YZ0
CC1Cc2ncnc(C3CCN(CC3)S(C)(=O)=O)c2CN1c1ccnc2[nH]ccc12	ATR Interacting Protein	833	US Patent	5YZ0
CC1Cc2ncnc(C3CCN(CC3)S(C)(=O)=O)c2CN1c1ccnc2[nH]ccc12	ATR Interacting Protein	833	US Patent	5YZ0
C[C@@H]1Cc2ncnc([C@H]3CCN(C)C3)c2CN1c1ccnc2[nH]ccc12	ATR Interacting Protein	840	US Patent	5YZ0
C[C@@H]1Cc2ncnc(C3CCN(C)C3)c2CN1c1ccnc2[nH]ccc12	ATR Interacting Protein	840	US Patent	5YZ0
C1OC2C[C@@H]1N(C2)c1cc(nc2c(nccc12)-c1ccn[nH]1)N1CCOCC1	ATR Interacting Protein	852	US Patent	5YZ0
C1OC2C[C@@H]1N(C2)c1cc(nc2c(nccc12)-c1ccn[nH]1)N1CCOCC1	ATR Interacting Protein	852	US Patent	5YZ0
CS(=O)(=O)N1CCC(CC1)c1ncnc2C[C@H](CF)N(Cc12)c1ccnc2[nH]ccc12	ATR Interacting Protein	878	US Patent	5YZ0
CS(=O)(=O)N1CCC(CC1)c1ncnc2C[C@H](CF)N(Cc12)c1ccnc2[nH]ccc12	ATR Interacting Protein	878	US Patent	5YZ0
COc1ccncc1-c1cc(nc2c(nccc12)-c1ccn[nH]1)N1CCOCC1	ATR Interacting Protein	894	US Patent	5YZ0
COc1ccncc1-c1cc(nc2c(nccc12)-c1ccn[nH]1)N1CCOCC1	ATR Interacting Protein	894	US Patent	5YZ0
COC(=O)N1CCC(CC1)c1ncnc2C[C@@H](C)N(Cc12)c1cc(Cl)nc2[nH]ccc12	ATR Interacting Protein	899	US Patent	5YZ0
C[C@@H]1Cc2ncnc(C3CCC(CC3)NS(C)(=O)=O)c2CN1c1cc(Cl)nc2[nH]ccc12	ATR Interacting Protein	899	US Patent	5YZ0
COC(=O)N1CCC(CC1)c1ncnc2C[C@@H](C)N(Cc12)c1cc(Cl)nc2[nH]ccc12	ATR Interacting Protein	899	US Patent	5YZ0
C[C@@H]1Cc2ncnc(C3CCC(CC3)NS(C)(=O)=O)c2CN1c1cc(Cl)nc2[nH]ccc12	ATR Interacting Protein	899	US Patent	5YZ0
CO[C@H]1CC[C@H](CC1)c1nnc2cnc3ccc(cc3n12)-c1cncc(c1)C(F)F	ATR Interacting Protein	907	ChEMBL	5YZ0
C[C@@H]1Cc2ncnc(N3C[C@@H]4CC[C@H](C3)[C@H]4NS(C)(=O)=O)c2CN1c1cc(Cl)nc2[nH]ccc12	ATR Interacting Protein	929	US Patent	5YZ0
C[C@@H]1Cc2ncnc(N3C[C@@H]4CC[C@H](C3)[C@H]4NS(C)(=O)=O)c2CN1c1cc(Cl)nc2[nH]ccc12	ATR Interacting Protein	929	US Patent	5YZ0
C[C@@H]1Cc2ncnc(C3CCN(C3)S(C)(=O)=O)c2CN1c1ccnc2[nH]ccc12	ATR Interacting Protein	936	US Patent	5YZ0
C[C@@H]1Cc2ncnc(C3CCN(C3)S(C)(=O)=O)c2CN1c1ccnc2[nH]ccc12	ATR Interacting Protein	936	US Patent	5YZ0
C[C@@H]1COCCN1c1cc(-c2ccnn2C)c2ncc(-c3ccn[nH]3)n2n1	ATR Interacting Protein	938	ChEMBL	5YZ0
C[C@@H]1Cc2ncnc(N3CCC(CC3)S(C)(=N)=O)c2CN1c1cc(Cl)nc2[nH]ccc12	ATR Interacting Protein	966	US Patent	5YZ0
C[C@@H]1Cc2ncnc(N3CCC(CC3)S(C)(=N)=O)c2CN1c1cc(Cl)nc2[nH]ccc12	ATR Interacting Protein	966	US Patent	5YZ0
C[C@@H]1COCCN1c1cc(N=S(C)(C)=O)nc(n1)-c1cncn1C	ATR Interacting Protein	978	US Patent	5YZ0
C[C@@H]1COCCN1c1cc(N=S(C)(C)=O)nc(n1)-c1cncn1C	ATR Interacting Protein	978	US Patent	5YZ0
C[C@@H]1COCCN1c1cc(N=S(C)(C)=O)nc(n1)-c1cncn1C	ATR Interacting Protein	978	US Patent	5YZ0
C[C@@H]1Cc2ncnc(N3CCC(CC3)S(C)(=O)=O)c2CN1c1ccnc2[nH]ccc12	ATR Interacting Protein	979	US Patent	5YZ0
C[C@@H]1Cc2ncnc(C3CCN(CC3)S(C)(=O)=O)c2CN1c1ccnc2[nH]ccc12	ATR Interacting Protein	979	US Patent	5YZ0
C[C@@H]1COCCN1c1cc(N=S(C)(C)=O)nc(c1)-n1c(C)nc2cccnc12	ATR Interacting Protein	986	US Patent	5YZ0
Clc1cc(nc2c(nccc12)-c1cc[nH]n1)N1CCOCC1	ATR Interacting Protein	997	US Patent	5YZ0
Clc1cc(nc2c(nccc12)-c1cc[nH]n1)N1CCOCC1	ATR Interacting Protein	997	US Patent	5YZ0
CC(C)Oc1cc(nc2c(nccc12)-c1cc[nH]n1)N1CCOC[C@@H]1C	ATR Interacting Protein	1000	US Patent	5YZ0
O=S1(=O)CCC11CN(C1)c1cc(nc2c(nccc12)-c1ccn[nH]1)N1CCOCC1	ATR Interacting Protein	1000	US Patent	5YZ0
CC(C)Oc1cc(nc2c(nccc12)-c1cc[nH]n1)N1CCOC[C@@H]1C	ATR Interacting Protein	1000	US Patent	5YZ0
O=S1(=O)CCC11CN(C1)c1cc(nc2c(nccc12)-c1ccn[nH]1)N1CCOCC1	ATR Interacting Protein	1000	US Patent	5YZ0
C[C@@H]1COCCN1c1cc(N)c2ccnc(-c3ccn[nH]3)c2n1	ATR Interacting Protein	1010	US Patent	5YZ0
C[C@@H]1COCCN1c1cc(N)c2ccnc(-c3ccn[nH]3)c2n1	ATR Interacting Protein	1010	US Patent	5YZ0
CNC(=O)[C@@H]1CCCN(C1)c1ncnc2C[C@@H](C)N(Cc12)c1cc(Cl)nc2[nH]ccc12	ATR Interacting Protein	1039	US Patent	5YZ0
CNC(=O)[C@@H]1CCCN(C1)c1ncnc2C[C@@H](C)N(Cc12)c1cc(Cl)nc2[nH]ccc12	ATR Interacting Protein	1039	US Patent	5YZ0
C1C=CCN1c1cc(nc2c(nccc12)-c1ccn[nH]1)N1CCOCC1	ATR Interacting Protein	1070	US Patent	5YZ0
C1C=CCN1c1cc(nc2c(nccc12)-c1ccn[nH]1)N1CCOCC1	ATR Interacting Protein	1070	US Patent	5YZ0
C[C@@H]1COCCN1c1cc(N=S(C)(C)=O)nc(n1)-c1ccnc2[nH]c(nc12)C(F)(F)F	ATR Interacting Protein	1072	US Patent	5YZ0
C[C@@H]1COCCN1c1cc(N=S(C)(C)=O)nc(n1)-c1ccnc2[nH]c(nc12)C(F)(F)F	ATR Interacting Protein	1072	US Patent	5YZ0
C[C@@H]1COCCN1c1cc(N=S(C)(C)=O)nc(n1)-c1ccnc2[nH]c(nc12)C(F)(F)F	ATR Interacting Protein	1072	US Patent	5YZ0
C[C@@H]1Cc2ncnc(C3CCN(CC3)S(=O)(=O)C3CC3)c2CN1c1ccnc2[nH]ccc12	ATR Interacting Protein	1091	US Patent	5YZ0
C[C@@H]1Cc2ncnc(C3CCN(CC3)S(=O)(=O)C3CC3)c2CN1c1ccnc2[nH]ccc12	ATR Interacting Protein	1091	US Patent	5YZ0
O=C1CCCN1c1cc(nc2c(nccc12)-c1ccn[nH]1)N1CCOCC1	ATR Interacting Protein	1140	US Patent	5YZ0
O=C1OCCN1c1cc(nc2c(nccc12)-c1ccn[nH]1)N1CCOCC1	ATR Interacting Protein	1140	US Patent	5YZ0
CC(C)Nc1cc(nc2c(nccc12)-c1ccn[nH]1)N1CCOCC1	ATR Interacting Protein	1160	US Patent	5YZ0
CC(C)Nc1cc(nc2c(nccc12)-c1ccn[nH]1)N1CCOCC1	ATR Interacting Protein	1160	US Patent	5YZ0
Cc1cncc(c1)-c1ccc2ncc3nnc(C4CCOCC4)n3c2c1	ATR Interacting Protein	1180	ChEMBL	5YZ0
CN(C)C(=O)c1ccccc1-c1cc(nc2c(nccc12)-c1ccn[nH]1)N1CCOCC1	ATR Interacting Protein	1190	US Patent	5YZ0
CN(C)C(=O)c1ccccc1-c1cc(nc2c(nccc12)-c1ccn[nH]1)N1CCOCC1	ATR Interacting Protein	1190	US Patent	5YZ0
C[C@@H]1Cc2ncnc([C@@H]3CCCN(C3)S(C)(=O)=O)c2CN1c1ccnc2[nH]ccc12	ATR Interacting Protein	1203	US Patent	5YZ0
C[C@@H]1Cc2ncnc(C3CCCN(C3)S(C)(=O)=O)c2CN1c1ccnc2[nH]ccc12	ATR Interacting Protein	1203	US Patent	5YZ0
Clc1cccc(c1)-c1ccc2ncc3nnc(C4CCOCC4)n3c2c1	ATR Interacting Protein	1220	ChEMBL	5YZ0
CC(C)Oc1cc(nc2c(nccc12)-c1ccn[nH]1)N1[C@H](C)COC[C@H]1C	ATR Interacting Protein	1250	US Patent	5YZ0
CC(C)Oc1cc(nc2c(nccc12)-c1ccn[nH]1)N1[C@H](C)COC[C@H]1C	ATR Interacting Protein	1250	US Patent	5YZ0
CC(C)Oc1cc(nc2c(nccc12)-c1cc[nH]n1)N1CCOC[C@@H]1C	ATR Interacting Protein	1270	US Patent	5YZ0
CC(C)Oc1cc(nc2c(nccc12)-c1cc[nH]n1)N1CCOC[C@@H]1C	ATR Interacting Protein	1270	US Patent	5YZ0
CS(=O)(=O)N1CCC(CC1)c1ncnc2CC(CF)N(Cc12)c1ccnc2[nH]ccc12	ATR Interacting Protein	1288	US Patent	5YZ0
CS(=O)(=O)N1CCC(CC1)c1ncnc2CC(CF)N(Cc12)c1ccnc2[nH]ccc12	ATR Interacting Protein	1288	US Patent	5YZ0
CO[C@H]1CC[C@@H](CC1)c1nnc2cnc3ccc(cc3n12)-c1cncc(c1)C(F)F	ATR Interacting Protein	1320	ChEMBL	5YZ0
O=C1OCCC1Oc1cc(nc2c(nccc12)-c1ccn[nH]1)N1CCOCC1	ATR Interacting Protein	1390	US Patent	5YZ0
O=C1OCCC1Oc1cc(nc2c(nccc12)-c1ccn[nH]1)N1CCOCC1	ATR Interacting Protein	1390	US Patent	5YZ0
C1CN(CCO1)c1cc(-c2cccc3cccnc23)c2ccnc(-c3ccn[nH]3)c2n1	ATR Interacting Protein	1460	US Patent	5YZ0
C1CN(CCO1)c1cc(-c2cccc3cccnc23)c2ccnc(-c3ccn[nH]3)c2n1	ATR Interacting Protein	1460	US Patent	5YZ0
C[C@@H]1Cc2ncnc([C@@H]3CCN(C)C3)c2CN1c1ccnc2[nH]ccc12	ATR Interacting Protein	1470	US Patent	5YZ0
C[C@H]1Cc2ncnc(C3CCN(C)C3)c2CN1c1ccnc2[nH]ccc12	ATR Interacting Protein	1470	US Patent	5YZ0
NC(=O)c1cc(nc2c(nccc12)-c1cc[nH]n1)N1CCOCC1	ATR Interacting Protein	1500	US Patent	5YZ0
NC(=O)c1cc(nc2c(nccc12)-c1cc[nH]n1)N1CCOCC1	ATR Interacting Protein	1500	US Patent	5YZ0
FC(F)c1cccc(c1)-c1ccc2ncc3nnc(C4CCOCC4)n3c2c1	ATR Interacting Protein	1660	ChEMBL	5YZ0
NS(=O)(=O)c1cccc(c1)-c1ccc2ncc3nnc(C4CCOCC4)n3c2c1	ATR Interacting Protein	1770	ChEMBL	5YZ0
C[C@@]12C[C@@H](CC(C)(C)C1)N(C2)c1cc(nc2c(nccc12)-c1ccn[nH]1)N1CCOCC1	ATR Interacting Protein	1790	US Patent	5YZ0
CC6(C)CC1CC(C)(CN1c4cc(N2CCOCC2)nc5c(c3ccn[nH]3)nccc45)C6	ATR Interacting Protein	1790	US Patent	"9L4F,9L4C,9L46,9L45,9L43,5YZ0,9L4D,7XV4"
C[C@@H]1COCCN1c1cc(N=S(C)(C)=O)nc(c1)-c1ccnn1C	ATR Interacting Protein	1848	US Patent	5YZ0
CC1Cc2ncnc(-c3ccc(cc3)S(C)(=O)=O)c2CN1c1ccnc2[nH]ccc12	ATR Interacting Protein	1966	US Patent	5YZ0
CC1Cc2ncnc(-c3ccc(cc3)S(C)(=O)=O)c2CN1c1cccc2[nH]ccc12	ATR Interacting Protein	1966	US Patent	5YZ0
CNC(=O)[C@@H]1CCCN1c1cc(nc2c(nccc12)-c1ccn[nH]1)N1CCOCC1	ATR Interacting Protein	2040	US Patent	5YZ0
CNC(=O)[C@@H]1CCCN1c1cc(nc2c(nccc12)-c1ccn[nH]1)N1CCOCC1	ATR Interacting Protein	2040	US Patent	5YZ0
FC(F)c1cncc(c1)-c1ccc2ncc3nnc([C@@H]4[C@H]5COC[C@@H]45)n3c2c1	ATR Interacting Protein	2160	ChEMBL	5YZ0
C[C@@H]1Cc2ncnc([C@H]3CCCN(C)C3)c2CN1c1cc(Cl)nc2[nH]ccc12	ATR Interacting Protein	2205	US Patent	5YZ0
C[C@H]1Cc2ncnc(C3CCCN(C)C3)c2CN1c1cc(Cl)nc2[nH]ccc12	ATR Interacting Protein	2205	US Patent	5YZ0
CC(C)(C)OC(=O)[C@@H]1CCCN1c1cc(nc2c(nccc12)-c1ccn[nH]1)N1CCOCC1	ATR Interacting Protein	2240	US Patent	5YZ0
CC(C)(C)OC(=O)[C@@H]1CCCN1c1cc(nc2c(nccc12)-c1ccn[nH]1)N1CCOCC1	ATR Interacting Protein	2240	US Patent	5YZ0
CS(=O)(=O)N1CCC(CC1)c1ncnc2C[C@H](C(F)F)N(Cc12)c1ccnc2[nH]ccc12	ATR Interacting Protein	2416	US Patent	5YZ0
CS(=O)(=O)N1CCC(CC1)c1ncnc2C[C@@H](C(F)F)N(Cc12)c1ccnc2[nH]ccc12	ATR Interacting Protein	2416	US Patent	5YZ0
C[C@@H]1Cc2ncnc(C3CCN(CC3)S(C)(=O)=O)c2CN1c1nccc2[nH]ccc12	ATR Interacting Protein	2647	US Patent	5YZ0
C[C@@H]1Cc2ncnc(C3CCN(CC3)S(C)(=O)=O)c2CN1c1nccc2[nH]ccc12	ATR Interacting Protein	2647	US Patent	5YZ0
COc1cccc(OC)c1-c1cc(nc2c(nccc12)-c1ccn[nH]1)N1CCOCC1	ATR Interacting Protein	2770	US Patent	5YZ0
COc1cccc(OC)c1-c1cc(nc2c(nccc12)-c1ccn[nH]1)N1CCOCC1	ATR Interacting Protein	2770	US Patent	5YZ0
NS(=O)(=O)c1cncc(c1)-c1ccc2ncc3nnc(C4CCOCC4)n3c2c1	ATR Interacting Protein	2880	ChEMBL	5YZ0
O=C(N1CCCCC1)c1ccc(cc1)-c1cc(nc2c(nccc12)-c1ccn[nH]1)N1CCOCC1	ATR Interacting Protein	2990	US Patent	5YZ0
Cc1ccc2n(C(=O)OC(C)(C)C)c(cc2c1)-c1cc(nc2c(nccc12)-c1ccn[nH]1)N1CCOCC1	ATR Interacting Protein	2990	US Patent	5YZ0
O=C(N1CCCCC1)c1ccc(cc1)-c1cc(nc2c(nccc12)-c1ccn[nH]1)N1CCOCC1	ATR Interacting Protein	2990	US Patent	5YZ0
Cc1ccc2n(C(=O)OC(C)(C)C)c(cc2c1)-c1cc(nc2c(nccc12)-c1ccn[nH]1)N1CCOCC1	ATR Interacting Protein	2990	US Patent	5YZ0
C[C@@H]1Cc2ncnc([C@H]3CCN(C(C)(C)C3)S(C)(=O)=O)c2CN1c1ccnc2[nH]ccc12	ATR Interacting Protein	3331	US Patent	5YZ0
C[C@@H]1Cc2ncnc(C3CCN(C(C)(C)C3)S(C)(=O)=O)c2CN1c1ccnc2[nH]ccc12	ATR Interacting Protein	3331	US Patent	5YZ0
C[C@@H]1COCCN1c1cc(N=S(C)(C)=O)nc(c1)-c1cnn(C)c1	ATR Interacting Protein	3442	US Patent	5YZ0
C[C@@H]1COCCN1c1cc(N=S(C)(C)=O)nc(c1)-c1nccn1C	ATR Interacting Protein	3469	US Patent	5YZ0
C[C@@H]1COCCN1c1cc(N=S(C)(C)=O)nc(c1)-n1ccnc1C	ATR Interacting Protein	3469	US Patent	5YZ0
C[C@@H]1Cc2ncnc(C3CCCN(C3)S(C)(=O)=O)c2CN1c1ccnc2[nH]ccc12	ATR Interacting Protein	3571	US Patent	5YZ0
C[C@@H]1Cc2ncnc(C3CCCN(C3)S(C)(=O)=O)c2CN1c1ccnc2[nH]ccc12	ATR Interacting Protein	3571	US Patent	5YZ0
C[C@@H]1Cc2ncnc(C3CCN(CC3)C(=O)C(C)(C)O)c2CN1c1ccnc2[nH]ccc12	ATR Interacting Protein	3597	US Patent	5YZ0
C[C@@H]1Cc2ncnc(C3CCN(CC3)C(=O)C(C)(C)O)c2CN1c1ccnc2[nH]ccc12	ATR Interacting Protein	3597	US Patent	5YZ0
COc1ccc2n(C(=O)OC(C)(C)C)c(cc2c1)-c1cc(nc2c(nccc12)-c1ccn[nH]1)N1CCOCC1	ATR Interacting Protein	3950	US Patent	5YZ0
COc1ccc2n(C(=O)OC(C)(C)C)c(cc2c1)-c1cc(nc2c(nccc12)-c1ccn[nH]1)N1CCOCC1	ATR Interacting Protein	3950	US Patent	5YZ0
C[C@@H]1Cc2ncnc([C@H]3CCCN(C3)S(C)(=O)=O)c2CN1c1ccnc2[nH]ccc12	ATR Interacting Protein	4793	US Patent	5YZ0
C[C@H]1Cc2ncnc(C3CCCN(C3)S(C)(=O)=O)c2CN1c1ccnc2[nH]ccc12	ATR Interacting Protein	4793	US Patent	5YZ0
FC(F)c1cncc(c1)-c1ccc2ncc3nnc(C4CCOCC4)n3c2c1	ATR Interacting Protein	4920	ChEMBL	5YZ0
CS(=O)(=O)c1ccc(cc1)-c1ncnc2CCN(Cc12)c1ccnc2[nH]ccc12	ATR Interacting Protein	5500	US Patent	5YZ0
CS(=O)(=O)N1CCC(CC1)c1ncnc2CCN(Cc12)c1ccnc2[nH]ccc12	ATR Interacting Protein	5500	US Patent	5YZ0
CS(=O)(=O)c1cccc(c1)-c1ncnc2CCN(Cc12)c1ccnc2[nH]ccc12	ATR Interacting Protein	5500	US Patent	5YZ0
CC1Cc2ncnc(-c3cccc(c3)S(C)(=O)=O)c2CN1c1ccnc2[nH]ccc12	ATR Interacting Protein	5500	US Patent	5YZ0
C[C@@H]1Cc2ncnc(N3CCCN(CC3)S(C)(=O)=O)c2CN1c1ccnc2[nH]ccc12	ATR Interacting Protein	5500	US Patent	5YZ0
C[C@@H]1Cc2ncnc(N3CCN(CC3)S(C)(=O)=O)c2CN1c1cc(Cl)nc2[nH]ccc12	ATR Interacting Protein	5500	US Patent	5YZ0
C[C@@H]1Cc2ncnc(N3CCN(C(C)(C)C3)S(C)(=O)=O)c2CN1c1cc(Cl)nc2[nH]ccc12	ATR Interacting Protein	5500	US Patent	5YZ0
C[C@@H]1Cc2ncnc(N3CCS(=O)(=O)CC3)c2CN1c1cc(Cl)nc2[nH]ccc12	ATR Interacting Protein	5500	US Patent	5YZ0
C[C@@H]1Cc2ncnc(C3CCN(CC3)S(C)(=O)=O)c2CN1c1ncnc2[nH]ccc12	ATR Interacting Protein	5500	US Patent	5YZ0
CCS(=O)(=O)N1CCCC(C1)c1ncnc2C[C@@H](C)N(Cc12)c1ccnc2[nH]ccc12	ATR Interacting Protein	5500	US Patent	5YZ0
C[C@@H]1Cc2ncnc(N3C[C@@H]4CC[C@H](C3)C4NC(=O)CC(F)(F)F)c2CN1c1cc(Cl)nc2[nH]ccc12	ATR Interacting Protein	5500	US Patent	5YZ0
CCC(=O)NC1[C@H]2CC[C@@H]1CN(C2)c1ncnc2C[C@@H](C)N(Cc12)c1cc(Cl)nc2[nH]ccc12	ATR Interacting Protein	5500	US Patent	5YZ0
COC(=O)NC1[C@H]2CC[C@@H]1CN(C2)c1ncnc2C[C@@H](C)N(Cc12)c1cc(Cl)nc2[nH]ccc12	ATR Interacting Protein	5500	US Patent	5YZ0
C[C@@H]1Cc2ncnc(N3CCC33CN(C3)S(C)(=O)=O)c2CN1c1cc(Cl)nc2[nH]ccc12	ATR Interacting Protein	5500	US Patent	5YZ0
C[C@@H]1Cc2ncnc(C3CCN(CC3)S(C)(=O)=O)c2CN1c1ccnc2[nH]ncc12	ATR Interacting Protein	5500	US Patent	5YZ0
C[C@@H]1Cc2ncnc(C3CCN(CC3)S(C)(=O)=O)c2CN1c1ncnc2[nH]ccc12	ATR Interacting Protein	5500	US Patent	5YZ0
CS(=O)(=O)c1ccc(cc1)-c1ncnc2CCN(Cc12)c1ccnc2[nH]ccc12	ATR Interacting Protein	5500	US Patent	5YZ0
CS(=O)(=O)N1CCC(CC1)c1ncnc2CCN(Cc12)c1ccnc2[nH]ccc12	ATR Interacting Protein	5500	US Patent	5YZ0
CS(=O)(=O)c1cccc(c1)-c1ncnc2CCN(Cc12)c1ccnc2[nH]ccc12	ATR Interacting Protein	5500	US Patent	5YZ0
CC1Cc2ncnc(-c3cccc(c3)S(C)(=O)=O)c2CN1c1ccnc2[nH]ccc12	ATR Interacting Protein	5500	US Patent	5YZ0
C[C@@H]1Cc2ncnc(N3CCCN(CC3)S(C)(=O)=O)c2CN1c1ccnc2[nH]ccc12	ATR Interacting Protein	5500	US Patent	5YZ0
C[C@@H]1Cc2ncnc(N3CCN(CC3)S(C)(=O)=O)c2CN1c1cc(Cl)nc2[nH]ccc12	ATR Interacting Protein	5500	US Patent	5YZ0
C[C@@H]1Cc2ncnc(N3CCN(C(C)(C)C3)S(C)(=O)=O)c2CN1c1cc(Cl)nc2[nH]ccc12	ATR Interacting Protein	5500	US Patent	5YZ0
C[C@@H]1Cc2ncnc(N3CCS(=O)(=O)CC3)c2CN1c1cc(Cl)nc2[nH]ccc12	ATR Interacting Protein	5500	US Patent	5YZ0
C[C@@H]1Cc2ncnc(C3CCN(CC3)S(C)(=O)=O)c2CN1c1ncnc2[nH]ccc12	ATR Interacting Protein	5500	US Patent	5YZ0
CCS(=O)(=O)N1CCCC(C1)c1ncnc2C[C@@H](C)N(Cc12)c1ccnc2[nH]ccc12	ATR Interacting Protein	5500	US Patent	5YZ0
C[C@@H]1Cc2ncnc(N3C[C@@H]4CC[C@H](C3)C4NC(=O)CC(F)(F)F)c2CN1c1cc(Cl)nc2[nH]ccc12	ATR Interacting Protein	5500	US Patent	5YZ0
CCC(=O)NC1[C@H]2CC[C@@H]1CN(C2)c1ncnc2C[C@@H](C)N(Cc12)c1cc(Cl)nc2[nH]ccc12	ATR Interacting Protein	5500	US Patent	5YZ0
COC(=O)NC1[C@H]2CC[C@@H]1CN(C2)c1ncnc2C[C@@H](C)N(Cc12)c1cc(Cl)nc2[nH]ccc12	ATR Interacting Protein	5500	US Patent	5YZ0
C[C@@H]1Cc2ncnc(N3CCC33CN(C3)S(C)(=O)=O)c2CN1c1cc(Cl)nc2[nH]ccc12	ATR Interacting Protein	5500	US Patent	5YZ0
C[C@@H]1Cc2ncnc(C3CCN(CC3)S(C)(=O)=O)c2CN1c1ccnc2[nH]ncc12	ATR Interacting Protein	5500	US Patent	5YZ0
C[C@@H]1Cc2ncnc(C3CCN(CC3)S(C)(=O)=O)c2CN1c1ncnc2[nH]ccc12	ATR Interacting Protein	5500	US Patent	5YZ0
FC(F)(F)Oc1cccc(c1)-c1ccc2ncc3nnc(C4CCOCC4)n3c2c1	ATR Interacting Protein	5750	ChEMBL	5YZ0
FC(F)c1ccc(cc1)-c1ccc2ncc3nnc(C4CCOCC4)n3c2c1	ATR Interacting Protein	6750	ChEMBL	5YZ0
CN(C)CCCOc1ccc(cn1)-c1ccc2ncc3nnc(C4CCOCC4)n3c2c1	ATR Interacting Protein	10000	ChEMBL	5YZ0
Cc1cc(cnc1F)-c1ccc2ncc3nnc(C4CCOCC4)n3c2c1	ATR Interacting Protein	13000	ChEMBL	5YZ0
CS(=O)(=O)c1cccc(c1)-c1ccc2ncc3nnc(C4CCOCC4)n3c2c1	ATR Interacting Protein	16900	ChEMBL	5YZ0
CS(=O)(=O)c1cncc(c1)-c1ccc2ncc3nnc(C4CCOCC4)n3c2c1	ATR Interacting Protein	17200	ChEMBL	5YZ0
FC(F)c1cncc(c1)-c1ccc2ncc3nnc(C4CCOCC4)n3c2c1F	ATR Interacting Protein	19700	ChEMBL	5YZ0
C1CN(CCO1)c1cc(-c2cc[nH]c2)c2ccnc(-c3ccn[nH]3)c2n1	ATR Interacting Protein	20000	US Patent	5YZ0
CS(=O)(=O)c1ccc(F)c(c1)-c1ccc2ncc3nnc(C4CCOCC4)n3c2c1	ATR Interacting Protein	20000	ChEMBL	5YZ0
FC(F)(F)c1cncc(c1)-c1ccc2ncc3nnc(C4CCOCC4)n3c2c1	ATR Interacting Protein	20000	ChEMBL	5YZ0
Cc1nc2ccc(cc2n2c(nnc12)C1CCOCC1)-c1cncc(c1)C(F)F	ATR Interacting Protein	20000	ChEMBL	5YZ0
FC(F)c1cncc(c1)-c1cc(F)c2ncc3nnc(C4CCOCC4)n3c2c1	ATR Interacting Protein	20000	ChEMBL	5YZ0
C1CN(CCO1)c1cc(-c2cc[nH]c2)c2ccnc(-c3ccn[nH]3)c2n1	ATR Interacting Protein	20000	US Patent	5YZ0
CCOc1cc(N2Cc3c(C[C@H]2CF)ncnc3C2CCN(CC2)S(C)(=O)=O)c2cc[nH]c2n1	ATR Interacting Protein	24956	US Patent	5YZ0
CCOc1cc(N2Cc3c(C[C@H]2CF)ncnc3C2CCN(CC2)S(C)(=O)=O)c2cc[nH]c2n1	ATR Interacting Protein	24956	US Patent	5YZ0
CS(=O)(=O)N1CCC(CC1)c1ncnc2C[C@@H](CF)N(Cc12)c1ccnc2[nH]ccc12	ATR Interacting Protein	30000	US Patent	5YZ0
CS(=O)(=O)N1CCC(CC1)c1ncnc2C[C@@H](CF)N(Cc12)c1ccnc2[nH]ccc12	ATR Interacting Protein	30000	US Patent	5YZ0
C[C@@H]1COCCN1c1cc(-c2cncn2C)c2ccnc(-c3ccn[nH]3)c2n1	ATR Interacting Protein	5.17	US Patent	5YZ0
CCn1nccc1-c1cc(nc2c(nccc12)-c1ccn[nH]1)N1CCOC[C@H]1C	ATR Interacting Protein	5.34	US Patent	5YZ0
CCn1nccc1-c1cc(nc2c(nccc12)-c1ccn[nH]1)N1CCOC[C@H]1C	ATR Interacting Protein	5.34	US Patent	5YZ0
C[C@@H]1COCCN1c1cc(N(C)CC(C)(C)C)c2ccnc(-c3ccn[nH]3)c2n1	ATR Interacting Protein	5.38	US Patent	5YZ0
C[C@@H]1COCCN1c1cc(N(C)CC(C)(C)C)c2ccnc(-c3ccn[nH]3)c2n1	ATR Interacting Protein	5.38	US Patent	5YZ0
C[C@@H]1COCCN1c1cc(-c2ccccc2N)c2ccnc(-c3ccn[nH]3)c2n1	ATR Interacting Protein	5.65	US Patent	5YZ0
C[C@@H]1COCCN1c1cc(-c2ccccc2N)c2ccnc(-c3ccn[nH]3)c2n1	ATR Interacting Protein	5.65	US Patent	5YZ0
CCn1nc(C)cc1-c1cc(nc2c(nccc12)-c1ccn[nH]1)N1CCOC[C@H]1C	ATR Interacting Protein	5.71	US Patent	5YZ0
CCn1nc(C)cc1-c1cc(nc2c(nccc12)-c1ccn[nH]1)N1CCOC[C@H]1C	ATR Interacting Protein	5.71	US Patent	5YZ0
C[C@@H]1COCCN1c1cc(N=[S@](C)(=O)C2CC2)nc(n1)-n1c(C)nc2ccccc12	ATR Interacting Protein	6	US Patent	5YZ0
C[C@@H]1COCCN1c1cc(N=S(C)(C)=O)nc(n1)-n1cnc2ccc(C)cc12	ATR Interacting Protein	6	US Patent	5YZ0
C[C@@H]1COCCN1c1cc(N=[S@](C)(=O)C2CC2)nc(n1)-n1c(C)nc2ccccc12	ATR Interacting Protein	6	US Patent	5YZ0
C[C@@H]1COCCN1c1cc(N=S(C)(C)=O)nc(n1)-n1cnc2ccc(C)cc12	ATR Interacting Protein	6	US Patent	5YZ0
C[C@@H]1COCCN1c1cc(nc(n1)-c1ccnc2[nH]ccc12)[C@]1(C)CCCS1(=O)=O	ATR Interacting Protein	6	US Patent	5YZ0
C[C@@H]1COCCN1c1cc(nc(n1)-c1ccnc2[nH]ccc12)[C@@]1(C)CCCS1(=O)=O	ATR Interacting Protein	6	US Patent	5YZ0
C[C@@H]1COCCN1c1cc(N=S(C)(=O)C2CC2)nc(c1)-c1cncc2[nH]ccc12	ATR Interacting Protein	6	US Patent	5YZ0
C[C@@H]1COCCN1c1cc(N=[S@](C)(=O)C2CC2)nc(n1)-n1c(C)nc2ccccc12	ATR Interacting Protein	6	US Patent	5YZ0
C[C@@H]1COCCN1c1cc(N=S(C)(C)=O)nc(n1)-n1cnc2ccc(C)cc12	ATR Interacting Protein	6	US Patent	5YZ0
C[C@@H]1COCCN1c1cc(-c2cccc(F)c2F)c2ccnc(-c3ccn[nH]3)c2n1	ATR Interacting Protein	6.33	US Patent	5YZ0
C[C@@H]1COCCN1c1cc(-c2cccc(F)c2F)c2ccnc(-c3ccn[nH]3)c2n1	ATR Interacting Protein	6.33	US Patent	5YZ0
C[C@@H]1COCCN1c1cc(-c2ccc(cc2)S(C)(=O)=O)c2ccnc(-c3cc[nH]n3)c2n1	ATR Interacting Protein	6.36	US Patent	5YZ0
C[C@@H]1COCCN1c1cc(-c2ccc(cc2)S(C)(=O)=O)c2ccnc(-c3cc[nH]n3)c2n1	ATR Interacting Protein	6.36	US Patent	5YZ0
C[C@@H]1COCCN1c1cc(-c2sccc2C)c2ccnc(-c3ccn[nH]3)c2n1	ATR Interacting Protein	6.38	US Patent	5YZ0
C[C@@H]1COCCN1c1cc(-c2sccc2C)c2ccnc(-c3ccn[nH]3)c2n1	ATR Interacting Protein	6.38	US Patent	5YZ0
C[C@@H]1COCCN1c1cc(-c2c[nH]nc2C(F)(F)F)c2ccnc(-c3ccn[nH]3)c2n1	ATR Interacting Protein	6.45	US Patent	5YZ0
C[C@@H]1COCCN1c1cc(-c2c[nH]nc2C(F)(F)F)c2ccnc(-c3ccn[nH]3)c2n1	ATR Interacting Protein	6.45	US Patent	5YZ0
C[C@@H]1COCCN1c1cc(N2CCC(CO)CC2)c2ccnc(-c3ccn[nH]3)c2n1	ATR Interacting Protein	6.6	US Patent	5YZ0
C[C@@H]1COCCN1c1cc(N2CCC(CO)CC2)c2ccnc(-c3ccn[nH]3)c2n1	ATR Interacting Protein	6.6	US Patent	5YZ0
C[C@@H]1COCCN1c1cc(-c2cnn(C)c2C)c2ccnc(-c3ccn[nH]3)c2n1	ATR Interacting Protein	6.62	US Patent	5YZ0
C[C@@H]1COCCN1c1cc(-c2cnn(C)c2C)c2ccnc(-c3ccn[nH]3)c2n1	ATR Interacting Protein	6.62	US Patent	5YZ0
C[C@@H]1COCCN1c1cc(-c2ccc(nc2C)S(C)(=O)=O)c2ccnc(-c3ccn[nH]3)c2n1	ATR Interacting Protein	6.71	US Patent	5YZ0
C[C@@H]1COCCN1c1cc(-c2ccc(nc2C)S(C)(=O)=O)c2ccnc(-c3ccn[nH]3)c2n1	ATR Interacting Protein	6.71	US Patent	5YZ0
C[C@@H]1COCCN1c1cc(C2CCS(=O)(=O)CC2)c2ccnc(-c3ccn[nH]3)c2n1	ATR Interacting Protein	6.76	US Patent	5YZ0
C[C@@H]1COCCN1c1cc(C2CCS(=O)(=O)CC2)c2ccnc(-c3ccn[nH]3)c2n1	ATR Interacting Protein	6.76	US Patent	5YZ0
C[C@@H]1COCCN1c1cc(-c2cc(F)ccc2N)c2ccnc(-c3ccn[nH]3)c2n1	ATR Interacting Protein	6.97	US Patent	5YZ0
C[C@@H]1COCCN1c1cc(-c2cc(F)ccc2N)c2ccnc(-c3ccn[nH]3)c2n1	ATR Interacting Protein	6.97	US Patent	5YZ0
C[C@@H]1COCCN1c1cc(N=S(C)(C)=O)nc(n1)-c1ccnc2[nH]c(C)cc12	ATR Interacting Protein	7	US Patent	5YZ0
CC[S@](C)(=O)=Nc1cc(nc(n1)-c1ccnc2[nH]ccc12)N1CCOC[C@H]1C	ATR Interacting Protein	7	US Patent	5YZ0
C[C@@H]1COCCN1c1cc(N=S(C)(C)=O)nc(n1)-n1c(C)nc2ccc(F)cc12	ATR Interacting Protein	7	US Patent	5YZ0
C[C@@H]1COCCN1c1cc(N=S(C)(C)=O)nc(n1)-c1ccnc2[nH]c(C)cc12	ATR Interacting Protein	7	US Patent	5YZ0
CC[S@](C)(=O)=Nc1cc(nc(n1)-c1ccnc2[nH]ccc12)N1CCOC[C@H]1C	ATR Interacting Protein	7	US Patent	5YZ0
C[C@@H]1COCCN1c1cc(N=S(C)(C)=O)nc(n1)-n1c(C)nc2ccc(F)cc12	ATR Interacting Protein	7	US Patent	5YZ0
CCN1CCCN(c2cc(nc(n2)-c2ccnc3[nH]ccc23)N2CCOC[C@H]2C)S1(=O)=O	ATR Interacting Protein	7	US Patent	5YZ0
CC(C)N1CCCN(c2cc(nc(n2)-c2ccnc3[nH]ccc23)N2CCOC[C@H]2C)S1(=O)=O	ATR Interacting Protein	7	US Patent	5YZ0
C[C@@H]1COCCN1c1cc(nc(n1)-c1ccnc2[nH]ccc12)C1CCCN(C1)S(C)(=O)=O	ATR Interacting Protein	7	US Patent	5YZ0
C[C@@H]1COCCN1c1cc(-c2ccnn2C)c2ccnc(-c3ccn[nH]3)c2n1	ATR Interacting Protein	7	ChEMBL	5YZ0
C[C@@H]1COCCN1c1cc(N=S(C)(C)=O)nc(n1)-c1ccnc2[nH]c(C)cc12	ATR Interacting Protein	7	US Patent	5YZ0
CC[S@@](C)(=O)=Nc1cc(nc(n1)-c1ccnc2[nH]ccc12)N1CCOC[C@H]1C	ATR Interacting Protein	7	US Patent	5YZ0
C[C@@H]1COCCN1c1cc(N=S(C)(C)=O)nc(n1)-n1c(C)nc2ccc(F)cc12	ATR Interacting Protein	7	US Patent	5YZ0
C[C@@H]1COCCN1c1cc(-c2ccc(cc2F)S(C)(=O)=O)c2ccnc(-c3ccn[nH]3)c2n1	ATR Interacting Protein	7.1	US Patent	5YZ0
C[C@@H]1COCCN1c1cc(-c2ccc(cc2F)S(C)(=O)=O)c2ccnc(-c3ccn[nH]3)c2n1	ATR Interacting Protein	7.1	US Patent	5YZ0
C[C@@H]1COCCN1c1cc(-c2ccnn2C)c2ccnc(-c3ccn[nH]3)c2n1	ATR Interacting Protein	7.24	US Patent	5YZ0
C[C@@H]1COCCN1c1cc(-c2ccnn2C)c2ccnc(-c3ccn[nH]3)c2n1	ATR Interacting Protein	7.24	US Patent	5YZ0
C[C@@H]1COCCN1c1cc(-c2c(C)cnn2C)c2ccnc(-c3ccn[nH]3)c2n1	ATR Interacting Protein	7.35	US Patent	5YZ0
C[C@@H]1COCCN1c1cc(-c2c(C)cnn2C)c2ccnc(-c3ccn[nH]3)c2n1	ATR Interacting Protein	7.35	US Patent	5YZ0
CSc1ccc(c(C)n1)-c1cc(nc2c(nccc12)-c1ccn[nH]1)N1CCOC[C@H]1C	ATR Interacting Protein	7.44	US Patent	5YZ0
CSc1ccc(c(C)n1)-c1cc(nc2c(nccc12)-c1ccn[nH]1)N1CCOC[C@H]1C	ATR Interacting Protein	7.44	US Patent	5YZ0
C[C@@H]1COCCN1c1cc(-c2c(C)nn(C)c2C)c2ccnc(-c3ccn[nH]3)c2n1	ATR Interacting Protein	7.66	US Patent	5YZ0
C[C@@H]1COCCN1c1cc(-c2c(C)nn(C)c2C)c2ccnc(-c3ccn[nH]3)c2n1	ATR Interacting Protein	7.66	US Patent	5YZ0
C[C@@H]1COCCN1c1cc(N=S2(=O)CCCCC2)nc(n1)-c1ccnc2[nH]ccc12	ATR Interacting Protein	8	US Patent	5YZ0
C[C@@H]1COCCN1c1cc(N=S(C)(C)=O)nc(n1)-c1cc(Cl)nc2[nH]ccc12	ATR Interacting Protein	8	US Patent	5YZ0
C[C@@H]1COCCN1c1cc(N=[S@](C)(=O)C2CC2)nc(n1)-c1ccnc2[nH]ccc12	ATR Interacting Protein	8	US Patent	5YZ0
C[C@@H]1COCCN1c1cc(N=S2(=O)CCCCC2)nc(n1)-c1ccnc2[nH]ccc12	ATR Interacting Protein	8	US Patent	5YZ0
C[C@@H]1COCCN1c1cc(N=S(C)(C)=O)nc(n1)-c1cc(Cl)nc2[nH]ccc12	ATR Interacting Protein	8	US Patent	5YZ0
C[C@@H]1COCCN1c1cc(N=[S@](C)(=O)C2CC2)nc(n1)-c1ccnc2[nH]ccc12	ATR Interacting Protein	8	US Patent	5YZ0
C[C@@H]1COCCN1c1cc(nc(n1)-c1ccnc2[nH]ccc12)C1CCN(C1)S(C)(=O)=O	ATR Interacting Protein	8	US Patent	5YZ0
C[C@@H]1COCCN1c1cc(nc(n1)-c1ccnc2[nH]ccc12)C1CCCCS1(=O)=O	ATR Interacting Protein	8	US Patent	5YZ0
C[C@@H]1COCCN1c1cc(nc(n1)-c1ccnc2[nH]ccc12)C1(C)CCCS1(=O)=O	ATR Interacting Protein	8	US Patent	5YZ0
C[C@@H]1COCCN1c1cc(N=S(C)(=O)C2CC2)nc(c1)-c1ccnc2[nH]ccc12	ATR Interacting Protein	8	US Patent	5YZ0
C[C@@H]1COCCN1c1cc(N=S(C)(C)=O)nc(c1)-c1cccc2[nH]cnc12	ATR Interacting Protein	8	US Patent	5YZ0
C[C@@H]1COCCN1c1cc(N=S2(=O)CCCC2)nc(c1)-c1ccnc2[nH]ccc12	ATR Interacting Protein	8	US Patent	5YZ0
C[C@@H]1COCCN1c1cc(N=S2(=O)CCOCC2)nc(c1)-c1ccnc2[nH]ccc12	ATR Interacting Protein	8	US Patent	5YZ0
C[C@@H]1COCCN1c1cc(N=S2(=O)CCCCC2)nc(n1)-c1ccnc2[nH]ccc12	ATR Interacting Protein	8	US Patent	5YZ0
C[C@@H]1COCCN1c1cc(N=S(C)(C)=O)nc(n1)-c1cc(Cl)nc2[nH]ccc12	ATR Interacting Protein	8	US Patent	5YZ0
C[C@@H]1COCCN1c1cc(N=[S@](C)(=O)C2CC2)nc(n1)-c1ccnc2[nH]ccc12	ATR Interacting Protein	8	US Patent	5YZ0
C[C@@H]1COCCN1c1cc(-c2cccnc2F)c2ccnc(-c3ccn[nH]3)c2n1	ATR Interacting Protein	8.11	US Patent	5YZ0
C[C@@H]1COCCN1c1cc(-c2cccnc2F)c2ccnc(-c3ccn[nH]3)c2n1	ATR Interacting Protein	8.11	US Patent	5YZ0
CCCn1nccc1-c1cc(nc2c(nccc12)-c1ccn[nH]1)N1CCOC[C@H]1C	ATR Interacting Protein	8.16	US Patent	5YZ0
CCCn1nccc1-c1cc(nc2c(nccc12)-c1ccn[nH]1)N1CCOC[C@H]1C	ATR Interacting Protein	8.16	US Patent	5YZ0
C[C@@H]1COCCN1c1cc(-c2c[nH]nc2C)c2ccnc(-c3ccn[nH]3)c2n1	ATR Interacting Protein	8.31	US Patent	5YZ0
C[C@@H]1COCCN1c1cc(-c2c[nH]nc2C)c2ccnc(-c3ccn[nH]3)c2n1	ATR Interacting Protein	8.31	US Patent	5YZ0
C[C@@H]1COCCN1c1cc(-c2cccc(c2)S(C)(=O)=O)c2ccnc(-c3cc[nH]n3)c2n1	ATR Interacting Protein	8.4	US Patent	5YZ0
C[C@@H]1COCCN1c1cc(-c2cccc(c2)S(C)(=O)=O)c2ccnc(-c3cc[nH]n3)c2n1	ATR Interacting Protein	8.4	US Patent	5YZ0
C[C@@H]1COCCN1c1cc(-c2c(C)noc2C)c2ccnc(-c3ccn[nH]3)c2n1	ATR Interacting Protein	8.67	US Patent	5YZ0
C[C@@H]1COCCN1c1cc(-c2c(C)noc2C)c2ccnc(-c3ccn[nH]3)c2n1	ATR Interacting Protein	8.67	US Patent	5YZ0
C[C@@H]1COCCN1c1cc(N(C)c2ccc(F)cc2)c2ccnc(-c3ccn[nH]3)c2n1	ATR Interacting Protein	8.71	US Patent	5YZ0
C[C@@H]1COCCN1c1cc(N(C)c2ccc(F)cc2)c2ccnc(-c3ccn[nH]3)c2n1	ATR Interacting Protein	8.71	US Patent	5YZ0
C[C@@H]1COCCN1c1cc(-c2cncn2Cc2ccccc2)c2ccnc(-c3ccn[nH]3)c2n1	ATR Interacting Protein	8.91	US Patent	5YZ0
C[C@@H]1COCCN1c1cc(-c2cncn2Cc2ccccc2)c2ccnc(-c3ccn[nH]3)c2n1	ATR Interacting Protein	8.91	US Patent	5YZ0
C[C@@H]1COCCN1c1cc(-c2ccccc2F)c2ccnc(-c3ccn[nH]3)c2n1	ATR Interacting Protein	8.92	US Patent	5YZ0
C[C@@H]1COCCN1c1cc(-c2ccccc2F)c2ccnc(-c3ccn[nH]3)c2n1	ATR Interacting Protein	8.92	US Patent	5YZ0
C[C@@H]1COCCN1c1cc(N=S(C)(C)=O)nc(c1)-n1cnc2ccccc12	ATR Interacting Protein	9	US Patent	5YZ0
C[C@@H]1COCCN1c1cc(N=S(C)(C)=O)nc(c1)-c1cncc2[nH]ccc12	ATR Interacting Protein	9	US Patent	5YZ0
C[C@@H]1COCCN1c1cc(N=S(C)(=O)C2CC2)nc(c1)-c1cncc2[nH]ccc12	ATR Interacting Protein	9	US Patent	5YZ0
C[C@@H]1COCCN1c1cc(N=S2(=O)CCC2)nc(c1)-c1ccnc2[nH]ccc12	ATR Interacting Protein	9	US Patent	5YZ0
CC1CCN(CC1)c1cc(nc2c(nccc12)-c1ccn[nH]1)N1CCOC[C@H]1C	ATR Interacting Protein	9.14	US Patent	5YZ0
CC1CCN(CC1)c1cc(nc2c(nccc12)-c1ccn[nH]1)N1CCOC[C@H]1C	ATR Interacting Protein	9.14	US Patent	5YZ0
C[C@@H]1COCCN1c1cc(C2CC2)c2ccnc(-c3cc[nH]n3)c2n1	ATR Interacting Protein	9.23	US Patent	5YZ0
C[C@@H]1COCCN1c1cc(C2CC2)c2ccnc(-c3cc[nH]n3)c2n1	ATR Interacting Protein	9.23	US Patent	5YZ0
C[C@@H]1COCCN1c1cc(-c2ccc(cc2)S(C)(=N)=O)c2ccnc(-c3ccn[nH]3)c2n1	ATR Interacting Protein	9.48	US Patent	5YZ0
C[C@@H]1COCCN1c1cc(-c2ccc(cc2)S(C)(=N)=O)c2ccnc(-c3ccn[nH]3)c2n1	ATR Interacting Protein	9.48	US Patent	5YZ0
C[C@@H]1COCCN1c1cc(-c2cccc(F)c2N)c2ccnc(-c3ccn[nH]3)c2n1	ATR Interacting Protein	9.5	US Patent	5YZ0
C[C@@H]1COCCN1c1cc(-c2cccc(F)c2N)c2ccnc(-c3ccn[nH]3)c2n1	ATR Interacting Protein	9.5	US Patent	5YZ0
C[C@@H]1COCCN1c1cc(-c2ccc(nc2C)S(C)(=N)=O)c2ccnc(-c3ccn[nH]3)c2n1	ATR Interacting Protein	9.51	US Patent	5YZ0
C[C@@H]1COCCN1c1cc(-c2ccc(nc2C)S(C)(=N)=O)c2ccnc(-c3ccn[nH]3)c2n1	ATR Interacting Protein	9.51	US Patent	5YZ0
C[C@@H]1COCCN1c1cc(N=S(C)(C)=O)nc(n1)-n1c(nc2ccccc12)C1CC1	ATR Interacting Protein	10	US Patent	5YZ0
C[C@@H]1COCCN1c1cc(N=S(C)(C)=O)nc(n1)-n1cnc2cc(F)c(F)cc12	ATR Interacting Protein	10	US Patent	5YZ0
CNc1nccn1-c1nc2N3[C@H](C)COC[C@H]3COc2c(n1)C(C)(C)S(C)(=O)=O	ATR Interacting Protein	10	ChEMBL	5YZ0
C[C@@H]1COC[C@H]2COc3c(nc(nc3C(C)(C)S(C)(=O)=O)N(C)c3ccn[nH]3)N12	ATR Interacting Protein	10	ChEMBL	5YZ0
C[C@@H]1COCCN1c1cc(-c2cccn2C)c2ccnc(-c3ccn[nH]3)c2n1	ATR Interacting Protein	10	US Patent	5YZ0
C[C@@H]1COCCN1c1cc(N=S(C)(C)=O)nc(n1)-n1c(nc2ccccc12)C1CC1	ATR Interacting Protein	10	US Patent	5YZ0
C[C@@H]1COCCN1c1cc(N=S(C)(C)=O)nc(n1)-n1cnc2cc(F)c(F)cc12	ATR Interacting Protein	10	US Patent	5YZ0
COC(=O)N1CCC(CC1)c1cc(nc(n1)-c1ccnc2[nH]ccc12)N1CCOC[C@H]1C	ATR Interacting Protein	10	US Patent	5YZ0
C[C@@H]1COCCN1c1cc(nc(n1)-c1ccnc2[nH]ccc12)C1CCCN(C1)C(C)=O	ATR Interacting Protein	10	US Patent	5YZ0
COC(=O)N1CCC(C1)c1cc(nc(n1)-c1ccnc2[nH]ccc12)N1CCOC[C@H]1C	ATR Interacting Protein	10	US Patent	5YZ0
C[C@@H]1COCCN1c1cc(N=S(C)(C)=O)nc(c1)-c1ccnc2[nH]ccc12	ATR Interacting Protein	10	US Patent	5YZ0
C[C@@H]1COCCN1c1cc(-c2cccn2C)c2ccnc(-c3ccn[nH]3)c2n1	ATR Interacting Protein	10	US Patent	5YZ0
C[C@@H]1COCCN1c1cc(N=S(C)(C)=O)nc(n1)-n1c(nc2ccccc12)C1CC1	ATR Interacting Protein	10	US Patent	5YZ0
C[C@@H]1COCCN1c1cc(N=S(C)(C)=O)nc(n1)-n1cnc2cc(F)c(F)cc12	ATR Interacting Protein	10	US Patent	5YZ0
C[C@@H]1COC[C@H]2COc3c(nc(nc3C3(CC3)C#N)-c3ccnc4[nH]ccc34)N12	ATR Interacting Protein	10	ChEMBL	5YZ0
C[C@@H]1COCCN1c1cc(-c2ccsc2C)c2ccnc(-c3ccn[nH]3)c2n1	ATR Interacting Protein	10.1	US Patent	5YZ0
C[C@@H]1COCCN1c1cc(-c2cnc3CCCn23)c2ccnc(-c3ccn[nH]3)c2n1	ATR Interacting Protein	10.1	US Patent	5YZ0
C[C@@H]1COCCN1c1cc(-c2ccsc2C)c2ccnc(-c3ccn[nH]3)c2n1	ATR Interacting Protein	10.1	US Patent	5YZ0
C[C@@H]1COCCN1c1cc(-c2cnc3CCCn23)c2ccnc(-c3ccn[nH]3)c2n1	ATR Interacting Protein	10.1	US Patent	5YZ0
C[C@@H]1COCCN1c1cc(c2ccnc(-c3ccn[nH]3)c2n1)S(C)(=O)=O	ATR Interacting Protein	10.3	US Patent	5YZ0
C[C@@H]1COCCN1c1cc(c2ccnc(-c3ccn[nH]3)c2n1)S(C)(=O)=O	ATR Interacting Protein	10.3	US Patent	5YZ0
C[C@@H]1COCCN1c1cc(-c2c(C)ccnc2F)c2ccnc(-c3ccn[nH]3)c2n1	ATR Interacting Protein	10.6	US Patent	5YZ0
C[C@@H]1COCCN1c1cc(-c2c(C)ccnc2F)c2ccnc(-c3ccn[nH]3)c2n1	ATR Interacting Protein	10.6	US Patent	5YZ0
C[C@@H]1COCCN1c1cc(-c2ccccc2)c2ccnc(-c3cc[nH]n3)c2n1	ATR Interacting Protein	10.9	US Patent	5YZ0
C[C@@H]1COCCN1c1cc(N2CCn3ccnc3C2)c2ccnc(-c3ccn[nH]3)c2n1	ATR Interacting Protein	10.9	US Patent	5YZ0
C[C@@H]1COCCN1c1cc(-c2ccc(C)nc2F)c2ccnc(-c3ccn[nH]3)c2n1	ATR Interacting Protein	10.9	US Patent	5YZ0
C[C@@H]1COCCN1c1cc(-c2ccccc2)c2ccnc(-c3cc[nH]n3)c2n1	ATR Interacting Protein	10.9	US Patent	5YZ0
C[C@@H]1COCCN1c1cc(N2CCn3ccnc3C2)c2ccnc(-c3ccn[nH]3)c2n1	ATR Interacting Protein	10.9	US Patent	5YZ0
C[C@@H]1COCCN1c1cc(-c2ccc(C)nc2F)c2ccnc(-c3ccn[nH]3)c2n1	ATR Interacting Protein	10.9	US Patent	5YZ0
C[C@@H]1COCCN1c1cc(-c2cnc(C)s2)c2ccnc(-c3ccn[nH]3)c2n1	ATR Interacting Protein	11	US Patent	5YZ0
C[C@@H]1COCCN1c1cc(N=S(C)(C)=O)nc(c1)-c1ccnc2[nH]c(C)cc12	ATR Interacting Protein	11	US Patent	5YZ0
C[C@@H]1COCCN1c1cc(-c2cnc(C)s2)c2ccnc(-c3ccn[nH]3)c2n1	ATR Interacting Protein	11	US Patent	5YZ0
COc1ccc(cn1)-c1cc(nc2c(nccc12)-c1ccn[nH]1)N1CCOC[C@H]1C	ATR Interacting Protein	11.3	US Patent	5YZ0
C[C@@H]1COCCN1c1cc(-c2cscc2C)c2ccnc(-c3ccn[nH]3)c2n1	ATR Interacting Protein	11.3	US Patent	5YZ0
C[C@@H]1COCCN1c1cc(C2CCS(=O)CC2)c2ccnc(-c3ccn[nH]3)c2n1	ATR Interacting Protein	11.3	US Patent	5YZ0
COc1ccc(cn1)-c1cc(nc2c(nccc12)-c1ccn[nH]1)N1CCOC[C@H]1C	ATR Interacting Protein	11.3	US Patent	5YZ0
C[C@@H]1COCCN1c1cc(-c2cscc2C)c2ccnc(-c3ccn[nH]3)c2n1	ATR Interacting Protein	11.3	US Patent	5YZ0
C[C@@H]1COCCN1c1cc(C2CCS(=O)CC2)c2ccnc(-c3ccn[nH]3)c2n1	ATR Interacting Protein	11.3	US Patent	5YZ0
C[C@@H]1COCCN1c1cc(C2=CCSCC2)c2ccnc(-c3ccn[nH]3)c2n1	ATR Interacting Protein	11.5	US Patent	5YZ0
C[C@@H]1COCCN1c1cc(C2=CCSCC2)c2ccnc(-c3ccn[nH]3)c2n1	ATR Interacting Protein	11.5	US Patent	5YZ0
CCn1nc(cc1-c1cc(nc2c(nccc12)-c1ccn[nH]1)N1CCOC[C@H]1C)C(F)(F)F	ATR Interacting Protein	11.7	US Patent	5YZ0
CCn1nc(cc1-c1cc(nc2c(nccc12)-c1ccn[nH]1)N1CCOC[C@H]1C)C(F)(F)F	ATR Interacting Protein	11.7	US Patent	5YZ0
C[C@@H]1COCCN1c1cc(-c2cccnc2C)c2ccnc(-c3ccn[nH]3)c2n1	ATR Interacting Protein	11.8	US Patent	5YZ0
C[C@@H]1COCCN1c1cc(-c2cccnc2C)c2ccnc(-c3ccn[nH]3)c2n1	ATR Interacting Protein	11.8	US Patent	5YZ0
C[C@@H]1COCCN1c1cc(N(C)C2CC2)c2ccnc(-c3ccn[nH]3)c2n1	ATR Interacting Protein	11.9	US Patent	5YZ0
C[C@@H]1COCCN1c1cc(N(C)C2CC2)c2ccnc(-c3ccn[nH]3)c2n1	ATR Interacting Protein	11.9	US Patent	5YZ0
C[C@@H]1COCCN1c1cc(-c2cnc(cc2C)S(C)(=O)=O)c2ccnc(-c3ccn[nH]3)c2n1	ATR Interacting Protein	12	US Patent	5YZ0
C[C@@H]1COCCN1c1cc(N=S(C)(=O)C2COC2)nc(c1)-c1ccnc2[nH]ccc12	ATR Interacting Protein	12	US Patent	5YZ0
C[C@@H]1COCCN1c1cc(N=S(C)(C)=O)nc(c1)-c1cccc2[nH]ccc12	ATR Interacting Protein	12	US Patent	5YZ0
C[C@@H]1COCCN1c1cc(-c2cnc(cc2C)S(C)(=O)=O)c2ccnc(-c3ccn[nH]3)c2n1	ATR Interacting Protein	12	US Patent	5YZ0
C[C@@H]1COCCN1c1cc(-c2ccnn2C2CC2)c2ccnc(-c3ccn[nH]3)c2n1	ATR Interacting Protein	12.1	US Patent	5YZ0
C[C@@H]1COCCN1c1cc(-c2cncn2C2CC2)c2ccnc(-c3ccn[nH]3)c2n1	ATR Interacting Protein	12.1	US Patent	5YZ0
C[C@@H]1COCCN1c1cc(-c2sccc2Cl)c2ccnc(-c3ccn[nH]3)c2n1	ATR Interacting Protein	12.3	US Patent	5YZ0
C[C@@H]1COCCN1c1cc(-c2sccc2Cl)c2ccnc(-c3ccn[nH]3)c2n1	ATR Interacting Protein	12.3	US Patent	5YZ0
COc1ncc(cc1C)-c1cc(nc2c(nccc12)-c1ccn[nH]1)N1CCOC[C@H]1C	ATR Interacting Protein	12.7	US Patent	5YZ0
C[C@@H]1COCCN1c1cc(-c2cn[nH]c2)c2ccnc(-c3ccn[nH]3)c2n1	ATR Interacting Protein	12.7	US Patent	5YZ0
C[C@@H]1COCCN1c1cc(c2ccnc(-c3ccn[nH]3)c2n1)C(C)(O)C1CCOCC1	ATR Interacting Protein	12.7	US Patent	5YZ0
COc1ncc(cc1C)-c1cc(nc2c(nccc12)-c1ccn[nH]1)N1CCOC[C@H]1C	ATR Interacting Protein	12.7	US Patent	5YZ0
C[C@@H]1COCCN1c1cc(-c2cn[nH]c2)c2ccnc(-c3ccn[nH]3)c2n1	ATR Interacting Protein	12.7	US Patent	5YZ0
C[C@@H]1COCCN1c1cc(c2ccnc(-c3ccn[nH]3)c2n1)C(C)(O)C1CCOCC1	ATR Interacting Protein	12.7	US Patent	5YZ0
COCC(=O)N1CCC(CC1)c1cc(nc(n1)-c1ccnc2[nH]ccc12)N1CCOC[C@H]1C	ATR Interacting Protein	13	US Patent	5YZ0
C[C@@H]1COCCN1c1cc(-c2cc(nn2C)C(F)(F)F)c2ccnc(-c3ccn[nH]3)c2n1	ATR Interacting Protein	13.1	US Patent	5YZ0
COc1nccc(c1Cl)-c1cc(nc2c(nccc12)-c1ccn[nH]1)N1CCOC[C@H]1C	ATR Interacting Protein	13.1	US Patent	5YZ0
COC(=O)c1ccc([nH]1)-c1cc(nc2c(nccc12)-c1ccn[nH]1)N1CCOC[C@H]1C	ATR Interacting Protein	13.1	US Patent	5YZ0
C[C@@H]1COCCN1c1cc(-c2cc(nn2C)C(F)(F)F)c2ccnc(-c3ccn[nH]3)c2n1	ATR Interacting Protein	13.1	US Patent	5YZ0
COc1nccc(c1Cl)-c1cc(nc2c(nccc12)-c1ccn[nH]1)N1CCOC[C@H]1C	ATR Interacting Protein	13.1	US Patent	5YZ0
COC(=O)c1ccc([nH]1)-c1cc(nc2c(nccc12)-c1ccn[nH]1)N1CCOC[C@H]1C	ATR Interacting Protein	13.1	US Patent	5YZ0
C[C@@H]1COCCN1c1cc(-c2ccnn2C(C)(C)C)c2ccnc(-c3ccn[nH]3)c2n1	ATR Interacting Protein	13.5	US Patent	5YZ0
C[C@@H]1COCCN1c1cc(-c2ccn(CCF)n2)c2ccnc(-c3ccn[nH]3)c2n1	ATR Interacting Protein	13.5	US Patent	5YZ0
C[C@@H]1COCCN1c1cc(-c2ccnn2C(C)(C)C)c2ccnc(-c3ccn[nH]3)c2n1	ATR Interacting Protein	13.5	US Patent	5YZ0
C[C@@H]1COCCN1c1cc(-c2ccn(CCF)n2)c2ccnc(-c3ccn[nH]3)c2n1	ATR Interacting Protein	13.5	US Patent	5YZ0
CC(C)n1nccc1-c1cc(nc2c(nccc12)-c1ccn[nH]1)N1CCOC[C@H]1C	ATR Interacting Protein	13.6	US Patent	5YZ0
CC(C)C(C)(O)c1cc(nc2c(nccc12)-c1ccn[nH]1)N1CCOC[C@H]1C	ATR Interacting Protein	13.6	US Patent	5YZ0
CC(C)n1nccc1-c1cc(nc2c(nccc12)-c1ccn[nH]1)N1CCOC[C@H]1C	ATR Interacting Protein	13.6	US Patent	5YZ0
CC(C)C(C)(O)c1cc(nc2c(nccc12)-c1ccn[nH]1)N1CCOC[C@H]1C	ATR Interacting Protein	13.6	US Patent	5YZ0
C[C@@H]1COCCN1c1cc(-c2cnc(F)c(C)c2)c2ccnc(-c3ccn[nH]3)c2n1	ATR Interacting Protein	13.7	US Patent	5YZ0
C[C@@H]1COCCN1c1cc(-c2ccc(F)nc2)c2ccnc(-c3ccn[nH]3)c2n1	ATR Interacting Protein	13.7	US Patent	5YZ0
C[C@@H]1COCCN1c1cc(C2CCOCC2)c2ccnc(-c3ccn[nH]3)c2n1	ATR Interacting Protein	13.7	US Patent	5YZ0
C[C@@H]1COCCN1c1cc(-c2cn(C)nc2C)c2ccnc(-c3ccn[nH]3)c2n1	ATR Interacting Protein	13.7	US Patent	5YZ0
C[C@@H]1COCCN1c1cc(-c2cnc(F)c(C)c2)c2ccnc(-c3ccn[nH]3)c2n1	ATR Interacting Protein	13.7	US Patent	5YZ0
C[C@@H]1COCCN1c1cc(-c2ccc(F)nc2)c2ccnc(-c3ccn[nH]3)c2n1	ATR Interacting Protein	13.7	US Patent	5YZ0
C[C@@H]1COCCN1c1cc(C2CCOCC2)c2ccnc(-c3ccn[nH]3)c2n1	ATR Interacting Protein	13.7	US Patent	5YZ0
C[C@@H]1COCCN1c1cc(-c2cn(C)nc2C)c2ccnc(-c3ccn[nH]3)c2n1	ATR Interacting Protein	13.7	US Patent	5YZ0
C[C@@H]1COCCN1c1cc(-c2ccc(F)nc2C)c2ccnc(-c3ccn[nH]3)c2n1	ATR Interacting Protein	13.9	US Patent	5YZ0
C[C@@H]1COCCN1c1cc(-c2ccc(F)nc2C)c2ccnc(-c3ccn[nH]3)c2n1	ATR Interacting Protein	13.9	US Patent	5YZ0
C[C@@H]1COCCN1c1cc(N=S(C)(C)=O)nc(n1)-c1cc(N)nc(c1)C1CC1	ATR Interacting Protein	14	US Patent	5YZ0
Cc1nn(C)c(C)c1-c1cc(nc2c(nccc12)-c1ccn[nH]1)N1CCOCC1	ATR Interacting Protein	14	US Patent	5YZ0
C[C@@H]1COCCN1c1cc(N=S(C)(C)=O)nc(n1)-c1cc(N)nc(c1)C1CC1	ATR Interacting Protein	14	US Patent	5YZ0
CNC(=O)N1CCC(C1)c1cc(nc(n1)-c1ccnc2[nH]ccc12)N1CCOC[C@H]1C	ATR Interacting Protein	14	US Patent	5YZ0
Cc1nn(C)c(C)c1-c1cc(nc2c(nccc12)-c1ccn[nH]1)N1CCOCC1	ATR Interacting Protein	14	US Patent	5YZ0
C[C@@H]1COCCN1c1cc(N=S(C)(C)=O)nc(n1)-c1cc(N)nc(c1)C1CC1	ATR Interacting Protein	14	US Patent	5YZ0
C[C@@H]1COCCN1c1cc(-c2ccnc3[nH]ccc23)c2ccnc(-c3ccn[nH]3)c2n1	ATR Interacting Protein	14.1	US Patent	5YZ0
C[C@@H]1COCCN1c1cc(-c2ccnc3[nH]ccc23)c2ccnc(-c3ccn[nH]3)c2n1	ATR Interacting Protein	14.1	US Patent	5YZ0
C[C@@H]1COCCN1c1cc(-c2ccc(cc2F)N2CCNCC2)c2ccnc(-c3ccn[nH]3)c2n1	ATR Interacting Protein	14.3	US Patent	5YZ0
C[C@@H]1COCCN1c1cc(-c2ccc(N)cc2F)c2ccnc(-c3ccn[nH]3)c2n1	ATR Interacting Protein	14.3	US Patent	5YZ0
C[C@@H]1COCCN1c1cc(c2ccnc(-c3ccn[nH]3)c2n1)C1(CC1)S(C)(=O)=O	ATR Interacting Protein	14.5	US Patent	5YZ0
C[C@@H]1COCCN1c1cc(c2ccnc(-c3ccn[nH]3)c2n1)C1(CC1)S(C)(=O)=O	ATR Interacting Protein	14.5	US Patent	5YZ0
C[C@@H]1COCCN1c1cc(N=[S@](C)(=O)C2COC2)nc(n1)-n1c(C)nc2ccccc12	ATR Interacting Protein	15	US Patent	5YZ0
C[C@@H]1COCCN1c1cc(N=S(C)(=O)C2CCN(CC2)C(C)=O)nc(n1)-c1ccnc2[nH]ccc12	ATR Interacting Protein	15	US Patent	5YZ0
COC(=O)N1CCC(CC1)S(C)(=O)=Nc1cc(nc(n1)-c1ccnc2[nH]ccc12)N1CCOC[C@H]1C	ATR Interacting Protein	15	US Patent	5YZ0
C[C@@H]1COCCN1c1cc(N=[S@](C)(=O)C2COC2)nc(n1)-n1c(C)nc2ccccc12	ATR Interacting Protein	15	US Patent	5YZ0
C[C@@H]1COCCN1c1cc(N=S(C)(=O)C2CCN(CC2)C(C)=O)nc(n1)-c1ccnc2[nH]ccc12	ATR Interacting Protein	15	US Patent	5YZ0
COC(=O)N1CCC(CC1)S(C)(=O)=Nc1cc(nc(n1)-c1ccnc2[nH]ccc12)N1CCOC[C@H]1C	ATR Interacting Protein	15	US Patent	5YZ0
CCC(=O)N1CCC(CC1)c1cc(nc(n1)-c1ccnc2[nH]ccc12)N1CCOC[C@H]1C	ATR Interacting Protein	15	US Patent	5YZ0
CCOC(=O)N1CCC(CC1)c1cc(nc(n1)-c1ccnc2[nH]ccc12)N1CCOC[C@H]1C	ATR Interacting Protein	15	US Patent	5YZ0
CC(C)OC(=O)N1CCC(CC1)c1cc(nc(n1)-c1ccnc2[nH]ccc12)N1CCOC[C@H]1C	ATR Interacting Protein	15	US Patent	5YZ0
C[C@@H]1COCCN1c1cc(N=[S@](C)(=O)C2COC2)nc(n1)-n1c(C)nc2ccccc12	ATR Interacting Protein	15	US Patent	5YZ0
C[C@@H]1COCCN1c1cc(N=S(C)(=O)C2CCN(CC2)C(C)=O)nc(n1)-c1ccnc2[nH]ccc12	ATR Interacting Protein	15	US Patent	5YZ0
COC(=O)N1CCC(CC1)S(C)(=O)=Nc1cc(nc(n1)-c1ccnc2[nH]ccc12)N1CCOC[C@H]1C	ATR Interacting Protein	15	US Patent	5YZ0
C[C@@H]1COCCN1c1nc(-c2ccnn2C)c2n(C)nc(-c3ccn[nH]3)c2n1	ATR Interacting Protein	15	ChEMBL	5YZ0
C[C@@H]1COCCN1c1cc(-c2ccc(C)nc2)c2ccnc(-c3ccn[nH]3)c2n1	ATR Interacting Protein	15.3	US Patent	5YZ0
C[C@@H]1COCCN1c1cc(-c2ccc(C)nc2)c2ccnc(-c3ccn[nH]3)c2n1	ATR Interacting Protein	15.3	US Patent	5YZ0
C[C@@H]1COCCN1c1cc(-c2ccc(cc2)S(C)(=O)=O)c2ccnc(-c3cc[nH]n3)c2n1	ATR Interacting Protein	15.6	US Patent	5YZ0
C[C@@H]1COCCN1c1cc(-c2ccc(cc2)S(C)(=O)=O)c2ccnc(-c3cc[nH]n3)c2n1	ATR Interacting Protein	15.6	US Patent	5YZ0
C1CC(CCO1)c1cc(nc2c(nccc12)-c1cc[nH]n1)N1CCOCC1	ATR Interacting Protein	15.7	US Patent	5YZ0
C1CC(CCO1)c1cc(nc2c(nccc12)-c1cc[nH]n1)N1CCOCC1	ATR Interacting Protein	15.7	US Patent	5YZ0
C[C@@H]1COCCN1c1cc(nc(n1)-c1ccnc2[nH]ccc12)C1CCCS1(=O)=O	ATR Interacting Protein	16	US Patent	5YZ0
C[C@@H]1COCCN1c1cc(nc(n1)-c1ccnc2[nH]ccc12)C1CCN(CC1)C(=O)CC1CC1	ATR Interacting Protein	16	US Patent	5YZ0
C[C@@H]1COCCN1c1cc(N=S(C)(C)=O)nc(c1)-n1c(CO)nc2ccccc12	ATR Interacting Protein	16	US Patent	5YZ0
C[C@@H]1COCCN1c1cc(-c2ccc(C)s2)c2ccnc(-c3ccn[nH]3)c2n1	ATR Interacting Protein	16.5	US Patent	5YZ0
C[C@@H]1COCCN1c1cc(-c2ccnn2CCF)c2ccnc(-c3ccn[nH]3)c2n1	ATR Interacting Protein	16.5	US Patent	5YZ0
C[C@@H]1COCCN1c1cc(-c2ccc(C)s2)c2ccnc(-c3ccn[nH]3)c2n1	ATR Interacting Protein	16.5	US Patent	5YZ0
C[C@@H]1COCCN1c1cc(C2CC=NN2CCF)c2ccnc(-c3ccn[nH]3)c2n1	ATR Interacting Protein	16.5	US Patent	5YZ0
CC(C)c1nc2ccccc2n1-c1nc(cc(n1)N1CCOC[C@H]1C)N=S(C)(C)=O	ATR Interacting Protein	17	US Patent	5YZ0
C[C@@H]1COCCN1c1cc(N=S(C)(C)=O)nc(n1)-c1cccc2[nH]cnc12	ATR Interacting Protein	17	US Patent	5YZ0
C[C@@H]1COCCN1c1cc(N=S(C)(=O)c2cccnc2)nc(n1)-c1ccnc2[nH]ccc12	ATR Interacting Protein	17	US Patent	5YZ0
CC(C)c1nc2ccccc2n1-c1nc(cc(n1)N1CCOC[C@H]1C)N=S(C)(C)=O	ATR Interacting Protein	17	US Patent	5YZ0
C[C@@H]1COCCN1c1cc(N=S(C)(C)=O)nc(n1)-c1cccc2[nH]cnc12	ATR Interacting Protein	17	US Patent	5YZ0
C[C@@H]1COCCN1c1cc(N=S(C)(=O)c2cccnc2)nc(n1)-c1ccnc2[nH]ccc12	ATR Interacting Protein	17	US Patent	5YZ0
C[C@@H]1COCCN1c1cc(nc(n1)-c1ccnc2[nH]ccc12)C1CCOCC1	ATR Interacting Protein	17	US Patent	5YZ0
C[C@@H]1COCCN1c1cc(nc(n1)-c1ccnc2[nH]ccc12)C1CCN(CC1)C(=O)OCC1CC1	ATR Interacting Protein	17	US Patent	5YZ0
CC(C)c1nc2ccccc2n1-c1nc(cc(n1)N1CCOC[C@H]1C)N=S(C)(C)=O	ATR Interacting Protein	17	US Patent	5YZ0
C[C@@H]1COCCN1c1cc(N=S(C)(C)=O)nc(n1)-c1cccc2[nH]cnc12	ATR Interacting Protein	17	US Patent	5YZ0
C[C@@H]1COCCN1c1cc(N=S(C)(=O)c2cccnc2)nc(n1)-c1ccnc2[nH]ccc12	ATR Interacting Protein	17	US Patent	5YZ0
C[C@@H]1COCCN1c1cc(-c2cn(C)nc2C(F)(F)F)c2ccnc(-c3ccn[nH]3)c2n1	ATR Interacting Protein	17.1	US Patent	5YZ0
C[C@@H]1COCCN1c1cc(-c2cn(C)nc2C(F)(F)F)c2ccnc(-c3ccn[nH]3)c2n1	ATR Interacting Protein	17.1	US Patent	5YZ0
C[C@@H]1COCCN1c1cc(-c2ccccc2)c2ccnc(-c3cc[nH]n3)c2n1	ATR Interacting Protein	17.2	US Patent	5YZ0
CCOP(C)(=O)c1cc(nc2c(nccc12)-c1ccn[nH]1)N1CCOC[C@H]1C	ATR Interacting Protein	17.2	US Patent	5YZ0
C[C@@H]1COCCN1c1cc(-c2ccccc2)c2ccnc(-c3cc[nH]n3)c2n1	ATR Interacting Protein	17.2	US Patent	5YZ0
CCOP(C)(=O)c1cc(nc2c(nccc12)-c1ccn[nH]1)N1CCOC[C@H]1C	ATR Interacting Protein	17.2	US Patent	5YZ0
C[C@@H]1COCCN1c1cc(-c2ccns2)c2ccnc(-c3ccn[nH]3)c2n1	ATR Interacting Protein	17.4	US Patent	5YZ0
C[C@@H]1COCCN1c1cc(-c2ccns2)c2ccnc(-c3ccn[nH]3)c2n1	ATR Interacting Protein	17.4	US Patent	5YZ0
C[C@@H]1COCCN1c1cc(-c2cccc(c2)S(C)(=O)=O)c2ccnc(-c3cc[nH]n3)c2n1	ATR Interacting Protein	17.6	US Patent	5YZ0
C[C@@H]1COCCN1c1cc(-c2cccc(c2)S(C)(=O)=O)c2ccnc(-c3cc[nH]n3)c2n1	ATR Interacting Protein	17.6	US Patent	5YZ0
Fc1ccccc1-c1cc(nc2c(nccc12)-c1ccn[nH]1)N1CCOCC1	ATR Interacting Protein	17.7	US Patent	5YZ0
Fc1ccccc1-c1cc(nc2c(nccc12)-c1ccn[nH]1)N1CCOCC1	ATR Interacting Protein	17.7	US Patent	5YZ0
C[C@@H]1COCCN1c1cc(N2CCOCC2)c2ccnc(-c3ccn[nH]3)c2n1	ATR Interacting Protein	18.2	US Patent	5YZ0
C[C@@H]1COCCN1c1cc(-c2cncc3ccccc23)c2ccnc(-c3ccn[nH]3)c2n1	ATR Interacting Protein	18.2	US Patent	5YZ0
C[C@@H]1COCCN1c1cc(N2CCOCC2)c2ccnc(-c3ccn[nH]3)c2n1	ATR Interacting Protein	18.2	US Patent	5YZ0
C[C@@H]1COCCN1c1cc(-c2cncc3ccccc23)c2ccnc(-c3ccn[nH]3)c2n1	ATR Interacting Protein	18.2	US Patent	5YZ0
C[C@@H]1COCCN1c1cc(nc(n1)-c1ccnc2[nH]ccc12)C1CCN(C1)C(C)=O	ATR Interacting Protein	19	US Patent	5YZ0
CC(C)n1ccc(n1)-c1cc(nc2c(nccc12)-c1ccn[nH]1)N1CCOC[C@H]1C	ATR Interacting Protein	19.3	US Patent	5YZ0
CC(C)Cn1ccc(c1)-c1cc(nc2c(nccc12)-c1ccn[nH]1)N1CCOC[C@H]1C	ATR Interacting Protein	19.3	US Patent	5YZ0
CC(C)n1ccc(n1)-c1cc(nc2c(nccc12)-c1ccn[nH]1)N1CCOC[C@H]1C	ATR Interacting Protein	19.3	US Patent	5YZ0
CC(C)Cn1cc(cn1)-c1cc(nc2c(nccc12)-c1ccn[nH]1)N1CCOC[C@H]1C	ATR Interacting Protein	19.3	US Patent	5YZ0
C[C@@H]1COCCN1c1cc(-c2ccccc2N(C)C)c2ccnc(-c3ccn[nH]3)c2n1	ATR Interacting Protein	19.4	US Patent	5YZ0
C[C@@H]1COCCN1c1cc(-c2ccccc2N(C)C)c2ccnc(-c3ccn[nH]3)c2n1	ATR Interacting Protein	19.4	US Patent	5YZ0
C[C@@H]1COCCN1c1cc(c2ccnc(-c3ccn[nH]3)c2n1)S(C)(=O)=O	ATR Interacting Protein	19.8	US Patent	5YZ0
Nc1ccccc1-c1cc(nc2c(nccc12)-c1ccn[nH]1)N1CCOCC1	ATR Interacting Protein	19.8	US Patent	5YZ0
C[C@@H]1COCCN1c1cc(c2ccnc(-c3ccn[nH]3)c2n1)S(C)(=O)=O	ATR Interacting Protein	19.8	US Patent	5YZ0
Nc1ccccc1-c1cc(nc2c(nccc12)-c1ccn[nH]1)N1CCOCC1	ATR Interacting Protein	19.8	US Patent	5YZ0
C[C@@H]1COCCN1c1cc(N=S2(=O)CCNCC2)nc(n1)-c1ccnc2[nH]ccc12	ATR Interacting Protein	20	US Patent	5YZ0
C[C@@H]1COCCN1c1cc(N=S(C)(C)=O)nc(n1)-n1ncc2ccccc12	ATR Interacting Protein	20	US Patent	5YZ0
C[C@@H]1COCCN1c1cc(N=S2(=O)CCNCC2)nc(n1)-c1ccnc2[nH]ccc12	ATR Interacting Protein	20	US Patent	5YZ0
C[C@@H]1COCCN1c1cc(N=S(C)(C)=O)nc(n1)-n1ncc2ccccc12	ATR Interacting Protein	20	US Patent	5YZ0
C[C@@H]1COCCN1c1cc(N=S2(=O)CCNCC2)nc(n1)-c1ccnc2[nH]ccc12	ATR Interacting Protein	20	US Patent	5YZ0
C[C@@H]1COCCN1c1cc(N=S(C)(C)=O)nc(n1)-n1ncc2ccccc12	ATR Interacting Protein	20	US Patent	5YZ0
C[C@@H]1COCCN1c1cc(-c2cc(C)cs2)c2ccnc(-c3ccn[nH]3)c2n1	ATR Interacting Protein	20.3	US Patent	5YZ0
C[C@@H]1COCCN1c1cc(-c2cc(C)cs2)c2ccnc(-c3ccn[nH]3)c2n1	ATR Interacting Protein	20.3	US Patent	5YZ0
CS(=O)(=O)c1ccc(c(F)c1)-c1cc(nc2c(nccc12)-c1ccn[nH]1)N1CCOCC1	ATR Interacting Protein	20.7	US Patent	5YZ0
CS(=O)(=O)c1ccc(c(F)c1)-c1cc(nc2c(nccc12)-c1ccn[nH]1)N1CCOCC1	ATR Interacting Protein	20.7	US Patent	5YZ0
C[C@@H]1COCCN1c1cc(N=S(C)(C)=O)nc(n1)-c1cc(C)nc2[nH]ccc12	ATR Interacting Protein	21	US Patent	5YZ0
CCC(=O)N1CCC(CC1)S(C)(=O)=Nc1cc(nc(n1)-c1ccnc2[nH]ccc12)N1CCOC[C@H]1C	ATR Interacting Protein	21	US Patent	5YZ0
C[C@@H]1COCCN1c1cc(N=S(C)(C)=O)nc(n1)-c1cc(C)nc2[nH]ccc12	ATR Interacting Protein	21	US Patent	5YZ0
CCC(=O)N1CCC(CC1)S(C)(=O)=Nc1cc(nc(n1)-c1ccnc2[nH]ccc12)N1CCOC[C@H]1C	ATR Interacting Protein	21	US Patent	5YZ0
C[C@@H]1COCCN1c1cc(N=S(C)(C)=O)nc(n1)-c1cc(C)nc2[nH]ccc12	ATR Interacting Protein	21	US Patent	5YZ0
CCC(=O)N1CCC(CC1)S(C)(=O)=Nc1cc(nc(n1)-c1ccnc2[nH]ccc12)N1CCOC[C@H]1C	ATR Interacting Protein	21	US Patent	5YZ0
C[C@@H]1COCCN1c1cc(-c2ccc(F)cc2F)c2ccnc(-c3ccn[nH]3)c2n1	ATR Interacting Protein	21.3	US Patent	5YZ0
COc1ccsc1-c1cc(nc2c(nccc12)-c1ccn[nH]1)N1CCOC[C@H]1C	ATR Interacting Protein	21.3	US Patent	5YZ0
Cc1c(cnn1C)-c1cc(nc2c(nccc12)-c1ccn[nH]1)N1CCOCC1	ATR Interacting Protein	21.3	US Patent	5YZ0
C[C@@H]1COCCN1c1cc(-c2ccc(F)cc2F)c2ccnc(-c3ccn[nH]3)c2n1	ATR Interacting Protein	21.3	US Patent	5YZ0
COc1ccsc1-c1cc(nc2c(nccc12)-c1ccn[nH]1)N1CCOC[C@H]1C	ATR Interacting Protein	21.3	US Patent	5YZ0
Cc1c(cnn1C)-c1cc(nc2c(nccc12)-c1ccn[nH]1)N1CCOCC1	ATR Interacting Protein	21.3	US Patent	5YZ0
C[C@@H]1COCCN1c1cc(c2ccnc(-c3ccn[nH]3)c2n1)C1(O)CCCCC1	ATR Interacting Protein	21.4	US Patent	5YZ0
C[C@@H]1COCCN1c1cc(c2ccnc(-c3ccn[nH]3)c2n1)C1(O)CCCCC1	ATR Interacting Protein	21.4	US Patent	5YZ0
C[C@@H]1COCCN1c1cc(C2CC2)c2ccnc(-c3cc[nH]n3)c2n1	ATR Interacting Protein	21.5	US Patent	5YZ0
CCS(=O)(CC)=Nc1cc(nc2c(nccc12)-c1ccn[nH]1)N1CCOC[C@H]1C	ATR Interacting Protein	21.5	US Patent	5YZ0
C[C@@H]1COCCN1c1cc(C2CC2)c2ccnc(-c3cc[nH]n3)c2n1	ATR Interacting Protein	21.5	US Patent	5YZ0
CCS(=O)(CC)=Nc1cc(nc2c(nccc12)-c1ccn[nH]1)N1CCOC[C@H]1C	ATR Interacting Protein	21.5	US Patent	5YZ0
C[C@@H]1COCCN1c1cc(-c2cncc(Cl)c2)c2ccnc(-c3ccn[nH]3)c2n1	ATR Interacting Protein	21.6	US Patent	5YZ0
C[C@@H]1COCCN1c1cc(-c2cnc(F)cc2F)c2ccnc(-c3ccn[nH]3)c2n1	ATR Interacting Protein	21.6	US Patent	5YZ0
FC(F)(F)c1ccccc1-c1cc(nc2c(nccc12)-c1ccn[nH]1)N1CCOCC1	ATR Interacting Protein	21.6	US Patent	5YZ0
C[C@@H]1COCCN1c1cc(-c2cncc(Cl)c2)c2ccnc(-c3ccn[nH]3)c2n1	ATR Interacting Protein	21.6	US Patent	5YZ0
C[C@@H]1COCCN1c1cc(-c2cnc(F)cc2F)c2ccnc(-c3ccn[nH]3)c2n1	ATR Interacting Protein	21.6	US Patent	5YZ0
FC(F)(F)c1ccccc1-c1cc(nc2c(nccc12)-c1ccn[nH]1)N1CCOCC1	ATR Interacting Protein	21.6	US Patent	5YZ0
