Ligand SMILES	Target Name	IC50 (nM)	Curation/DataSource	PDB ID(s) of Target Chain	UniProt (TrEMBL) Primary ID of Target Chain	UniProt (TrEMBL) Secondary ID(s) of Target Chain	UniProt (TrEMBL) Alternative ID(s) of Target Chain
COCCN1CCN(CC1)C(C)(C)c1ccc(NC(=O)c2ncc([nH]2)C#N)c(c1)C1=CCC(C)(C)CC1	Colony Stimulating?Factor?1	1.3	ChEMBL	"3LCO,4DKD,4LIQ,6IG8"			
Cc1ccc(cc1C#Cc1cc(cnc1N)-c1cnn(C)c1)C(=O)Nc1cccc(Cl)c1	Colony Stimulating?Factor?1	1.3	ChEMBL	"3LCO,4DKD,4LIQ,6IG8"			
CN[C@@H]1C[C@H]2O[C@@](C)([C@@H]1OC)n1c3ccccc3c3c4CNC(=O)c4c4c5ccccc5n2c4c13	Colony Stimulating?Factor?1	1.3	ChEMBL	"3LCO,4DKD,4LIQ,6IG8"			
Cc1ccc(cc1C#Cc1cc(cnc1N)-c1cnn(C)c1)C(=O)Nc1cccc(Cl)c1	Colony Stimulating?Factor?1	1.3	ChEMBL	"3LCO,4DKD,4LIQ,6IG8"			
CN(Cc1cccc(C)c1)c1ncnc2[nH]c(nc12)-c1ccc(CO)cc1	Colony Stimulating?Factor?1	1.3	ChEMBL	"4LIQ,6T2W,4DKD"			
CN(CC1CCCCO1)c1ncnc2[nH]c(nc12)-c1ccc(CO)cc1	Colony Stimulating?Factor?1	1.3	ChEMBL	"4LIQ,6T2W,4DKD"			
COc1ccc(cc1)-c1cc2c(ncnc2[nH]1)N(C)Cc1ccccc1	Colony Stimulating?Factor?1	1.3	ChEMBL	"4LIQ,6T2W,4DKD"			
COc1ccc(NC(=O)Nc2ccc(cc2)-c2csc3c(cnc(N)c23)-c2cnn(C[C@H](O)CO)c2)cc1	Colony Stimulating?Factor?1	1.34	US Patent	"4LIQ,6T2W,4DKD"			
NC(=O)CN1CCC(CC1)c1ccc(NC(=O)c2ncc([nH]2)C#N)c(c1)C1=CCCCC1	Colony Stimulating?Factor?1	1.4	ChEMBL	"3LCO,4DKD,4LIQ,6IG8"			
[O-][n+]1cccc(c1)C(=O)N1CCC(CC1)c1ccc(NC(=O)c2ncc([nH]2)C#N)c(c1)C1=CCCCC1	Colony Stimulating?Factor?1	1.4	ChEMBL	"3LCO,4DKD,4LIQ,6IG8"			
CNC(=O)c1cn(-c2ccc3CCCc3c2)c2nc(Nc3ccc(CCN4CCOCC4)cc3)ncc2c1=O	Colony Stimulating?Factor?1	1.4	Curated from the literature by BindingDB	"4LIQ,6T2W,4DKD"			
CC1(C)CC(CC(C)(C)O1)c1ccc(NC(=O)c2ncc([nH]2)C#N)c(n1)C1=CCCCC1 |t:29|	Colony Stimulating?Factor?1	1.4	US Patent	4EXP			
CSCCNC(C)(C)c1ccc(NC(=O)c2ncc([nH]2)C#N)c(c1)C1=CCC(C)(C)CC1 |t:26|	Colony Stimulating?Factor?1	1.4	US Patent	4EXP			
C[C@H]1C[C@](O)(C[C@@H](C)O1)c1ccc(NC(=O)c2nc(c[nH]2)C#N)c(c1)C1=CCC(C)(C)CC1	Colony Stimulating?Factor?1	1.4	US Patent	4EXP			
O=C(Nc1ccc(CCN2CCOCC2)cc1C1=CCCCC1)c1ncc([nH]1)C#N	Colony Stimulating?Factor?1	1.4	ChEMBL	"3LCO,4DKD,4LIQ,6IG8"			
CC(O)c1ccc(NC(=O)c2ncc([nH]2)C#N)c(c1)C1=CCC(C)(C)CC1	Colony Stimulating?Factor?1	1.4	ChEMBL	"3LCO,4DKD,4LIQ,6IG8"			
[O-][n+]1cccc(c1)-c1ccc(NC(=O)c2ncc([nH]2)C#N)c(c1)C1=CCCCC1	Colony Stimulating?Factor?1	1.4	ChEMBL	"3LCO,4DKD,4LIQ,6IG8"			
COc1cccc(NC(=O)c2ccc(C)c(c2)C#Cc2cc(cnc2N)-c2cnn(C)c2)c1	Colony Stimulating?Factor?1	1.4	ChEMBL	"3LCO,4DKD,4LIQ,6IG8"			
COc1ccc(NC(=O)c2ccc(C)c(c2)C#Cc2cc(cnc2N)-c2cnn(C)c2)cc1	Colony Stimulating?Factor?1	1.4	ChEMBL	"3LCO,4DKD,4LIQ,6IG8"			
Nc1nccc(COc2ccc3nc(N[C@@H]4CCCC[C@H]4O)sc3c2)c1Cl	Colony Stimulating?Factor?1	1.4	ChEMBL	"3LCO,4DKD,4LIQ,6IG8"			
CC(NC(=O)Nc1ccc(Oc2ncnc3cc(ccc23)N(C)C)cc1)c1nccs1	Colony Stimulating?Factor?1	1.4	ChEMBL	"3LCO,4DKD,4LIQ,6IG8"			
CN1CCN(CCC(=O)Nc2c(C)[nH]c(\C=C3/C(=O)Nc4cc(NC(=O)Nc5cc(on5)C(C)(C)C)ccc34)c2C)CC1	Colony Stimulating?Factor?1	1.4	ChEMBL	"3LCO,4DKD,4LIQ,6IG8"			
Cc1[nH]c(\C=C2/C(=O)Nc3cc(NC(=O)Nc4cc(on4)C(C)(C)C)ccc23)c(C)c1NC(=O)CCN1CCCCC1	Colony Stimulating?Factor?1	1.4	ChEMBL	"3LCO,4DKD,4LIQ,6IG8"			
Cc1[nH]c(\C=C2/C(=O)Nc3cc(NC(=O)Nc4cc(on4)C(C)(C)C)ccc23)c(C)c1NC(=O)CCN1CCCC1	Colony Stimulating?Factor?1	1.4	ChEMBL	"3LCO,4DKD,4LIQ,6IG8"			
Cn1cc(cn1)-c1cc(Oc2ccc(NC(=O)N3CCC4(CN(C4)S(C)(=O)=O)C3=O)nc2)ccn1	Colony Stimulating?Factor?1	1.4	US Patent	"3LCO,4DKD,4LIQ,6IG8"			
CN(Cc1cccc(C)c1)c1ncnc2[nH]c(cc12)-c1ccc(O)cc1	Colony Stimulating?Factor?1	1.4	ChEMBL	"4LIQ,6T2W,4DKD"			
COc1ccc(cc1F)-c1cc2c(ncnc2[nH]1)N(C)Cc1cccc(C)c1	Colony Stimulating?Factor?1	1.4	ChEMBL	"4LIQ,6T2W,4DKD"			
CNc1ccc(c2CNC(=O)c12)-c1cnc(Nc2ccc(nc2)N(C)C)cc1C	Colony Stimulating?Factor?1	1.41	US Patent	"3LCO,4DKD,4LIQ,6IG8"			
O=C(Nc1ccc(CCN2CCOCC2)cc1C1=CCCCC1)c1ccc(o1)C#N |t:19|	Colony Stimulating?Factor?1	1.43	US Patent	4EXP			
CS(=O)(=O)CCN1CCC(CC1)c1ccc(NC(=O)c2ncc([nH]2)C#N)c(c1)C1=CCCCC1	Colony Stimulating?Factor?1	1.5	ChEMBL	"3LCO,4DKD,4LIQ,6IG8"			
CS(=O)(=O)CCN1CCC(CC1)c1ccc(NC(=O)c2ncc([nH]2)C#N)c(c1)C1=CCCCC1	Colony Stimulating?Factor?1	1.5	ChEMBL	"3LCO,4DKD,4LIQ,6IG8"			
COCC(O)Cc1ccc(NC(=O)c2ncc([nH]2)C#N)c(c1)C1=CCC(C)(C)CC1 |t:24|	Colony Stimulating?Factor?1	1.5	US Patent	4EXP			
CCN1CCN(CC1)C(C)(C)c1ccc(NC(=O)c2ncc([nH]2)C#N)c(c1)C1=CCC(C)(C)CC1 |t:30|	Colony Stimulating?Factor?1	1.5	US Patent	4EXP			
CC(C)(N1CCCCC1)c1ccc(NC(=O)c2ncc([nH]2)C#N)c(c1)C1=CCC(C)(C)CC1 |t:28|	Colony Stimulating?Factor?1	1.5	US Patent	4EXP			
CS(=O)(=O)C1(CCOCC1)c1ccc(NC(=O)c2ncc([nH]2)C#N)c(c1)C1=CCCCC1	Colony Stimulating?Factor?1	1.5	US Patent	4EXP			
CC(C)(CNCCS(C)(=O)=O)c1ccc(NC(=O)c2ncc([nH]2)C#N)c(c1)C1=CCC(C)(C)CC1	Colony Stimulating?Factor?1	1.5	ChEMBL	"3LCO,4DKD,4LIQ,6IG8"			
CCN1CCN(CC1)C(C)(C)c1ccc(NC(=O)c2ncc([nH]2)C#N)c(c1)C1=CCC(C)(C)CC1	Colony Stimulating?Factor?1	1.5	ChEMBL	"3LCO,4DKD,4LIQ,6IG8"			
CC(C)(NCCS(C)(=O)=O)c1ccc(NC(=O)c2ncc([nH]2)C#N)c(c1)C1=CCC(C)(C)CC1	Colony Stimulating?Factor?1	1.5	ChEMBL	"3LCO,4DKD,4LIQ,6IG8"			
CC1(C)CCC(=CC1)c1cc(ccc1NC(=O)c1ncc([nH]1)C#N)C(O)=O	Colony Stimulating?Factor?1	1.5	ChEMBL	"3LCO,4DKD,4LIQ,6IG8"			
[O-][n+]1ccc(cc1)-c1ccc(NC(=O)c2ncc([nH]2)C#N)c(c1)C1=CCCCC1	Colony Stimulating?Factor?1	1.5	ChEMBL	"3LCO,4DKD,4LIQ,6IG8"			
CC(C)N1CCOc2c(F)cc(cc12)-c1nc(Nc2ccc3CCN(Cc3c2)C(=O)CN(C)C)ncc1F	Colony Stimulating?Factor?1	1.5	US Patent	"3LCO,4DKD,4LIQ,6IG8"			
Cc1cc(NCc2ccc(nc2)C(F)(F)F)ncc1-c1ccc(N)c2C(=O)NCc12	Colony Stimulating?Factor?1	1.55	US Patent	"3LCO,4DKD,4LIQ,6IG8"			
OCC(CO)N1CCC(CC1)c1ccc(NC(=O)c2ncc([nH]2)C#N)c(c1)C1=CCCCC1	Colony Stimulating?Factor?1	1.6	ChEMBL	"3LCO,4DKD,4LIQ,6IG8"			
Cn1cnc(CC(=O)N2CCC(CC2)c2ccc(NC(=O)c3ncc([nH]3)C#N)c(c2)C2=CCCCC2)c1	Colony Stimulating?Factor?1	1.6	ChEMBL	"3LCO,4DKD,4LIQ,6IG8"			
CNCC(=C)c1ccc(NC(=O)c2ncc([nH]2)C#N)c(c1)C1=CCCCC1 |t:23|	Colony Stimulating?Factor?1	1.6	US Patent	4EXP			
CC(C)(CNCCS(C)(=O)=O)c1ccc(NC(=O)c2ncc([nH]2)C#N)c(c1)C1=CCC(C)(C)CC1 |t:29|	Colony Stimulating?Factor?1	1.6	US Patent	4EXP			
CC1(C)CCC(=CC1)c1cc(ccc1NC(=O)c1ncc([nH]1)C#N)C1(CCOCC1)N1CCOCC1	Colony Stimulating?Factor?1	1.6	US Patent	4EXP			
O=C(Nc1ccc(cc1C1=CCCCC1)C1(CN2CCOCC2)CCOCC1)c1nc(c[nH]1)C#N	Colony Stimulating?Factor?1	1.6	US Patent	4EXP			
CN(C)C(=O)C1(CCOCC1)c1ccc(NC(=O)c2nc(c[nH]2)C#N)c(c1)C1=CCC(C)(C)CC1	Colony Stimulating?Factor?1	1.6	US Patent	4EXP			
CC1(C)CCC(=CC1)c1cc(CCS(N)(=O)=O)ccc1NC(=O)c1ncc([nH]1)C#N	Colony Stimulating?Factor?1	1.6	ChEMBL	"3LCO,4DKD,4LIQ,6IG8"			
CC(C)Nc1ncc(-c2ccc(Oc3ccnc(c3)-c3cnn(C)c3)c(C)n2)c(=O)[nH]1	Colony Stimulating?Factor?1	1.6	ChEMBL	"3LCO,4DKD,4LIQ,6IG8"			
CNc1ccc(c2CNC(=O)c12)-c1cnc(NCc2ccc(OC3CC3)nc2)cc1C	Colony Stimulating?Factor?1	1.68	US Patent	"3LCO,4DKD,4LIQ,6IG8"			
O=C(Cc1cccnc1)N1CCC(CC1)c1ccc(NC(=O)c2ncc([nH]2)C#N)c(c1)C1=CCCCC1	Colony Stimulating?Factor?1	1.7	ChEMBL	"3LCO,4DKD,4LIQ,6IG8"			
O=C(CCN1CCOCC1)N1CCC(CC1)c1ccc(NC(=O)c2ncc([nH]2)C#N)c(c1)C1=CCCCC1	Colony Stimulating?Factor?1	1.7	ChEMBL	"3LCO,4DKD,4LIQ,6IG8"			
CONC(=O)c1cn(-c2ccc3CCCc3c2)c2nc(Nc3ccc(CCN4CCC(F)(F)CC4)cc3)ncc2c1=O	Colony Stimulating?Factor?1	1.7	Curated from the literature by BindingDB	"4LIQ,6T2W,4DKD"			
CC1(C)CCC(=CC1)c1cc(CCC(N)=O)ccc1NC(=O)c1ncc([nH]1)C#N |c:5|	Colony Stimulating?Factor?1	1.7	US Patent	4EXP			
COCCN(C)C(C)(C)c1ccc(NC(=O)c2ncc([nH]2)C#N)c(c1)C1=CCC(C)(C)CC1 |t:27|	Colony Stimulating?Factor?1	1.7	US Patent	4EXP			
CC(=O)N1CCN(CC1)C(C)(C)c1ccc(NC(=O)c2ncc([nH]2)C#N)c(c1)C1=CCC(C)(C)CC1 |t:31|	Colony Stimulating?Factor?1	1.7	US Patent	4EXP			
"CC(N1C[C@H](C)N[C@H](C)C1)c1ccc(NC(=O)c2ncc([nH]2)C#N)c(c1)C1=CCC(C)(C)CC1 |r,t:29|"	Colony Stimulating?Factor?1	1.7	US Patent	4EXP			
CC1(C)CCC(=CC1)c1cc(ccc1NC(=O)c1ncc([nH]1)C#N)C1(CCOCC1)OCC(O)=O	Colony Stimulating?Factor?1	1.7	US Patent	4EXP			
CN1CCN(CC1)c1ccc(NC(=O)c2cc(c[nH]2)C#N)c(c1)N1CCCCC1	Colony Stimulating?Factor?1	1.7	ChEMBL	"3LCO,4DKD,4LIQ,6IG8"			
CC(=O)N1CCN(CC1)C(C)(C)c1ccc(NC(=O)c2ncc([nH]2)C#N)c(c1)C1=CCC(C)(C)CC1	Colony Stimulating?Factor?1	1.7	ChEMBL	"3LCO,4DKD,4LIQ,6IG8"			
CC1(C)CCC(=CC1)c1cc(CCC(N)=O)ccc1NC(=O)c1ncc([nH]1)C#N	Colony Stimulating?Factor?1	1.7	ChEMBL	"3LCO,4DKD,4LIQ,6IG8"			
CN1CC(CN(C)S1(=O)=O)c1ccc(NC(=O)c2ncc([nH]2)C#N)c(c1)C1=CCCCC1	Colony Stimulating?Factor?1	1.7	ChEMBL	"3LCO,4DKD,4LIQ,6IG8"			
Cc1ccc(NC(=O)c2ccc(CN3CCNCC3)c(c2)C(F)(F)F)cc1NC(=O)c1cccc(c1)-c1cnn(C)c1	Colony Stimulating?Factor?1	1.7	ChEMBL	"3LCO,4DKD,4LIQ,6IG8"			
COc1cc(OCc2ccnc(Nc3cnn(C)c3)n2)cc2sc(N[C@H]3CCCC[C@@H]3O)nc12	Colony Stimulating?Factor?1	1.7	ChEMBL	"3LCO,4DKD,4LIQ,6IG8"			
Cc1[nH]c(\C=C2/C(=O)Nc3cc(NC(=O)Nc4cc(on4)C(C)(C)C)ccc23)c(C)c1NC(=O)[C@@H]1CCNC1	Colony Stimulating?Factor?1	1.7	ChEMBL	"3LCO,4DKD,4LIQ,6IG8"			
FC(F)(F)c1ccc(CNc2ccc(Cc3c[nH]c4ncc(Cl)cc34)cn2)cn1	Colony Stimulating?Factor?1	1.7	ChEMBL	"3LCO,4DKD,4LIQ,6IG8"			
FC(F)(F)c1ccc(CNc2ccc(Cc3c[nH]c4ncc(Cl)cc34)cn2)cn1	Colony Stimulating?Factor?1	1.7	ChEMBL	"3LCO,4DKD,4LIQ,6IG8"			
CN(Cc1ccccc1)c1ncnc2[nH]c(cc12)-c1ccc(CO)cc1	Colony Stimulating?Factor?1	1.7	ChEMBL	"4LIQ,6T2W,4DKD"			
C[C@@H](N(C)c1ncnc2[nH]c(cc12)-c1ccc(CO)cc1)c1ccccc1	Colony Stimulating?Factor?1	1.7	ChEMBL	"4LIQ,6T2W,4DKD"			
O=C(Nc1ccc(cc1C1=CCCCC1)C1CCN(CCC#N)CC1)c1ncc([nH]1)C#N	Colony Stimulating?Factor?1	1.8	ChEMBL	"3LCO,4DKD,4LIQ,6IG8"			
"CC1(C)O[C@H]2[C@@H](O1)[C@]1(C)C[C@](O)(C[C@@]2(C)O1)c1ccc(NC(=O)c2ncc([nH]2)C#N)c(c1)C1=CCC(C)(C)CC1 |r,t:37|"	Colony Stimulating?Factor?1	1.8	US Patent	4EXP			
CC(C)(NCCS(C)(=O)=O)c1ccc(NC(=O)c2ncc([nH]2)C#N)c(c1)C1=CCC(C)(C)CC1 |t:28|	Colony Stimulating?Factor?1	1.8	US Patent	4EXP			
COCCNC1(CCOCC1)c1ccc(NC(=O)c2nc(c[nH]2)C#N)c(c1)C1=CCC(C)(C)CC1	Colony Stimulating?Factor?1	1.8	US Patent	4EXP			
NC(=O)C1(CCOCC1)c1ccc(NC(=O)c2nc(c[nH]2)C#N)c(c1)C1=CCCCC1	Colony Stimulating?Factor?1	1.8	US Patent	4EXP			
OCC1(CCOCC1)c1ccc(NC(=O)c2nc(c[nH]2)C#N)c(c1)C1=CCCCC1	Colony Stimulating?Factor?1	1.8	US Patent	4EXP			
CN(C)CCOC(C)(C)c1ccc(NC(=O)c2ncc([nH]2)C#N)c(c1)C1=CCC(C)(C)CC1	Colony Stimulating?Factor?1	1.8	ChEMBL	4EXP			
O=C(Nc1ccc(CCN2CCOCC2)cc1C1=CCCCC1)c1ncc([nH]1)C#N	Colony Stimulating?Factor?1	1.8	ChEMBL	4EXP			
CC1(C)CCC(=CC1)c1nc(ccc1NC(=O)c1nc(c[nH]1)C#N)[C@H]1CC(C)(C)O[C@](C)(C1)C(O)=O	Colony Stimulating?Factor?1	1.8	US Patent	"3LCO,4DKD,4LIQ,6IG8"			
CC1(C)CCC(=CC1)c1nc(ccc1NC(=O)c1nc(c[nH]1)C#N)[C@H]1CC(C)(C)O[C@](C)(C1)C(O)=O	Colony Stimulating?Factor?1	1.8	US Patent	"3LCO,4DKD,4LIQ,6IG8"			
CC1(C)CCC(=CC1)c1nc(ccc1NC(=O)c1nc(c[nH]1)C#N)[C@H]1CC(C)(C)O[C@](C)(C1)C(O)=O	Colony Stimulating?Factor?1	1.8	US Patent	"3LCO,4DKD,4LIQ,6IG8"			
CN(Cc1ccccc1C)c1ncnc2[nH]c(nc12)-c1ccc(CO)cc1	Colony Stimulating?Factor?1	1.8	ChEMBL	"4LIQ,6T2W,4DKD"			
CN(Cc1cccc(C)c1)c1ncnc2[nH]c(cc12)-c1ccccc1	Colony Stimulating?Factor?1	1.8	ChEMBL	"4LIQ,6T2W,4DKD"			
CCOc1ccc(Nc2cc(C)c(cn2)-c2ccc(NC)c3C(=O)NCc23)cn1	Colony Stimulating?Factor?1	1.87	US Patent	"3LCO,4DKD,4LIQ,6IG8"			
CNc1ccc(c2CNC(=O)c12)-c1cnc(Nc2cnc(cn2)C2CC2)cc1C	Colony Stimulating?Factor?1	1.89	US Patent	"3LCO,4DKD,4LIQ,6IG8"			
CC(C)(OCCN1CCOCC1)c1ccc(NC(=O)c2ncc([nH]2)C#N)c(c1)C1=CCC(C)(C)CC1 |t:31|	Colony Stimulating?Factor?1	1.9	US Patent	4EXP			
CC1(C)CCC(=CC1)c1cc(ccc1NC(=O)c1ncc([nH]1)C#N)C1(CCOCC1)N1CCNCC1	Colony Stimulating?Factor?1	1.9	US Patent	4EXP			
CC1(C)CCC(=CC1)c1cc(ccc1NC(=O)c1nc(c[nH]1)C#N)C1CCC(CC1)N1CCOCC1	Colony Stimulating?Factor?1	1.9	US Patent	4EXP			
CC(C)(OCCN1CCOCC1)c1ccc(NC(=O)c2ncc([nH]2)C#N)c(c1)C1=CCC(C)(C)CC1	Colony Stimulating?Factor?1	1.9	ChEMBL	"3LCO,4DKD,4LIQ,6IG8"			
CC(C)(O)c1ccc(NC(=O)c2ncc([nH]2)C#N)c(c1)C1=CCC(C)(C)CC1	Colony Stimulating?Factor?1	1.9	ChEMBL	"3LCO,4DKD,4LIQ,6IG8"			
CC1(C)CCC(=CC1)c1cc(ccc1NC(=O)c1ncc([nH]1)C#N)S(N)(=O)=O	Colony Stimulating?Factor?1	1.9	ChEMBL	"3LCO,4DKD,4LIQ,6IG8"			
CN1CC(CN(C)C1=NS(C)(=O)=O)c1ccc(NC(=O)c2ncc([nH]2)C#N)c(c1)C1=CCC(C)(C)CC1	Colony Stimulating?Factor?1	1.9	ChEMBL	"3LCO,4DKD,4LIQ,6IG8"			
CCNCCC(=O)Nc1c(C)[nH]c(\C=C2/C(=O)Nc3cc(NC(=O)Nc4cc(on4)C(C)(C)C)ccc23)c1C	Colony Stimulating?Factor?1	1.9	ChEMBL	"3LCO,4DKD,4LIQ,6IG8"			
CN1CCN(CC1)c1ccc(NC(=O)c2cc(c[nH]2)C#N)c(c1)N1CCCCC1	Colony Stimulating?Factor?1	2	ChEMBL	"3LCO,4DKD,4LIQ,6IG8"			
C[C@H](Nc1cncc(Cl)n1)c1cccc(NC(=O)c2cccc(C)c2)c1 |r|	Colony Stimulating?Factor?1	2	Curated from the literature by BindingDB	"4LIQ,6T2W,4DKD"			
C[C@H](Nc1cncc(Cl)n1)c1cccc(NC(=O)c2cc(C)ccc2F)c1 |r|	Colony Stimulating?Factor?1	2	Curated from the literature by BindingDB	"4LIQ,6T2W,4DKD"			
CC1(C)CCC(=CC1)c1cc(ccc1NC(=O)c1ncc([nH]1)C#N)C1CC(C)(C)S(=O)(=O)C(C)(C)C1 |c:5|	Colony Stimulating?Factor?1	2	US Patent	4EXP			
"COC[C@@]12CC[C@@](COC)(C[C@@H](C1)c1ccc(NC(=O)c3ncc([nH]3)C#N)c(c1)C1=CCC(C)(C)CC1)O2 |r,t:32|"	Colony Stimulating?Factor?1	2	US Patent	4EXP			
CCOC(=O)CN1CCN(CC1)C(C)(C)c1ccc(NC(=O)c2ncc([nH]2)C#N)c(c1)C1=CCC(C)(C)CC1 |t:34|	Colony Stimulating?Factor?1	2	US Patent	4EXP			
CC(C)(CN1CCN(CCO)CC1)c1ccc(NC(=O)c2ncc([nH]2)C#N)c(c1)C1=CCC(C)(C)CC1 |t:32|	Colony Stimulating?Factor?1	2	US Patent	4EXP			
COc1ccc(COc2ccc(Cn3c(N)nc4cc(ccc34)-c3cnn(C)c3)cc2OC)cc1	Colony Stimulating?Factor?1	2	US Patent	"4LIQ,6T2W,4DKD"			
COc1ccc(COc2ccc(Cn3c(N)nc4cc(ccc34)-c3ccncc3)cc2OC)cc1	Colony Stimulating?Factor?1	2	US Patent	"4LIQ,6T2W,4DKD"			
COc1ccc(COc2ccc(Cn3cnc4cc(ccc34)-c3cnn(c3)C3CCNCC3)cc2OC)cn1	Colony Stimulating?Factor?1	2	US Patent	"4LIQ,6T2W,4DKD"			
COc1ccc(COc2ccc(Cn3c(N)nc4cc(cnc34)-c3cnn(C)c3)cc2OC)cc1	Colony Stimulating?Factor?1	2	US Patent	"4LIQ,6T2W,4DKD"			
COc1ccc(COc2ccc(Cn3c(N)nc4cc(cnc34)-c3ccc(nc3)P(C)(C)=O)cc2OC)cc1	Colony Stimulating?Factor?1	2	US Patent	"4LIQ,6T2W,4DKD"			
COc1ccc(COc2ccc(Cn3cnc4cc(cnc34)-c3cnn(c3)C3CCNCC3)cc2OC)cn1	Colony Stimulating?Factor?1	2	US Patent	"4LIQ,6T2W,4DKD"			
COc1ccc(COc2ccc(Cn3c(N)nc4cc(cnc34)-c3ccncc3)cc2OC)cn1	Colony Stimulating?Factor?1	2	US Patent	"4LIQ,6T2W,4DKD"			
COc1cc2ncc(C(N)=O)c(Nc3ccc(Cl)c(Cl)c3)c2cc1N1CCN(C)CC1	Colony Stimulating?Factor?1	2	ChEMBL	"3LCO,4DKD,4LIQ,6IG8"			
Cc1cccc(NC(=O)Nc2ccc(cc2)-c2cncc3n(C)nc(N)c23)c1	Colony Stimulating?Factor?1	2	ChEMBL	"3LCO,4DKD,4LIQ,6IG8"			
CC(C)(CN1CCN(CCO)CC1)c1ccc(NC(=O)c2ncc([nH]2)C#N)c(c1)C1=CCC(C)(C)CC1	Colony Stimulating?Factor?1	2	ChEMBL	"3LCO,4DKD,4LIQ,6IG8"			
CC(C)(CO)c1ccc(NC(=O)c2ncc([nH]2)C#N)c(c1)C1=CCC(C)(C)CC1	Colony Stimulating?Factor?1	2	ChEMBL	"3LCO,4DKD,4LIQ,6IG8"			
CC1(C)CCC(=CC1)c1cc(Cc2nnn[nH]2)ccc1NC(=O)c1ncc([nH]1)C#N	Colony Stimulating?Factor?1	2	ChEMBL	"3LCO,4DKD,4LIQ,6IG8"			
CC(=O)N1CCC(CC1)c1ccc(NC(=O)c2ncc([nH]2)C#N)c(c1)C1=CCCCC1	Colony Stimulating?Factor?1	2	ChEMBL	"3LCO,4DKD,4LIQ,6IG8"			
CC1CCN(CC1)c1cc(\C=C\C(O)=O)ccc1NC(=O)c1ccc(o1)C#N	Colony Stimulating?Factor?1	2	ChEMBL	"3LCO,4DKD,4LIQ,6IG8"			
COc1ccc(COc2ccc(Cn3c(N)nc4cc(ccc34)-c3cnn(C)c3)cc2OC)cc1	Colony Stimulating?Factor?1	2	US Patent	"3LCO,4DKD,4LIQ,6IG8"			
COc1ccc(COc2ccc(Cn3c(N)nc4cc(ccc34)-c3ccncc3)cc2OC)cc1	Colony Stimulating?Factor?1	2	US Patent	"3LCO,4DKD,4LIQ,6IG8"			
COc1ccc(COc2ccc(Cn3cnc4cc(ccc34)-c3cnn(c3)C3CCNCC3)cc2OC)cn1	Colony Stimulating?Factor?1	2	US Patent	"3LCO,4DKD,4LIQ,6IG8"			
COc1ccc(COc2ccc(Cn3c(N)nc4cc(cnc34)-c3cnn(C)c3)cc2OC)cc1	Colony Stimulating?Factor?1	2	US Patent	"3LCO,4DKD,4LIQ,6IG8"			
COc1ccc(COc2ccc(Cn3c(N)nc4cc(cnc34)-c3ccc(nc3)P(C)(C)=O)cc2OC)cc1	Colony Stimulating?Factor?1	2	US Patent	"3LCO,4DKD,4LIQ,6IG8"			
COc1ccc(COc2ccc(Cn3cnc4cc(cnc34)-c3cnn(c3)C3CCNCC3)cc2OC)cn1	Colony Stimulating?Factor?1	2	US Patent	"3LCO,4DKD,4LIQ,6IG8"			
COc1ccc(COc2ccc(Cn3c(N)nc4cc(cnc34)-c3ccncc3)cc2OC)cn1	Colony Stimulating?Factor?1	2	US Patent	"3LCO,4DKD,4LIQ,6IG8"			
COc1ccc(COc2ccc(Cn3c(N)nc4cc(ccc34)-c3cnn(C)c3)cc2OC)cc1	Colony Stimulating?Factor?1	2	US Patent	"3LCO,4DKD,4LIQ,6IG8"			
COc1ccc(COc2ccc(Cn3c(N)nc4cc(ccc34)-c3ccncc3)cc2OC)cc1	Colony Stimulating?Factor?1	2	US Patent	"3LCO,4DKD,4LIQ,6IG8"			
COc1ccc(COc2ccc(Cn3cnc4cc(ccc34)-c3cnn(c3)C3CCNCC3)cc2OC)cn1	Colony Stimulating?Factor?1	2	US Patent	"3LCO,4DKD,4LIQ,6IG8"			
COc1ccc(COc2ccc(Cn3c(N)nc4cc(cnc34)-c3cnn(C)c3)cc2OC)cc1	Colony Stimulating?Factor?1	2	US Patent	"3LCO,4DKD,4LIQ,6IG8"			
COc1ccc(COc2ccc(Cn3c(N)nc4cc(cnc34)-c3ccc(nc3)P(C)(C)=O)cc2OC)cc1	Colony Stimulating?Factor?1	2	US Patent	"3LCO,4DKD,4LIQ,6IG8"			
COc1ccc(COc2ccc(Cn3cnc4cc(cnc34)-c3cnn(c3)C3CCNCC3)cc2OC)cn1	Colony Stimulating?Factor?1	2	US Patent	"3LCO,4DKD,4LIQ,6IG8"			
COc1ccc(COc2ccc(Cn3c(N)nc4cc(cnc34)-c3ccncc3)cc2OC)cn1	Colony Stimulating?Factor?1	2	US Patent	"3LCO,4DKD,4LIQ,6IG8"			
CNC(=O)c1cc(Oc2ccc3nc(N[C@H]4CCCC[C@@H]4O)sc3c2)ccn1	Colony Stimulating?Factor?1	2	ChEMBL	"3LCO,4DKD,4LIQ,6IG8"			
CCC(=O)N1CC[C@@H](C1)N1C(=O)N(Cc2cnc(Nc3ccc(N4CCN(C)CC4)c(C)c3)nc12)c1cc(OC)ccc1F	Colony Stimulating?Factor?1	2	ChEMBL	"3LCO,4DKD,4LIQ,6IG8"			
Cc1nn(Cc2cccc(C)n2)c2cccc(NC(=O)c3csc4c(N)ncnc34)c12	Colony Stimulating?Factor?1	2	ChEMBL	"3LCO,4DKD,4LIQ,6IG8"			
CN[C@@H]1C[C@H]2O[C@@](C)([C@@H]1OC)n1c3ccccc3c3c4CNC(=O)c4c4c5ccccc5n2c4c13	Colony Stimulating?Factor?1	2	ChEMBL	"3LCO,4DKD,4LIQ,6IG8"			
COc1cc(OCc2ccnc(N)n2)c(Cl)c2sc(N[C@H]3CCCC[C@@H]3O)nc12	Colony Stimulating?Factor?1	2	ChEMBL	"3LCO,4DKD,4LIQ,6IG8"			
Nc1nccc(COc2ccc3nc(N[C@H]4CCCC[C@@H]4O)sc3c2)c1Cl	Colony Stimulating?Factor?1	2	ChEMBL	"3LCO,4DKD,4LIQ,6IG8"			
COc1cc(Cc2cnc3cc(cnn23)C#CC(C)(C)N)cc2OCC(Oc12)c1ccc(OC(F)F)cc1	Colony Stimulating?Factor?1	2	US Patent	"3LCO,4DKD,4LIQ,6IG8"			
CCOc1ccc(cn1)C1COc2cc(Cc3c[nH]c4ncccc34)cc(OC)c2O1	Colony Stimulating?Factor?1	2	US Patent	"3LCO,4DKD,4LIQ,6IG8"			
CC(C)N1CCOc2c(F)cc(cc12)-c1nc(Nc2ccc3CNCCc3c2)ncc1F	Colony Stimulating?Factor?1	2	US Patent	"3LCO,4DKD,4LIQ,6IG8"			
COc1ccc(COc2ccc(Cn3c(N)nc4cc(ccc34)-c3cnn(C)c3)cc2OC)cc1	Colony Stimulating?Factor?1	2	US Patent	"3LCO,4DKD,4LIQ,6IG8"			
COc1ccc(COc2ccc(Cn3c(N)nc4cc(ccc34)-c3ccncc3)cc2OC)cc1	Colony Stimulating?Factor?1	2	US Patent	"3LCO,4DKD,4LIQ,6IG8"			
COc1ccc(COc2ccc(Cn3cnc4cc(ccc34)-c3cnn(c3)C3CCNCC3)cc2OC)cn1	Colony Stimulating?Factor?1	2	US Patent	"3LCO,4DKD,4LIQ,6IG8"			
COc1ccc(COc2ccc(Cn3c(N)nc4cc(cnc34)-c3cnn(C)c3)cc2OC)cc1	Colony Stimulating?Factor?1	2	US Patent	"3LCO,4DKD,4LIQ,6IG8"			
COc1ccc(COc2ccc(Cn3c(N)nc4cc(cnc34)-c3ccc(nc3)P(C)(C)=O)cc2OC)cc1	Colony Stimulating?Factor?1	2	US Patent	"3LCO,4DKD,4LIQ,6IG8"			
COc1ccc(COc2ccc(Cn3cnc4cc(cnc34)-c3cnn(c3)C3CCNCC3)cc2OC)cn1	Colony Stimulating?Factor?1	2	US Patent	"3LCO,4DKD,4LIQ,6IG8"			
COc1ccc(COc2ccc(Cn3c(N)nc4cc(cnc34)-c3ccncc3)cc2OC)cn1	Colony Stimulating?Factor?1	2	US Patent	"3LCO,4DKD,4LIQ,6IG8"			
Cc1[nH]c(\C=C2/C(=O)Nc3cc(NC(=O)Nc4cc(on4)C(C)(C)C)ccc23)c(C)c1NC(=O)C1CCCCN1	Colony Stimulating?Factor?1	2	ChEMBL	"3LCO,4DKD,4LIQ,6IG8"			
Cc1nc(ccc1Oc1ccnc(c1)-c1cnn(C)c1)-c1cnc(NC2CC2)n(C)c1=O	Colony Stimulating?Factor?1	2	ChEMBL	"3LCO,4DKD,4LIQ,6IG8"			
CC(=O)N1CC2(C1)CCN(C(=O)Nc1ccc(Oc3ccnc(c3)-c3cnn(C)c3)cn1)C2=O	Colony Stimulating?Factor?1	2	US Patent	"3LCO,4DKD,4LIQ,6IG8"			
Cn1cc(cn1)-c1cc(Oc2cnc3O[C@H](COc3c2)c2ccc(nc2)C2CC2)ccn1	Colony Stimulating?Factor?1	2	US Patent	"3LCO,4DKD,4LIQ,6IG8"			
COCCOc1ccc(cc1)-c1cc2c(ncnc2[nH]1)N(C)Cc1ccccc1	Colony Stimulating?Factor?1	2	ChEMBL	"4LIQ,6T2W,4DKD"			
CCc1ccc(cc1)-c1c(-c2c[nH]c(C)n2)c(=O)[nH]c2ccc(Cl)cc12	Colony Stimulating?Factor?1	2.1	ChEMBL	"3LCO,4DKD,4LIQ,6IG8"			
COCCN(C)C(C)(C)c1ccc(NC(=O)c2ncc([nH]2)C#N)c(c1)C1=CCC(C)(C)CC1	Colony Stimulating?Factor?1	2.1	ChEMBL	"3LCO,4DKD,4LIQ,6IG8"			
CN(C)CCOC(C)(C)c1ccc(NC(=O)c2ncc([nH]2)C#N)c(c1)C1=CCC(C)(C)CC1	Colony Stimulating?Factor?1	2.1	ChEMBL	"3LCO,4DKD,4LIQ,6IG8"			
CCC(=O)N1CC[C@@H](C1)N1C(=O)N(Cc2cnc(Nc3ccc(N4CCN(C)CC4)c(C)c3)nc12)c1cc(OC)ccc1Cl	Colony Stimulating?Factor?1	2.1	ChEMBL	"3LCO,4DKD,4LIQ,6IG8"			
CN1CCN(CC(=O)Nc2c(C)[nH]c(\C=C3/C(=O)Nc4cc(NC(=O)Nc5cc(on5)C(C)(C)C)ccc34)c2C)CC1	Colony Stimulating?Factor?1	2.1	ChEMBL	"3LCO,4DKD,4LIQ,6IG8"			
Cn1cc(cn1)-c1cc(Oc2ccc(NC(=O)N3CCC4(CCCCC4F)C3=O)nc2)ccn1	Colony Stimulating?Factor?1	2.1	US Patent	"3LCO,4DKD,4LIQ,6IG8"			
CN(Cc1ccccc1)c1ncnc2[nH]c(cc12)-c1ccc(F)c(CO)c1	Colony Stimulating?Factor?1	2.1	ChEMBL	"4LIQ,6T2W,4DKD"			
CONC(=O)c1cn(-c2ccc3CCCc3c2)c2nc(Nc3ccc(cc3)C3CCN(CC(O)=O)CC3)ncc2c1=O	Colony Stimulating?Factor?1	2.2	Curated from the literature by BindingDB	"4LIQ,6T2W,4DKD"			
CC1(C)CCC(=CC1)c1cc(ccc1NC(=O)c1nc(c[nH]1)C#N)C1(O)CC2CCC(C1)O2	Colony Stimulating?Factor?1	2.2	US Patent	4EXP			
CC1(C)CCC(=CC1)c1cc(ccc1NC(=O)c1ncc([nH]1)C#N)C(N)=O	Colony Stimulating?Factor?1	2.2	ChEMBL	"3LCO,4DKD,4LIQ,6IG8"			
CC(C)Nc1ncc(-c2ccc(Oc3ccnc(c3)-c3cnn(C)c3)c(C)n2)c(=O)n1C	Colony Stimulating?Factor?1	2.2	US Patent	"3LCO,4DKD,4LIQ,6IG8"			
FC(F)(F)c1ccc(CNc2ccc(Cc3c[nH]c4ncc(Cl)cc34)cn2)cn1	Colony Stimulating?Factor?1	2.2	US Patent	"3LCO,4DKD,4LIQ,6IG8"			
CC1(C)CCC(=CC1)c1nc(ccc1NC(=O)c1nc(c[nH]1)C#N)[C@@H]1CC(C)(C)O[C@@](C)(C1)C(O)=O	Colony Stimulating?Factor?1	2.2	US Patent	"3LCO,4DKD,4LIQ,6IG8"			
CC1(C)CCC(=CC1)c1nc(ccc1NC(=O)c1nc(c[nH]1)C#N)[C@@H]1CC(C)(C)O[C@@](C)(C1)C(O)=O	Colony Stimulating?Factor?1	2.2	US Patent				
CC1(C)CCC(=CC1)c1nc(ccc1NC(=O)c1nc(c[nH]1)C#N)[C@@H]1CC(C)(C)O[C@@](C)(C1)C(O)=O	Colony Stimulating?Factor?1	2.2	US Patent	"3LCO,4DKD,4LIQ,6IG8"			
CC1(C)CCC(=CC1)c1nc(ccc1NC(=O)c1nc(c[nH]1)C#N)[C@@H]1CC(C)(C)O[C@@](C)(C1)C(O)=O	Colony Stimulating?Factor?1	2.2	US Patent				
CC1(C)CCC(=CC1)c1nc(ccc1NC(=O)c1nc(c[nH]1)C#N)[C@@H]1CC(C)(C)O[C@@](C)(C1)C(O)=O	Colony Stimulating?Factor?1	2.2	US Patent	"3LCO,4DKD,4LIQ,6IG8"			
CC1(C)CCC(=CC1)c1nc(ccc1NC(=O)c1nc(c[nH]1)C#N)[C@@H]1CC(C)(C)O[C@@](C)(C1)C(O)=O	Colony Stimulating?Factor?1	2.2	US Patent				
Cc1[nH]c(\C=C2/C(=O)Nc3cc(NC(=O)Nc4cc(on4)C(C)(C)C)ccc23)c(C)c1NC(=O)C1CCCNC1	Colony Stimulating?Factor?1	2.2	ChEMBL	"3LCO,4DKD,4LIQ,6IG8"			
CN(Cc1ccncc1)c1ncnc2[nH]c(nc12)-c1ccc(CO)cc1	Colony Stimulating?Factor?1	2.2	ChEMBL	"4LIQ,6T2W,4DKD"			
CCN1Cc2c(O[C@@H](C)COC(=O)c3c(N)nn4ccc1nc34)ccc(F)c2C#N	Colony Stimulating?Factor?1	2.2	US Patent	"4LIQ,6T2W,4DKD"			
Nc1ncc(-c2cnn(CCO)c2)c2scc(-c3ccc(NC(=O)Nc4cccc(F)c4)cc3)c12	Colony Stimulating?Factor?1	2.22	US Patent	"4LIQ,6T2W,4DKD"			
OC[C@@H](O)C(=O)N1CCC(CC1)c1ccc(NC(=O)c2ncc([nH]2)C#N)c(c1)C1=CCCCC1	Colony Stimulating?Factor?1	2.3	ChEMBL	4EXP			
CC1(C)CCC(=CC1)c1cc(ccc1NC(=O)c1nc(c[nH]1)C#N)C1(O)CCCC1	Colony Stimulating?Factor?1	2.3	US Patent	4EXP			
CN1CCN(CC1)C(C)(C)c1ccc(NC(=O)c2ncc([nH]2)C#N)c(c1)C1=CCC(C)(C)CC1	Colony Stimulating?Factor?1	2.3	ChEMBL	"3LCO,4DKD,4LIQ,6IG8"			
CC1(C)CCC(=CC1)c1cc(ccc1NC(=O)c1ncc([nH]1)C#N)S(C)(=O)=O	Colony Stimulating?Factor?1	2.3	ChEMBL	"3LCO,4DKD,4LIQ,6IG8"			
O=C(Nc1ccc(cc1C1=CCCCC1)-c1cccnc1)c1ncc([nH]1)C#N	Colony Stimulating?Factor?1	2.3	ChEMBL	"3LCO,4DKD,4LIQ,6IG8"			
O=C(Nc1ccc(cc1C1=CCCCC1)C1CNC(=O)NC1)c1ncc([nH]1)C#N	Colony Stimulating?Factor?1	2.3	ChEMBL	"3LCO,4DKD,4LIQ,6IG8"			
CCCNCCC(=O)Nc1c(C)[nH]c(\C=C2/C(=O)Nc3cc(NC(=O)Nc4cc(on4)C(C)(C)C)ccc23)c1C	Colony Stimulating?Factor?1	2.3	ChEMBL	"3LCO,4DKD,4LIQ,6IG8"			
Cn1cc(cn1)-c1cc(Oc2ccc(NC(=O)N3CCC4(CCCC4(F)F)C3=O)nc2)ccn1	Colony Stimulating?Factor?1	2.3	US Patent	"3LCO,4DKD,4LIQ,6IG8"			
CN(Cc1ccccc1F)c1ncnc2[nH]c(nc12)-c1ccc(CO)cc1	Colony Stimulating?Factor?1	2.3	ChEMBL	"4LIQ,6T2W,4DKD"			
CN(Cc1ccccc1O)c1ncnc2[nH]c(nc12)-c1ccc(CO)cc1	Colony Stimulating?Factor?1	2.3	ChEMBL	"4LIQ,6T2W,4DKD"			
O=C(Nc1ccc(cc1C1=CCCCC1)C1CCN(Cc2ccccn2)CC1)c1ncc([nH]1)C#N	Colony Stimulating?Factor?1	2.4	ChEMBL	"3LCO,4DKD,4LIQ,6IG8"			
CC(=O)N1CCC(CC1)c1ccc(NC(=O)c2ncc([nH]2)C#N)c(c1)C1=CCCCC1	Colony Stimulating?Factor?1	2.4	ChEMBL	"3LCO,4DKD,4LIQ,6IG8"			
CONC(=O)c1cn(-c2ccc3CCCc3c2)c2nc(Nc3ccc(CCS(=O)(=O)NC(C)=O)cc3)ncc2c1=O	Colony Stimulating?Factor?1	2.4	Curated from the literature by BindingDB	"4LIQ,6T2W,4DKD"			
CC1(C)CCC(=CC1)c1cc(CC(=O)NCCCO)ccc1NC(=O)c1ncc([nH]1)C#N |c:5|	Colony Stimulating?Factor?1	2.4	US Patent	4EXP			
CC1(C)CCC(=CC1)c1cc(ccc1NC(=O)c1nc(c[nH]1)C#N)C1(O)CC(C)(C)OC(C)(C)C1	Colony Stimulating?Factor?1	2.4	US Patent	4EXP			
NS(=O)(=O)CCc1ccc(NC(=O)c2ncc([nH]2)C#N)c(c1)C1=CCCCC1	Colony Stimulating?Factor?1	2.4	ChEMBL	"3LCO,4DKD,4LIQ,6IG8"			
CC1(C)CCC(=CC1)c1cc(CC(=O)NCCCO)ccc1NC(=O)c1ncc([nH]1)C#N	Colony Stimulating?Factor?1	2.4	ChEMBL	"3LCO,4DKD,4LIQ,6IG8"			
Cc1ccc(cc1C#Cc1cc(cnc1N)-c1cnn(C)c1)C(=O)Nc1cccc(c1)C(F)(F)F	Colony Stimulating?Factor?1	2.4	ChEMBL	"3LCO,4DKD,4LIQ,6IG8"			
Nc1nccc(COc2ccc3nc(N[C@@H]4CCCC[C@@H]4O)sc3c2)c1Cl	Colony Stimulating?Factor?1	2.4	ChEMBL	"3LCO,4DKD,4LIQ,6IG8"			
Cc1ccc(cc1C#Cc1cc(cnc1N)-c1cnn(C)c1)C(=O)Nc1cccc(c1)C(F)(F)F	Colony Stimulating?Factor?1	2.4	ChEMBL	"3LCO,4DKD,4LIQ,6IG8"			
CN(Cc1ccc(C)cc1)c1ncnc2[nH]c(cc12)-c1ccc(CO)cc1	Colony Stimulating?Factor?1	2.4	ChEMBL	"4LIQ,6T2W,4DKD"			
CNc1ccc(c2CNC(=O)c12)-c1cnc(Nc2cnc(OC3CC3)nc2)cc1C	Colony Stimulating?Factor?1	2.49	US Patent	"3LCO,4DKD,4LIQ,6IG8"			
O=C(Cc1ccccn1)N1CCC(CC1)c1ccc(NC(=O)c2ncc([nH]2)C#N)c(c1)C1=CCCCC1	Colony Stimulating?Factor?1	2.5	ChEMBL	"3LCO,4DKD,4LIQ,6IG8"			
CC1(C)CCC(=CC1)c1cc(ccc1NC(=O)c1ncc([nH]1)C#N)C(O)C(O)=O |c:5|	Colony Stimulating?Factor?1	2.5	US Patent	4EXP			
CCc1ccc(cc1)-c1c(-c2c[nH]c(C)n2)c(=O)[nH]c2ccc(cc12)C#N	Colony Stimulating?Factor?1	2.5	ChEMBL	"3LCO,4DKD,4LIQ,6IG8"			
CC1(C)CCC(=CC1)c1cc(ccc1NC(=O)c1ncc([nH]1)C#N)C1CNC(NC1)=NC#N	Colony Stimulating?Factor?1	2.5	ChEMBL	"3LCO,4DKD,4LIQ,6IG8"			
CC1(C)CCC(=CC1)c1nc(ccc1NC(=O)c1nc(c[nH]1)C#N)[C@H]1CC(C)(C)O[C@](C)(C1)C(O)=O	Colony Stimulating?Factor?1	2.5	US Patent				
CC1(C)CCC(=CC1)c1nc(ccc1NC(=O)c1nc(c[nH]1)C#N)[C@H]1CC(C)(C)O[C@](C)(C1)C(O)=O	Colony Stimulating?Factor?1	2.5	US Patent				
CC1(C)CCC(=CC1)c1nc(ccc1NC(=O)c1nc(c[nH]1)C#N)[C@H]1CC(C)(C)O[C@](C)(C1)C(O)=O	Colony Stimulating?Factor?1	2.5	US Patent				
CC(C)N1CCOc2c(F)cc(cc12)-c1nc(Nc2ccc3CCNCc3c2)ncc1F	Colony Stimulating?Factor?1	2.5	US Patent	"3LCO,4DKD,4LIQ,6IG8"			
COc1cc(Nc2ncc(F)c(n2)-c2cc(F)c3OCCN(C(C)C)c3c2)ccc1N1CCNCC1	Colony Stimulating?Factor?1	2.5	US Patent	"3LCO,4DKD,4LIQ,6IG8"			
CC(C)N1CCOc2c(F)cc(cc12)-c1nc(Nc2ccc3CC(CCc3c2)N(C)C)ncc1F	Colony Stimulating?Factor?1	2.5	US Patent	"3LCO,4DKD,4LIQ,6IG8"			
CC(C)N1CCOc2c(F)cc(cc12)-c1nc(Nc2ccc3CCC(Cc3c2)N(C)C)ncc1F	Colony Stimulating?Factor?1	2.5	US Patent	"3LCO,4DKD,4LIQ,6IG8"			
CNc1ccc(c2CNC(=O)c12)-c1cnc(Nc2ccc(cn2)C2CC2)cc1C	Colony Stimulating?Factor?1	2.5	US Patent	"3LCO,4DKD,4LIQ,6IG8"			
CN(Cc1cccnc1)c1ncnc2[nH]c(cc12)-c1ccc(CO)cc1	Colony Stimulating?Factor?1	2.5	ChEMBL	"4LIQ,6T2W,4DKD"			
CNc1ccc(c2CNC(=O)c12)-c1cnc(Nc2cnc(OC3CC3)cn2)cc1C	Colony Stimulating?Factor?1	2.55	US Patent	"3LCO,4DKD,4LIQ,6IG8"			
CS(=O)(=O)CC(=O)N1CCC(CC1)c1ccc(NC(=O)c2ncc([nH]2)C#N)c(c1)C1=CCCCC1	Colony Stimulating?Factor?1	2.6	ChEMBL	"3LCO,4DKD,4LIQ,6IG8"			
CN(C)CC(=O)N1CCC(CC1)c1ccc(NC(=O)c2ncc([nH]2)C#N)c(c1)C1=CCCCC1	Colony Stimulating?Factor?1	2.6	ChEMBL	4EXP			
COCCN(C)C(C)(C)c1ccc(NC(=O)c2ncc([nH]2)C#N)c(c1)C1=CCC(C)(C)CC1 |t:27|	Colony Stimulating?Factor?1	2.6	US Patent	4EXP			
CNS(=O)(=O)CCc1ccc(NC(=O)c2ncc([nH]2)C#N)c(c1)C1=CCC(C)(C)CC1 |t:25|	Colony Stimulating?Factor?1	2.6	US Patent	4EXP			
CC1(C)CCC(=CC1)c1cc(CCN2CCOCC2)ccc1NC(=O)c1ncc([nH]1)C#N	Colony Stimulating?Factor?1	2.6	ChEMBL	4EXP			
CC1(C)CCC(=CC1)c1cc(CCS(=O)(=O)NN)ccc1NC(=O)c1ncc([nH]1)C#N	Colony Stimulating?Factor?1	2.6	ChEMBL	"3LCO,4DKD,4LIQ,6IG8"			
COc1cc(NC(=O)c2ccc(C)c(c2)C#Cc2cc(cnc2N)-c2cnn(C)c2)cc(OC)c1	Colony Stimulating?Factor?1	2.6	ChEMBL	"3LCO,4DKD,4LIQ,6IG8"			
COc1cc(OCc2ccnc(Nc3cnoc3)n2)cc2sc(N[C@H]3CCCC[C@@H]3O)nc12	Colony Stimulating?Factor?1	2.6	ChEMBL	"3LCO,4DKD,4LIQ,6IG8"			
COc1cc(NC(=O)c2ccc(C)c(c2)C#Cc2cc(cnc2N)-c2cnn(C)c2)cc(OC)c1	Colony Stimulating?Factor?1	2.6	ChEMBL	"3LCO,4DKD,4LIQ,6IG8"			
COC(C)(C)C(=O)NC(=O)Nc1ccc(Oc2ccnc(c2)-c2cc(C)no2)c(C)n1	Colony Stimulating?Factor?1	2.6	ChEMBL	"3LCO,4DKD,4LIQ,6IG8"			
CN(CC1CCCO1)c1ncnc2[nH]c(nc12)-c1ccc(CO)cc1	Colony Stimulating?Factor?1	2.6	ChEMBL	"4LIQ,6T2W,4DKD"			
CNc1ccc(c2CNC(=O)c12)-c1cnc(Nc2cnc(nc2)C2CC2)cc1C	Colony Stimulating?Factor?1	2.61	US Patent	"3LCO,4DKD,4LIQ,6IG8"			
O=C(Nc1ccc(cc1C1=CCCCC1)C1CCN(CC1)C(=O)c1cccnc1)c1ncc([nH]1)C#N	Colony Stimulating?Factor?1	2.7	ChEMBL	"3LCO,4DKD,4LIQ,6IG8"			
"COC[C@@]12CC[C@@](COC)(C[C@H](C1)c1ccc(NC(=O)c3ncc([nH]3)C#N)c(c1)C1=CCC(C)(C)CC1)O2 |r,t:32|"	Colony Stimulating?Factor?1	2.7	US Patent	4EXP			
NC(=O)CCc1ccc(NC(=O)c2ncc([nH]2)C#N)c(c1)C1=CCCCC1 |t:23|	Colony Stimulating?Factor?1	2.7	US Patent	4EXP			
NC(=O)CCc1ccc(NC(=O)c2ncc([nH]2)C#N)c(c1)C1=CCCCC1	Colony Stimulating?Factor?1	2.7	ChEMBL	"3LCO,4DKD,4LIQ,6IG8"			
CCN(CC)CCC(=O)Nc1c(C)[nH]c(\C=C2/C(=O)Nc3cc(NC(=O)Nc4cc(on4)C(C)(C)C)ccc23)c1C	Colony Stimulating?Factor?1	2.7	ChEMBL	"3LCO,4DKD,4LIQ,6IG8"			
Cn1cc(cn1)-c1cc(Oc2ccc(NC(=O)N3CCC4(CCCO4)C3=O)nc2)ccn1	Colony Stimulating?Factor?1	2.7	US Patent	"3LCO,4DKD,4LIQ,6IG8"			
COc1cccc(CN(C)c2ncnc3[nH]c(nc23)-c2ccc(CO)cc2)c1	Colony Stimulating?Factor?1	2.7	ChEMBL	"4LIQ,6T2W,4DKD"			
CN(Cc1ccccc1)c1ncnc2[nH]c(nc12)-c1ccccc1	Colony Stimulating?Factor?1	2.7	ChEMBL	"4LIQ,6T2W,4DKD"			
CN(Cc1cccc(C)c1)c1ncnc2[nH]c(cc12)-c1ccc(F)cc1	Colony Stimulating?Factor?1	2.7	ChEMBL	"4LIQ,6T2W,4DKD"			
Cc1cccc(NC(=O)Nc2ccc(cc2)-c2csc3c(cnc(N)c23)-c2cn[nH]c2)c1	Colony Stimulating?Factor?1	2.74	US Patent	"4LIQ,6T2W,4DKD"			
CN(C)C(=O)c1ccc(NC(=O)c2ncc([nH]2)C#N)c(c1)C1=CCC(C)(C)CC1	Colony Stimulating?Factor?1	2.8	ChEMBL	"3LCO,4DKD,4LIQ,6IG8"			
Cc1nc(NC(=O)NC(=O)C2(C)CCOCC2)ccc1Oc1ccnc(c1)-c1cnn(C)c1	Colony Stimulating?Factor?1	2.8	ChEMBL	"3LCO,4DKD,4LIQ,6IG8"			
Cn1cc(cn1)-c1cc(Oc2ccc(NC(=O)N3CCC4(CCC(F)(F)C4)C3=O)nc2)ccn1	Colony Stimulating?Factor?1	2.8	US Patent	"3LCO,4DKD,4LIQ,6IG8"			
CN(Cc1ccccc1)c1ncnc2[nH]c(cc12)-c1ccc(O)cc1	Colony Stimulating?Factor?1	2.8	ChEMBL	"4LIQ,6T2W,4DKD"			
CN(Cc1ccccc1)c1ncnc2[nH]c(cc12)-c1cccc(O)c1	Colony Stimulating?Factor?1	2.8	ChEMBL	"4LIQ,6T2W,4DKD"			
CN([C@H](CO)c1ccccc1)c1ncnc2[nH]c(cc12)-c1ccc(CO)cc1	Colony Stimulating?Factor?1	2.8	ChEMBL	"4LIQ,6T2W,4DKD"			
CC1(C)CCC(=CC1)c1nc(ccc1NC(=O)c1ncc([nH]1)C#N)C1CC(C)(C)OC(C)(C)C1 |c:5|	Colony Stimulating?Factor?1	2.9	US Patent	4EXP			
"C[C@@]12CC(C[C@@](C)(O1)[C@@H](O)[C@H]2O)c1ccc(NC(=O)c2ncc([nH]2)C#N)c(n1)C1=CCCCC1 |r,t:32|"	Colony Stimulating?Factor?1	2.9	US Patent	4EXP			
CN1CCN(CC1)C(C)(C)c1ccc(NC(=O)c2ncc([nH]2)C#N)c(c1)C1=CCC(C)(C)CC1 |t:29|	Colony Stimulating?Factor?1	2.9	US Patent	4EXP			
CN(C)S(=O)(=O)CCc1ccc(NC(=O)c2ncc([nH]2)C#N)c(c1)C1=CCC(C)(C)CC1 |t:26|	Colony Stimulating?Factor?1	2.9	US Patent	4EXP			
CN(C)CCNC(=O)Cc1ccc(NC(=O)c2ncc([nH]2)C#N)c(c1)C1=CCC(C)(C)CC1 |t:27|	Colony Stimulating?Factor?1	2.9	US Patent	4EXP			
CC1(C)CCC(=CC1)c1cc(ccc1NC(=O)c1nc(c[nH]1)C#N)C1(O)CCSCC1	Colony Stimulating?Factor?1	2.9	US Patent	4EXP			
OC1(CCS(=O)(=O)CC1)c1ccc(NC(=O)c2nc(c[nH]2)C#N)c(c1)C1=CCCCC1	Colony Stimulating?Factor?1	2.9	US Patent	4EXP			
OC1(CCOCC1)c1ccc(NC(=O)c2nc(c[nH]2)C#N)c(c1)C1=CCCCC1	Colony Stimulating?Factor?1	2.9	US Patent	4EXP			
CC12CCC(C)(CC(O)(C1)c1ccc(NC(=O)c3nc(c[nH]3)C#N)c(c1)C1=CCC(C)(C)CC1)O2	Colony Stimulating?Factor?1	2.9	US Patent	4EXP			
COCCNC1(CCCCC1)c1ccc(NC(=O)c2nc(c[nH]2)C#N)c(c1)C1=CCC(C)(C)CC1	Colony Stimulating?Factor?1	2.9	US Patent	4EXP			
CC1(C)CCC(=CC1)c1cc(CCS(=O)(=O)NN)ccc1NC(=O)c1ncc([nH]1)C#N	Colony Stimulating?Factor?1	2.9	ChEMBL	4EXP			
O=C(Nc1ccc(cc1C1=CCCCC1)C1CNS(=O)(=O)NC1)c1ncc([nH]1)C#N	Colony Stimulating?Factor?1	2.9	ChEMBL	"3LCO,4DKD,4LIQ,6IG8"			
Cn1cc(cn1)-c1cc(Oc2ccc(NC(=O)NC(=O)Cc3ccc(F)cc3)nc2)ccn1	Colony Stimulating?Factor?1	2.9	ChEMBL	"3LCO,4DKD,4LIQ,6IG8"			
CN(Cc1cccs1)c1ncnc2[nH]c(nc12)-c1ccc(CO)cc1	Colony Stimulating?Factor?1	2.9	ChEMBL	"4LIQ,6T2W,4DKD"			
Cc1ccc(F)c(NC(=O)Nc2ccc(cc2)-c2cccc3[nH]nc(N)c23)c1	Colony Stimulating?Factor?1	3	Curated from the literature by BindingDB	"4LIQ,6T2W,4DKD"			
COc1cc(Cn2cnc3cc(cnc23)-c2cnn(c2)C2CCNCC2)ccc1OCc1ccc(C)nc1	Colony Stimulating?Factor?1	3	US Patent	"4LIQ,6T2W,4DKD"			
COc1ccc(COc2ccc(Cn3cnc4cc(cnc34)-n3cc(nn3)C3CCCNC3)cc2OC)cn1	Colony Stimulating?Factor?1	3	US Patent	"4LIQ,6T2W,4DKD"			
COc1ccc(COc2ccc(Cn3c(N)nc4cc(cnc34)-c3cnn(C)c3)cc2OC)cn1	Colony Stimulating?Factor?1	3	US Patent	"4LIQ,6T2W,4DKD"			
COc1cc(Cn2c(N)nc3cc(cnc23)-c2cnn(C)c2)ccc1OCc1ccc(nc1)C1CC1	Colony Stimulating?Factor?1	3	US Patent	"4LIQ,6T2W,4DKD"			
CC1(C)CCC(=CC1)c1cc(ccc1NC(=O)c1nc(c[nH]1)C#N)C1(CN2CCOCC2)CCOCC1	Colony Stimulating?Factor?1	3	US Patent	4EXP			
Cc1ccc(F)c(NC(=O)Nc2ccc(cc2)-c2cccc3[nH]nc(N)c23)c1	Colony Stimulating?Factor?1	3	ChEMBL	"3LCO,4DKD,4LIQ,6IG8"			
O=C(Nc1ccc(cc1N1CCCCC1)-n1ccnc1)c1ccc(o1)C#N	Colony Stimulating?Factor?1	3	ChEMBL	"3LCO,4DKD,4LIQ,6IG8"			
Cc1cccc(C)c1\C=C\n1cnc2c(Nc3ccc(cc3)P(C)(C)=O)ncnc12	Colony Stimulating?Factor?1	3	ChEMBL	"3LCO,4DKD,4LIQ,6IG8"			
Cc1cc(C)cc(c1)C(=O)Nc1ccc(Cl)c(c1)C(=O)Nc1cncs1	Colony Stimulating?Factor?1	3	ChEMBL	"3LCO,4DKD,4LIQ,6IG8"			
FC(F)(F)c1cccc(c1)C(=O)Nc1ccc(Cl)c(c1)C(=O)Nc1cncs1	Colony Stimulating?Factor?1	3	ChEMBL	"3LCO,4DKD,4LIQ,6IG8"			
Clc1ccc(cc1Cl)C(=O)Nc1ccc(Cl)c(c1)C(=O)Nc1cccnc1	Colony Stimulating?Factor?1	3	ChEMBL	"3LCO,4DKD,4LIQ,6IG8"			
Clc1cc(Cl)cc(c1)C(=O)Nc1ccc(Cl)c(c1)C(=O)Nc1cccnc1	Colony Stimulating?Factor?1	3	ChEMBL	"3LCO,4DKD,4LIQ,6IG8"			
COc1cc2c(Nc3cccc(Cl)c3Cl)c(cnc2cc1NCCN(C)C)C(N)=O	Colony Stimulating?Factor?1	3	ChEMBL	"3LCO,4DKD,4LIQ,6IG8"			
CCOc1cc2ncc(C(N)=O)c(Nc3cccc(Cl)c3Cl)c2cc1NCCN(C)C	Colony Stimulating?Factor?1	3	ChEMBL	"3LCO,4DKD,4LIQ,6IG8"			
CN1CCN(CC1)c1ccc2nc([nH]c2c1)-c1c(N)c2c(F)cccc2[nH]c1=O	Colony Stimulating?Factor?1	3	ChEMBL	"3LCO,4DKD,4LIQ,6IG8"			
COc1cc2ncc(C(N)=O)c(Nc3ccc(Cl)cc3Cl)c2cc1N1CCN(C)CC1	Colony Stimulating?Factor?1	3	ChEMBL	"3LCO,4DKD,4LIQ,6IG8"			
CN1CCN(CC1)c1cc2c(Nc3cccc(Cl)c3Cl)c(cnc2cc1F)C(N)=O	Colony Stimulating?Factor?1	3	ChEMBL	"3LCO,4DKD,4LIQ,6IG8"			
Nc1n[nH]c2nccc(-c3ccc(NC(=O)Nc4cccc(c4)C(F)(F)F)cc3)c12	Colony Stimulating?Factor?1	3	ChEMBL	"3LCO,4DKD,4LIQ,6IG8"			
CN(C)CCc1ccc(Nc2ncc3c(n2)n(cc(C(N)=O)c3=O)-c2ccc3CCCc3c2)cc1	Colony Stimulating?Factor?1	3	ChEMBL	"3LCO,4DKD,4LIQ,6IG8"			
CCn1cc(NC(=O)Cc2ccc(Oc3ccnc4cc(OC)c(OC)cc34)cc2OC)cn1	Colony Stimulating?Factor?1	3	ChEMBL	"3LCO,4DKD,4LIQ,6IG8"			
COc1cc(Cn2cnc3cc(cnc23)-c2cnn(c2)C2CCNCC2)ccc1OCc1ccc(C)nc1	Colony Stimulating?Factor?1	3	US Patent	"3LCO,4DKD,4LIQ,6IG8"			
COc1ccc(COc2ccc(Cn3cnc4cc(cnc34)-n3cc(nn3)C3CCCNC3)cc2OC)cn1	Colony Stimulating?Factor?1	3	US Patent	"3LCO,4DKD,4LIQ,6IG8"			
COc1ccc(COc2ccc(Cn3c(N)nc4cc(cnc34)-c3cnn(C)c3)cc2OC)cn1	Colony Stimulating?Factor?1	3	US Patent	"3LCO,4DKD,4LIQ,6IG8"			
COc1cc(Cn2c(N)nc3cc(cnc23)-c2cnn(C)c2)ccc1OCc1ccc(nc1)C1CC1	Colony Stimulating?Factor?1	3	US Patent	"3LCO,4DKD,4LIQ,6IG8"			
COc1cc(Cn2cnc3cc(cnc23)-c2cnn(c2)C2CCNCC2)ccc1OCc1ccc(C)nc1	Colony Stimulating?Factor?1	3	US Patent	"3LCO,4DKD,4LIQ,6IG8"			
COc1ccc(COc2ccc(Cn3cnc4cc(cnc34)-n3cc(nn3)C3CCCNC3)cc2OC)cn1	Colony Stimulating?Factor?1	3	US Patent	"3LCO,4DKD,4LIQ,6IG8"			
COc1ccc(COc2ccc(Cn3c(N)nc4cc(cnc34)-c3cnn(C)c3)cc2OC)cn1	Colony Stimulating?Factor?1	3	US Patent	"3LCO,4DKD,4LIQ,6IG8"			
COc1cc(Cn2c(N)nc3cc(cnc23)-c2cnn(C)c2)ccc1OCc1ccc(nc1)C1CC1	Colony Stimulating?Factor?1	3	US Patent	"3LCO,4DKD,4LIQ,6IG8"			
CCC(=O)N1CC[C@@H](C1)N1C(=O)N(Cc2cnc(Nc3ccc(N4CCN(CC4)C4COC4)c(C)c3)nc12)c1cc(OC)ccc1Cl	Colony Stimulating?Factor?1	3	ChEMBL	"3LCO,4DKD,4LIQ,6IG8"			
Cc1ccc(F)c(NC(=O)Nc2ccc(cc2)-c2cccc3[nH]nc(N)c23)c1	Colony Stimulating?Factor?1	3	ChEMBL	"3LCO,4DKD,4LIQ,6IG8"			
COc1ccc(COc2ccc(Cc3cnc(N)nc3N)cc2OC)cc1	Colony Stimulating?Factor?1	3	ChEMBL	"3LCO,4DKD,4LIQ,6IG8"			
Cc1ccc(cc1C#Cc1cc(cnc1N)-c1cnn(C)c1)C(=O)Nc1ccc(cc1)C(F)(F)F	Colony Stimulating?Factor?1	3	ChEMBL	"3LCO,4DKD,4LIQ,6IG8"			
COc1ccc(cc1)C1COc2cc(Cn3cnc4cc(cnc34)-c3cnn(C)c3)ccc2O1	Colony Stimulating?Factor?1	3	US Patent	"3LCO,4DKD,4LIQ,6IG8"			
COc1ccc(cn1)C1COc2cc(Cc3cnn4cc(cnc34)N3CCOCC3)cc(OC)c2O1	Colony Stimulating?Factor?1	3	US Patent	"3LCO,4DKD,4LIQ,6IG8"			
COc1cnc2c(Cc3cc(OC)c4OC(COc4c3)c3ccc(OC)nc3)cnn2c1	Colony Stimulating?Factor?1	3	US Patent	"3LCO,4DKD,4LIQ,6IG8"			
COc1ccc(cn1)C1COc2cc(Cc3cnc4cc(cnn34)C#CC(C)(C)N)cc(OC)c2O1	Colony Stimulating?Factor?1	3	US Patent	"3LCO,4DKD,4LIQ,6IG8"			
COc1ccc(cn1)C1COc2cc(Cc3cnc4cc(cnn34)N3CCOCC3)cc(OC)c2O1	Colony Stimulating?Factor?1	3	US Patent	"3LCO,4DKD,4LIQ,6IG8"			
COc1ccc(cn1)C1COc2cc(Cc3c[nH]c4ncccc34)cc(OC)c2O1	Colony Stimulating?Factor?1	3	US Patent	"3LCO,4DKD,4LIQ,6IG8"			
CCc1ccc(cn1)C1COc2cc(Cc3cnn4cc(OC)cnc34)cc(OC)c2O1	Colony Stimulating?Factor?1	3	US Patent	"3LCO,4DKD,4LIQ,6IG8"			
COc1ccc(COc2ccc(Cn3cnc4cc(cnc34)C#CC3CCNC3)cc2OC)cn1	Colony Stimulating?Factor?1	3	US Patent	"3LCO,4DKD,4LIQ,6IG8"			
CC(C)N1CCc2ccc(Nc3ncc(F)c(n3)-c3cc(F)c4OCCN(C(C)C)c4c3)cc2C1	Colony Stimulating?Factor?1	3	US Patent	"3LCO,4DKD,4LIQ,6IG8"			
CC(C)N1CCOc2c(F)cc(cc12)-c1nc(Nc2ccn(C3CCNCC3)c(=O)c2)ncc1F	Colony Stimulating?Factor?1	3	US Patent	"3LCO,4DKD,4LIQ,6IG8"			
COc1cc(Cn2cnc3cc(cnc23)-c2cnn(c2)C2CCNCC2)ccc1OCc1ccc(C)nc1	Colony Stimulating?Factor?1	3	US Patent	"3LCO,4DKD,4LIQ,6IG8"			
COc1ccc(COc2ccc(Cn3cnc4cc(cnc34)-n3cc(nn3)C3CCCNC3)cc2OC)cn1	Colony Stimulating?Factor?1	3	US Patent	"3LCO,4DKD,4LIQ,6IG8"			
COc1ccc(COc2ccc(Cn3c(N)nc4cc(cnc34)-c3cnn(C)c3)cc2OC)cn1	Colony Stimulating?Factor?1	3	US Patent	"3LCO,4DKD,4LIQ,6IG8"			
COc1cc(Cn2c(N)nc3cc(cnc23)-c2cnn(C)c2)ccc1OCc1ccc(nc1)C1CC1	Colony Stimulating?Factor?1	3	US Patent	"3LCO,4DKD,4LIQ,6IG8"			
Cc1ccc(cc1C#Cc1cc(cnc1N)-c1cnn(C)c1)C(=O)Nc1ccc(cc1)C(F)(F)F	Colony Stimulating?Factor?1	3	ChEMBL	"3LCO,4DKD,4LIQ,6IG8"			
Cc1[nH]c(\C=C2/C(=O)Nc3cc(NC(=O)Nc4cc(on4)C(C)(C)C)ccc23)c(C)c1NC(=O)CCNC1CCCC1	Colony Stimulating?Factor?1	3	ChEMBL	"3LCO,4DKD,4LIQ,6IG8"			
CC(C)Nc1ncc(-c2ccc(Oc3ccnc(c3)-c3cnn(C)c3)c(C)n2)c(=O)n1C	Colony Stimulating?Factor?1	3	ChEMBL	"3LCO,4DKD,4LIQ,6IG8"			
Cc1nc(NC(=O)NC(=O)C2CCC2)ccc1Oc1ccnc(c1)-c1cnn(C)c1	Colony Stimulating?Factor?1	3	ChEMBL	"3LCO,4DKD,4LIQ,6IG8"			
COc1cc(Oc2ccc3ncc(N)c(=O)n3c2)cnc1OCc1ccc(cc1)-n1cccn1	Colony Stimulating?Factor?1	3	US Patent	"3LCO,4DKD,4LIQ,6IG8"			
COc1ccc(COc2ncc(Oc3ccc4ncc(N)c(=O)n4c3)cc2OC)cc1	Colony Stimulating?Factor?1	3	US Patent	"3LCO,4DKD,4LIQ,6IG8"			
Cn1cc(cn1)-c1cc(Oc2cnc3O[C@@H](COc3c2)c2ccc(nc2)C2CC2)ccn1	Colony Stimulating?Factor?1	3	US Patent	"3LCO,4DKD,4LIQ,6IG8"			
COc1ccc(cn1)[C@@H]1COc2cc(Oc3ccnc(c3)-c3cnn(C)c3)cnc2O1	Colony Stimulating?Factor?1	3	US Patent	"3LCO,4DKD,4LIQ,6IG8"			
Cc1cnc2ccc(Oc3cnc4O[C@@H](COc4c3)c3ccc(nc3)C3CC3)cn2c1=O	Colony Stimulating?Factor?1	3	US Patent	"3LCO,4DKD,4LIQ,6IG8"			
CN(Cc1cccc(C)c1)c1ncnc2[nH]c(cc12)-c1ccc(cc1)C(F)F	Colony Stimulating?Factor?1	3	ChEMBL	"4LIQ,6T2W,4DKD"			
CN(Cc1cccc(C)c1)c1ncnc2[nH]c(cc12)-c1ccc(CO)cc1	Colony Stimulating?Factor?1	3	ChEMBL	"4LIQ,6T2W,4DKD"			
CN(Cc1cccc(C)c1)c1ncnc2[nH]c(cc12)-c1cccnc1	Colony Stimulating?Factor?1	3	ChEMBL	"4LIQ,6T2W,4DKD"			
CN(Cc1cccc(C)c1)c1ncnc2[nH]c(cc12)-c1ccc(cc1)C(O)=O	Colony Stimulating?Factor?1	3	ChEMBL	"4LIQ,6T2W,4DKD"			
CN(Cc1cccc(C)c1)c1ncnc2[nH]c(cc12)-c1ccc(C(O)=O)c(F)c1	Colony Stimulating?Factor?1	3	ChEMBL	"4LIQ,6T2W,4DKD"			
CN(Cc1cccc(C)c1)c1ncnc2[nH]c(cc12)-c1ccc(CCCCC(O)=O)cc1	Colony Stimulating?Factor?1	3	ChEMBL	"4LIQ,6T2W,4DKD"			
CN(Cc1cccc(C)c1)c1ncnc2[nH]c(cc12)-c1ccc(cc1)S(N)(=O)=O	Colony Stimulating?Factor?1	3	ChEMBL	"4LIQ,6T2W,4DKD"			
CN(Cc1cccc(C)c1)c1ncnc2[nH]c(cc12)-c1cccc(c1)C(O)=O	Colony Stimulating?Factor?1	3	ChEMBL	"4LIQ,6T2W,4DKD"			
CN(Cc1cccc(C)c1)c1ncnc2[nH]c(cc12)-c1ccc(cc1)C(O)=O	Colony Stimulating?Factor?1	3	ChEMBL	"4LIQ,6T2W,4DKD"			
CN(Cc1cccc(C)c1)c1ncnc2[nH]c(cc12)-c1ccc(C(O)=O)c(F)c1	Colony Stimulating?Factor?1	3	ChEMBL	"4LIQ,6T2W,4DKD"			
CN(Cc1cccc(C)c1)c1ncnc2[nH]c(cc12)-c1ccc(cc1)S(N)(=O)=O	Colony Stimulating?Factor?1	3	ChEMBL	"4LIQ,6T2W,4DKD"			
CN(C)c1ccc(c2CNC(=O)c12)-c1cnc(NCc2ccc(nc2)C(F)(F)F)cc1C	Colony Stimulating?Factor?1	3.06	US Patent	"3LCO,4DKD,4LIQ,6IG8"			
CS(=O)(=O)CCN1CCC(CC1)c1ccc(NC(=O)c2ncc([nH]2)C#N)c(c1)C1=CCCCC1	Colony Stimulating?Factor?1	3.1	ChEMBL	4EXP			
O=C(Cc1cccnc1)N1CCC(CC1)c1ccc(NC(=O)c2ncc([nH]2)C#N)c(c1)C1=CCCCC1	Colony Stimulating?Factor?1	3.1	ChEMBL	4EXP			
CN[C@@H]1C[C@H]2O[C@@](C)([C@@H]1OC)n1c3ccccc3c3c4CNC(=O)c4c4c5ccccc5n2c4c13	Colony Stimulating?Factor?1	3.1	ChEMBL	"3LCO,4DKD,4LIQ,6IG8"			
Cc1[nH]c(\C=C2/C(=O)Nc3cc(NC(=O)Nc4cc(on4)C(C)(C)C)ccc23)c(C)c1NC(=O)C1CCNCC1	Colony Stimulating?Factor?1	3.1	ChEMBL	"3LCO,4DKD,4LIQ,6IG8"			
O=C(Nc1ccc(cc1C1=CCCCC1)C1CCN(CCN2CCOCC2)CC1)c1ncc([nH]1)C#N	Colony Stimulating?Factor?1	3.2	ChEMBL	4EXP			
O=C(CCN1CCOCC1)N1CCC(CC1)c1ccc(NC(=O)c2ncc([nH]2)C#N)c(c1)C1=CCCCC1	Colony Stimulating?Factor?1	3.2	ChEMBL	4EXP			
CCNC(=O)c1cn(-c2ccc3CCCc3c2)c2nc(Nc3ccc(CCN4CCN(C)CC4)cc3)ncc2c1=O	Colony Stimulating?Factor?1	3.2	Curated from the literature by BindingDB	"4LIQ,6T2W,4DKD"			
O=C(Nc1ccc(CCS(=O)(=O)N2CCOCC2)cc1C1=CCCCC1)c1ncc([nH]1)C#N |t:22|	Colony Stimulating?Factor?1	3.2	US Patent	4EXP			
C[C@H]1C[C@@](O)(C[C@@H](C)O1)c1ccc(NC(=O)c2nc(c[nH]2)C#N)c(c1)C1=CCC(C)(C)CC1	Colony Stimulating?Factor?1	3.2	US Patent	4EXP			
C[C@H]1CC(O)(C[C@@H](C)O1)c1ccc(NC(=O)c2nc(c[nH]2)C#N)c(n1)C1=CCC(C)(C)CC1	Colony Stimulating?Factor?1	3.2	US Patent	4EXP			
O=C(Nc1ccc(CN2CCOCC2)cc1C1=CCCCC1)c1ncc([nH]1)C#N	Colony Stimulating?Factor?1	3.2	ChEMBL	"3LCO,4DKD,4LIQ,6IG8"			
CC1(C)CCC(=CC1)c1nc(ccc1NC(=O)c1nc(c[nH]1)C#N)C1CC(C)(C)OC(C)(C)C1	Colony Stimulating?Factor?1	3.2	ChEMBL	"3LCO,4DKD,4LIQ,6IG8"			
CC1(C)CCC(=CC1)c1nc(ccc1NC(=O)c1nc(c[nH]1)C#N)C1CC(C)(C)OC(C)(C)C1	Colony Stimulating?Factor?1	3.2	ChEMBL	"3LCO,4DKD,4LIQ,6IG8"			
Cc1nc(NC(=O)NC(=O)CC2CCCCC2)ccc1Oc1ccnc(c1)-c1cnn(C)c1	Colony Stimulating?Factor?1	3.2	ChEMBL	"3LCO,4DKD,4LIQ,6IG8"			
NC(=O)N1CCC(CC1)c1ccc(NC(=O)c2ncc([nH]2)C#N)c(c1)C1=CCCCC1	Colony Stimulating?Factor?1	3.3	ChEMBL	"3LCO,4DKD,4LIQ,6IG8"			
CC(C)(N1CCS(=O)(=O)CC1)c1ccc(NC(=O)c2ncc([nH]2)C#N)c(c1)C1=CCC(C)(C)CC1 |t:30|	Colony Stimulating?Factor?1	3.3	US Patent	4EXP			
Cn1cc(cn1)-c1cnc2c(cnn2c1)-c1csc(c1)C(=O)N[C@@H]1CCCC[C@@H]1N	Colony Stimulating?Factor?1	3.3	ChEMBL	"3LCO,4DKD,4LIQ,6IG8"			
CC1(OCCO1)c1ccc(NC(=O)c2ncc([nH]2)C#N)c(c1)C1=CCCCC1 |t:25|	Colony Stimulating?Factor?1	3.4	US Patent	4EXP			
CC1(C)CCC(=CC1)c1cc(ccc1NC(=O)c1nc(c[nH]1)C#N)[C@]1(O)CC[C@@H](CC1)N1CCOCC1	Colony Stimulating?Factor?1	3.4	US Patent	4EXP			
CCC(=O)N1CC[C@@H](C1)N1C(=O)N(Cc2cnc(Nc3ccc(N4CCN(CC4)C4COC4)c(C)c3)nc12)c1cc(OC)ccc1F	Colony Stimulating?Factor?1	3.4	ChEMBL	"3LCO,4DKD,4LIQ,6IG8"			
Cc1[nH]c(\C=C2/C(=O)Nc3cc(NC(=O)Nc4cc(on4)C(C)(C)C)ccc23)c(C)c1NC(=O)[C@H]1CCCN1	Colony Stimulating?Factor?1	3.4	ChEMBL	"3LCO,4DKD,4LIQ,6IG8"			
CCN(CC)CC(=O)Nc1c(C)[nH]c(\C=C2/C(=O)Nc3cc(NC(=O)Nc4cc(on4)C(C)(C)C)ccc23)c1C	Colony Stimulating?Factor?1	3.4	ChEMBL	"3LCO,4DKD,4LIQ,6IG8"			
Cc1[nH]c(\C=C2/C(=O)Nc3cc(NC(=O)Nc4cc(on4)C(C)(C)C)ccc23)c(C)c1NC(=O)CCNC(C)(C)C	Colony Stimulating?Factor?1	3.4	ChEMBL	"3LCO,4DKD,4LIQ,6IG8"			
Nc1ncc(-c2cnn(CCO)c2)c2scc(-c3ccc(NC(=O)Nc4cccc(F)c4)cc3)c12	Colony Stimulating?Factor?1	3.42	US Patent	"4LIQ,6T2W,4DKD"			
CNc1ccc(c2CNC(=O)c12)-c1cnc(Nc2ccc(OC3CC3)nn2)cc1C	Colony Stimulating?Factor?1	3.43	US Patent	"3LCO,4DKD,4LIQ,6IG8"			
"COC(=O)N1[C@]2(C)C[C@@](O)(C[C@@]1(C)C=C2)c1ccc(NC(=O)c2ncc([nH]2)C#N)c(c1)C1=CCC(C)(C)CC1 |r,c:14,t:35,TLB:2:4:8.7.10:13.14|"	Colony Stimulating?Factor?1	3.5	US Patent	4EXP			
CC(C)(CN1CCS(=O)(=O)CC1)c1ccc(NC(=O)c2ncc([nH]2)C#N)c(c1)C1=CCC(C)(C)CC1 |t:31|	Colony Stimulating?Factor?1	3.5	US Patent	4EXP			
CC(C)(CN1CCS(=O)(=O)CC1)c1ccc(NC(=O)c2ncc([nH]2)C#N)c(c1)C1=CCC(C)(C)CC1	Colony Stimulating?Factor?1	3.5	ChEMBL	"3LCO,4DKD,4LIQ,6IG8"			
CC(C)(N1CCS(=O)(=O)CC1)c1ccc(NC(=O)c2ncc([nH]2)C#N)c(c1)C1=CCC(C)(C)CC1	Colony Stimulating?Factor?1	3.5	ChEMBL	"3LCO,4DKD,4LIQ,6IG8"			
O=C(Nc1ccc(CCS(=O)(=O)N2CCOCC2)cc1C1=CCCCC1)c1ncc([nH]1)C#N	Colony Stimulating?Factor?1	3.5	ChEMBL	"3LCO,4DKD,4LIQ,6IG8"			
COc1cc(NC(=O)c2ccc(C)c(c2)C#Cc2cc(cnc2N)C(N)=O)cc(OC)c1	Colony Stimulating?Factor?1	3.5	ChEMBL	"3LCO,4DKD,4LIQ,6IG8"			
Cc1nc(NC(=O)NC(=O)C2(C)CC2)ccc1Oc1ccnc(c1)-c1cnn(C)c1	Colony Stimulating?Factor?1	3.5	ChEMBL	"3LCO,4DKD,4LIQ,6IG8"			
CN(Cc1cccc(F)c1)c1ncnc2[nH]c(nc12)-c1ccc(CO)cc1	Colony Stimulating?Factor?1	3.5	ChEMBL	"4LIQ,6T2W,4DKD"			
O=C(Nc1ccc(CCS(=O)(=O)N2CCOCC2)cc1C1=CCCCC1)c1ncc([nH]1)C#N |t:22|	Colony Stimulating?Factor?1	3.6	US Patent	4EXP			
OC(=O)C1(CCOCC1)c1ccc(NC(=O)c2nc(c[nH]2)C#N)c(c1)C1=CCCCC1	Colony Stimulating?Factor?1	3.6	US Patent	4EXP			
NC(=O)c1ccc(NC(=O)c2ncc([nH]2)C#N)c(c1)C1=CCCCC1	Colony Stimulating?Factor?1	3.6	ChEMBL	"3LCO,4DKD,4LIQ,6IG8"			
Cc1nc(ccc1Oc1ccnc(c1)-c1cnn(C)c1)-c1cnc(NC2CC2)[nH]c1=O	Colony Stimulating?Factor?1	3.6	ChEMBL	"3LCO,4DKD,4LIQ,6IG8"			
O=C(Nc1ccc(CCS(=O)(=O)N2CCOCC2)cc1C1=CCCCC1)c1ncc([nH]1)C#N |t:22|	Colony Stimulating?Factor?1	3.7	US Patent	4EXP			
CC1(C)CCC(=CC1)c1nc(ccc1NC(=O)c1nc(c[nH]1)C#N)C1(O)CCOCC1	Colony Stimulating?Factor?1	3.7	US Patent	4EXP			
CC(C)(O)Cc1ccc(NC(=O)c2ncc([nH]2)C#N)c(c1)C1=CCCCC1	Colony Stimulating?Factor?1	3.7	ChEMBL	"3LCO,4DKD,4LIQ,6IG8"			
CC1(C)CCC(=CC1)c1cc(ccc1NC(=O)c1ncc([nH]1)C#N)-c1nnn[nH]1	Colony Stimulating?Factor?1	3.7	ChEMBL	"3LCO,4DKD,4LIQ,6IG8"			
CCN1CCN(Cc2ccc(NC(=O)Nc3ccc(cc3)C3=Nc4cscc4NC(=O)C3)cc2C(F)(F)F)CC1	Colony Stimulating?Factor?1	3.7	ChEMBL	"3LCO,4DKD,4LIQ,6IG8"			
CC(C)Nc1ncc(-c2ccc(Oc3ccnc(c3)-c3cnn(C)c3)c(C)n2)c(=O)n1C	Colony Stimulating?Factor?1	3.7	ChEMBL	"3LCO,4DKD,4LIQ,6IG8"			
Cc1cc(NC(=O)NC(=O)Cc2ccc(F)cc2)ncc1Oc1ccnc(c1)-c1cnn(C)c1	Colony Stimulating?Factor?1	3.7	ChEMBL	"3LCO,4DKD,4LIQ,6IG8"			
CN(Cc1ccccc1)c1ncnc2[nH]c(cc12)-c1cccc(OCC2OCCO2)c1	Colony Stimulating?Factor?1	3.7	ChEMBL	"4LIQ,6T2W,4DKD"			
CN(Cc1ccccc1)c1ncnc2[nH]c(cc12)-c1ccc(CO)c(F)c1	Colony Stimulating?Factor?1	3.7	ChEMBL	"4LIQ,6T2W,4DKD"			
CNc1ccc(c2CNC(=O)c12)-c1cnc(Nc2ncc(cn2)C2CC2)cc1C	Colony Stimulating?Factor?1	3.78	US Patent	"3LCO,4DKD,4LIQ,6IG8"			
O=C(CN1CCOCC1)N1CCC(CC1)c1ccc(NC(=O)c2ncc([nH]2)C#N)c(c1)C1=CCCCC1	Colony Stimulating?Factor?1	3.8	ChEMBL	"3LCO,4DKD,4LIQ,6IG8"			
Cc1[nH]c(\C=C2/C(=O)Nc3cc(NC(=O)Nc4cc(on4)C(C)(C)C)ccc23)c(C)c1NC(=O)CNC1CCCC1	Colony Stimulating?Factor?1	3.8	ChEMBL	"3LCO,4DKD,4LIQ,6IG8"			
Cc1nc(NC(=O)NC(=O)C2CCCC2)ccc1Oc1ccnc(c1)-c1cnn(C)c1	Colony Stimulating?Factor?1	3.8	ChEMBL	"3LCO,4DKD,4LIQ,6IG8"			
CN(Cc1cccnc1)c1ncnc2[nH]c(nc12)-c1ccc(CO)cc1	Colony Stimulating?Factor?1	3.8	ChEMBL	"4LIQ,6T2W,4DKD"			
COc1cc(OC)c(Cl)c(c1Cl)-c1ccc2c(NC(=O)c3ccc(cc3)N3CCNC(C)(C)C3)n[nH]c2n1	Colony Stimulating?Factor?1	3.8	ChEMBL	"3LCO,4DKD,4LIQ,6IG8"			
"OC(=O)C=Cc1ccc(NC(=O)c2ncc([nH]2)C#N)c(c1)C1=CCCCC1 |w:4.4,t:23|"	Colony Stimulating?Factor?1	3.9	US Patent	4EXP			
C=C(CN1CCOCC1)c1ccc(NC(=O)c2ncc([nH]2)C#N)c(c1)C1=CCCCC1 |t:28|	Colony Stimulating?Factor?1	3.9	US Patent	4EXP			
CC1(OCCCO1)c1ccc(NC(=O)c2ncc([nH]2)C#N)c(c1)C1=CCCCC1 |t:26|	Colony Stimulating?Factor?1	3.9	US Patent	4EXP			
OC1(CCSCC1)c1ccc(NC(=O)c2nc(c[nH]2)C#N)c(c1)C1=CCCCC1	Colony Stimulating?Factor?1	3.9	US Patent	4EXP			
Cc1ccc(cc1NC(=O)C1(CC1)c1ncnc2[nH]cnc12)C(=O)Nc1ccc(Cl)c(c1)C(F)(F)F	Colony Stimulating?Factor?1	3.9	ChEMBL	"3LCO,4DKD,4LIQ,6IG8"			
Cc1nc(NC(=O)NC(=O)C2CCCCC2)ccc1Oc1ccnc(c1)-c1cnn(C)c1	Colony Stimulating?Factor?1	3.9	ChEMBL	"3LCO,4DKD,4LIQ,6IG8"			
CC(C)(N)C(=O)N1CCC(CC1)c1ccc(NC(=O)c2ncc([nH]2)C#N)c(c1)C1=CCCCC1	Colony Stimulating?Factor?1	4	ChEMBL	4EXP			
C[C@H](Nc1cncc(Cl)n1)c1cccc(NC(=O)c2cncc(Br)c2)c1 |r|	Colony Stimulating?Factor?1	4	Curated from the literature by BindingDB	"4LIQ,6T2W,4DKD"			
COc1ccc(COc2ccc(Cn3c(N)nc4cc(ccc34)-c3cncnc3)cc2OC)cc1	Colony Stimulating?Factor?1	4	US Patent	"4LIQ,6T2W,4DKD"			
COc1ccc(COc2ccc(Cn3c(N)nc4cc(ccc34)-c3cnn(CCN4CCOCC4)c3)cc2OC)cc1	Colony Stimulating?Factor?1	4	US Patent	"4LIQ,6T2W,4DKD"			
CC(=O)c1ccc(Nc2nccc3c(NC(=O)c4csc5c(N)ncnc45)c(C)ccc23)cc1	Colony Stimulating?Factor?1	4	US Patent	"4LIQ,6T2W,4DKD"			
CN1CCN(CC1)C1(CCOCC1)c1ccc(NC(=O)c2ncc([nH]2)C#N)c(c1)C1=CCC(C)(C)CC1	Colony Stimulating?Factor?1	4	US Patent	4EXP			
Cc1cccc(NC(=O)Nc2ccc(cc2)-c2cnc3c(ccn3c2N)-c2cnn(C)c2)c1	Colony Stimulating?Factor?1	4	ChEMBL	"3LCO,4DKD,4LIQ,6IG8"			
Cc1ncc(NC(=O)c2cc(NC(=O)c3cc(C)cc(C)c3)ccc2C)s1	Colony Stimulating?Factor?1	4	ChEMBL	"3LCO,4DKD,4LIQ,6IG8"			
Cc1ncc(NC(=O)c2cc(NC(=O)c3cccc(Cl)c3)ccc2Cl)s1	Colony Stimulating?Factor?1	4	ChEMBL	"3LCO,4DKD,4LIQ,6IG8"			
CN1CCN(Cc2ccc(cc2)C(=O)Nc2ccc(C)c(c2)-c2ccc3ccncc3c2)CC1	Colony Stimulating?Factor?1	4	ChEMBL	"3LCO,4DKD,4LIQ,6IG8"			
NC(=O)c1cn(-c2ccc3CCCc3c2)c2nc(Nc3cccc(c3)C(=O)N3CCCCC3)ncc2c1=O	Colony Stimulating?Factor?1	4	ChEMBL	"3LCO,4DKD,4LIQ,6IG8"			
CCc1cc(NC(=O)Cc2ccc(Oc3ccnc4cc(OC)ccc34)cc2OC)no1	Colony Stimulating?Factor?1	4	ChEMBL	"3LCO,4DKD,4LIQ,6IG8"			
COc1ccc(COc2ccc(Cn3c(N)nc4cc(ccc34)-c3cncnc3)cc2OC)cc1	Colony Stimulating?Factor?1	4	US Patent	"3LCO,4DKD,4LIQ,6IG8"			
COc1ccc(COc2ccc(Cn3c(N)nc4cc(ccc34)-c3cnn(CCN4CCOCC4)c3)cc2OC)cc1	Colony Stimulating?Factor?1	4	US Patent	"3LCO,4DKD,4LIQ,6IG8"			
COc1ccc(COc2ccc(Cn3c(N)nc4cc(ccc34)-c3cncnc3)cc2OC)cc1	Colony Stimulating?Factor?1	4	US Patent	"3LCO,4DKD,4LIQ,6IG8"			
COc1ccc(COc2ccc(Cn3c(N)nc4cc(ccc34)-c3cnn(CCN4CCOCC4)c3)cc2OC)cc1	Colony Stimulating?Factor?1	4	US Patent	"3LCO,4DKD,4LIQ,6IG8"			
CN1CCN(Cc2ccc(cc2C(F)(F)F)C(=O)Nc2ccc(C)c(NC(=O)c3cccc(c3)-c3cccnc3)c2)CC1	Colony Stimulating?Factor?1	4	ChEMBL	"3LCO,4DKD,4LIQ,6IG8"			
CC(=O)c1ccc(Nc2nccc3c(NC(=O)c4csc5c(N)ncnc45)c(C)ccc23)cc1	Colony Stimulating?Factor?1	4	US Patent	"3LCO,4DKD,4LIQ,6IG8"			
COc1cc(OCc2ccnc(NC(C)=O)c2)cc2sc(N[C@@H]3CCCC[C@H]3O)nc12	Colony Stimulating?Factor?1	4	ChEMBL	"3LCO,4DKD,4LIQ,6IG8"			
Nc1nccc(COc2ccc3nc(NC4CCCCC4)sc3c2)c1Cl	Colony Stimulating?Factor?1	4	ChEMBL	"3LCO,4DKD,4LIQ,6IG8"			
COc1cc(OCc2ccnc(N)c2Cl)cc2sc(N[C@@H]3CCCC[C@H]3O)nc12	Colony Stimulating?Factor?1	4	ChEMBL	"3LCO,4DKD,4LIQ,6IG8"			
COc1ccc(cc1)[C@@H]1COc2cc(Cn3cnc4cc(cnc34)C#CC(C)(C)N)ccc2O1	Colony Stimulating?Factor?1	4	US Patent	"3LCO,4DKD,4LIQ,6IG8"			
COc1ccc(cc1)[C@H]1COc2cc(Cn3cnc4cc(cnc34)C#CC(C)(C)N)ccc2O1	Colony Stimulating?Factor?1	4	US Patent	"3LCO,4DKD,4LIQ,6IG8"			
COc1ccc(cn1)C1COc2cc(Cc3cnc4cc(cnn34)C#CC(C)(C)N)ccc2O1	Colony Stimulating?Factor?1	4	US Patent	"3LCO,4DKD,4LIQ,6IG8"			
COc1ccc(cn1)[C@H]1COc2cc(Cn3cnc4cc(cnc34)C(F)F)cc(OC)c2O1	Colony Stimulating?Factor?1	4	US Patent	"3LCO,4DKD,4LIQ,6IG8"			
COC1CN(C1)c1cnc2c(Cc3cc(OC)c4OC(COc4c3)c3ccc(OC)nc3)cnn2c1	Colony Stimulating?Factor?1	4	US Patent	"3LCO,4DKD,4LIQ,6IG8"			
CC(C)N1CCOc2c(F)cc(cc12)-c1nc(Nc2ccc3CN(CCc3c2)C(=O)CN(C)C)ncc1F	Colony Stimulating?Factor?1	4	US Patent	"3LCO,4DKD,4LIQ,6IG8"			
COc1ccc(COc2ccc(Cn3c(N)nc4cc(ccc34)-c3cncnc3)cc2OC)cc1	Colony Stimulating?Factor?1	4	US Patent	"3LCO,4DKD,4LIQ,6IG8"			
COc1ccc(COc2ccc(Cn3c(N)nc4cc(ccc34)-c3cnn(CCN4CCOCC4)c3)cc2OC)cc1	Colony Stimulating?Factor?1	4	US Patent	"3LCO,4DKD,4LIQ,6IG8"			
CCS(=O)(=O)N1CCN(CC1)c1ccc(Nc2ncc(C(N)=O)c(NC3CC3)n2)cc1	Colony Stimulating?Factor?1	4	ChEMBL	"4LIQ,6T2W,4DKD"			
COc1cc(Oc2ccc3ncc(C)c(=O)n3c2)cnc1OCc1ccccc1	Colony Stimulating?Factor?1	4	US Patent	"3LCO,4DKD,4LIQ,6IG8"			
COc1cc(Oc2ccc3ncc(C)c(=O)n3c2)cnc1OCc1ccc(C)cc1	Colony Stimulating?Factor?1	4	US Patent	"3LCO,4DKD,4LIQ,6IG8"			
Cc1cnc2ccc(Oc3cnc4O[C@H](COc4c3)c3ccc(nc3)C3CC3)cn2c1=O	Colony Stimulating?Factor?1	4	US Patent	"3LCO,4DKD,4LIQ,6IG8"			
COC(=O)c1ccc(cc1)-c1cc2c(ncnc2[nH]1)N(C)Cc1cccc(C)c1	Colony Stimulating?Factor?1	4	ChEMBL	"4LIQ,6T2W,4DKD"			
CCN(CC)CCNC(=O)c1c(C)[nH]c(\C=C2/C(=O)Nc3cc(NC(=O)Nc4cc(on4)C(C)(C)C)ccc23)c1C	Colony Stimulating?Factor?1	4.1	ChEMBL	"3LCO,4DKD,4LIQ,6IG8"			
Cc1nc(NC(=O)NC(=O)C(C)(C)C)ccc1Oc1ccnc(c1)-c1cnn(C)c1	Colony Stimulating?Factor?1	4.1	ChEMBL	"3LCO,4DKD,4LIQ,6IG8"			
CNc1ccc(c2CNC(=O)c12)-c1cnc(Nc2ccc(OC3CC3)cn2)cc1C	Colony Stimulating?Factor?1	4.15	US Patent	"3LCO,4DKD,4LIQ,6IG8"			
Fc1ccc2NC(=O)C(=C3/Nc4ccccc4/C/3=NOCCN3CCNCC3)c2c1	Colony Stimulating?Factor?1	4.2	ChEMBL	"4LIQ,6T2W,4DKD"			
COc1ccccc1CN(C)c1ncnc2[nH]c(nc12)-c1ccc(CO)cc1	Colony Stimulating?Factor?1	4.2	ChEMBL	"4LIQ,6T2W,4DKD"			
O=C(Nc1ccc(cc1C1=CCCCC1)C1CCN(CC1)C(=O)c1cccnc1)c1ncc([nH]1)C#N	Colony Stimulating?Factor?1	4.4	ChEMBL	4EXP			
OCCNCC(=O)N1CCC(CC1)c1ccc(NC(=O)c2ncc([nH]2)C#N)c(c1)C1=CCCCC1	Colony Stimulating?Factor?1	4.4	ChEMBL	4EXP			
CC(=O)OCC(COC(C)=O)c1ccc(NC(=O)c2ncc([nH]2)C#N)c(c1)C1=CCCCC1 |t:29|	Colony Stimulating?Factor?1	4.4	US Patent	4EXP			
CCC(=O)N1CC[C@@H](C1)N1C(=O)N(Cc2cnc(Nc3ccc(N4CCN(C)CC4)c(C)c3)nc12)c1cccc(OC)c1Cl	Colony Stimulating?Factor?1	4.4	ChEMBL	"3LCO,4DKD,4LIQ,6IG8"			
COc1cc(ccc1OCc1ccc(cc1)C1CC1)C1CN(C1)C(=O)c1cc(OCCN2CCN(C)CC2)ccn1	Colony Stimulating?Factor?1	4.4	ChEMBL	"3LCO,4DKD,4LIQ,6IG8"			
CC1(C)CCC(=CC1)c1cc(CCS(=O)(=O)N2CCOCC2)ccc1NC(=O)c1ncc([nH]1)C#N |c:5|	Colony Stimulating?Factor?1	4.5	US Patent	4EXP			
CC1(C)CCC(=CC1)c1cc(CCS(=O)(=O)N2CCOCC2)ccc1NC(=O)c1ncc([nH]1)C#N	Colony Stimulating?Factor?1	4.5	ChEMBL	"3LCO,4DKD,4LIQ,6IG8"			
O=C(Nc1ccc(cc1C1=CCCCC1)-c1ccncc1)c1ncc([nH]1)C#N	Colony Stimulating?Factor?1	4.5	ChEMBL	"3LCO,4DKD,4LIQ,6IG8"			
Nc1ccc(cn1)-c1ccc(NC(=O)c2ncc([nH]2)C#N)c(c1)C1=CCCCC1	Colony Stimulating?Factor?1	4.5	ChEMBL	"3LCO,4DKD,4LIQ,6IG8"			
CCC(=O)N1CC[C@@H](C1)N1C(=O)N(Cc2cnc(Nc3ccc(N4CCN(C)CC4)c(C)c3)nc12)c1cccc(OC)c1	Colony Stimulating?Factor?1	4.5	ChEMBL	"3LCO,4DKD,4LIQ,6IG8"			
CCC(=O)N1CC[C@@H](C1)N1C(=O)N(Cc2cnc(Nc3ccc(N4CCN(C)CC4)c(C)c3)nc12)c1cccc(OC)c1F	Colony Stimulating?Factor?1	4.5	ChEMBL	"3LCO,4DKD,4LIQ,6IG8"			
"CC1(C)O[C@H]2[C@@H](O1)[C@]1(C)C[C@H](C[C@@]2(C)O1)c1ccc(NC(=O)c2ncc([nH]2)C#N)c(n1)C1=CCC(C)(C)CC1 |r,t:36|"	Colony Stimulating?Factor?1	4.6	US Patent	4EXP			
Nc1ccc(CN2CCOCC2)cc1C1=CCCCC1 |t:16|	Colony Stimulating?Factor?1	4.6	US Patent	4EXP			
CC1(C)CCC(=CC1)c1cc(CCO)ccc1NC(=O)c1ncc([nH]1)C#N	Colony Stimulating?Factor?1	4.6	ChEMBL	"3LCO,4DKD,4LIQ,6IG8"			
COc1ccc(Oc2nc(Nc3ccc(cc3)N3CCOCC3)ncc2\N=C\c2cc(OC)cc(OC)c2)cc1	Colony Stimulating?Factor?1	4.6	ChEMBL	"3LCO,4DKD,4LIQ,6IG8"			
Cc1[nH]c(\C=C2/C(=O)Nc3cc(NC(=O)Nc4cc(on4)C(C)(C)C)ccc23)c(C)c1NC(=O)CN1CCCCC1	Colony Stimulating?Factor?1	4.6	ChEMBL	"3LCO,4DKD,4LIQ,6IG8"			
CN(CC1CCOC1)c1ncnc2[nH]c(nc12)-c1ccc(CO)cc1	Colony Stimulating?Factor?1	4.6	ChEMBL	"4LIQ,6T2W,4DKD"			
OCCN1CCC(CC1)c1ccc(NC(=O)c2ncc([nH]2)C#N)c(c1)C1=CCCCC1	Colony Stimulating?Factor?1	4.7	ChEMBL	4EXP			
O=C(Cc1ccncc1)N1CCC(CC1)c1ccc(NC(=O)c2ncc([nH]2)C#N)c(c1)C1=CCCCC1	Colony Stimulating?Factor?1	4.7	ChEMBL	4EXP			
CC(C)(NS(C)(=O)=O)c1ccc(NC(=O)c2ncc([nH]2)C#N)c(c1)C1=CCCCC1 |t:26|	Colony Stimulating?Factor?1	4.7	US Patent	4EXP			
CCC(=O)N1CC[C@@H](C1)N1C(=O)N(Cc2cnc(Nc3ccc(N4CCC(CC4)N(C)C)c(C)c3)nc12)c1cc(OC)ccc1F	Colony Stimulating?Factor?1	4.7	ChEMBL	"3LCO,4DKD,4LIQ,6IG8"			
Cc1nc(ccc1Oc1ccnc(c1)-c1cnn(C)c1)-c1cnc(NC2CCCC2)[nH]c1=O	Colony Stimulating?Factor?1	4.7	ChEMBL	"3LCO,4DKD,4LIQ,6IG8"			
Cn1cc(cn1)-c1cc(Oc2ccc(NC(=O)N3CCC4(CCCC(F)(F)C4)C3=O)nc2)ccn1	Colony Stimulating?Factor?1	4.7	US Patent	"3LCO,4DKD,4LIQ,6IG8"			
CNc1ccc(c2CNC(=O)c12)-c1cnc(Nc2ccc(nn2)C2CC2)cc1C	Colony Stimulating?Factor?1	4.71	US Patent	"3LCO,4DKD,4LIQ,6IG8"			
Cn1cc(cn1)-c1cc(Oc2ccc(NC(=O)N3CCC4(CNC4)C3=O)nc2)ccn1	Colony Stimulating?Factor?1	4.8	US Patent	"3LCO,4DKD,4LIQ,6IG8"			
O=C(Nc1ccc(cc1C1=CCCCC1)C1CCN(Cc2ccccn2)CC1)c1ncc([nH]1)C#N	Colony Stimulating?Factor?1	4.9	ChEMBL	4EXP			
CCC(=O)N1CC[C@@H](C1)N1C(=O)N(Cc2cnc(Nc3ccc(N4CCCN(C)CC4)c(C)c3)nc12)c1cc(OC)ccc1F	Colony Stimulating?Factor?1	4.9	ChEMBL	"3LCO,4DKD,4LIQ,6IG8"			
CN(Cc1cccc(C)c1)c1ncnc2[nH]c(cc12)-c1ccc(cc1)C(F)(F)F	Colony Stimulating?Factor?1	4.9	ChEMBL	"4LIQ,6T2W,4DKD"			
CNc1ccc(c2CNC(=O)c12)-c1cnc(Nc2ccc(OC(F)F)nc2)cc1C	Colony Stimulating?Factor?1	4.98	US Patent	"3LCO,4DKD,4LIQ,6IG8"			
CONC(=O)c1cn(C2CCCCC2)c2nc(Nc3ccc(cc3)C3CCN(C)CC3)ncc2c1=O	Colony Stimulating?Factor?1	5	Curated from the literature by BindingDB	"4LIQ,6T2W,4DKD"			
C[C@H](Nc1cncc(Cl)n1)c1cccc(NC(=O)c2cncc(C)c2)c1 |r|	Colony Stimulating?Factor?1	5	Curated from the literature by BindingDB	"4LIQ,6T2W,4DKD"			
C[C@H](Nc1cncc(Br)c1)c1cccc(NC(=O)c2cncc(C)c2)c1 |r|	Colony Stimulating?Factor?1	5	Curated from the literature by BindingDB	"4LIQ,6T2W,4DKD"			
COc1ccc(COc2ccc(Cn3cnc4cc(cnc34)N3CCC(CC3)C(C)(C)N)cc2OC)cn1	Colony Stimulating?Factor?1	5	US Patent	"4LIQ,6T2W,4DKD"			
COc1cc(Cn2c(N)nc3cc(cnc23)-c2cnn(C)c2)ccc1OCc1ccc(nc1)C(F)(F)F	Colony Stimulating?Factor?1	5	US Patent	"4LIQ,6T2W,4DKD"			
COc1cc(Cn2c(N)nc3cc(cnc23)-c2cnn(C)c2)ccc1OCc1ccc(cc1)C(F)(F)F	Colony Stimulating?Factor?1	5	US Patent	"4LIQ,6T2W,4DKD"			
COc1cc(Cn2c(N)nc3cc(cnc23)-c2cnn(C)c2)ccc1OCc1csc(C)n1	Colony Stimulating?Factor?1	5	US Patent	"4LIQ,6T2W,4DKD"			
COc1ccc(COc2ccc(Cn3c(N)nc4cc(cnc34)-c3ccn(C)n3)cc2OC)cn1	Colony Stimulating?Factor?1	5	US Patent	"4LIQ,6T2W,4DKD"			
COc1ccc(COc2ccc(Cn3c(N)nc4cc(cnc34)-c3c(C)nn(C)c3C)cc2OC)cn1	Colony Stimulating?Factor?1	5	US Patent	"4LIQ,6T2W,4DKD"			
COc1ccc(COc2ccc(Cn3c(N)nc4cc(cnc34)-c3ccccn3)cc2OC)cn1	Colony Stimulating?Factor?1	5	US Patent	"4LIQ,6T2W,4DKD"			
COc1cc(Cn2c(N)nc3cc(cnc23)-c2cnn(C)c2)ccc1OCc1ccc(nc1)C(C)C	Colony Stimulating?Factor?1	5	US Patent	"4LIQ,6T2W,4DKD"			
Clc1cccc(c1)C(=O)Nc1ccc(Cl)c(c1)C(=O)Nc1cncs1	Colony Stimulating?Factor?1	5	ChEMBL	"3LCO,4DKD,4LIQ,6IG8"			
Cc1ccc(cc1C)C(=O)Nc1ccc(Cl)c(c1)C(=O)Nc1cccnc1	Colony Stimulating?Factor?1	5	ChEMBL	"3LCO,4DKD,4LIQ,6IG8"			
Nc1ncc(NC(=O)c2cc(NC(=O)c3cccc(c3)C(F)(F)F)ccc2Cl)cc1Cl	Colony Stimulating?Factor?1	5	ChEMBL	"3LCO,4DKD,4LIQ,6IG8"			
Cc1nc(Nc2ncc(s2)C(=O)Nc2c(C)cccc2Cl)cc(n1)N1CCN(CCO)CC1	Colony Stimulating?Factor?1	5	ChEMBL	"3LCO,4DKD,4LIQ,6IG8"			
CC1CCN(CC1)c1cc(ccc1NC(=O)c1ccc(o1)C#N)C#CCN1CCOCC1	Colony Stimulating?Factor?1	5	ChEMBL	"3LCO,4DKD,4LIQ,6IG8"			
NC(=O)c1cn(-c2ccc3CCCc3c2)c2nc(Nc3ccc(cc3)N3CCNCC3)ncc2c1=O	Colony Stimulating?Factor?1	5	ChEMBL	"3LCO,4DKD,4LIQ,6IG8"			
CCn1cc(NC(=O)Cc2ccc(Oc3ccnc4cc(OC)ccc34)cc2OC)cn1	Colony Stimulating?Factor?1	5	ChEMBL	"3LCO,4DKD,4LIQ,6IG8"			
CCc1cc(NC(=O)Cc2ccc(Oc3ccnc4cc(OC)ccc34)cc2OC)[nH]n1	Colony Stimulating?Factor?1	5	ChEMBL	"3LCO,4DKD,4LIQ,6IG8"			
COc1ccc(COc2ccc(Cn3cnc4cc(cnc34)N3CCC(CC3)C(C)(C)N)cc2OC)cn1	Colony Stimulating?Factor?1	5	US Patent	"3LCO,4DKD,4LIQ,6IG8"			
COc1cc(Cn2c(N)nc3cc(cnc23)-c2cnn(C)c2)ccc1OCc1ccc(nc1)C(F)(F)F	Colony Stimulating?Factor?1	5	US Patent	"3LCO,4DKD,4LIQ,6IG8"			
COc1cc(Cn2c(N)nc3cc(cnc23)-c2cnn(C)c2)ccc1OCc1ccc(cc1)C(F)(F)F	Colony Stimulating?Factor?1	5	US Patent	"3LCO,4DKD,4LIQ,6IG8"			
COc1cc(Cn2c(N)nc3cc(cnc23)-c2cnn(C)c2)ccc1OCc1csc(C)n1	Colony Stimulating?Factor?1	5	US Patent	"3LCO,4DKD,4LIQ,6IG8"			
COc1ccc(COc2ccc(Cn3c(N)nc4cc(cnc34)-c3ccn(C)n3)cc2OC)cn1	Colony Stimulating?Factor?1	5	US Patent	"3LCO,4DKD,4LIQ,6IG8"			
COc1ccc(COc2ccc(Cn3c(N)nc4cc(cnc34)-c3c(C)nn(C)c3C)cc2OC)cn1	Colony Stimulating?Factor?1	5	US Patent	"3LCO,4DKD,4LIQ,6IG8"			
COc1ccc(COc2ccc(Cn3c(N)nc4cc(cnc34)-c3ccccn3)cc2OC)cn1	Colony Stimulating?Factor?1	5	US Patent	"3LCO,4DKD,4LIQ,6IG8"			
COc1cc(Cn2c(N)nc3cc(cnc23)-c2cnn(C)c2)ccc1OCc1ccc(nc1)C(C)C	Colony Stimulating?Factor?1	5	US Patent	"3LCO,4DKD,4LIQ,6IG8"			
COc1ccc(COc2ccc(Cn3cnc4cc(cnc34)N3CCC(CC3)C(C)(C)N)cc2OC)cn1	Colony Stimulating?Factor?1	5	US Patent	"3LCO,4DKD,4LIQ,6IG8"			
COc1cc(Cn2c(N)nc3cc(cnc23)-c2cnn(C)c2)ccc1OCc1ccc(nc1)C(F)(F)F	Colony Stimulating?Factor?1	5	US Patent	"3LCO,4DKD,4LIQ,6IG8"			
COc1cc(Cn2c(N)nc3cc(cnc23)-c2cnn(C)c2)ccc1OCc1ccc(cc1)C(F)(F)F	Colony Stimulating?Factor?1	5	US Patent	"3LCO,4DKD,4LIQ,6IG8"			
COc1cc(Cn2c(N)nc3cc(cnc23)-c2cnn(C)c2)ccc1OCc1csc(C)n1	Colony Stimulating?Factor?1	5	US Patent	"3LCO,4DKD,4LIQ,6IG8"			
COc1ccc(COc2ccc(Cn3c(N)nc4cc(cnc34)-c3ccn(C)n3)cc2OC)cn1	Colony Stimulating?Factor?1	5	US Patent	"3LCO,4DKD,4LIQ,6IG8"			
COc1ccc(COc2ccc(Cn3c(N)nc4cc(cnc34)-c3c(C)nn(C)c3C)cc2OC)cn1	Colony Stimulating?Factor?1	5	US Patent	"3LCO,4DKD,4LIQ,6IG8"			
COc1ccc(COc2ccc(Cn3c(N)nc4cc(cnc34)-c3ccccn3)cc2OC)cn1	Colony Stimulating?Factor?1	5	US Patent	"3LCO,4DKD,4LIQ,6IG8"			
COc1cc(Cn2c(N)nc3cc(cnc23)-c2cnn(C)c2)ccc1OCc1ccc(nc1)C(C)C	Colony Stimulating?Factor?1	5	US Patent	"3LCO,4DKD,4LIQ,6IG8"			
CCC(=O)N1CC[C@@H](C1)N1C(=O)N(Cc2cnc(Nc3ccc(N4CCN(C)CC4)c(C)c3)nc12)c1ccccc1Cl	Colony Stimulating?Factor?1	5	ChEMBL	"3LCO,4DKD,4LIQ,6IG8"			
COc1ccc(cc1)C1COc2cc(Cn3cnc4cc(ccc34)C#CC(C)(C)N)ccc2O1	Colony Stimulating?Factor?1	5	US Patent	"3LCO,4DKD,4LIQ,6IG8"			
COc1ccc(cn1)C1COc2cc(Cn3cnc4cc(cnc34)-c3cnn(C)c3)cc(OC)c2O1	Colony Stimulating?Factor?1	5	US Patent	"3LCO,4DKD,4LIQ,6IG8"			
COc1ccc(cn1)C1COc2cc(Cn3cnc4cc(cnc34)-c3cn(C)nc3C)cc(OC)c2O1	Colony Stimulating?Factor?1	5	US Patent	"3LCO,4DKD,4LIQ,6IG8"			
COc1ccc(cn1)C1COc2cc(Cc3cnn4cc(OC5CN(C)C5)cnc34)cc(OC)c2O1	Colony Stimulating?Factor?1	5	US Patent	"3LCO,4DKD,4LIQ,6IG8"			
COC1CN(C1)c1cnn2c(Cc3cc(OC)c4OC(COc4c3)c3ccc(OC)nc3)cnc2c1	Colony Stimulating?Factor?1	5	US Patent	"3LCO,4DKD,4LIQ,6IG8"			
CCc1ccc(cn1)C1COc2cc(Cc3cnn4cc(cnc34)N3CC(C3)OC)cc(OC)c2O1	Colony Stimulating?Factor?1	5	US Patent	"3LCO,4DKD,4LIQ,6IG8"			
COc1ccc(COc2ccc(Cn3cnc4cc(cnc34)C#CC3CCCNC3)cc2OC)cn1	Colony Stimulating?Factor?1	5	US Patent	"3LCO,4DKD,4LIQ,6IG8"			
CC(C)N1CCOc2c(F)cc(cc12)-c1nc(Nc2ccc(N3CCC(CC3)N(C)C)c(F)c2)ncc1F	Colony Stimulating?Factor?1	5	US Patent	"3LCO,4DKD,4LIQ,6IG8"			
CC(C)N1CCOc2c(F)cc(cc12)-c1nc(Nc2ccc(N3CCC(CC3)N(C)C)c(c2)C(F)(F)F)ncc1F	Colony Stimulating?Factor?1	5	US Patent	"3LCO,4DKD,4LIQ,6IG8"			
CC(C)N1CCOc2c(F)cc(cc12)-c1nc(Nc2ccc(C3CCNCC3)c(c2)C(F)(F)F)ncc1F	Colony Stimulating?Factor?1	5	US Patent	"3LCO,4DKD,4LIQ,6IG8"			
COc1ccc(COc2ccc(Cn3cnc4cc(cnc34)N3CCC(CC3)C(C)(C)N)cc2OC)cn1	Colony Stimulating?Factor?1	5	US Patent	"3LCO,4DKD,4LIQ,6IG8"			
COc1cc(Cn2c(N)nc3cc(cnc23)-c2cnn(C)c2)ccc1OCc1ccc(nc1)C(F)(F)F	Colony Stimulating?Factor?1	5	US Patent	"3LCO,4DKD,4LIQ,6IG8"			
COc1cc(Cn2c(N)nc3cc(cnc23)-c2cnn(C)c2)ccc1OCc1ccc(cc1)C(F)(F)F	Colony Stimulating?Factor?1	5	US Patent	"3LCO,4DKD,4LIQ,6IG8"			
COc1cc(Cn2c(N)nc3cc(cnc23)-c2cnn(C)c2)ccc1OCc1csc(C)n1	Colony Stimulating?Factor?1	5	US Patent	"3LCO,4DKD,4LIQ,6IG8"			
COc1ccc(COc2ccc(Cn3c(N)nc4cc(cnc34)-c3ccn(C)n3)cc2OC)cn1	Colony Stimulating?Factor?1	5	US Patent	"3LCO,4DKD,4LIQ,6IG8"			
COc1ccc(COc2ccc(Cn3c(N)nc4cc(cnc34)-c3c(C)nn(C)c3C)cc2OC)cn1	Colony Stimulating?Factor?1	5	US Patent	"3LCO,4DKD,4LIQ,6IG8"			
COc1ccc(COc2ccc(Cn3c(N)nc4cc(cnc34)-c3ccccn3)cc2OC)cn1	Colony Stimulating?Factor?1	5	US Patent	"3LCO,4DKD,4LIQ,6IG8"			
COc1cc(Cn2c(N)nc3cc(cnc23)-c2cnn(C)c2)ccc1OCc1ccc(nc1)C(C)C	Colony Stimulating?Factor?1	5	US Patent	"3LCO,4DKD,4LIQ,6IG8"			
COC(=O)c1ccc2c(C(Nc3ccc(cc3)N(C)C(=O)CN3CCN(C)CC3)c3ccccc3)c(O)[nH]c2c1	Colony Stimulating?Factor?1	5	ChEMBL	"3LCO,4DKD,4LIQ,6IG8"			
COc1cc(Oc2ccc3ncc(C)c(=O)n3c2)cnc1OCc1ccc(Cl)cc1	Colony Stimulating?Factor?1	5	US Patent	"3LCO,4DKD,4LIQ,6IG8"			
COc1cc(Oc2ccc3ncc(C)c(=O)n3c2)cnc1OCc1ccc(cc1)-n1cccn1	Colony Stimulating?Factor?1	5	US Patent	"3LCO,4DKD,4LIQ,6IG8"			
Cn1cc(cn1)-c1cc(Oc2cnc3O[C@H](COc3c2)c2ccc(cc2)C2CC2)ccn1	Colony Stimulating?Factor?1	5	US Patent	"3LCO,4DKD,4LIQ,6IG8"			
COc1ccc(cc1)[C@@H]1COc2cc(Oc3ccc4nccc(=O)n4c3)cnc2O1	Colony Stimulating?Factor?1	5	US Patent	"3LCO,4DKD,4LIQ,6IG8"			
COc1ccc(cc1)[C@@H]1COc2cc(Oc3ccc4ncc(C)c(=O)n4c3)cnc2O1	Colony Stimulating?Factor?1	5	US Patent	"3LCO,4DKD,4LIQ,6IG8"			
COc1ccc(cc1)[C@@H]1COc2cc(Oc3ccnc(c3)-c3cnn(C)c3)cnc2O1	Colony Stimulating?Factor?1	5	US Patent	"3LCO,4DKD,4LIQ,6IG8"			
O=c1ccnc2ccc(Oc3cnc4O[C@@H](COc4c3)c3ccc(nc3)C3CC3)cn12	Colony Stimulating?Factor?1	5	US Patent	"3LCO,4DKD,4LIQ,6IG8"			
Cn1cc(cn1)-c1cc(Oc2cnc3O[C@@H](COc3c2)c2ccc(cn2)C2CC2)ccn1	Colony Stimulating?Factor?1	5	US Patent	"3LCO,4DKD,4LIQ,6IG8"			
FC(F)(F)c1ccc(CNc2ccc(Cc3c[nH]c4ncc(Cl)cc34)cn2)cn1	Colony Stimulating?Factor?1	5	ChEMBL	"4LIQ,6T2W,4DKD"			
CNc1ccc(c2CNC(=O)c12)-c1cnc(Nc2ccc(nc2)C2(CC2)C#N)cc1C	Colony Stimulating?Factor?1	5.01	US Patent	"3LCO,4DKD,4LIQ,6IG8"			
CN1CCN(CC1)C(C)(C)c1ccc(NC(=O)c2ncc([nH]2)C#N)c(c1)C1=CCC(C)(C)CC1 |t:29|	Colony Stimulating?Factor?1	5.1	US Patent	4EXP			
CN1CCN(CC1)C(C)(C)c1ccc(NC(=O)c2ncc([nH]2)C#N)c(c1)C1=CCC(C)(C)CC1	Colony Stimulating?Factor?1	5.1	ChEMBL	4EXP			
CCC(=O)N1CC[C@@H](C1)N1C(=O)N(Cc2cnc(Nc3ccc(N4CCN(C)CC4)c(C)c3)nc12)c1ccccc1OC	Colony Stimulating?Factor?1	5.1	ChEMBL	"3LCO,4DKD,4LIQ,6IG8"			
Cn1ccc2c(Oc3ccc(NC(=O)Cc4ccc(c(F)c4)C(F)(F)F)cc3)ncnc12	Colony Stimulating?Factor?1	5.1	ChEMBL	"4LIQ,6T2W,4DKD"			
CONC(=O)c1cn(-c2ccc3CCCc3c2)c2nc(Nc3ccc(OC)nc3)ncc2c1=O	Colony Stimulating?Factor?1	5.2	Curated from the literature by BindingDB	"4LIQ,6T2W,4DKD"			
CCC(=O)N1CC[C@@H](C1)N1C(=O)N(Cc2cnc(Nc3ccc(N4CCN(C)CC4)c(C)c3)nc12)c1ccccc1F	Colony Stimulating?Factor?1	5.2	ChEMBL	"3LCO,4DKD,4LIQ,6IG8"			
CC(C)C(=O)NC(=O)Nc1ccc(Oc2ccnc(c2)-c2cnn(C)c2)c(C)n1	Colony Stimulating?Factor?1	5.2	ChEMBL	"3LCO,4DKD,4LIQ,6IG8"			
COc1cccc(c1)-c1cc2c(ncnc2[nH]1)N(C)Cc1ccccc1	Colony Stimulating?Factor?1	5.2	ChEMBL	"4LIQ,6T2W,4DKD"			
"OC(=O)C=Cc1ccc(NC(=O)c2ncc([nH]2)C#N)c(c1)C1=CCCCC1 |w:4.4,t:23|"	Colony Stimulating?Factor?1	5.3	US Patent	4EXP			
Cn1cc(cn1)-c1cc(Oc2ccc(NC(=O)N3CCC4(COC4)C3=O)nc2)ccn1	Colony Stimulating?Factor?1	5.3	US Patent	"3LCO,4DKD,4LIQ,6IG8"			
Cn1cc(cn1)-c1cc(Oc2ccc(NC(=O)N3CCC4(CCCCC4(F)F)C3=O)nc2)ccn1	Colony Stimulating?Factor?1	5.4	US Patent	"3LCO,4DKD,4LIQ,6IG8"			
Cn1cc(cn1)-c1cc(Oc2ccc(NC(=O)N3CCC4(CCC(=O)C4)C3=O)nc2)ccn1	Colony Stimulating?Factor?1	5.4	US Patent	"3LCO,4DKD,4LIQ,6IG8"			
CN1CCN(CC1)c1ccc(Nc2ncc3CN(C(=O)N([C@H]4CCN(C4)C(C)=O)c3n2)c2ccccc2Cl)cc1C	Colony Stimulating?Factor?1	5.5	ChEMBL	"3LCO,4DKD,4LIQ,6IG8"			
CNC(=O)c1cc(Oc2ccc3nc(N[C@@H]4CCCC[C@@H]4O)sc3c2)ccn1	Colony Stimulating?Factor?1	5.5	ChEMBL	"3LCO,4DKD,4LIQ,6IG8"			
COC(=O)c1cnc(N)c(c1)C#Cc1cc(ccc1C)C(=O)Nc1cc(OC)cc(OC)c1	Colony Stimulating?Factor?1	5.5	ChEMBL	"3LCO,4DKD,4LIQ,6IG8"			
Cn1cc(cn1)-c1ccc(CNc2cc(ncn2)-c2cnc3cc(OCCCN4CCCC4)ccn23)cc1	Colony Stimulating?Factor?1	5.5	ChEMBL	"4LIQ,6T2W,4DKD"			
CC(=O)N1CCC(CC1)c1ccc(NC(=O)c2ncc([nH]2)C#N)c(c1)C1=CCCCC1	Colony Stimulating?Factor?1	5.6	ChEMBL	4EXP			
CNS(=O)(=O)CCc1ccc(NC(=O)c2ncc([nH]2)C#N)c(c1)C1=CCCCC1 |t:25|	Colony Stimulating?Factor?1	5.6	US Patent	4EXP			
CN(C)CCOC(C)(C)c1ccc(NC(=O)c2ncc([nH]2)C#N)c(c1)C1=CCC(C)(C)CC1 |t:27|	Colony Stimulating?Factor?1	5.6	US Patent	4EXP			
NNS(=O)(=O)CCc1ccc(NC(=O)c2ncc([nH]2)C#N)c(c1)C1=CCCCC1	Colony Stimulating?Factor?1	5.6	ChEMBL	"3LCO,4DKD,4LIQ,6IG8"			
CCC(=O)N1CC[C@@H](C1)N1C(=O)N(Cc2cnc(Nc3ccc(N4CCN(C)CC4)c(C)c3)nc12)c1ccccc1C	Colony Stimulating?Factor?1	5.6	ChEMBL	"3LCO,4DKD,4LIQ,6IG8"			
FC(F)(F)c1ccc(CNc2ccc(Cc3c[nH]c4ncc(Cl)cc34)cn2)cn1	Colony Stimulating?Factor?1	5.6	ChEMBL	"4LIQ,6T2W,4DKD"			
C[C@H](O)Cn1cc(cn1)-c1cnc(N)c2c(csc12)-c1ccc(NC(=O)Nc2cccc(C)c2)cc1	Colony Stimulating?Factor?1	5.62	US Patent	"4LIQ,6T2W,4DKD"			
CC(=O)N1CCN(CC(C)(C)c2ccc(NC(=O)c3ncc([nH]3)C#N)c(c2)C2=CCC(C)(C)CC2)CC1 |t:29|	Colony Stimulating?Factor?1	5.7	US Patent	4EXP			
CC(=O)N1CCN(CC(C)(C)c2ccc(NC(=O)c3ncc([nH]3)C#N)c(c2)C2=CCC(C)(C)CC2)CC1	Colony Stimulating?Factor?1	5.7	ChEMBL	"3LCO,4DKD,4LIQ,6IG8"			
COc1cc(OCc2ccnc(Nc3cn(C)nn3)n2)cc2sc(N[C@H]3CCCC[C@@H]3O)nc12	Colony Stimulating?Factor?1	5.7	ChEMBL	"3LCO,4DKD,4LIQ,6IG8"			
COc1ccc(CN(C)c2ncnc3[nH]c(nc23)-c2ccc(CO)cc2)cc1OC	Colony Stimulating?Factor?1	5.7	ChEMBL	"4LIQ,6T2W,4DKD"			
CC(C)(NCCN1CCOCC1)c1ccc(NC(=O)c2ncc([nH]2)C#N)c(c1)C1=CCC(C)(C)CC1	Colony Stimulating?Factor?1	5.8	ChEMBL	4EXP			
CCC(=O)N1CC[C@@H](C1)N1C(=O)N(Cc2cnc(Nc3ccc(N4CCN(C)CC4)c(OC)c3)nc12)c1cc(OC)ccc1F	Colony Stimulating?Factor?1	5.8	ChEMBL	"3LCO,4DKD,4LIQ,6IG8"			
CCC(=O)N1CC[C@@H](C1)N1C(=O)N(Cc2cnc(Nc3ccc(N4CCN(C)CC4)c(C)c3)nc12)c1ccc(OC)cc1	Colony Stimulating?Factor?1	5.8	ChEMBL	"3LCO,4DKD,4LIQ,6IG8"			
OC(=O)CCc1ccc(NC(=O)c2ncc([nH]2)C#N)c(c1)C1=CCCCC1 |t:23|	Colony Stimulating?Factor?1	5.9	US Patent	4EXP			
CC1(C)CCC(=CC1)c1cc(ccc1NC(=O)c1nc(c[nH]1)C#N)C1(O)CCCCC1	Colony Stimulating?Factor?1	5.9	US Patent	4EXP			
OC(=O)CCc1ccc(NC(=O)c2ncc([nH]2)C#N)c(c1)C1=CCCCC1	Colony Stimulating?Factor?1	5.9	ChEMBL	"3LCO,4DKD,4LIQ,6IG8"			
Cc1ccc(cc1C#Cc1cc(cnc1N)-c1cnn(C)c1)C(=O)Nc1ccc(Cl)cc1Cl	Colony Stimulating?Factor?1	5.9	ChEMBL	"3LCO,4DKD,4LIQ,6IG8"			
Cc1ccc(cc1C#Cc1cc(cnc1N)-c1cnn(C)c1)C(=O)Nc1ccc(Cl)cc1Cl	Colony Stimulating?Factor?1	5.9	ChEMBL	"3LCO,4DKD,4LIQ,6IG8"			
Cn1cc(cn1)-c1cc(Oc2ccc(NC(=O)N3CCC4(CCC(O)C4)C3=O)nc2)ccn1	Colony Stimulating?Factor?1	5.9	US Patent	"3LCO,4DKD,4LIQ,6IG8"			
COc1ccc(COc2ccc(Cn3cnc4cc(ccc34)-n3cc(nn3)C3CCCNC3)cc2OC)cn1	Colony Stimulating?Factor?1	6	US Patent	"4LIQ,6T2W,4DKD"			
COc1ccc(COc2ccc(Cn3c(N)nc4cc(cnc34)-c3cccnc3)cc2OC)cn1	Colony Stimulating?Factor?1	6	US Patent	"4LIQ,6T2W,4DKD"			
Cc1ncc(NC(=O)c2cc(NC(=O)c3cc(C)cc(C)c3)ccc2Cl)s1	Colony Stimulating?Factor?1	6	ChEMBL	"3LCO,4DKD,4LIQ,6IG8"			
COc1cc2ncc(C(N)=O)c(Nc3cccc(Cl)c3Cl)c2cc1OC	Colony Stimulating?Factor?1	6	ChEMBL	"3LCO,4DKD,4LIQ,6IG8"			
CCOc1cc2ncc(C(N)=O)c(Nc3cccc(Cl)c3Cl)c2cc1NCCN1CCCCC1	Colony Stimulating?Factor?1	6	ChEMBL	"3LCO,4DKD,4LIQ,6IG8"			
COc1cc2ncc(C(N)=O)c(Nc3ccc(F)cc3F)c2cc1N1CCN(C)CC1	Colony Stimulating?Factor?1	6	ChEMBL	"3LCO,4DKD,4LIQ,6IG8"			
CCOc1cc2ncc(C(N)=O)c(Nc3ccc(F)cc3F)c2cc1N1CCN(C)CC1	Colony Stimulating?Factor?1	6	ChEMBL	"3LCO,4DKD,4LIQ,6IG8"			
CCN1CCN(CC1)C(C)(C)c1ccc(NC(=O)c2ncc([nH]2)C#N)c(c1)C1=CCC(C)(C)CC1	Colony Stimulating?Factor?1	6	ChEMBL	4EXP			
COc1ccc(COc2ccc(Cn3cnc4cc(ccc34)-n3cc(nn3)C3CCCNC3)cc2OC)cn1	Colony Stimulating?Factor?1	6	US Patent	"3LCO,4DKD,4LIQ,6IG8"			
COc1ccc(COc2ccc(Cn3c(N)nc4cc(cnc34)-c3cccnc3)cc2OC)cn1	Colony Stimulating?Factor?1	6	US Patent	"3LCO,4DKD,4LIQ,6IG8"			
COc1ccc(COc2ccc(Cn3cnc4cc(ccc34)-n3cc(nn3)C3CCCNC3)cc2OC)cn1	Colony Stimulating?Factor?1	6	US Patent	"3LCO,4DKD,4LIQ,6IG8"			
COc1ccc(COc2ccc(Cn3c(N)nc4cc(cnc34)-c3cccnc3)cc2OC)cn1	Colony Stimulating?Factor?1	6	US Patent	"3LCO,4DKD,4LIQ,6IG8"			
Nc1ncnc2c(csc12)C(=O)Nc1cccc2n(Cc3cccnc3)nc(Br)c12	Colony Stimulating?Factor?1	6	ChEMBL	"3LCO,4DKD,4LIQ,6IG8"			
COc1ccc(cc1)C1COc2cc(Cn3cnc4cc(cnc34)C#CC(C)(C)N)ccc2O1	Colony Stimulating?Factor?1	6	US Patent	"3LCO,4DKD,4LIQ,6IG8"			
COc1ccc(cn1)[C@@H]1COc2cc(Cn3cnc4cc(cnc34)C#CC(C)(C)N)ccc2O1	Colony Stimulating?Factor?1	6	US Patent	"3LCO,4DKD,4LIQ,6IG8"			
COc1ccc(cc1)C1Oc2ccc(Cn3cnc4cc(cnc34)C#CC(C)(C)N)cc2OC1C	Colony Stimulating?Factor?1	6	US Patent	"3LCO,4DKD,4LIQ,6IG8"			
COc1ccc(cn1)C1COc2cc(Cn3cnc4cc(cnc34)-c3cnoc3)cc(OC)c2O1	Colony Stimulating?Factor?1	6	US Patent	"3LCO,4DKD,4LIQ,6IG8"			
COc1ccc(cn1)C1COc2cc(Cc3cnn4cc(Br)cnc34)cc(OC)c2O1	Colony Stimulating?Factor?1	6	US Patent	"3LCO,4DKD,4LIQ,6IG8"			
COc1ccc(cc1)C1COc2cc(Cn3cnc4cc(cnc34)C#CC(C)(C)N)cc(OC)c2O1	Colony Stimulating?Factor?1	6	US Patent	"3LCO,4DKD,4LIQ,6IG8"			
CC(C)N1CCOc2c(Cl)cc(cc12)-c1nc(Nc2ccc(N3CCNCC3)c(F)c2)ncc1F	Colony Stimulating?Factor?1	6	US Patent	"3LCO,4DKD,4LIQ,6IG8"			
COc1ccc(COc2ccc(Cn3cnc4cc(ccc34)-n3cc(nn3)C3CCCNC3)cc2OC)cn1	Colony Stimulating?Factor?1	6	US Patent	"3LCO,4DKD,4LIQ,6IG8"			
COc1ccc(COc2ccc(Cn3c(N)nc4cc(cnc34)-c3cccnc3)cc2OC)cn1	Colony Stimulating?Factor?1	6	US Patent	"3LCO,4DKD,4LIQ,6IG8"			
CCOc1cc2ccc(C(N)=O)c(Nc3ccc(F)cc3F)c2cc1N1CCN([11CH3])CC1	Colony Stimulating?Factor?1	6	ChEMBL	"3LCO,4DKD,4LIQ,6IG8"			
COc1cc(Oc2ccc3ncc(N)c(=O)n3c2)cnc1OCc1ccc(C)cc1	Colony Stimulating?Factor?1	6	US Patent	"3LCO,4DKD,4LIQ,6IG8"			
COc1cc(Oc2ccc3ncc(C)c(=O)n3c2)cnc1OCc1cccc(Cl)c1	Colony Stimulating?Factor?1	6	US Patent	"3LCO,4DKD,4LIQ,6IG8"			
COc1ccc(COc2ncc(Oc3ccc4ncc(C)c(=O)n4c3)cn2)cc1	Colony Stimulating?Factor?1	6	US Patent	"3LCO,4DKD,4LIQ,6IG8"			
COc1ccc(COc2ncc(Oc3ccc4ncc(N5CCOCC5)c(=O)n4c3)cc2OC)cc1	Colony Stimulating?Factor?1	6	US Patent	"3LCO,4DKD,4LIQ,6IG8"			
COc1ccc(cc1)[C@H]1COc2cc(Oc3ccnc(c3)-c3cnn(C)c3)cnc2O1	Colony Stimulating?Factor?1	6	US Patent	"3LCO,4DKD,4LIQ,6IG8"			
O=c1ccnc2ccc(Oc3cnc4O[C@H](COc4c3)c3ccc(nc3)C3CC3)cn12	Colony Stimulating?Factor?1	6	US Patent	"3LCO,4DKD,4LIQ,6IG8"			
Cn1cc(cn1)-c1cc(Oc2cnc3O[C@H](COc3c2)c2ccc(cn2)C2CC2)ccn1	Colony Stimulating?Factor?1	6	US Patent	"3LCO,4DKD,4LIQ,6IG8"			
CC(=O)NC(C)(C)c1ccc(NC(=O)c2ncc([nH]2)C#N)c(c1)C1=CCCCC1 |t:25|	Colony Stimulating?Factor?1	6.1	US Patent	4EXP			
CC(C)(N1CCN(CCO)CC1)c1ccc(NC(=O)c2ncc([nH]2)C#N)c(c1)C1=CCC(C)(C)CC1	Colony Stimulating?Factor?1	6.1	ChEMBL	4EXP			
COC(C)(C)C(=O)NC(=O)Nc1ccc(Oc2ccnc(c2)-c2cnn(C)c2)c(C)n1	Colony Stimulating?Factor?1	6.1	ChEMBL	"3LCO,4DKD,4LIQ,6IG8"			
CCC(=O)N1CC[C@@H](C1)N1C(=O)N(Cc2cnc(Nc3ccc(N4CCC5(CCN(C)CC5)CC4)c(C)c3)nc12)c1cc(OC)ccc1F	Colony Stimulating?Factor?1	6.2	ChEMBL	"3LCO,4DKD,4LIQ,6IG8"			
Cn1cc(cn1)-c1cc(Oc2ccc(NC(=O)N3CCC4(CCCCC4)C3=O)nc2)ccn1	Colony Stimulating?Factor?1	6.2	US Patent	"3LCO,4DKD,4LIQ,6IG8"			
Cc1nc(NC(=O)N2CCC3(CCC(F)(F)CC3)C2=O)ccc1Oc1ccnc(c1)-c1cnn(C)c1	Colony Stimulating?Factor?1	6.2	US Patent	"3LCO,4DKD,4LIQ,6IG8"			
CCN(Cc1ccccc1)c1ncnc2[nH]c(cc12)-c1ccc(CO)cc1	Colony Stimulating?Factor?1	6.2	ChEMBL	"4LIQ,6T2W,4DKD"			
CN1CCN(CC1)c1ccc(NC(=O)c2ccc(o2)C#N)c(c1)N1CCCC(F)C1	Colony Stimulating?Factor?1	6.3	ChEMBL	"3LCO,4DKD,4LIQ,6IG8"			
COCCNC(C)(C)c1ccc(NC(=O)c2ncc([nH]2)C#N)c(c1)C1=CCC(C)(C)CC1	Colony Stimulating?Factor?1	6.3	ChEMBL	4EXP			
O=C(CN1CCOCC1)N1CCC(CC1)c1ccc(NC(=O)c2ncc([nH]2)C#N)c(c1)C1=CCCCC1	Colony Stimulating?Factor?1	6.4	ChEMBL	4EXP			
CC1(C)CCC(=CC1)c1cc(ccc1NC(=O)c1cc(c[nH]1)C#N)C1(CCOCC1)C(O)=O	Colony Stimulating?Factor?1	6.4	US Patent	4EXP			
Cn1cc(cn1)-c1cc(Oc2ccc(NC(=O)N3CCC4(CCCC(=O)C4)C3=O)nc2)ccn1	Colony Stimulating?Factor?1	6.4	US Patent	"3LCO,4DKD,4LIQ,6IG8"			
COC(=O)c1cccc(c1)-c1cc2c(ncnc2[nH]1)N(C)Cc1cccc(C)c1	Colony Stimulating?Factor?1	6.4	ChEMBL	"4LIQ,6T2W,4DKD"			
CC1(C)CCC(=CC1)c1cc(ccc1NC(=O)c1nc(c[nH]1)C#N)C1(O)CCN(CC(F)(F)F)CC1	Colony Stimulating?Factor?1	6.5	US Patent	4EXP			
CCC(=O)N1CC[C@@H](C1)N1C(=O)N(Cc2cnc(Nc3ccc(N4CC5(C4)CCN(C)CC5)c(C)c3)nc12)c1cc(OC)ccc1F	Colony Stimulating?Factor?1	6.5	ChEMBL	"3LCO,4DKD,4LIQ,6IG8"			
Cc1ccc(cc1C#Cc1cc(cnc1N)-c1cnn(C)c1)C(=O)Nc1ccccc1	Colony Stimulating?Factor?1	6.5	ChEMBL	"3LCO,4DKD,4LIQ,6IG8"			
COc1cc(NC(=O)c2ccc(Cl)c(c2)C#Cc2cc(cnc2N)-c2cnn(C)c2)cc(OC)c1	Colony Stimulating?Factor?1	6.5	ChEMBL	"3LCO,4DKD,4LIQ,6IG8"			
CC(C)N1CCc2cc(Nc3ncc(F)c(n3)-c3cc(F)c4OCCN(C(C)C)c4c3)ccc2C1	Colony Stimulating?Factor?1	6.5	US Patent	"3LCO,4DKD,4LIQ,6IG8"			
COC(C)(C)C(=O)NC(=O)Nc1ccc(Oc2ccnc(c2)-c2ccnc(C)c2)c(C)n1	Colony Stimulating?Factor?1	6.5	ChEMBL	"3LCO,4DKD,4LIQ,6IG8"			
Cn1cc(cn1)-c1cc(Oc2ccc(NC(=O)N3CCC4(CCCC(O)C4)C3=O)nc2)ccn1	Colony Stimulating?Factor?1	6.5	US Patent	"3LCO,4DKD,4LIQ,6IG8"			
CC(C)C(=O)N1CC[C@@H](C1)N1C(=O)N(Cc2cnc(Nc3ccc(N4CCN(C)CC4)c(C)c3)nc12)c1ccccc1Cl	Colony Stimulating?Factor?1	6.7	ChEMBL	"3LCO,4DKD,4LIQ,6IG8"			
Cn1cc(cn1)-c1cc(Oc2ccc(NC(=O)N3CCC4(CC(F)(F)C4)C3=O)nc2)ccn1	Colony Stimulating?Factor?1	6.7	US Patent	"3LCO,4DKD,4LIQ,6IG8"			
CS(=O)(=O)CC(=O)N1CCC(CC1)c1ccc(NC(=O)c2ncc([nH]2)C#N)c(c1)C1=CCCCC1	Colony Stimulating?Factor?1	6.8	ChEMBL	4EXP			
OCCc1ccc(NC(=O)c2ncc([nH]2)C#N)c(c1)C1=CCCCC1	Colony Stimulating?Factor?1	6.8	ChEMBL	"3LCO,4DKD,4LIQ,6IG8"			
CCC(=O)N1CC[C@@H](C1)N1C(=O)N(Cc2cnc(Nc3ccc(N4CCC5(CCN(C)C5)C4)c(C)c3)nc12)c1cc(OC)ccc1F	Colony Stimulating?Factor?1	6.8	ChEMBL	"3LCO,4DKD,4LIQ,6IG8"			
NS(=O)(=O)c1ccc(NC(=O)c2ncc([nH]2)C#N)c(c1)C1=CCCCC1	Colony Stimulating?Factor?1	6.9	ChEMBL	"3LCO,4DKD,4LIQ,6IG8"			
CCN1CCC(CC1)Oc1ccc(nc1)C(=O)Nc1ccc(NC(=O)Nc2cc(on2)C(C)(C)C)cc1	Colony Stimulating?Factor?1	6.9	ChEMBL	"3LCO,4DKD,4LIQ,6IG8"			
CONC(=O)c1cn(-c2cnc3CCCc3c2)c2nc(Nc3ccc(cc3)C3CCN(C)CC3)ncc2c1=O	Colony Stimulating?Factor?1	7	Curated from the literature by BindingDB	"4LIQ,6T2W,4DKD"			
COc1ccc(COc2ccc(Cn3cnc4cc(cnc34)N3CC4(C3)CCNCC4)cc2OC)cn1	Colony Stimulating?Factor?1	7	US Patent	"4LIQ,6T2W,4DKD"			
COc1ccc(COc2ccc(Cn3cnc4cc(cnc34)-c3noc(n3)C3CCNCC3)cc2OC)cn1	Colony Stimulating?Factor?1	7	US Patent	"4LIQ,6T2W,4DKD"			
COc1ccc(COc2ccc(Cn3cnc4cc(cnc34)-n3cc(nn3)C(C)(C)N)cc2OC)cn1	Colony Stimulating?Factor?1	7	US Patent	"4LIQ,6T2W,4DKD"			
COc1ccc(COc2ccc(Cn3c(N)nc4cc(cnc34)-c3ccccc3)cc2OC)cn1	Colony Stimulating?Factor?1	7	US Patent	"4LIQ,6T2W,4DKD"			
COc1cc(Cn2c(N)nc3cc(cnc23)-c2cnn(C)c2)ccc1OCc1csc(n1)C(F)(F)F	Colony Stimulating?Factor?1	7	US Patent	"4LIQ,6T2W,4DKD"			
Cc1ncc(NC(=O)c2cc(NC(=O)c3cc(F)cc(c3)C(F)(F)F)ccc2Cl)s1	Colony Stimulating?Factor?1	7	ChEMBL	"3LCO,4DKD,4LIQ,6IG8"			
Cc1ncc(NC(=O)c2cc(NC(=O)c3cccc(Cl)c3)ccc2C)s1	Colony Stimulating?Factor?1	7	ChEMBL	"3LCO,4DKD,4LIQ,6IG8"			
Cc1ncc(NC(=O)c2cc(NC(=O)c3cccc(c3)C(F)(F)F)ccc2Cl)s1	Colony Stimulating?Factor?1	7	ChEMBL	"3LCO,4DKD,4LIQ,6IG8"			
COc1cc2c(Nc3ccc(F)c(Cl)c3)c(cnc2cc1OCCCN1CCN(C)CC1)C(N)=O	Colony Stimulating?Factor?1	7	ChEMBL	"3LCO,4DKD,4LIQ,6IG8"			
COc1cc2ncc(C(N)=O)c(Nc3cccc(Cl)c3Cl)c2cc1NCCN1CCCCC1	Colony Stimulating?Factor?1	7	ChEMBL	"3LCO,4DKD,4LIQ,6IG8"			
COc1cc2ncc(C(N)=O)c(Nc3ccc(F)cc3F)c2cc1NCCN(C)C	Colony Stimulating?Factor?1	7	ChEMBL	"3LCO,4DKD,4LIQ,6IG8"			
COc1cc2ncc(C(N)=O)c(Nc3ccc(F)cc3F)c2cc1NCCN1CCOCC1	Colony Stimulating?Factor?1	7	ChEMBL	"3LCO,4DKD,4LIQ,6IG8"			
CC1CN(CC(C)N1)c1ccc(Nc2ncc3c(n2)n(cc(C(N)=O)c3=O)-c2ccc3CCCc3c2)cc1	Colony Stimulating?Factor?1	7	ChEMBL	"3LCO,4DKD,4LIQ,6IG8"			
COc1ccc(COc2ccc(Cn3cnc4cc(cnc34)N3CC4(C3)CCNCC4)cc2OC)cn1	Colony Stimulating?Factor?1	7	US Patent	"3LCO,4DKD,4LIQ,6IG8"			
COc1ccc(COc2ccc(Cn3cnc4cc(cnc34)-c3noc(n3)C3CCNCC3)cc2OC)cn1	Colony Stimulating?Factor?1	7	US Patent	"3LCO,4DKD,4LIQ,6IG8"			
COc1ccc(COc2ccc(Cn3cnc4cc(cnc34)-n3cc(nn3)C(C)(C)N)cc2OC)cn1	Colony Stimulating?Factor?1	7	US Patent	"3LCO,4DKD,4LIQ,6IG8"			
COc1ccc(COc2ccc(Cn3c(N)nc4cc(cnc34)-c3ccccc3)cc2OC)cn1	Colony Stimulating?Factor?1	7	US Patent	"3LCO,4DKD,4LIQ,6IG8"			
COc1cc(Cn2c(N)nc3cc(cnc23)-c2cnn(C)c2)ccc1OCc1csc(n1)C(F)(F)F	Colony Stimulating?Factor?1	7	US Patent	"3LCO,4DKD,4LIQ,6IG8"			
COc1ccc(COc2ccc(Cn3cnc4cc(cnc34)N3CC4(C3)CCNCC4)cc2OC)cn1	Colony Stimulating?Factor?1	7	US Patent	"3LCO,4DKD,4LIQ,6IG8"			
COc1ccc(COc2ccc(Cn3cnc4cc(cnc34)-c3noc(n3)C3CCNCC3)cc2OC)cn1	Colony Stimulating?Factor?1	7	US Patent	"3LCO,4DKD,4LIQ,6IG8"			
COc1ccc(COc2ccc(Cn3cnc4cc(cnc34)-n3cc(nn3)C(C)(C)N)cc2OC)cn1	Colony Stimulating?Factor?1	7	US Patent	"3LCO,4DKD,4LIQ,6IG8"			
COc1ccc(COc2ccc(Cn3c(N)nc4cc(cnc34)-c3ccccc3)cc2OC)cn1	Colony Stimulating?Factor?1	7	US Patent	"3LCO,4DKD,4LIQ,6IG8"			
COc1cc(Cn2c(N)nc3cc(cnc23)-c2cnn(C)c2)ccc1OCc1csc(n1)C(F)(F)F	Colony Stimulating?Factor?1	7	US Patent	"3LCO,4DKD,4LIQ,6IG8"			
CCC(=O)N1CC[C@@H](C1)N1C(=O)N(Cc2cnc(Nc3ccc(N4C[C@@H]5CN(C)C[C@@H]5C4)c(C)c3)nc12)c1cc(OC)ccc1F	Colony Stimulating?Factor?1	7	ChEMBL	"3LCO,4DKD,4LIQ,6IG8"			
Nc1ncnc2c(csc12)C(=O)Nc1cccc2n(Cc3ccncc3)nc(Br)c12	Colony Stimulating?Factor?1	7	ChEMBL	"3LCO,4DKD,4LIQ,6IG8"			
COc1cc(OCc2ccnc(N)n2)cc2sc(N[C@H]3CCCC[C@@H]3O)nc12	Colony Stimulating?Factor?1	7	ChEMBL	"3LCO,4DKD,4LIQ,6IG8"			
COc1cc(OCc2ccnc(Nc3cnn(C)c3)n2)cc2sc(N[C@H]3CCCC[C@@H]3O)nc12	Colony Stimulating?Factor?1	7	ChEMBL	4EXP			
COc1cc(OCc2ccnc(Nc3cn[nH]c3)n2)cc2sc(N[C@H]3CCCC[C@@H]3O)nc12	Colony Stimulating?Factor?1	7	ChEMBL	4EXP			
CC(C)(N)C#Cc1cnc2n(Cc3cc(F)c4OC(COc4c3)c3ccc(cc3)C(F)(F)F)cnc2c1	Colony Stimulating?Factor?1	7	US Patent	"3LCO,4DKD,4LIQ,6IG8"			
COc1cc(Cn2cnc3cc(cnc23)C#CC(C)(C)N)cc2OCC(Oc12)c1ccc(OC(F)F)cc1	Colony Stimulating?Factor?1	7	US Patent	"3LCO,4DKD,4LIQ,6IG8"			
CCOc1ccc(cn1)C1COc2cc(Cn3cnc4cc(OC)cnc34)cc(OC)c2O1	Colony Stimulating?Factor?1	7	US Patent	"3LCO,4DKD,4LIQ,6IG8"			
COc1ccc(cn1)C1COc2cc(Cc3c[nH]c4nccnc34)cc(OC)c2O1	Colony Stimulating?Factor?1	7	US Patent	"3LCO,4DKD,4LIQ,6IG8"			
CC(C)N1CCOc2c(F)cc(cc12)-c1nc(Nc2ccc(N3CCN4CCCC4C3)c(F)c2)ncc1F	Colony Stimulating?Factor?1	7	US Patent	"3LCO,4DKD,4LIQ,6IG8"			
COc1ccc(COc2ccc(Cn3cnc4cc(cnc34)N3CC4(C3)CCNCC4)cc2OC)cn1	Colony Stimulating?Factor?1	7	US Patent	"3LCO,4DKD,4LIQ,6IG8"			
COc1ccc(COc2ccc(Cn3cnc4cc(cnc34)-c3noc(n3)C3CCNCC3)cc2OC)cn1	Colony Stimulating?Factor?1	7	US Patent	"3LCO,4DKD,4LIQ,6IG8"			
COc1ccc(COc2ccc(Cn3cnc4cc(cnc34)-n3cc(nn3)C(C)(C)N)cc2OC)cn1	Colony Stimulating?Factor?1	7	US Patent	"3LCO,4DKD,4LIQ,6IG8"			
COc1ccc(COc2ccc(Cn3c(N)nc4cc(cnc34)-c3ccccc3)cc2OC)cn1	Colony Stimulating?Factor?1	7	US Patent	"3LCO,4DKD,4LIQ,6IG8"			
COc1cc(Cn2c(N)nc3cc(cnc23)-c2cnn(C)c2)ccc1OCc1csc(n1)C(F)(F)F	Colony Stimulating?Factor?1	7	US Patent	"3LCO,4DKD,4LIQ,6IG8"			
COc1ccc(COc2ncc(Oc3ccc4ncc(C)c(=O)n4c3)cc2OC)cc1	Colony Stimulating?Factor?1	7	US Patent	"3LCO,4DKD,4LIQ,6IG8"			
COc1ccc(cn1)[C@H]1COc2cc(Oc3ccc4nccc(=O)n4c3)cnc2O1	Colony Stimulating?Factor?1	7	US Patent	"3LCO,4DKD,4LIQ,6IG8"			
CN(Cc1cccc(C)c1)c1ncnc2[nH]c(cc12)-c1cccc(c1)C(O)=O	Colony Stimulating?Factor?1	7	ChEMBL	"4LIQ,6T2W,4DKD"			
"CC1(C)CCC(=CC1)c1cc(ccc1NC(=O)c1ncc([nH]1)C#N)C1=C[C@H]2O[C@@H](C1)C=C2 |r,c:5,34,t:27|"	Colony Stimulating?Factor?1	7.1	US Patent	4EXP			
[O-][n+]1ccccc1-c1ccc(NC(=O)c2nc(c[nH]2)C#N)c(c1)C1=CCCCC1	Colony Stimulating?Factor?1	7.1	ChEMBL	"3LCO,4DKD,4LIQ,6IG8"			
CC1(C)CCC(=CC1)c1nc(ccc1NC(=O)c1nc(c[nH]1)C#N)[C@H]1CC(C)(C)O[C@](C)(CO)C1	Colony Stimulating?Factor?1	7.1	US Patent	"3LCO,4DKD,4LIQ,6IG8"			
CC1(C)CCC(=CC1)c1nc(ccc1NC(=O)c1nc(c[nH]1)C#N)[C@@H]1CC(C)(C)O[C@@](C)(C1)C(O)=O	Colony Stimulating?Factor?1	7.1	US Patent	"3LCO,4DKD,4LIQ,6IG8"			
CC1(C)CCC(=CC1)c1nc(ccc1NC(=O)c1nc(c[nH]1)C#N)[C@H]1CC(C)(C)O[C@@](C)(CO)C1	Colony Stimulating?Factor?1	7.1	US Patent	"3LCO,4DKD,4LIQ,6IG8"			
O=C(Nc1ccc(cc1C1=CCCCC1)C1CCNCC1)c1ncc([nH]1)C#N	Colony Stimulating?Factor?1	7.2	ChEMBL	4EXP			
CN(CCS(C)(=O)=O)C(C)(C)c1ccc(NC(=O)c2ncc([nH]2)C#N)c(c1)C1=CCC(C)(C)CC1 |t:29|	Colony Stimulating?Factor?1	7.2	US Patent	4EXP			
CN(CCS(C)(=O)=O)C(C)(C)c1ccc(NC(=O)c2ncc([nH]2)C#N)c(c1)C1=CCC(C)(C)CC1	Colony Stimulating?Factor?1	7.2	ChEMBL	"3LCO,4DKD,4LIQ,6IG8"			
CCC(=O)N1CC[C@@H](C1)N1C(=O)N(Cc2cnc(Nc3ccc(N4CCN(C)C(C)C4)c(C)c3)nc12)c1cc(OC)ccc1F	Colony Stimulating?Factor?1	7.2	ChEMBL	"3LCO,4DKD,4LIQ,6IG8"			
Cc1ccc(NC(=O)c2ccc(Cl)cc2)cc1C#Cc1cc(cnc1N)-c1cnn(C)c1	Colony Stimulating?Factor?1	7.2	ChEMBL	"3LCO,4DKD,4LIQ,6IG8"			
CN(Cc1ccccn1)c1ncnc2[nH]c(nc12)-c1ccc(CO)cc1	Colony Stimulating?Factor?1	7.2	ChEMBL	"4LIQ,6T2W,4DKD"			
Cc1nc(NC(=O)NC(=O)C2CCOC2)ccc1Oc1ccnc(c1)-c1cnn(C)c1	Colony Stimulating?Factor?1	7.3	ChEMBL	"3LCO,4DKD,4LIQ,6IG8"			
Cc1nc(Nc2ncc(s2)C(=O)Nc2c(C)cccc2Cl)cc(n1)N1CCN(CCO)CC1	Colony Stimulating?Factor?1	7.4	ChEMBL	"3LCO,4DKD,4LIQ,6IG8"			
CC(C)N1CCOc2c(F)cc(cc12)-c1nc(Nc2ccc(N3CCC(CC3)N3CCCC3)c(F)c2)ncc1F	Colony Stimulating?Factor?1	7.5	US Patent	"3LCO,4DKD,4LIQ,6IG8"			
Cc1[nH]c(\C=C2/C(=O)Nc3cc(NC(=O)Nc4cc(on4)C(C)(C)C)ccc23)c(C)c1NC(=O)CN1CCOCC1	Colony Stimulating?Factor?1	7.6	ChEMBL	"3LCO,4DKD,4LIQ,6IG8"			
COCCN1CCN(CC1)C(C)(C)c1ccc(NC(=O)c2ncc([nH]2)C#N)c(c1)C1=CCC(C)(C)CC1	Colony Stimulating?Factor?1	7.7	ChEMBL	4EXP			
COC1(CC1)C(=O)NC(=O)Nc1ccc(Oc2ccnc(c2)-c2cnn(C)c2)c(C)n1	Colony Stimulating?Factor?1	7.7	ChEMBL	"3LCO,4DKD,4LIQ,6IG8"			
COC(=O)CCCCc1ccc(cc1)-c1cc2c(ncnc2[nH]1)N(C)Cc1cccc(C)c1	Colony Stimulating?Factor?1	7.7	ChEMBL	"4LIQ,6T2W,4DKD"			
"C[C@H]1CN(C[C@@H](C)N1)S(=O)(=O)Cc1ccc(NC(=O)c2ncc([nH]2)C#N)c(c1)C1=CCCCC1 |r,t:31|"	Colony Stimulating?Factor?1	7.74	US Patent	4EXP			
CC(C)(NCCO)c1ccc(NC(=O)c2ncc([nH]2)C#N)c(c1)C1=CCC(C)(C)CC1	Colony Stimulating?Factor?1	7.8	ChEMBL	4EXP			
CCC(=O)N1CC[C@@H](C1)N1C(=O)N(Cc2cnc(Nc3ccc(N4C[C@H](C)N(C)[C@H](C)C4)c(C)c3)nc12)c1cc(OC)ccc1F	Colony Stimulating?Factor?1	7.8	ChEMBL	"3LCO,4DKD,4LIQ,6IG8"			
COc1ccc(NC(=O)Nc2ccc(cc2)-c2csc3c(cnc(N)c23)-c2cnn(CC(C)(C)O)c2)cc1	Colony Stimulating?Factor?1	7.87	US Patent	"4LIQ,6T2W,4DKD"			
CC1(C)CCC(=CC1)c1cc(ccc1NC(=O)c1ncc([nH]1)C#N)C1(CCOCC1)N1CCN(CC(O)=O)CC1	Colony Stimulating?Factor?1	7.9	US Patent	4EXP			
CC1(C)CCC(=CC1)c1nc(ccc1NC(=O)c1nc(c[nH]1)C#N)[C@@H]1CC(C)(C)O[C@](C)(CO)C1	Colony Stimulating?Factor?1	7.9	US Patent	"3LCO,4DKD,4LIQ,6IG8"			
CC1(C)CCC(=CC1)c1nc(ccc1NC(=O)c1nc(c[nH]1)C#N)[C@@H]1CC(C)(C)O[C@](C)(CO)C1	Colony Stimulating?Factor?1	7.9	US Patent				
CC1(C)CCC(=CC1)c1nc(ccc1NC(=O)c1nc(c[nH]1)C#N)[C@@H]1CC(C)(C)O[C@](C)(C1)C(O)=O	Colony Stimulating?Factor?1	7.9	US Patent	"3LCO,4DKD,4LIQ,6IG8"			
CC1(C)CCC(=CC1)c1nc(ccc1NC(=O)c1nc(c[nH]1)C#N)[C@@H]1CC(C)(C)O[C@](C)(C1)C(O)=O	Colony Stimulating?Factor?1	7.9	US Patent				
CC1(C)CCC(=CC1)c1nc(ccc1NC(=O)c1nc(c[nH]1)C#N)[C@@H]1CC(C)(C)O[C@](C)(CO)C1	Colony Stimulating?Factor?1	7.9	US Patent	"3LCO,4DKD,4LIQ,6IG8"			
CC1(C)CCC(=CC1)c1nc(ccc1NC(=O)c1nc(c[nH]1)C#N)[C@@H]1CC(C)(C)O[C@](C)(CO)C1	Colony Stimulating?Factor?1	7.9	US Patent				
CC(C)(C(O)=O)c1ccc(NC(=O)c2ncc([nH]2)C#N)c(c1)C1=CCCCC1 |t:24|	Colony Stimulating?Factor?1	8	US Patent	4EXP			
CC(C)(CN1CCOCC1)c1ccc(NC(=O)c2ncc([nH]2)C#N)c(c1)C1=CCC(C)(C)CC1 |t:29|	Colony Stimulating?Factor?1	8	US Patent	4EXP			
COc1ccc(COc2ccc(Cn3cnc4cc(cnc34)N3CCOCC3)cc2OC)cn1	Colony Stimulating?Factor?1	8	US Patent	"4LIQ,6T2W,4DKD"			
COc1cc(Cn2c(N)nc3cc(cnc23)-c2cnn(C)c2)ccc1OCc1ccc(OC(F)(F)F)cc1	Colony Stimulating?Factor?1	8	US Patent	"4LIQ,6T2W,4DKD"			
CN1CCN(Cc2ccc-3c(Cc4c-3n[nH]c4-c3csc(c3)C#CCOc3ccccc3)c2)CC1	Colony Stimulating?Factor?1	8	ChEMBL	"3LCO,4DKD,4LIQ,6IG8"			
Cc1ccc(Nc2c(cnc3cc(ccc23)-c2ccc(cc2)S(C)(=O)=O)C(N)=O)cc1C	Colony Stimulating?Factor?1	8	ChEMBL	"3LCO,4DKD,4LIQ,6IG8"			
Cc1cc(C)cc(c1)C(=O)Nc1ccc(Cl)c(c1)C(=O)Nc1cccnc1	Colony Stimulating?Factor?1	8	ChEMBL	"3LCO,4DKD,4LIQ,6IG8"			
CN1CCN(CC1)c1ccc2ncc(C(N)=O)c(Nc3cccc(Cl)c3Cl)c2c1	Colony Stimulating?Factor?1	8	ChEMBL	"3LCO,4DKD,4LIQ,6IG8"			
COCCOc1cc2ncnc(Oc3cnn(CC(=O)Nc4cccc(OC)c4)c3)c2cc1OC	Colony Stimulating?Factor?1	8	ChEMBL	"3LCO,4DKD,4LIQ,6IG8"			
CC(C)(CN1CCOCC1)c1ccc(NC(=O)c2ncc([nH]2)C#N)c(c1)C1=CCC(C)(C)CC1	Colony Stimulating?Factor?1	8	ChEMBL	"3LCO,4DKD,4LIQ,6IG8"			
O=C(Nc1ccc(cc1C1=CCCC1)C1CCNCC1)c1ncc([nH]1)C#N	Colony Stimulating?Factor?1	8	ChEMBL	"3LCO,4DKD,4LIQ,6IG8"			
CN1CCN(CCc2ccc(Nc3ncc4c(n3)n(cc(C(N)=O)c4=O)-c3ccc4CCCc4c3)cc2)CC1	Colony Stimulating?Factor?1	8	ChEMBL	"3LCO,4DKD,4LIQ,6IG8"			
NC(=O)c1cn(-c2ccc3CCCc3c2)c2nc(Nc3ccc(cc3)C3CCNCC3)ncc2c1=O	Colony Stimulating?Factor?1	8	ChEMBL	"3LCO,4DKD,4LIQ,6IG8"			
CN1CCN(CC1)c1cccc(Nc2ncc3c(n2)n(cc(C(N)=O)c3=O)-c2ccc3CCCc3c2)c1	Colony Stimulating?Factor?1	8	ChEMBL	"3LCO,4DKD,4LIQ,6IG8"			
NC(=O)c1cn(-c2ccc3CCCc3c2)c2nc(Nc3ccc(CCN4CCOCC4)cc3)ncc2c1=O	Colony Stimulating?Factor?1	8	ChEMBL	"3LCO,4DKD,4LIQ,6IG8"			
COc1ccc(COc2ccc(Cn3cnc4cc(cnc34)N3CCOCC3)cc2OC)cn1	Colony Stimulating?Factor?1	8	US Patent	"3LCO,4DKD,4LIQ,6IG8"			
COc1cc(Cn2c(N)nc3cc(cnc23)-c2cnn(C)c2)ccc1OCc1ccc(OC(F)(F)F)cc1	Colony Stimulating?Factor?1	8	US Patent	"3LCO,4DKD,4LIQ,6IG8"			
COc1ccc(COc2ccc(Cn3cnc4cc(cnc34)N3CCOCC3)cc2OC)cn1	Colony Stimulating?Factor?1	8	US Patent	"3LCO,4DKD,4LIQ,6IG8"			
COc1cc(Cn2c(N)nc3cc(cnc23)-c2cnn(C)c2)ccc1OCc1ccc(OC(F)(F)F)cc1	Colony Stimulating?Factor?1	8	US Patent	"3LCO,4DKD,4LIQ,6IG8"			
COc1cnc2n(Cc3cc(OC)c4O[C@@H](COc4c3)c3ccc(OC)nc3)cnc2c1	Colony Stimulating?Factor?1	8	US Patent	"3LCO,4DKD,4LIQ,6IG8"			
COc1ccc(cn1)C1COc2cc(Cn3cnc4cc(cnc34)-n3cccn3)cc(OC)c2O1	Colony Stimulating?Factor?1	8	US Patent	"3LCO,4DKD,4LIQ,6IG8"			
COc1ccc(cn1)C1COc2cc(Cn3cnc4cc(cnc34)-n3ccnc3)cc(OC)c2O1	Colony Stimulating?Factor?1	8	US Patent	"3LCO,4DKD,4LIQ,6IG8"			
COc1cc(Cn2cnc3cc(OC4CN(C)C4)cnc23)cc2OCC(Oc12)c1ccc(nc1)C1CC1	Colony Stimulating?Factor?1	8	US Patent	"3LCO,4DKD,4LIQ,6IG8"			
COc1ccc(cc1)C1COc2cc(Cn3cnc4cc(cnc34)-c3cn(C)cn3)cc(OC)c2O1	Colony Stimulating?Factor?1	8	US Patent	"3LCO,4DKD,4LIQ,6IG8"			
CC(C)N1CCOc2c(F)cc(cc12)-c1nc(Nc2cnn(c2)C2CCNCC2)ncc1F	Colony Stimulating?Factor?1	8	US Patent	"3LCO,4DKD,4LIQ,6IG8"			
CC(C)N1CCOc2c(F)cc(cc12)-c1nc(Nc2cnn(c2)C2CCC(O)CC2)ncc1F	Colony Stimulating?Factor?1	8	US Patent	"3LCO,4DKD,4LIQ,6IG8"			
COc1ccc(COc2ccc(Cn3cnc4cc(cnc34)N3CCOCC3)cc2OC)cn1	Colony Stimulating?Factor?1	8	US Patent	"3LCO,4DKD,4LIQ,6IG8"			
COc1cc(Cn2c(N)nc3cc(cnc23)-c2cnn(C)c2)ccc1OCc1ccc(OC(F)(F)F)cc1	Colony Stimulating?Factor?1	8	US Patent	"3LCO,4DKD,4LIQ,6IG8"			
COc1cc(NC(=O)c2ccc(C)c(c2)C#Cc2cc(cnc2N)-c2cnn(C)c2)cc(OC)c1OC	Colony Stimulating?Factor?1	8	ChEMBL	"3LCO,4DKD,4LIQ,6IG8"			
CC(C)Nc1ncc(-c2ccc(Oc3ccnc(c3)-c3cnn(C)c3)c(C)n2)c(=O)[nH]1	Colony Stimulating?Factor?1	8	ChEMBL	"3LCO,4DKD,4LIQ,6IG8"			
COc1cc(Oc2ccc3nccc(=O)n3c2)cnc1OCc1ccc(cc1)C1CC1	Colony Stimulating?Factor?1	8	US Patent	"3LCO,4DKD,4LIQ,6IG8"			
COc1cc(Oc2ccc3ncc(C)c(=O)n3c2)cnc1OCc1ccc(cc1)C1CC1F	Colony Stimulating?Factor?1	8	US Patent	"3LCO,4DKD,4LIQ,6IG8"			
Cc1cnc2ccc(Oc3cnc4O[C@@H](COc4c3)c3ccc(cn3)C3CC3)cn2c1=O	Colony Stimulating?Factor?1	8	US Patent	"3LCO,4DKD,4LIQ,6IG8"			
Cn1cc(cn1)-c1cc(Oc2cnc3OC[C@@H](Oc3c2)c2ccc(cc2)C2CC2)ccn1	Colony Stimulating?Factor?1	8	US Patent	"3LCO,4DKD,4LIQ,6IG8"			
O=c1ccnc2ccc(Oc3cnc4O[C@@H](COc4c3)c3ccc(cc3)C3CC3)cn12	Colony Stimulating?Factor?1	8	US Patent	"3LCO,4DKD,4LIQ,6IG8"			
COc1ccc(cn1)[C@H]1COc2cc(Oc3ccnc(c3)-c3cnn(C)c3)cnc2O1	Colony Stimulating?Factor?1	8	US Patent	"3LCO,4DKD,4LIQ,6IG8"			
COc1ccc(cn1)[C@H]1COc2cc(Oc3ccc4ncc(C)c(=O)n4c3)cnc2O1	Colony Stimulating?Factor?1	8	US Patent	"3LCO,4DKD,4LIQ,6IG8"			
COc1ccc(cn1)[C@@H]1COc2cc(Oc3ccc4ncc(C)c(=O)n4c3)cnc2O1	Colony Stimulating?Factor?1	8	US Patent	"3LCO,4DKD,4LIQ,6IG8"			
CNc1ncc2cc(-c3c(Cl)c(OC)cc(OC)c3Cl)c(=O)n(CCCN3CCN(CC3)C(=O)C=C)c2n1	Colony Stimulating?Factor?1	8.1	ChEMBL	"3LCO,4DKD,4LIQ,6IG8"			
CNC(=O)c1cnc(N)c(c1)C#Cc1cc(ccc1C)C(=O)Nc1cc(OC)cc(OC)c1	Colony Stimulating?Factor?1	8.1	ChEMBL	"3LCO,4DKD,4LIQ,6IG8"			
CCOC(=O)c1nc(Cl)cn1COCC[Si](C)(C)C	Colony Stimulating?Factor?1	8.2	US Patent	4EXP			
Cc1[nH]c(\C=C2/C(=O)Nc3cc(NC(=O)Nc4cc(on4)C(C)(C)C)ccc23)c(C)c1NC(=O)[C@@H]1CCCN1	Colony Stimulating?Factor?1	8.2	ChEMBL	"3LCO,4DKD,4LIQ,6IG8"			
CC(C)(N1CCS(=O)(=O)CC1)c1ccc(NC(=O)c2ncc([nH]2)C#N)c(c1)C1=CCC(C)(C)CC1	Colony Stimulating?Factor?1	8.3	ChEMBL	4EXP			
CN(C)c1ccc2c(Oc3ccc(NC(=O)NCc4ccc(F)cc4)cc3)ncnc2c1	Colony Stimulating?Factor?1	8.3	ChEMBL	"3LCO,4DKD,4LIQ,6IG8"			
OCc1ccc(cc1)-c1cc2c(NCc3ccccc3)ncnc2[nH]1	Colony Stimulating?Factor?1	8.3	ChEMBL	"4LIQ,6T2W,4DKD"			
CN(C)C(=O)C1(CCOCC1)c1ccc(NC(=O)c2nc(c[nH]2)C#N)c(c1)C1=CCCCC1	Colony Stimulating?Factor?1	8.4	US Patent	4EXP			
Cc1[nH]c(\C=C2/C(=O)Nc3cc(NC(=O)Nc4cc(on4)C(C)(C)C)ccc23)c(C)c1NC(=O)CCN1CCOCC1	Colony Stimulating?Factor?1	8.4	ChEMBL	"3LCO,4DKD,4LIQ,6IG8"			
Cn1cc(cn1)-c1cc(Oc2ccc(NC(=O)N3CCC4(CCC(F)(F)CC4)C3=O)nc2)ccn1	Colony Stimulating?Factor?1	8.5	US Patent	"3LCO,4DKD,4LIQ,6IG8"			
CC(C)(NC(=O)C(N)=O)c1ccc(NC(=O)c2ncc([nH]2)C#N)c(c1)C1=CCCCC1 |t:27|	Colony Stimulating?Factor?1	8.6	US Patent	4EXP			
COc1cccc(Oc2nc(Nc3ccc(cc3)N3CCOCC3)ncc2\N=C\c2cc(OC)cc(OC)c2)c1	Colony Stimulating?Factor?1	8.6	ChEMBL	"3LCO,4DKD,4LIQ,6IG8"			
CN1CCN(Cc2ccc(NC(=O)c3ccc(C)c(c3)C#Cc3cnc4cccnn34)cc2C(F)(F)F)CC1	Colony Stimulating?Factor?1	8.6	ChEMBL	"3LCO,4DKD,4LIQ,6IG8"			
Cc1cccc(NC(C)(C)c2ccc(NC(=O)c3ncc([nH]3)C#N)c(c2)C2=CCC(C)(C)CC2)n1 |t:28|	Colony Stimulating?Factor?1	8.8	US Patent	4EXP			
CN(Cc1ccc(F)cc1)c1ncnc2[nH]c(nc12)-c1ccc(CO)cc1	Colony Stimulating?Factor?1	8.8	ChEMBL	"4LIQ,6T2W,4DKD"			
CC1(C)CCC(=CC1)c1nc(ccc1NC(=O)c1ncc([nH]1)C#N)C1CC(C)(C)S(=O)(=O)C(C)(C)C1 |c:5|	Colony Stimulating?Factor?1	8.9	US Patent	4EXP			
CCc1ccc(COc2ccc(cc2OC)C2CN(C2)C(=O)c2cc(OCCN3C[C@@H](O)[C@H](O)C3)ccn2)cc1	Colony Stimulating?Factor?1	8.9	ChEMBL	"3LCO,4DKD,4LIQ,6IG8"			
C[C@H](Nc1cncc(Cl)n1)c1cccc(NC(=O)c2ccc(F)c(Cl)c2)c1 |r|	Colony Stimulating?Factor?1	9	Curated from the literature by BindingDB	"4LIQ,6T2W,4DKD"			
C[C@H](Nc1cncc(Cl)n1)c1cccc(NC(=O)c2ccc(C)cc2)c1 |r|	Colony Stimulating?Factor?1	9	Curated from the literature by BindingDB	"4LIQ,6T2W,4DKD"			
COc1ccc(COc2ccc(Cn3c(N)nc4cc(cnc34)-c3ccc(F)cc3)cc2OC)cn1	Colony Stimulating?Factor?1	9	US Patent	"4LIQ,6T2W,4DKD"			
COCCOCC#Cc1cc(cs1)-c1[nH]nc-2c1Cc1ccc(Cn3cncn3)cc-21	Colony Stimulating?Factor?1	9	ChEMBL	"3LCO,4DKD,4LIQ,6IG8"			
COc1cccc(c1)C(=O)Nc1ccc(Cl)c(c1)C(=O)Nc1cccnc1	Colony Stimulating?Factor?1	9	ChEMBL	"3LCO,4DKD,4LIQ,6IG8"			
COc1cc2ncc(C(N)=O)c(Nc3ccccc3F)c2cc1OC	Colony Stimulating?Factor?1	9	ChEMBL	"3LCO,4DKD,4LIQ,6IG8"			
COc1cc2ncc(C(N)=O)c(Nc3ccc(Cl)c(Cl)c3)c2cc1OC	Colony Stimulating?Factor?1	9	ChEMBL	"3LCO,4DKD,4LIQ,6IG8"			
COc1ccc2c(Oc3ccc(CC(=O)Nc4cc(C)cc(CN(C)C)c4)c(OC)c3)ccnc2c1	Colony Stimulating?Factor?1	9	ChEMBL	"3LCO,4DKD,4LIQ,6IG8"			
COc1ccc(COc2ccc(Cn3c(N)nc4cc(cnc34)-c3ccc(F)cc3)cc2OC)cn1	Colony Stimulating?Factor?1	9	US Patent	"3LCO,4DKD,4LIQ,6IG8"			
COc1ccc(COc2ccc(Cn3c(N)nc4cc(cnc34)-c3ccc(F)cc3)cc2OC)cn1	Colony Stimulating?Factor?1	9	US Patent	"3LCO,4DKD,4LIQ,6IG8"			
CN1CCN(Cc2ccc(cc2C(F)(F)F)C(=O)Nc2ccc(C)c(NC(=O)c3cccc(c3)-c3cncnc3)c2)CC1	Colony Stimulating?Factor?1	9	ChEMBL	"3LCO,4DKD,4LIQ,6IG8"			
Cc1ccc(NC(=O)c2cccc(c2)C(F)(F)F)cc1NC(=O)c1cncc(c1)-c1cnn(C)c1	Colony Stimulating?Factor?1	9	ChEMBL	"3LCO,4DKD,4LIQ,6IG8"			
Cc1cccc(Cn2nc(I)c3c(NC(=O)c4csc5c(N)ncnc45)cccc23)n1	Colony Stimulating?Factor?1	9	ChEMBL	"3LCO,4DKD,4LIQ,6IG8"			
Nc1ncnc2c(csc12)C(=O)Nc1cccc2n(Cc3ccccn3)nc(Br)c12	Colony Stimulating?Factor?1	9	ChEMBL	"3LCO,4DKD,4LIQ,6IG8"			
CCc1nn(Cc2cccc(C)n2)c2cccc(NC(=O)c3csc4c(N)ncnc34)c12	Colony Stimulating?Factor?1	9	ChEMBL	"3LCO,4DKD,4LIQ,6IG8"			
CC(C)(C)c1cc(NC(=O)Nc2ccc(Nc3ncnc4NCCCOc34)cc2)no1	Colony Stimulating?Factor?1	9	ChEMBL	"3LCO,4DKD,4LIQ,6IG8"			
COc1cc(OCc2ccnc(Nc3ccn(C)n3)n2)cc2sc(N[C@H]3CCCC[C@@H]3O)nc12	Colony Stimulating?Factor?1	9	ChEMBL	"3LCO,4DKD,4LIQ,6IG8"			
COc1ccc(cn1)C1COc2cc(Cn3cnc4cc(cnc34)N3CCOCC3)cc(OC)c2O1	Colony Stimulating?Factor?1	9	US Patent	"3LCO,4DKD,4LIQ,6IG8"			
COc1ccc(cn1)C1COc2cc(Cn3cnc4cc(cnc34)-c3ccc(F)nc3)cc(OC)c2O1	Colony Stimulating?Factor?1	9	US Patent	"3LCO,4DKD,4LIQ,6IG8"			
COC1CN(C1)c1cnn2c(Cc3cc(OC)c4OC(COc4c3)c3ccc(C)nc3)cnc2c1	Colony Stimulating?Factor?1	9	US Patent	"3LCO,4DKD,4LIQ,6IG8"			
COc1ccc(COc2ccc(Cn3c(N)nc4cc(cnc34)-c3ccc(F)cc3)cc2OC)cn1	Colony Stimulating?Factor?1	9	US Patent	"3LCO,4DKD,4LIQ,6IG8"			
COc1ccc(cn1)[C@@H]1Oc2c(OC)cc(Cn3cnc4cccnc34)cc2O[C@H]1C	Colony Stimulating?Factor?1	9	US Patent	"3LCO,4DKD,4LIQ,6IG8"			
CCc1ccc(COc2ccc(cc2OC)C2CN(C2)C(=O)c2cc(OCCO)ccn2)cc1	Colony Stimulating?Factor?1	9.1	ChEMBL	"3LCO,4DKD,4LIQ,6IG8"			
CCc1ccc(COc2ccc(cc2OC)C2CN(C2)C(=O)c2cc(OCCO)ccn2)cc1	Colony Stimulating?Factor?1	9.1	ChEMBL	"3LCO,4DKD,4LIQ,6IG8"			
COC(C)(C)C(=O)NC(=O)Nc1ccc(Oc2ccnc(c2)-c2cnc(C)s2)c(C)n1	Colony Stimulating?Factor?1	9.1	ChEMBL	"3LCO,4DKD,4LIQ,6IG8"			
Cn1cc(cn1)-c1cc(Oc2ccc(NC(=O)N3CCC4(CCOCC4)C3=O)nc2)ccn1	Colony Stimulating?Factor?1	9.1	US Patent	"3LCO,4DKD,4LIQ,6IG8"			
CC(C)(N1CCSCC1)c1ccc(NC(=O)c2ncc([nH]2)C#N)c(c1)C1=CCC(C)(C)CC1 |t:28|	Colony Stimulating?Factor?1	9.3	US Patent	4EXP			
CN(C)S(=O)(=O)CCc1ccc(NC(=O)c2ncc([nH]2)C#N)c(c1)C1=CCCCC1 |t:26|	Colony Stimulating?Factor?1	9.4	US Patent	4EXP			
NNS(=O)(=O)CCc1ccc(NC(=O)c2ncc([nH]2)C#N)c(c1)C1=CCCCC1	Colony Stimulating?Factor?1	9.4	ChEMBL	4EXP			
Cc1nc(NC(=O)NC(=O)Cc2ccc(F)cc2)ccc1Oc1ccnc(c1)-c1cnn(C)c1	Colony Stimulating?Factor?1	9.4	ChEMBL	"3LCO,4DKD,4LIQ,6IG8"			
[O-][n+]1cccc(c1)C(=O)N1CCC(CC1)c1ccc(NC(=O)c2ncc([nH]2)C#N)c(c1)C1=CCCCC1	Colony Stimulating?Factor?1	9.5	ChEMBL	4EXP			
CC1(C)CCC(=CC1)c1cc(ccc1NC(=O)c1nc(c[nH]1)C#N)C1(CC1)C#N	Colony Stimulating?Factor?1	9.5	US Patent	4EXP			
CC(C)N1CCOc2c(F)cc(cc12)-c1nc(Nc2ccc(N3CCN(CC3)C(=O)CN(C)C)c(F)c2)ncc1F	Colony Stimulating?Factor?1	9.5	US Patent	"3LCO,4DKD,4LIQ,6IG8"			
CC1(C)CCC(=CC1)c1nc(ccc1NC(=O)c1nc(c[nH]1)C#N)[C@H]1CC(C)(C)O[C@](C)(CO)C1	Colony Stimulating?Factor?1	9.6	US Patent				
CC1(C)CCC(=CC1)c1nc(ccc1NC(=O)c1nc(c[nH]1)C#N)[C@@H]1CC(C)(C)O[C@@](C)(C1)C(O)=O	Colony Stimulating?Factor?1	9.6	US Patent				
CC1(C)CCC(=CC1)c1nc(ccc1NC(=O)c1nc(c[nH]1)C#N)[C@H]1CC(C)(C)O[C@@](C)(CO)C1	Colony Stimulating?Factor?1	9.6	US Patent				
FC(F)(F)c1ccc(CNc2ccc(Cc3c[nH]c4ncc(Cl)cc34)cn2)cn1	Colony Stimulating?Factor?1	9.7	ChEMBL	"4LIQ,6T2W,4DKD"			
COCCN(C)C(C)(C)c1ccc(NC(=O)c2ncc([nH]2)C#N)c(c1)C1=CCC(C)(C)CC1	Colony Stimulating?Factor?1	9.8	ChEMBL	4EXP			
FC(F)(F)c1ccc(CNc2ccc(Cc3c[nH]c4ncc(Cl)cc34)cn2)cn1	Colony Stimulating?Factor?1	9.8	ChEMBL	"4LIQ,6T2W,4DKD"			
C[C@H](Nc1cncc(Cl)n1)c1cccc(NC(=O)c2cccc(c2)C(F)(F)F)c1 |r|	Colony Stimulating?Factor?1	10	Curated from the literature by BindingDB	"4LIQ,6T2W,4DKD"			
COc1cc(Cn2c(N)nc3cc(cnc23)-c2cnn(C)c2)ccc1OCc1ccc(CC(F)(F)F)cc1	Colony Stimulating?Factor?1	10	US Patent	"4LIQ,6T2W,4DKD"			
Cc1ccc2c(c1NC(=O)c3csc4c3ncnc4N)ccnc2Nc5cccc(c5F)Cl	Colony Stimulating?Factor?1	10	US Patent	"4LIQ,6T2W,4DKD"			
CCN1CCN(CC(=O)Nc2cc(Oc3ccc4n(C)c(Nc5cc(ccc5F)C(F)(F)F)nc4c3)ccn2)CC1	Colony Stimulating?Factor?1	10	ChEMBL	"3LCO,4DKD,4LIQ,6IG8"			
CC1CCN(CC1)c1nc(ccc1NC(=O)c1ccc(o1)C#N)N1CCN(C)CC1	Colony Stimulating?Factor?1	10	ChEMBL	"3LCO,4DKD,4LIQ,6IG8"			
CN1CCN(CC1)c1cc(cc(c1)C(F)(F)F)C(=O)Nc1ccc(C)c(NC(=O)c2cnoc2C)c1	Colony Stimulating?Factor?1	10	ChEMBL	"3LCO,4DKD,4LIQ,6IG8"			
Cc1ncc(NC(=O)c2cc(NC(=O)c3cccc(c3)C(F)(F)F)ccc2C)s1	Colony Stimulating?Factor?1	10	ChEMBL	"3LCO,4DKD,4LIQ,6IG8"			
Clc1cccc(c1)C(=O)Nc1ccc(Cl)c(c1)C(=O)Nc1cccnc1	Colony Stimulating?Factor?1	10	ChEMBL	"3LCO,4DKD,4LIQ,6IG8"			
Cc1cccc(c1)C(=O)Nc1ccc(Cl)c(c1)C(=O)Nc1cccnc1	Colony Stimulating?Factor?1	10	ChEMBL	"3LCO,4DKD,4LIQ,6IG8"			
COc1cc2ncc(C(N)=O)c(Nc3ccc(C)cc3F)c2cc1OC	Colony Stimulating?Factor?1	10	ChEMBL	"3LCO,4DKD,4LIQ,6IG8"			
COc1cc2c(Nc3ccc(F)c(Cl)c3)c(cnc2cc1OCCN(C)CCO)C(N)=O	Colony Stimulating?Factor?1	10	ChEMBL	"3LCO,4DKD,4LIQ,6IG8"			
COc1cc2ncc(C(N)=O)c(Nc3ccc(F)c(Cl)c3)c2cc1OCCCN1CCN(C)CC1	Colony Stimulating?Factor?1	10	ChEMBL	"3LCO,4DKD,4LIQ,6IG8"			
COc1cccc(NC(=O)Cn2cc(Oc3ncnc4cc(OC)c(OC)cc34)cn2)c1	Colony Stimulating?Factor?1	10	ChEMBL	"3LCO,4DKD,4LIQ,6IG8"			
O=C(Nc1ccc(cc1C1=CCCCC1)S(=O)(=O)N1CCOCC1)c1ncc([nH]1)C#N	Colony Stimulating?Factor?1	10	ChEMBL	"3LCO,4DKD,4LIQ,6IG8"			
CN1CCN(CC1)c1ccc(Nc2ncc3cc(C#N)c(=O)n(C4CCCC4)c3n2)cc1	Colony Stimulating?Factor?1	10	ChEMBL	"3LCO,4DKD,4LIQ,6IG8"			
Cc1cc(C(=O)Nc2cc(Oc3ccc4nc(NC(=O)C5CC5)cn4n3)ccc2C)n(C)n1	Colony Stimulating?Factor?1	10	ChEMBL	"3LCO,4DKD,4LIQ,6IG8"			
CC1CCN(CC1)c1cc(ccc1NC(=O)c1ccc(o1)C#N)-c1ccncc1	Colony Stimulating?Factor?1	10	ChEMBL	"3LCO,4DKD,4LIQ,6IG8"			
COc1ccc2c(Oc3ccc(CC(=O)Nc4ncc(C)s4)c(OC)c3)ccnc2c1	Colony Stimulating?Factor?1	10	ChEMBL	"3LCO,4DKD,4LIQ,6IG8"			
CC1(C)CCC(=CC1)c1nc(ccc1NC(=O)c1nc(c[nH]1)C#N)C1CC(C)(C)OC(C)(CO)C1	Colony Stimulating?Factor?1	10	US Patent	"3LCO,4DKD,4LIQ,6IG8"			
CC1(C)CCC(=CC1)c1nc(ccc1NC(=O)c1nc(c[nH]1)C#N)C1CC(C)(C)OC(C)(C)C1	Colony Stimulating?Factor?1	10	US Patent	"3LCO,4DKD,4LIQ,6IG8"			
COc1cc(Cn2c(N)nc3cc(cnc23)-c2cnn(C)c2)ccc1OCc1ccc(CC(F)(F)F)cc1	Colony Stimulating?Factor?1	10	US Patent	"3LCO,4DKD,4LIQ,6IG8"			
CC1(C)CCC(=CC1)c1nc(ccc1NC(=O)c1nc(c[nH]1)C#N)C1CC(C)(C)OC(C)(CO)C1	Colony Stimulating?Factor?1	10	US Patent	"3LCO,4DKD,4LIQ,6IG8"			
COc1cc(Cn2c(N)nc3cc(cnc23)-c2cnn(C)c2)ccc1OCc1ccc(CC(F)(F)F)cc1	Colony Stimulating?Factor?1	10	US Patent	"3LCO,4DKD,4LIQ,6IG8"			
CN1CCN(Cc2ccc(NC(=O)c3ccc(C)c(NC(=O)c4cccc(c4)-c4cncnc4)c3)cc2C(F)(F)F)CC1	Colony Stimulating?Factor?1	10	ChEMBL	"3LCO,4DKD,4LIQ,6IG8"			
CN1CCN(Cc2ccc(cc2C(F)(F)F)C(=O)Nc2ccc(C)c(NC(=O)c3cccc(c3)-c3ccncc3)c2)CC1	Colony Stimulating?Factor?1	10	ChEMBL	"3LCO,4DKD,4LIQ,6IG8"			
Cc1ccc2c(Nc3cccc(Cl)c3F)nccc2c1NC(=O)c1csc2c(N)ncnc12	Colony Stimulating?Factor?1	10	US Patent	"3LCO,4DKD,4LIQ,6IG8"			
CC(C)CC(=O)N1CC[C@@H](C1)N1C(=O)N(Cc2cnc(Nc3ccc(N4CCN(C)CC4)c(C)c3)nc12)c1ccccc1Cl	Colony Stimulating?Factor?1	10	ChEMBL	"3LCO,4DKD,4LIQ,6IG8"			
CCCC(=O)N1CC[C@@H](C1)N1C(=O)N(Cc2cnc(Nc3ccc(N4CCN(C)CC4)c(C)c3)nc12)c1ccccc1Cl	Colony Stimulating?Factor?1	10	ChEMBL	"3LCO,4DKD,4LIQ,6IG8"			
CCC(=O)N1CC[C@@H](C1)N1C(=O)N(Cc2cnc(Nc3ccc(N(C)CCN(C)C)c(C)c3)nc12)c1cc(OC)ccc1F	Colony Stimulating?Factor?1	10	ChEMBL	"3LCO,4DKD,4LIQ,6IG8"			
CCC(=O)N1CC[C@@H](C1)N1C(=O)N(Cc2cnc(Nc3ccc(N4CCN(C)CC4)c(CC)c3)nc12)c1cc(OC)ccc1F	Colony Stimulating?Factor?1	10	ChEMBL	"3LCO,4DKD,4LIQ,6IG8"			
CN1CCN(CC1)c1cc(Nc2cc(C)n[nH]2)nc(C=Cc2ccccc2)n1	Colony Stimulating?Factor?1	10	ChEMBL	"3LCO,4DKD,4LIQ,6IG8"			
COc1cccc(Cn2nc(Br)c3c(NC(=O)c4csc5c(N)ncnc45)cccc23)n1	Colony Stimulating?Factor?1	10	ChEMBL	"3LCO,4DKD,4LIQ,6IG8"			
CCc1ccc(COc2ccc(cc2OC)C2CN(C2)C(=O)c2cc(OCCN3C[C@H](O)[C@H](O)C3)ccn2)cc1	Colony Stimulating?Factor?1	10	ChEMBL	"3LCO,4DKD,4LIQ,6IG8"			
CC1(C)CCC(=CC1)c1nc(ccc1NC(=O)c1nc(c[nH]1)C#N)[C@@H]1CC(C)(C)OC(C)(CO)C1	Colony Stimulating?Factor?1	10	US Patent	"3LCO,4DKD,4LIQ,6IG8"			
CC1(C)CCC(=CC1)c1nc(ccc1NC(=O)c1nc(c[nH]1)C#N)C1CC(C)(C)OC(C)(C)C1	Colony Stimulating?Factor?1	10	US Patent	"3LCO,4DKD,4LIQ,6IG8"			
CC1(C)CCC(=CC1)c1nc(ccc1NC(=O)c1nc(c[nH]1)C#N)C1CC(C)(C)OC(C)(C1)C(=O)OO	Colony Stimulating?Factor?1	10	US Patent	"3LCO,4DKD,4LIQ,6IG8"			
CC1(C)CCC(=CC1)c1nc(ccc1NC(=O)c1nc(c[nH]1)C#N)C1CC(C)(C)OC(C)(C)C1	Colony Stimulating?Factor?1	10	US Patent	"3LCO,4DKD,4LIQ,6IG8"			
COc1ccc(cn1)C1COc2cc(Cn3cnc4cc(cnc34)C#CC(C)(C)N)cc(OC)c2O1	Colony Stimulating?Factor?1	10	US Patent	"3LCO,4DKD,4LIQ,6IG8"			
COc1cc(Cc2cnc3cccnn23)cc2OCC(Oc12)c1ccc(OC(F)F)cc1	Colony Stimulating?Factor?1	10	US Patent	"3LCO,4DKD,4LIQ,6IG8"			
COc1cc(Cn2c(N)nc3cc(cnc23)-c2cnn(C)c2)ccc1OCc1ccc(CC(F)(F)F)cc1	Colony Stimulating?Factor?1	10	US Patent	"3LCO,4DKD,4LIQ,6IG8"			
Fc1ccc2c(NCCc3cnc(NC(=O)Nc4cccc(Cl)c4)s3)ncnc2c1	Colony Stimulating?Factor?1	10	ChEMBL	"3LCO,4DKD,4LIQ,6IG8"			
O=C(Nc1ccccc1)Nc1ccc(Oc2ncnc3ccc(cc23)N2CCCC2)cc1	Colony Stimulating?Factor?1	10	ChEMBL	"3LCO,4DKD,4LIQ,6IG8"			
CNC(=O)c1nccc2c(c[nH]c12)-c1cnc(Nc2ccc(OC)cc2)cc1C	Colony Stimulating?Factor?1	10	US Patent	"3LCO,4DKD,4LIQ,6IG8"			
Cc1nc(ccc1Oc1ccnc(c1)-c1cnn(C)c1)-c1cnc(NC2CCOCC2)[nH]c1=O	Colony Stimulating?Factor?1	10	ChEMBL	"3LCO,4DKD,4LIQ,6IG8"			
Cc1nc(NC(=O)NC(=O)C2CCOCC2)ccc1Oc1ccnc(c1)-c1cnn(C)c1	Colony Stimulating?Factor?1	10	ChEMBL	"3LCO,4DKD,4LIQ,6IG8"			
COc1ccc(COc2ccc(Oc3ccc4ncc(C)c(=O)n4c3)cn2)cc1	Colony Stimulating?Factor?1	10	US Patent	"3LCO,4DKD,4LIQ,6IG8"			
COc1cc(Oc2ccc3ncc(C)c(=O)n3c2)cnc1OCc1ccc(cc1)C1CC1(F)F	Colony Stimulating?Factor?1	10	US Patent	"3LCO,4DKD,4LIQ,6IG8"			
COc1ccc(cc1)[C@H]1COc2cc(Oc3ccc4nccc(=O)n4c3)cnc2O1	Colony Stimulating?Factor?1	10	US Patent	"3LCO,4DKD,4LIQ,6IG8"			
COc1ccc(cc1)[C@H]1COc2cc(Oc3ccc4ncc(C)c(=O)n4c3)cnc2O1	Colony Stimulating?Factor?1	10	US Patent	"3LCO,4DKD,4LIQ,6IG8"			
COc1ccc(nc1)[C@H]1COc2cc(Oc3ccnc(c3)-c3cnn(C)c3)cnc2O1	Colony Stimulating?Factor?1	10	US Patent	"3LCO,4DKD,4LIQ,6IG8"			
CN(Cc1cccc(C)c1)c1ncnc2[nH]c(cc12)-c1ccc(O)cc1	Colony Stimulating?Factor?1	10	ChEMBL	"4LIQ,6T2W,4DKD"			
CN(Cc1cccc(C)c1)c1ncnc2[nH]c(cc12)-c1cccnc1	Colony Stimulating?Factor?1	10	ChEMBL	"4LIQ,6T2W,4DKD"			
CCN1Cc2c(O[C@@H](C)CNC(=O)c3c(N)nn4ccc1nc34)ccc(F)c2C#N	Colony Stimulating?Factor?1	10	US Patent	"4LIQ,6T2W,4DKD"			
CCN1C(C)(C)CC(CC1(C)C)Oc1ccc(nc1)C(=O)Nc1ccc(NC(=O)Nc2cc(on2)C(C)(C)C)cc1	Colony Stimulating?Factor?1	10.5	ChEMBL	"3LCO,4DKD,4LIQ,6IG8"			
O=C(Nc1ccc(cc1C1=CCCCC1)C1CCN(CCC#N)CC1)c1ncc([nH]1)C#N	Colony Stimulating?Factor?1	11	ChEMBL	4EXP			
NC(=O)CN1CCC(CC1)c1ccc(NC(=O)c2ncc([nH]2)C#N)c(c1)C1=CCCCC1	Colony Stimulating?Factor?1	11	ChEMBL	4EXP			
COc1cc(ccc1O)-c1cncc(N[C@@H](C)c2cccc(NC(=O)c3cccnc3)c2)n1 |r|	Colony Stimulating?Factor?1	11	Curated from the literature by BindingDB	"4LIQ,6T2W,4DKD"			
COc1ccc(COc2ccc(Cn3c(N)nc4cc(cnc34)-c3cncnc3)cc2OC)cn1	Colony Stimulating?Factor?1	11	US Patent	"4LIQ,6T2W,4DKD"			
CC1CCN(CC1)c1cc(ccc1NC(=O)c1ccc(o1)C#N)N1CCOCC1	Colony Stimulating?Factor?1	11	ChEMBL	"3LCO,4DKD,4LIQ,6IG8"			
Cc1ccc(NC(=O)c2cccc(c2)C(F)(F)F)cc1NC(=O)c1cccnc1	Colony Stimulating?Factor?1	11	ChEMBL	"3LCO,4DKD,4LIQ,6IG8"			
Cc1ncc(NC(=O)c2cc(NC(=O)c3cc(F)cc(Cl)c3)ccc2Cl)s1	Colony Stimulating?Factor?1	11	ChEMBL	"3LCO,4DKD,4LIQ,6IG8"			
COc1cc2c(Nc3ccc(F)cc3F)c(cnc2cc1N1CCN(C)CC1)C(N)=O	Colony Stimulating?Factor?1	11	ChEMBL	"3LCO,4DKD,4LIQ,6IG8"			
O=C(Nc1ccc(cc1C1=CCCCC1)-c1ccccn1)c1ncc([nH]1)C#N	Colony Stimulating?Factor?1	11	ChEMBL	"3LCO,4DKD,4LIQ,6IG8"			
CC1(C)CCC(=CC1)c1nc(ccc1NC(=O)c1nc(c[nH]1)C#N)C1CC(C)(C)OC(C)(C1)C(O)=O	Colony Stimulating?Factor?1	11	US Patent	"3LCO,4DKD,4LIQ,6IG8"			
CC1(C)CCC(=CC1)c1nc(ccc1NC(=O)c1nc(c[nH]1)C#N)C1CC(C)(C)OC(C)(C)C1	Colony Stimulating?Factor?1	11	US Patent				
COc1ccc(COc2ccc(Cn3c(N)nc4cc(cnc34)-c3cncnc3)cc2OC)cn1	Colony Stimulating?Factor?1	11	US Patent	"3LCO,4DKD,4LIQ,6IG8"			
CC1(C)CCC(=CC1)c1nc(ccc1NC(=O)c1nc(c[nH]1)C#N)C1CC(C)(C)OC(C)(C1)C(O)=O	Colony Stimulating?Factor?1	11	US Patent	"3LCO,4DKD,4LIQ,6IG8"			
COc1ccc(COc2ccc(Cn3c(N)nc4cc(cnc34)-c3cncnc3)cc2OC)cn1	Colony Stimulating?Factor?1	11	US Patent	"3LCO,4DKD,4LIQ,6IG8"			
FC(F)(F)c1ccc(CNc2ccc(Cc3c[nH]c4ncc(Cl)cc34)cn2)cn1	Colony Stimulating?Factor?1	11	ChEMBL	"3LCO,4DKD,4LIQ,6IG8"			
Cc1ccc(cc1C#Cc1cc(cnc1N)-c1cnn(C)c1)C(=O)Nc1ccc(Cl)c(Cl)c1	Colony Stimulating?Factor?1	11	ChEMBL	"3LCO,4DKD,4LIQ,6IG8"			
COc1cc(ccc1OCc1ccc(cc1)C1CC1)C1CN(C1)C(=O)c1cc(COCC(CO)CO)ccn1	Colony Stimulating?Factor?1	11	ChEMBL	"3LCO,4DKD,4LIQ,6IG8"			
CC1(C)CCC(=CC1)c1nc(ccc1NC(=O)c1nc(c[nH]1)C#N)C1CC(C)(C)OC(C)(C1)C(O)=O	Colony Stimulating?Factor?1	11	US Patent	"3LCO,4DKD,4LIQ,6IG8"			
CC1(C)CCC(=CC1)c1nc(ccc1NC(=O)c1nc(c[nH]1)C#N)C1CC(C)(C)OC(C)(C)C1	Colony Stimulating?Factor?1	11	US Patent				
CNC(=O)Nc1nccc(COc2cc(OC)c3nc(N[C@H]4CCCC[C@@H]4O)sc3c2)n1	Colony Stimulating?Factor?1	11	ChEMBL	"3LCO,4DKD,4LIQ,6IG8"			
CC1(C)CCC(=CC1)c1nc(ccc1NC(=O)c1nc(c[nH]1)C#N)C1CC(C)(C)OC(C)(C1)C(O)=O	Colony Stimulating?Factor?1	11	US Patent	"3LCO,4DKD,4LIQ,6IG8"			
CC1(C)CCC(=CC1)c1nc(ccc1NC(=O)c1nc(c[nH]1)C#N)C1CC(C)(C)OC(C)(C)C1	Colony Stimulating?Factor?1	11	US Patent				
COc1ccc(cn1)[C@H]1COc2cc(Cn3cnc4cc(cnc34)C#CC(C)(C)N)cc(OC)c2O1	Colony Stimulating?Factor?1	11	US Patent	"3LCO,4DKD,4LIQ,6IG8"			
COc1ccc(cn1)[C@@H]1COc2cc(Cn3cnc4cc(cnc34)C(=O)N3CCC3)cc(OC)c2O1	Colony Stimulating?Factor?1	11	US Patent	"3LCO,4DKD,4LIQ,6IG8"			
COc1cc(Cn2cnc3cccnc23)cc2OCC(Oc12)c1ccc(nc1)C1CC1	Colony Stimulating?Factor?1	11	US Patent	"3LCO,4DKD,4LIQ,6IG8"			
COc1cc(Cn2cnc3ccc(C)nc23)cc2OCC(Oc12)c1ccc(nc1)C1CC1	Colony Stimulating?Factor?1	11	US Patent	"3LCO,4DKD,4LIQ,6IG8"			
CCc1ccc(cn1)C1COc2cc(Cn3cnc4cc(OC)cnc34)cc(OC)c2O1	Colony Stimulating?Factor?1	11	US Patent	"3LCO,4DKD,4LIQ,6IG8"			
COc1ccc(COc2ccc(Cn3c(N)nc4cc(cnc34)-c3cncnc3)cc2OC)cn1	Colony Stimulating?Factor?1	11	US Patent	"3LCO,4DKD,4LIQ,6IG8"			
CN(C)c1ccc2c(Oc3ccc(NC(=O)Nc4cccc(Cl)c4)cc3)ncnc2c1	Colony Stimulating?Factor?1	11	ChEMBL	"3LCO,4DKD,4LIQ,6IG8"			
COc1ccc(NC(=O)Nc2ccc(Oc3ncnc4cc(ccc34)N(C)C)cc2)cc1Cl	Colony Stimulating?Factor?1	11	ChEMBL	"3LCO,4DKD,4LIQ,6IG8"			
CN(C)c1ccc2c(Oc3ccc(NC(=O)NCc4ccc(C)nc4)cc3)ncnc2c1	Colony Stimulating?Factor?1	11	ChEMBL	"3LCO,4DKD,4LIQ,6IG8"			
Cc1ccc(cc1C#Cc1cc(cnc1N)-c1cnn(C)c1)C(=O)Nc1ccc(Cl)cc1Cl	Colony Stimulating?Factor?1	11	ChEMBL	"3LCO,4DKD,4LIQ,6IG8"			
COc1ccc(cn1)[C@@H]1Oc2c(OC)cc(Cn3cnc4cccnc34)cc2O[C@H]1C	Colony Stimulating?Factor?1	11	US Patent	"3LCO,4DKD,4LIQ,6IG8"			
CN(Cc1ccc(C)cc1)c1ncnc2[nH]c(nc12)-c1ccc(CO)cc1	Colony Stimulating?Factor?1	11	ChEMBL	"4LIQ,6T2W,4DKD"			
CN(Cc1cccc(c1)C(F)(F)F)c1ncnc2[nH]c(nc12)-c1ccc(CO)cc1	Colony Stimulating?Factor?1	11	ChEMBL	"4LIQ,6T2W,4DKD"			
COc1ccc(nc1)[C@@H]1COc2cc(Oc3ccnc(c3)-c3cnn(C)c3)cnc2O1	Colony Stimulating?Factor?1	11	US Patent	"3LCO,4DKD,4LIQ,6IG8"			
COC(=O)CCCCCC(=O)c1ccc(cc1)-c1cc2c(ncnc2[nH]1)N(C)Cc1cccc(C)c1	Colony Stimulating?Factor?1	11	ChEMBL	"4LIQ,6T2W,4DKD"			
COc1ccc(COc2ccc(Cn3cnc4cc(ccc34)N3CC4(C3)CCNCC4)cc2OC)cn1	Colony Stimulating?Factor?1	12	US Patent	"4LIQ,6T2W,4DKD"			
COc1ccc(COc2ccc(Cn3cnc4cc(cnc34)N3CCC(N)CC3)cc2OC)cn1	Colony Stimulating?Factor?1	12	US Patent	"4LIQ,6T2W,4DKD"			
COc1ccc(COc2ccc(Cn3cnc4cc(cnc34)N3CCN(C)CC3)cc2OC)cn1	Colony Stimulating?Factor?1	12	US Patent	"4LIQ,6T2W,4DKD"			
CCN(CC)CCNC(=O)c1c(C)[nH]c(\C=C2/C(=O)Nc3ccc(F)cc23)c1C	Colony Stimulating?Factor?1	12	ChEMBL	"3LCO,4DKD,4LIQ,6IG8"			
COc1cc2c(Nc3ccc(F)c(Cl)c3)c(cnc2cc1OCCN(C)C)C(N)=O	Colony Stimulating?Factor?1	12	ChEMBL	"3LCO,4DKD,4LIQ,6IG8"			
COc1ccc(COc2ncc(Oc3nc(cnc3N)-c3cnn(C)c3)cc2OC)cc1	Colony Stimulating?Factor?1	12	ChEMBL	"3LCO,4DKD,4LIQ,6IG8"			
CC(C)Nc1c(nnc2cc(ccc12)-c1ccc(cc1)S(C)(=O)=O)C(N)=O	Colony Stimulating?Factor?1	12	ChEMBL	"3LCO,4DKD,4LIQ,6IG8"			
NC(=O)c1cn(-c2ccc3CCCc3c2)c2nc(Nc3ccc(C[C@H]4COC(=O)N4)cc3)ncc2c1=O	Colony Stimulating?Factor?1	12	ChEMBL	"3LCO,4DKD,4LIQ,6IG8"			
CC1(C)C(=O)N([C@H]2CCc3c2cccc3O)c2nc(Nc3ccccc3)ncc12	Colony Stimulating?Factor?1	12	ChEMBL	"3LCO,4DKD,4LIQ,6IG8"			
COc1ccc(COc2ccc(Cn3cnc4cc(ccc34)N3CC4(C3)CCNCC4)cc2OC)cn1	Colony Stimulating?Factor?1	12	US Patent	"3LCO,4DKD,4LIQ,6IG8"			
COc1ccc(COc2ccc(Cn3cnc4cc(cnc34)N3CCC(N)CC3)cc2OC)cn1	Colony Stimulating?Factor?1	12	US Patent	"3LCO,4DKD,4LIQ,6IG8"			
COc1ccc(COc2ccc(Cn3cnc4cc(cnc34)N3CCN(C)CC3)cc2OC)cn1	Colony Stimulating?Factor?1	12	US Patent	"3LCO,4DKD,4LIQ,6IG8"			
COc1ccc(COc2ccc(Cn3cnc4cc(ccc34)N3CC4(C3)CCNCC4)cc2OC)cn1	Colony Stimulating?Factor?1	12	US Patent	"3LCO,4DKD,4LIQ,6IG8"			
COc1ccc(COc2ccc(Cn3cnc4cc(cnc34)N3CCC(N)CC3)cc2OC)cn1	Colony Stimulating?Factor?1	12	US Patent	"3LCO,4DKD,4LIQ,6IG8"			
COc1ccc(COc2ccc(Cn3cnc4cc(cnc34)N3CCN(C)CC3)cc2OC)cn1	Colony Stimulating?Factor?1	12	US Patent	"3LCO,4DKD,4LIQ,6IG8"			
CN1CCN(Cc2ccc(cc2C(F)(F)F)C(=O)Nc2ccc(C)c(NC(=O)c3cccc(c3)-c3ccccn3)c2)CC1	Colony Stimulating?Factor?1	12	ChEMBL	"3LCO,4DKD,4LIQ,6IG8"			
Cc1cccc(Cn2nc(C=C)c3c(NC(=O)c4csc5c(N)ncnc45)cccc23)n1	Colony Stimulating?Factor?1	12	ChEMBL	"3LCO,4DKD,4LIQ,6IG8"			
Nc1ncnc2c(csc12)C(=O)Nc1cccc2n(Cc3cccc(Br)n3)nc(Br)c12	Colony Stimulating?Factor?1	12	ChEMBL	"3LCO,4DKD,4LIQ,6IG8"			
FC(F)(F)c1ccc(CNc2ccc(Cc3c[nH]c4ncc(Cl)cc34)cn2)cn1	Colony Stimulating?Factor?1	12	ChEMBL	"3LCO,4DKD,4LIQ,6IG8"			
COc1cc(ccc1OCc1ccc(cc1)C1CC1)C1CN(C1)C(=O)c1cc(OCCN2CCOCC2)ccn1	Colony Stimulating?Factor?1	12	ChEMBL	"3LCO,4DKD,4LIQ,6IG8"			
COc1ccc(COc2ccc(cc2OC)C2CN(C2)C(=O)c2cc(OCCO)ccn2)cc1	Colony Stimulating?Factor?1	12	ChEMBL	"3LCO,4DKD,4LIQ,6IG8"			
COc1cc(ccc1OCc1ccc(cc1)C1CC1)C1CN(C1)C(=O)c1cc(OCCO)ccn1	Colony Stimulating?Factor?1	12	ChEMBL	"3LCO,4DKD,4LIQ,6IG8"			
COc1ccc(cn1)C1COc2cc(Cn3cnc4cc(cnc34)C#CC(C)(C)N)cc(F)c2O1	Colony Stimulating?Factor?1	12	US Patent	"3LCO,4DKD,4LIQ,6IG8"			
COc1ccc(cn1)C1COc2cc(Cn3cnc4cc(cnc34)C#CC3CCCNC3)cc(F)c2O1	Colony Stimulating?Factor?1	12	US Patent	"3LCO,4DKD,4LIQ,6IG8"			
COc1cnc2n(Cc3cc(OC)c4OC(COc4c3)c3ccc(OC)nc3)cnc2c1	Colony Stimulating?Factor?1	12	US Patent	"3LCO,4DKD,4LIQ,6IG8"			
COc1cc(Cc2cnc3cc(Cl)cnn23)cc2OCC(Oc12)c1ccc(OC(F)F)cc1	Colony Stimulating?Factor?1	12	US Patent	"3LCO,4DKD,4LIQ,6IG8"			
COc1ccc(COc2ccc(Cn3cnc4cc(ccc34)N3CC4(C3)CCNCC4)cc2OC)cn1	Colony Stimulating?Factor?1	12	US Patent	"3LCO,4DKD,4LIQ,6IG8"			
COc1ccc(COc2ccc(Cn3cnc4cc(cnc34)N3CCC(N)CC3)cc2OC)cn1	Colony Stimulating?Factor?1	12	US Patent	"3LCO,4DKD,4LIQ,6IG8"			
COc1ccc(COc2ccc(Cn3cnc4cc(cnc34)N3CCN(C)CC3)cc2OC)cn1	Colony Stimulating?Factor?1	12	US Patent	"3LCO,4DKD,4LIQ,6IG8"			
COc1cccc(NC(=O)Nc2ccc(Oc3ncnc4cc(ccc34)N(C)C)cc2)c1	Colony Stimulating?Factor?1	12	ChEMBL	"3LCO,4DKD,4LIQ,6IG8"			
COc1ccc(cn1)[C@@H]1Oc2c(OC)cc(Cn3cnc4cccnc34)cc2O[C@H]1C	Colony Stimulating?Factor?1	12	US Patent	"3LCO,4DKD,4LIQ,6IG8"			
CCNc1ncc(-c2ccc(Oc3ccnc(c3)-c3cnn(C)c3)cn2)c(=O)[nH]1	Colony Stimulating?Factor?1	12	ChEMBL	"3LCO,4DKD,4LIQ,6IG8"			
CCn1cc(cn1)-c1cc(Oc2ccc(nc2C)-c2cnc(NC(C)C)[nH]c2=O)ccn1	Colony Stimulating?Factor?1	12	ChEMBL	"3LCO,4DKD,4LIQ,6IG8"			
Cc1nc(NC(=O)NC(=O)CC2CCOCC2)ccc1Oc1ccnc(c1)-c1cnn(C)c1	Colony Stimulating?Factor?1	12	ChEMBL	"3LCO,4DKD,4LIQ,6IG8"			
C[C@@H](Nc1ncnc2[nH]c(cc12)-c1ccc(CO)cc1)c1ccccc1	Colony Stimulating?Factor?1	12	ChEMBL	"4LIQ,6T2W,4DKD"			
COc1cc(Oc2ccc3ncc(N)c(=O)n3c2)cnc1OCc1ccc(cc1)C1CC1	Colony Stimulating?Factor?1	12	US Patent	"3LCO,4DKD,4LIQ,6IG8"			
O=c1ccnc2ccc(Oc3cnc4O[C@H](COc4c3)c3ccc(cc3)C3CC3)cn12	Colony Stimulating?Factor?1	12	US Patent	"3LCO,4DKD,4LIQ,6IG8"			
Cc1cnc2ccc(Oc3cnc4O[C@H](COc4c3)c3ccc(cc3)C3CC3)cn2c1=O	Colony Stimulating?Factor?1	12	US Patent	"3LCO,4DKD,4LIQ,6IG8"			
C[C@@H](Nc1ncnc2[nH]c(cc12)-c1ccc(CO)cc1)c1ccccc1	Colony Stimulating?Factor?1	12	ChEMBL	"4LIQ,6T2W,4DKD"			
CNc1ccc(c2CNC(=O)c12)-c1cnc(Nc2ccn(C3CC3)c(=O)c2)cc1C	Colony Stimulating?Factor?1	12.1	US Patent	"3LCO,4DKD,4LIQ,6IG8"			
CC(C)(NC(N)=O)c1ccc(NC(=O)c2ncc([nH]2)C#N)c(c1)C1=CCCCC1 |t:25|	Colony Stimulating?Factor?1	12.4	US Patent	4EXP			
O=C(Nc1ccc(CS(=O)(=O)N2CCOCC2)cc1C1=CCCCC1)c1ncc([nH]1)C#N |t:21|	Colony Stimulating?Factor?1	12.8	US Patent	4EXP			
O=C(Cc1ccccn1)N1CCC(CC1)c1ccc(NC(=O)c2ncc([nH]2)C#N)c(c1)C1=CCCCC1	Colony Stimulating?Factor?1	13	ChEMBL	4EXP			
OCCNC(=O)N1CCC(CC1)c1ccc(NC(=O)c2ncc([nH]2)C#N)c(c1)C1=CCCCC1	Colony Stimulating?Factor?1	13	ChEMBL	4EXP			
CN1CCN(CC1)c1ccc(Nc2ncc3c(n2)n(cc(C(N)=O)c3=O)-c2ccc3CCCc3c2)cc1	Colony Stimulating?Factor?1	13	Curated from the literature by BindingDB	"4LIQ,6T2W,4DKD"			
COc1ccc(COc2ccc(Cn3cnc4cc(ccc34)N3CCC(CC3)C(C)(C)N)cc2OC)cn1	Colony Stimulating?Factor?1	13	US Patent	"4LIQ,6T2W,4DKD"			
COc1ccc(COc2ccc(Cn3cnc4cc(cnc34)-c3nnc(o3)C3CCNCC3)cc2OC)cn1	Colony Stimulating?Factor?1	13	US Patent	"4LIQ,6T2W,4DKD"			
COc1ccc(COc2ccc(Cn3c(N)nc4cc(cnc34)C#CCCO)cc2OC)cn1	Colony Stimulating?Factor?1	13	US Patent	"4LIQ,6T2W,4DKD"			
CON1C(C)(C)CC(O)(CC1(C)C)c1ccc(NC(=O)c2nc(c[nH]2)C#N)c(c1)C1=CCC(C)(C)CC1	Colony Stimulating?Factor?1	13	US Patent	4EXP			
CC(C)c1ncc(NC(=O)c2cc(NC(=O)c3cccc(c3)C(F)(F)F)ccc2Cl)s1	Colony Stimulating?Factor?1	13	ChEMBL	"3LCO,4DKD,4LIQ,6IG8"			
COc1cc2ncc(C(N)=O)c(Nc3cccc(Cl)c3F)c2cc1OC	Colony Stimulating?Factor?1	13	ChEMBL	"3LCO,4DKD,4LIQ,6IG8"			
COc1cc2ncc(C(N)=O)c(Nc3cc(C)ccc3F)c2cc1OC	Colony Stimulating?Factor?1	13	ChEMBL	"3LCO,4DKD,4LIQ,6IG8"			
COc1cc2ncc(C(N)=O)c(Nc3ccc(F)c(Cl)c3)c2cc1OCCN1CCCC1	Colony Stimulating?Factor?1	13	ChEMBL	"3LCO,4DKD,4LIQ,6IG8"			
CC(C)(OCCN1CCCC1)c1ccc(NC(=O)c2ncc([nH]2)C#N)c(c1)C1=CCC(C)(C)CC1	Colony Stimulating?Factor?1	13	ChEMBL	4EXP			
O=C(Nc1ccc(CCS(=O)(=O)N2CCOCC2)cc1C1=CCCCC1)c1ncc([nH]1)C#N	Colony Stimulating?Factor?1	13	ChEMBL	4EXP			
CC1(C)CCC(=CC1)c1cc(CN2CCN(CCO)CC2)ccc1NC(=O)c1ncc([nH]1)C#N	Colony Stimulating?Factor?1	13	ChEMBL	4EXP			
O=C(Nc1ccc(Cc2nnn[nH]2)cc1C1=CCCCC1)c1ncc([nH]1)C#N	Colony Stimulating?Factor?1	13	ChEMBL	"3LCO,4DKD,4LIQ,6IG8"			
O=C(Nc1ccc(CS(=O)(=O)N2CCOCC2)cc1C1=CCCCC1)c1ncc([nH]1)C#N	Colony Stimulating?Factor?1	13	ChEMBL	"3LCO,4DKD,4LIQ,6IG8"			
COCCNCC(C)(C)c1ccc(NC(=O)c2ncc([nH]2)C#N)c(c1)C1=CCC(C)(C)CC1	Colony Stimulating?Factor?1	13	ChEMBL	4EXP			
CC(=O)N1CCN(CC1)C(C)(C)c1ccc(NC(=O)c2ncc([nH]2)C#N)c(c1)C1=CCC(C)(C)CC1	Colony Stimulating?Factor?1	13	ChEMBL	4EXP			
CN1CCN(CC1)c1ccc(Nc2ncc3c(n2)n(cc(C(N)=O)c3=O)-c2ccc3CCCc3c2)cc1	Colony Stimulating?Factor?1	13	ChEMBL	"3LCO,4DKD,4LIQ,6IG8"			
CN1CCN(CC1)c1ccc(Nc2ncc3c(n2)n(cc(C(N)=O)c3=O)-c2ccc3CCCc3c2)cc1	Colony Stimulating?Factor?1	13	ChEMBL	"3LCO,4DKD,4LIQ,6IG8"			
COc1ccc(COc2ccc(Cn3cnc4cc(ccc34)N3CCC(CC3)C(C)(C)N)cc2OC)cn1	Colony Stimulating?Factor?1	13	US Patent	"3LCO,4DKD,4LIQ,6IG8"			
COc1ccc(COc2ccc(Cn3cnc4cc(cnc34)-c3nnc(o3)C3CCNCC3)cc2OC)cn1	Colony Stimulating?Factor?1	13	US Patent	"3LCO,4DKD,4LIQ,6IG8"			
COc1ccc(COc2ccc(Cn3c(N)nc4cc(cnc34)C#CCCO)cc2OC)cn1	Colony Stimulating?Factor?1	13	US Patent	"3LCO,4DKD,4LIQ,6IG8"			
COc1ccc(COc2ccc(Cn3cnc4cc(ccc34)N3CCC(CC3)C(C)(C)N)cc2OC)cn1	Colony Stimulating?Factor?1	13	US Patent	"3LCO,4DKD,4LIQ,6IG8"			
COc1ccc(COc2ccc(Cn3cnc4cc(cnc34)-c3nnc(o3)C3CCNCC3)cc2OC)cn1	Colony Stimulating?Factor?1	13	US Patent	"3LCO,4DKD,4LIQ,6IG8"			
COc1ccc(COc2ccc(Cn3c(N)nc4cc(cnc34)C#CCCO)cc2OC)cn1	Colony Stimulating?Factor?1	13	US Patent	"3LCO,4DKD,4LIQ,6IG8"			
CCC(=O)N1CC[C@@H](C1)N1C(=O)N(Cc2cnc(Nc3ccc(N4CCN(C)CC4)c(C)c3)nc12)c1cccc(Cl)c1	Colony Stimulating?Factor?1	13	ChEMBL	"3LCO,4DKD,4LIQ,6IG8"			
FC(F)(F)c1ccc(CNc2ccc(Cc3c[nH]c4ncc(Cl)cc34)cn2)cn1	Colony Stimulating?Factor?1	13	ChEMBL	"3LCO,4DKD,4LIQ,6IG8"			
FC(F)(F)c1ccc(CNc2ccc(Cc3c[nH]c4ncc(Cl)cc34)cn2)cn1	Colony Stimulating?Factor?1	13	ChEMBL	"3LCO,4DKD,4LIQ,6IG8"			
Nc1ncnc2c(csc12)C(=O)Nc1cccc2n(Cc3cccc(F)n3)nc(Br)c12	Colony Stimulating?Factor?1	13	ChEMBL	"3LCO,4DKD,4LIQ,6IG8"			
Nc1ncnc2c(csc12)C(=O)Nc1cccc2n(Cc3ccccc3)nc(Br)c12	Colony Stimulating?Factor?1	13	ChEMBL	"3LCO,4DKD,4LIQ,6IG8"			
COc1ccc(Nc2ncc3n(C)c(=O)n([C@H]4CC[C@H](O)CC4)c3n2)c(C)c1	Colony Stimulating?Factor?1	13	ChEMBL	"3LCO,4DKD,4LIQ,6IG8"			
CCc1ccc(COc2ccc(cc2OC)C2CN(C2)C(=O)c2cc(OCCN3CCOCC3)ccn2)cc1	Colony Stimulating?Factor?1	13	ChEMBL	"3LCO,4DKD,4LIQ,6IG8"			
COc1cc(ccc1OCc1ccc(cc1)C1CC1)C1CN(C1)C(=O)c1cc(COC[C@H](O)CO)ccn1	Colony Stimulating?Factor?1	13	ChEMBL	"3LCO,4DKD,4LIQ,6IG8"			
FC(F)(F)c1ccc(CNc2ccc(Cc3c[nH]c4ncc(Cl)cc34)cn2)cn1	Colony Stimulating?Factor?1	13	ChEMBL	"3LCO,4DKD,4LIQ,6IG8"			
COc1ccc(C2COc3cc(Cn4cnc5cc(cnc45)-c4cn(C)nc4C)ccc3O2)c(F)c1	Colony Stimulating?Factor?1	13	US Patent	"3LCO,4DKD,4LIQ,6IG8"			
COc1ccc(cn1)C1COc2cc(Cn3cnc4cc(cnc34)C3CC3)cc(OC)c2O1	Colony Stimulating?Factor?1	13	US Patent	"3LCO,4DKD,4LIQ,6IG8"			
COc1ccc(cn1)C1COc2cc(Cn3cnc4cc(cnc34)N3CC(F)C3)cc(OC)c2O1	Colony Stimulating?Factor?1	13	US Patent	"3LCO,4DKD,4LIQ,6IG8"			
COc1ccc(cn1)C1COc2cc(Cn3cnc4cc(cnc34)C(=O)N3CCC3)cc(OC)c2O1	Colony Stimulating?Factor?1	13	US Patent	"3LCO,4DKD,4LIQ,6IG8"			
COc1cc(Cn2cnc3cc(CO)cnc23)cc2OCC(Oc12)c1ccc(nc1)C1CC1	Colony Stimulating?Factor?1	13	US Patent	"3LCO,4DKD,4LIQ,6IG8"			
CCc1ccc(cn1)C1COc2cc(Cn3cnc4cc(cnc34)N3CCOCC3)cc(OC)c2O1	Colony Stimulating?Factor?1	13	US Patent	"3LCO,4DKD,4LIQ,6IG8"			
COc1cc(Cn2cnc3cccnc23)cc2OC[C@@H](Oc12)c1ccc(nc1)C(C)(F)F	Colony Stimulating?Factor?1	13	US Patent	"3LCO,4DKD,4LIQ,6IG8"			
CCOc1cc(Cc2ccnc(c2)C(=O)NC)cnc1OCc1ccc(nc1)C1CC1	Colony Stimulating?Factor?1	13	US Patent	"3LCO,4DKD,4LIQ,6IG8"			
COc1ccc(COc2ccc(Cn3cnc4cc(ccc34)N3CCC(CC3)C(C)(C)N)cc2OC)cn1	Colony Stimulating?Factor?1	13	US Patent	"3LCO,4DKD,4LIQ,6IG8"			
COc1ccc(COc2ccc(Cn3cnc4cc(cnc34)-c3nnc(o3)C3CCNCC3)cc2OC)cn1	Colony Stimulating?Factor?1	13	US Patent	"3LCO,4DKD,4LIQ,6IG8"			
COc1ccc(COc2ccc(Cn3c(N)nc4cc(cnc34)C#CCCO)cc2OC)cn1	Colony Stimulating?Factor?1	13	US Patent	"3LCO,4DKD,4LIQ,6IG8"			
COc1ccc(CNC(=O)Nc2ccc(Oc3ncnc4cc(ccc34)N(C)C)cc2)cc1	Colony Stimulating?Factor?1	13	ChEMBL	"3LCO,4DKD,4LIQ,6IG8"			
COc1ccc(CNC(=O)Nc2ccc(Oc3ncnc4cc(ccc34)N(C)C)cc2)cn1	Colony Stimulating?Factor?1	13	ChEMBL	"3LCO,4DKD,4LIQ,6IG8"			
FC(F)(F)c1ccc(CNc2ccc(Cc3c[nH]c4ncc(Cl)cc34)cn2)cn1	Colony Stimulating?Factor?1	13	ChEMBL	"3LCO,4DKD,4LIQ,6IG8"			
FC(F)(F)c1ccc(CNc2ccc(Cc3c[nH]c4ncc(Cl)cc34)cn2)cn1	Colony Stimulating?Factor?1	13	ChEMBL	"3LCO,4DKD,4LIQ,6IG8"			
CCNc1ncc(-c2ccc(Oc3ccnc(c3)-c3cnn(C)c3)c(C)n2)c(=O)[nH]1	Colony Stimulating?Factor?1	13	ChEMBL	"3LCO,4DKD,4LIQ,6IG8"			
CCc1nc(NC(=O)NC(=O)C(C)(C)C)ccc1Oc1ccnc(c1)-c1cnn(C)c1	Colony Stimulating?Factor?1	13	ChEMBL	"3LCO,4DKD,4LIQ,6IG8"			
FC(F)(F)c1ccc(CNc2ccc(Cc3c[nH]c4ncc(Cl)cc34)cn2)cn1	Colony Stimulating?Factor?1	13	ChEMBL	"3LCO,4DKD,4LIQ,6IG8"			
FC(F)(F)c1ccc(CNc2ccc(Cc3c[nH]c4ncc(Cl)cc34)cn2)cn1	Colony Stimulating?Factor?1	13	ChEMBL	"3LCO,4DKD,4LIQ,6IG8"			
COc1cc(Oc2ccc3ncc(C)c(=O)n3c2)cnc1OCc1ccc(cc1)C1CC1	Colony Stimulating?Factor?1	13	US Patent	"3LCO,4DKD,4LIQ,6IG8"			
Cc1cnc2ccc(Oc3cnc(OCc4ccc(cc4)C4CC4)nc3)cn2c1=O	Colony Stimulating?Factor?1	13	US Patent	"3LCO,4DKD,4LIQ,6IG8"			
COc1cc(Oc2ccnc(c2)-c2cnn(C)c2)cnc1OCc1ccc(cc1)C1CC1	Colony Stimulating?Factor?1	13	US Patent	"3LCO,4DKD,4LIQ,6IG8"			
COc1ccc(COc2ncc(Cc3ccc4ncc(C)c(=O)n4c3)cc2OC)cc1	Colony Stimulating?Factor?1	13	US Patent	"3LCO,4DKD,4LIQ,6IG8"			
COc1ccc(nc1)[C@@H]1COc2cc(Oc3ccc4ncc(C)c(=O)n4c3)cnc2O1	Colony Stimulating?Factor?1	13	US Patent	"3LCO,4DKD,4LIQ,6IG8"			
"C[C@H]1[C@H]2CCC(O2)[C@@H](C)[C@]1(O)c1ccc(NC(=O)c2ncc([nH]2)C#N)c(c1)C1=CCC(C)(C)CC1 |r,t:31|"	Colony Stimulating?Factor?1	14	US Patent	4EXP			
Clc1ccc(NC(=O)c2cccc(Br)c2)cc1C(=O)Nc1cccnc1	Colony Stimulating?Factor?1	14	ChEMBL	"3LCO,4DKD,4LIQ,6IG8"			
CN1CCN(Cc2ccc(Nc3ncc4c(n3)n(cc(C(N)=O)c4=O)-c3ccc4CCCc4c3)cc2)CC1	Colony Stimulating?Factor?1	14	ChEMBL	"3LCO,4DKD,4LIQ,6IG8"			
CN1CCN(Cc2ccc(Nc3ncc4c(n3)n(cc(C(N)=O)c4=O)-c3ccc4CCCc4c3)cc2)CC1	Colony Stimulating?Factor?1	14	ChEMBL	"3LCO,4DKD,4LIQ,6IG8"			
CCC(=O)N1CC[C@@H](C1)N1C(=O)N(Cc2cnc(Nc3ccc(cc3)N3CCN(C)CC3)nc12)c1cc(OC)ccc1F	Colony Stimulating?Factor?1	14	ChEMBL	"3LCO,4DKD,4LIQ,6IG8"			
COc1cc(OC)cc(\C=N\c2cnc(Nc3ccc(cc3)N3CCOCC3)nc2Oc2ccc(cc2)C(F)(F)F)c1	Colony Stimulating?Factor?1	14	ChEMBL	"3LCO,4DKD,4LIQ,6IG8"			
Fc1cccc(NC(=O)CC(=O)Nc2ccc3c(\C=C\c4ccccn4)n[nH]c3c2)c1	Colony Stimulating?Factor?1	14	ChEMBL	"3LCO,4DKD,4LIQ,6IG8"			
COc1cc(ccc1OCc1ccc(cc1)C1CC1)C1CN(C1)C(=O)c1cc(COC[C@@H](O)CO)ccn1	Colony Stimulating?Factor?1	14	ChEMBL	"3LCO,4DKD,4LIQ,6IG8"			
COc1cc(OCc2ccnc(Nc3cnn(C)c3)n2)c(Cl)c2sc(N[C@H]3CCCC[C@@H]3O)nc12	Colony Stimulating?Factor?1	14	ChEMBL	4EXP			
FC(F)(F)c1ccc(CNc2ccc(Cc3c[nH]c4ncc(Cl)cc34)cn2)cn1	Colony Stimulating?Factor?1	14	ChEMBL	4EXP			
COc1ccc(cn1)C1COc2cc(Cn3cnc4cc(cnc34)C#CC(C)(C)N)ccc2O1	Colony Stimulating?Factor?1	14	US Patent	"3LCO,4DKD,4LIQ,6IG8"			
CN1CCN(CC1)c1cnc2n(Cc3cc(F)c4OC(COc4c3)c3ccc(cc3)C(F)(F)F)cnc2c1	Colony Stimulating?Factor?1	14	US Patent	"3LCO,4DKD,4LIQ,6IG8"			
COc1ccc(cn1)C1COc2cc(Cn3cnc4cc(cnc34)N3CC4(COC4)C3)cc(OC)c2O1	Colony Stimulating?Factor?1	14	US Patent	"3LCO,4DKD,4LIQ,6IG8"			
COc1ccc(cn1)C1COc2cc(Cn3cnc4cc(cnc34)N3CCN(C)CC3)cc(OC)c2O1	Colony Stimulating?Factor?1	14	US Patent	"3LCO,4DKD,4LIQ,6IG8"			
COc1ccc(cn1)[C@H]1Oc2c(OC)cc(Cn3cnc4cccnc34)cc2O[C@@H]1C	Colony Stimulating?Factor?1	14	US Patent	"3LCO,4DKD,4LIQ,6IG8"			
COCCOc1ccc(cn1)C1COc2cc(Cn3cnc4cc(cnc34)-c3cn(C)cn3)cc(OC)c2O1	Colony Stimulating?Factor?1	14	US Patent	"3LCO,4DKD,4LIQ,6IG8"			
COc1ccc(cn1)C1COc2cc(Cn3cnc4cc(cnc34)N3CCC3=O)cc(OC)c2O1	Colony Stimulating?Factor?1	14	US Patent	"3LCO,4DKD,4LIQ,6IG8"			
CCOc1cc(Oc2ccnc(c2)C(=O)NC)cnc1OCc1ccc(nc1)C1CC1	Colony Stimulating?Factor?1	14	US Patent	"3LCO,4DKD,4LIQ,6IG8"			
CC(C)N1CCOc2c(F)cc(cc12)-c1nc(Nc2ccc(C3CCN(C)CC3)c(F)c2)ncc1F	Colony Stimulating?Factor?1	14	US Patent	"3LCO,4DKD,4LIQ,6IG8"			
CC(C)N1CCOc2c(Cl)cc(cc12)-c1nc(Nc2ccc(N3CCNCC3)c(F)c2)ncc1Cl	Colony Stimulating?Factor?1	14	US Patent	"3LCO,4DKD,4LIQ,6IG8"			
CN(C)C1CCN(CC1)c1ccc(Nc2ncc(F)c(n2)-c2cc(F)c3OCCN(C)c3c2)cc1F	Colony Stimulating?Factor?1	14	US Patent	"3LCO,4DKD,4LIQ,6IG8"			
COc1ccc(NC(=O)Nc2ccc(Oc3ncnc4cc(ccc34)N(C)C)cc2)cc1	Colony Stimulating?Factor?1	14	ChEMBL	"3LCO,4DKD,4LIQ,6IG8"			
CN(C)c1ccc2c(Oc3ccc(NC(=O)NCc4ccc(nc4)C(F)(F)F)cc3)ncnc2c1	Colony Stimulating?Factor?1	14	ChEMBL	"3LCO,4DKD,4LIQ,6IG8"			
Cc1nc(ccc1Oc1ccnc(c1)-c1cnn(C)c1)-c1cnc([nH]c1=O)N1CCCC1	Colony Stimulating?Factor?1	14	ChEMBL	"3LCO,4DKD,4LIQ,6IG8"			
O=c1ccnc2ccc(Oc3cnc4O[C@@H](COc4c3)c3ccc(cn3)C3CC3)cn12	Colony Stimulating?Factor?1	14	US Patent	"3LCO,4DKD,4LIQ,6IG8"			
FC(F)(F)c1ccc(CNc2ccc(Cc3c[nH]c4ncc(Cl)cc34)cn2)cn1	Colony Stimulating?Factor?1	14.4	US Patent	"3LCO,4DKD,4LIQ,6IG8"			
CCCCNc1ncc2c(n1)n(cc(C(=O)NOC)c2=O)-c1ccc2CCCc2c1	Colony Stimulating?Factor?1	15	Curated from the literature by BindingDB	"4LIQ,6T2W,4DKD"			
C[C@H](Nc1cncc(Cl)n1)c1cccc(NC(=O)c2ccnc(C)c2)c1 |r|	Colony Stimulating?Factor?1	15	Curated from the literature by BindingDB	"4LIQ,6T2W,4DKD"			
COc1ccc(COc2ccc(Cn3cnc4cc(ccc34)-c3noc(n3)C3CCNCC3)cc2OC)cn1	Colony Stimulating?Factor?1	15	US Patent	"4LIQ,6T2W,4DKD"			
COc1ccc(COc2ccc(Cn3cnc4cc(cnc34)C3=CC4(C)CN3CCC4)cc2OC)cn1 |t:24|	Colony Stimulating?Factor?1	15	US Patent	"4LIQ,6T2W,4DKD"			
COc1cc2ncc(C(N)=O)c(Nc3cc(F)ccc3F)c2cc1OC	Colony Stimulating?Factor?1	15	ChEMBL	"3LCO,4DKD,4LIQ,6IG8"			
COc1cc2c(Nc3cccc(Cl)c3Cl)c(cnc2cc1NCCN1CCCCC1)C(N)=O	Colony Stimulating?Factor?1	15	ChEMBL	"3LCO,4DKD,4LIQ,6IG8"			
CC1CCN(CC1)c1cc(ccc1NC(=O)c1ccc(o1)C#N)C#CCN(C)C	Colony Stimulating?Factor?1	15	ChEMBL	"3LCO,4DKD,4LIQ,6IG8"			
CN1C(C)(C)CC(CC1(C)C)Oc1ccc(nc1)C(=O)Nc1ccc(NC(=O)Nc2cc(on2)C(C)(C)C)cc1	Colony Stimulating?Factor?1	15	ChEMBL	"3LCO,4DKD,4LIQ,6IG8"			
COc1ccc(COc2ccc(Cn3cnc4cc(ccc34)-c3noc(n3)C3CCNCC3)cc2OC)cn1	Colony Stimulating?Factor?1	15	US Patent	"3LCO,4DKD,4LIQ,6IG8"			
COc1ccc(COc2ccc(Cn3cnc4cc(cnc34)C3=CC4(C)CN3CCC4)cc2OC)cn1	Colony Stimulating?Factor?1	15	US Patent	"3LCO,4DKD,4LIQ,6IG8"			
COc1ccc(COc2ccc(Cn3cnc4cc(ccc34)-c3noc(n3)C3CCNCC3)cc2OC)cn1	Colony Stimulating?Factor?1	15	US Patent	"3LCO,4DKD,4LIQ,6IG8"			
COc1ccc(COc2ccc(Cn3cnc4cc(cnc34)C3=CC4(C)CN3CCC4)cc2OC)cn1	Colony Stimulating?Factor?1	15	US Patent	"3LCO,4DKD,4LIQ,6IG8"			
CCC(=O)N1CC[C@@H](C1)N1C(=O)N(Cc2cnc(Nc3ccc(N4CCN(C)CC4)c(C)c3)nc12)c1ccc(Cl)cc1	Colony Stimulating?Factor?1	15	ChEMBL	"3LCO,4DKD,4LIQ,6IG8"			
CCC(=O)N1CC[C@@H](C1)N1C(=O)N(Cc2cnc(Nc3ccc(N4CCN(C)CC4)c(Cl)c3)nc12)c1cc(OC)ccc1F	Colony Stimulating?Factor?1	15	ChEMBL	"3LCO,4DKD,4LIQ,6IG8"			
CCC(=O)N1CC[C@@H](C1)N1C(=O)N(Cc2cnc(Nc3ccc(N4CCN(C)CC4)c(C)c3)nc12)c1cccc(F)c1	Colony Stimulating?Factor?1	15	ChEMBL	"3LCO,4DKD,4LIQ,6IG8"			
COc1cc(ccc1OCc1ccc(cc1)C1CC1)C1CN(C1)C(=O)c1cc(OC[C@@H](O)CO)ccn1	Colony Stimulating?Factor?1	15	ChEMBL	"3LCO,4DKD,4LIQ,6IG8"			
COc1cc(ccc1OCc1ccc(cc1)C1CC1)C1CN(C1)C(=O)c1cc(OC[C@H](O)CO)ccn1	Colony Stimulating?Factor?1	15	ChEMBL	"3LCO,4DKD,4LIQ,6IG8"			
CCc1ccc(COc2ccc(cc2OC)C2CN(C2)C(=O)c2cc(OCCN3CCNC(=O)C3)ccn2)cc1	Colony Stimulating?Factor?1	15	ChEMBL	"3LCO,4DKD,4LIQ,6IG8"			
COc1cc(ccc1OCc1ccc(cc1)C1CC1)C1CN(C1)C(=O)c1cc(COCC(CO)CO)ccn1	Colony Stimulating?Factor?1	15	ChEMBL	4EXP			
COc1ccc(cc1)C1COc2cc(Cn3cnc4cc(cnc34)N3CCN(C)CC3)ccc2O1	Colony Stimulating?Factor?1	15	US Patent	"3LCO,4DKD,4LIQ,6IG8"			
COC1CN(C1)c1ccc2c(Cc3cc(F)c4OC(COc4c3)c3ccc(OC)nc3)cnn2c1	Colony Stimulating?Factor?1	15	US Patent	"3LCO,4DKD,4LIQ,6IG8"			
COc1ccc(cn1)C1COc2cc(Cn3cnc4cc(cnc34)C#CC(C)(C)O)cc(OC)c2O1	Colony Stimulating?Factor?1	15	US Patent	"3LCO,4DKD,4LIQ,6IG8"			
COc1ccc(cn1)C1COc2cc(Cn3cnc4cc(cnc34)N3CCC3)cc(OC)c2O1	Colony Stimulating?Factor?1	15	US Patent	"3LCO,4DKD,4LIQ,6IG8"			
COc1ccc(cn1)C1COc2cc(Cn3cnc4cc(cnc34)-n3ccnc3C)cc(OC)c2O1	Colony Stimulating?Factor?1	15	US Patent	"3LCO,4DKD,4LIQ,6IG8"			
COc1cnc2n(Cc3cc(OC)c4O[C@H]([C@H](C)Oc4c3)c3ccc(OC)nc3)cnc2c1	Colony Stimulating?Factor?1	15	US Patent	"3LCO,4DKD,4LIQ,6IG8"			
COc1cc(Cn2cnc3cc(cnc23)C#CC(C)(C)N)cc2OCC(Oc12)c1csc(n1)C1CC1	Colony Stimulating?Factor?1	15	US Patent	"3LCO,4DKD,4LIQ,6IG8"			
COc1cc(Cn2cnc3cc(cnc23)C#CC(C)(C)N)ccc1OCc1ccc(C)nc1	Colony Stimulating?Factor?1	15	US Patent	"3LCO,4DKD,4LIQ,6IG8"			
COc1ccc(COc2ccc(Cn3cnc4cc(ccc34)-c3noc(n3)C3CCNCC3)cc2OC)cn1	Colony Stimulating?Factor?1	15	US Patent	"3LCO,4DKD,4LIQ,6IG8"			
COc1ccc(COc2ccc(Cn3cnc4cc(cnc34)C3=CC4(C)CN3CCC4)cc2OC)cn1	Colony Stimulating?Factor?1	15	US Patent	"3LCO,4DKD,4LIQ,6IG8"			
CN(C)c1ccc2c(Oc3ccc(NC(=O)Nc4ccccc4Cl)cc3)ncnc2c1	Colony Stimulating?Factor?1	15	ChEMBL	"3LCO,4DKD,4LIQ,6IG8"			
CN(C)c1ccc2c(Oc3ccc(NC(=O)NCCc4ccccc4)cc3)ncnc2c1	Colony Stimulating?Factor?1	15	ChEMBL	"3LCO,4DKD,4LIQ,6IG8"			
Cc1cc(ncc1Oc1ccnc(c1)-c1cnn(C)c1)-c1cnc([nH]c1=O)N1CCCC1	Colony Stimulating?Factor?1	15	ChEMBL	"3LCO,4DKD,4LIQ,6IG8"			
CN(Cc1ccccc1)c1ncnc2[nH]c(cc12)-c1ccccc1	Colony Stimulating?Factor?1	15	ChEMBL	"4LIQ,6T2W,4DKD"			
COc1cc(Oc2ccc3N=CN4CCN=C4c3c2)cnc1OCc1ccc(cc1)C1CC1	Colony Stimulating?Factor?1	15	US Patent	"3LCO,4DKD,4LIQ,6IG8"			
COc1cc(Oc2ccc3ncc(C)c(=O)n3c2)cnc1OCc1ccc(cc1)C#C	Colony Stimulating?Factor?1	15	US Patent	"3LCO,4DKD,4LIQ,6IG8"			
COc1cccc(CCOc2ncc(Oc3ccc4ncc(C)c(=O)n4c3)cc2OC)c1	Colony Stimulating?Factor?1	15	US Patent	"3LCO,4DKD,4LIQ,6IG8"			
Cc1cnc2ccc(Oc3cnc4O[C@H](COc4c3)c3ccc(cn3)C3CC3)cn2c1=O	Colony Stimulating?Factor?1	15	US Patent	"3LCO,4DKD,4LIQ,6IG8"			
Cc1cnc2ccc(Oc3cnc4O[C@@H](COc4c3)c3ccc(cc3)C3CC3)cn2c1=O	Colony Stimulating?Factor?1	15	US Patent	"3LCO,4DKD,4LIQ,6IG8"			
CN(Cc1ccccc1)c1ncnc2[nH]c(cc12)-c1ccccc1	Colony Stimulating?Factor?1	15	ChEMBL	"4LIQ,6T2W,4DKD"			
"C[C@H]1[C@@H]2OC(C=C2)[C@@H](C)[C@]1(O)c1ccc(NC(=O)c2ncc([nH]2)C#N)c(c1)C1=CCC(C)(C)CC1 |r,c:5,t:31|"	Colony Stimulating?Factor?1	16	US Patent	4EXP			
COc1ccc(COc2ccc(Cn3cnc4cc(cnc34)N3CCN(C)CC3)cc2OC)cn1	Colony Stimulating?Factor?1	16	US Patent	"4LIQ,6T2W,4DKD"			
COc1ccc(COc2ccc(Cn3cnc4cc(cnc34)N3CCN(CC3)C3CC3)cc2OC)cn1	Colony Stimulating?Factor?1	16	US Patent	"4LIQ,6T2W,4DKD"			
NC(=O)c1cnc2cc(ccc2c1Nc1ccccc1)-c1ccncc1	Colony Stimulating?Factor?1	16	ChEMBL	"3LCO,4DKD,4LIQ,6IG8"			
NC(=O)c1cnc2cc(ccc2c1Nc1ccccc1)-c1ccc(cc1)C(=O)N1CCCCC1	Colony Stimulating?Factor?1	16	ChEMBL	"3LCO,4DKD,4LIQ,6IG8"			
CS(=O)(=O)c1ccc(cc1)-c1ccc2c(Nc3ccccc3)c(cnc2c1)C(N)=O	Colony Stimulating?Factor?1	16	ChEMBL	"3LCO,4DKD,4LIQ,6IG8"			
NC(=O)c1cnc2cc(ccc2c1Nc1ccccc1)-c1ccc(Br)cc1	Colony Stimulating?Factor?1	16	ChEMBL	"3LCO,4DKD,4LIQ,6IG8"			
CN(C)c1cccc(c1)C(=O)Nc1ccc(Cl)c(c1)C(=O)Nc1cccnc1	Colony Stimulating?Factor?1	16	ChEMBL	"3LCO,4DKD,4LIQ,6IG8"			
FC(F)(F)c1cccc(c1)C(=O)Nc1ccc(Cl)c(c1)C(=O)Nc1cccnc1	Colony Stimulating?Factor?1	16	ChEMBL	"3LCO,4DKD,4LIQ,6IG8"			
COc1cc2ncc(C(N)=O)c(Nc3ccc(F)c(Cl)c3)c2cc1OC	Colony Stimulating?Factor?1	16	ChEMBL	"3LCO,4DKD,4LIQ,6IG8"			
CC1CCN(CC1)c1cc(ccc1NC(=O)c1ccc(o1)C#N)C#CCN(C)S(C)(=O)=O	Colony Stimulating?Factor?1	16	ChEMBL	"3LCO,4DKD,4LIQ,6IG8"			
Nc1ncc(-c2cnn(CCO)c2)c2scc(-c3ccc(NC(=O)Nc4cccc(F)c4)cc3)c12	Colony Stimulating?Factor?1	16	ChEMBL	"3LCO,4DKD,4LIQ,6IG8"			
COc1ccc(COc2ccc(Cn3cnc4cc(cnc34)N3CCN(C)CC3)cc2OC)cn1	Colony Stimulating?Factor?1	16	US Patent	"3LCO,4DKD,4LIQ,6IG8"			
COc1ccc(COc2ccc(Cn3cnc4cc(cnc34)N3CCN(CC3)C3CC3)cc2OC)cn1	Colony Stimulating?Factor?1	16	US Patent	"3LCO,4DKD,4LIQ,6IG8"			
COc1ccc(COc2ccc(Cn3cnc4cc(cnc34)N3CCN(C)CC3)cc2OC)cn1	Colony Stimulating?Factor?1	16	US Patent	"3LCO,4DKD,4LIQ,6IG8"			
COc1ccc(COc2ccc(Cn3cnc4cc(cnc34)N3CCN(CC3)C3CC3)cc2OC)cn1	Colony Stimulating?Factor?1	16	US Patent	"3LCO,4DKD,4LIQ,6IG8"			
Cc1ccc(NC(=O)c2cccc(c2)C(F)(F)F)cc1NC(=O)c1cncc(c1)-c1cnn(C)c1	Colony Stimulating?Factor?1	16	ChEMBL	"3LCO,4DKD,4LIQ,6IG8"			
CCC(=O)N1CC[C@@H](C1)N1C(=O)N(Cc2cnc(Nc3ccc(N4CCN(C)CC4)c(C)c3)nc12)c1cccc(C)c1	Colony Stimulating?Factor?1	16	ChEMBL	"3LCO,4DKD,4LIQ,6IG8"			
COc1cc(NC(=O)c2cccc(c2)C#Cc2cc(cnc2N)-c2cnn(C)c2)cc(OC)c1	Colony Stimulating?Factor?1	16	ChEMBL	"3LCO,4DKD,4LIQ,6IG8"			
Nc1n[nH]c2cccc(C#Cc3cccc(NC(=O)c4ccc(N5CCOCC5)c(c4)C(F)(F)F)c3)c12	Colony Stimulating?Factor?1	16	ChEMBL	"3LCO,4DKD,4LIQ,6IG8"			
COc1ccc(cn1)[C@H]1COc2cc(Cn3cnc4cc(cnc34)C#CC(C)(C)N)ccc2O1	Colony Stimulating?Factor?1	16	US Patent	"3LCO,4DKD,4LIQ,6IG8"			
Fc1cc(Cn2cnc3cc(cnc23)C#CC2CCCNC2)cc2OCC(Oc12)c1ccc(cc1)C(F)(F)F	Colony Stimulating?Factor?1	16	US Patent	"3LCO,4DKD,4LIQ,6IG8"			
COC1CN(C1)c1cnc2n(Cc3cc(OC)c4OC(COc4c3)c3ccc(OC)nc3)cnc2c1	Colony Stimulating?Factor?1	16	US Patent	"3LCO,4DKD,4LIQ,6IG8"			
COc1ccc(cn1)C1COc2cc(Cn3cnc4cc(OC5COC5)cnc34)cc(OC)c2O1	Colony Stimulating?Factor?1	16	US Patent	"3LCO,4DKD,4LIQ,6IG8"			
COc1ccc(cn1)C1CCc2cc(Cc3cnn4cc(cnc34)C#CC(C)(C)N)cc(OC)c2O1	Colony Stimulating?Factor?1	16	US Patent	"3LCO,4DKD,4LIQ,6IG8"			
COc1ccc(COc2ccc(Cn3cnc4cc(cnc34)N3CCN(C)CC3)cc2OC)cn1	Colony Stimulating?Factor?1	16	US Patent	"3LCO,4DKD,4LIQ,6IG8"			
COc1ccc(COc2ccc(Cn3cnc4cc(cnc34)N3CCN(C)CC3)cc2OC)cn1	Colony Stimulating?Factor?1	16	US Patent	"3LCO,4DKD,4LIQ,6IG8"			
COc1ccc(COc2ccc(Cn3cnc4cc(cnc34)N3CCN(CC3)C3CC3)cc2OC)cn1	Colony Stimulating?Factor?1	16	US Patent	"3LCO,4DKD,4LIQ,6IG8"			
CN(C)c1ccc2c(Oc3ccc(NC(=O)NCc4ccccc4)cc3)ncnc2c1	Colony Stimulating?Factor?1	16	ChEMBL	"3LCO,4DKD,4LIQ,6IG8"			
CN(C)c1ccc2c(Oc3ccc(NC(=O)NCc4ccc(cc4)S(N)(=O)=O)cc3)ncnc2c1	Colony Stimulating?Factor?1	16	ChEMBL	"3LCO,4DKD,4LIQ,6IG8"			
COc1cc(Oc2ccc3ncc(C)c(=O)n3c2)cnc1OCc1ccc(cc1)C(C)(C)O	Colony Stimulating?Factor?1	16	US Patent	"3LCO,4DKD,4LIQ,6IG8"			
CN(Cc1cccc(C)c1)c1ncnc2[nH]c(cc12)-c1ccc(O)cc1	Colony Stimulating?Factor?1	16	ChEMBL	"4LIQ,6T2W,4DKD"			
Oc1ccc(N2CCCCC2)c(NC(=O)c2ccc(o2)C#N)c1	Colony Stimulating?Factor?1	17	ChEMBL	"3LCO,4DKD,4LIQ,6IG8"			
O=C(Nc1cc(ccc1N1CCCCC1)N1CCCCC1)c1ccc(o1)C#N	Colony Stimulating?Factor?1	17	ChEMBL	"3LCO,4DKD,4LIQ,6IG8"			
O=C(Nc1ccc(cc1N1CCCCC1)N1CCCCC1)c1ccc(o1)C#N	Colony Stimulating?Factor?1	17	ChEMBL	"3LCO,4DKD,4LIQ,6IG8"			
COc1cc2c(Nc3ccc(F)c(Cl)c3)c(cnc2cc1OCCNC1CC1)C(N)=O	Colony Stimulating?Factor?1	17	ChEMBL	"3LCO,4DKD,4LIQ,6IG8"			
COc1cc2c(Nc3ccc(F)c(Cl)c3)c(cnc2cc1OCCN1CCCC1)C(N)=O	Colony Stimulating?Factor?1	17	ChEMBL	"3LCO,4DKD,4LIQ,6IG8"			
CC(C)(CN1CCN(CCO)CC1)c1ccc(NC(=O)c2ncc([nH]2)C#N)c(c1)C1=CCC(C)(C)CC1	Colony Stimulating?Factor?1	17	ChEMBL	4EXP			
CC(C)(N1CCOCC1)c1ccc(NC(=O)c2ncc([nH]2)C#N)c(c1)C1=CCC(C)(C)CC1	Colony Stimulating?Factor?1	17	ChEMBL	4EXP			
C[C@@H](Nc1c(nnc2cc(ccc12)-c1ccc(cc1)S(C)(=O)=O)C(N)=O)C1CC1	Colony Stimulating?Factor?1	17	ChEMBL	"3LCO,4DKD,4LIQ,6IG8"			
CCC(=O)N1CC[C@@H](C1)N1C(=O)N(Cc2cnc(Nc3ccc(N4CCN(C)CC4)c(F)c3)nc12)c1cc(OC)ccc1F	Colony Stimulating?Factor?1	17	ChEMBL	"3LCO,4DKD,4LIQ,6IG8"			
COc1cc(NC(=O)c2ccc(C)c(c2)C#Cc2cc(Cl)cnc2N)cc(OC)c1	Colony Stimulating?Factor?1	17	ChEMBL	"3LCO,4DKD,4LIQ,6IG8"			
CCc1ccc(COc2ccc(cc2OC)C2CN(C2)C(=O)c2cc(COCC(CO)(CO)CO)ccn2)cc1	Colony Stimulating?Factor?1	17	ChEMBL	"3LCO,4DKD,4LIQ,6IG8"			
COc1ccc(COc2ccc(cc2OC)C2CN(C2)C(=O)c2cc(OCCN3CCN(C)CC3)ccn2)cc1	Colony Stimulating?Factor?1	17	ChEMBL	"3LCO,4DKD,4LIQ,6IG8"			
Nc1nccc(COc2cc(OC(F)(F)F)c3nc(N[C@@H]4CCCC[C@H]4O)sc3c2)c1Cl	Colony Stimulating?Factor?1	17	ChEMBL	"3LCO,4DKD,4LIQ,6IG8"			
COc1cc(OCc2ccnc(Nc3cnn(C)c3)n2)cc2sc(N[C@H]3CCCC[C@@H]3O)nc12	Colony Stimulating?Factor?1	17	ChEMBL	"3LCO,4DKD,4LIQ,6IG8"			
COc1cc(Cn2cnc3cccnc23)cc2OCC(Oc12)c1ccc(OC(F)F)cc1	Colony Stimulating?Factor?1	17	US Patent	"3LCO,4DKD,4LIQ,6IG8"			
COc1cnc2n(Cc3cc(OC)c4OC(COc4c3)c3ccc(OC(F)F)nc3)cnc2c1	Colony Stimulating?Factor?1	17	US Patent	"3LCO,4DKD,4LIQ,6IG8"			
COc1ccc(cn1)C1CCc2cc(Cc3cnn4cc(cnc34)N3CCOCC3)cc(OC)c2O1	Colony Stimulating?Factor?1	17	US Patent	"3LCO,4DKD,4LIQ,6IG8"			
COc1ccc(cn1)C1CCc2cc(Cc3cnn4cc(ccc34)C#CC(C)(C)N)cc(OC)c2O1	Colony Stimulating?Factor?1	17	US Patent	"3LCO,4DKD,4LIQ,6IG8"			
CC(C)N1CCc2c(C1)cccc2Nc1ncc(F)c(n1)-c1cc(F)c2OCCN(C(C)C)c2c1	Colony Stimulating?Factor?1	17	US Patent	"3LCO,4DKD,4LIQ,6IG8"			
CCN1CCN(Cc2ccc(Nc3ncc(F)c(n3)-c3cc(F)c4OCCN(C(C)C)c4c3)cc2F)CC1	Colony Stimulating?Factor?1	17	US Patent	"3LCO,4DKD,4LIQ,6IG8"			
CC(C)N1CCOc2c(F)cc(cc12)-c1nc(Nc2ccc(C(=O)N3CCC(CC3)N(C)C)c(F)c2)ncc1F	Colony Stimulating?Factor?1	17	US Patent	"3LCO,4DKD,4LIQ,6IG8"			
FC(F)(F)c1ccc(CNc2ccc(Cc3c[nH]c4ncc(Cl)cc34)cn2)cn1	Colony Stimulating?Factor?1	17	ChEMBL	"3LCO,4DKD,4LIQ,6IG8"			
COc1ccc(cn1)[C@@H]1COc2cc(Oc3ccc4nccc(=O)n4c3)cnc2O1	Colony Stimulating?Factor?1	17	US Patent	"3LCO,4DKD,4LIQ,6IG8"			
CN(Cc1cccc(C)c1)c1ncnc2[nH]c(cc12)-c1ccccc1	Colony Stimulating?Factor?1	17	ChEMBL	"4LIQ,6T2W,4DKD"			
[O-][n+]1ccc(cc1)C(=O)N1CCC(CC1)c1ccc(NC(=O)c2ncc([nH]2)C#N)c(c1)C1=CCCCC1	Colony Stimulating?Factor?1	18	ChEMBL	4EXP			
CN1CCN(CC1)c1ccc(NC(=O)c2ccc(o2)C#N)c(c1)C1=CCCCC1	Colony Stimulating?Factor?1	18	ChEMBL	"3LCO,4DKD,4LIQ,6IG8"			
"CC(C)(CN1C[C@H](O)[C@H](O)C1)c1ccc(NC(=O)c2ncc([nH]2)C#N)c(c1)C1=CCC(C)(C)CC1 |r,t:30|"	Colony Stimulating?Factor?1	18	US Patent	4EXP			
COc1cc(Cn2c(N)nc3cc(cnc23)-c2cnn(C)c2)ccc1OCc1ccc(SC(F)(F)F)cc1	Colony Stimulating?Factor?1	18	US Patent	"4LIQ,6T2W,4DKD"			
COc1cc2ncc(C(N)=O)c(Nc3cccc(Cl)c3)c2cc1OC	Colony Stimulating?Factor?1	18	ChEMBL	"3LCO,4DKD,4LIQ,6IG8"			
COc1cc2ncc(C(N)=O)c(Nc3ccc(Cl)cc3F)c2cc1OC	Colony Stimulating?Factor?1	18	ChEMBL	"3LCO,4DKD,4LIQ,6IG8"			
COCCN(C)CCOc1cc2ncc(C(N)=O)c(Nc3ccc(F)c(Cl)c3)c2cc1OC	Colony Stimulating?Factor?1	18	ChEMBL	"3LCO,4DKD,4LIQ,6IG8"			
CC1(C)CCC(=CC1)c1cc(CCO)ccc1NC(=O)c1ncc([nH]1)C#N	Colony Stimulating?Factor?1	18	ChEMBL	4EXP			
CC(C)(CNCCS(C)(=O)=O)c1ccc(NC(=O)c2ncc([nH]2)C#N)c(c1)C1=CCC(C)(C)CC1	Colony Stimulating?Factor?1	18	ChEMBL	4EXP			
CN1CCN(CC1)c1ccc(NC(=O)c2ccc(o2)C#N)c(c1)C1=CCCCC1	Colony Stimulating?Factor?1	18	ChEMBL	"3LCO,4DKD,4LIQ,6IG8"			
CC1(C)CCC(=CC1)c1nc(ccc1NC(=O)c1nc(c[nH]1)C#N)C1CC(C)(C)OC(C)(C)C1	Colony Stimulating?Factor?1	18	US Patent	"3LCO,4DKD,4LIQ,6IG8"			
COc1cc(Cn2c(N)nc3cc(cnc23)-c2cnn(C)c2)ccc1OCc1ccc(SC(F)(F)F)cc1	Colony Stimulating?Factor?1	18	US Patent	"3LCO,4DKD,4LIQ,6IG8"			
CC1(C)CCC(=CC1)c1nc(ccc1NC(=O)c1nc(c[nH]1)C#N)C1CC(C)(C)OC(C)(C)C1	Colony Stimulating?Factor?1	18	US Patent	"3LCO,4DKD,4LIQ,6IG8"			
COc1cc(Cn2c(N)nc3cc(cnc23)-c2cnn(C)c2)ccc1OCc1ccc(SC(F)(F)F)cc1	Colony Stimulating?Factor?1	18	US Patent	"3LCO,4DKD,4LIQ,6IG8"			
CCC(=O)N1CC[C@@H](C1)N1C(=O)N(Cc2cnc(Nc3ccc(N4CCN(C)CC4)c(C)c3)nc12)c1ccc(F)cc1	Colony Stimulating?Factor?1	18	ChEMBL	"3LCO,4DKD,4LIQ,6IG8"			
COc1cc2nccc(Oc3ccc(NC(=O)Cc4ccc(Cl)c(c4)C(F)(F)F)cc3)c2cc1OC	Colony Stimulating?Factor?1	18	ChEMBL	"3LCO,4DKD,4LIQ,6IG8"			
CCc1ccc(COc2ccc(cc2OC)C2CN(C2)C(=O)c2cc(COC[C@@H](O)CO)ccn2)cc1	Colony Stimulating?Factor?1	18	ChEMBL	"3LCO,4DKD,4LIQ,6IG8"			
CC1(C)CCC(=CC1)c1nc(ccc1NC(=O)c1nc(c[nH]1)C#N)C1CC(C)(C)OC(C)(C)C1	Colony Stimulating?Factor?1	18	US Patent	"3LCO,4DKD,4LIQ,6IG8"			
CC1(C)CCC(=CC1)c1nc(ccc1NC(=O)c1nc(c[nH]1)C#N)C1CC(C)(C)OC(C)(C)C1	Colony Stimulating?Factor?1	18	US Patent	"3LCO,4DKD,4LIQ,6IG8"			
COc1ccc(cn1)C1COc2cc(Cn3cnc4cc(cnc34)N(C)C)cc(OC)c2O1	Colony Stimulating?Factor?1	18	US Patent	"3LCO,4DKD,4LIQ,6IG8"			
COc1ccc(cn1)C1COc2cc(Cc3cnn4cccnc34)cc(OC)c2O1	Colony Stimulating?Factor?1	18	US Patent	"3LCO,4DKD,4LIQ,6IG8"			
COc1ccc(cn1)C1COc2cc(Cc3cnc4cc(Cl)cnn34)cc(OC)c2O1	Colony Stimulating?Factor?1	18	US Patent	"3LCO,4DKD,4LIQ,6IG8"			
CCc1ccc(cn1)C1COc2cc(Cn3cnc4cc(OC5CN(C)C5)cnc34)cc(OC)c2O1	Colony Stimulating?Factor?1	18	US Patent	"3LCO,4DKD,4LIQ,6IG8"			
CC(C)N1CCOc2c(F)cc(cc12)-c1nc(Nc2ccc3CC(Cc3c2)N(C)C)ncc1F	Colony Stimulating?Factor?1	18	US Patent	"3LCO,4DKD,4LIQ,6IG8"			
COc1cc(Cn2c(N)nc3cc(cnc23)-c2cnn(C)c2)ccc1OCc1ccc(SC(F)(F)F)cc1	Colony Stimulating?Factor?1	18	US Patent	"3LCO,4DKD,4LIQ,6IG8"			
COc1ccc(cn1)[C@@H]1Oc2c(OC)cc(Cn3cnc4cccnc34)cc2O[C@H]1C	Colony Stimulating?Factor?1	18	US Patent	"3LCO,4DKD,4LIQ,6IG8"			
Cc1nc(Nc2ncc(s2)C(=O)Nc2c(C)cccc2Cl)cc(n1)N1CCN(CCO)CC1	Colony Stimulating?Factor?1	18	ChEMBL	"3LCO,4DKD,4LIQ,6IG8"			
Cc1nc(ccc1Oc1ccnc(c1)-c1cnn(C)c1)-c1cnc([nH]c1=O)N1CCCCC1	Colony Stimulating?Factor?1	18	ChEMBL	"3LCO,4DKD,4LIQ,6IG8"			
COc1ccc(cc1F)-c1cc2c(ncnc2[nH]1)N(C)Cc1cccc(C)c1	Colony Stimulating?Factor?1	18	ChEMBL	"4LIQ,6T2W,4DKD"			
CSc1ccn2c(cnc2c1)C(=O)Nc1cccc2n(Cc3cccc(C)n3)nc(C3CC3)c12	Colony Stimulating?Factor?1	18.5	US Patent	"4LIQ,6T2W,4DKD"			
CC(C)(Nc1ccccn1)c1ccc(NC(=O)c2ncc([nH]2)C#N)c(c1)C1=CCC(C)(C)CC1 |t:29|	Colony Stimulating?Factor?1	19	US Patent	4EXP			
COc1cc(ccc1OCc1ccc(cc1)C(F)(F)F)[C@H](C)n1c(N)nc2cc(cnc12)-c1cnn(C)c1 |r|	Colony Stimulating?Factor?1	19	US Patent	"4LIQ,6T2W,4DKD"			
COc1cc(ccc1OCc1ccc(nc1)C(F)(F)F)C(C)n1c(N)nc2cc(cnc12)-c1cnn(C)c1	Colony Stimulating?Factor?1	19	US Patent	"4LIQ,6T2W,4DKD"			
OCC(O)COCc1ccc(N2CCCCC2)c(NC(=O)c2ccc(o2)C#N)c1	Colony Stimulating?Factor?1	19	ChEMBL	"3LCO,4DKD,4LIQ,6IG8"			
CC(C)(Nc1ccccn1)c1ccc(NC(=O)c2ncc([nH]2)C#N)c(c1)C1=CCC(C)(C)CC1	Colony Stimulating?Factor?1	19	ChEMBL	"3LCO,4DKD,4LIQ,6IG8"			
CC(C)(CN1CCS(=O)(=O)CC1)c1ccc(NC(=O)c2ncc([nH]2)C#N)c(c1)C1=CCC(C)(C)CC1	Colony Stimulating?Factor?1	19	ChEMBL	4EXP			
COc1cc(ccc1OCc1ccc(cc1)C(F)(F)F)[C@H](C)n1c(N)nc2cc(cnc12)-c1cnn(C)c1	Colony Stimulating?Factor?1	19	US Patent	"3LCO,4DKD,4LIQ,6IG8"			
COc1cc(ccc1OCc1ccc(nc1)C(F)(F)F)C(C)n1c(N)nc2cc(cnc12)-c1cnn(C)c1	Colony Stimulating?Factor?1	19	US Patent	"3LCO,4DKD,4LIQ,6IG8"			
COc1cc(ccc1OCc1ccc(cc1)C(F)(F)F)C(C)n1c(N)nc2cc(cnc12)-c1cnn(C)c1	Colony Stimulating?Factor?1	19	US Patent	"3LCO,4DKD,4LIQ,6IG8"			
COc1cc(ccc1OCc1ccc(cc1)C(F)(F)F)C(C)n1c(N)nc2cc(cnc12)-c1cnn(CCO)c1	Colony Stimulating?Factor?1	19	US Patent	"3LCO,4DKD,4LIQ,6IG8"			
CCn1nc(Cn2nc(Br)c3c(NC(=O)c4csc5c(N)ncnc45)cccc23)cc1C(C)C	Colony Stimulating?Factor?1	19	ChEMBL	"3LCO,4DKD,4LIQ,6IG8"			
COCC#Cc1cnc2n(Cc3cc(OC)c4OC(COc4c3)c3ccc(OC)nc3)cnc2c1	Colony Stimulating?Factor?1	19	US Patent	"3LCO,4DKD,4LIQ,6IG8"			
COc1ccc(cn1)C1COc2cc(Cn3cnc4cc(cnc34)-n3cc(C)nc3C)cc(OC)c2O1	Colony Stimulating?Factor?1	19	US Patent	"3LCO,4DKD,4LIQ,6IG8"			
CCCc1ccc(cn1)C1COc2cc(Cn3cnc4cccnc34)cc(OC)c2O1	Colony Stimulating?Factor?1	19	US Patent	"3LCO,4DKD,4LIQ,6IG8"			
COc1cc(Cn2cnc3cc(cnc23)N2CC(C2)N(C)C)cc2OCC(Oc12)c1ccc(OC(F)F)cc1	Colony Stimulating?Factor?1	19	US Patent	"3LCO,4DKD,4LIQ,6IG8"			
COc1cc(Cn2cnc3cc(cnc23)-c2cnn(c2)C2CCNCC2)cc2OCC(Oc12)C1CC1	Colony Stimulating?Factor?1	19	US Patent	"3LCO,4DKD,4LIQ,6IG8"			
COC1CN(C1)c1cnn2c(Cc3cc(OC)c4OC(COc4c3)c3ccc(OC)nc3C)cnc2c1	Colony Stimulating?Factor?1	19	US Patent	"3LCO,4DKD,4LIQ,6IG8"			
CCN(CC)c1ccc(cn1)C1COc2cc(Cn3cnc4cccnc34)cc(OC)c2O1	Colony Stimulating?Factor?1	19	US Patent	"3LCO,4DKD,4LIQ,6IG8"			
COc1cc(Cn2cnc3cccnc23)cc2OCC(Oc12)c1ccc(nc1)C(C)(C)F	Colony Stimulating?Factor?1	19	US Patent	"3LCO,4DKD,4LIQ,6IG8"			
CC(C)N1CCOc2c(F)cc(cc12)-c1nc(Nc2ccc(C3CCNCC3)c(F)c2)ncc1F	Colony Stimulating?Factor?1	19	US Patent	"3LCO,4DKD,4LIQ,6IG8"			
COc1cc(ccc1OCc1ccc(cc1)C(F)(F)F)[C@H](C)n1c(N)nc2cc(cnc12)-c1cnn(C)c1	Colony Stimulating?Factor?1	19	US Patent	"3LCO,4DKD,4LIQ,6IG8"			
COc1cc(ccc1OCc1ccc(nc1)C(F)(F)F)C(C)n1c(N)nc2cc(cnc12)-c1cnn(C)c1	Colony Stimulating?Factor?1	19	US Patent	"3LCO,4DKD,4LIQ,6IG8"			
CN(C)c1ccc2c(Oc3ccc(NC(=O)NCc4c(F)c(F)c(F)c(F)c4F)cc3)ncnc2c1	Colony Stimulating?Factor?1	19	ChEMBL	"3LCO,4DKD,4LIQ,6IG8"			
CN(C)CCCOc1ccc2c(NCCc3cnc(NC(=O)Nc4cccc(Cl)c4)s3)ncnc2c1	Colony Stimulating?Factor?1	19	ChEMBL	"3LCO,4DKD,4LIQ,6IG8"			
OCCn1cc(cn1)-c1cc(Oc2cnc3OC(COc3c2)c2ccc(cc2)C2CC2)ccn1	Colony Stimulating?Factor?1	19	US Patent	"3LCO,4DKD,4LIQ,6IG8"			
Cc1cc(NC(=O)c2cccc3cc(ccc23)-c2cccc3[nH]nc(N)c23)ccc1F	Colony Stimulating?Factor?1	19.3	US Patent	"3LCO,4DKD,4LIQ,6IG8"			
CC1(C)CCC(=CC1)c1cc(ccc1NC(=O)c1nc(c[nH]1)C#N)C1(CCCCC1)C#N	Colony Stimulating?Factor?1	20	US Patent	4EXP			
COc1cc2ncnc(Oc3cnn(CC(=O)Nc4ccc(cn4)N(C)C)c3)c2cc1OC	Colony Stimulating?Factor?1	20	ChEMBL	"3LCO,4DKD,4LIQ,6IG8"			
O=C(Nc1ccc(CN2CCOCC2)cc1C1=CCCCC1)c1ncc([nH]1)C#N	Colony Stimulating?Factor?1	20	ChEMBL	4EXP			
COc1cc2nccc(Oc3ccc4c(cccc4c3)C(=O)Nc3ccc(Cl)cc3)c2cc1OC	Colony Stimulating?Factor?1	20	ChEMBL	"3LCO,4DKD,4LIQ,6IG8"			
COc1cc(Oc2ccnc3cc(OC)c(OC)cc23)ccc1CC(=O)Nc1noc(C)c1C	Colony Stimulating?Factor?1	20	ChEMBL	"3LCO,4DKD,4LIQ,6IG8"			
CCn1cc(NC(=O)Cc2ncc(Oc3ccnc4cc(OC)ccc34)cc2OC)cn1	Colony Stimulating?Factor?1	20	ChEMBL	"3LCO,4DKD,4LIQ,6IG8"			
CN(C)S(=O)(=O)c1ccc(cc1)-c1ccc(NC(=O)c2ncc([nH]2)C#N)c(c1)C1=CCCCC1	Colony Stimulating?Factor?1	20	ChEMBL	"3LCO,4DKD,4LIQ,6IG8"			
CN1CCN(Cc2ccc(cc2C(F)(F)F)C(=O)Nc2ccc(C)c(NC(=O)c3cccc(c3)-c3nn[nH]n3)c2)CC1	Colony Stimulating?Factor?1	20	ChEMBL	"3LCO,4DKD,4LIQ,6IG8"			
CN1CCN(Cc2ccc(NC(=O)c3ccc(C)c(NC(=O)c4cccc(c4)-c4cccnc4)c3)cc2C(F)(F)F)CC1	Colony Stimulating?Factor?1	20	ChEMBL	"3LCO,4DKD,4LIQ,6IG8"			
CCC(=O)N1CC[C@@H](C1)N1C(=O)N(Cc2cnc(Nc3ccc(cc3C)N3CCN(C)CC3)nc12)c1cc(OC)ccc1F	Colony Stimulating?Factor?1	20	ChEMBL	"3LCO,4DKD,4LIQ,6IG8"			
CN1CCN(CC1)c1ccc(Nc2ncc3CN(C(=O)N([C@H]4CCN(C4)C(=O)CO)c3n2)c2ccccc2Cl)cc1C	Colony Stimulating?Factor?1	20	ChEMBL	"3LCO,4DKD,4LIQ,6IG8"			
CN1CCN(CC1)c1ccc(Nc2ncc3CN(C(=O)N([C@H]4CCN(C4)C(=O)C(C)(C)C)c3n2)c2ccccc2Cl)cc1C	Colony Stimulating?Factor?1	20	ChEMBL	"3LCO,4DKD,4LIQ,6IG8"			
Cc1cccc(Cn2nc(Cl)c3c(NC(=O)c4csc5c(N)ncnc45)cccc23)n1	Colony Stimulating?Factor?1	20	ChEMBL	"3LCO,4DKD,4LIQ,6IG8"			
COc1ccccc1NC(=O)c1ccc(C)c(c1)C#Cc1cc(cnc1N)-c1cnn(C)c1	Colony Stimulating?Factor?1	20	ChEMBL	"3LCO,4DKD,4LIQ,6IG8"			
COc1cc(ccc1OCc1ccc(cc1)C1CC1)C1CN(C1)C(=O)c1cc(COCC(CO)(CO)CO)ccn1	Colony Stimulating?Factor?1	20	ChEMBL	"3LCO,4DKD,4LIQ,6IG8"			
COc1cc(ccc1OCc1ccc(cc1)C1CC1)C1CN(C1)C(=O)c1cc(COC[C@@H](O)CO)ccn1	Colony Stimulating?Factor?1	20	ChEMBL	4EXP			
FC(F)(F)c1ccc(CNc2ccc(Cc3c[nH]c4ncc(Cl)cc34)cn2)cn1	Colony Stimulating?Factor?1	20	ChEMBL	"3LCO,4DKD,4LIQ,6IG8"			
CNc1cnc2n(Cc3cc(OC)c4OC(COc4c3)c3ccc(OC)nc3)cnc2c1	Colony Stimulating?Factor?1	20	US Patent	"3LCO,4DKD,4LIQ,6IG8"			
COc1cc(Cc2cnc3cc(cnn23)N2CC(C)(O)C2)cc2OCC(Oc12)c1ccc(OC(F)F)cc1	Colony Stimulating?Factor?1	20	US Patent	"3LCO,4DKD,4LIQ,6IG8"			
COc1cnc2n(Cc3cc(OC)c4OC(COc4c3)c3csc(n3)C3CC3)cnc2c1	Colony Stimulating?Factor?1	20	US Patent	"3LCO,4DKD,4LIQ,6IG8"			
CCOc1ccc(cn1)C1COc2cc(Cn3cnc4cccnc34)cc(OC)c2O1	Colony Stimulating?Factor?1	20	US Patent	"3LCO,4DKD,4LIQ,6IG8"			
COc1cnc2n(Cc3cc(OC)c4OC(COc4c3)c3cnn(c3)C3CCC3)cnc2c1	Colony Stimulating?Factor?1	20	US Patent	"3LCO,4DKD,4LIQ,6IG8"			
COc1cc(Cc2cnc3cc(cnn23)C(=O)N(C)C)cnc1OCc1ccc(nc1)C(F)(F)F	Colony Stimulating?Factor?1	20	US Patent	"3LCO,4DKD,4LIQ,6IG8"			
FC(F)(F)c1ccc(CNc2ccc(Cc3c[nH]c4ncc(Cl)cc34)cn2)cn1	Colony Stimulating?Factor?1	20	ChEMBL	"4LIQ,6T2W,4DKD"			
FC(F)(F)c1ccc(CNc2ccc(Cc3c[nH]c4ncc(Cl)cc34)cn2)cn1	Colony Stimulating?Factor?1	20	ChEMBL	"4LIQ,6T2W,4DKD"			
FC(F)(F)c1ccc(CNC(=O)Nc2ccc(Oc3ncnc4[nH]ccc34)cc2)cn1	Colony Stimulating?Factor?1	20	ChEMBL	"4LIQ,6T2W,4DKD"			
OCC(CO)N1CCC(CC1)c1ccc(NC(=O)c2ncc([nH]2)C#N)c(c1)C1=CCCCC1	Colony Stimulating?Factor?1	21	ChEMBL	4EXP			
CCOc1ccc(NC(=O)c2ccc(o2)C#N)c(c1)N1CCCCC1	Colony Stimulating?Factor?1	21	ChEMBL	"3LCO,4DKD,4LIQ,6IG8"			
CN(CCS(C)(=O)=O)C(C)(C)c1ccc(NC(=O)c2ncc([nH]2)C#N)c(c1)C1=CCC(C)(C)CC1	Colony Stimulating?Factor?1	21	ChEMBL	4EXP			
COCCOc1ccn2c(cnc2c1)-c1ccc2cccc(O[C@H]3CCCNC3)c2n1	Colony Stimulating?Factor?1	21	ChEMBL	"3LCO,4DKD,4LIQ,6IG8"			
CN(C)Cc1ccc(Nc2ncc3c(n2)n(cc(C(N)=O)c3=O)-c2ccc3CCCc3c2)cc1	Colony Stimulating?Factor?1	21	ChEMBL	"3LCO,4DKD,4LIQ,6IG8"			
CCC(=O)N1CC[C@@H](C1)N1C(=O)N(Cc2cnc(Nc3ccc(N4CCN(C)CC4)c(C)c3)nc12)c1ccc(C)cc1	Colony Stimulating?Factor?1	21	ChEMBL	"3LCO,4DKD,4LIQ,6IG8"			
CCC(=O)N1CC[C@H](C1)N1C(=O)N(Cc2cnc(Nc3ccc(N4CCN(C)CC4)c(C)c3)nc12)c1ccccc1Cl	Colony Stimulating?Factor?1	21	ChEMBL	"3LCO,4DKD,4LIQ,6IG8"			
CN1CCN(CC1)c1ccc(Nc2ncc3CN(C(=O)N([C@H]4CCN(C4)C(=O)C4CC4)c3n2)c2ccccc2Cl)cc1C	Colony Stimulating?Factor?1	21	ChEMBL	"3LCO,4DKD,4LIQ,6IG8"			
COc1cc(OC)cc(\C=N\c2cnc(Nc3ccc(cc3)N3CCOCC3)nc2Oc2ccc(F)cc2)c1	Colony Stimulating?Factor?1	21	ChEMBL	"3LCO,4DKD,4LIQ,6IG8"			
COc1cc(ccc1OCc1ccc(cc1)C1CC1)C1CN(C1)C(=O)c1cc(COC[C@H](O)CO)ccn1	Colony Stimulating?Factor?1	21	ChEMBL	4EXP			
COc1cc(OCc2ccnc(N)n2)cc2sc(N[C@@H]3CCCC[C@H]3O)nc12	Colony Stimulating?Factor?1	21	ChEMBL	"3LCO,4DKD,4LIQ,6IG8"			
Cn1cc(cn1)-c1cc(Cc2ccc3OC(COc3c2)c2ccc(cc2)C(F)(F)F)ccn1	Colony Stimulating?Factor?1	21	US Patent	"3LCO,4DKD,4LIQ,6IG8"			
Cn1cc(cn1)-c1cnc2n(Cc3cc(F)c4OC(COc4c3)c3ccc(cc3)C(F)(F)F)cnc2c1	Colony Stimulating?Factor?1	21	US Patent	"3LCO,4DKD,4LIQ,6IG8"			
COc1ccc(cn1)C1COc2cc(Cn3cnc4cc(cnc34)N3CC(O)C3)cc(OC)c2O1	Colony Stimulating?Factor?1	21	US Patent	"3LCO,4DKD,4LIQ,6IG8"			
COc1cnc2n(Cc3cc(OC)c4OC(C(C)Oc4c3)c3ccc(OC)nc3)cnc2c1	Colony Stimulating?Factor?1	21	US Patent	"3LCO,4DKD,4LIQ,6IG8"			
CC(C)N1CCN(CC1)c1ccc(Nc2ncc(F)c(n2)-c2cc(F)c3OCCN(C(C)C)c3c2)cc1F	Colony Stimulating?Factor?1	21	US Patent	"3LCO,4DKD,4LIQ,6IG8"			
CN(C)c1ccc2c(Oc3ccc(NC(=O)Nc4ccccc4)cc3)ncnc2c1	Colony Stimulating?Factor?1	21	ChEMBL	"3LCO,4DKD,4LIQ,6IG8"			
COC(C)(C)C(=O)NC(=O)Nc1ccc(Oc2ccnc(c2)-c2ccc(C)nc2)c(C)n1	Colony Stimulating?Factor?1	21	ChEMBL	"3LCO,4DKD,4LIQ,6IG8"			
COc1cc(Oc2ccc3ncc(C4CC4)c(=O)n3c2)cnc1OCc1ccc(C)cc1	Colony Stimulating?Factor?1	21	US Patent	"3LCO,4DKD,4LIQ,6IG8"			
O=C(Nc1ccc(cc1C1=CCCCC1)C1CCN(CC1)c1ccccn1)c1ncc([nH]1)C#N	Colony Stimulating?Factor?1	22	ChEMBL	"3LCO,4DKD,4LIQ,6IG8"			
CC(C)(N)CC(=O)N1CCC(CC1)c1ccc(NC(=O)c2ncc([nH]2)C#N)c(c1)C1=CCCCC1	Colony Stimulating?Factor?1	22	ChEMBL	4EXP			
COc1cc(ccc1O)-c1cncc(NC(C)c2cccc(NC(=O)c3cccnc3)c2)n1	Colony Stimulating?Factor?1	22	Curated from the literature by BindingDB	"4LIQ,6T2W,4DKD"			
COc1cc2ncc(C(N)=O)c(Nc3ccccc3Cl)c2cc1OC	Colony Stimulating?Factor?1	22	ChEMBL	"3LCO,4DKD,4LIQ,6IG8"			
COc1cc2ncc(C(N)=O)c(Nc3cc(Cl)cc(Cl)c3)c2cc1OC	Colony Stimulating?Factor?1	22	ChEMBL	"3LCO,4DKD,4LIQ,6IG8"			
COc1cc2ncc(C(N)=O)c(Nc3ccc(F)cc3F)c2cc1NCCN1CCCCC1	Colony Stimulating?Factor?1	22	ChEMBL	"3LCO,4DKD,4LIQ,6IG8"			
CC(C)Nc1c(nnc2cc(ccc12)N1CCOCC1)C(N)=O	Colony Stimulating?Factor?1	22	ChEMBL	"3LCO,4DKD,4LIQ,6IG8"			
NC(=O)c1cn(-c2ccc3CCCc3c2)c2nc(Nc3ccc(CN4CCOCC4)cc3)ncc2c1=O	Colony Stimulating?Factor?1	22	ChEMBL	"3LCO,4DKD,4LIQ,6IG8"			
COc1ccc(cn1)C1COc2cc(Cn3cnc4cc(cnc34)N3CC(C)(O)C3)cc(OC)c2O1	Colony Stimulating?Factor?1	22	US Patent	"3LCO,4DKD,4LIQ,6IG8"			
COc1ccc(cn1)C1COc2cc(Cn3cnc4cc(cnc34)C(F)F)cc(OC)c2O1	Colony Stimulating?Factor?1	22	US Patent	"3LCO,4DKD,4LIQ,6IG8"			
COc1ccc(cn1)C1COc2cc(Cc3cnc4cccnn34)cc(OC)c2O1	Colony Stimulating?Factor?1	22	US Patent	"3LCO,4DKD,4LIQ,6IG8"			
CC(C)N1CCOc2c(F)cc(cc12)-c1nc(Nc2cccc3CNCCc23)ncc1F	Colony Stimulating?Factor?1	22	US Patent	"3LCO,4DKD,4LIQ,6IG8"			
Cc1ccc(cc1C#Cc1cc(cnc1N)-c1cnn(C)c1)C(=O)Nc1ccc(OC(F)(F)F)cc1	Colony Stimulating?Factor?1	22	ChEMBL	"3LCO,4DKD,4LIQ,6IG8"			
COc1cc(Oc2ccc3ncn(C)c(=O)c3c2)cnc1OCc1ccc(cc1)C1CC1	Colony Stimulating?Factor?1	22	US Patent	"3LCO,4DKD,4LIQ,6IG8"			
Cn1cnc(CC(=O)N2CCC(CC2)c2ccc(NC(=O)c3ncc([nH]3)C#N)c(c2)C2=CCCCC2)c1	Colony Stimulating?Factor?1	23	ChEMBL	4EXP			
COc1cc2c(Nc3ccc(F)cc3F)c(cnc2cc1NCCN(C)C)C(N)=O	Colony Stimulating?Factor?1	23	ChEMBL	"3LCO,4DKD,4LIQ,6IG8"			
COc1cc2c(Nc3cccc(Cl)c3Cl)c(cnc2cc1N1CCN(C)CC1)C(N)=O	Colony Stimulating?Factor?1	23	ChEMBL	"3LCO,4DKD,4LIQ,6IG8"			
CC(C)(OCCN1CCOCC1)c1ccc(NC(=O)c2ncc([nH]2)C#N)c(c1)C1=CCC(C)(C)CC1	Colony Stimulating?Factor?1	23	ChEMBL	4EXP			
O=C(Nc1ccc(cc1C1=CCCCC1)-c1nnn[nH]1)c1ncc([nH]1)C#N	Colony Stimulating?Factor?1	23	ChEMBL	"3LCO,4DKD,4LIQ,6IG8"			
Nc1ccc(cc1)-c1ccc(NC(=O)c2ncc([nH]2)C#N)c(c1)C1=CCCCC1	Colony Stimulating?Factor?1	23	ChEMBL	"3LCO,4DKD,4LIQ,6IG8"			
CN(C)CC(=O)N1CC[C@@H](C1)N1C(=O)N(Cc2cnc(Nc3ccc(N4CCN(C)CC4)c(C)c3)nc12)c1ccccc1Cl	Colony Stimulating?Factor?1	23	ChEMBL	"3LCO,4DKD,4LIQ,6IG8"			
Cc1cccc(Cn2nc(Br)c3c(NC(=O)c4csc5c(N)ncnc45)cccc23)n1	Colony Stimulating?Factor?1	23	ChEMBL	"3LCO,4DKD,4LIQ,6IG8"			
COc1cc(NC(=O)c2ccc(C)c(c2)C#Cc2cncc3ccccc23)cc(OC)c1	Colony Stimulating?Factor?1	23	ChEMBL	"3LCO,4DKD,4LIQ,6IG8"			
COc1ccc(cn1)C1COc2cc(Cn3cnc4cc(cnc34)N3CCOCC3)cc(F)c2O1	Colony Stimulating?Factor?1	23	US Patent	"3LCO,4DKD,4LIQ,6IG8"			
CCOc1ccc(cn1)C1COc2cc(Cn3cnc4cc(CO)cnc34)cc(OC)c2O1	Colony Stimulating?Factor?1	23	US Patent	"3LCO,4DKD,4LIQ,6IG8"			
Cc1cnc2ccc(Oc3cnc(OCc4ccc(Cl)cc4)nc3)cn2c1=O	Colony Stimulating?Factor?1	23	US Patent	"3LCO,4DKD,4LIQ,6IG8"			
Cn1cc(cn1)-c1cc(Oc2cnc3O[C@@H](COc3c2)c2ccc(cc2)C2CC2)ccn1	Colony Stimulating?Factor?1	23	US Patent	"3LCO,4DKD,4LIQ,6IG8"			
CC1CCN(CC1)c1ccc(CO)cc1NC(=O)c1ccc(o1)C#N	Colony Stimulating?Factor?1	24	ChEMBL	"3LCO,4DKD,4LIQ,6IG8"			
CC1CCN(CC1)c2ccc(cc2NC(=O)c3ccc(o3)C#N)CO	Colony Stimulating?Factor?1	24	Curated from the literature by BindingDB	"4LIQ,6T2W,4DKD"			
CC1CCN(CC1)c1ccc(CO)cc1NC(=O)c1ccc(o1)C#N	Colony Stimulating?Factor?1	24	ChEMBL	"3LCO,4DKD,4LIQ,6IG8"			
CC1CCN(CC1)c1ccc(CO)cc1NC(=O)c1ccc(o1)C#N	Colony Stimulating?Factor?1	24	ChEMBL	"3LCO,4DKD,4LIQ,6IG8"			
COc1cc2c(Nc3ccc(Cl)c(Cl)c3)c(cnc2cc1N1CCN(C)CC1)C(N)=O	Colony Stimulating?Factor?1	24	ChEMBL	"3LCO,4DKD,4LIQ,6IG8"			
Cc1ccc(NC(=O)c2cccc(c2)C(F)(F)F)cc1NC(=O)c1cncc(c1)-c1cnn(C)c1	Colony Stimulating?Factor?1	24	ChEMBL	"3LCO,4DKD,4LIQ,6IG8"			
COc1cc(Cn2cnc3cc(cnc23)C#CC(C)(C)N)cc2OCC(Oc12)c1ccc(C)nc1	Colony Stimulating?Factor?1	24	US Patent	"3LCO,4DKD,4LIQ,6IG8"			
COc1cc(Cn2cnc3cccnc23)cc2OCC(Oc12)c1cnn(c1)C1CCC1	Colony Stimulating?Factor?1	24	US Patent	"3LCO,4DKD,4LIQ,6IG8"			
COc1ccc(cn1)C1CCc2cc(Cc3cnc4cc(cnn34)C#CC(C)(C)N)cc(OC)c2O1	Colony Stimulating?Factor?1	24	US Patent	"3LCO,4DKD,4LIQ,6IG8"			
CC(C)N1CCOc2c(F)cc(cc12)-c1nc(Nc2ccc(cc2)N2CCN(CC2)C(=O)CN(C)C)ncc1F	Colony Stimulating?Factor?1	24	US Patent	"3LCO,4DKD,4LIQ,6IG8"			
CN(C)c1ccc2c(Oc3ccc(NC(=O)NCc4nccs4)cc3)ncnc2c1	Colony Stimulating?Factor?1	24	ChEMBL	"3LCO,4DKD,4LIQ,6IG8"			
Cc1ccc(cc1C#Cc1cc(cnc1N)-c1cnn(C)c1)C(=O)Nc1cccc(OC(F)(F)F)c1	Colony Stimulating?Factor?1	24	ChEMBL	"3LCO,4DKD,4LIQ,6IG8"			
COc1ccc(COc2ncc(Oc3ccc4ncc(C)c(=O)n4c3)cc2F)cc1	Colony Stimulating?Factor?1	24	US Patent	"3LCO,4DKD,4LIQ,6IG8"			
COc1ccccc1CCOc1ncc(Oc2ccc3ncc(C)c(=O)n3c2)cc1OC	Colony Stimulating?Factor?1	24	US Patent	"3LCO,4DKD,4LIQ,6IG8"			
CC(=O)Nc1ccc(c2CNC(=O)c12)-c1cnc(NCc2ccc(nc2)C(F)(F)F)cc1C	Colony Stimulating?Factor?1	24.5	US Patent	"3LCO,4DKD,4LIQ,6IG8"			
NC(=O)N1CCC(CC1)c1ccc(NC(=O)c2ncc([nH]2)C#N)c(c1)C1=CCCCC1	Colony Stimulating?Factor?1	25	ChEMBL	4EXP			
COc1cc(Cn2cnc3cc(cnc23)C#CCCO)ccc1OCc1ccc(nc1)C(F)F	Colony Stimulating?Factor?1	25	US Patent	"4LIQ,6T2W,4DKD"			
CS(=O)(=O)Cc1cccc(c1)-c1ccc2c(Nc3ccccc3)c(cnc2c1)C(N)=O	Colony Stimulating?Factor?1	25	ChEMBL	"3LCO,4DKD,4LIQ,6IG8"			
COc1ccc(cc1)-c1ccc2c(Nc3ccccc3)c(cnc2c1)C(N)=O	Colony Stimulating?Factor?1	25	ChEMBL	"3LCO,4DKD,4LIQ,6IG8"			
OCc1ccc(N2CCCCC2)c(NC(=O)c2ccc(o2)C#N)c1	Colony Stimulating?Factor?1	25	ChEMBL	"3LCO,4DKD,4LIQ,6IG8"			
CN(c1ccc(NC(=O)c2ccc(o2)C#N)c(c1)N1CCCCC1)S(C)(=O)=O	Colony Stimulating?Factor?1	25	ChEMBL	"3LCO,4DKD,4LIQ,6IG8"			
Fc1cccc(c1)C(=O)Nc1ccc(Cl)c(c1)C(=O)Nc1cccnc1	Colony Stimulating?Factor?1	25	ChEMBL	"3LCO,4DKD,4LIQ,6IG8"			
COc1cc2ncc(C(N)=O)c(Nc3ccc(F)cc3F)c2cc1OC	Colony Stimulating?Factor?1	25	ChEMBL	"3LCO,4DKD,4LIQ,6IG8"			
COc1cc2ncc(C(N)=O)c(Nc3ccc(F)cc3F)c2cc1OC	Colony Stimulating?Factor?1	25	ChEMBL	"3LCO,4DKD,4LIQ,6IG8"			
CC(C)(O)c1ccc(NC(=O)c2ncc([nH]2)C#N)c(c1)C1=CCC(C)(C)CC1	Colony Stimulating?Factor?1	25	ChEMBL	4EXP			
CC1(C)CCC(=CC1)c1cc(CCC(N)=O)ccc1NC(=O)c1ncc([nH]1)C#N	Colony Stimulating?Factor?1	25	ChEMBL	4EXP			
COc1cc(Cn2cnc3cc(cnc23)C#CCCO)ccc1OCc1ccc(nc1)C(F)F	Colony Stimulating?Factor?1	25	US Patent	"3LCO,4DKD,4LIQ,6IG8"			
CCC(c1ccc(OCc2ccc(nc2)C(F)(F)F)c(OC)c1)n1c(N)nc2cc(cnc12)-c1cnn(C)c1	Colony Stimulating?Factor?1	25	US Patent	"3LCO,4DKD,4LIQ,6IG8"			
CCC(=O)N1CC[C@@H](C1)N1C(=O)N(Cc2cnc(Nc3ccc(N4CCOCC4)c(C)c3)nc12)c1cc(OC)ccc1F	Colony Stimulating?Factor?1	25	ChEMBL	"3LCO,4DKD,4LIQ,6IG8"			
CCc1ccc(COc2ccc(cc2OC)C2CN(C2)C(=O)c2ccc(OCCO)cn2)cc1	Colony Stimulating?Factor?1	25	ChEMBL	"3LCO,4DKD,4LIQ,6IG8"			
COc1cc(NC(=O)c2ccc(C)c(c2)C#Cc2cnc3cccnn23)cc(OC)c1	Colony Stimulating?Factor?1	25	ChEMBL	"3LCO,4DKD,4LIQ,6IG8"			
COc1ccc(Nc2ncc3n(C)c(=O)n(C4CCCC4)c3n2)c(C)c1	Colony Stimulating?Factor?1	25	ChEMBL	"3LCO,4DKD,4LIQ,6IG8"			
Cc1ccc(NC(=O)c2ccc(nc2)C(F)(F)F)cc1NC(=O)c1cnc2ccccn12	Colony Stimulating?Factor?1	25	ChEMBL	4EXP			
COc1ccc(cn1)C1COc2cc(Cn3cnc4cc(cnc34)N3CCOCC3)ccc2O1	Colony Stimulating?Factor?1	25	US Patent	"3LCO,4DKD,4LIQ,6IG8"			
COc1cnc2n(Cc3cc(OC)c4OC(COc4c3)c3cnn(CC4CC4)c3)cnc2c1	Colony Stimulating?Factor?1	25	US Patent	"3LCO,4DKD,4LIQ,6IG8"			
CCOc1cc(Cn2cnc3cc(cnc23)C#CC(C)(C)N)cnc1OCc1ccc(C)nc1	Colony Stimulating?Factor?1	25	US Patent	"3LCO,4DKD,4LIQ,6IG8"			
CC(C)N1CCOc2c(F)cc(cc12)-c1nc(Nc2ccc(nc2)N2CCNCC2)ncc1F	Colony Stimulating?Factor?1	25	US Patent	"3LCO,4DKD,4LIQ,6IG8"			
CC(C)N1CCOc2c(F)cc(cc12)-c1nc(Nc2ccc(CN3CCC(CC3)N(C)C)c(F)c2)ncc1F	Colony Stimulating?Factor?1	25	US Patent	"3LCO,4DKD,4LIQ,6IG8"			
COc1cc(Cn2cnc3cc(cnc23)C#CCCO)ccc1OCc1ccc(nc1)C(F)F	Colony Stimulating?Factor?1	25	US Patent	"3LCO,4DKD,4LIQ,6IG8"			
Cn1cc(cn1)-c1cc(Oc2ccc(NC(=O)N3CCC4(CCN(CC4)S(C)(=O)=O)C3=O)nc2)ccn1	Colony Stimulating?Factor?1	25	US Patent	"3LCO,4DKD,4LIQ,6IG8"			
CCN(CC)CCNC(=O)c1c(C)[nH]c(\C=C2/CNc3ccc(F)cc23)c1C	Colony Stimulating?Factor?1	25	ChEMBL	"4LIQ,6T2W,4DKD"			
CC1(C)CCC(=CC1)c1nc(CC(O)=O)ccc1NC(=O)c1ncc([nH]1)C#N |c:5|	Colony Stimulating?Factor?1	26	US Patent	4EXP			
CC1(C)CCC(=CC1)c1cc(ccc1NC(=O)c1nc(c[nH]1)C#N)C1(CC(C)(C)OC(C)(C)C1)C#N	Colony Stimulating?Factor?1	26	US Patent	4EXP			
COc1cc2ncc(C(N)=O)c(Nc3cccc(F)c3F)c2cc1OC	Colony Stimulating?Factor?1	26	ChEMBL	"3LCO,4DKD,4LIQ,6IG8"			
CCC(=O)N1CC[C@@H](C1)N1C(=O)N(Cc2cnc(Nc3ccc(N4CCN(CC4)C(C)=O)c(C)c3)nc12)c1cc(OC)ccc1F	Colony Stimulating?Factor?1	26	ChEMBL	"3LCO,4DKD,4LIQ,6IG8"			
CCC(=O)N1CC[C@@H](C1)N1C(=O)N(Cc2cnc(Nc3ccc(N4CCN(C)CC4)c(c3)C(C)C)nc12)c1cc(OC)ccc1F	Colony Stimulating?Factor?1	26	ChEMBL	"3LCO,4DKD,4LIQ,6IG8"			
CCOC(=O)[C@@H]1CCC(=O)N1	Colony Stimulating?Factor?1	26	ChEMBL	"3LCO,4DKD,4LIQ,6IG8"			
Nc1ncnc2c(csc12)C(=O)Nc1cccc2n(CC#C)nc(Br)c12	Colony Stimulating?Factor?1	26	ChEMBL	"3LCO,4DKD,4LIQ,6IG8"			
COc1cc(OCc2ccnc(Nc3cnoc3)n2)cc2sc(N[C@H]3CCCC[C@@H]3O)nc12	Colony Stimulating?Factor?1	26	ChEMBL	4EXP			
COc1ccc(cn1)C1COc2c(C)c(Cn3cnc4cc(cnc34)-c3cnn(C)c3)cc(F)c2O1	Colony Stimulating?Factor?1	26	US Patent	"3LCO,4DKD,4LIQ,6IG8"			
Cn1cc(cn1)-c1cc(Cc2cc(F)c3OC(COc3c2)c2ccc(cc2)C(F)(F)F)ccn1	Colony Stimulating?Factor?1	26	US Patent	"3LCO,4DKD,4LIQ,6IG8"			
COc1cc(Cn2cnc3cncnc23)cc2OCC(Oc12)c1ccc(nc1)C1CC1	Colony Stimulating?Factor?1	26	US Patent	"3LCO,4DKD,4LIQ,6IG8"			
COc1cnc2n(Cc3cc(OC)c4O[C@@H](COc4c3)c3ccc(C)nc3)cnc2c1	Colony Stimulating?Factor?1	26	US Patent	"3LCO,4DKD,4LIQ,6IG8"			
COc1cc(Cn2cnc3cc(cnc23)N2CC(C)(O)C2)cc2OCC(Oc12)c1ccc(OC(F)F)nc1	Colony Stimulating?Factor?1	26	US Patent	"3LCO,4DKD,4LIQ,6IG8"			
CNC(=O)c1nccc2c(c[nH]c12)-c1cnc(Nc2ccc(OC)nc2)cc1C	Colony Stimulating?Factor?1	26	US Patent	"3LCO,4DKD,4LIQ,6IG8"			
COc1ccc(nc1)[C@@H]1COc2cc(Oc3ccc4nccc(=O)n4c3)cnc2O1	Colony Stimulating?Factor?1	26	US Patent	"3LCO,4DKD,4LIQ,6IG8"			
CNC(=O)c1nccc2c(cn(C)c12)-c1cnc(Nc2ccc(OC3CC3)nc2)cc1C	Colony Stimulating?Factor?1	26.8	US Patent	"3LCO,4DKD,4LIQ,6IG8"			
COc1ccc(-c2ccc(NC(=O)Nc3cc(C)ccc3F)cc2)c2c(N)noc12	Colony Stimulating?Factor?1	27	Curated from the literature by BindingDB	"4LIQ,6T2W,4DKD"			
COc1ccc(COc2ccc(Cn3cnc4cc(ccc34)C3CCOCC3)cc2OC)cn1	Colony Stimulating?Factor?1	27	US Patent	"4LIQ,6T2W,4DKD"			
COc1ccc(COc2ccc(Cn3cnc4cc(ccc34)C3CCOCC3)cc2OC)cn1	Colony Stimulating?Factor?1	27	US Patent	"3LCO,4DKD,4LIQ,6IG8"			
COc1ccc(COc2ccc(Cn3cnc4cc(ccc34)C3CCOCC3)cc2OC)cn1	Colony Stimulating?Factor?1	27	US Patent	"3LCO,4DKD,4LIQ,6IG8"			
Cc1ccc(NC(=O)c2ccc(nc2)C(F)(F)F)cc1NC(=O)c1cnn2ccccc12	Colony Stimulating?Factor?1	27	ChEMBL	4EXP			
COc1cnc2c(Cc3cc(F)c4OC(COc4c3)c3ccc(OC)nc3)cnn2c1	Colony Stimulating?Factor?1	27	US Patent	"3LCO,4DKD,4LIQ,6IG8"			
COC1CN(C1)c1cnc2n(Cc3cc(OC)c4OC(COc4c3)c3ccc(C)nc3)cnc2c1	Colony Stimulating?Factor?1	27	US Patent	"3LCO,4DKD,4LIQ,6IG8"			
CNc1cnc2n(Cc3cc(OC)c4OC(COc4c3)c3ccc(OC(F)F)cc3)cnc2c1	Colony Stimulating?Factor?1	27	US Patent	"3LCO,4DKD,4LIQ,6IG8"			
COc1ccc(COc2ccc(Cn3cnc4cc(ccc34)C3CCOCC3)cc2OC)cn1	Colony Stimulating?Factor?1	27	US Patent	"3LCO,4DKD,4LIQ,6IG8"			
CC(C)Nc1ncc(-c2ccc(Oc3ccnc(c3)-c3cnn(C)c3)c(C)n2)c(=O)n1C	Colony Stimulating?Factor?1	27	ChEMBL	"3LCO,4DKD,4LIQ,6IG8"			
COc1cc2c(Oc3ccc(Nc4nn(C)cc4C(=O)NC4CCCCC4)cc3F)ccnc2cc1OCCCN1CCOCC1	Colony Stimulating?Factor?1	27	ChEMBL	"3LCO,4DKD,4LIQ,6IG8"			
COc1ccc(COc2ccc(Nc3ccc4ncc(nc4c3C#N)N3CCOCC3)cc2OC)cc1	Colony Stimulating?Factor?1	27.5	US Patent	"3LCO,4DKD,4LIQ,6IG8"			
COc1ccc(COc2ccc(Nc3ccc4ncc(NC(C)C)nc4c3C#N)cc2OC)cc1	Colony Stimulating?Factor?1	27.5	US Patent	"3LCO,4DKD,4LIQ,6IG8"			
COc1ccc(COc2ccc(Nc3ccc4ncc(nc4c3C#N)N(C)C)cc2OC)cc1	Colony Stimulating?Factor?1	27.5	US Patent	"3LCO,4DKD,4LIQ,6IG8"			
COc1ccc(COc2ccc(Nc3ccc4ncc(nc4c3C#N)N3CCOCC3)cc2OC)cc1	Colony Stimulating?Factor?1	27.5	US Patent	"3LCO,4DKD,4LIQ,6IG8"			
CNc1cnc2ccc(Nc3ccc(OCc4ccc(OC)cc4)c(OC)c3)cc2n1	Colony Stimulating?Factor?1	27.5	US Patent	"3LCO,4DKD,4LIQ,6IG8"			
COc1ccc(COc2ccc(Oc3ccc4ncc(OC)nc4c3C#N)cc2OC)cc1	Colony Stimulating?Factor?1	27.5	US Patent	"3LCO,4DKD,4LIQ,6IG8"			
COc1ccc(COc2ccc(Oc3ccc4ncc(nc4c3C#N)N3CCOCC3)cc2OC)cc1	Colony Stimulating?Factor?1	27.5	US Patent	"3LCO,4DKD,4LIQ,6IG8"			
COc1cnc2ccc(Nc3ccc(OCc4ccc(Cl)cc4)c(OC)c3)c(C#N)c2n1	Colony Stimulating?Factor?1	27.5	US Patent	"3LCO,4DKD,4LIQ,6IG8"			
COc1ccc(COc2ccc(Nc3ccc4ncc(nc4c3C#N)N3CCN(C)CC3)cc2OC)cc1	Colony Stimulating?Factor?1	27.5	US Patent	"3LCO,4DKD,4LIQ,6IG8"			
COc1cc(Nc2ccc3ncc(nc3c2C#N)N2CCOCC2)ccc1OCc1ccc(OC(F)(F)F)cc1	Colony Stimulating?Factor?1	27.5	US Patent	"3LCO,4DKD,4LIQ,6IG8"			
CCc1ccc(COc2ccc(Nc3ccc4ncc(nc4c3C#N)N3CCOCC3)cc2OC)cc1	Colony Stimulating?Factor?1	27.5	US Patent	"3LCO,4DKD,4LIQ,6IG8"			
CCOc1ccc(COc2ccc(Nc3ccc4ncc(nc4c3C#N)N3CCOCC3)cc2OC)cc1	Colony Stimulating?Factor?1	27.5	US Patent	"3LCO,4DKD,4LIQ,6IG8"			
COc1ccc(COc2ncc(Nc3ccc4ncc(nc4c3C#N)N3CCOCC3)cc2OC)cc1	Colony Stimulating?Factor?1	27.5	US Patent	"3LCO,4DKD,4LIQ,6IG8"			
COc1ccc(COc2ccc(Nc3ccc4ncc(nc4c3C#N)N3CCOCC3)cc2)cc1	Colony Stimulating?Factor?1	27.5	US Patent	"3LCO,4DKD,4LIQ,6IG8"			
COc1cc(Nc2ccc3ncc(nc3c2C#N)N2CCOCC2)ccc1OCc1ccc(F)cc1	Colony Stimulating?Factor?1	27.5	US Patent	"3LCO,4DKD,4LIQ,6IG8"			
COc1cc(Nc2ccc3ncc(nc3c2C#N)N2CCOCC2)ccc1OCc1ccc2OCCc2c1	Colony Stimulating?Factor?1	27.5	US Patent	"3LCO,4DKD,4LIQ,6IG8"			
COc1cc(Nc2ccc3ncc(nc3c2C#N)N2CCOCC2)ccc1OCc1ccc(Cl)cc1	Colony Stimulating?Factor?1	27.5	US Patent	"3LCO,4DKD,4LIQ,6IG8"			
COc1ccc(COc2ccc(Nc3ccc4ncc(nc4c3C#N)N3CCOCC3)cc2OC)cn1	Colony Stimulating?Factor?1	27.5	US Patent	"3LCO,4DKD,4LIQ,6IG8"			
COc1ccc(COc2ccc(Nc3ccc4ncc(nc4c3C#N)N3CCOCC3)cn2)cc1	Colony Stimulating?Factor?1	27.5	US Patent	"3LCO,4DKD,4LIQ,6IG8"			
COc1ccc(COc2ccc(Nc3ccc4ncc(nc4c3C#N)N3CCOCC3)c(F)c2)cc1	Colony Stimulating?Factor?1	27.5	US Patent	"3LCO,4DKD,4LIQ,6IG8"			
COc1cc(Nc2ccc3ncc(nc3c2C#N)N2CCOCC2)ccc1OCc1ccc(C)nc1	Colony Stimulating?Factor?1	27.5	US Patent	"3LCO,4DKD,4LIQ,6IG8"			
COc1ccc(COc2ccc(Nc3ccc4ncc(nc4c3C#N)N3CCOCC3)cc2F)cc1	Colony Stimulating?Factor?1	27.5	US Patent	"3LCO,4DKD,4LIQ,6IG8"			
COc1ccc(COc2ccc(Nc3ccc4ncc(nc4c3C#N)N3CCOCC3)cc2OC)cc1OC	Colony Stimulating?Factor?1	27.5	US Patent	"3LCO,4DKD,4LIQ,6IG8"			
COc1ccc(COc2ccc(Nc3ccc4ncc(nc4c3C#N)N3CCNCC3)cc2OC)cn1	Colony Stimulating?Factor?1	27.5	US Patent	"3LCO,4DKD,4LIQ,6IG8"			
COc1ccc(COc2ccc(cc2OC)N(C)c2ccc3ncc(nc3c2C#N)N2CCOCC2)cc1	Colony Stimulating?Factor?1	27.5	US Patent	"3LCO,4DKD,4LIQ,6IG8"			
COc1cc(Nc2ccc3ncc(nc3c2C#N)N2CCOCC2)ccc1OCc1cc(C)on1	Colony Stimulating?Factor?1	27.5	US Patent	"3LCO,4DKD,4LIQ,6IG8"			
COc1ccc(COc2ccc(Nc3ccc4ncc(nc4c3C#N)N3CCCC3)cc2OC)cc1	Colony Stimulating?Factor?1	27.5	US Patent	"3LCO,4DKD,4LIQ,6IG8"			
COc1ccc(COc2ccc(Nc3ccc4ncc(nc4c3C#N)N3CCOCC3)cc2Cl)cc1	Colony Stimulating?Factor?1	27.5	US Patent	"3LCO,4DKD,4LIQ,6IG8"			
COc1cc(Nc2ccc3ncc(nc3c2C#N)N2CCOCC2)ccc1OCc1ccc(cc1)C#N	Colony Stimulating?Factor?1	27.5	US Patent	"3LCO,4DKD,4LIQ,6IG8"			
COc1cc(Nc2ccc3ncc(nc3c2C#N)N2CCOCC2)ccc1OCc1cccc(c1)C#N	Colony Stimulating?Factor?1	27.5	US Patent	"3LCO,4DKD,4LIQ,6IG8"			
COc1ccc(COc2ccc(Nc3ccc4ncc(nc4c3C#N)N3CCN(CCO)CC3)cc2OC)cc1	Colony Stimulating?Factor?1	27.5	US Patent	"3LCO,4DKD,4LIQ,6IG8"			
COc1cc(Nc2ccc3ncc(nc3c2C#N)N2CCNCC2)ccc1OCc1ccc(C)nc1	Colony Stimulating?Factor?1	27.5	US Patent	"3LCO,4DKD,4LIQ,6IG8"			
COc1ccc(COc2ccc(Nc3ccc4ncc(nc4c3C#N)N3CCC(CC3)OC(C)=O)cc2OC)cc1	Colony Stimulating?Factor?1	27.5	US Patent	"3LCO,4DKD,4LIQ,6IG8"			
COc1ccc(COc2ccc(Nc3ccc4ncc(nc4c3C#N)N3CCC(C)CC3)cc2OC)cn1	Colony Stimulating?Factor?1	27.5	US Patent	"3LCO,4DKD,4LIQ,6IG8"			
COc1ccc(COc2ccc(Nc3ccc4ncc(nc4c3C#N)-n3ccnc3)cc2OC)cn1	Colony Stimulating?Factor?1	27.5	US Patent	"3LCO,4DKD,4LIQ,6IG8"			
COc1ccc(COc2ccc(Nc3ccc4ncc(nc4c3C#N)N3CCC(COC(C)=O)CC3)cc2OC)cc1	Colony Stimulating?Factor?1	27.5	US Patent	"3LCO,4DKD,4LIQ,6IG8"			
COc1ccc(COc2ccc(Nc3ccc4ncc(nc4c3C#N)N3CCN(CC3)C(C)=O)cc2OC)cc1	Colony Stimulating?Factor?1	27.5	US Patent	"3LCO,4DKD,4LIQ,6IG8"			
COc1cc(Nc2ccc3ncc(nc3c2C#N)N2CCOCC2)ccc1OCc1ccc(nc1)C(F)(F)F	Colony Stimulating?Factor?1	27.5	US Patent	"3LCO,4DKD,4LIQ,6IG8"			
COc1ccc(COc2ccc(Nc3ccc4ncc(nc4c3C#N)N3CCN(CCOC(C)=O)CC3)cc2OC)cn1	Colony Stimulating?Factor?1	27.5	US Patent	"3LCO,4DKD,4LIQ,6IG8"			
COc1ccc(COc2ccc(Nc3ccc4ncc(nc4c3C#N)N3CCN(CCO)CC3)cc2OC)cn1	Colony Stimulating?Factor?1	27.5	US Patent	"3LCO,4DKD,4LIQ,6IG8"			
COc1ccc(COc2ccc(Nc3ccc4ncc(NCCN5CCOCC5)nc4c3C#N)cc2OC)cc1	Colony Stimulating?Factor?1	27.5	US Patent	"3LCO,4DKD,4LIQ,6IG8"			
COc1ccc(COc2ccc(Nc3ccc4ncc(NC5CCN(Cc6ccccc6)CC5)nc4c3C#N)cc2OC)cc1	Colony Stimulating?Factor?1	27.5	US Patent	"3LCO,4DKD,4LIQ,6IG8"			
COc1cc(Nc2ccc3ncc(nc3c2C#N)N2CCN(C)CC2)ccc1OCc1cccc(c1)C#N	Colony Stimulating?Factor?1	27.5	US Patent	"3LCO,4DKD,4LIQ,6IG8"			
COc1ccc(COc2ccc(Nc3ccc4ncc(nc4c3C#N)N3CCCC3)cc2OC)cn1	Colony Stimulating?Factor?1	27.5	US Patent	"3LCO,4DKD,4LIQ,6IG8"			
COc1ccc(COc2ccc(Nc3ccc4ncc(nc4c3C#N)N3CCN(CC3)C(C)C)cc2OC)cc1	Colony Stimulating?Factor?1	27.5	US Patent	"3LCO,4DKD,4LIQ,6IG8"			
COc1cc(Nc2ccc3ncc(nc3c2C#N)N2CCOCC2)ccc1OCc1ccc2OCOc2c1	Colony Stimulating?Factor?1	27.5	US Patent	"3LCO,4DKD,4LIQ,6IG8"			
COc1ccc(COc2ccc(Nc3ccc4ncc(nc4c3C#N)N3CCC(CC3)N(C)C)cc2OC)cn1	Colony Stimulating?Factor?1	27.5	US Patent	"3LCO,4DKD,4LIQ,6IG8"			
COc1ccc(COc2ccc(Nc3ccc4ncc(nc4c3C#N)N3CCC3)cc2OC)cc1	Colony Stimulating?Factor?1	27.5	US Patent	"3LCO,4DKD,4LIQ,6IG8"			
COc1cc(Nc2ccc3ncc(nc3c2C#N)N2CCC(CC2)N(C)C)ccc1OCc1cccc(c1)C#N	Colony Stimulating?Factor?1	27.5	US Patent	"3LCO,4DKD,4LIQ,6IG8"			
COc1ccc(COc2ccc(Nc3ccc4ncc(nc4c3C#N)N3CCC(CC3)N(C)C)cc2OC)cc1F	Colony Stimulating?Factor?1	27.5	US Patent	"3LCO,4DKD,4LIQ,6IG8"			
COc1ccc(COc2ccc(Nc3ccc4ncc(nc4c3C#N)N3CCC3)cc2OC)cn1	Colony Stimulating?Factor?1	27.5	US Patent	"3LCO,4DKD,4LIQ,6IG8"			
COc1cc(Nc2ccc3ncc(nc3c2C#N)N2CCC2)ccc1OCc1cccc(c1)C#N	Colony Stimulating?Factor?1	27.5	US Patent	"3LCO,4DKD,4LIQ,6IG8"			
COc1cc(Nc2ccc3ncc(nc3c2C#N)N2CCOCC2)ccc1OCc1ccccc1	Colony Stimulating?Factor?1	27.5	US Patent	"3LCO,4DKD,4LIQ,6IG8"			
COc1cc(Nc2ccc3ncc(nc3c2C#N)N2CCC(CC2)N(C)C)ccc1OCc1cccc(F)c1	Colony Stimulating?Factor?1	27.5	US Patent	"3LCO,4DKD,4LIQ,6IG8"			
COc1ccc(COc2ccc(Nc3ccc4ncc(nc4c3C#N)N3CCNCC3)cc2OC)cc1	Colony Stimulating?Factor?1	27.5	US Patent	"3LCO,4DKD,4LIQ,6IG8"			
COc1cc(Nc2ccc3ncc(nc3c2C#N)N2CCOCC2)ccc1OCc1cccc(F)c1	Colony Stimulating?Factor?1	27.5	US Patent	"3LCO,4DKD,4LIQ,6IG8"			
COc1ccc(COc2ccc(Nc3ccc4ncc(nc4c3C#N)N3CCOCC3)cc2OC)cc1F	Colony Stimulating?Factor?1	27.5	US Patent	"3LCO,4DKD,4LIQ,6IG8"			
COc1ccc(COc2ccc(Nc3ccc4ncc(nc4c3C#N)N3CCOCC3)cc2OC)c(F)c1	Colony Stimulating?Factor?1	27.5	US Patent	"3LCO,4DKD,4LIQ,6IG8"			
COc1ccc(COc2ccc(Nc3ccc4ncc(nc4c3C#N)N3CCN(C)CC3)cc2OC)cn1	Colony Stimulating?Factor?1	27.5	US Patent	"3LCO,4DKD,4LIQ,6IG8"			
COc1ccc(COc2ccc(Nc3ccc4ncc(nc4c3C#N)N3CCOCC3)cc2OC)cc1C#N	Colony Stimulating?Factor?1	27.5	US Patent	"3LCO,4DKD,4LIQ,6IG8"			
COCCN1CCN(CC1)c1cnc2ccc(Nc3ccc(OCc4ccc(OC)nc4)c(OC)c3)c(C#N)c2n1	Colony Stimulating?Factor?1	27.5	US Patent	"3LCO,4DKD,4LIQ,6IG8"			
CCCc1ccc(COc2ccc(Nc3ccc4ncc(nc4c3C#N)N3CCOCC3)cc2OC)cn1	Colony Stimulating?Factor?1	27.5	US Patent	"3LCO,4DKD,4LIQ,6IG8"			
COc1cc(Nc2ccc3ncc(nc3c2C#N)N2CCOCC2)ccc1OCc1ccc(F)c(F)c1	Colony Stimulating?Factor?1	27.5	US Patent	"3LCO,4DKD,4LIQ,6IG8"			
COCCN1CCN(CC1)c1cnc2ccc(Nc3ccc(OCc4ccc(C)nc4)c(OC)c3)c(C#N)c2n1	Colony Stimulating?Factor?1	27.5	US Patent	"3LCO,4DKD,4LIQ,6IG8"			
CCc1ccc(COc2ccc(Nc3ccc4ncc(nc4c3C#N)N3CCOCC3)cc2OC)cn1	Colony Stimulating?Factor?1	27.5	US Patent	"3LCO,4DKD,4LIQ,6IG8"			
COc1ccc(COc2ccc(Nc3ccc4ncc(nc4c3C#N)N3CCC(CC3)N3CCOCC3)cc2OC)cn1	Colony Stimulating?Factor?1	27.5	US Patent	"3LCO,4DKD,4LIQ,6IG8"			
COc1cc(Nc2ccc3ncc(nc3c2C#N)N2CCOCC2)ccc1OCc1ccc(nc1)C(C)C	Colony Stimulating?Factor?1	27.5	US Patent	"3LCO,4DKD,4LIQ,6IG8"			
COc1cc(Nc2ccc3ncc(nc3c2C#N)N2CCOCC2)ccc1OCc1ccc(nc1)N(C)C	Colony Stimulating?Factor?1	27.5	US Patent	"3LCO,4DKD,4LIQ,6IG8"			
COc1cc(Nc2ccc3ncc(nc3c2C#N)N2CCOCC2)ccc1OCc1cnn(C)c1	Colony Stimulating?Factor?1	27.5	US Patent	"3LCO,4DKD,4LIQ,6IG8"			
COc1ccc(COc2ccc(Nc3ccc4ncc(nc4c3)C(C)=C)cc2OC)cc1	Colony Stimulating?Factor?1	27.5	US Patent	"3LCO,4DKD,4LIQ,6IG8"			
COCc1ccc(COc2ccc(Nc3ccc4ncc(nc4c3C#N)N3CCOCC3)cc2OC)cn1	Colony Stimulating?Factor?1	27.5	US Patent	"3LCO,4DKD,4LIQ,6IG8"			
COc1ccc(COc2ccc(Nc3ccc4ncc(nc4c3C#N)C(C)=C)cc2OC)cc1	Colony Stimulating?Factor?1	27.5	US Patent	"3LCO,4DKD,4LIQ,6IG8"			
COc1ccc(COc2ccc(Nc3ccc4ncc(nc4c3C#N)C(C)C)cc2OC)cc1	Colony Stimulating?Factor?1	27.5	US Patent	"3LCO,4DKD,4LIQ,6IG8"			
COc1cc(Nc2ccc3ncc(nc3c2C#N)N2CCOCC2)ccc1OCc1ccc(CF)nc1	Colony Stimulating?Factor?1	27.5	US Patent	"3LCO,4DKD,4LIQ,6IG8"			
COc1cc(Nc2ccc3ncc(nc3c2C#N)N2CCOCC2)ccc1OCc1ccc(nc1)C(F)F	Colony Stimulating?Factor?1	27.5	US Patent	"3LCO,4DKD,4LIQ,6IG8"			
CCOc1ccc(COc2ccc(Nc3ccc4ncc(nc4c3C#N)N3CCOCC3)cc2OC)cn1	Colony Stimulating?Factor?1	27.5	US Patent	"3LCO,4DKD,4LIQ,6IG8"			
COc1cc(Nc2ccc3ncc(nc3c2C#N)C2=CCOCC2)ccc1OCc1ccc(C)nc1	Colony Stimulating?Factor?1	27.5	US Patent	"3LCO,4DKD,4LIQ,6IG8"			
COc1cc(Nc2ccc3ncc(nc3c2C#N)C2CCOCC2)ccc1OCc1ccc(C)nc1	Colony Stimulating?Factor?1	27.5	US Patent	"3LCO,4DKD,4LIQ,6IG8"			
COc1cc(Nc2ccc3ncc(nc3c2C#N)N2CCOCC2)ccc1OCc1ccc(CN(C)C)nc1	Colony Stimulating?Factor?1	27.5	US Patent	"3LCO,4DKD,4LIQ,6IG8"			
CCn1cc(COc2ccc(Nc3ccc4ncc(nc4c3C#N)N3CCOCC3)cc2OC)cn1	Colony Stimulating?Factor?1	27.5	US Patent	"3LCO,4DKD,4LIQ,6IG8"			
COc1cc(Nc2ccc3ncc(nc3c2C#N)N2CCOCC2)ccc1OCc1cnn(c1)C(C)C	Colony Stimulating?Factor?1	27.5	US Patent	"3LCO,4DKD,4LIQ,6IG8"			
COc1ccc(COc2ccc(Nc3ccc4ncc(nc4c3C#N)N3CCN(CC3)C3CC3)cc2OC)cn1	Colony Stimulating?Factor?1	27.5	US Patent	"3LCO,4DKD,4LIQ,6IG8"			
COc1cc(Nc2ccc3ncc(nc3c2C#N)N2CCOCC2)ccc1OCc1ccc(nc1)C1CC1	Colony Stimulating?Factor?1	27.5	US Patent	"3LCO,4DKD,4LIQ,6IG8"			
COc1cc(Nc2ccc3ncc(nc3c2C#N)N2CCOCC2)ccc1OCc1ccc(C)s1	Colony Stimulating?Factor?1	27.5	US Patent	"3LCO,4DKD,4LIQ,6IG8"			
COCc1ccc(COc2ccc(Nc3ccc4ncc(nc4c3C#N)N3CCOCC3)cc2OC)nc1	Colony Stimulating?Factor?1	27.5	US Patent	"3LCO,4DKD,4LIQ,6IG8"			
COc1cc(Nc2ccc3ncc(nc3c2C#N)N2CCOCC2)ccc1OCc1ccsc1	Colony Stimulating?Factor?1	27.5	US Patent	"3LCO,4DKD,4LIQ,6IG8"			
COc1cc(Nc2ccc3ncc(nc3c2C#N)N2CCOCC2)ccc1OCc1cccs1	Colony Stimulating?Factor?1	27.5	US Patent	"3LCO,4DKD,4LIQ,6IG8"			
COc1cc(ccc1OCc1ccc(C)nc1)N(C)c1ccc2ncc(nc2c1C#N)N1CCOCC1	Colony Stimulating?Factor?1	27.5	US Patent	"3LCO,4DKD,4LIQ,6IG8"			
COc1cc(ccc1OCc1ccc(nc1)C1CC1)N(C)c1ccc2ncc(nc2c1C#N)N1CCOCC1	Colony Stimulating?Factor?1	27.5	US Patent	"3LCO,4DKD,4LIQ,6IG8"			
COc1cc(Nc2ccc3ncc(nc3c2C#N)N2CCOCC2)ccc1OCc1cnn(CCF)c1	Colony Stimulating?Factor?1	27.5	US Patent	"3LCO,4DKD,4LIQ,6IG8"			
COc1ccc(COc2ccc(Nc3ccc4ncc(nc4c3C#N)N3CCOCC3)cc2OC)nc1	Colony Stimulating?Factor?1	27.5	US Patent	"3LCO,4DKD,4LIQ,6IG8"			
COc1cc(Nc2ccc3ncc(nc3c2C#N)N(C)C)ccc1OCc1ccc(C)nc1	Colony Stimulating?Factor?1	27.5	US Patent	"3LCO,4DKD,4LIQ,6IG8"			
COc1cc(Nc2ccc3ncc(nc3c2C#N)N2CCOCC2)ccc1OCc1cnn(c1)C1CC1	Colony Stimulating?Factor?1	27.5	US Patent	"3LCO,4DKD,4LIQ,6IG8"			
COc1cc(Nc2ccc3ncc(nc3c2C(N)=O)N2CCOCC2)ccc1OCc1ccc(C)nc1	Colony Stimulating?Factor?1	27.5	US Patent	"3LCO,4DKD,4LIQ,6IG8"			
COc1cc(Nc2ccc3ncc(nc3c2C#N)N2CC(C2)N(C)C)ccc1OCc1ccc(C)nc1	Colony Stimulating?Factor?1	27.5	US Patent	"3LCO,4DKD,4LIQ,6IG8"			
COc1ccc(COc2ccc(Nc3ccc4ncc(nc4c3C#N)N(C)C)cc2OC)cn1	Colony Stimulating?Factor?1	27.5	US Patent	"3LCO,4DKD,4LIQ,6IG8"			
COc1cc(Nc2ccc3ncc(nc3c2C#N)N2CC(C)(C2)OC)ccc1OCc1ccc(C)nc1	Colony Stimulating?Factor?1	27.5	US Patent	"3LCO,4DKD,4LIQ,6IG8"			
COc1ccc(COc2ccc(Nc3ccc4ncc(nc4c3C#N)N(C)C)cc2OC)cc1C#N	Colony Stimulating?Factor?1	27.5	US Patent	"3LCO,4DKD,4LIQ,6IG8"			
COc1cc(Nc2ccc3ncc(nc3c2C#N)N2CCOCC2)ccc1OCc1cnn(CC2CC2)c1	Colony Stimulating?Factor?1	27.5	US Patent	"3LCO,4DKD,4LIQ,6IG8"			
COc1cc(Nc2ccc3ncc(nc3c2C#N)N2CCOCC2)cnc1OCc1ccc(C)nc1	Colony Stimulating?Factor?1	27.5	US Patent	"3LCO,4DKD,4LIQ,6IG8"			
COc1ccc(COc2ncc(Nc3ccc4ncc(nc4c3C#N)N3CCOCC3)cc2OC)cn1	Colony Stimulating?Factor?1	27.5	US Patent	"3LCO,4DKD,4LIQ,6IG8"			
COc1cc(Nc2ccc3ncc(nc3c2C#N)N2C[C@H](C)O[C@H](C)C2)ccc1OCc1ccc(C)nc1	Colony Stimulating?Factor?1	27.5	US Patent	"3LCO,4DKD,4LIQ,6IG8"			
COc1ccc(COc2ccc(Nc3ccc4ncc(nc4c3C#N)N(C)C)cc2OC)cc1	Colony Stimulating?Factor?1	27.5	US Patent	"3LCO,4DKD,4LIQ,6IG8"			
COc1ccc(COc2ccc(Oc3ccc4ncc(OC)nc4c3C#N)cc2OC)cc1	Colony Stimulating?Factor?1	27.5	US Patent	"3LCO,4DKD,4LIQ,6IG8"			
CNc1cnc2ccc(Nc3ccc(OCc4ccc(OC)cc4)c(OC)c3)c(C#N)c2n1	Colony Stimulating?Factor?1	27.5	US Patent	"3LCO,4DKD,4LIQ,6IG8"			
Brc1cnc([nH]1)C(=O)Nc1ccc(CCN2CCOCC2)cc1C1=CCCCC1 |t:26|	Colony Stimulating?Factor?1	27.9	US Patent	4EXP			
COc1ccc(COc2ccc(Cn3cnc4cc(ccc34)-c3nnc(o3)C3CCCNC3)cc2OC)cn1	Colony Stimulating?Factor?1	28	US Patent	"4LIQ,6T2W,4DKD"			
COc1cc(Cn2c(N)nc3cc(cnc23)-c2cnn(C)c2)ccc1OCc1ccc(cc1)C(F)(F)C(F)(F)F	Colony Stimulating?Factor?1	28	US Patent	"4LIQ,6T2W,4DKD"			
CO[C@H]1CC[C@@H](CC1)N1C(=O)CNc2ncc(nc12)-c1ccc(nc1)C(C)(C)O	Colony Stimulating?Factor?1	28	ChEMBL	"3LCO,4DKD,4LIQ,6IG8"			
COc1cc2ncc(C(N)=O)c(Nc3ccc(F)c(F)c3)c2cc1OC	Colony Stimulating?Factor?1	28	ChEMBL	"3LCO,4DKD,4LIQ,6IG8"			
COc1ccc(COc2ccc(Cn3cnc4cc(ccc34)-c3nnc(o3)C3CCCNC3)cc2OC)cn1	Colony Stimulating?Factor?1	28	US Patent	"3LCO,4DKD,4LIQ,6IG8"			
COc1cc(Cn2c(N)nc3cc(cnc23)-c2cnn(C)c2)ccc1OCc1ccc(cc1)C(F)(F)C(F)(F)F	Colony Stimulating?Factor?1	28	US Patent	"3LCO,4DKD,4LIQ,6IG8"			
COc1ccc(COc2ccc(Cn3cnc4cc(ccc34)-c3nnc(o3)C3CCCNC3)cc2OC)cn1	Colony Stimulating?Factor?1	28	US Patent	"3LCO,4DKD,4LIQ,6IG8"			
COc1cc(Cn2c(N)nc3cc(cnc23)-c2cnn(C)c2)ccc1OCc1ccc(cc1)C(F)(F)C(F)(F)F	Colony Stimulating?Factor?1	28	US Patent	"3LCO,4DKD,4LIQ,6IG8"			
CN1CCN(CC1)c1ccc(Nc2ncc3CN(C(=O)N([C@H]4CCN(C4)C(=O)C4CCCC4)c3n2)c2ccccc2Cl)cc1C	Colony Stimulating?Factor?1	28	ChEMBL	"3LCO,4DKD,4LIQ,6IG8"			
CCC(=O)N1CC[C@@H](C1)N1C(=O)N(Cc2cnc(Nc3ccc(N4CCN(C)CC4)c(C)c3)nc12)c1cccc(OC(F)F)c1	Colony Stimulating?Factor?1	28	ChEMBL	"3LCO,4DKD,4LIQ,6IG8"			
FC(F)(F)c1ccc(CNc2ccc(Cc3c[nH]c4ncccc34)cn2)cc1	Colony Stimulating?Factor?1	28	ChEMBL	"3LCO,4DKD,4LIQ,6IG8"			
COc1cc(ccc1OCc1ccc(cc1)C1CC1)C1CN(C1)C(=O)c1cc(COCC(CO)(CO)CO)ccn1	Colony Stimulating?Factor?1	28	ChEMBL	4EXP			
COc1ccc(cn1)C1COc2cc(Cn3cnc4cc(cnc34)-c3ncc[nH]3)cc(OC)c2O1	Colony Stimulating?Factor?1	28	US Patent	"3LCO,4DKD,4LIQ,6IG8"			
COc1cc(Cn2cnc3cc(Br)cnc23)cc2OCC(Oc12)c1ccc(OC(F)F)cc1	Colony Stimulating?Factor?1	28	US Patent	"3LCO,4DKD,4LIQ,6IG8"			
COc1cnc2n(Cc3cc(OC)c4OC(COc4c3)c3ccc(OC)nc3OC)cnc2c1	Colony Stimulating?Factor?1	28	US Patent	"3LCO,4DKD,4LIQ,6IG8"			
CC(C)N1CCOc2c(F)cc(cc12)-c1nc(Nc2ccc(C3CCN(CC3)C(=O)CN(C)C)c(F)c2)ncc1F	Colony Stimulating?Factor?1	28	US Patent	"3LCO,4DKD,4LIQ,6IG8"			
COc1ccc(COc2ccc(Cn3cnc4cc(ccc34)-c3nnc(o3)C3CCCNC3)cc2OC)cn1	Colony Stimulating?Factor?1	28	US Patent	"3LCO,4DKD,4LIQ,6IG8"			
COc1cc(Cn2c(N)nc3cc(cnc23)-c2cnn(C)c2)ccc1OCc1ccc(cc1)C(F)(F)C(F)(F)F	Colony Stimulating?Factor?1	28	US Patent	"3LCO,4DKD,4LIQ,6IG8"			
Cc1cnc2ccc(Oc3cnc(OCc4ccc(cc4)C4CC4)c(OCF)c3)cn2c1=O	Colony Stimulating?Factor?1	28	US Patent	"3LCO,4DKD,4LIQ,6IG8"			
COc1cc(Cc2ccnc(c2)-c2cnn(C)c2)cnc1OCc1ccc(cc1)C1CC1	Colony Stimulating?Factor?1	28	US Patent	"3LCO,4DKD,4LIQ,6IG8"			
COc1cc2ncc(C(N)=O)c(Nc3cccc(Cl)c3C)c2cc1OC	Colony Stimulating?Factor?1	29	ChEMBL	"3LCO,4DKD,4LIQ,6IG8"			
CC(=O)N1CCN(CC(C)(C)c2ccc(NC(=O)c3ncc([nH]3)C#N)c(c2)C2=CCC(C)(C)CC2)CC1	Colony Stimulating?Factor?1	29	ChEMBL	4EXP			
COc1cc(NC(=O)c2ccc(C)c(c2)C#Cc2cccnc2N)cc(OC)c1	Colony Stimulating?Factor?1	29	ChEMBL	"3LCO,4DKD,4LIQ,6IG8"			
COc1cc(ccc1OCc1ccc(cc1)C1CC1)C1CN(C1)C(=O)c1cc(OCCCC(O)=O)ccn1	Colony Stimulating?Factor?1	29	ChEMBL	"3LCO,4DKD,4LIQ,6IG8"			
CCc1ccc(COc2ccc(cc2OC)C2CN(C2)C(=O)c2cc(OCCN3C[C@@H](O)[C@H](O)C3)ccn2)cc1	Colony Stimulating?Factor?1	29	ChEMBL	4EXP			
COC1CN(C1)c1cnc2n(Cc3ccc4OC(COc4c3)c3ccc(OC)nc3)cnc2c1	Colony Stimulating?Factor?1	29	US Patent	"3LCO,4DKD,4LIQ,6IG8"			
COc1ccc(cn1)C1COc2cc(Cn3cnc4cc(C)cnc34)cc(OC)c2O1	Colony Stimulating?Factor?1	29	US Patent	"3LCO,4DKD,4LIQ,6IG8"			
COc1cc(Cn2cnc3cc(cnc23)C#CCn2ccnc2)cc2OCC(Oc12)c1csc(C)n1	Colony Stimulating?Factor?1	29	US Patent	"3LCO,4DKD,4LIQ,6IG8"			
COCCOc1ccc(cn1)C1COc2cc(Cn3cnc4cc(cnc34)C#CC(C)(C)N)cc(OC)c2O1	Colony Stimulating?Factor?1	29	US Patent	"3LCO,4DKD,4LIQ,6IG8"			
COc1ccc(cc1)C1CCc2cc(Cn3cnc4cc(cnc34)C#CC(C)(C)N)cc(OC)c2O1	Colony Stimulating?Factor?1	29	US Patent	"3LCO,4DKD,4LIQ,6IG8"			
CCOc1cc(Cc2cnn3cccnc23)cnc1OCc1ccc(C)nc1	Colony Stimulating?Factor?1	29	US Patent	"3LCO,4DKD,4LIQ,6IG8"			
CC(C)N1CCOc2c(F)cc(cc12)-c1nc(Nc2ccc(N3CCNCC3)c(F)c2)ncc1F	Colony Stimulating?Factor?1	29	US Patent	"3LCO,4DKD,4LIQ,6IG8"			
CC(C)N1CCOc2c(F)cc(cc12)-c1nc(Nc2ccc(C(=O)N3CCC(O)CC3)c(F)c2)ncc1F	Colony Stimulating?Factor?1	29	US Patent	"3LCO,4DKD,4LIQ,6IG8"			
CCNC(=O)c1c(OC)cc(cc1OC)-n1cnc2cc(ccc12)-c1cnn(c1)C1CCOCC1	Colony Stimulating?Factor?1	29	ChEMBL	"4LIQ,6T2W,4DKD"			
CN(Cc1cccc(C)c1)c1ncnc2[nH]c(cc12)-c1ccc(cc1)C(F)F	Colony Stimulating?Factor?1	29	ChEMBL	"4LIQ,6T2W,4DKD"			
CN(Cc1cccc(C)c1)c1ncnc2[nH]c(cc12)-c1ccc(F)cc1	Colony Stimulating?Factor?1	29	ChEMBL	"4LIQ,6T2W,4DKD"			
COc1ccc(-c2ccc(NC(=O)Nc3cccc(c3)C(F)(F)F)cc2)c2c(N)noc12	Colony Stimulating?Factor?1	30	Curated from the literature by BindingDB	"4LIQ,6T2W,4DKD"			
COc1ccc(COc2ccc(Cn3cnc4cc(ccc34)-c3ccnnc3)cc2OC)cn1	Colony Stimulating?Factor?1	30	US Patent	"4LIQ,6T2W,4DKD"			
COc1ccc(COc2ccc(Cn3c(N)nc4cc(ccc34)N3CCN(C)CC3)cc2OC)cn1	Colony Stimulating?Factor?1	30	US Patent	"4LIQ,6T2W,4DKD"			
COc1cc2ncc(C(N)=O)c(Nc3ccc(F)cc3)c2cc1OC	Colony Stimulating?Factor?1	30	ChEMBL	"3LCO,4DKD,4LIQ,6IG8"			
COc1ccc(COc2ncc(COc3nc(cnc3N)-c3cnn(C)c3)cc2OC)cc1	Colony Stimulating?Factor?1	30	ChEMBL	"3LCO,4DKD,4LIQ,6IG8"			
COc1cccc(NC(=O)Cn2cc(Oc3ncnc4cc(OCCN5CCCC5)c(OC)cc34)cn2)c1	Colony Stimulating?Factor?1	30	ChEMBL	"3LCO,4DKD,4LIQ,6IG8"			
COc1cccc(CC(=O)Nc2ccc(Oc3ncnc4cc(OC)c(OC)cc34)cc2)c1	Colony Stimulating?Factor?1	30	ChEMBL	"3LCO,4DKD,4LIQ,6IG8"			
COc1ccc(COc2ccc(Cc3cnc(N)nc3N)cc2OC)cc1	Colony Stimulating?Factor?1	30	ChEMBL	"3LCO,4DKD,4LIQ,6IG8"			
COc1ccc(COc2ccc(Cc3cnc(N)nc3N)cc2OC)cc1	Colony Stimulating?Factor?1	30	ChEMBL	"3LCO,4DKD,4LIQ,6IG8"			
COc1ccc2c(Oc3ccc(CC(=O)Nc4noc(C)c4C)c(OC)c3)ccnc2c1	Colony Stimulating?Factor?1	30	ChEMBL	"3LCO,4DKD,4LIQ,6IG8"			
COc1ccc(COc2ccc(Cn3cnc4cc(ccc34)-c3ccnnc3)cc2OC)cn1	Colony Stimulating?Factor?1	30	US Patent	"3LCO,4DKD,4LIQ,6IG8"			
COc1ccc(COc2ccc(Cn3c(N)nc4cc(ccc34)N3CCN(C)CC3)cc2OC)cn1	Colony Stimulating?Factor?1	30	US Patent	"3LCO,4DKD,4LIQ,6IG8"			
COc1ccc(COc2ccc(Cn3cnc4cc(ccc34)-c3ccnnc3)cc2OC)cn1	Colony Stimulating?Factor?1	30	US Patent	"3LCO,4DKD,4LIQ,6IG8"			
COc1ccc(COc2ccc(Cn3c(N)nc4cc(ccc34)N3CCN(C)CC3)cc2OC)cn1	Colony Stimulating?Factor?1	30	US Patent	"3LCO,4DKD,4LIQ,6IG8"			
CN1CCN(Cc2ccc(cc2C(F)(F)F)C(=O)Nc2ccc(C)c(NC(=O)c3cccc(c3)-c3cccs3)c2)CC1	Colony Stimulating?Factor?1	30	ChEMBL	"3LCO,4DKD,4LIQ,6IG8"			
CNC(=O)c1cc(Oc2ccc3nc(N[C@H]4CCCC[C@@H]4O)sc3c2)ccn1	Colony Stimulating?Factor?1	30	ChEMBL	"3LCO,4DKD,4LIQ,6IG8"			
CN1CCN(CC1)c1ccc(Nc2ncc3CN(C(=O)N([C@H]4CCN(C4)C(=O)C=C)c3n2)c2ccccc2Cl)cc1C	Colony Stimulating?Factor?1	30	ChEMBL	"3LCO,4DKD,4LIQ,6IG8"			
CCC(=O)N1CC[C@@H](C1)N1C(=O)N(Cc2cnc(Nc3ccc(cc3OC)N3CCN(C)CC3)nc12)c1cc(OC)ccc1F	Colony Stimulating?Factor?1	30	ChEMBL	"3LCO,4DKD,4LIQ,6IG8"			
Nc1ncnc2c(csc12)C(=O)Nc1cccc2n(CC3CCCCC3)nc(Br)c12	Colony Stimulating?Factor?1	30	ChEMBL	"3LCO,4DKD,4LIQ,6IG8"			
COc1cc(ccc1OCc1ccc(cc1)C1CC1)C1CN(C1)C(=O)c1cc(OCCN2CCOCC2)ccn1	Colony Stimulating?Factor?1	30	ChEMBL	4EXP			
COc1ccc(COc2ccc(Cc3cnc(N)nc3N)cc2OC)cc1	Colony Stimulating?Factor?1	30	ChEMBL	"3LCO,4DKD,4LIQ,6IG8"			
Clc1cnccc1COc1ccc2nc(NC3CCCCC3)sc2c1	Colony Stimulating?Factor?1	30	ChEMBL	"3LCO,4DKD,4LIQ,6IG8"			
COc1ccc(COc2ccc(Cc3cnc(N)nc3N)cc2OC)cc1	Colony Stimulating?Factor?1	30	ChEMBL	"3LCO,4DKD,4LIQ,6IG8"			
COc1ccc(cn1)C1COc2cc(Cn3cnc4cc(cnc34)N3CC(C)(N)C3)cc(OC)c2O1	Colony Stimulating?Factor?1	30	US Patent	"3LCO,4DKD,4LIQ,6IG8"			
COc1cc(Cn2cnc3cc(cnc23)-c2cnn(c2)C2CCNCC2)cc2OCC(C)Oc12	Colony Stimulating?Factor?1	30	US Patent	"3LCO,4DKD,4LIQ,6IG8"			
COc1ccc(COc2ccc(Cn3cnc4cc(ccc34)-c3ccnnc3)cc2OC)cn1	Colony Stimulating?Factor?1	30	US Patent	"3LCO,4DKD,4LIQ,6IG8"			
COc1ccc(COc2ccc(Cn3c(N)nc4cc(ccc34)N3CCN(C)CC3)cc2OC)cn1	Colony Stimulating?Factor?1	30	US Patent	"3LCO,4DKD,4LIQ,6IG8"			
COc1cc2ncnc(Oc3ccc(NC(=O)Nc4ccccc4)cc3)c2cc1OC	Colony Stimulating?Factor?1	30	ChEMBL	"3LCO,4DKD,4LIQ,6IG8"			
COc1ccccc1NC(=O)Nc1ccc(Oc2ncnc3cc(ccc23)N(C)C)cc1	Colony Stimulating?Factor?1	30	ChEMBL	"3LCO,4DKD,4LIQ,6IG8"			
COc1cc(Oc2ccnc3cc(OC)c(OC)cc23)ccc1NC(=O)NC(C)c1nccs1	Colony Stimulating?Factor?1	30	ChEMBL	"3LCO,4DKD,4LIQ,6IG8"			
Cc1ccc(cc1C#Cc1cc(cnc1N)-c1cnn(C)c1)C(=O)Nc1ccc(Cl)c(c1)C(F)(F)F	Colony Stimulating?Factor?1	30	ChEMBL	"3LCO,4DKD,4LIQ,6IG8"			
CNC(=O)c1nccc2c(c[nH]c12)-c1cnc(Nc2ccc(C)nc2)cc1C	Colony Stimulating?Factor?1	30	US Patent	"3LCO,4DKD,4LIQ,6IG8"			
CCC(=O)NC(=O)Nc1ccc(Oc2ccnc(c2)-c2cnn(C)c2)c(C)n1	Colony Stimulating?Factor?1	30	ChEMBL	"3LCO,4DKD,4LIQ,6IG8"			
FC(F)(F)c1ccc(CNc2ccc(Cc3c[nH]c4ncc(Cl)cc34)cn2)cn1	Colony Stimulating?Factor?1	30	US Patent	"3LCO,4DKD,4LIQ,6IG8"			
FC(F)(F)c1cc(ccc1N1CCOCC1)C(=O)Nc1cccc(c1)-n1ccc2c(NC(=O)c3ccccc3)nccc12	Colony Stimulating?Factor?1	30	ChEMBL	"3LCO,4DKD,4LIQ,6IG8"			
COc1ccc(nc1)[C@H]1COc2cc(Oc3ccc4ncc(C)c(=O)n4c3)cnc2O1	Colony Stimulating?Factor?1	30	US Patent	"3LCO,4DKD,4LIQ,6IG8"			
O=c1ccnc2ccc(Oc3cnc4O[C@H](COc4c3)c3ccc(cn3)C3CC3)cn12	Colony Stimulating?Factor?1	30	US Patent	"3LCO,4DKD,4LIQ,6IG8"			
COC(=O)c1cccc(c1)-c1cc2c(ncnc2[nH]1)N(C)Cc1cccc(C)c1	Colony Stimulating?Factor?1	30	ChEMBL	"4LIQ,6T2W,4DKD"			
COc1ccc(COc2ccc(Cn3cnc4cc(ccc34)N3CCC(N)CC3)cc2OC)cn1	Colony Stimulating?Factor?1	31	US Patent	"4LIQ,6T2W,4DKD"			
CC(C)c1ncc(NC(=O)c2cc(NC(=O)c3cc(C)cc(C)c3)ccc2Cl)s1	Colony Stimulating?Factor?1	31	ChEMBL	"3LCO,4DKD,4LIQ,6IG8"			
COc1cc2ncc(C(N)=O)c(Nc3ccc(Cl)cc3)c2cc1OC	Colony Stimulating?Factor?1	31	ChEMBL	"3LCO,4DKD,4LIQ,6IG8"			
COc1cc2ncc(C(N)=O)c(Nc3cccc(C)c3C)c2cc1OC	Colony Stimulating?Factor?1	31	ChEMBL	"3LCO,4DKD,4LIQ,6IG8"			
CC(C)(NCCS(C)(=O)=O)c1ccc(NC(=O)c2ncc([nH]2)C#N)c(c1)C1=CCC(C)(C)CC1	Colony Stimulating?Factor?1	31	ChEMBL	4EXP			
C[C@]12O[C@@H](C[C@@]1(O)CO)n1c3ccccc3c3c4C(=O)NCc4c4c5ccccc5n2c4c13	Colony Stimulating?Factor?1	31	ChEMBL	"3LCO,4DKD,4LIQ,6IG8"			
CNC(=O)c1cn(-c2ccc3CCCc3c2)c2nc(Nc3ccc(cc3)N3CCN(C)CC3)ncc2c1=O	Colony Stimulating?Factor?1	31	ChEMBL	"3LCO,4DKD,4LIQ,6IG8"			
COc1ccc(COc2ccc(Cn3cnc4cc(ccc34)N3CCC(N)CC3)cc2OC)cn1	Colony Stimulating?Factor?1	31	US Patent	"3LCO,4DKD,4LIQ,6IG8"			
COc1ccc(COc2ccc(Cn3cnc4cc(ccc34)N3CCC(N)CC3)cc2OC)cn1	Colony Stimulating?Factor?1	31	US Patent	"3LCO,4DKD,4LIQ,6IG8"			
CN1CCN(CC1)c1ccc(Nc2ncc3CN(C(=O)N([C@H]4CCN(C4)C(=O)C4CCCCC4)c3n2)c2ccccc2Cl)cc1C	Colony Stimulating?Factor?1	31	ChEMBL	"3LCO,4DKD,4LIQ,6IG8"			
COc1cc(ccc1OCc1ccc(cc1)C1CC1)C1CN(C1)C(=O)c1cc(OCCO)ccn1	Colony Stimulating?Factor?1	31	ChEMBL	4EXP			
COc1ccc(cn1)C1COc2cc(Cn3cnc4cc(OC5CN(C)C5)cnc34)cc(OC)c2O1	Colony Stimulating?Factor?1	31	US Patent	"3LCO,4DKD,4LIQ,6IG8"			
COc1ccc(cn1)[C@H]1COc2cc(Cn3cnc4cc(cnc34)C(=O)N3CCC3)cc(OC)c2O1	Colony Stimulating?Factor?1	31	US Patent	"3LCO,4DKD,4LIQ,6IG8"			
COc1ccc(cn1)C1COc2cc(Cc3ccnc4[nH]ccc34)cc(OC)c2O1	Colony Stimulating?Factor?1	31	US Patent	"3LCO,4DKD,4LIQ,6IG8"			
COc1ccc(COc2ccc(Cn3cnc4cc(ccc34)N3CCC(N)CC3)cc2OC)cn1	Colony Stimulating?Factor?1	31	US Patent	"3LCO,4DKD,4LIQ,6IG8"			
CC(C)(NC(=O)NCCO)c1ccc(NC(=O)c2ncc([nH]2)C#N)c(c1)C1=CCCCC1 |t:28|	Colony Stimulating?Factor?1	31.7	US Patent	4EXP			
COc1ccc(COc2ccc(Cn3cnc4cc(ccc34)N3CCN(C)CC3)cc2OC)cn1	Colony Stimulating?Factor?1	32	US Patent	"4LIQ,6T2W,4DKD"			
COc1ccc(COc2ccc(Cn3cnc4cc(cnc34)N3CCC[C@H]3C(O)=O)cc2OC)cn1 |r|	Colony Stimulating?Factor?1	32	US Patent	"4LIQ,6T2W,4DKD"			
NC(=O)c1cnc2cc(ccc2c1Nc1ccc(OC(F)(F)F)c(Cl)c1)-c1ccncc1	Colony Stimulating?Factor?1	32	ChEMBL	"3LCO,4DKD,4LIQ,6IG8"			
NC(=O)c1cnc2cc(ccc2c1Nc1ccc(F)c(F)c1)-c1ccncc1	Colony Stimulating?Factor?1	32	ChEMBL	"3LCO,4DKD,4LIQ,6IG8"			
NC(=O)c1cnc2cc(ccc2c1Nc1ccccc1)-c1ccc(F)cc1	Colony Stimulating?Factor?1	32	ChEMBL	"3LCO,4DKD,4LIQ,6IG8"			
NC(=O)c1cnc2cc(ccc2c1Nc1ccccc1)-c1ccc(cc1)C(=O)C1CCCC1	Colony Stimulating?Factor?1	32	ChEMBL	"3LCO,4DKD,4LIQ,6IG8"			
COc1ccc(Nc2c(cnc3cc(ccc23)-c2ccncc2)C(N)=O)cc1Cl	Colony Stimulating?Factor?1	32	ChEMBL	"3LCO,4DKD,4LIQ,6IG8"			
Cc1ccc(cc1NC(=O)c1cccnc1)C(=O)Nc1cccc(c1)C(F)(F)F	Colony Stimulating?Factor?1	32	ChEMBL	"3LCO,4DKD,4LIQ,6IG8"			
CC(C)(O)Cc1ccc(NC(=O)c2ncc([nH]2)C#N)c(c1)C1=CCCCC1	Colony Stimulating?Factor?1	32	ChEMBL	4EXP			
CC1(C)CCC(=CC1)c1cc(ccc1NC(=O)c1ncc([nH]1)C#N)C(N)=O	Colony Stimulating?Factor?1	32	ChEMBL	4EXP			
COc1ccc(COc2ccc(Cn3cnc4cc(ccc34)N3CCN(C)CC3)cc2OC)cn1	Colony Stimulating?Factor?1	32	US Patent	"3LCO,4DKD,4LIQ,6IG8"			
COc1ccc(COc2ccc(Cn3cnc4cc(cnc34)N3CCC[C@H]3C(O)=O)cc2OC)cn1	Colony Stimulating?Factor?1	32	US Patent	"3LCO,4DKD,4LIQ,6IG8"			
COc1ccc(COc2ccc(Cn3cnc4cc(ccc34)N3CCN(C)CC3)cc2OC)cn1	Colony Stimulating?Factor?1	32	US Patent	"3LCO,4DKD,4LIQ,6IG8"			
COc1ccc(COc2ccc(Cn3cnc4cc(cnc34)N3CCC[C@H]3C(O)=O)cc2OC)cn1	Colony Stimulating?Factor?1	32	US Patent	"3LCO,4DKD,4LIQ,6IG8"			
Cc1ccc(NC(=O)c2cccc(c2)C(F)(F)F)cc1NC(=O)c1cnc(N)nc1	Colony Stimulating?Factor?1	32	ChEMBL	"3LCO,4DKD,4LIQ,6IG8"			
CCC(=O)N1CC[C@@H](C1)N1C(=O)N(Cc2cnc(Nc3ccc(N4CCN(C)CC4)c(c3)C(F)(F)F)nc12)c1cc(OC)ccc1F	Colony Stimulating?Factor?1	32	ChEMBL	"3LCO,4DKD,4LIQ,6IG8"			
COc1ccc(cn1)[C@@H]1COc2cc(Cn3cnc4cc(cnc34)C#CC(C)(C)N)cc(OC)c2O1	Colony Stimulating?Factor?1	32	US Patent	"3LCO,4DKD,4LIQ,6IG8"			
COc1ccc(cn1)C1COc2cc(Cn3cnc4cc(cnc34)-n3cncn3)cc(OC)c2O1	Colony Stimulating?Factor?1	32	US Patent	"3LCO,4DKD,4LIQ,6IG8"			
COc1cc(Cn2cnc3cccnc23)cc2OCC(Oc12)c1ccc(OC(F)F)nc1	Colony Stimulating?Factor?1	32	US Patent	"3LCO,4DKD,4LIQ,6IG8"			
COc1cc(Cn2cnc3cc(cnc23)-c2cnn(C)c2)cc2O[C@@H](C)[C@H](Oc12)C1CC1	Colony Stimulating?Factor?1	32	US Patent	"3LCO,4DKD,4LIQ,6IG8"			
COc1cc(Cn2cnc3cccnc23)cc2OCC(Oc12)c1cnn(c1)C(C)C	Colony Stimulating?Factor?1	32	US Patent	"3LCO,4DKD,4LIQ,6IG8"			
COc1ccc(COc2ccc(Cn3cnc4cc(ccc34)N3CCN(C)CC3)cc2OC)cn1	Colony Stimulating?Factor?1	32	US Patent	"3LCO,4DKD,4LIQ,6IG8"			
COc1ccc(COc2ccc(Cn3cnc4cc(cnc34)N3CCC[C@H]3C(O)=O)cc2OC)cn1	Colony Stimulating?Factor?1	32	US Patent	"3LCO,4DKD,4LIQ,6IG8"			
COc1nn(Cc2cccc(C)n2)c2cccc(NC(=O)c3cnc4cc(OCCN5CCN(C)CC5)ccn34)c12	Colony Stimulating?Factor?1	32.7	US Patent	"4LIQ,6T2W,4DKD"			
CC(=C)c1ccc(NC(=O)c2ncc([nH]2)C#N)c(c1)C1=CCCCC1 |t:21|	Colony Stimulating?Factor?1	32.9	US Patent	4EXP			
CC(=O)SC(C)(C)c1ccc(NC(=O)c2ncc([nH]2)C#N)c(c1)C1=CCC(C)(C)CC1 |t:25|	Colony Stimulating?Factor?1	33	US Patent	4EXP			
COc1cc2ncc(C(N)=O)c(Nc3cccc(F)c3)c2cc1OC	Colony Stimulating?Factor?1	33	ChEMBL	"3LCO,4DKD,4LIQ,6IG8"			
CC(C)(CO)c1ccc(NC(=O)c2ncc([nH]2)C#N)c(c1)C1=CCC(C)(C)CC1	Colony Stimulating?Factor?1	33	ChEMBL	4EXP			
CCOC(=O)[C@@H]1CCC(=O)N1	Colony Stimulating?Factor?1	33	ChEMBL	"3LCO,4DKD,4LIQ,6IG8"			
COc1cnc2n(Cc3ccc4OC(C(C)Oc4c3)c3ccc(OC)nc3)cnc2c1	Colony Stimulating?Factor?1	33	US Patent	"3LCO,4DKD,4LIQ,6IG8"			
COc1cc(Cn2cnc3cccnc23)cc2OC[C@@H](Oc12)c1ccc(nc1)C(F)(F)F	Colony Stimulating?Factor?1	33	US Patent	"3LCO,4DKD,4LIQ,6IG8"			
CC(C)N1CCOc2c(F)cc(cc12)-c1nc(Nc2ccn(C3=CCNCC3)c(=O)c2)ncc1F	Colony Stimulating?Factor?1	33	US Patent	"3LCO,4DKD,4LIQ,6IG8"			
CC(C)(C)c1cc(NC(=O)Nc2ccc(cc2)-c2cc([nH]n2)-c2ccc(OCCN3CCOCC3)cc2)no1	Colony Stimulating?Factor?1	33	ChEMBL	"4LIQ,6T2W,4DKD"			
COc1cc(Oc2ccc3ncccc3c2)cnc1OCc1ccc(cc1)C1CC1	Colony Stimulating?Factor?1	33	US Patent	"3LCO,4DKD,4LIQ,6IG8"			
COc1ccc(CCOc2ncc(Oc3ccc4ncc(C)c(=O)n4c3)cc2OC)cc1	Colony Stimulating?Factor?1	33	US Patent	"3LCO,4DKD,4LIQ,6IG8"			
COc1cc(Oc2ccc3ncc(C)c(=O)n3c2)cnc1OCCc1ccccc1	Colony Stimulating?Factor?1	33	US Patent	"3LCO,4DKD,4LIQ,6IG8"			
NC(N)=NCc1ccc(N2CCCCC2)c(NC(=O)c2ccc(o2)C#N)c1	Colony Stimulating?Factor?1	34	ChEMBL	"3LCO,4DKD,4LIQ,6IG8"			
NC(=O)c1ccc(NC(=O)c2ncc([nH]2)C#N)c(c1)C1=CCCCC1	Colony Stimulating?Factor?1	34	ChEMBL	4EXP			
CCc1ccc(cn1)C1COc2cc(Cn3cnc4cccnc34)cc(OC)c2O1	Colony Stimulating?Factor?1	34	US Patent	"3LCO,4DKD,4LIQ,6IG8"			
COc1cc(Cn2cnc3cccnc23)cc2OCC(Oc12)c1ccc(nc1)C(C)(F)F	Colony Stimulating?Factor?1	34	US Patent	"3LCO,4DKD,4LIQ,6IG8"			
COc1ccc(cn1)[C@H]1Oc2c(OC)cc(Cn3cnc4cccnc34)cc2O[C@@H]1C	Colony Stimulating?Factor?1	34	US Patent	"3LCO,4DKD,4LIQ,6IG8"			
CNC(=O)c1nccc2c(c[nH]c12)-c1cnc(Nc2ccc(OC(C)C)cc2)cc1C	Colony Stimulating?Factor?1	34	US Patent	"3LCO,4DKD,4LIQ,6IG8"			
CCN(CC)CCNC(=O)c1c(C)[nH]c(\C=C2/C(=O)Nc3ccc(F)cc23)c1C	Colony Stimulating?Factor?1	35	ChEMBL	"3LCO,4DKD,4LIQ,6IG8"			
CN1CCN(CC1)c1ccc(Nc2ncc3c(n2)n(cc(C(N)=O)c3=O)C2CCCCC2)cc1	Colony Stimulating?Factor?1	35	ChEMBL	"3LCO,4DKD,4LIQ,6IG8"			
CCc1ccc(COc2ccc(cc2OC)C2CN(C2)C(=O)c2cc(COCC(CO)(CO)CO)ccn2)cc1	Colony Stimulating?Factor?1	35	ChEMBL	4EXP			
COc1cc(Cn2cnc3cc(CO)cnc23)cc2OCC(Oc12)c1cnn(c1)C1CCC1	Colony Stimulating?Factor?1	35	US Patent	"3LCO,4DKD,4LIQ,6IG8"			
COc1ccc(cn1)C1CCc2cc(Cc3cnc4cc(cnn34)N3CCOCC3)cc(OC)c2O1	Colony Stimulating?Factor?1	35	US Patent	"3LCO,4DKD,4LIQ,6IG8"			
CN1CCC(CC1)c1ccc(Nc2ncc(F)c(n2)-c2cc(F)c3OCCN(C)c3c2)cc1F	Colony Stimulating?Factor?1	35	US Patent	"3LCO,4DKD,4LIQ,6IG8"			
FC(F)(F)c1ccc(CNc2ccc(Cc3c[nH]c4ncc(Cl)cc34)cn2)cn1	Colony Stimulating?Factor?1	35	ChEMBL	"3LCO,4DKD,4LIQ,6IG8"			
Cc1nc(ccc1Oc1ccnc(c1)-c1cnn(C)c1)-c1cnc(NC2CC2)[nH]c1=O	Colony Stimulating?Factor?1	35	ChEMBL	"3LCO,4DKD,4LIQ,6IG8"			
FC(F)(F)c1ccc(CNc2ccc(Cc3c[nH]c4ncc(Cl)cc34)cn2)cn1	Colony Stimulating?Factor?1	35	ChEMBL	"4LIQ,6T2W,4DKD"			
CC(C)(C)c1cc(NC(=O)Nc2ccc(NC(=O)c3ccc(OC4CCNCC4)cn3)cc2)no1	Colony Stimulating?Factor?1	35.7	ChEMBL	4EXP			
CC(C)(CN1CCSCC1)c1ccc(NC(=O)c2ncc([nH]2)C#N)c(c1)C1=CCC(C)(C)CC1 |t:29|	Colony Stimulating?Factor?1	36	US Patent	4EXP			
"COc1ccc(COc2ccc(Cn3cnc4cc(cnc34)N3CCN4CCC3CC4)cc2OC)cn1 |(-1.02,-9.85,;-1.79,-8.52,;-1.02,-7.18,;-1.79,-5.85,;-1.02,-4.52,;.52,-4.52,;1.61,-3.43,;1.21,-1.94,;2.3,-.85,;1.53,.48,;2.3,1.82,;3.84,1.82,;4.61,3.15,;3.84,4.48,;4.75,5.73,;3.84,6.97,;2.38,6.5,;1.04,7.27,;-.29,6.5,;-.29,4.96,;1.04,4.19,;2.38,4.96,;-1.62,7.27,;-2.9,6.4,;-4.37,6.86,;-4.93,8.29,;-4.16,9.62,;-2.64,9.85,;-1.51,8.8,;-2.53,9.45,;-3.25,8.29,;4.61,.48,;3.84,-.85,;4.93,-1.94,;4.53,-3.43,;1.29,-5.85,;.52,-7.18,)|"	Colony Stimulating?Factor?1	36	US Patent	"4LIQ,6T2W,4DKD"			
O=C(Nc1ccccc1N1CCCCC1)c1ccc(o1)C#N	Colony Stimulating?Factor?1	36	ChEMBL	"3LCO,4DKD,4LIQ,6IG8"			
COc1cc2ncc(C(N)=O)c(Nc3ccccc3Br)c2cc1OC	Colony Stimulating?Factor?1	36	ChEMBL	"3LCO,4DKD,4LIQ,6IG8"			
COc1ccc(COc2ccc(Cn3cnc4cc(cnc34)N3CCN4CCC3CC4)cc2OC)cn1	Colony Stimulating?Factor?1	36	US Patent	"3LCO,4DKD,4LIQ,6IG8"			
COc1ccc(COc2ccc(Cn3cnc4cc(cnc34)N3CCN4CCC3CC4)cc2OC)cn1	Colony Stimulating?Factor?1	36	US Patent	"3LCO,4DKD,4LIQ,6IG8"			
COc1ccc(COc2ccc(cc2OC)C2CN(C2)C(=O)c2cc(OCCN3CCN(C)CC3)ccn2)cc1	Colony Stimulating?Factor?1	36	ChEMBL	4EXP			
COc1ccc(cn1)C1COc2cc(Cn3cnc4cc(cnc34)-c3nc(C)c[nH]3)cc(OC)c2O1	Colony Stimulating?Factor?1	36	US Patent	"3LCO,4DKD,4LIQ,6IG8"			
CCCN1CCOc2c(F)cc(cc12)-c1nc(Nc2ccc(N3CCC(CC3)N(C)C)c(F)c2)ncc1F	Colony Stimulating?Factor?1	36	US Patent	"3LCO,4DKD,4LIQ,6IG8"			
COc1ccc(COc2ccc(Cn3cnc4cc(cnc34)N3CCN4CCC3CC4)cc2OC)cn1	Colony Stimulating?Factor?1	36	US Patent	"3LCO,4DKD,4LIQ,6IG8"			
COc1ccc(Cl)cc1NC(=O)Nc1ccc(Oc2ncnc3cc(ccc23)N(C)C)cc1	Colony Stimulating?Factor?1	36	ChEMBL	"3LCO,4DKD,4LIQ,6IG8"			
Cc1cnc2ccc(Oc3cnc4OC(COc4c3)c3ccc(cc3)C3CC3)cn2c1=O	Colony Stimulating?Factor?1	36	US Patent	"3LCO,4DKD,4LIQ,6IG8"			
CC1(C)CCC(=CC1)c1nc(CC(O)=O)ccc1NC(=O)c1cc(c[nH]1)C#N |c:5|	Colony Stimulating?Factor?1	36.2	US Patent	4EXP			
O=Cc1ccc(N2CCCCC2)c(NC(=O)c2ccc(o2)C#N)c1	Colony Stimulating?Factor?1	37	ChEMBL	"3LCO,4DKD,4LIQ,6IG8"			
CS(=O)(=O)NCc1ccc(N2CCCCC2)c(NC(=O)c2ccc(o2)C#N)c1	Colony Stimulating?Factor?1	37	ChEMBL	"3LCO,4DKD,4LIQ,6IG8"			
Cc1ccc(NC(=O)c2cccc(c2)C(F)(F)F)cc1C(=O)Nc1cccnc1	Colony Stimulating?Factor?1	37	ChEMBL	"3LCO,4DKD,4LIQ,6IG8"			
CCN1CCC(CC1)c1ccc(nc1)C(=O)Nc1ccc(NC(=O)Nc2cc(on2)C(C)(C)C)cc1	Colony Stimulating?Factor?1	37	ChEMBL	4EXP			
COc1ccc(Cn2nc(Br)c3c(NC(=O)c4csc5c(N)ncnc45)cccc23)cc1	Colony Stimulating?Factor?1	37	ChEMBL	"3LCO,4DKD,4LIQ,6IG8"			
CCc1ccc(COc2ccc(cc2OC)C2CN(C2)C(=O)c2cc(OCCN3CCN(C)CC3)ccn2)cc1	Colony Stimulating?Factor?1	37	ChEMBL	4EXP			
COc1cc(Cn2cnc3cccnc23)cc2OCC(Oc12)c1csc(n1)C1CC1	Colony Stimulating?Factor?1	37	US Patent	"3LCO,4DKD,4LIQ,6IG8"			
COc1cc2ncc(C(N)=O)c(Nc3cccc(C)c3)c2cc1OC	Colony Stimulating?Factor?1	38	ChEMBL	"3LCO,4DKD,4LIQ,6IG8"			
CC1CCN(CC1)c1cc(\C=C\C(=O)OC(C)(C)C)ccc1NC(=O)c1ccc(o1)C#N	Colony Stimulating?Factor?1	38	ChEMBL	"3LCO,4DKD,4LIQ,6IG8"			
CCOC(=O)[C@@H]1CCC(=O)N1	Colony Stimulating?Factor?1	38	ChEMBL	"3LCO,4DKD,4LIQ,6IG8"			
COc1ccc(cn1)C1COc2cc(Cn3cnc4cc(cnc34)-n3ccnc3C)cc(F)c2O1	Colony Stimulating?Factor?1	39	US Patent	"3LCO,4DKD,4LIQ,6IG8"			
COc1ccc(-c2ccc(NC(=O)Nc3cccc(Cl)c3)cc2)c2c(N)noc12	Colony Stimulating?Factor?1	40	Curated from the literature by BindingDB	"4LIQ,6T2W,4DKD"			
C[C@H](Nc1cncc(Cl)n1)c1cccc(NC(=O)c2ccc(C)nc2)c1 |r|	Colony Stimulating?Factor?1	40	Curated from the literature by BindingDB	"4LIQ,6T2W,4DKD"			
C[C@H](Nc1cncc(Cl)n1)c1cccc(NC(=O)c2ccccc2)c1 |r|	Colony Stimulating?Factor?1	40	Curated from the literature by BindingDB	"4LIQ,6T2W,4DKD"			
COc1ccc(Nc2c(cnc3cc(ccc23)-c2ccncc2)C(N)=O)cc1F	Colony Stimulating?Factor?1	40	ChEMBL	"3LCO,4DKD,4LIQ,6IG8"			
CN(C)c1ccc(cc1)-c1ccc2c(Nc3ccccc3)c(cnc2c1)C(N)=O	Colony Stimulating?Factor?1	40	ChEMBL	"3LCO,4DKD,4LIQ,6IG8"			
Cc1ccc(Nc2c(cnc3cc(ccc23)-c2ccncc2)C(N)=O)cc1Cl	Colony Stimulating?Factor?1	40	ChEMBL	"3LCO,4DKD,4LIQ,6IG8"			
Nc1ncc(nc1NCc1c(Cl)cccc1Cl)-c1ccc(cc1)C(=O)N1CCC[C@H]1CN1CCCC1	Colony Stimulating?Factor?1	40	ChEMBL	"3LCO,4DKD,4LIQ,6IG8"			
COc1cccc(NC(=O)Cn2cc(Oc3ccnc4cc(OC)c(OC)cc34)cn2)c1	Colony Stimulating?Factor?1	40	ChEMBL	"3LCO,4DKD,4LIQ,6IG8"			
CCn1cc(NC(=O)Cc2ccc(Oc3ccnc4cc(OC)c(OC)cc34)cc2)cn1	Colony Stimulating?Factor?1	40	ChEMBL	"3LCO,4DKD,4LIQ,6IG8"			
OCCc1ccc(NC(=O)c2ncc([nH]2)C#N)c(c1)C1=CCCCC1	Colony Stimulating?Factor?1	40	ChEMBL	4EXP			
CN1CCN(Cc2ccc(NC(=O)c3ccc(Cl)c(NC(=O)c4cccc(c4)-c4cccs4)c3)cc2C(F)(F)F)CC1	Colony Stimulating?Factor?1	40	ChEMBL	"3LCO,4DKD,4LIQ,6IG8"			
CCOC(=O)[C@@H]1CCC(=O)N1	Colony Stimulating?Factor?1	40	ChEMBL	"3LCO,4DKD,4LIQ,6IG8"			
COc1ccc(cn1)C1COc2c(C)c(Cn3cnc4cc(cnc34)C#CC(C)(C)N)cc(F)c2O1	Colony Stimulating?Factor?1	40	US Patent	"3LCO,4DKD,4LIQ,6IG8"			
COc1ccc(C2COc3cc(Cn4cnc5cccnc45)cc(OC)c3O2)c(OC)n1	Colony Stimulating?Factor?1	40	US Patent	"3LCO,4DKD,4LIQ,6IG8"			
CC(C)N1CCOc2c(F)cc(cc12)-c1nc(Nc2ccc(nc2)N2CCC(CC2)N(C)C)ncc1F	Colony Stimulating?Factor?1	40	US Patent	"3LCO,4DKD,4LIQ,6IG8"			
CN(CC1CCCC1)c1ncnc2[nH]c(nc12)-c1ccc(CO)cc1	Colony Stimulating?Factor?1	40	ChEMBL	4EXP			
C(CN1CCCC1)Oc1ccc2Nc3nccc(n3)-c3cccc(COC\C=C\COCc1c2)c3	Colony Stimulating?Factor?1	40	ChEMBL	"3LCO,4DKD,4LIQ,6IG8"			
COc1ccc(COc2ccc(Cn3cnc4cc(cnc34)C3=CC4(O)CN3CCC4)cc2OC)cn1 |t:24|	Colony Stimulating?Factor?1	41	US Patent	"4LIQ,6T2W,4DKD"			
CCN1CCC(CC1)Oc1ccc(nc1)C(=O)Nc1ccc(NC(=O)Nc2cc(on2)C(C)(C)C)cc1	Colony Stimulating?Factor?1	41	ChEMBL	4EXP			
COc1ccc(cn1)-c1ccc(NC(=O)c2ncc([nH]2)C#N)c(c1)C1=CCC(C)(C)CC1	Colony Stimulating?Factor?1	41	ChEMBL	"3LCO,4DKD,4LIQ,6IG8"			
COc1ccc(COc2ccc(Cn3cnc4cc(cnc34)C3=CC4(O)CN3CCC4)cc2OC)cn1	Colony Stimulating?Factor?1	41	US Patent	"3LCO,4DKD,4LIQ,6IG8"			
COc1ccc(COc2ccc(Cn3cnc4cc(cnc34)C3=CC4(O)CN3CCC4)cc2OC)cn1	Colony Stimulating?Factor?1	41	US Patent	"3LCO,4DKD,4LIQ,6IG8"			
CCC(=O)N1CC[C@@H](C1)N1C(=O)N(Cc2cnc(Nc3ccc(N4CCCCC4)c(C)c3)nc12)c1cc(OC)ccc1F	Colony Stimulating?Factor?1	41	ChEMBL	"3LCO,4DKD,4LIQ,6IG8"			
CCc1ccc(COc2ccc(cc2OC)C2CN(C2)C(=O)c2cc(C)ccn2)cc1	Colony Stimulating?Factor?1	41	ChEMBL	"3LCO,4DKD,4LIQ,6IG8"			
FC(F)(F)CNC(=O)c1cc(cs1)-c1cnn2cc(cnc12)-c1ccc(OCCN2CCCCC2)cc1	Colony Stimulating?Factor?1	41	ChEMBL	"3LCO,4DKD,4LIQ,6IG8"			
CCc1ccc(COc2ccc(cc2OC)C2CN(C2)C(=O)c2cc(OCCN3C[C@H](O)[C@H](O)C3)ccn2)cc1	Colony Stimulating?Factor?1	41	ChEMBL	4EXP			
COc1ccc(cn1)C1Oc2c(OC)cc(Cn3cnc4cccnc34)cc2OC1C	Colony Stimulating?Factor?1	41	US Patent	"3LCO,4DKD,4LIQ,6IG8"			
COc1ccc(COc2ccc(Cn3cnc4cc(cnc34)C3=CC4(O)CN3CCC4)cc2OC)cn1	Colony Stimulating?Factor?1	41	US Patent	"3LCO,4DKD,4LIQ,6IG8"			
CN(C)c1ccc2ncnc(Oc3ccc(NC(=O)Nc4ccccc4)cc3)c2c1	Colony Stimulating?Factor?1	41	ChEMBL	"3LCO,4DKD,4LIQ,6IG8"			
CCn1cc(cn1)-c1ccc2n(cnc2c1)-c1cc(OC)c(C(=O)NCC(F)(F)F)c(OC)c1	Colony Stimulating?Factor?1	41	ChEMBL	"4LIQ,6T2W,4DKD"			
CCc1nn(Cc2ccccc2)c2ccc(Cl)c(NC(=O)c3cnc4cc(OCCOC)ccn34)c12	Colony Stimulating?Factor?1	42	US Patent	"4LIQ,6T2W,4DKD"			
COc1ccc(cn1)C1COc2cc(Cn3cnc4cc(cnc34)N3CCN(C)CC3)ccc2O1	Colony Stimulating?Factor?1	42	US Patent	"3LCO,4DKD,4LIQ,6IG8"			
COCc1cnc2n(Cc3cc(OC)c4OC(COc4c3)c3ccc(OC)nc3)cnc2c1	Colony Stimulating?Factor?1	42	US Patent	"3LCO,4DKD,4LIQ,6IG8"			
CN1CCOc2c(F)cc(cc12)-c1nc(Nc2ccc(N3CCNCC3)c(F)c2)ncc1F	Colony Stimulating?Factor?1	42	US Patent	"3LCO,4DKD,4LIQ,6IG8"			
CCN1CCN(CC1)C(=O)c1ccc(Nc2ncc(F)c(n2)-c2cc(F)c3OCCN(C(C)C)c3c2)cc1F	Colony Stimulating?Factor?1	42	US Patent	"3LCO,4DKD,4LIQ,6IG8"			
CCn1cc(cn1)-c1ccc2n(cnc2c1)-c1cc(OC)c(CO)c(OC)c1	Colony Stimulating?Factor?1	42	ChEMBL	"4LIQ,6T2W,4DKD"			
OCCC1CCN(CC1)c1ccccc1NC(=O)c1ccc(o1)[N+]([O-])=O	Colony Stimulating?Factor?1	43	ChEMBL	"3LCO,4DKD,4LIQ,6IG8"			
CN(C)CCCNC(=O)c1csc2nc(cn12)-c1ccc(NC(=O)Nc2cc(on2)C(C)(C)C)cc1	Colony Stimulating?Factor?1	43	ChEMBL	"3LCO,4DKD,4LIQ,6IG8"			
COc1cc(Cn2cnc3ccccc23)cc2OCC(Oc12)c1ccc(nc1)C1CC1	Colony Stimulating?Factor?1	43	US Patent	"3LCO,4DKD,4LIQ,6IG8"			
COC1CN(C1)c1cnc2n(Cc3cc(OC)c4OC(COc4c3)c3ccc(OC)nc3OC)cnc2c1	Colony Stimulating?Factor?1	43	US Patent	"3LCO,4DKD,4LIQ,6IG8"			
OCc1ccc(cc1)-c1nc2c(NCc3ccccc3)ncnc2[nH]1	Colony Stimulating?Factor?1	43	ChEMBL	"4LIQ,6T2W,4DKD"			
CNc1ccc2c(Oc3ccc(NC(=O)Nc4ccccc4)cc3)ncnc2c1	Colony Stimulating?Factor?1	44	ChEMBL	"3LCO,4DKD,4LIQ,6IG8"			
COc1cc(Oc2ccc3ncc(C)c(=O)n3c2)cnc1OCc1cccc(c1)C(C)(C)C#N	Colony Stimulating?Factor?1	44	US Patent	"3LCO,4DKD,4LIQ,6IG8"			
CN1CCN(CC(=O)Nc2cccc-3c2Cc2c-3n[nH]c2-c2csc(c2)C#CCOc2ccccc2)CC1	Colony Stimulating?Factor?1	45	ChEMBL	"3LCO,4DKD,4LIQ,6IG8"			
COc1cnc2n(Cc3cc(OC)c4O[C@H]([C@@H](C)Oc4c3)c3ccc(OC)nc3)cnc2c1	Colony Stimulating?Factor?1	45	US Patent	"3LCO,4DKD,4LIQ,6IG8"			
CNc1cc2ccc(cc2cn1)C#CCOc1ccc(CN2CCNCC2)c(c1)C(F)(F)F	Colony Stimulating?Factor?1	46	ChEMBL	"3LCO,4DKD,4LIQ,6IG8"			
COc1ccc(Nc2c(cnc3cc(OC)c(OC)cc23)C(N)=O)cc1	Colony Stimulating?Factor?1	46	ChEMBL	"3LCO,4DKD,4LIQ,6IG8"			
CN1CCN(Cc2ccc(NC(=O)c3ccc(C)c(c3)C#Cc3cncc4ccccc34)cc2C(F)(F)F)CC1	Colony Stimulating?Factor?1	46	ChEMBL	"3LCO,4DKD,4LIQ,6IG8"			
CC(C)(C)c1cc(NC(=O)Cc2ccc(cc2)-n2cnc3cc(ccc23)-c2ccc(cc2)S(C)(=O)=O)no1	Colony Stimulating?Factor?1	46	ChEMBL	"3LCO,4DKD,4LIQ,6IG8"			
COc1cc(ccc1OCc1ccc(cc1)C1CC1)C1CN(C1)C(=O)c1cc(OC[C@H](O)CO)ccn1	Colony Stimulating?Factor?1	46	ChEMBL	4EXP			
COc1cc(Cn2cnc3cc(cnc23)N2CC(O)C2)cc2OCC(Oc12)c1ccc(C)nc1	Colony Stimulating?Factor?1	46	US Patent	"3LCO,4DKD,4LIQ,6IG8"			
COCc1ccc(cn1)C1COc2cc(Cn3cnc4cc(cnc34)C3CC3)cc(OC)c2O1	Colony Stimulating?Factor?1	46	US Patent	"3LCO,4DKD,4LIQ,6IG8"			
CC(C)N1CCOc2c(F)cc(cc12)-c1nc(Nc2ccc(N3CCSCC3)c(F)c2)ncc1F	Colony Stimulating?Factor?1	46	US Patent	"3LCO,4DKD,4LIQ,6IG8"			
CCN1C(C)(C)CC(CC1(C)C)Oc1ccc(nc1)C(=O)Nc1ccc(NC(=O)Nc2cc(on2)C(C)(C)C)cc1	Colony Stimulating?Factor?1	46.3	ChEMBL	4EXP			
[O-][N+](=O)c1ccc(o1)C(=O)Nc1ccccc1N1CCCCC1	Colony Stimulating?Factor?1	47	ChEMBL	"3LCO,4DKD,4LIQ,6IG8"			
[O-][N+](=O)c1c[nH]c(c1)C(=O)Nc1ccccc1N1CCCCC1	Colony Stimulating?Factor?1	47	ChEMBL	"3LCO,4DKD,4LIQ,6IG8"			
O=C(Nc1ccccc1N1CCCCC1)c1cc(c[nH]1)C#N	Colony Stimulating?Factor?1	47	ChEMBL	"3LCO,4DKD,4LIQ,6IG8"			
COc1ccc(COc2ccc(cc2OC)C2CN(C2)C(=O)c2cc(OCCO)ccn2)cc1	Colony Stimulating?Factor?1	47	ChEMBL	4EXP			
O=C(Nc1ccc(CS(=O)(=O)N2CCOCC2)cc1C1=CCCCC1)c1ncc([nH]1)C#N	Colony Stimulating?Factor?1	48	ChEMBL	4EXP			
COc1cc(OCc2ccnc(Nc3cc[nH]n3)n2)cc2sc(N[C@H]3CCCC[C@@H]3O)nc12	Colony Stimulating?Factor?1	48	ChEMBL	"3LCO,4DKD,4LIQ,6IG8"			
COc1cc(OCc2ccnc(Nc3cn(C)nn3)n2)cc2sc(N[C@H]3CCCC[C@@H]3O)nc12	Colony Stimulating?Factor?1	48	ChEMBL	4EXP			
CC(C)N1CCOc2c(F)cc(cc12)-c1nc(Nc2ccc(nc2)C2CCN(C)CC2)ncc1F	Colony Stimulating?Factor?1	48	US Patent	"3LCO,4DKD,4LIQ,6IG8"			
Cc1ccc(cc1C#Cc1cc(cnc1N)-c1cnn(C)c1)C(=O)Nc1cc(cc(c1)C(F)(F)F)C(F)(F)F	Colony Stimulating?Factor?1	48	ChEMBL	"3LCO,4DKD,4LIQ,6IG8"			
Cc1ccc(cc1C#Cc1cc(cnc1N)-c1cnn(C)c1)C(=O)Nc1cc(cc(c1)C(F)(F)F)C(F)(F)F	Colony Stimulating?Factor?1	48	ChEMBL	"3LCO,4DKD,4LIQ,6IG8"			
O=C(Cc1cnc[nH]1)N1CCC(CC1)c1ccc(NC(=O)c2ncc([nH]2)C#N)c(c1)C1=CCCCC1	Colony Stimulating?Factor?1	49	ChEMBL	4EXP			
CCc1ccc(COc2ccc(cc2OC)C2CN(C2)C(=O)c2cc(COC[C@@H](O)CO)ccn2)cc1	Colony Stimulating?Factor?1	49	ChEMBL	4EXP			
CC(C)N1CCOc2c(F)cc(cc12)-c1nc(Nc2ccc(N3CCN(C)CC3)c(F)c2)ncc1F	Colony Stimulating?Factor?1	49	US Patent	"3LCO,4DKD,4LIQ,6IG8"			
CC(C)N1CCOc2c(F)cc(cc12)-c1nc(Nc2cc(F)c(cc2F)N2CCNCC2)ncc1F	Colony Stimulating?Factor?1	49	US Patent	"3LCO,4DKD,4LIQ,6IG8"			
CCn1cc(cn1)-c1ccc2n(cnc2c1)-c1cc(OC)c(C(N)=O)c(OC)c1	Colony Stimulating?Factor?1	49	ChEMBL	"4LIQ,6T2W,4DKD"			
CCN(C)CCCc1ccc(NC(=O)c2ccc(o2)C#N)c(c1)N1CCC(C)CC1	Colony Stimulating?Factor?1	50	US Patent	4EXP			
Cc1ccc2c(Nc3ccc(F)c(Cl)c3)nccc2c1NC(=O)c1csc2c(N)ncnc12	Colony Stimulating?Factor?1	50	US Patent	"4LIQ,6T2W,4DKD"			
Cc1cc(Nc2c(cnc3cc(ccc23)-c2ccncc2)C(N)=O)ccc1F	Colony Stimulating?Factor?1	50	ChEMBL	"3LCO,4DKD,4LIQ,6IG8"			
NC(=O)c1cnc2cc(ccc2c1Nc1ccccc1)-c1ccc(cc1)C#N	Colony Stimulating?Factor?1	50	ChEMBL	"3LCO,4DKD,4LIQ,6IG8"			
CS(=O)(=O)Cc1ccc(cc1)-c1ccc2c(Nc3ccccc3)c(cnc2c1)C(N)=O	Colony Stimulating?Factor?1	50	ChEMBL	"3LCO,4DKD,4LIQ,6IG8"			
Cc1ccc(cc1)-c1ccc2c(Nc3ccccc3)c(cnc2c1)C(N)=O	Colony Stimulating?Factor?1	50	ChEMBL	"3LCO,4DKD,4LIQ,6IG8"			
COc1cccc(NC(=O)Cn2cc(Oc3ccnc4cc(OC)c(cc34)C#N)cn2)c1	Colony Stimulating?Factor?1	50	ChEMBL	"3LCO,4DKD,4LIQ,6IG8"			
NC(=O)CCc1ccc(NC(=O)c2ncc([nH]2)C#N)c(c1)C1=CCCCC1	Colony Stimulating?Factor?1	50	ChEMBL	4EXP			
COc1cc(ccc1Nc1ncc(Cl)c(Nc2ccccc2S(=O)(=O)C(C)C)n1)N1CCC(CC1)N1CCN(C)CC1	Colony Stimulating?Factor?1	50	ChEMBL	"3LCO,4DKD,4LIQ,6IG8"			
COc1cc(Oc2ccnc3cc(OC)c(OC)cc23)ccc1CC(=O)Nc1cn(C)nc1C	Colony Stimulating?Factor?1	50	ChEMBL	"3LCO,4DKD,4LIQ,6IG8"			
Cc1ccc2c(Nc3ccc(F)c(Cl)c3)nccc2c1NC(=O)c1csc2c(N)ncnc12	Colony Stimulating?Factor?1	50	US Patent	"3LCO,4DKD,4LIQ,6IG8"			
CN1CCC(CC1)Nc1ccc(cc1)C(=O)Nc1cc(n[nH]1)-c1cc(cs1)C#N	Colony Stimulating?Factor?1	50	ChEMBL	"3LCO,4DKD,4LIQ,6IG8"			
Nc1nccc(COc2ccc3nc(N[C@H]4CCCC[C@@H]4O)sc3c2)c1Cl	Colony Stimulating?Factor?1	50	ChEMBL	4EXP			
COc1ccc(cn1)C1CCc2cc(Cc3cnn4cc(ccc34)N3CCOCC3)cc(OC)c2O1	Colony Stimulating?Factor?1	50	US Patent	"3LCO,4DKD,4LIQ,6IG8"			
CN(C)c1ccc2c(Oc3ccc(NC(=O)NCc4ccc(cc4)C#N)cc3)ncnc2c1	Colony Stimulating?Factor?1	50	ChEMBL	"3LCO,4DKD,4LIQ,6IG8"			
CN1C(C)(C)CC(CC1(C)C)Oc1ccc(nc1)C(=O)Nc1ccc(NC(=O)Nc2cc(on2)C(C)(C)C)cc1	Colony Stimulating?Factor?1	50.4	ChEMBL	4EXP			
CCN(C)CCCc1ccc(NC(=O)c2ccc(o2)C#N)c(c1)N1CCCCC1	Colony Stimulating?Factor?1	52	ChEMBL	"3LCO,4DKD,4LIQ,6IG8"			
COc1cc2ncc(C(N)=O)c(Nc3ccccc3C)c2cc1OC	Colony Stimulating?Factor?1	52	ChEMBL	"3LCO,4DKD,4LIQ,6IG8"			
COc1cc2ncc(C(N)=O)c(Nc3ccc(Cl)cc3Cl)c2cc1OC	Colony Stimulating?Factor?1	52	ChEMBL	"3LCO,4DKD,4LIQ,6IG8"			
Nc1cc(COc2ccc3nc(NC4CCCCC4)sc3c2)ccn1	Colony Stimulating?Factor?1	52	ChEMBL	"3LCO,4DKD,4LIQ,6IG8"			
[O-][N+](=O)c1ccc(o1)C(=O)Nc1ccccc1N1CCCCC1	Colony Stimulating?Factor?1	53	ChEMBL	"3LCO,4DKD,4LIQ,6IG8"			
CC(C)(C)c1cc(NC(=O)Nc2ccc(NC(=O)c3cc4ccccc4cn3)cc2)no1	Colony Stimulating?Factor?1	53	ChEMBL	4EXP			
CN1CCC(CC1)Nc1ccc(cc1)C(=O)Nc1cc(n[nH]1)-c1cc(cs1)C#N	Colony Stimulating?Factor?1	53	ChEMBL	"3LCO,4DKD,4LIQ,6IG8"			
CCc1ccc(COc2ccc(cc2OC)C2CN(C2)C(=O)c2cc(OCCN3CCN(C)CC3)ccn2)cc1	Colony Stimulating?Factor?1	53	ChEMBL	"3LCO,4DKD,4LIQ,6IG8"			
COc1cnc2n(Cc3cc(OC)c4O[C@H](COc4c3)c3ccc(OC)nc3)cnc2c1	Colony Stimulating?Factor?1	53	US Patent	"3LCO,4DKD,4LIQ,6IG8"			
COc1cc(Cn2cnc3cccnc23)cc2OC[C@H](Oc12)c1ccc(nc1)C(C)(F)F	Colony Stimulating?Factor?1	53	US Patent	"3LCO,4DKD,4LIQ,6IG8"			
CCN(CC)CCNC(=O)c1c(C)[nH]c(\C=C2/C(=O)Nc3cc(NC(=O)Nc4cc(on4)C(F)(F)F)ccc23)c1C	Colony Stimulating?Factor?1	53	ChEMBL	"3LCO,4DKD,4LIQ,6IG8"			
CN(CC1CCCN(C)C1)c1ncnc2[nH]c(nc12)-c1ccc(CO)cc1	Colony Stimulating?Factor?1	53	ChEMBL	"4LIQ,6T2W,4DKD"			
COc1ccc(cc1F)-c1cc2c(ncnc2[nH]1)N(C)Cc1cccc(C)c1	Colony Stimulating?Factor?1	53	ChEMBL	"4LIQ,6T2W,4DKD"			
CN1CCN(CC1)c1cc2c(Nc3ccc(F)cc3F)c(cnc2cc1F)C(N)=O	Colony Stimulating?Factor?1	54	ChEMBL	"3LCO,4DKD,4LIQ,6IG8"			
NS(=O)(=O)CCc1ccc(NC(=O)c2ncc([nH]2)C#N)c(c1)C1=CCCCC1	Colony Stimulating?Factor?1	54	ChEMBL	4EXP			
CN1CCN(CC1)c1ccc(NC(=O)c2ccc(o2)C#N)c(c1)C1=C(C)CCCC1	Colony Stimulating?Factor?1	54	ChEMBL	"3LCO,4DKD,4LIQ,6IG8"			
CCc1ccc(COc2ccc(cc2OC)C2CN(C2)C(=O)c2cc(OCCN3CCNC(=O)C3)ccn2)cc1	Colony Stimulating?Factor?1	54	ChEMBL	4EXP			
CCc1nn(Cc2cccc(C)n2)c2cccc(NC(=O)c3cnc4cc(ccn34)-c3ccc(C)nc3)c12	Colony Stimulating?Factor?1	54.6	US Patent	"4LIQ,6T2W,4DKD"			
C[C@@H](N(C)c1ncnc2[nH]c(cc12)-c1ccc(CO)cc1)c1ccc(cc1)C(C)(C)C	Colony Stimulating?Factor?1	55	ChEMBL	"4LIQ,6T2W,4DKD"			
CN(Cc1cccc(C)c1)c1ncnc2[nH]c(cc12)-c1ccc(cc1)C(F)F	Colony Stimulating?Factor?1	55	ChEMBL	"4LIQ,6T2W,4DKD"			
COc1cc(ccc1OCc1ccc(nc1)C(F)(F)F)C(C)n1cnc2cc(cnc12)-c1cnn(C)c1	Colony Stimulating?Factor?1	56	US Patent	"4LIQ,6T2W,4DKD"			
COc1ccc(COc2ccc(COc3nc(cnc3N)-c3cnn(C)c3)cc2OC)cc1	Colony Stimulating?Factor?1	56	ChEMBL	"3LCO,4DKD,4LIQ,6IG8"			
CC(C)(CN1CCOCC1)c1ccc(NC(=O)c2ncc([nH]2)C#N)c(c1)C1=CCC(C)(C)CC1	Colony Stimulating?Factor?1	56	ChEMBL	4EXP			
CN1CCN(CC1)c1ccc(Nc2ncc3c(n2)n(cc(C(N)=O)c3=O)C2CCCC2)cc1	Colony Stimulating?Factor?1	56	ChEMBL	"3LCO,4DKD,4LIQ,6IG8"			
CN1CCN(CC1)c1ccc(Nc2cc3n(cc(C(N)=O)c(=O)c3cn2)-c2ccc3CCCc3c2)cc1	Colony Stimulating?Factor?1	56	ChEMBL	"3LCO,4DKD,4LIQ,6IG8"			
COc1cc(ccc1OCc1ccc(nc1)C(F)(F)F)C(C)n1cnc2cc(cnc12)-c1cnn(C)c1	Colony Stimulating?Factor?1	56	US Patent	"3LCO,4DKD,4LIQ,6IG8"			
COc1cc(ccc1OCc1ccc(cc1)C(F)(F)F)[C@@H](C)n1c(N)nc2cc(cnc12)-c1cnn(C)c1	Colony Stimulating?Factor?1	56	US Patent	"3LCO,4DKD,4LIQ,6IG8"			
COc1cc(ccc1OCc1ccc(nc1)C(F)(F)F)C(C)n1cnc2cc(cnc12)-c1cnn(C)c1	Colony Stimulating?Factor?1	56	US Patent	"3LCO,4DKD,4LIQ,6IG8"			
Cc1ccc2c(Nc3cccc(Cl)c3)nccc2c1NC(=O)c1csc2c(N)ncnc12	Colony Stimulating?Factor?1	57	US Patent	"4LIQ,6T2W,4DKD"			
Nc1ncc(nc1OCc1c(Cl)cccc1Cl)-c1ccc(cc1)C(=O)N1CCC[C@H]1CN1CCCC1	Colony Stimulating?Factor?1	57	ChEMBL	"3LCO,4DKD,4LIQ,6IG8"			
Cc1ccc2c(Nc3cccc(Cl)c3)nccc2c1NC(=O)c1csc2c(N)ncnc12	Colony Stimulating?Factor?1	57	US Patent	"3LCO,4DKD,4LIQ,6IG8"			
COc1cc(ccc1OCc1ccc(cc1)C1CC1)C1CN(C1)C(=O)c1cc(OCCN2CCN(C)CC2)ccn1	Colony Stimulating?Factor?1	57	ChEMBL	4EXP			
COCCOc1ccn2c(cnc2c1)C(=O)Nc1cccc2n(Cc3ccccc3)nc(C3CC3)c12	Colony Stimulating?Factor?1	57.9	US Patent	"4LIQ,6T2W,4DKD"			
COc1ccc(cn1)C(C)Oc1ccc(Cn2cnc3cc(cnc23)-c2cnn(C)c2)cc1OC	Colony Stimulating?Factor?1	58	US Patent	"4LIQ,6T2W,4DKD"			
CNC(=O)c1cc(Oc2ccc(NC(=O)Nc3ccc(Cl)c(c3)C(F)(F)F)cc2)ccn1	Colony Stimulating?Factor?1	58	ChEMBL	"3LCO,4DKD,4LIQ,6IG8"			
COc1ccc(cn1)C(C)Oc1ccc(Cn2cnc3cc(cnc23)-c2cnn(C)c2)cc1OC	Colony Stimulating?Factor?1	58	US Patent	"3LCO,4DKD,4LIQ,6IG8"			
COc1cc(ccc1OCc1ccc(nc1)C(F)(F)F)C(C)n1cnc2cc(cnc12)-c1cnn(C)c1	Colony Stimulating?Factor?1	58	US Patent	"3LCO,4DKD,4LIQ,6IG8"			
CNC(=O)c1cc(Oc2ccc3nc(N[C@H]4CCCC[C@@H]4O)sc3c2)ccn1	Colony Stimulating?Factor?1	58	ChEMBL	"3LCO,4DKD,4LIQ,6IG8"			
CCc1ccc(cn1)C1CCc2cc(Cn3cnc4cc(cnc34)N3CCOCC3)cc(OC)c2O1	Colony Stimulating?Factor?1	58	US Patent	"3LCO,4DKD,4LIQ,6IG8"			
CCN1CCOc2c(F)cc(cc12)-c1nc(Nc2ccc(N3CCNCC3)c(F)c2)ncc1F	Colony Stimulating?Factor?1	58	US Patent	"3LCO,4DKD,4LIQ,6IG8"			
COc1ccc(cn1)C(C)Oc1ccc(Cn2cnc3cc(cnc23)-c2cnn(C)c2)cc1OC	Colony Stimulating?Factor?1	58	US Patent	"3LCO,4DKD,4LIQ,6IG8"			
Nc1ccc2c(Oc3ccc(NC(=O)Nc4ccccc4)cc3)ncnc2c1	Colony Stimulating?Factor?1	58	ChEMBL	"3LCO,4DKD,4LIQ,6IG8"			
CCC(Oc1ccc(Cn2c(N)nc3cc(cnc23)-c2cnn(C)c2)cc1OC)c1ccc(OC)nc1	Colony Stimulating?Factor?1	59	US Patent	"4LIQ,6T2W,4DKD"			
CN1CCN(CC1)c1ccc2ncc(C(N)=O)c(Nc3ccc(Cl)c(Cl)c3)c2c1	Colony Stimulating?Factor?1	59	ChEMBL	"3LCO,4DKD,4LIQ,6IG8"			
CC1(C)CCC(=CC1)c1cc(ccc1NC(=O)c1ncc([nH]1)C#N)S(C)(=O)=O	Colony Stimulating?Factor?1	59	ChEMBL	4EXP			
CCC(Oc1ccc(Cn2c(N)nc3cc(cnc23)-c2cnn(C)c2)cc1OC)c1ccc(OC)nc1	Colony Stimulating?Factor?1	59	US Patent	"3LCO,4DKD,4LIQ,6IG8"			
CCC(Oc1ccc(Cn2c(N)nc3cc(cnc23)-c2cnn(C)c2)cc1OC)c1ccc(OC)nc1	Colony Stimulating?Factor?1	59	US Patent	"3LCO,4DKD,4LIQ,6IG8"			
CC(C)(N)C#Cc1cnc2n(Cc3ccc4OC(COc4c3)c3ccc(Cl)cc3Cl)cnc2c1	Colony Stimulating?Factor?1	59	US Patent	"3LCO,4DKD,4LIQ,6IG8"			
COc1ccc(cn1)C1COc2cc(Cn3cnc4cc(OCCN(C)C)cnc34)cc(OC)c2O1	Colony Stimulating?Factor?1	59	US Patent	"3LCO,4DKD,4LIQ,6IG8"			
CCC(Oc1ccc(Cn2c(N)nc3cc(cnc23)-c2cnn(C)c2)cc1OC)c1ccc(OC)nc1	Colony Stimulating?Factor?1	59	US Patent	"3LCO,4DKD,4LIQ,6IG8"			
OCC(CO)c1ccc(NC(=O)c2ncc([nH]2)C#N)c(c1)C1=CCCCC1 |t:23|	Colony Stimulating?Factor?1	60	US Patent	4EXP			
Cc1[nH]c(nc1C#N)C(=O)Nc1ccc(CCN2CCOCC2)cc1C1=CCCCC1 |t:28|	Colony Stimulating?Factor?1	60	US Patent	4EXP			
Clc1nc([nH]c1Cl)C(=O)Nc1ccc(CCN2CCOCC2)cc1C1=CCCCC1 |t:27|	Colony Stimulating?Factor?1	60	US Patent	4EXP			
O=C(Nc1ccc(CCN2CCOCC2)cc1C1=CCCCC1)c1nc2ccccc2[nH]1 |t:19|	Colony Stimulating?Factor?1	60	US Patent	4EXP			
CCOC(=O)Cc1ccc(NC(=O)c2cc(c[nH]2)C#N)c(n1)C1=CCC(C)(C)CC1 |t:24|	Colony Stimulating?Factor?1	60	US Patent	4EXP			
CN1CCN(CC1)c1ccc(NC(=O)c2ccc(o2)C#N)c(c1)N1CCCCC1=O	Colony Stimulating?Factor?1	60	ChEMBL	"3LCO,4DKD,4LIQ,6IG8"			
CC1(C)CCC(=CC1)c1cc(CCS(=O)(=O)N2CCOCC2)ccc1NC(=O)c1ncc([nH]1)C#N	Colony Stimulating?Factor?1	60	ChEMBL	4EXP			
CC(=O)N1CCC(CC1)c1ccc(NC(=O)c2ncc([nH]2)C#N)c(c1)C1=CCS(=O)(=O)CC1	Colony Stimulating?Factor?1	60	ChEMBL	"3LCO,4DKD,4LIQ,6IG8"			
O=C(Nc1ccc(cc1C1=CCS(=O)(=O)CC1)C1CCNCC1)c1ncc([nH]1)C#N	Colony Stimulating?Factor?1	60	ChEMBL	"3LCO,4DKD,4LIQ,6IG8"			
CN1CCN(CC1)c1ccc(NC(=O)c2ccc(o2)C#N)c(c1)C1=CCOCC1	Colony Stimulating?Factor?1	60	ChEMBL	"3LCO,4DKD,4LIQ,6IG8"			
O=C(Nc1ccc(cc1C1=CCCCC1)-c1ccccc1)c1ncc([nH]1)C#N	Colony Stimulating?Factor?1	60	ChEMBL	"3LCO,4DKD,4LIQ,6IG8"			
COc1ccc(COc2ccc(Cc3cnc(N)nc3N)cc2OC)cc1	Colony Stimulating?Factor?1	60	ChEMBL	"3LCO,4DKD,4LIQ,6IG8"			
COc1ccc(COc2ccc(Cc3cnc(N)nc3N)cc2OC)cc1	Colony Stimulating?Factor?1	60	ChEMBL	"3LCO,4DKD,4LIQ,6IG8"			
COc1cc(OCc2ccnc(N)n2)c(Cl)c2sc(N[C@H]3CCCC[C@@H]3O)nc12	Colony Stimulating?Factor?1	60	ChEMBL	4EXP			
COc1ccc(cn1)C1COc2cc(Cc3cnn4cc(Br)cnc34)cc(F)c2O1	Colony Stimulating?Factor?1	61	US Patent	"3LCO,4DKD,4LIQ,6IG8"			
CC(C)N1CCOc2c(F)cc(cc12)-c1nc(Nc2ccc(N3CCOCC3)c(F)c2)ncc1F	Colony Stimulating?Factor?1	61	US Patent	"3LCO,4DKD,4LIQ,6IG8"			
COc1ccc(CN(C)c2ncnc3[nH]c(nc23)-c2ccc(CO)cc2)cc1	Colony Stimulating?Factor?1	61	ChEMBL	"4LIQ,6T2W,4DKD"			
COc1cc(Oc2ccc3ncc(C)c(=O)n3c2)cnc1OCc1ccc(cc1F)C1CC1	Colony Stimulating?Factor?1	61	US Patent	"3LCO,4DKD,4LIQ,6IG8"			
COc1cnc2[nH]cc(Cc3ccc(NCc4ccc(cc4)C(F)(F)F)nc3)c2c1	Colony Stimulating?Factor?1	62	ChEMBL	"3LCO,4DKD,4LIQ,6IG8"			
CCc1ccc(COc2ccc(cc2OC)C2CN(C2)C(=O)c2ccccn2)cc1	Colony Stimulating?Factor?1	62	ChEMBL	"3LCO,4DKD,4LIQ,6IG8"			
COc1ccc(cn1)C1CCc2cc(Cn3cnc4cc(cnc34)C#CC(C)(C)N)cc(OC)c2O1	Colony Stimulating?Factor?1	62	US Patent	"3LCO,4DKD,4LIQ,6IG8"			
Cc1ccc(Nc2c(cnc3cc(ccc23)-c2ccc(cc2)S(C)(=O)=O)C(N)=O)cc1F	Colony Stimulating?Factor?1	63	ChEMBL	"3LCO,4DKD,4LIQ,6IG8"			
CS(=O)(=O)Nc1ccc(cc1)-c1ccc2c(Nc3ccccc3)c(cnc2c1)C(N)=O	Colony Stimulating?Factor?1	63	ChEMBL	"3LCO,4DKD,4LIQ,6IG8"			
COc1ccc(Nc2c(cnc3cc(ccc23)-c2ccncc2)C(N)=O)cc1	Colony Stimulating?Factor?1	63	ChEMBL	"3LCO,4DKD,4LIQ,6IG8"			
CN(C)c1ccc(Nc2c(cnc3cc(ccc23)-c2ccncc2)C(N)=O)cc1	Colony Stimulating?Factor?1	63	ChEMBL	"3LCO,4DKD,4LIQ,6IG8"			
Fc1ccc(NC(=O)c2ccc(o2)C#N)c(c1)N1CCCCC1	Colony Stimulating?Factor?1	63	ChEMBL	"3LCO,4DKD,4LIQ,6IG8"			
COc1cc(OCc2ccnc(N)n2)c(Cl)c2sc(N[C@H]3CCCC[C@@H]3O)nc12	Colony Stimulating?Factor?1	63	ChEMBL	"3LCO,4DKD,4LIQ,6IG8"			
COc1cnc2n(Cc3cc(OC)c4OC(COc4c3)c3ccc(C)nc3)cnc2c1	Colony Stimulating?Factor?1	63	US Patent	"3LCO,4DKD,4LIQ,6IG8"			
COCc1ccc(cn1)C1COc2cc(Cn3cnc4cc(OC)cnc34)cc(OC)c2O1	Colony Stimulating?Factor?1	63	US Patent	"3LCO,4DKD,4LIQ,6IG8"			
O=C(Nc1ccccc1)Nc1ccc(Oc2ncnc3cc(ccc23)N2CCCC2)cc1	Colony Stimulating?Factor?1	63	ChEMBL	"3LCO,4DKD,4LIQ,6IG8"			
COc1cc(Oc2ccc3ncc(C)c(=O)n3c2)cnc1OCc1ccc(C2CC2)c(F)c1	Colony Stimulating?Factor?1	63	US Patent	"3LCO,4DKD,4LIQ,6IG8"			
Cc1ccnc(c1)C(=O)Nc1ccc(NC(=O)Nc2cc(on2)C(C)(C)C)cc1	Colony Stimulating?Factor?1	63.9	ChEMBL	4EXP			
Cc1cnn(c1)-c1ccc(NC(=O)c2ccc(o2)C#N)c(c1)N1CCCCC1	Colony Stimulating?Factor?1	64	ChEMBL	"3LCO,4DKD,4LIQ,6IG8"			
COc1cc(ccc1OCc1ccc(cc1)C1CC1)C1CN(C1)C(=O)c1cc(OCCCC(C)(C)C(O)=O)ccn1	Colony Stimulating?Factor?1	64	ChEMBL	"3LCO,4DKD,4LIQ,6IG8"			
COc1ccc(cn1)C1COc2cc(Cn3cnc4cc(F)cnc34)cc(OC)c2O1	Colony Stimulating?Factor?1	64	US Patent	"3LCO,4DKD,4LIQ,6IG8"			
COc1cc(Cn2cnc3cc(cnc23)C#CC(C)(C)N)cc2OCC(Oc12)c1csc(C)n1	Colony Stimulating?Factor?1	64	US Patent	"3LCO,4DKD,4LIQ,6IG8"			
CN(C)c1ccc2c(Oc3ccc(NC(=O)Nc4cccc(c4)C(F)(F)F)cc3)ncnc2c1	Colony Stimulating?Factor?1	64	ChEMBL	"3LCO,4DKD,4LIQ,6IG8"			
CN(C)c1ccc2c(Oc3ccc(NC(=O)Nc4ccc(cc4)C(F)(F)F)cc3)ncnc2c1	Colony Stimulating?Factor?1	64	ChEMBL	"3LCO,4DKD,4LIQ,6IG8"			
CC(C)(C)N1CCC(CC1)Oc1ccc(nc1)C(=O)Nc1ccc(NC(=O)Nc2cc(on2)C(C)(C)C)cc1	Colony Stimulating?Factor?1	64.4	ChEMBL	4EXP			
COc1ccc(cn1)[C@@H]1Oc2c(OC)cc(Cn3cnc4cccnc34)cc2O[C@@H]1C	Colony Stimulating?Factor?1	66	US Patent	"3LCO,4DKD,4LIQ,6IG8"			
COc1cc(Cn2cnc3cc(cnc23)-n2ccnc2C)cc2OCC(Oc12)c1ccc(C)nc1	Colony Stimulating?Factor?1	66	US Patent	"3LCO,4DKD,4LIQ,6IG8"			
CC(C)N1CCOc2c(F)cc(cc12)-c1nc(Nc2ccc(N3CCS(=O)(=O)CC3)c(F)c2)ncc1F	Colony Stimulating?Factor?1	66	US Patent	"3LCO,4DKD,4LIQ,6IG8"			
COC1CN(C1)c1cnc2n(Cc3cc(OC)c4OC(COc4c3)c3ccc(OC)nc3C)cnc2c1	Colony Stimulating?Factor?1	67	US Patent	"3LCO,4DKD,4LIQ,6IG8"			
CC(C)N1CCOc2c(F)cc(cc12)-c1nc(Nc2cc3CN(C)CCn3n2)ncc1F	Colony Stimulating?Factor?1	67	US Patent	"3LCO,4DKD,4LIQ,6IG8"			
COc1cc(Oc2ccc3ncc(C)c(=O)n3c2)cnc1OCc1ccc(cc1)C(C)C	Colony Stimulating?Factor?1	67	US Patent	"3LCO,4DKD,4LIQ,6IG8"			
CCN1CCC(Cc2ccc(nc2)C(=O)Nc2ccc(NC(=O)Nc3cc(on3)C(C)(C)C)cc2)CC1	Colony Stimulating?Factor?1	67.4	ChEMBL	4EXP			
CC(=O)NCCNC(C)(C)c1ccc(NC(=O)c2ncc([nH]2)C#N)c(c1)C1=CCC(C)(C)CC1	Colony Stimulating?Factor?1	68	ChEMBL	4EXP			
CCNC(=O)c1cn(-c2ccc3CCCc3c2)c2nc(Nc3ccc(cc3)N3CCN(C)CC3)ncc2c1=O	Colony Stimulating?Factor?1	68	ChEMBL	"3LCO,4DKD,4LIQ,6IG8"			
CC(C)N1CCOc2c(F)cc(cc12)-c1nc(Nc2ccc(C(=O)N3CCOCC3)c(F)c2)ncc1F	Colony Stimulating?Factor?1	68	US Patent	"3LCO,4DKD,4LIQ,6IG8"			
Cc1nc(ccc1Oc1ccnc(c1)-c1cnn(C)c1)-c1cnc(NC2CC2)n(C)c1=O	Colony Stimulating?Factor?1	68	ChEMBL	"3LCO,4DKD,4LIQ,6IG8"			
CN(Cc1ccccc1)c1ncnc2[nH]ccc12	Colony Stimulating?Factor?1	68	ChEMBL	"4LIQ,6T2W,4DKD"			
C(CN1CCCC1)Oc1ccc2Nc3nccc(n3)-c3ccc(COC\C=C\COCc1c2)o3	Colony Stimulating?Factor?1	69	ChEMBL	"3LCO,4DKD,4LIQ,6IG8"			
CN1CCN(Cc2ccc(cc2C(F)(F)F)C(=O)Nc2ccc(C)c(NC(=O)c3cccc(c3)-c3cnn(C)c3)c2)CC1	Colony Stimulating?Factor?1	69	ChEMBL	"3LCO,4DKD,4LIQ,6IG8"			
C(CN1CCCC1)Oc1ccc2Nc3nccc(n3)-c3ccc(OC\C=C\COCc1c2)o3	Colony Stimulating?Factor?1	69	ChEMBL	"3LCO,4DKD,4LIQ,6IG8"			
COc1ccc(Oc2nc(Nc3ccc(nc3)N3CCOCC3)ncc2NC(=O)c2cc(OC)cc(OC)c2)cc1	Colony Stimulating?Factor?1	69	ChEMBL	"3LCO,4DKD,4LIQ,6IG8"			
C(CN1CCCC1)Oc1ccc2Nc3nccc(n3)-c3ccc(COC\C=C\COCc1c2)o3	Colony Stimulating?Factor?1	69	ChEMBL	"3LCO,4DKD,4LIQ,6IG8"			
Fc1cc(Cc2cncc(c2)-c2cn[nH]c2)cc2OCC(Oc12)c1ccc(cc1)C(F)(F)F	Colony Stimulating?Factor?1	69	US Patent	"3LCO,4DKD,4LIQ,6IG8"			
COc1ccc(cn1)C1COc2cc(Cn3cnc4cc(CO)cnc34)cc(OC)c2O1	Colony Stimulating?Factor?1	69	US Patent	"3LCO,4DKD,4LIQ,6IG8"			
COc1ccc(cn1)[C@@H]1COc2cc(Cn3cnc4cc(cnc34)C(F)F)cc(OC)c2O1	Colony Stimulating?Factor?1	69	US Patent	"3LCO,4DKD,4LIQ,6IG8"			
CC(C)N1CCOc2c(F)cc(cc12)-c1nc(Nc2ccc(N3CCC(O)CC3)c(F)c2)ncc1F	Colony Stimulating?Factor?1	69	US Patent	"3LCO,4DKD,4LIQ,6IG8"			
CCn1cc(cn1)-c1ccc2n(cnc2c1)-c1cc(OC)c(C(=O)OC)c(OC)c1	Colony Stimulating?Factor?1	69	ChEMBL	"4LIQ,6T2W,4DKD"			
COc1cnc2n(Cc3cc(OC)c4OC(COc4c3)c3ccc(OC)nc3C)cnc2c1	Colony Stimulating?Factor?1	70	US Patent	"3LCO,4DKD,4LIQ,6IG8"			
COc1cc(Oc2ccc3ncc(C)c(=O)n3c2)cnc1OCc1ccc(cc1)C(C)(C)C#N	Colony Stimulating?Factor?1	70	US Patent	"3LCO,4DKD,4LIQ,6IG8"			
CS(=O)(=O)Nc1ccc(NC(=O)c2ccc(o2)C#N)c(c1)N1CCCCC1	Colony Stimulating?Factor?1	71	ChEMBL	"3LCO,4DKD,4LIQ,6IG8"			
FC(F)(F)c1cccc(Nc2noc3c(C(=O)Nc4cncnc4)c(Cl)ccc23)c1	Colony Stimulating?Factor?1	71	ChEMBL	"3LCO,4DKD,4LIQ,6IG8"			
COc1ccc(cn1)C1COc2cc(Cn3cnc4cc(OC)c(OC)cc34)cc(OC)c2O1	Colony Stimulating?Factor?1	72	US Patent	"3LCO,4DKD,4LIQ,6IG8"			
CCc1nn(Cc2ccn(CC)n2)c2cccc(NC(=O)c3cnc4cc(ccn34)-c3cnn(C)c3)c12	Colony Stimulating?Factor?1	72.8	US Patent	"4LIQ,6T2W,4DKD"			
COc1ccc(COc2ccc(cc2OC)C(C)n2c(N)nc3cc(ccc23)-c2cnn(C)c2)cn1	Colony Stimulating?Factor?1	73	US Patent	"4LIQ,6T2W,4DKD"			
COCCOc1ccn2c(cnc2c1)-c1ccc2cccc(OCC(C)(C)CN)c2n1	Colony Stimulating?Factor?1	73	ChEMBL	"3LCO,4DKD,4LIQ,6IG8"			
COc1ccc(COc2ccc(cc2OC)C(C)n2c(N)nc3cc(ccc23)-c2cnn(C)c2)cn1	Colony Stimulating?Factor?1	73	US Patent	"3LCO,4DKD,4LIQ,6IG8"			
COc1ccc(COc2ccc(cc2OC)C(C)n2c(N)nc3cc(ccc23)-c2cnn(C)c2)cn1	Colony Stimulating?Factor?1	73	US Patent	"3LCO,4DKD,4LIQ,6IG8"			
COc1ccc(COc2ccc(cc2OC)C(C)n2c(N)nc3cc(ccc23)-c2cnn(C)c2)cn1	Colony Stimulating?Factor?1	73	US Patent	"3LCO,4DKD,4LIQ,6IG8"			
CCn1cc(cn1)-c1ccc2n(cnc2c1)-c1cc(OC)c(C(=O)NC2CC2)c(OC)c1	Colony Stimulating?Factor?1	73	ChEMBL	"4LIQ,6T2W,4DKD"			
Cn1cc(cn1)-c1cc(Oc2cnc3OC[C@H](Oc3c2)c2ccc(cc2)C2CC2)ccn1	Colony Stimulating?Factor?1	73	US Patent	"3LCO,4DKD,4LIQ,6IG8"			
Cc1cccc(Cn2nc(C3CC3)c3c(NC(=O)c4cnc5cc(Br)ccn45)cccc23)n1	Colony Stimulating?Factor?1	74.4	US Patent	"4LIQ,6T2W,4DKD"			
CC(C)(C)c1cc(NC(=O)Nc2ccc(NC(=O)c3ccc(OC4CC(C)(C)NC(C)(C)C4)cn3)cc2)no1	Colony Stimulating?Factor?1	74.7	ChEMBL	4EXP			
CONC(=O)c1cn(-c2ccc3CCCc3c2)c2nc(NCc3ccccc3)ncc2c1=O	Colony Stimulating?Factor?1	75	Curated from the literature by BindingDB	"4LIQ,6T2W,4DKD"			
COc1cc(ccc1OCc1ccc(cc1)C1CC1)C1CN(C1)C(=O)c1cc(OC[C@@H](O)CO)ccn1	Colony Stimulating?Factor?1	75	ChEMBL	4EXP			
O=C(Nc1cc(ccc1N1CCCCC1)N1CCCCC1)c1ccc(o1)C#N	Colony Stimulating?Factor?1	76	ChEMBL	"3LCO,4DKD,4LIQ,6IG8"			
COc1cc(OCc2ccnc(N)c2)cc2sc(N[C@@H]3CCCC[C@H]3O)nc12	Colony Stimulating?Factor?1	76	ChEMBL	"3LCO,4DKD,4LIQ,6IG8"			
COc1ccc(cn1)C1COc2cc(Cc3cnn4cc(Br)cnc34)ccc2O1	Colony Stimulating?Factor?1	76	US Patent	"3LCO,4DKD,4LIQ,6IG8"			
Cn1ccc(n1)-c1cncc(Cc2cc(F)c3OC(COc3c2)c2ccc(cc2)C(F)(F)F)c1	Colony Stimulating?Factor?1	76	US Patent	"3LCO,4DKD,4LIQ,6IG8"			
COc1ccc2c(Oc3ccc(NC(=O)Nc4ccccc4)cc3)ncnc2c1	Colony Stimulating?Factor?1	76	ChEMBL	"3LCO,4DKD,4LIQ,6IG8"			
COc1cc(Cn2cnc3cc(cnc23)N2CCOCC2)cc2OCC(Oc12)c1csc(C)n1	Colony Stimulating?Factor?1	77	US Patent	"3LCO,4DKD,4LIQ,6IG8"			
CCNC(=O)c1c(OC)cc(cc1OC)-n1cnc2cc(ccc12)-c1cnn(CC#N)c1	Colony Stimulating?Factor?1	77	ChEMBL	"4LIQ,6T2W,4DKD"			
CC1CCN(CC1)c1ccccc1NC(=O)c1ccc(o1)[N+]([O-])=O	Colony Stimulating?Factor?1	78	ChEMBL	"3LCO,4DKD,4LIQ,6IG8"			
CC(C)N1CCC(CC1)Oc1ccc(nc1)C(=O)Nc1ccc(NC(=O)Nc2cc(on2)C(C)(C)C)cc1	Colony Stimulating?Factor?1	78	ChEMBL	4EXP			
CC(C)Cn1c2ccc(Nc3ncccn3)cc2c2c3CNC(=O)c3c3-c4cn(C)nc4CCc3c12	Colony Stimulating?Factor?1	78	ChEMBL	"3LCO,4DKD,4LIQ,6IG8"			
NC(=O)c1cnc([nH]1)C(=O)Nc1ccc(CCC(O)=O)cc1C1=CCCCC1 |t:24|	Colony Stimulating?Factor?1	79	US Patent	4EXP			
CC(C)N1CCOc2c(F)cc(cc12)-c1nc(Nc2ccc(N3CCNCC3)c(F)c2)ncc1Cl	Colony Stimulating?Factor?1	79	US Patent	"3LCO,4DKD,4LIQ,6IG8"			
CN(C)c1ccc2c(Oc3ccc(NC(=O)NCc4cccnc4)cc3)ncnc2c1	Colony Stimulating?Factor?1	79	ChEMBL	"3LCO,4DKD,4LIQ,6IG8"			
CCc1nn(Cc2csc(n2)C(C)C)c2cccc(NC(=O)c3cnc4cc(OCCN5CCN(C)CC5)ccn34)c12	Colony Stimulating?Factor?1	79.5	US Patent	"4LIQ,6T2W,4DKD"			
CNC(=O)c1cc(Oc2ccc3oc(Nc4ccc(Cl)c(OC[C@@H]5CCCN5C)c4)nc3c2)ccn1 |r|	Colony Stimulating?Factor?1	80	Curated from the literature by BindingDB	"4LIQ,6T2W,4DKD"			
Cc1ccc(Nc2c(cnc3cc(ccc23)-c2ccncc2)C(N)=O)cc1C	Colony Stimulating?Factor?1	80	ChEMBL	"3LCO,4DKD,4LIQ,6IG8"			
NC(=O)c1cnc2cc(ccc2c1Nc1ccccc1)-c1ccc(cc1)S(N)(=O)=O	Colony Stimulating?Factor?1	80	ChEMBL	"3LCO,4DKD,4LIQ,6IG8"			
NC(=O)c1cnc2cc(ccc2c1Nc1ccccc1)-c1ccc(cc1)C(=O)N1CCOCC1	Colony Stimulating?Factor?1	80	ChEMBL	"3LCO,4DKD,4LIQ,6IG8"			
Cc1ccc(Nc2c(cnc3cc(ccc23)-c2ccncc2)C(N)=O)cc1F	Colony Stimulating?Factor?1	80	ChEMBL	"3LCO,4DKD,4LIQ,6IG8"			
CC(=O)Nc1ccc(cc1)-c1ccc2c(Nc3ccccc3)c(cnc2c1)C(N)=O	Colony Stimulating?Factor?1	80	ChEMBL	"3LCO,4DKD,4LIQ,6IG8"			
CN1CCN(Cc2ccc(N3CCCCC3)c(NC(=O)c3ccc(o3)C#N)c2)CC1	Colony Stimulating?Factor?1	80	ChEMBL	"3LCO,4DKD,4LIQ,6IG8"			
CN1CCN(CC1)c1ccc(NC(=O)c2ccc(o2)C#N)c(c1)N1CCOCC1	Colony Stimulating?Factor?1	80	ChEMBL	"3LCO,4DKD,4LIQ,6IG8"			
COc1cc2c(Nc3ccc(F)c(Cl)c3)c(cnc2cc1OCCN1CCC(O)CC1)C(N)=O	Colony Stimulating?Factor?1	80	ChEMBL	"3LCO,4DKD,4LIQ,6IG8"			
COc1ccc2c(Oc3cnc(CC(=O)Nc4cn(C)nc4C)c(OC)c3)ccnc2c1	Colony Stimulating?Factor?1	80	ChEMBL	"3LCO,4DKD,4LIQ,6IG8"			
CN1CCN(Cc2ccc(NC(=O)c3ccc(C)c(NC(=O)c4cccc(c4)-c4cccs4)c3)cc2C(F)(F)F)CC1	Colony Stimulating?Factor?1	80	ChEMBL	"3LCO,4DKD,4LIQ,6IG8"			
CCc1ccc(COc2ccc(cc2OC)C2CN(C2)C(=O)c2cc(OCCN3CCOCC3)ccn2)cc1	Colony Stimulating?Factor?1	80	ChEMBL	4EXP			
COc1ccc(cn1)C1COc2cc(Cn3cnc4cccnc34)cc(OC)c2O1	Colony Stimulating?Factor?1	80	US Patent	"3LCO,4DKD,4LIQ,6IG8"			
COc1ccc(nc1)[C@H]1COc2cc(Oc3ccc4nccc(=O)n4c3)cnc2O1	Colony Stimulating?Factor?1	80	US Patent	"3LCO,4DKD,4LIQ,6IG8"			
COC(=O)c1cccc(c1)-c1cc2c(ncnc2[nH]1)N(C)Cc1cccc(C)c1	Colony Stimulating?Factor?1	80	ChEMBL	"4LIQ,6T2W,4DKD"			
CN1CCN(CC1)c1ccc(Nc2ncc3c(n2)n(cc(C(N)=O)c3=O)C2CC3CCC2C3)cc1	Colony Stimulating?Factor?1	81	ChEMBL	"3LCO,4DKD,4LIQ,6IG8"			
COc1cnc2n(Cc3ccc4OC(COc4c3)c3ccc(OC)nc3)cnc2c1	Colony Stimulating?Factor?1	81	US Patent	"3LCO,4DKD,4LIQ,6IG8"			
COc1ccc(cn1)C1CCc2cc(Cn3cnc4cc(cnc34)N3CCOCC3)cc(OC)c2O1	Colony Stimulating?Factor?1	81	US Patent	"3LCO,4DKD,4LIQ,6IG8"			
Cc1cnc2ccc(Oc3ccc(OCc4ccc(F)cc4)nc3)cn2c1=O	Colony Stimulating?Factor?1	81	US Patent	"3LCO,4DKD,4LIQ,6IG8"			
COc1ccc(cn1)C(C)Oc1ccc(Cn2cnc3cc(cnc23)-c2ccnn2C)cc1OC	Colony Stimulating?Factor?1	82	US Patent	"4LIQ,6T2W,4DKD"			
C[C@@]12CC[C@](C)(CC(C1)(C#N)c1ccc(NC(=O)c3nc(c[nH]3)C#N)c(c1)C1=CCC(C)(C)CC1)O2	Colony Stimulating?Factor?1	82	US Patent	4EXP			
COc1ccc(cn1)C(C)Oc1ccc(Cn2cnc3cc(cnc23)-c2ccnn2C)cc1OC	Colony Stimulating?Factor?1	82	US Patent	"3LCO,4DKD,4LIQ,6IG8"			
COc1cc(ccc1OCc1ccc(nc1)C(F)(F)F)C(C)n1c(N)nc2cc(cnc12)-c1cnn(C)c1	Colony Stimulating?Factor?1	82	US Patent	"3LCO,4DKD,4LIQ,6IG8"			
COC(=O)Nc1ccc(cc1)-c1c(OC2CCN(C)CC2)nc2c(cnn2c1N)-c1ccc(OC)c(OC)c1	Colony Stimulating?Factor?1	82	ChEMBL	"3LCO,4DKD,4LIQ,6IG8"			
COc1cc(OCc2ccnc(NC(C)=O)c2)cc2sc(N[C@@H]3CCCC[C@H]3O)nc12	Colony Stimulating?Factor?1	82	ChEMBL	4EXP			
CC(C)N1CCOc2c(F)cc(cc12)-c1nc(Nc2ccc(cc2)N2CCN(C)CC2)ncc1F	Colony Stimulating?Factor?1	82	US Patent	"3LCO,4DKD,4LIQ,6IG8"			
CC(C)CN1CCOc2c(F)cc(cc12)-c1nc(Nc2ccc(N3CCC(CC3)N(C)C)c(F)c2)ncc1F	Colony Stimulating?Factor?1	82	US Patent	"3LCO,4DKD,4LIQ,6IG8"			
COc1ccc(cn1)C(C)Oc1ccc(Cn2cnc3cc(cnc23)-c2ccnn2C)cc1OC	Colony Stimulating?Factor?1	82	US Patent	"3LCO,4DKD,4LIQ,6IG8"			
CC(C)Nc1ncc(-c2ccc(Oc3ccnc(NC(C)=O)c3)c(C)n2)c(=O)[nH]1	Colony Stimulating?Factor?1	82	ChEMBL	"3LCO,4DKD,4LIQ,6IG8"			
CCc1nn(Cc2cccc(C)n2)c2cccc(NC(=O)c3cnc4cc(OCC5CCN(C)CC5)ccn34)c12	Colony Stimulating?Factor?1	82.5	US Patent	"4LIQ,6T2W,4DKD"			
CN(C(=O)N1CCN(C)CC1)c1ccc(NC(=O)c2ccc(o2)C#N)c(c1)N1CCCCC1	Colony Stimulating?Factor?1	83	ChEMBL	"3LCO,4DKD,4LIQ,6IG8"			
CCN(CC)CCNC(=O)c1c(C)[nH]c(\C=C2/C(=O)Nc3ccc(F)cc23)c1C	Colony Stimulating?Factor?1	83	ChEMBL	"3LCO,4DKD,4LIQ,6IG8"			
COc1cc(Cn2cnc3cc(cnc23)-c2cnn(C)c2)cc2OCC(C)Oc12	Colony Stimulating?Factor?1	83	US Patent	"3LCO,4DKD,4LIQ,6IG8"			
COc1cc(Cn2cnc3cccnc23)cc2OCC(Oc12)c1ccc(nc1)C(F)(F)F	Colony Stimulating?Factor?1	83	US Patent	"3LCO,4DKD,4LIQ,6IG8"			
COc1ccc(CNC(=O)Nc2ccc(Oc3ncnc4cc(ccc34)N(C)C)cc2)cc1OC	Colony Stimulating?Factor?1	83	ChEMBL	"3LCO,4DKD,4LIQ,6IG8"			
CCN(CC)CCNC(=O)c1c(C)[nH]c(\C=C2/C(=O)Nc3ccc(F)cc23)c1C	Colony Stimulating?Factor?1	83	ChEMBL	"3LCO,4DKD,4LIQ,6IG8"			
CN(CC1CCOCC1)c1ncnc2[nH]c(nc12)-c1ccc(CO)cc1	Colony Stimulating?Factor?1	83	ChEMBL	4EXP			
Cc1cc(C)c(\C=C2/C(=O)Nc3ccccc23)[nH]1	Colony Stimulating?Factor?1	84	ChEMBL	"3LCO,4DKD,4LIQ,6IG8"			
COCCOc1ccc(cn1)C1COc2cc(Cn3cnc4cc(OC)cnc34)cc(OC)c2O1	Colony Stimulating?Factor?1	84	US Patent	"3LCO,4DKD,4LIQ,6IG8"			
CN(CC1CCOCC1)c1ncnc2[nH]c(nc12)-c1ccc(CCO)cc1	Colony Stimulating?Factor?1	0.2	ChEMBL	"4LIQ,6T2W,4DKD"			
CC1CCN(CC1)c1cc(ccc1NC(=O)c1ccc(o1)C#N)C1CCNCC1	Colony Stimulating?Factor?1	0.3	ChEMBL	"3LCO,4DKD,4LIQ,6IG8"			
CCc1ccc(cc1)-n1cc(C(=O)NOC)c(=O)c2cnc(Nc3ccc(cc3)C3CCN(C)CC3)nc12	Colony Stimulating?Factor?1	0.3	Curated from the literature by BindingDB	"4LIQ,6T2W,4DKD"			
CC1CCN(CC1)c1cc(ccc1NC(=O)c1ccc(o1)C#N)C1CCNCC1	Colony Stimulating?Factor?1	0.3	ChEMBL	"3LCO,4DKD,4LIQ,6IG8"			
CN1CC(CN(C)C1=O)c1ccc(NC(=O)c2ncc([nH]2)C#N)c(c1)C1=CCC(C)(C)CC1	Colony Stimulating?Factor?1	0.3	ChEMBL	"3LCO,4DKD,4LIQ,6IG8"			
CN(CC1CCOCC1)c1ncnc2[nH]c(nc12)-c1ccc(CO)cc1	Colony Stimulating?Factor?1	0.3	ChEMBL	"4LIQ,6T2W,4DKD"			
CN(Cc1ccccc1)c1ncnc2[nH]c(cc12)-c1ccc(CO)cc1	Colony Stimulating?Factor?1	0.3	ChEMBL	"4LIQ,6T2W,4DKD"			
CN(Cc1ccccc1F)c1ncnc2[nH]c(cc12)-c1ccc(CO)cc1	Colony Stimulating?Factor?1	0.3	ChEMBL	"4LIQ,6T2W,4DKD"			
CN(Cc1ccccc1O)c1ncnc2[nH]c(cc12)-c1ccc(CO)cc1	Colony Stimulating?Factor?1	0.3	ChEMBL	"4LIQ,6T2W,4DKD"			
CN(Cc1cccc(C)c1)c1ncnc2[nH]c(cc12)-c1ccc(cc1)C(O)=O	Colony Stimulating?Factor?1	0.3	ChEMBL	"4LIQ,6T2W,4DKD"			
CN(Cc1cccc(C)c1)c1ncnc2[nH]c(cc12)-c1ccc(CCC(O)=O)cc1	Colony Stimulating?Factor?1	0.3	ChEMBL	"4LIQ,6T2W,4DKD"			
CONC(=O)c1cn(-c2ccc3CCCc3c2)c2nc(Nc3ccc(cc3)C3CCN(C)CC3)ncc2c1=O	Colony Stimulating?Factor?1	0.4	Curated from the literature by BindingDB	"4LIQ,6T2W,4DKD"			
CCNC(=O)c1c(OC)cc(cc1OC)-n1cnc2cc(ccc12)-c1cnn(CC)c1	Colony Stimulating?Factor?1	84	ChEMBL	"4LIQ,6T2W,4DKD"			
CCc1ccc(COc2ccc(cc2OC)C2CN(C2)C(=O)c2cc(OCCO)ccn2)cc1	Colony Stimulating?Factor?1	85	ChEMBL	4EXP			
C(Nc1ncnc2[nH]c(nc12)-c1ccccc1)c1ccccc1	Colony Stimulating?Factor?1	85	ChEMBL	"4LIQ,6T2W,4DKD"			
CC1(C)CCC(=CC1)c1cc(CCS(N)(=O)=O)ccc1NC(=O)c1ncc([nH]1)C#N	Colony Stimulating?Factor?1	86	ChEMBL	4EXP			
CCc1ccc(COc2ccc(cc2OC)C2CN(C2)C(=O)c2ccc(C)cn2)cc1	Colony Stimulating?Factor?1	86	ChEMBL	"3LCO,4DKD,4LIQ,6IG8"			
COc1ccc(Cc2nc3c(OC)cc(Cn4cnc5cccnc45)cc3o2)cn1	Colony Stimulating?Factor?1	86	US Patent	"3LCO,4DKD,4LIQ,6IG8"			
CN1CCN(CCOc2ccn3c(cnc3c2)C(=O)Nc2cccc3n(Cc4ccc(O)c(C)n4)nc(C4CC4)c23)CC1	Colony Stimulating?Factor?1	86.75	US Patent	"4LIQ,6T2W,4DKD"			
CCc1nn(Cc2cccc(C)n2)c2cccc(NC(=O)c3cnc4cc(ccn34)N3CCNCC3)c12	Colony Stimulating?Factor?1	87.9	US Patent	"4LIQ,6T2W,4DKD"			
COCCOc1ccn2c(cnc2c1)-c1ccc2cccc(OCC3(F)CCNCC3)c2n1	Colony Stimulating?Factor?1	88	ChEMBL	"3LCO,4DKD,4LIQ,6IG8"			
CCOC(=O)[C@@H]1CCC(=O)N1	Colony Stimulating?Factor?1	88	ChEMBL	"3LCO,4DKD,4LIQ,6IG8"			
COCC(=O)NC(=O)Nc1ccc(Oc2ccnc(c2)-c2cnn(C)c2)c(C)n1	Colony Stimulating?Factor?1	88	ChEMBL	"3LCO,4DKD,4LIQ,6IG8"			
CN1CCN(CC1)c1cc(Nc2cc(C)n[nH]2)nc(Nc2ccc(CC(=O)Nc3cccc(F)c3)cc2)n1	Colony Stimulating?Factor?1	88	ChEMBL	"3LCO,4DKD,4LIQ,6IG8"			
CN(c1cccc(c1)C(=O)Nc1ccc(C)c(NC(=O)c2ccc3ncccc3c2)c1)S(C)(=O)=O	Colony Stimulating?Factor?1	89	ChEMBL	"3LCO,4DKD,4LIQ,6IG8"			
COc1ccc(cn1)C1CCc2cc(Cc3cnn4cc(cnc34)-n3ccnc3C)cc(OC)c2O1	Colony Stimulating?Factor?1	89	US Patent	"3LCO,4DKD,4LIQ,6IG8"			
COc1ccc(N2CCCCC2)c(NC(=O)c2ccc(o2)C#N)c1	Colony Stimulating?Factor?1	90	ChEMBL	"3LCO,4DKD,4LIQ,6IG8"			
COCCOc1cc2c(Oc3cnn(CC(=O)Nc4cccc(OC)c4)c3)ncnc2cc1OC	Colony Stimulating?Factor?1	90	ChEMBL	"3LCO,4DKD,4LIQ,6IG8"			
Cc1cc(on1)-c1c(C2=CCCCCC2)c2cc(Cl)ccc2[nH]c1=O	Colony Stimulating?Factor?1	90	ChEMBL	"3LCO,4DKD,4LIQ,6IG8"			
CCc1ccc(cc1)-c1c(-c2cc(C)no2)c(=O)[nH]c2ccc(Cl)cc12	Colony Stimulating?Factor?1	90	ChEMBL	"3LCO,4DKD,4LIQ,6IG8"			
Cc1cc(on1)-c1c(-c2ccccc2)c2cc(ccc2[nH]c1=O)C#N	Colony Stimulating?Factor?1	90	ChEMBL	"3LCO,4DKD,4LIQ,6IG8"			
CN1CCN(Cc2ccc(cc2)C(=O)Nc2ccc(C)c(c2)-c2ccc3c(N)noc3c2)CC1	Colony Stimulating?Factor?1	90	ChEMBL	"3LCO,4DKD,4LIQ,6IG8"			
CN1CCN(Cc2ccc(cc2)C(=O)Nc2ccc(C)c(c2)-c2ccc(cc2)-c2csc(N)n2)CC1	Colony Stimulating?Factor?1	90	ChEMBL	"3LCO,4DKD,4LIQ,6IG8"			
Cc1cccc(Cn2nc(C3CC3)c3c(NC(=O)c4cnc5cc(OCCOCCOC=C)ccn45)cccc23)n1	Colony Stimulating?Factor?1	90.4	US Patent	"4LIQ,6T2W,4DKD"			
CCN1CCN(Cc2ccc(cc2C(F)(F)F)C(=O)Nc2ccc(C)c(NC(=O)c3cnn4ccccc34)c2)CC1	Colony Stimulating?Factor?1	91	ChEMBL	4EXP			
CN(C)c1ccc2c(Oc3ccc(NC(=O)NCc4ccc(cc4)C(F)(F)F)cc3)ncnc2c1	Colony Stimulating?Factor?1	91	ChEMBL	"3LCO,4DKD,4LIQ,6IG8"			
NS(=O)(=O)c1ccc(CNc2ccnc(Nc3cccc(CN4CCOCC4)c3)n2)cc1	Colony Stimulating?Factor?1	91	ChEMBL	"3LCO,4DKD,4LIQ,6IG8"			
CCNC(=O)c1c(OC)cc(cc1OC)-n1cnc2cc(ccc12)-c1cnn(CCOC)c1	Colony Stimulating?Factor?1	91	ChEMBL	"4LIQ,6T2W,4DKD"			
CCN1CCN(CC1)c1ccn2c(cnc2c1)C(=O)Nc1cccc2n(Cc3cccc(C)n3)nc(CC)c12	Colony Stimulating?Factor?1	91.4	US Patent	"4LIQ,6T2W,4DKD"			
COc1cc(Cn2cnc3cc(cnc23)-c2cnn(c2)C2CCNCC2)cc2OCCOc12	Colony Stimulating?Factor?1	92	US Patent	"3LCO,4DKD,4LIQ,6IG8"			
CCN(CC)CCNC(=O)c1c(C)[nH]c(\C=C2/C(=O)Nc3cc(NC(=O)Nc4cc(C)on4)ccc23)c1C	Colony Stimulating?Factor?1	92	ChEMBL	"3LCO,4DKD,4LIQ,6IG8"			
CCn1ccc(Cn2nc(C3CC3)c3c(NC(=O)c4cnc5cc(OCCN6CCN(CC6)C(C)C)ccn45)cccc23)n1	Colony Stimulating?Factor?1	92.8	US Patent	"4LIQ,6T2W,4DKD"			
CN1CCN(CC1)c1ccc(Nc2ncc3c(n2)n(cc(C(N)=O)c3=O)-c2ccc3CCCc3c2)c(O)c1	Colony Stimulating?Factor?1	93	ChEMBL	"3LCO,4DKD,4LIQ,6IG8"			
CCOC(=O)[C@@H]1CCC(=O)N1	Colony Stimulating?Factor?1	93	ChEMBL	"3LCO,4DKD,4LIQ,6IG8"			
Cc1cc(NC(=O)c2cccc3cc(ccc23)-c2cccc3[nH]nc(N)c23)ccc1F	Colony Stimulating?Factor?1	93	US Patent	"3LCO,4DKD,4LIQ,6IG8"			
CN1CCN(CCOc2ccn3c(cnc3c2)C(=O)Nc2cccc3n(Cc4cccc(C)n4)nc(C4CC4)c23)CC1	Colony Stimulating?Factor?1	93.6	US Patent	"4LIQ,6T2W,4DKD"			
CC(C)n1ccc(Cn2nc(C3CC3)c3c(NC(=O)c4cnc5cc(OCCN6CCN(C)CC6)ccn45)cccc23)n1	Colony Stimulating?Factor?1	94.7	US Patent	"4LIQ,6T2W,4DKD"			
CCn1ccc(Cn2nc(C3CC3)c3c(NC(=O)c4cnc5cc(OCCN6CCN(C)CC6)ccn45)cccc23)n1	Colony Stimulating?Factor?1	95.1	US Patent	"4LIQ,6T2W,4DKD"			
COc1cc(ccc1OCc1ccc(cc1)C(F)(F)F)[C@@H](C)n1c(N)nc2cc(cnc12)-c1cnn(C)c1 |r|	Colony Stimulating?Factor?1	96	US Patent	"4LIQ,6T2W,4DKD"			
COc1cc(ccc1OCc1ccc(cc1)C(F)(F)F)[C@@H](C)n1c(N)nc2cc(cnc12)-c1cnn(C)c1	Colony Stimulating?Factor?1	96	US Patent	"3LCO,4DKD,4LIQ,6IG8"			
COc1cc(ccc1OCc1ccc(cc1)C(F)(F)F)[C@H](C)n1c(N)nc2cc(cnc12)-c1cnn(C)c1	Colony Stimulating?Factor?1	96	US Patent	"3LCO,4DKD,4LIQ,6IG8"			
COc1cc(Cn2cnc3cc(cnc23)C(F)(F)F)cc2OCC(Oc12)c1ccc(C)nc1	Colony Stimulating?Factor?1	96	US Patent	"3LCO,4DKD,4LIQ,6IG8"			
COc1cc(ccc1OCc1ccc(cc1)C(F)(F)F)[C@@H](C)n1c(N)nc2cc(cnc12)-c1cnn(C)c1	Colony Stimulating?Factor?1	96	US Patent	"3LCO,4DKD,4LIQ,6IG8"			
FC(F)(F)c1cc(ccc1N1CCOCC1)C(=O)Nc1cccc(c1)-n1ccc2c(NC(=O)c3ccccc3)nccc12	Colony Stimulating?Factor?1	96	ChEMBL	"3LCO,4DKD,4LIQ,6IG8"			
CCc1nn(Cc2cccc(C)n2)c2cccc(NC(=O)c3cnc4cc(ccn34)N3CCOCC3)c12	Colony Stimulating?Factor?1	96.6	US Patent	"4LIQ,6T2W,4DKD"			
COc1ccc(cn1)C1COc2cc(Cc3cnn4cccnc34)cc(F)c2O1	Colony Stimulating?Factor?1	97	US Patent	"3LCO,4DKD,4LIQ,6IG8"			
COc1cc(Cn2cnc3cccnc23)cc2OCC(Oc12)c1cnn(CC2CC2)c1	Colony Stimulating?Factor?1	97	US Patent	"3LCO,4DKD,4LIQ,6IG8"			
CN(C)c1ncc(-c2ccc(Oc3ccnc(c3)-c3cnn(C)c3)c(C)n2)c(=O)[nH]1	Colony Stimulating?Factor?1	97	ChEMBL	"3LCO,4DKD,4LIQ,6IG8"			
Nc1nccc(COc2ccc3nc(N[C@H]4CCCC[C@H]4O)sc3c2)c1Cl	Colony Stimulating?Factor?1	98	ChEMBL	4EXP			
COc1cc(Cn2cnc3cccnc23)cc2OCC(Oc12)c1cnc(nc1)C1CC1	Colony Stimulating?Factor?1	98	US Patent	"3LCO,4DKD,4LIQ,6IG8"			
CCc1nn(Cc2cccc(C)n2)c2cccc(NC(=O)c3cnc4cc(OC[C@H]5NCC[C@@H]5O)ccn34)c12 |r|	Colony Stimulating?Factor?1	98.3	US Patent	"4LIQ,6T2W,4DKD"			
"C[C@H]1[C@]2(C)OC(C)(C=C2)[C@@H](C)[C@]1(O)c1ccc(NC(=O)c2ncc([nH]2)C#N)c(c1)C1=CCC(C)(C)CC1 |r,c:7,t:33|"	Colony Stimulating?Factor?1	99	US Patent	4EXP			
O=C(Nc1cccc(c1)-c1cncc2ccccc12)c1ccccc1NCc1ccncc1	Colony Stimulating?Factor?1	99	ChEMBL	"3LCO,4DKD,4LIQ,6IG8"			
"CC(C)(CN1C[C@H]2OC(C)(C)O[C@H]2C1)c1ccc(NC(=O)c2ncc([nH]2)C#N)c(c1)C1=CCC(C)(C)CC1 |r,t:34|"	Colony Stimulating?Factor?1	100	US Patent	4EXP			
COc1ccc(CNc2ccc(Cc3c[nH]c4ncc(Cl)cc34)cn2)c(OC)n1	Colony Stimulating?Factor?1	100	US Patent	"4LIQ,6T2W,4DKD"			
COc1ccc(CNc2ncc(Cc3c[nH]c4ncc(C)cc34)cc2C)cn1	Colony Stimulating?Factor?1	100	US Patent	"4LIQ,6T2W,4DKD"			
COc1ccc(CNc2ncc(Cc3c[nH]c4ncc(C)cc34)cc2F)cn1	Colony Stimulating?Factor?1	100	US Patent	"4LIQ,6T2W,4DKD"			
Clc1cnc2[nH]cc(Cc3ccc(NCc4ccc(Cl)nc4)nc3)c2c1	Colony Stimulating?Factor?1	100	US Patent	"4LIQ,6T2W,4DKD"			
Fc1ccc(CNc2ccc(Cc3c[nH]c4ncc(Cl)cc34)cn2)cn1	Colony Stimulating?Factor?1	100	US Patent	"4LIQ,6T2W,4DKD"			
Fc1ccc(CNc2ncc(Cc3c[nH]c4ncc(Cl)cc34)cn2)cc1F	Colony Stimulating?Factor?1	100	US Patent	"4LIQ,6T2W,4DKD"			
Cc1cccc(CNc2ncc(Cc3c[nH]c4ncc(Cl)cc34)cn2)c1	Colony Stimulating?Factor?1	100	US Patent	"4LIQ,6T2W,4DKD"			
Cc1cnc2[nH]cc(Cc3ccc(NCc4ccc(nc4)C(F)(F)F)nc3)c2c1	Colony Stimulating?Factor?1	100	US Patent	"4LIQ,6T2W,4DKD"			
COc1cnc2[nH]cc(Cc3ccc(NCc4cncc(F)c4)nc3F)c2c1	Colony Stimulating?Factor?1	100	US Patent	"4LIQ,6T2W,4DKD"			
COc1ccc(CNc2ccc(Cc3c[nH]c4ncc(C)cc34)c(F)n2)cn1	Colony Stimulating?Factor?1	100	US Patent	"4LIQ,6T2W,4DKD"			
COc1cnc2[nH]cc(Cc3ccc(NCc4ccc(OC)nc4)nc3F)c2c1	Colony Stimulating?Factor?1	100	US Patent	"4LIQ,6T2W,4DKD"			
Cc1cnc2[nH]cc(Cc3ccc(NCc4ccc(nc4)C(F)(F)F)nc3F)c2c1	Colony Stimulating?Factor?1	100	US Patent	"4LIQ,6T2W,4DKD"			
COc1cnc2[nH]cc(Cc3ccc(NCc4ccc(Cl)cc4)nc3F)c2c1	Colony Stimulating?Factor?1	100	US Patent	"4LIQ,6T2W,4DKD"			
COc1ccnc2[nH]cc(Cc3ccc(NCc4ccc(Cl)cc4)nc3F)c12	Colony Stimulating?Factor?1	100	US Patent	"4LIQ,6T2W,4DKD"			
COc1ccc(CNc2ncc(Cc3c[nH]c4ncc(Cl)cc34)cn2)cn1	Colony Stimulating?Factor?1	100	US Patent	"4LIQ,6T2W,4DKD"			
COc1cnc2[nH]cc(Cc3ccc(NCc4cccnc4OC)nc3F)c2c1	Colony Stimulating?Factor?1	100	US Patent	"4LIQ,6T2W,4DKD"			
COc1ncccc1CNc1ccc(Cc2c[nH]c3ncccc23)c(F)n1	Colony Stimulating?Factor?1	100	US Patent	"4LIQ,6T2W,4DKD"			
COc1cnc(CNc2ccc(Cc3c[nH]c4ncc(C)cc34)c(F)n2)cc1F	Colony Stimulating?Factor?1	100	US Patent	"4LIQ,6T2W,4DKD"			
Cc1cc2c(c[nH]c2nc1)Cc3ccc(nc3F)NCc4cc(cnc4OC)F	Colony Stimulating?Factor?1	100	US Patent	"4LIQ,6T2W,4DKD"			
COc1ncccc1CNc1ccc(Cc2c[nH]c3ncc(C)cc23)c(F)n1	Colony Stimulating?Factor?1	100	US Patent	"4LIQ,6T2W,4DKD"			
COc1ccc(CNc2ncc(Cc3c[nH]c4ncc(C)cc34)cn2)cn1	Colony Stimulating?Factor?1	100	US Patent	"4LIQ,6T2W,4DKD"			
COc1ncc(F)cc1CNc1ncc(Cc2c[nH]c3ncc(C)cc23)cn1	Colony Stimulating?Factor?1	100	US Patent	"4LIQ,6T2W,4DKD"			
Cc1cnc2[nH]cc(Cc3ccc(NCc4cnccc4C(F)(F)F)nc3F)c2c1	Colony Stimulating?Factor?1	100	US Patent	"4LIQ,6T2W,4DKD"			
FC(F)(F)c1ccncc1CNc1ccc(Cc2c[nH]c3ncc(Cl)cc23)cn1	Colony Stimulating?Factor?1	100	US Patent	"4LIQ,6T2W,4DKD"			
COc1ncc(F)cc1CNc1ncc(Cc2c[nH]c3ncc(Cl)cc23)cn1	Colony Stimulating?Factor?1	100	US Patent	"4LIQ,6T2W,4DKD"			
Cc1cnc2[nH]cc(Cc3ccc(NCc4ccnc(C)c4)nc3F)c2c1	Colony Stimulating?Factor?1	100	US Patent	"4LIQ,6T2W,4DKD"			
Cc1cnc2[nH]cc(Cc3ccc(NCc4cnccc4C(F)(F)F)nc3)c2c1	Colony Stimulating?Factor?1	100	US Patent	"4LIQ,6T2W,4DKD"			
COc1cc(CNc2ccc(Cc3c[nH]c4ncc(C)cc34)c(F)n2)c(F)cn1	Colony Stimulating?Factor?1	100	US Patent	"4LIQ,6T2W,4DKD"			
COc1ncc(CNc2ncc(Cc3c[nH]c4ncc(C)cc34)cn2)cc1F	Colony Stimulating?Factor?1	100	US Patent	"4LIQ,6T2W,4DKD"			
Cc1cc(CNc2ccc(Cc3c[nH]c4ncc(Cl)cc34)c(F)n2)ccn1	Colony Stimulating?Factor?1	100	US Patent	"4LIQ,6T2W,4DKD"			
Cc1cnc2[nH]cc(Cc3cnc(NCc4ccc(Cl)nc4)nc3)c2c1	Colony Stimulating?Factor?1	100	US Patent	"4LIQ,6T2W,4DKD"			
Cc1cnc2[nH]cc(Cc3cnc(NCc4cccc(C)n4)nc3)c2c1	Colony Stimulating?Factor?1	100	US Patent	"4LIQ,6T2W,4DKD"			
Cc1cnc2[nH]cc(Cc3cnc(NCc4cccc(n4)N4CCOCC4)nc3)c2c1	Colony Stimulating?Factor?1	100	US Patent	"4LIQ,6T2W,4DKD"			
Cc1cnc2[nH]cc(Cc3cnc(NCc4cccc(n4)N4CCCC4)nc3)c2c1	Colony Stimulating?Factor?1	100	US Patent	"4LIQ,6T2W,4DKD"			
Cc1cnc2[nH]cc(Cc3ccc(NCc4ccc(Cl)nc4)nc3F)c2c1	Colony Stimulating?Factor?1	100	US Patent	"4LIQ,6T2W,4DKD"			
COc1ccc(CNc2ccc(Cc3c[nH]c4ncc(C)cc34)c(F)n2)c(OC)n1	Colony Stimulating?Factor?1	100	US Patent	"4LIQ,6T2W,4DKD"			
Cc1cnc2[nH]cc(Cc3ccc(NCc4cccnc4F)nc3F)c2c1	Colony Stimulating?Factor?1	100	US Patent	"4LIQ,6T2W,4DKD"			
Cc1cnc2[nH]cc(Cc3ccc(NCc4ccnc(F)c4)nc3F)c2c1	Colony Stimulating?Factor?1	100	US Patent	"4LIQ,6T2W,4DKD"			
Cc1ccc(CNc2ccc(Cc3c[nH]c4ncc(C)cc34)c(F)n2)nc1	Colony Stimulating?Factor?1	100	US Patent	"4LIQ,6T2W,4DKD"			
COc1ncccc1CNc1ncc(Cc2c[nH]c3ncc(C)cc23)cn1	Colony Stimulating?Factor?1	100	US Patent	"4LIQ,6T2W,4DKD"			
Cc1cnc2[nH]cc(Cc3cnc(NCc4ccc(nc4)C(F)(F)F)c(F)c3)c2c1	Colony Stimulating?Factor?1	100	US Patent	"4LIQ,6T2W,4DKD"			
COc1cnc2[nH]cc(Cc3cnc(NCc4ccc(nc4)C(F)(F)F)c(F)c3)c2c1	Colony Stimulating?Factor?1	100	US Patent	"4LIQ,6T2W,4DKD"			
Cc1cnc2[nH]cc(Cc3cnc(NCc4cccnc4OC4CCCC4)nc3)c2c1	Colony Stimulating?Factor?1	100	US Patent	"4LIQ,6T2W,4DKD"			
COc1ccc(CNc2ncc(Cc3c[nH]c4ncc(Cl)cc34)s2)cn1	Colony Stimulating?Factor?1	100	US Patent	"4LIQ,6T2W,4DKD"			
Cn1cc(F)cc(CNc2ncc(Cc3c[nH]c4ncc(Cl)cc34)cn2)c1=O	Colony Stimulating?Factor?1	100	US Patent	"4LIQ,6T2W,4DKD"			
COc1cccc(CNc2ncc(Cc3c[nH]c4ncc(Cl)cc34)s2)n1	Colony Stimulating?Factor?1	100	US Patent	"4LIQ,6T2W,4DKD"			
COc1ncc(CNc2ccc(Cc3c[nH]c4ncc(Cl)cc34)c(F)n2)cc1F	Colony Stimulating?Factor?1	100	US Patent	"4LIQ,6T2W,4DKD"			
Fc1cc(Cc2c[nH]c3ncc(Cl)cc23)cnc1NCc1ccc(nc1)C(F)(F)F	Colony Stimulating?Factor?1	100	US Patent	"4LIQ,6T2W,4DKD"			
Fc1cncc(CNc2ncc(Cc3c[nH]c4ncc(Cl)cc34)cn2)c1	Colony Stimulating?Factor?1	100	US Patent	"4LIQ,6T2W,4DKD"			
COc1ncc(F)cc1CNc1ccc(Cc2c[nH]c3ncc(cc23)C#N)c(F)n1	Colony Stimulating?Factor?1	100	US Patent	"4LIQ,6T2W,4DKD"			
CCS(=O)(=O)Nc1ccccc1CNc1ccc(Cc2c[nH]c3ncc(C)cc23)c(F)n1	Colony Stimulating?Factor?1	100	US Patent	"4LIQ,6T2W,4DKD"			
COc1ccc(CNc2ccc(Cc3c[nH]c4ncc(F)cc34)c(F)n2)cn1	Colony Stimulating?Factor?1	100	US Patent	"4LIQ,6T2W,4DKD"			
CCS(=O)(=O)Nc1cc(F)cc(CNc2ccc(Cc3c[nH]c4ncc(C)cc34)c(F)n2)c1	Colony Stimulating?Factor?1	100	US Patent	"4LIQ,6T2W,4DKD"			
FC(F)(F)c1cnc2[nH]cc(Cc3ccc(NCc4ccc(nc4)C(F)(F)F)nc3)c2c1	Colony Stimulating?Factor?1	100	US Patent	"4LIQ,6T2W,4DKD"			
COc1ncc(CNc2ccc(Cc3c[nH]c4ncc(cc34)C(F)(F)F)c(F)n2)cc1F	Colony Stimulating?Factor?1	100	US Patent	"4LIQ,6T2W,4DKD"			
Fc1cc(CNc2ncc(Cc3c[nH]c4ncc(Cl)cc34)cn2)cc(c1)C(F)(F)F	Colony Stimulating?Factor?1	100	US Patent	"4LIQ,6T2W,4DKD"			
COc1cnc2[nH]cc(Cc3ccc(NCc4ccccc4Cl)nc3F)c2c1	Colony Stimulating?Factor?1	100	US Patent	"4LIQ,6T2W,4DKD"			
Fc1nc(NCc2ccc(Cl)cn2)ccc1Cc1c[nH]c2ncccc12	Colony Stimulating?Factor?1	100	US Patent	"4LIQ,6T2W,4DKD"			
CS(=O)(=O)Nc1cnc2[nH]cc(Cc3ccc(NCc4ccc(Cl)nc4)nc3F)c2c1	Colony Stimulating?Factor?1	100	US Patent	"4LIQ,6T2W,4DKD"			
Fc1cncc(CNc2ccc(Cc3c[nH]c4ncc(Cl)cc34)c(F)n2)c1	Colony Stimulating?Factor?1	100	US Patent	"4LIQ,6T2W,4DKD"			
CCOc1ccc(Nc2c(cnc3cc(ccc23)-c2ccncc2)C(N)=O)cc1F	Colony Stimulating?Factor?1	100	ChEMBL	"3LCO,4DKD,4LIQ,6IG8"			
NC(=O)c1cnc2cc(ccc2c1Nc1ccc(F)cc1)-c1ccncc1	Colony Stimulating?Factor?1	100	ChEMBL	"3LCO,4DKD,4LIQ,6IG8"			
COc1ccc(Nc2c(cnc3cc(ccc23)-c2ccc(cc2)S(C)(=O)=O)C(N)=O)cc1F	Colony Stimulating?Factor?1	100	ChEMBL	"3LCO,4DKD,4LIQ,6IG8"			
NC(=O)c1cnc2cc(ccc2c1Nc1ccccc1)-c1ccc(cc1)C(=O)C1CC1	Colony Stimulating?Factor?1	100	ChEMBL	"3LCO,4DKD,4LIQ,6IG8"			
COc1cc2ncc(C(N)=O)c(Nc3ccc(cc3)N(C)C)c2cc1OC	Colony Stimulating?Factor?1	100	ChEMBL	"3LCO,4DKD,4LIQ,6IG8"			
COc1cc2ncc(C(N)=O)c(Nc3cc(F)cc(F)c3)c2cc1OC	Colony Stimulating?Factor?1	100	ChEMBL	"3LCO,4DKD,4LIQ,6IG8"			
COc1cccc(NC(=O)Cn2cc(Oc3ncnc4cc(OC)cc(OC)c34)cn2)c1	Colony Stimulating?Factor?1	100	ChEMBL	"3LCO,4DKD,4LIQ,6IG8"			
COc1cc2ncnc(Oc3ccc(CC(=O)Nc4cnn(c4)C(C)C)cc3)c2cc1OC	Colony Stimulating?Factor?1	100	ChEMBL	"3LCO,4DKD,4LIQ,6IG8"			
CC1(C)CCC(=CC1)c1cc(CC(=O)NCCCO)ccc1NC(=O)c1ncc([nH]1)C#N	Colony Stimulating?Factor?1	100	ChEMBL	4EXP			
CC1(C)CCC(=CC1)c1cc(Cc2nnn[nH]2)ccc1NC(=O)c1ncc([nH]1)C#N	Colony Stimulating?Factor?1	100	ChEMBL	4EXP			
CN1CCN(Cc2ccc(cc2)C(=O)Nc2ccc(C)c(c2)-c2ccc(cc2C)-c2nnc(C)o2)CC1	Colony Stimulating?Factor?1	100	ChEMBL	"3LCO,4DKD,4LIQ,6IG8"			
COc1cc2ncnc(Oc3ccc(CC(=O)Nc4cnn(c4)C(C)C)cc3)c2cc1OC	Colony Stimulating?Factor?1	100	ChEMBL	"3LCO,4DKD,4LIQ,6IG8"			
COc1ccc2c(Oc3ccc(CC(=O)Nc4[nH]nc(C)c4C)c(OC)c3)ccnc2c1	Colony Stimulating?Factor?1	100	ChEMBL	"3LCO,4DKD,4LIQ,6IG8"			
CCc1cn[nH]c1NC(=O)Cc1ccc(Oc2ccnc3cc(OC)ccc23)cc1OC	Colony Stimulating?Factor?1	100	ChEMBL	"3LCO,4DKD,4LIQ,6IG8"			
COc1ccc2c(Oc3ccc(CC(=O)Nc4cnn(C)c4)c(OC)c3)ccnc2c1	Colony Stimulating?Factor?1	100	ChEMBL	"3LCO,4DKD,4LIQ,6IG8"			
COc1ccc2c(Oc3ccc(CC(=O)Nc4cc(C)nn4C)c(OC)c3)ccnc2c1	Colony Stimulating?Factor?1	100	ChEMBL	"3LCO,4DKD,4LIQ,6IG8"			
CC(C)(O)CCn1cc(Nc2nc(cn3ncnc23)C2CCCCC2)cn1	Colony Stimulating?Factor?1	100	US Patent	"3LCO,4DKD,4LIQ,6IG8"			
C1CCC(CC1)c1cn2ncnc2c(Nc2cnn(c2)C2CCOCC2)n1	Colony Stimulating?Factor?1	100	US Patent	"3LCO,4DKD,4LIQ,6IG8"			
CC1(C)CC(CC(C)(C)O1)n1cc(Nc2nc(cn3ncnc23)C2CCCCC2)cn1	Colony Stimulating?Factor?1	100	US Patent	"3LCO,4DKD,4LIQ,6IG8"			
C1OCC1n1cc(Nc2nc(cn3ncnc23)C2CCCCC2)cn1	Colony Stimulating?Factor?1	100	US Patent	"3LCO,4DKD,4LIQ,6IG8"			
O[C@H]1CC[C@@H](CC1)n1cc(Nc2nc(cn3ncnc23)C2CCCCC2)cn1	Colony Stimulating?Factor?1	100	US Patent	"3LCO,4DKD,4LIQ,6IG8"			
O[C@H]1CC[C@H](CC1)n1cc(Nc2nc(cn3ncnc23)C2CCCCC2)cn1	Colony Stimulating?Factor?1	100	US Patent	"3LCO,4DKD,4LIQ,6IG8"			
C1CCC(CC1)c1cn2ncnc2c(Nc2cn[nH]c2)n1	Colony Stimulating?Factor?1	100	US Patent	"3LCO,4DKD,4LIQ,6IG8"			
CCOC(=O)[C@H]1CC[C@H](CC1)n1cc(Nc2nc(cn3ncnc23)C2CCCCC2)cn1	Colony Stimulating?Factor?1	100	US Patent	"3LCO,4DKD,4LIQ,6IG8"			
C1CCC(CC1)c1cn2ncnc2c(Nc2cnn(c2)C2CCNCC2)n1	Colony Stimulating?Factor?1	100	US Patent	"3LCO,4DKD,4LIQ,6IG8"			
C1CCC(C1)c1cn2ncnc2c(Nc2cnn(c2)C2CCNCC2)n1	Colony Stimulating?Factor?1	100	US Patent	"3LCO,4DKD,4LIQ,6IG8"			
CC(C)n1cc(Nc2nc(cn3ncnc23)C2CCCCC2)cn1	Colony Stimulating?Factor?1	100	US Patent	"3LCO,4DKD,4LIQ,6IG8"			
Cn1cc(Nc2nc(cn3ncnc23)C2CCC(C)(C)CC2)cn1	Colony Stimulating?Factor?1	100	US Patent	"3LCO,4DKD,4LIQ,6IG8"			
C[C@H]1CC[C@@H](CC1)c1cn2ncnc2c(Nc2cnn(C)c2)n1	Colony Stimulating?Factor?1	100	US Patent	"3LCO,4DKD,4LIQ,6IG8"			
C[C@H]1CC[C@H](CC1)c1cn2ncnc2c(Nc2cnn(C)c2)n1	Colony Stimulating?Factor?1	100	US Patent	"3LCO,4DKD,4LIQ,6IG8"			
Cn1cc(Nc2nc(cn3ncnc23)[C@H]2CC[C@@H](CC2)C(F)(F)F)cn1	Colony Stimulating?Factor?1	100	US Patent	"3LCO,4DKD,4LIQ,6IG8"			
C1CCC(CC1)c1cc(Nc2cc3COCCn3n2)c2ncnn2c1	Colony Stimulating?Factor?1	100	US Patent	"3LCO,4DKD,4LIQ,6IG8"			
CN1CCn2nc(Nc3cc(cn4ncnc34)C3CCCCC3)cc2C1	Colony Stimulating?Factor?1	100	US Patent	"3LCO,4DKD,4LIQ,6IG8"			
Cn1cc(Nc2nc(cn3ncnc23)C2CCCC2)cn1	Colony Stimulating?Factor?1	100	US Patent	"3LCO,4DKD,4LIQ,6IG8"			
CN1CCn2nc(Nc3cc(cn4ncnc34)C3CCCC3)cc2C1	Colony Stimulating?Factor?1	100	US Patent	"3LCO,4DKD,4LIQ,6IG8"			
Cn1cc(Nc2nc(cn3ncnc23)C2CCCCC2)cn1	Colony Stimulating?Factor?1	100	US Patent	"3LCO,4DKD,4LIQ,6IG8"			
CC(=O)N1CCC(CC1)n1cc(Nc2nc(cn3ncnc23)C2CCCCC2)cn1	Colony Stimulating?Factor?1	100	US Patent	"3LCO,4DKD,4LIQ,6IG8"			
CNC(=O)N1CCC(CC1)n1cc(Nc2nc(cn3ncnc23)C2CCCCC2)cn1	Colony Stimulating?Factor?1	100	US Patent	"3LCO,4DKD,4LIQ,6IG8"			
O[C@H]1CCC[C@@H](C1)n1cc(Nc2nc(cn3ncnc23)C2CCCCC2)cn1	Colony Stimulating?Factor?1	100	US Patent	"3LCO,4DKD,4LIQ,6IG8"			
O[C@@H]1CCC[C@H](C1)n1cc(Nc2nc(cn3ncnc23)C2CCCCC2)cn1	Colony Stimulating?Factor?1	100	US Patent	"3LCO,4DKD,4LIQ,6IG8"			
O[C@@H]1CCC[C@@H](C1)n1cc(Nc2nc(cn3ncnc23)C2CCCCC2)cn1	Colony Stimulating?Factor?1	100	US Patent	"3LCO,4DKD,4LIQ,6IG8"			
O[C@@H]1CCC[C@H](C1)n1cc(Nc2nc(cn3ncnc23)C2CCCCC2)cn1	Colony Stimulating?Factor?1	100	US Patent	"3LCO,4DKD,4LIQ,6IG8"			
Cn1cc(cn1)-c1cnc2c(cnn2c1)-c1csc(c1)C(=O)NCC(F)(F)F	Colony Stimulating?Factor?1	100	ChEMBL	"3LCO,4DKD,4LIQ,6IG8"			
CN(C)CCOc1cccc2c1oc1cc(Oc3cccc(c3)C(=O)Nc3ccccc3)ccc1c2=O	Colony Stimulating?Factor?1	100	US Patent	"3LCO,4DKD,4LIQ,6IG8"			
CN(C)CCOc1cc(C)cc2c1oc1cc(Oc3cccc(c3)C(=O)Nc3ccccc3)ccc1c2=O	Colony Stimulating?Factor?1	100	US Patent	"3LCO,4DKD,4LIQ,6IG8"			
CN(C)CCOc1cc(C)cc2c1oc1cc(Oc3cccc(NC(=O)Nc4ccccc4)c3)ccc1c2=O	Colony Stimulating?Factor?1	100	US Patent	"3LCO,4DKD,4LIQ,6IG8"			
COc1cc(Oc2ccc3c(c2)oc2c(OCCN(C)C)cc(C)cc2c3=O)ccc1OCc1ccc(CO)cc1	Colony Stimulating?Factor?1	100	US Patent	"3LCO,4DKD,4LIQ,6IG8"			
CN(C)CCOc1cc(C)cc2c1oc1cc(Oc3cnc(CO)c(CO)c3)ccc1c2=O	Colony Stimulating?Factor?1	100	US Patent	"3LCO,4DKD,4LIQ,6IG8"			
CN(C)CCOc1cc(C)cc2c1oc1cc(Oc3ccc(OCc4ccc(CO)cc4)nc3)ccc1c2=O	Colony Stimulating?Factor?1	100	US Patent	"3LCO,4DKD,4LIQ,6IG8"			
CN(C)CCOc1cc(C)cc2c1oc1cc(Oc3ccc(OCc4ccc(CO)nc4)nc3)ccc1c2=O	Colony Stimulating?Factor?1	100	US Patent	"3LCO,4DKD,4LIQ,6IG8"			
CN(C)CCOc1cc(C)cc2c1oc1cc(Oc3cnc(OCc4ccc(CO)cc4)c(CO)c3)ccc1c2=O	Colony Stimulating?Factor?1	100	US Patent	"3LCO,4DKD,4LIQ,6IG8"			
CN(C)CCOc1cc(C)cc2c1oc1cc(Oc3ccc(OCc4ccc(nc4)C(F)(F)F)nc3)ccc1c2=O	Colony Stimulating?Factor?1	100	US Patent	"3LCO,4DKD,4LIQ,6IG8"			
CN(C)CCOc1cc(C)cc2c1oc1cc(Oc3ccc(NCc4ccc(CO)cc4)nc3)ccc1c2=O	Colony Stimulating?Factor?1	100	US Patent	"3LCO,4DKD,4LIQ,6IG8"			
CN(C)CCOc1cc(C)cc2c1oc1cc(Oc3ccc(NCc4ccc(COC(F)(F)F)cc4)nc3)ccc1c2=O	Colony Stimulating?Factor?1	100	US Patent	"3LCO,4DKD,4LIQ,6IG8"			
CN(C)CCOc1cc(C)cc2c1oc1cc(Oc3ccc(NCc4ccc(CO)nc4)nc3)ccc1c2=O	Colony Stimulating?Factor?1	100	US Patent	"3LCO,4DKD,4LIQ,6IG8"			
CN(C)CCOc1cc(C)cc2c1oc1cc(Oc3ccc(CCc4ccc(CO)cc4)nc3)ccc1c2=O	Colony Stimulating?Factor?1	100	US Patent	"3LCO,4DKD,4LIQ,6IG8"			
CN(C)CCOc1cc(C)cc2c1oc1cc(ccc1c2=O)C(=O)c1ccc(CCc2ccc(CO)cc2)nc1	Colony Stimulating?Factor?1	100	US Patent	"3LCO,4DKD,4LIQ,6IG8"			
CN(C)CCOc1cc(C)cc2c1oc1cc(ccc1c2=O)C(=O)c1ccc(CCC(=O)Nc2cccnc2)nc1	Colony Stimulating?Factor?1	100	US Patent	"3LCO,4DKD,4LIQ,6IG8"			
CN(C)CCOc1cc(C)cc2c1oc1cc(Oc3ccc(CCC(=O)NC4CCCC4)nc3)ccc1c2=O	Colony Stimulating?Factor?1	100	US Patent	"3LCO,4DKD,4LIQ,6IG8"			
CN(C)CCOc1cc(C)cc2c1oc1cc(Oc3ccc(CCC(=O)N4CCCC4)nc3)ccc1c2=O	Colony Stimulating?Factor?1	100	US Patent	"3LCO,4DKD,4LIQ,6IG8"			
CN(C)CCOc1cc(C)cc2c1oc1cc(Oc3ccc(CCC(=O)N4CCOCC4)nc3)ccc1c2=O	Colony Stimulating?Factor?1	100	US Patent	"3LCO,4DKD,4LIQ,6IG8"			
CN(C)CCOc1cc(C)cc2c1oc1cc(Oc3ccc(nc3)N(CC(=O)NC3CCCC3)C(=O)OC(C)(C)C)ccc1c2=O	Colony Stimulating?Factor?1	100	US Patent	"3LCO,4DKD,4LIQ,6IG8"			
CN(C)CCOc1cc(C)cc2c1oc1cc(Oc3ccc(CCNC(=O)C4CCCC4)nc3)ccc1c2=O	Colony Stimulating?Factor?1	100	US Patent	"3LCO,4DKD,4LIQ,6IG8"			
CN(C)CCOc1cc(C)cc2c1oc1cc(Oc3ccc(CCNC(=O)N4CCCC4)nc3)ccc1c2=O	Colony Stimulating?Factor?1	100	US Patent	"3LCO,4DKD,4LIQ,6IG8"			
Cc1cc(OCCNC(=O)OC(C)(C)C)c2oc3cc(Oc4ccc(CCC(=O)NC5CCCC5)nc4)ccc3c(=O)c2c1	Colony Stimulating?Factor?1	100	US Patent	"3LCO,4DKD,4LIQ,6IG8"			
CN(CCOc1cc(C)cc2c1oc1cc(Oc3ccc(CCC(=O)NC4CCCC4)nc3)ccc1c2=O)C(=O)OC(C)(C)C	Colony Stimulating?Factor?1	100	US Patent	"3LCO,4DKD,4LIQ,6IG8"			
CN(C)CCCOc1cc(C)cc2c1oc1cc(Oc3cccc(c3)C(=O)Nc3ccccc3)ccc1c2=O	Colony Stimulating?Factor?1	100	US Patent	"3LCO,4DKD,4LIQ,6IG8"			
CN(C)CCCOc1cc(C)cc2c1oc1cc(Oc3cccc(NC(=O)Nc4ccccc4)c3)ccc1c2=O	Colony Stimulating?Factor?1	100	US Patent	"3LCO,4DKD,4LIQ,6IG8"			
Cc1cc(OCCN2CCCC2)c2oc3cc(Oc4ccc(CCC(=O)NC5CCCC5)nc4)ccc3c(=O)c2c1	Colony Stimulating?Factor?1	100	US Patent	"3LCO,4DKD,4LIQ,6IG8"			
Cc1cc(OCCN2CCCCC2)c2oc3cc(Oc4ccc(CCC(=O)NC5CCCC5)nc4)ccc3c(=O)c2c1	Colony Stimulating?Factor?1	100	US Patent	"3LCO,4DKD,4LIQ,6IG8"			
CN(C)CCOc1cc(Cl)cc2c1oc1cc(Oc3cccc(c3)C(=O)Nc3ccccc3)ccc1c2=O	Colony Stimulating?Factor?1	100	US Patent	"3LCO,4DKD,4LIQ,6IG8"			
CN(C)CCOc1cc(Br)cc2c1oc1cc(Oc3ccc(CCC(=O)NC4CCCC4)nc3)ccc1c2=O	Colony Stimulating?Factor?1	100	US Patent	"3LCO,4DKD,4LIQ,6IG8"			
CN(C)CCOc1cc(C)cc2c1oc1cc(Sc3ccc(CCC(=O)NC4CCCC4)nc3)ccc1c2=O	Colony Stimulating?Factor?1	100	US Patent	"3LCO,4DKD,4LIQ,6IG8"			
CN(C)CCOc1ccc2oc3cc(Oc4ccc(CCC(=O)NC5CCCC5)nc4)ccc3c(=O)c2c1	Colony Stimulating?Factor?1	100	US Patent	"3LCO,4DKD,4LIQ,6IG8"			
CN(C)CCOc1cc(C)c2oc3cc(Oc4ccc(CCC(=O)NC5CCCC5)nc4)ccc3c(=O)c2c1	Colony Stimulating?Factor?1	100	US Patent	"3LCO,4DKD,4LIQ,6IG8"			
COc1cc(OCCN(C)C)cc2c1oc1cc(Oc3ccc(CCC(=O)NC4CCCC4)nc3)ccc1c2=O	Colony Stimulating?Factor?1	100	US Patent	"3LCO,4DKD,4LIQ,6IG8"			
CN(C)CCOc1ccc2c(c1)oc1cc(Oc3ccc(CCC(=O)NC4CCCC4)nc3)ccc1c2=O	Colony Stimulating?Factor?1	100	US Patent	"3LCO,4DKD,4LIQ,6IG8"			
CN(C)CCOc1cc(C)cc2c1sc1cc(Oc3cccc(c3)C(=O)Nc3ccccc3)ccc1c2=O	Colony Stimulating?Factor?1	100	US Patent	"3LCO,4DKD,4LIQ,6IG8"			
CN(C)CCOc1cc(C)cc2c1sc1cc(Oc3ccc(CCc4ccc(CO)cc4)nc3)ccc1c2=O	Colony Stimulating?Factor?1	100	US Patent	"3LCO,4DKD,4LIQ,6IG8"			
CN(C)CCOc1cc(C)cc2c1sc1cc(Oc3ccc(CCC(=O)NC4CCCC4)nc3)ccc1c2=O	Colony Stimulating?Factor?1	100	US Patent	"3LCO,4DKD,4LIQ,6IG8"			
CN(C)CCOc1cc(C)cc2c1oc1cc(Oc3ccc(CCC(=O)N4CCC(N)CC4)nc3)ccc1c2=O	Colony Stimulating?Factor?1	100	US Patent	"3LCO,4DKD,4LIQ,6IG8"			
CCN(CC)CCOc1cc(C)cc2c1oc1cc(Oc3ccc(CCC(=O)NC4CCCC4)nc3)ccc1c2=O	Colony Stimulating?Factor?1	100	US Patent	"3LCO,4DKD,4LIQ,6IG8"			
Cc1cc(OCCN2CCOCC2)c2oc3cc(Oc4ccc(CCC(=O)NC5CCCC5)nc4)ccc3c(=O)c2c1	Colony Stimulating?Factor?1	100	US Patent	"3LCO,4DKD,4LIQ,6IG8"			
CC(C)N(CCOc1cc(C)cc2c1oc1cc(Oc3ccc(CCC(=O)NC4CCCC4)nc3)ccc1c2=O)C(C)C	Colony Stimulating?Factor?1	100	US Patent	"3LCO,4DKD,4LIQ,6IG8"			
CN1CCN(CCOc2cc(C)cc3c2oc2cc(Oc4ccc(CCC(=O)NC5CCCC5)nc4)ccc2c3=O)CC1	Colony Stimulating?Factor?1	100	US Patent	"3LCO,4DKD,4LIQ,6IG8"			
Cc1cc(OCCN2CCN(CC(F)(F)F)CC2)c2oc3cc(Oc4ccc(CCC(=O)NC5CCCC5)nc4)ccc3c(=O)c2c1	Colony Stimulating?Factor?1	100	US Patent	"3LCO,4DKD,4LIQ,6IG8"			
CN1CCCC(C1)Oc1cc(C)cc2c1oc1cc(Oc3ccc(CCC(=O)NC4CCCC4)nc3)ccc1c2=O	Colony Stimulating?Factor?1	100	US Patent	"3LCO,4DKD,4LIQ,6IG8"			
C[C@H]1CN(CCOc2cc(C)cc3c2oc2cc(Oc4ccc(CCC(=O)NC5CCCC5)nc4)ccc2c3=O)C[C@@H](C)N1	Colony Stimulating?Factor?1	100	US Patent	"3LCO,4DKD,4LIQ,6IG8"			
C[C@H]1CN(CCOc2cc(C)cc3c2oc2cc(Oc4ccc(CCC(=O)NC5CCCC5)nc4)ccc2c3=O)C[C@@H](C)N1C	Colony Stimulating?Factor?1	100	US Patent	"3LCO,4DKD,4LIQ,6IG8"			
CN(C)CCCOc1cc(C)cc2c1oc1cc(Oc3ccc(CCC(=O)NC4CCCC4)nc3)ccc1c2=O	Colony Stimulating?Factor?1	100	US Patent	"3LCO,4DKD,4LIQ,6IG8"			
C[C@H]1CCC[C@@H](C)N1CCCOc1cc(C)cc2c1oc1cc(Oc3ccc(CCC(=O)NC4CCCC4)nc3)ccc1c2=O	Colony Stimulating?Factor?1	100	US Patent	"3LCO,4DKD,4LIQ,6IG8"			
CCN1CCN(CCCOc2cc(C)cc3c2oc2cc(Oc4ccc(CCC(=O)NC5CCCC5)nc4)ccc2c3=O)CC1	Colony Stimulating?Factor?1	100	US Patent	"3LCO,4DKD,4LIQ,6IG8"			
CC(C)N1CCN(CCCOc2cc(C)cc3c2oc2cc(Oc4ccc(CCC(=O)NC5CCCC5)nc4)ccc2c3=O)CC1	Colony Stimulating?Factor?1	100	US Patent	"3LCO,4DKD,4LIQ,6IG8"			
C[C@H]1CN(CCCOc2cc(C)cc3c2oc2cc(Oc4ccc(CCC(=O)NC5CCCC5)nc4)ccc2c3=O)C[C@@H](C)N1	Colony Stimulating?Factor?1	100	US Patent	"3LCO,4DKD,4LIQ,6IG8"			
C[C@H]1CN(CCCOc2cc(C)cc3c2oc2cc(Oc4ccc(CCC(=O)NC5CCCC5)nc4)ccc2c3=O)C[C@@H](C)N1C	Colony Stimulating?Factor?1	100	US Patent	"3LCO,4DKD,4LIQ,6IG8"			
Cc1cc(OCCCN2CCOCC2)c2oc3cc(Oc4ccc(CCC(=O)NC5CCCC5)nc4)ccc3c(=O)c2c1	Colony Stimulating?Factor?1	100	US Patent	"3LCO,4DKD,4LIQ,6IG8"			
CN1CCC(C1)Oc1cc(C)cc2c1oc1cc(Oc3ccc(CCC(=O)NC4CCCC4)nc3)ccc1c2=O	Colony Stimulating?Factor?1	100	US Patent	"3LCO,4DKD,4LIQ,6IG8"			
CN1CCC(CC1)Oc1cc(C)cc2c1oc1cc(Oc3ccc(CCC(=O)NC4CCCC4)nc3)ccc1c2=O	Colony Stimulating?Factor?1	100	US Patent	"3LCO,4DKD,4LIQ,6IG8"			
CN1CCC[C@@H]1COc1cc(C)cc2c1oc1cc(Oc3ccc(CCC(=O)NC4CCCC4)nc3)ccc1c2=O	Colony Stimulating?Factor?1	100	US Patent	"3LCO,4DKD,4LIQ,6IG8"			
CN1CCC[C@H]1COc1cc(C)cc2c1oc1cc(Oc3ccc(CCC(=O)NC4CCCC4)nc3)ccc1c2=O	Colony Stimulating?Factor?1	100	US Patent	"3LCO,4DKD,4LIQ,6IG8"			
CN1CCCCC1COc1cc(C)cc2c1oc1cc(Oc3ccc(CCC(=O)NC4CCCC4)nc3)ccc1c2=O	Colony Stimulating?Factor?1	100	US Patent	"3LCO,4DKD,4LIQ,6IG8"			
CN1CCCC1CCOc1cc(C)cc2c1oc1cc(Oc3ccc(CCC(=O)NC4CCCC4)nc3)ccc1c2=O	Colony Stimulating?Factor?1	100	US Patent	"3LCO,4DKD,4LIQ,6IG8"			
CN1CCCC(COc2cc(C)cc3c2oc2cc(Oc4ccc(CCC(=O)NC5CCCC5)nc4)ccc2c3=O)C1	Colony Stimulating?Factor?1	100	US Patent	"3LCO,4DKD,4LIQ,6IG8"			
COc1ccc(cn1)C1COc2cc(Cn3cnc4cc(cnc34)N3CCC3)ccc2O1	Colony Stimulating?Factor?1	100	US Patent	"3LCO,4DKD,4LIQ,6IG8"			
COC1CN(C1)c1cnc2n(Cc3cc(OC)c4OC(COc4c3)c3cnc(C)cc3C)cnc2c1	Colony Stimulating?Factor?1	100	US Patent	"3LCO,4DKD,4LIQ,6IG8"			
COc1cc(Cn2cnc3cc(cnc23)-c2cnn(C)c2)cc2OCC(Oc12)C(C)C	Colony Stimulating?Factor?1	100	US Patent	"3LCO,4DKD,4LIQ,6IG8"			
FC(F)(F)c1ccc(CNc2ccc(Cc3c[nH]c4ncc(Cl)cc34)cn2)cn1	Colony Stimulating?Factor?1	100	ChEMBL	4EXP			
CN(CC1CCCCC1)c1ncnc2[nH]c(nc12)-c1ccc(CO)cc1	Colony Stimulating?Factor?1	100	ChEMBL	4EXP			
CC(C)N(Cc1ccccc1)c1ncnc2[nH]c(cc12)-c1ccc(CO)cc1	Colony Stimulating?Factor?1	100	ChEMBL	"4LIQ,6T2W,4DKD"			
COc1ncc(CNc2ccc(Cc3c[nH]c4ncc(cc34)C(F)(F)F)c(F)n2)cc1F	Colony Stimulating?Factor?1	100	ChEMBL	"4LIQ,6T2W,4DKD"			
Cc1cc(F)c(C(=O)Nc2ccc(OC3CC3)cn2)cc1NC(=O)c1cnc(NC(=O)N2CCC2)s1	Colony Stimulating?Factor?1	100	US Patent	"4LIQ,6T2W,4DKD"			
Cc1cc(F)c(C(=O)Nc2ccc(C(C)(O)C(F)(F)F)cn2)cc1NC(=O)c1cnc(N)s1	Colony Stimulating?Factor?1	100	US Patent	"4LIQ,6T2W,4DKD"			
Cc1cc(F)c(C(=O)Nc2ncc(C(C)C)s2)cc1NC(=O)c1cnc(N)s1	Colony Stimulating?Factor?1	100	US Patent	"4LIQ,6T2W,4DKD"			
Cc1cc(F)c(C(=O)Nc2nnc(C3CC3)s2)cc1NC(=O)c1cnc(N)s1	Colony Stimulating?Factor?1	100	US Patent	"4LIQ,6T2W,4DKD"			
Cc1cc(F)c(C(=O)Nc2cc(C(F)(F)F)ccn2)cc1NC(=O)c1cnc(N)s1	Colony Stimulating?Factor?1	100	US Patent	"4LIQ,6T2W,4DKD"			
Cc1cc(F)c(C(=O)Nc2ccc3c(c2)C(F)(F)C(=O)N3)cc1NC(=O)c1cnc(N)s1	Colony Stimulating?Factor?1	100	US Patent	"4LIQ,6T2W,4DKD"			
Cc1cc(F)c(C(=O)Nc2cc(C3CC3)ccn2)cc1NC(=O)c1cnc(N)s1	Colony Stimulating?Factor?1	100	US Patent	"4LIQ,6T2W,4DKD"			
Nc1ncc(C(=O)Nc2cc(C(=O)Nc3cnc(C4CC4)cn3)c(F)cc2Cl)s1	Colony Stimulating?Factor?1	100	US Patent	"4LIQ,6T2W,4DKD"			
Cc1cc(F)c(C(=O)Nc2ccc(OC(F)F)cc2)cc1NC(=O)c1cnc(N)s1	Colony Stimulating?Factor?1	100	US Patent	"4LIQ,6T2W,4DKD"			
Cc1c(F)cc(C(=O)Nc2ccc(OC3CC3)cn2)cc1NC(=O)c1cnc(N)s1	Colony Stimulating?Factor?1	100	US Patent	"4LIQ,6T2W,4DKD"			
Cc1cc(F)c(C(=O)Nc2cncc(C(F)F)c2)cc1NC(=O)c1cnc(N)s1	Colony Stimulating?Factor?1	100	US Patent	"4LIQ,6T2W,4DKD"			
Cc1cc(F)c(C(=O)Nc2cncc(C(F)(F)F)c2)cc1NC(=O)c1cnc(N)s1	Colony Stimulating?Factor?1	100	US Patent	"4LIQ,6T2W,4DKD"			
CCOc1cccc(Cn2nc(CC)c3c(NC(=O)c4cnc5ccccn45)cccc23)n1	Colony Stimulating?Factor?1	100.8	US Patent	"4LIQ,6T2W,4DKD"			
CCOc1cc(ccc1Nc1ncc2cc(-c3cccc(NC(=O)c4cccc(c4)C(F)(F)F)c3)c(=O)n(C[C@H]3CCCO3)c2n1)N1CCN(C)CC1	Colony Stimulating?Factor?1	101	ChEMBL	"4LIQ,6T2W,4DKD"			
COc1ccc(cn1)C(C)Oc1ccc(Cn2cnc3cc(cnc23)-c2ccnc(F)c2)cc1OC	Colony Stimulating?Factor?1	102	US Patent	"4LIQ,6T2W,4DKD"			
COc1ccc(cn1)C(C)Oc1ccc(Cn2cnc3cc(cnc23)-c2ccnc(F)c2)cc1OC	Colony Stimulating?Factor?1	102	US Patent	"3LCO,4DKD,4LIQ,6IG8"			
COc1cc(ccc1OCc1ccc(nc1)C(F)(F)F)C(C)n1c(N)nc2cc(cnc12)C#CCCO	Colony Stimulating?Factor?1	102	US Patent	"3LCO,4DKD,4LIQ,6IG8"			
CCCN1CCOc2c(F)cc(cc12)-c1nc(Nc2ccc(N3CCNCC3)c(F)c2)ncc1F	Colony Stimulating?Factor?1	102	US Patent	"3LCO,4DKD,4LIQ,6IG8"			
COc1ccc(cn1)C(C)Oc1ccc(Cn2cnc3cc(cnc23)-c2ccnc(F)c2)cc1OC	Colony Stimulating?Factor?1	102	US Patent	"3LCO,4DKD,4LIQ,6IG8"			
Cc1cccc(Cn2nc(C3CC3)c3c(NC(=O)c4cnc5cc(OCCN6CCNCC6)ccn45)cccc23)n1	Colony Stimulating?Factor?1	102.3	US Patent	"4LIQ,6T2W,4DKD"			
CCc1nn(Cc2nc(C)cs2)c2cccc(NC(=O)c3cnc4cc(OCCN5CCN(C)CC5)ccn34)c12	Colony Stimulating?Factor?1	102.4	US Patent	"4LIQ,6T2W,4DKD"			
COc1ccc(cn1)C(C)Oc1ccc(Cn2cnc3cc(cnc23)-c2ccc(OC)nc2)cc1OC	Colony Stimulating?Factor?1	103	US Patent	"4LIQ,6T2W,4DKD"			
COc1ccc(cn1)C(C)Oc1ccc(Cn2cnc3cc(cnc23)-c2ccc(OC)nc2)cc1OC	Colony Stimulating?Factor?1	103	US Patent	"3LCO,4DKD,4LIQ,6IG8"			
COc1cc(ccc1OCc1ccc(nc1)C(F)(F)F)C(C)n1c(N)nc2cc(cnc12)-c1cnn(CCO)c1	Colony Stimulating?Factor?1	103	US Patent	"3LCO,4DKD,4LIQ,6IG8"			
COc1ccc(cn1)C(C)Oc1ccc(Cn2cnc3cc(cnc23)-c2ccc(OC)nc2)cc1OC	Colony Stimulating?Factor?1	103	US Patent	"3LCO,4DKD,4LIQ,6IG8"			
Nc1nccc(COc2ccc3nc(N[C@@H]4CCCC[C@H]4O)sc3c2Cl)c1Cl	Colony Stimulating?Factor?1	104	ChEMBL	4EXP			
COC(=O)CCCCc1ccc(cc1)-c1cc2c(ncnc2[nH]1)N(C)Cc1cccc(C)c1	Colony Stimulating?Factor?1	104	ChEMBL	"4LIQ,6T2W,4DKD"			
COc1cc(OCc2ccnc(Nc3ccn(C)n3)n2)cc2sc(N[C@H]3CCCC[C@@H]3O)nc12	Colony Stimulating?Factor?1	105	ChEMBL	4EXP			
CN(CC1CCOCC1)c1ncnc2[nH]c(nc12)-c1ccc(CCO)cc1	Colony Stimulating?Factor?1	106	ChEMBL	4EXP			
CC(C)N1CCN(CCOc2ccn3c(cnc3c2)C(=O)Nc2cccc3n(Cc4cccc(C)n4)nc(C4CC4)c23)CC1	Colony Stimulating?Factor?1	106.8	US Patent	"4LIQ,6T2W,4DKD"			
CNc1ncc(-c2ccc(Oc3ccnc(c3)-c3cnn(C)c3)c(C)n2)c(=O)[nH]1	Colony Stimulating?Factor?1	107	ChEMBL	"3LCO,4DKD,4LIQ,6IG8"			
CC(C)(c1cc(NC(=O)Nc2ccc(cc2)-c2cc([nH]n2)-c2ccc(OCCN3CCOCC3)cc2)no1)C(F)(F)F	Colony Stimulating?Factor?1	108	ChEMBL	"4LIQ,6T2W,4DKD"			
COCCOc1ccn2c(cnc2c1)C(=O)Nc1cccc2n(Cc3ccc(C)nc3)nc(Br)c12	Colony Stimulating?Factor?1	108.4	US Patent	"4LIQ,6T2W,4DKD"			
CN1CCN(Cc2ccc(nc2)C(=O)Nc2ccc(NC(=O)Nc3cc(on3)C(C)(C)C)cc2)CC1	Colony Stimulating?Factor?1	109	ChEMBL	4EXP			
CN1CCN(CC1)c1ccc2ncc(C(N)=O)c(Nc3ccc(F)cc3F)c2c1	Colony Stimulating?Factor?1	110	ChEMBL	"3LCO,4DKD,4LIQ,6IG8"			
Cc1cc(on1)-c1c(-c2ccc(C)cc2)c2cc(Cl)ccc2[nH]c1=O	Colony Stimulating?Factor?1	110	ChEMBL	"3LCO,4DKD,4LIQ,6IG8"			
CNC(=O)c1cc(Oc2cnc(OCc3ccc(nc3)C3CC3)c(F)c2)ccn1	Colony Stimulating?Factor?1	110	US Patent	"3LCO,4DKD,4LIQ,6IG8"			
COc1ccc(Oc2ccc(Oc3ccc4ncc(C)c(=O)n4c3)cn2)cc1	Colony Stimulating?Factor?1	110	US Patent	"3LCO,4DKD,4LIQ,6IG8"			
COCCOc1ccn2c(cnc2c1)C(=O)Nc1cccc2n(Cc3ccccc3)nc(I)c12	Colony Stimulating?Factor?1	112	US Patent	"4LIQ,6T2W,4DKD"			
COc1ccc2c(NCCc3cnc(NC(=O)Nc4cccc(Cl)c4)s3)ncnc2c1	Colony Stimulating?Factor?1	112	ChEMBL	"3LCO,4DKD,4LIQ,6IG8"			
COCC(=O)Nc1cccc-2c1Cc1c-2n[nH]c1-c1csc(c1)C#CCOc1ccccc1	Colony Stimulating?Factor?1	113	ChEMBL	"3LCO,4DKD,4LIQ,6IG8"			
COc1ccc(cn1)C1COc2cc(Cn3cnc4cc(cnc34)C3CC3)ccc2O1	Colony Stimulating?Factor?1	116	US Patent	"3LCO,4DKD,4LIQ,6IG8"			
FC(F)Oc1ccc(cc1)C1COc2cc(Cn3cnc4cccnc34)ccc2O1	Colony Stimulating?Factor?1	116	US Patent	"3LCO,4DKD,4LIQ,6IG8"			
CCc1nn(Cc2ccccc2)c2cccc(NC(=O)c3cnc4cc(OCCOC)ccn34)c12	Colony Stimulating?Factor?1	117.9	US Patent	"4LIQ,6T2W,4DKD"			
CC(C)c1nc(Cn2nc(C3CC3)c3c(NC(=O)c4cnc5cc(OCCN6CCN(C)CC6)ccn45)cccc23)cs1	Colony Stimulating?Factor?1	118.3	US Patent	"4LIQ,6T2W,4DKD"			
O=C(Nc1cc(ccc1N1CCCCC1)C#N)c1ccc(o1)C#N	Colony Stimulating?Factor?1	120	ChEMBL	"3LCO,4DKD,4LIQ,6IG8"			
COc1ccc(Oc2nc(Nc3ccc(cc3)N3CCOCC3)ncc2NC(=O)c2cc(OC)cc(OC)c2)cc1	Colony Stimulating?Factor?1	120	ChEMBL	"3LCO,4DKD,4LIQ,6IG8"			
COc1ccc(C2COc3cc(Cn4cnc5cccnc45)cc(OC)c3O2)c(C)n1	Colony Stimulating?Factor?1	120	US Patent	"3LCO,4DKD,4LIQ,6IG8"			
CCCCC1COc2cc(Cn3cnc4cc(OC)cnc34)cc(OC)c2O1	Colony Stimulating?Factor?1	120	US Patent	"3LCO,4DKD,4LIQ,6IG8"			
CN1CC(Oc2ccc(Cn3cnc4cc(cnc34)-c3cnn(C)c3)cc12)c1ccc(cc1)C(F)(F)F	Colony Stimulating?Factor?1	120	US Patent	"3LCO,4DKD,4LIQ,6IG8"			
CCN1CCN(CCOc2ccn3c(cnc3c2)C(=O)Nc2cccc3n(Cc4cccc(C)n4)nc(CC)c23)CC1	Colony Stimulating?Factor?1	120.4	US Patent	"4LIQ,6T2W,4DKD"			
CC(C)N1CCN(CCOc2ccn3c(cnc3c2)C(=O)Nc2cccc3n(Cc4ccn(n4)C(C)C)nc(C4CC4)c23)CC1	Colony Stimulating?Factor?1	121.9	US Patent	"4LIQ,6T2W,4DKD"			
CCN1CCN(Cc2ccc(NC(=O)c3ccc(C)c(NC(=O)c4cnc5cccnn45)c3)cc2C(F)(F)F)CC1	Colony Stimulating?Factor?1	122	ChEMBL	4EXP			
CN1CCN(CCOc2ccn3c(cnc3c2)C(=O)Nc2cccc3n(Cc4ccc(C)nc4)nc(C4CC4)c23)CC1	Colony Stimulating?Factor?1	123	US Patent	"4LIQ,6T2W,4DKD"			
CC(C)N1CCOc2c(F)cc(cc12)-c1nc(Nc2ccc(N3CCNCC3)c(F)c2F)ncc1F	Colony Stimulating?Factor?1	123	US Patent	"3LCO,4DKD,4LIQ,6IG8"			
COc1ccc2c(Nc3ccc(NC(=O)Nc4ccccc4)cc3)ncnc2c1	Colony Stimulating?Factor?1	124	ChEMBL	"3LCO,4DKD,4LIQ,6IG8"			
Nc1nccc(COc2cc(F)c3nc(N[C@@H]4CCCC[C@H]4O)sc3c2)c1Cl	Colony Stimulating?Factor?1	125	ChEMBL	4EXP			
CCNC(=O)c1c(OC)cc(cc1OC)-n1cnc2cc(ccc12)-c1cnn(CCO)c1	Colony Stimulating?Factor?1	125	ChEMBL	"4LIQ,6T2W,4DKD"			
Nc1nccc(COc2cc(F)c3nc(N[C@@H]4CCCC[C@H]4O)sc3c2)c1Cl	Colony Stimulating?Factor?1	127	ChEMBL	"3LCO,4DKD,4LIQ,6IG8"			
CN([C@@H](CO)c1ccccc1)c1ncnc2[nH]c(cc12)-c1ccc(CO)cc1	Colony Stimulating?Factor?1	127	ChEMBL	"4LIQ,6T2W,4DKD"			
CN1CCN(CC1)c1ccc2ncc(C(N)=O)c(Nc3ccc(Cl)cc3Cl)c2c1	Colony Stimulating?Factor?1	129	ChEMBL	"3LCO,4DKD,4LIQ,6IG8"			
CCn1cc(cn1)-c1ccc2n(cnc2c1)-c1cc(OC)c(C(=O)NC)c(OC)c1	Colony Stimulating?Factor?1	129	ChEMBL	"4LIQ,6T2W,4DKD"			
Cc1cnc2ccc(Oc3ccc(OCc4ccc(F)c(Cl)c4)nc3)cn2c1=O	Colony Stimulating?Factor?1	129	US Patent	"3LCO,4DKD,4LIQ,6IG8"			
CSc1ccc(Nc2c(cnc3cc(ccc23)-c2ccncc2)C(N)=O)cc1	Colony Stimulating?Factor?1	130	ChEMBL	"3LCO,4DKD,4LIQ,6IG8"			
NC(=O)c1cnc2cc(ccc2c1Nc1ccccc1)-c1ccc(cc1)C(F)(F)F	Colony Stimulating?Factor?1	130	ChEMBL	"3LCO,4DKD,4LIQ,6IG8"			
OCC1CCN(CC1)c1ccccc1NC(=O)c1ccc(o1)[N+]([O-])=O	Colony Stimulating?Factor?1	130	ChEMBL	"3LCO,4DKD,4LIQ,6IG8"			
CN(C)C(=O)c1ccc(NC(=O)c2ncc([nH]2)C#N)c(c1)C1=CCC(C)(C)CC1	Colony Stimulating?Factor?1	130	ChEMBL	4EXP			
COC1CN(C1)c1cnc2n(Cc3cc(OC)c4OC(COc4c3)c3cnn(C)c3)cnc2c1	Colony Stimulating?Factor?1	130	US Patent	"3LCO,4DKD,4LIQ,6IG8"			
CCc1ccc(cn1)C1CCc2cc(Cn3cnc4cc(cnc34)-n3ccnc3C)cc(OC)c2O1	Colony Stimulating?Factor?1	130	US Patent	"3LCO,4DKD,4LIQ,6IG8"			
CN(CC1CCN(Cc2ccccc2)CC1)c1ncnc2[nH]c(nc12)-c1ccc(CO)cc1	Colony Stimulating?Factor?1	130	ChEMBL	"4LIQ,6T2W,4DKD"			
COCCOc1ccn2c(cnc2c1)-c1ccc2cccc(O[C@@H]3CCNC[C@H]3O)c2n1	Colony Stimulating?Factor?1	131	ChEMBL	"3LCO,4DKD,4LIQ,6IG8"			
CC(C)N1CCN(CCOc2ccn3c(cnc3c2)C(=O)Nc2cccc3n(Cc4ccc(F)cn4)nc(C4CC4)c23)CC1	Colony Stimulating?Factor?1	131.7	US Patent	"4LIQ,6T2W,4DKD"			
Cc1ccc(NC(=O)c2cccc(c2)C(F)(F)F)cc1OC1CCN(CC1)C(=O)c1ccncc1	Colony Stimulating?Factor?1	133	ChEMBL	"3LCO,4DKD,4LIQ,6IG8"			
Nc1nccc(COc2ccc3nc(N[C@@H]4CCCC[C@H]4O)sc3c2)c1Cl	Colony Stimulating?Factor?1	133	ChEMBL	4EXP			
Cc1nc(ccc1Oc1ccnc(c1)-c1cnn(C)c1)-c1cnc([nH]c1=O)N1CCOCC1	Colony Stimulating?Factor?1	134	ChEMBL	"3LCO,4DKD,4LIQ,6IG8"			
CCOc1cc(Oc2ccc3ncc(C)c(=O)n3c2)cnc1OCc1ccc(cc1)C1CC1	Colony Stimulating?Factor?1	134	US Patent	"3LCO,4DKD,4LIQ,6IG8"			
CCc1nn(Cc2cccc(C)n2)c2cccc(NC(=O)c3cnc4cc(ccn34)-c3cnc(C)n3C)c12	Colony Stimulating?Factor?1	134.6	US Patent	"4LIQ,6T2W,4DKD"			
CN1CCN(CCOc2ccn3c(cnc3c2)C(=O)Nc2cccc3n(Cc4ccc(F)cn4)nc(C4CC4)c23)CC1	Colony Stimulating?Factor?1	136.1	US Patent	"4LIQ,6T2W,4DKD"			
CCc1nn(Cc2cccc(C)n2)c2cccc(NC(=O)c3cnc4ccccn34)c12	Colony Stimulating?Factor?1	137	US Patent	"4LIQ,6T2W,4DKD"			
COc1cc(ccc1OCc1ccc(nc1)C(F)(F)F)C(C)n1c(N)nc2cc(cnc12)C#CCCO	Colony Stimulating?Factor?1	137	US Patent	"4LIQ,6T2W,4DKD"			
COc1cc(ccc1OCc1ccc(nc1)C(F)(F)F)C(C)n1c(N)nc2cc(cnc12)C#CCCO	Colony Stimulating?Factor?1	137	US Patent	"3LCO,4DKD,4LIQ,6IG8"			
COc1cc(ccc1OCc1ccc(cc1)C(F)(F)F)C(C)n1c(N)nc2cc(cnc12)-c1cn[nH]c1	Colony Stimulating?Factor?1	137	US Patent	"3LCO,4DKD,4LIQ,6IG8"			
COc1cc(ccc1OCc1ccc(nc1)C(F)(F)F)C(C)n1c(N)nc2cc(cnc12)C#CCCO	Colony Stimulating?Factor?1	137	US Patent	"3LCO,4DKD,4LIQ,6IG8"			
COCCOc1ccn2c(cnc2c1)C(=O)Nc1cccc2n(Cc3ccc(C)nc3)nc(OC)c12	Colony Stimulating?Factor?1	137.5	US Patent	"4LIQ,6T2W,4DKD"			
CCc1nn(Cc2cccc(OC)n2)c2cccc(NC(=O)c3cnc4ccccn34)c12	Colony Stimulating?Factor?1	138.2	US Patent	"4LIQ,6T2W,4DKD"			
COc1ccc(CSC(C)(C)c2ccc(NC(=O)c3ncc([nH]3)C#N)c(c2)C2=CCC(C)(C)CC2)cc1 |t:29|	Colony Stimulating?Factor?1	140	US Patent	4EXP			
OC1CCN(CC1)c1ccccc1NC(=O)c1ccc(o1)[N+]([O-])=O	Colony Stimulating?Factor?1	140	ChEMBL	"3LCO,4DKD,4LIQ,6IG8"			
FC(F)(F)c1cccc(c1)C(=O)Nc1ccc(Cl)c(c1)C(=O)Nc1cnc(s1)C1CC1	Colony Stimulating?Factor?1	140	ChEMBL	"3LCO,4DKD,4LIQ,6IG8"			
Cc1cc(on1)-c1c(-c2ccccc2)c2cc(Cl)ccc2[nH]c1=O	Colony Stimulating?Factor?1	140	ChEMBL	"3LCO,4DKD,4LIQ,6IG8"			
COc1ccc(cc1)-c1c(-c2cc(C)no2)c(=O)[nH]c2ccc(Cl)cc12	Colony Stimulating?Factor?1	140	ChEMBL	"3LCO,4DKD,4LIQ,6IG8"			
COc1ccc(COc2ccc(Cc3cnc(N)nc3N)cc2OC)cc1	Colony Stimulating?Factor?1	140	ChEMBL	"3LCO,4DKD,4LIQ,6IG8"			
COc1cc(Cn2cnc3cnccc23)cc2OCC(Oc12)c1ccc(nc1)C1CC1	Colony Stimulating?Factor?1	140	US Patent	"3LCO,4DKD,4LIQ,6IG8"			
COc1cnc2n(Cc3cc(OC)c4O[C@H](COc4c3)c3ccc(C)nc3)cnc2c1	Colony Stimulating?Factor?1	140	US Patent	"3LCO,4DKD,4LIQ,6IG8"			
Cc1cccc(Cn2nc(C3CC3)c3c(NC(=O)c4cnc5cc(OCCN6CCCC6)ccn45)cccc23)n1	Colony Stimulating?Factor?1	141	US Patent	"4LIQ,6T2W,4DKD"			
CCc1nn(Cc2cc(C)n(C)n2)c2cccc(NC(=O)c3cnc4cc(ccn34)-c3ccc(CN(C)C)o3)c12	Colony Stimulating?Factor?1	141.1	US Patent	"4LIQ,6T2W,4DKD"			
CCc1nn(Cc2cccc(C)n2)c2cccc(NC(=O)c3cnc4cc(CC)ccn34)c12	Colony Stimulating?Factor?1	141.2	US Patent	"4LIQ,6T2W,4DKD"			
CCc1nn(Cc2cccc(C)n2)c2cccc(NC(=O)c3cnc4cc(OCC5CNCCO5)ccn34)c12	Colony Stimulating?Factor?1	141.2	US Patent	"4LIQ,6T2W,4DKD"			
CO[C@H]1[C@@H](C[C@H]2O[C@@]1(C)n1c3ccccc3c3c4CNC(=O)c4c4c5ccccc5n2c4c13)N(C)C(=O)c1ccccc1	Colony Stimulating?Factor?1	142	ChEMBL	"3LCO,4DKD,4LIQ,6IG8"			
COc1ccc(cn1)C1COc2cc(Cc3cnc4cc(Cl)cnn34)cc(F)c2O1	Colony Stimulating?Factor?1	142	US Patent	"3LCO,4DKD,4LIQ,6IG8"			
CN(C)C1CCN(CC1)c1ccc(Nc2ncc(F)c(n2)-c2cc(F)c3OCCN(C4CCCC4)c3c2)cc1F	Colony Stimulating?Factor?1	142	US Patent	"3LCO,4DKD,4LIQ,6IG8"			
COc1ccc(COc2cnc(COc3nc(cnc3N)-c3cnn(C)c3)cc2OC)cc1	Colony Stimulating?Factor?1	143	ChEMBL	"3LCO,4DKD,4LIQ,6IG8"			
CC(C)(C)c1cc(NC(=O)Nc2ccc(NC(=O)c3cc(OC4CCNCC4)ccn3)cc2)no1	Colony Stimulating?Factor?1	145	ChEMBL	4EXP			
CCc1ccc(COc2ccc(cc2OC)C2CN(C2)C(=O)c2cccc(C)n2)cc1	Colony Stimulating?Factor?1	145	ChEMBL	"3LCO,4DKD,4LIQ,6IG8"			
CCc1nn(Cc2cccc(C)n2)c2cccc(NC(=O)c3cnc4cc(OCCN5CCOCC5)ccn34)c12	Colony Stimulating?Factor?1	145.1	US Patent	"4LIQ,6T2W,4DKD"			
COc1ccc(COc2ccc(Cc3cnc(N)nc3N)cc2OC)cc1	Colony Stimulating?Factor?1	148	ChEMBL	"3LCO,4DKD,4LIQ,6IG8"			
CN1CCN(CCOc2ccn3c(cnc3c2)C(=O)Nc2cccc3n(Cc4csc(C)n4)nc(C4CC4)c23)CC1	Colony Stimulating?Factor?1	148.5	US Patent	"4LIQ,6T2W,4DKD"			
CCN1CCN(Cc2ccc(cc2C(F)(F)F)C(=O)Nc2ccc(C)c(NC(=O)c3cnc4ccccn34)c2)CC1	Colony Stimulating?Factor?1	149	ChEMBL	4EXP			
CCNC(=O)c1c(OC)cc(cc1OC)-n1cnc2cc(ccc12)-c1cnn(C)c1	Colony Stimulating?Factor?1	149	ChEMBL	"4LIQ,6T2W,4DKD"			
Cc1cccc(Cn2nc(C3CC3)c3c(NC(=O)c4cnc5cc(OCCN6CCC6)ccn45)cccc23)n1	Colony Stimulating?Factor?1	149.8	US Patent	"4LIQ,6T2W,4DKD"			
O=C(Nc1ccccc1N1CCCCC1)c1cc(c[nH]1)C#N	Colony Stimulating?Factor?1	150	ChEMBL	"3LCO,4DKD,4LIQ,6IG8"			
CC1(C)CCC(=CC1)c1cc(ccc1NC(=O)c1ncc([nH]1)C#N)S(N)(=O)=O	Colony Stimulating?Factor?1	150	ChEMBL	4EXP			
NS(=O)(=O)c1ccc(NC(=O)c2ncc([nH]2)C#N)c(c1)C1=CCCCC1	Colony Stimulating?Factor?1	150	ChEMBL	4EXP			
CC(O)c1ccc(NC(=O)c2ncc([nH]2)C#N)c(c1)C1=CCC(C)(C)CC1	Colony Stimulating?Factor?1	150	ChEMBL	4EXP			
CC(=O)N1CCC(CC1)c1ccc(NC(=O)c2ncc([nH]2)C#N)c(c1)C1CCCN=C1	Colony Stimulating?Factor?1	150	ChEMBL	"3LCO,4DKD,4LIQ,6IG8"			
CC(C)(C)c1cc(NC(=O)Nc2ccc(NC(=O)c3ccc(OC4CCN(CC4)C4CC4)cn3)cc2)no1	Colony Stimulating?Factor?1	150	ChEMBL	4EXP			
COc1ccc(Oc2nc(Nc3ccc(nc3)N3CCOCC3)ncc2NC(=O)c2cc(OC)cc(OC)c2)cc1	Colony Stimulating?Factor?1	150	ChEMBL	"3LCO,4DKD,4LIQ,6IG8"			
COc1cc(Cc2cnc3cnccn23)cc2OCC(Oc12)c1ccc(nc1)C1CC1	Colony Stimulating?Factor?1	150	US Patent	"3LCO,4DKD,4LIQ,6IG8"			
COc1ccc(COc2ncc(Oc3ccc4ncc(N)c(=O)n4c3)cc2C)cc1	Colony Stimulating?Factor?1	150	US Patent	"3LCO,4DKD,4LIQ,6IG8"			
COc1ccc(COc2ccc(Cn3cnc4cc(ccc34)C3=CC4(O)CN3CCC4)cc2OC)cn1 |t:24|	Colony Stimulating?Factor?1	151	US Patent	"4LIQ,6T2W,4DKD"			
COc1ccc(COc2ccc(Cn3cnc4cc(ccc34)C3=CC4(O)CN3CCC4)cc2OC)cn1	Colony Stimulating?Factor?1	151	US Patent	"3LCO,4DKD,4LIQ,6IG8"			
COc1ccc(COc2ccc(Cn3cnc4cc(ccc34)C3=CC4(O)CN3CCC4)cc2OC)cn1	Colony Stimulating?Factor?1	151	US Patent	"3LCO,4DKD,4LIQ,6IG8"			
CCC(=O)N1CC[C@@H](C1)N1C(=O)N(Cc2cnc(Nc3ccc(N4CCN(C)CC4)c(C)c3)nc12)c1cccc(OC(F)(F)F)c1	Colony Stimulating?Factor?1	151	ChEMBL	"3LCO,4DKD,4LIQ,6IG8"			
COc1ccc(COc2ccc(Cn3cnc4cc(ccc34)C3=CC4(O)CN3CCC4)cc2OC)cn1	Colony Stimulating?Factor?1	151	US Patent	"3LCO,4DKD,4LIQ,6IG8"			
Cn1cc(cn1)-c1cc(Oc2ccc(NC(=O)NC(=O)Cc3ccc(F)cc3)cc2F)ccn1	Colony Stimulating?Factor?1	151	ChEMBL	"3LCO,4DKD,4LIQ,6IG8"			
CCc1nn(Cc2cccc(C)n2)c2cccc(NC(=O)c3cnc4cc(ccn34)N3CCN(CCO)CC3)c12	Colony Stimulating?Factor?1	152.3	US Patent	"4LIQ,6T2W,4DKD"			
CCNC(=O)c1c(OC)cc(cc1OC)-n1cnc2cc(ccc12)-c1cnn(CC(N)=O)c1	Colony Stimulating?Factor?1	153	ChEMBL	"4LIQ,6T2W,4DKD"			
CC(C)(C)c1cc(NC(=O)Nc2ccc(cc2)-n2nc(-c3ccc(OCCN4CCOCC4)cc3)c3c(N)ncnc23)no1	Colony Stimulating?Factor?1	154	ChEMBL	"3LCO,4DKD,4LIQ,6IG8"			
CCN(CC)CCNC(=O)c1c(C)[nH]c(\C=C2/C(=O)Nc3ccc(F)cc23)c1C	Colony Stimulating?Factor?1	155	ChEMBL	"3LCO,4DKD,4LIQ,6IG8"			
CNC(=O)c1cc(Oc2ccc3nc(N[C@@H]4CCCC[C@H]4O)sc3c2)ccn1	Colony Stimulating?Factor?1	155	ChEMBL	"3LCO,4DKD,4LIQ,6IG8"			
CCc1nn(Cc2cc(C)n(C)n2)c2cccc(NC(=O)c3cnc4cc(ccn34)-c3cnn(C)c3)c12	Colony Stimulating?Factor?1	155.8	US Patent	"4LIQ,6T2W,4DKD"			
CCc1nn(Cc2cccc(C)n2)c2cccc(NC(=O)c3cnc4cc(OCCN5CC[C@H](C5)OC)ccn34)c12 |r|	Colony Stimulating?Factor?1	155.9	US Patent	"4LIQ,6T2W,4DKD"			
CCc1nn(Cc2cccc(C)n2)c2cccc(NC(=O)c3cnc4cc(CCN5CCN(C)CC5)ccn34)c12	Colony Stimulating?Factor?1	157.4	US Patent	"4LIQ,6T2W,4DKD"			
CCc1nn(Cc2cccc(C)n2)c2cccc(NC(=O)c3cnc4cc(OCCN5CCN(CC5)C(C)C)ccn34)c12	Colony Stimulating?Factor?1	157.6	US Patent	"4LIQ,6T2W,4DKD"			
CN(C)C1CCN(CC#Cc2nn(C3CCCC3)c3nc(NCc4ccccc4)ncc23)C1	Colony Stimulating?Factor?1	159	ChEMBL	"4LIQ,6T2W,4DKD"			
Cc1cc(on1)C2=C(c3cc(ccc3NC2=O)Cl)c4ccccc4	Colony Stimulating?Factor?1	160	Curated from the literature by BindingDB	"4LIQ,6T2W,4DKD"			
COc1cc(ccc1OCc1ccc(nc1)C(F)(F)F)C(C)n1cnc2cc(ccc12)-c1cnn(C)c1	Colony Stimulating?Factor?1	160	US Patent	"4LIQ,6T2W,4DKD"			
Cc1cc(Nc2c(cnc3cc(ccc23)-c2ccncc2)C(N)=O)ccc1Cl	Colony Stimulating?Factor?1	160	ChEMBL	"3LCO,4DKD,4LIQ,6IG8"			
NC(=O)c1cnc2cc(ccc2c1Nc1cccc2[nH]ncc12)-c1ccncc1	Colony Stimulating?Factor?1	160	ChEMBL	"3LCO,4DKD,4LIQ,6IG8"			
NC(=O)c1cnc2cc(ccc2c1Nc1ccccc1)-c1ccc(N)cc1	Colony Stimulating?Factor?1	160	ChEMBL	"3LCO,4DKD,4LIQ,6IG8"			
CS(=O)(=O)c1ccc(cc1)-c1ccc2c(Nc3ccc(F)cc3)c(cnc2c1)C(N)=O	Colony Stimulating?Factor?1	160	ChEMBL	"3LCO,4DKD,4LIQ,6IG8"			
COc1cc(ccc1OCc1ccc(nc1)C(F)(F)F)C(C)n1cnc2cc(ccc12)-c1cnn(C)c1	Colony Stimulating?Factor?1	160	US Patent	"3LCO,4DKD,4LIQ,6IG8"			
COc1cc(ccc1OCc1ccc(nc1)C(F)(F)F)C(C)n1cnc2cc(ccc12)-c1cnn(C)c1	Colony Stimulating?Factor?1	160	US Patent	"3LCO,4DKD,4LIQ,6IG8"			
Cc1n[nH]c2nccc(-c3ccc(NC(=O)Nc4ccc(N5CCOCC5)c(C)c4)cc3)c12	Colony Stimulating?Factor?1	160	ChEMBL	"3LCO,4DKD,4LIQ,6IG8"			
COc1cc(NC(=O)c2ccc(F)c(c2)C#Cc2cc(cnc2N)-c2cnn(C)c2)cc(OC)c1	Colony Stimulating?Factor?1	160	ChEMBL	"3LCO,4DKD,4LIQ,6IG8"			
COc1cc(Cn2cnc3cccnc23)cc2OCC(Oc12)c1ccc(nc1)N1CCOCC1	Colony Stimulating?Factor?1	160	US Patent	"3LCO,4DKD,4LIQ,6IG8"			
COc1cc(ccc1OCc1ccc(nc1)C(F)(F)F)C(C)n1cnc2cc(ccc12)-c1cnn(C)c1	Colony Stimulating?Factor?1	160	US Patent	"3LCO,4DKD,4LIQ,6IG8"			
COc1ccc(COc2ccc(Cn3cnc4cc(ccc34)C3=CC4(C)CN3CCC4)cc2OC)cn1 |t:24|	Colony Stimulating?Factor?1	161	US Patent	"4LIQ,6T2W,4DKD"			
COc1ccc(COc2ccc(Cn3cnc4cc(ccc34)C3=CC4(C)CN3CCC4)cc2OC)cn1	Colony Stimulating?Factor?1	161	US Patent	"3LCO,4DKD,4LIQ,6IG8"			
COc1ccc(COc2ccc(Cn3cnc4cc(ccc34)C3=CC4(C)CN3CCC4)cc2OC)cn1	Colony Stimulating?Factor?1	161	US Patent	"3LCO,4DKD,4LIQ,6IG8"			
COc1ccc(COc2ccc(Cn3cnc4cc(ccc34)C3=CC4(C)CN3CCC4)cc2OC)cn1	Colony Stimulating?Factor?1	161	US Patent	"3LCO,4DKD,4LIQ,6IG8"			
CC(C)N1CCOc2c(F)cc(cc12)-c1nc(Nc2ccc(N3CCNCC3)c(c2)C#N)ncc1F	Colony Stimulating?Factor?1	163	US Patent	"3LCO,4DKD,4LIQ,6IG8"			
CCc1nn(Cc2cccc(C)n2)c2cccc(NC(=O)c3cnc4cc(OCCN5CC6CCC(C5)N6C)ccn34)c12	Colony Stimulating?Factor?1	163.5	US Patent	"4LIQ,6T2W,4DKD"			
CCc1nn(Cc2cccc(C)n2)c2cccc(NC(=O)c3cnc4cc(OC5CCN(C)CC5)ccn34)c12	Colony Stimulating?Factor?1	163.7	US Patent	"4LIQ,6T2W,4DKD"			
CN(C)c1ccc2c(Oc3ccc(NC(=O)Nc4ccc(Cl)cc4)cc3)ncnc2c1	Colony Stimulating?Factor?1	164	ChEMBL	"3LCO,4DKD,4LIQ,6IG8"			
CN1CCC(CC1)Nc1ccc(cc1)C(=O)Nc1cc([nH]n1)-c1ccc2ncn(Cc3ccccc3)c2c1	Colony Stimulating?Factor?1	164	ChEMBL	"3LCO,4DKD,4LIQ,6IG8"			
CCNc1ncc(-c2ccc(Oc3ccnc(c3)-c3ccc(C)nc3)c(C)n2)c(=O)[nH]1	Colony Stimulating?Factor?1	167	ChEMBL	"3LCO,4DKD,4LIQ,6IG8"			
CCc1nn(Cc2ccn(CC)n2)c2cccc(NC(=O)c3cnc4cc(OCCN5CCN(CC5)C(C)C)ccn34)c12	Colony Stimulating?Factor?1	167.7	US Patent	"4LIQ,6T2W,4DKD"			
N[C@H]1CCCN(C1)c1ncc(C(N)=O)c(Nc2cccc(c2)C(F)(F)F)n1	Colony Stimulating?Factor?1	168	ChEMBL	"3LCO,4DKD,4LIQ,6IG8"			
CC(C)(C)c1cc(NC(=O)Nc2ccc(NC(=O)c3ccc(OC4CCN(CC(F)(F)F)CC4)cn3)cc2)no1	Colony Stimulating?Factor?1	169	ChEMBL	4EXP			
OCC(O)COCc1ccc(N2CCCCC2)c(NC(=O)c2ccc(o2)C#N)c1	Colony Stimulating?Factor?1	170	ChEMBL	"3LCO,4DKD,4LIQ,6IG8"			
Cc1cc(on1)-c1c(-c2ccc(O)cc2)c2cc(Cl)ccc2[nH]c1=O	Colony Stimulating?Factor?1	170	ChEMBL	"3LCO,4DKD,4LIQ,6IG8"			
COc1cc(Cn2cnc3cccnc23)cc2OCC(Oc12)c1cnc2occc2c1	Colony Stimulating?Factor?1	170	US Patent	"3LCO,4DKD,4LIQ,6IG8"			
CCc1nn(Cc2cccc(C)n2)c2cccc(NC(=O)c3cnc4cc(ccn34)N3CCC(O)CC3)c12	Colony Stimulating?Factor?1	170.5	US Patent	"4LIQ,6T2W,4DKD"			
CC(=O)N1CCC2(CCN(C(=O)Nc3ccc(Oc4ccnc(c4)-c4cnn(C)c4)cn3)C2=O)CC1	Colony Stimulating?Factor?1	171	US Patent	"3LCO,4DKD,4LIQ,6IG8"			
CCc1nn(Cc2cccc(C)n2)c2cccc(NC(=O)c3cnc4cc(OCCN5CCN(C)CC5)ccn34)c12	Colony Stimulating?Factor?1	172.1	US Patent	"4LIQ,6T2W,4DKD"			
CCc1nn(Cc2cccc(C)n2)c2cccc(NC(=O)c3cnc4cc(OCCN5CCCC5)ccn34)c12	Colony Stimulating?Factor?1	172.6	US Patent	"4LIQ,6T2W,4DKD"			
CCc1nn(Cc2cccc(C)n2)c2cccc(NC(=O)c3cnc4cc(ccn34)N3CCCNCC3)c12	Colony Stimulating?Factor?1	173.7	US Patent	"4LIQ,6T2W,4DKD"			
CC(C)CN1CCOc2c(F)cc(cc12)-c1nc(Nc2ccc(C3CCN(C)CC3)c(F)c2)ncc1F	Colony Stimulating?Factor?1	174	US Patent	"3LCO,4DKD,4LIQ,6IG8"			
Nc1nccc(COc2ccc3nc(N[C@@H]4CCCC[C@H]4O)sc3c2Cl)c1Cl	Colony Stimulating?Factor?1	176	ChEMBL	"3LCO,4DKD,4LIQ,6IG8"			
CCc1nn(Cc2cccc(C)n2)c2cccc(NC(=O)c3cnc4cc(ccn34)-c3nnco3)c12	Colony Stimulating?Factor?1	176.2	US Patent	"4LIQ,6T2W,4DKD"			
CC(C)N1CC(C)Oc2c(F)cc(cc12)-c1nc(Nc2ccc(N3CCNCC3)c(F)c2)ncc1F	Colony Stimulating?Factor?1	177	US Patent	"3LCO,4DKD,4LIQ,6IG8"			
COc1cc(OCc2ccnc(N)n2)cc2sc(N[C@H]3CCCC[C@@H]3O)nc12	Colony Stimulating?Factor?1	178	ChEMBL	4EXP			
CCN1CCN(Cc2ccc(cc2C(F)(F)F)C(=O)Nc2ccc(C)c(NC(=O)c3cnc4cccnn34)c2)CC1	Colony Stimulating?Factor?1	178	ChEMBL	4EXP			
COc1ccc(cn1)C1COc2c(O1)c(F)cc(Cn1cnc3cc(cnc13)-c1cnn(C)c1)c2C1CC1	Colony Stimulating?Factor?1	178	US Patent	"3LCO,4DKD,4LIQ,6IG8"			
CCc1nn(Cc2nccs2)c2cccc(NC(=O)c3cnc4cc(OCCN5CCN(C)CC5)ccn34)c12	Colony Stimulating?Factor?1	178.8	US Patent	"4LIQ,6T2W,4DKD"			
[O-][N+](=O)c1c[nH]c(c1)C(=O)Nc1ccccc1N1CCCCC1	Colony Stimulating?Factor?1	180	ChEMBL	"3LCO,4DKD,4LIQ,6IG8"			
CN(c1cccc(C)c1)c1ncnc2n[nH]cc12	Colony Stimulating?Factor?1	180	ChEMBL	"3LCO,4DKD,4LIQ,6IG8"			
COc1cc2ncnc(N(C)c3cccc(C)c3)c2cc1OC	Colony Stimulating?Factor?1	180	ChEMBL	"3LCO,4DKD,4LIQ,6IG8"			
Clc1ccc2[nH]c(=O)c(-c3c[nH]cn3)c(-c3ccccc3)c2c1	Colony Stimulating?Factor?1	180	ChEMBL	"3LCO,4DKD,4LIQ,6IG8"			
CCOC(=O)c1nc2cnc(Nc3ccccc3)nc2n(-c2ccccc2)c1=O	Colony Stimulating?Factor?1	180	ChEMBL	"3LCO,4DKD,4LIQ,6IG8"			
NC(=O)c1cnc(Nc2ccccc2)cc1NCc1cccc(NC(=O)C=C)c1	Colony Stimulating?Factor?1	180	ChEMBL	"3LCO,4DKD,4LIQ,6IG8"			
COc1cc(Cn2cnc3cc(cnc23)-c2cn(C)cn2)cc2OCC(Oc12)C1CC1	Colony Stimulating?Factor?1	180	US Patent	"3LCO,4DKD,4LIQ,6IG8"			
OCc1ccc(cc1)-c1cc2c(NC(=O)c3ccccc3)ncnc2[nH]1	Colony Stimulating?Factor?1	180	ChEMBL	"4LIQ,6T2W,4DKD"			
CCCN1CC[C@@H](C1)N1C(=O)N(Cc2cnc(Nc3ccc(N4CCN(C)CC4)c(C)c3)nc12)c1ccccc1Cl	Colony Stimulating?Factor?1	181	ChEMBL	"3LCO,4DKD,4LIQ,6IG8"			
Nc1nccc(COc2ccc3nc(N[C@@H]4CCCC[C@H]4O)sc3c2)c1Cl	Colony Stimulating?Factor?1	183	ChEMBL	"3LCO,4DKD,4LIQ,6IG8"			
CCc1nn(Cc2cccc(C)n2)c2cccc(NC(=O)c3cnc4cc(OCCN5CC[C@@H](C5)OC)ccn34)c12 |r|	Colony Stimulating?Factor?1	183.3	US Patent	"4LIQ,6T2W,4DKD"			
CN1CCN(CCOc2ccn3c(cnc3c2)C(=O)Nc2cccc3n(Cc4cnc(C)s4)nc(I)c23)CC1	Colony Stimulating?Factor?1	183.3	US Patent	"4LIQ,6T2W,4DKD"			
CCc1nn(Cc2cccc(C)n2)c2cccc(NC(=O)c3cnc4cc(O[C@@H]5CCN(C)C5)ccn34)c12 |r|	Colony Stimulating?Factor?1	184.6	US Patent	"4LIQ,6T2W,4DKD"			
CCc1nn(Cc2cccc(C)n2)c2cccc(NC(=O)c3cnc4cc(ccn34)N3CC[C@@H](O)C3)c12 |r|	Colony Stimulating?Factor?1	184.6	US Patent	"4LIQ,6T2W,4DKD"			
CCc1nn(Cc2cccc(C)n2)c2cccc(NC(=O)c3cnc4cc(OC5CNC5)ccn34)c12	Colony Stimulating?Factor?1	187.4	US Patent	"4LIQ,6T2W,4DKD"			
CCc1nn(Cc2cccc(C)n2)c2cccc(NC(=O)c3cnc4cc(O[C@H]5CCN(C)C5)ccn34)c12 |r|	Colony Stimulating?Factor?1	188.2	US Patent	"4LIQ,6T2W,4DKD"			
Nc1nccc(COc2ccc3nc(N[C@@H]4CCCC[C@@H]4O)sc3c2)c1Cl	Colony Stimulating?Factor?1	189	ChEMBL	4EXP			
COC(=O)C(=O)Nc1cccc-2c1Cc1c-2n[nH]c1-c1csc(c1)C#CCOc1ccccc1	Colony Stimulating?Factor?1	190	ChEMBL	"3LCO,4DKD,4LIQ,6IG8"			
OCc1ccc(N2CCCCC2)c(NC(=O)c2ccc(o2)C#N)c1	Colony Stimulating?Factor?1	190	ChEMBL	"3LCO,4DKD,4LIQ,6IG8"			
COc1cc(Cn2cnc3cccnc23)cc2OCC(Oc12)c1ccc(nc1)C(F)F	Colony Stimulating?Factor?1	190	US Patent	"3LCO,4DKD,4LIQ,6IG8"			
COc1cc(Cn2cnc3cccnc23)cc2OC[C@H](Oc12)c1ccc(nc1)C(F)(F)F	Colony Stimulating?Factor?1	190	US Patent	"3LCO,4DKD,4LIQ,6IG8"			
COc1ccc(cn1)C1CCc2cc(Cn3cnc4cc(cnc34)-n3ccnc3C)cc(OC)c2O1	Colony Stimulating?Factor?1	190	US Patent	"3LCO,4DKD,4LIQ,6IG8"			
COc1ccc(cn1)C1CCc2cc(Cc3cnn4cc(ccc34)-n3ccnc3C)cc(OC)c2O1	Colony Stimulating?Factor?1	190	US Patent	"3LCO,4DKD,4LIQ,6IG8"			
Nc1nccc(COc2cc(Cl)c3nc(N[C@@H]4CCCC[C@H]4O)sc3c2)c1Cl	Colony Stimulating?Factor?1	191	ChEMBL	"3LCO,4DKD,4LIQ,6IG8"			
CCc1nn(Cc2cccc(C)n2)c2cccc(NC(=O)c3cnc4cc(CN5CCNCC5)ccn34)c12	Colony Stimulating?Factor?1	191.3	US Patent	"4LIQ,6T2W,4DKD"			
NS(=O)(=O)c1ccc(CNc2nc(Nc3cccc(CN4CCOCC4)c3)ncc2Br)cc1	Colony Stimulating?Factor?1	192	ChEMBL	"3LCO,4DKD,4LIQ,6IG8"			
CCc1nn(Cc2cccc(C)n2)c2cccc(NC(=O)c3cnc4cc(OCCO)ccn34)c12	Colony Stimulating?Factor?1	192.4	US Patent	"4LIQ,6T2W,4DKD"			
Cn1cc(cn1)-c1cnc2n(Cc3ccc4OC(CNC(=O)C(F)(F)F)COc4c3)cnc2c1	Colony Stimulating?Factor?1	193	US Patent	"3LCO,4DKD,4LIQ,6IG8"			
CCc1nn(Cc2ccn(CC)n2)c2cccc(NC(=O)c3cnc4cc(OCCN5CCCC5)ccn34)c12	Colony Stimulating?Factor?1	193.5	US Patent	"4LIQ,6T2W,4DKD"			
Nc1nccc(COc2ccc3nc(N[C@@H]4CCCC[C@H]4O)sc3c2F)c1Cl	Colony Stimulating?Factor?1	194	ChEMBL	4EXP			
CCNC(=O)c1c(OC)cc(cc1OC(F)F)-n1cnc2cc(ccc12)-c1cnn(CC)c1	Colony Stimulating?Factor?1	194	ChEMBL	"4LIQ,6T2W,4DKD"			
CN1CCC(CC1)Oc1ccn2c(cnc2c1)C(=O)Nc1cccc2n(Cc3cccc(C)n3)nc(C3CC3)c12	Colony Stimulating?Factor?1	198.2	US Patent	"4LIQ,6T2W,4DKD"			
CS(=O)(=O)c1ccc(cc1)-c1ccc2c(Nc3ccc(F)c(F)c3)c(cnc2c1)C(N)=O	Colony Stimulating?Factor?1	200	ChEMBL	"3LCO,4DKD,4LIQ,6IG8"			
CCS(=O)(=O)c1ccc(cc1)-c1ccc2c(Nc3ccccc3)c(cnc2c1)C(N)=O	Colony Stimulating?Factor?1	200	ChEMBL	"3LCO,4DKD,4LIQ,6IG8"			
NCc1ccc(N2CCCCC2)c(NC(=O)c2ccc(o2)C#N)c1	Colony Stimulating?Factor?1	200	ChEMBL	"3LCO,4DKD,4LIQ,6IG8"			
COc1cc2ncc(C(N)=O)c(Nc3ccc(F)cc3Cl)c2cc1OC	Colony Stimulating?Factor?1	200	ChEMBL	"3LCO,4DKD,4LIQ,6IG8"			
CCn1cc(NC(=O)Cn2cc(Oc3ncnc4cc(OC)c(OC)cc34)cn2)cn1	Colony Stimulating?Factor?1	200	ChEMBL	"3LCO,4DKD,4LIQ,6IG8"			
CC(C)c1ccc(cc1)-c1c(-c2cc(C)no2)c(=O)[nH]c2ccc(Cl)cc12	Colony Stimulating?Factor?1	200	ChEMBL	"3LCO,4DKD,4LIQ,6IG8"			
CC(C)(Nc1ccccn1)c1ccc(NC(=O)c2ncc([nH]2)C#N)c(c1)C1=CCC(C)(C)CC1	Colony Stimulating?Factor?1	200	ChEMBL	4EXP			
CCn1cc(NC(=O)Cc2ccc(Oc3ccnc4ccc(OC)cc34)cc2OC)cn1	Colony Stimulating?Factor?1	200	ChEMBL	"3LCO,4DKD,4LIQ,6IG8"			
COc1ccc2c(Oc3ccc(CC(=O)Nc4cn(C)nc4C)c(OC)c3)ccnc2c1	Colony Stimulating?Factor?1	200	ChEMBL	"3LCO,4DKD,4LIQ,6IG8"			
CCOc1cc2nccc(Oc3cnc(CC(=O)Nc4[nH]nc(CC)c4C)c(OC)c3)c2cc1OC	Colony Stimulating?Factor?1	200	ChEMBL	"3LCO,4DKD,4LIQ,6IG8"			
COc1cnc2n(Cc3cc(OC)c4O[C@@H]([C@@H](C)Oc4c3)c3ccc(OC)nc3)cnc2c1	Colony Stimulating?Factor?1	200	US Patent	"3LCO,4DKD,4LIQ,6IG8"			
CCc1nn(Cc2ccc(F)cn2)c2cccc(NC(=O)c3cnc4cc(OCCN5CCN(C)CC5)ccn34)c12	Colony Stimulating?Factor?1	200.7	US Patent	"4LIQ,6T2W,4DKD"			
CN(C)c1ccc2c(Oc3ccc(NC(=O)NCc4ccn(C)n4)cc3)ncnc2c1	Colony Stimulating?Factor?1	204	ChEMBL	"3LCO,4DKD,4LIQ,6IG8"			
CCc1nn(Cc2cccc(C)n2)c2cccc(NC(=O)c3cnc4cc(ccn34)N3CCNC(=O)C3)c12	Colony Stimulating?Factor?1	204.9	US Patent	"4LIQ,6T2W,4DKD"			
CC1(C)CCC(=CC1)c1cc(ccc1NC(=O)c1nc(c[nH]1)C#N)C1(O)CC(C)(C)N(CC(F)(F)F)C(C)(C)C1	Colony Stimulating?Factor?1	210	US Patent	4EXP			
O=C(Nc1ccc(cc1C1=CCCCC1)S(=O)(=O)N1CCOCC1)c1ncc([nH]1)C#N	Colony Stimulating?Factor?1	210	ChEMBL	4EXP			
COc1cnc2n(Cc3cc(OC)c4OC(COc4c3)c3cnc(C)cc3C)cnc2c1	Colony Stimulating?Factor?1	210	US Patent	"3LCO,4DKD,4LIQ,6IG8"			
COc1ccc(cn1)C1CCc2cc(Cn3cnc4cc(cnc34)C#CC(C)(C)N)ccc2O1	Colony Stimulating?Factor?1	210	US Patent	"3LCO,4DKD,4LIQ,6IG8"			
CC(=O)Nc1cc(Oc2ccc(NC(=O)Cc3ccccc3C(F)(F)F)cc2)ncn1	Colony Stimulating?Factor?1	212	ChEMBL	"3LCO,4DKD,4LIQ,6IG8"			
COc1ccc(COc2ccc(Cn3c(N)nc4cc(cnc34)C#CC3CCCCC3)cc2OC)cn1	Colony Stimulating?Factor?1	213	US Patent	"4LIQ,6T2W,4DKD"			
COc1ccc(COc2ccc(Cn3c(N)nc4cc(cnc34)C#CC3CCCCC3)cc2OC)cn1	Colony Stimulating?Factor?1	213	US Patent	"3LCO,4DKD,4LIQ,6IG8"			
COc1ccc(COc2ccc(Cn3c(N)nc4cc(cnc34)C#CC3CCCCC3)cc2OC)cn1	Colony Stimulating?Factor?1	213	US Patent	"3LCO,4DKD,4LIQ,6IG8"			
COc1ccc(COc2ccc(Cn3c(N)nc4cc(cnc34)C#CC3CCCCC3)cc2OC)cn1	Colony Stimulating?Factor?1	213	US Patent	"3LCO,4DKD,4LIQ,6IG8"			
CC(C)N1CCOc2c(F)cc(cc12)-c1nc(Nc2ccc(cn2)C2CCN(CC2)C(=O)CN(C)C)ncc1F	Colony Stimulating?Factor?1	214	US Patent	"3LCO,4DKD,4LIQ,6IG8"			
COc1cc(OCc2ccnc(N)n2)cc2sc(N[C@H]3CCCC[C@@H]3O)nc12	Colony Stimulating?Factor?1	215	ChEMBL	"3LCO,4DKD,4LIQ,6IG8"			
Cc1oncc1NC(=O)c1ccccc1C	Colony Stimulating?Factor?1	216	ChEMBL	"3LCO,4DKD,4LIQ,6IG8"			
CCc1nn(Cc2cccc(C)n2)c2cccc(NC(=O)c3cnc4cc(CCN5CC(F)C5)ccn34)c12	Colony Stimulating?Factor?1	217.3	US Patent	"4LIQ,6T2W,4DKD"			
CCc1nn(Cc2cccc(C)n2)c2cccc(NC(=O)c3cnc4cc(SCCNC(C)=O)ccn34)c12	Colony Stimulating?Factor?1	217.8	US Patent	"4LIQ,6T2W,4DKD"			
CCc1nn(Cc2cccc(C)n2)c2cccc(NC(=O)c3cnc4cc(ccn34)N3CC[C@H](O)C3)c12 |r|	Colony Stimulating?Factor?1	218.7	US Patent	"4LIQ,6T2W,4DKD"			
COc1cc(NC(=O)c2ccc(C)c(c2)C#Cc2cccnc2)cc(OC)c1	Colony Stimulating?Factor?1	219	ChEMBL	"3LCO,4DKD,4LIQ,6IG8"			
CCc1nn(Cc2cccc(C)n2)c2cccc(NC(=O)c3cnc4cc(OCCN5CC[C@H](F)C5)ccn34)c12 |r|	Colony Stimulating?Factor?1	219.3	US Patent	"4LIQ,6T2W,4DKD"			
Cc1cc(on1)-c1c(C2=CCCCC2)c2cc(Cl)ccc2[nH]c1=O	Colony Stimulating?Factor?1	220	ChEMBL	"3LCO,4DKD,4LIQ,6IG8"			
Cc1ccc(nc1)C(=O)Nc1ccc(NC(=O)Nc2cc(on2)C(C)(C)C)cc1	Colony Stimulating?Factor?1	223	ChEMBL	4EXP			
CN1CCN(Cc2ccc(cc2C(F)(F)F)C(=O)Nc2ccc(C)c(OC3CCN(CC3)C(=O)c3ccc(C)nc3)c2)CC1	Colony Stimulating?Factor?1	227	ChEMBL	"3LCO,4DKD,4LIQ,6IG8"			
Cc1cccc(Cn2nc(C3CC3)c3c(NC(=O)c4cnc5cc(O)ccn45)cccc23)n1	Colony Stimulating?Factor?1	227.05	US Patent	"4LIQ,6T2W,4DKD"			
Nc1nccc(COc2ccc3nc(NC4CCCCC4)sc3c2)c1Cl	Colony Stimulating?Factor?1	228	ChEMBL	4EXP			
OCCC1CCN(CC1)c1ccccc1NC(=O)c1ccc(o1)[N+]([O-])=O	Colony Stimulating?Factor?1	230	ChEMBL	"3LCO,4DKD,4LIQ,6IG8"			
CN1CCN(Cc2ccc(NC(=O)c3ccc(C)c(NC(=O)c4cccc(c4)-c4cccs4)c3)cc2Cl)CC1	Colony Stimulating?Factor?1	230	ChEMBL	"3LCO,4DKD,4LIQ,6IG8"			
COCc1ccc(cn1)C1COc2cc(Cn3cnc4cc(cnc34)C(F)F)cc(OC)c2O1	Colony Stimulating?Factor?1	230	US Patent	"3LCO,4DKD,4LIQ,6IG8"			
CN1CC(Oc2ccc(Cn3cnc4cc(cnc34)C#CC(C)(C)N)cc12)c1ccc(cc1)C(F)(F)F	Colony Stimulating?Factor?1	230	US Patent	"3LCO,4DKD,4LIQ,6IG8"			
CCc1nn(Cc2cccc(C)n2)c2cccc(NC(=O)c3cnc4cc(ccn34)-n3cnc(C)n3)c12	Colony Stimulating?Factor?1	232.2	US Patent	"4LIQ,6T2W,4DKD"			
CCc1nn(Cc2cccc(C)n2)c2cccc(NC(=O)c3cnc4cc(ccn34)-c3nncs3)c12	Colony Stimulating?Factor?1	232.6	US Patent	"4LIQ,6T2W,4DKD"			
CCN(CC)CCNC(=O)c1c(C)[nH]c(\C=C2/C(=O)Nc3cc(NC(=O)c4cc(on4)C(C)(C)C)ccc23)c1C	Colony Stimulating?Factor?1	233	ChEMBL	"3LCO,4DKD,4LIQ,6IG8"			
Cc1nn(CC(F)(F)F)cc1Nc1nccc(NCc2ccc(cc2)S(N)(=O)=O)n1	Colony Stimulating?Factor?1	233	ChEMBL	"3LCO,4DKD,4LIQ,6IG8"			
CCc1nn(Cc2cccc(C)n2)c2cccc(NC(=O)c3cnc4cc(ccn34)-n3cncn3)c12	Colony Stimulating?Factor?1	235.8	US Patent	"4LIQ,6T2W,4DKD"			
CCc1cccc(c1)-n1cc(C(=O)NOC)c(=O)c2cnc(Nc3ccc(cc3)C3CCN(C)CC3)nc12	Colony Stimulating?Factor?1	0.4	Curated from the literature by BindingDB	"4LIQ,6T2W,4DKD"			
CONC(=O)c1cn(C2CCC(C)(C)CC2)c2nc(Nc3ccc(cc3)C3CCN(C)CC3)ncc2c1=O	Colony Stimulating?Factor?1	0.4	Curated from the literature by BindingDB	"4LIQ,6T2W,4DKD"			
CC1CCC(=CC1)c1cc(ccc1NC(=O)c1ncc([nH]1)C#N)C1CCNCC1	Colony Stimulating?Factor?1	0.4	ChEMBL	"3LCO,4DKD,4LIQ,6IG8"			
CN1CC(CN(C)C1=NC#N)c1ccc(NC(=O)c2ncc([nH]2)C#N)c(c1)C1=CCC(C)(C)CC1	Colony Stimulating?Factor?1	0.4	ChEMBL	"3LCO,4DKD,4LIQ,6IG8"			
CN(C)CCNCc1ccc(cc1F)-c1cc2c(ncnc2[nH]1)N(C)Cc1ccccc1	Colony Stimulating?Factor?1	0.4	ChEMBL	"4LIQ,6T2W,4DKD"			
COCCOCCOCCOc1ccc(cc1)-c1cc2c(ncnc2[nH]1)N(C)Cc1cccc(C)c1	Colony Stimulating?Factor?1	0.4	ChEMBL	"4LIQ,6T2W,4DKD"			
CN(Cc1cccc(C)c1)c1ncnc2[nH]c(cc12)-c1ccc(C(O)=O)c(F)c1	Colony Stimulating?Factor?1	0.4	ChEMBL	"4LIQ,6T2W,4DKD"			
CN(Cc1cccc(C)c1)c1ncnc2[nH]c(cc12)-c1ccc(CCCCC(O)=O)cc1	Colony Stimulating?Factor?1	0.4	ChEMBL	"4LIQ,6T2W,4DKD"			
CN(Cc1cccc(C)c1)c1ncnc2[nH]c(cc12)-c1ccc(cc1)S(N)(=O)=O	Colony Stimulating?Factor?1	0.4	ChEMBL	"4LIQ,6T2W,4DKD"			
"CC1(C)CCC(=CC1)c1nc(ccc1NC(=O)c1ncc([nH]1)C#N)C1C[C@@](C)(CO)O[C@@](C)(CO)C1 |r,c:5|"	Colony Stimulating?Factor?1	0.41	US Patent	4EXP			
"CC1(C)CCC(=CC1)c1cc(ccc1NC(=O)c1nc(c[nH]1)[N+]#[C-])[C@]1(O)C[C@@]2(CO)CC[C@@](CO)(C1)O2 |r,c:5|"	Colony Stimulating?Factor?1	0.42	US Patent	4EXP			
CN(C)CCOC1(CCOCC1)c1ccc(NC(=O)c2ncc([nH]2)C#N)c(c1)C1=CCC(C)(C)CC1	Colony Stimulating?Factor?1	0.42	US Patent	4EXP			
CCN1Cc2c(O[C@@H](C)COC(=O)c3cnn4ccc1nc34)ccc(F)c2C#N	Colony Stimulating?Factor?1	0.42	US Patent	"4LIQ,6T2W,4DKD"			
"CC1(C)CCC(=CC1)c1cc(ccc1NC(=O)c1ncc([nH]1)C#N)[C@]1(O)C[C@]2(CO)O[C@](CO)(C1)C=C2 |r,c:5,39|"	Colony Stimulating?Factor?1	0.43	US Patent	4EXP			
COCCNC(C)(C)c1ccc(NC(=O)c2ncc([nH]2)C#N)c(c1)C1=CCC(C)(C)CC1 |t:26|	Colony Stimulating?Factor?1	0.44	US Patent	4EXP			
"CC1(C)CCC(=CC1)c1cc(ccc1NC(=O)c1ncc([nH]1)C#N)[C@H]1C[C@@]2(CO)CC[C@@](CO)(C1)O2 |r,c:5|"	Colony Stimulating?Factor?1	0.47	US Patent	4EXP			
CC1(C)CCC(=CC1)c1cc(ccc1NC(=O)c1nc(c[nH]1)C#N)C1(CO)CCOCC1	Colony Stimulating?Factor?1	0.49	US Patent	4EXP			
CCONC(=O)c1cn(-c2ccc3CCCc3c2)c2nc(Nc3ccc(CCN4CCN(C)CC4)cc3)ncc2c1=O	Colony Stimulating?Factor?1	0.5	Curated from the literature by BindingDB	"4LIQ,6T2W,4DKD"			
CC(C)ONC(=O)c1cn(-c2ccc3CCCc3c2)c2nc(Nc3ccc(CCN4CCN(C)CC4)cc3)ncc2c1=O	Colony Stimulating?Factor?1	0.5	Curated from the literature by BindingDB	"4LIQ,6T2W,4DKD"			
CONC(=O)c1cn(-c2ccc3CCCc3c2)c2nc(Nc3ccc(cc3)C3CCNCC3)ncc2c1=O	Colony Stimulating?Factor?1	0.5	Curated from the literature by BindingDB	"4LIQ,6T2W,4DKD"			
CC1(C)CCC(=CC1)c1cc(ccc1NC(=O)c1ncc([nH]1)C#N)C1(N)CCOCC1	Colony Stimulating?Factor?1	0.5	US Patent	4EXP			
CN1C(=O)CC(CC1=O)c1ccc(NC(=O)c2ncc([nH]2)C#N)c(c1)C1=CCCCC1	Colony Stimulating?Factor?1	0.5	ChEMBL	"3LCO,4DKD,4LIQ,6IG8"			
CN1CC(CN(C)C1=O)c1ccc(NC(=O)c2ncc([nH]2)C#N)c(c1)C1=CCCCC1	Colony Stimulating?Factor?1	0.5	ChEMBL	"3LCO,4DKD,4LIQ,6IG8"			
CN1CCN(Cc2ccc(cc2C(F)(F)F)C(=O)Nc2ccc(C)c(NC(=O)c3cccc(c3)-c3cn[nH]c3)c2)CC1	Colony Stimulating?Factor?1	0.5	ChEMBL	"3LCO,4DKD,4LIQ,6IG8"			
Cc1ccc(NC(=O)c2cccc(c2)C(F)(F)F)cc1NC(=O)c1cncc(c1)-c1cnn(C)c1	Colony Stimulating?Factor?1	0.5	ChEMBL	"3LCO,4DKD,4LIQ,6IG8"			
CN(CC1CCCC1)c1ncnc2[nH]c(nc12)-c1ccc(CO)cc1	Colony Stimulating?Factor?1	0.5	ChEMBL	"4LIQ,6T2W,4DKD"			
CN(Cc1cccc(C)c1)c1ncnc2[nH]c(cc12)-c1ccc(CO)cc1	Colony Stimulating?Factor?1	0.5	ChEMBL	"4LIQ,6T2W,4DKD"			
CN(Cc1cccc(C)n1)c1ncnc2[nH]c(cc12)-c1ccc(CO)cc1	Colony Stimulating?Factor?1	0.5	ChEMBL	"4LIQ,6T2W,4DKD"			
CN(Cc1cccc(C)c1)c1ncnc2[nH]c(cc12)-c1ccc(CO)cc1	Colony Stimulating?Factor?1	0.5	ChEMBL	"4LIQ,6T2W,4DKD"			
COCCNC(C)(C)c1ccc(NC(=O)c2ncc([nH]2)C#N)c(c1)C1=CCC(C)(C)CC1 |t:26|	Colony Stimulating?Factor?1	0.51	US Patent	4EXP			
CN(C)c1ccc2c(Oc3ccc(NC(=O)NCc4ccc(nc4)C(F)(F)F)cc3)ncnc2c1	Colony Stimulating?Factor?1	0.53	ChEMBL	"3LCO,4DKD,4LIQ,6IG8"			
Cn1cc(cn1)-c1cc(Oc2ccc(NC(=O)N3CCC4(CC4)C3=O)nc2)ccn1	Colony Stimulating?Factor?1	0.55	US Patent	"3LCO,4DKD,4LIQ,6IG8"			
CC1(C)CCC(=CC1)c1cc(ccc1NC(=O)c1nc(c[nH]1)C#N)C1(CCOCC1)C(O)=O	Colony Stimulating?Factor?1	0.56	US Patent	4EXP			
Cc1nc(Nc2ncc(s2)C(=O)Nc2c(C)cccc2Cl)cc(n1)N1CCN(CCO)CC1	Colony Stimulating?Factor?1	0.57	ChEMBL	"3LCO,4DKD,4LIQ,6IG8"			
CC(C)(N1CCCC1)c1ccc(NC(=O)c2ncc([nH]2)C#N)c(c1)C1=CCC(C)(C)CC1 |t:27|	Colony Stimulating?Factor?1	0.6	US Patent	4EXP			
CC1CCN(CC1)c1cc(ccc1NC(=O)c1ccc(o1)C#N)N1CCN(CCO)CC1	Colony Stimulating?Factor?1	0.6	ChEMBL	"3LCO,4DKD,4LIQ,6IG8"			
COCCNCC(C)(C)c1ccc(NC(=O)c2ncc([nH]2)C#N)c(c1)C1=CCC(C)(C)CC1	Colony Stimulating?Factor?1	0.6	ChEMBL	"3LCO,4DKD,4LIQ,6IG8"			
COCCNC(C)(C)c1ccc(NC(=O)c2ncc([nH]2)C#N)c(c1)C1=CCC(C)(C)CC1	Colony Stimulating?Factor?1	0.6	ChEMBL	"3LCO,4DKD,4LIQ,6IG8"			
CN(Cc1cccc(C)c1)c1ncnc2[nH]c(cc12)-c1cccc(c1)C(O)=O	Colony Stimulating?Factor?1	0.6	ChEMBL	"4LIQ,6T2W,4DKD"			
CC(C)(N)CC(=O)N1CCC(CC1)c1ccc(NC(=O)c2ncc([nH]2)C#N)c(c1)C1=CCCCC1	Colony Stimulating?Factor?1	0.62	ChEMBL	"3LCO,4DKD,4LIQ,6IG8"			
Cc1cccc(Cn2nc(C3CC3)c3c(NC(=O)c4cnc5cc(OCCN6CCS(=O)(=O)CC6)ccn45)cccc23)n1	Colony Stimulating?Factor?1	238.7	US Patent	"4LIQ,6T2W,4DKD"			
Cc1cc(on1)-c1c(-c2cccc(C)c2)c2cc(Cl)ccc2[nH]c1=O	Colony Stimulating?Factor?1	240	ChEMBL	"3LCO,4DKD,4LIQ,6IG8"			
COc1ccc(cn1)C1COc2cc(Cn3cnc4ccnnc34)cc(OC)c2O1	Colony Stimulating?Factor?1	240	US Patent	"3LCO,4DKD,4LIQ,6IG8"			
COc1cc(OCc2ccnc(N)c2Cl)cc2sc(N[C@@H]3CCCC[C@H]3O)nc12	Colony Stimulating?Factor?1	243	ChEMBL	"3LCO,4DKD,4LIQ,6IG8"			
CN(C)c1ccc2c(Nc3ccc(NC(=O)Nc4ccccc4)cc3)ncnc2c1	Colony Stimulating?Factor?1	243	ChEMBL	"3LCO,4DKD,4LIQ,6IG8"			
CNC(=O)c1cc(Oc2ccc3nc(N[C@H]4CCCC[C@H]4O)sc3c2)ccn1	Colony Stimulating?Factor?1	245	ChEMBL	4EXP			
CN1CCC(CC1)Nc1ccc(cc1)C(=O)Nc1cc(n[nH]1)-c1ccc2OCOc2c1	Colony Stimulating?Factor?1	247	ChEMBL	"3LCO,4DKD,4LIQ,6IG8"			
NC(=O)c1cnc2cc(ccc2c1Nc1ccccc1)-c1ccccc1	Colony Stimulating?Factor?1	250	ChEMBL	"3LCO,4DKD,4LIQ,6IG8"			
CC1CCN(CC1)c1ccc(CO)cc1NC(=O)c1ccc(o1)C#N	Colony Stimulating?Factor?1	250	ChEMBL	"3LCO,4DKD,4LIQ,6IG8"			
Cc1cc(on1)-c1c(-c2ccccc2)c2cc(F)ccc2[nH]c1=O	Colony Stimulating?Factor?1	250	ChEMBL	"3LCO,4DKD,4LIQ,6IG8"			
CCOC(=O)c1cn(-c2ccc3CCCc3c2)c2nc(Nc3ccc(cc3)N3CCN(C)CC3)ncc2c1=O	Colony Stimulating?Factor?1	250	ChEMBL	"3LCO,4DKD,4LIQ,6IG8"			
COc1cc(ccc1OCc1ccc(cc1)C1CC1)C1CN(C1)C(=O)c1cc(OCCCC(O)=O)ccn1	Colony Stimulating?Factor?1	250	ChEMBL	4EXP			
CC(C)N1CCOc2c(F)cc(cc12)-c1nc(Nc2ccc(cc2F)N2CCNCC2)ncc1F	Colony Stimulating?Factor?1	250	US Patent	"3LCO,4DKD,4LIQ,6IG8"			
CCc1nn(Cc2cccc(C)n2)c2cccc(NC(=O)c3cnc4cc(ccn34)-c3cnc4CNCCn34)c12	Colony Stimulating?Factor?1	250.1	US Patent	"4LIQ,6T2W,4DKD"			
COc1ccc(cn1)C1COc2cc(Cn3cnc4cc(cnc34)C3CNC3)cc(OC)c2O1	Colony Stimulating?Factor?1	251	US Patent	"3LCO,4DKD,4LIQ,6IG8"			
COC(=O)c1ccc(cc1)-c1cc2c(ncnc2[nH]1)N(C)Cc1cccc(C)c1	Colony Stimulating?Factor?1	253	ChEMBL	"4LIQ,6T2W,4DKD"			
CCN1CCN(Cc2ccc(cc2C(F)(F)F)C(=O)Nc2ccc(C)c(NC(=O)c3n[nH]c4ncccc34)c2)CC1	Colony Stimulating?Factor?1	254	ChEMBL	4EXP			
CCc1nn(Cc2csc(C)n2)c2cccc(NC(=O)c3cnc4cc(OCCN5CCN(C)CC5)ccn34)c12	Colony Stimulating?Factor?1	259.5	US Patent	"4LIQ,6T2W,4DKD"			
[O-][N+](=O)c1ccc(o1)C(=O)Nc1ccccc1N1C=CC=CC=C1	Colony Stimulating?Factor?1	260	ChEMBL	"3LCO,4DKD,4LIQ,6IG8"			
COc1cnc2n(Cc3cc(OC)c4OC(COc4c3)c3cnc(OC)cc3C)cnc2c1	Colony Stimulating?Factor?1	260	US Patent	"3LCO,4DKD,4LIQ,6IG8"			
COc1cc(NC(=O)c2ccc(OC)c(c2)C#Cc2cc(cnc2N)-c2cnn(C)c2)cc(OC)c1	Colony Stimulating?Factor?1	263	ChEMBL	"3LCO,4DKD,4LIQ,6IG8"			
Cc1nn(CC(F)(F)F)cc1Nc1ncc(Br)c(NCc2ccc(cc2)S(N)(=O)=O)n1	Colony Stimulating?Factor?1	264	ChEMBL	"3LCO,4DKD,4LIQ,6IG8"			
CCc1nn(Cc2cccc(C)n2)c2cccc(NC(=O)c3cnc4cc(ccn34)C(=O)NC3CCNC3)c12	Colony Stimulating?Factor?1	264.6	US Patent	"4LIQ,6T2W,4DKD"			
CN1CCN(CCOc2ccn3c(cnc3c2)C(=O)Nc2cccc3n(Cc4cccn(C)c4=O)nc(C4CC4)c23)CC1	Colony Stimulating?Factor?1	266.9	US Patent	"4LIQ,6T2W,4DKD"			
CCc1nn(Cc2ccn(CC)n2)c2cccc(NC(=O)c3cnc4cc(OC5CCN(C)CC5)ccn34)c12	Colony Stimulating?Factor?1	267.7	US Patent	"4LIQ,6T2W,4DKD"			
COc1cc(ccc1OCc1ccc(cc1)C1CC1)C1CN(C1)C(=O)c1cc(OCCCC(C)(C)C(O)=O)ccn1	Colony Stimulating?Factor?1	270	ChEMBL	4EXP			
CNC(=O)Nc1nccc(COc2cc(OC)c3nc(N[C@H]4CCCC[C@@H]4O)sc3c2)n1	Colony Stimulating?Factor?1	270	ChEMBL	4EXP			
COc1cc(Cn2cnc3cc(cnc23)C2CC2)cc2OCC(Oc12)c1cnn(C)c1	Colony Stimulating?Factor?1	270	US Patent	"3LCO,4DKD,4LIQ,6IG8"			
COc1ccc(cn1)C1CCc2cc(Cn3cnc4cc(cnc34)C#CC(C)(C)N)cc(F)c2O1	Colony Stimulating?Factor?1	270	US Patent	"3LCO,4DKD,4LIQ,6IG8"			
Cc1cccc(Cn2nc(C3CC3)c3c(NC(=O)c4cnc5cc(OCCN6CC7CCC(C6)O7)ccn45)cccc23)n1	Colony Stimulating?Factor?1	271.3	US Patent	"4LIQ,6T2W,4DKD"			
COc1ccc(Oc2nc(Nc3ccc(nc3)N3CCOCC3)ncc2NC(=O)c2cc(OC)cc(OC)c2)cc1	Colony Stimulating?Factor?1	273	ChEMBL	"3LCO,4DKD,4LIQ,6IG8"			
CN(c1ccc2c(C)n(C)nc2c1)c1ccnc(Nc2ccc(C)c(c2)S(N)(=O)=O)n1	Colony Stimulating?Factor?1	274	ChEMBL	"3LCO,4DKD,4LIQ,6IG8"			
CN(Cc1cccc(C)c1)c1ncnc2[nH]c(cc12)-c1ccc(cc1)C(F)(F)F	Colony Stimulating?Factor?1	274	ChEMBL	"4LIQ,6T2W,4DKD"			
CCc1nn(Cc2cccc(C)n2)c2cccc(NC(=O)c3cnc4cc(CCCN5CCN(C)CC5)ccn34)c12	Colony Stimulating?Factor?1	274.8	US Patent	"4LIQ,6T2W,4DKD"			
CCOc1cc(Oc2ccc3ncc(OC)nc3c2C#N)ccc1OCc1ccc(OC)cc1	Colony Stimulating?Factor?1	275	US Patent	"3LCO,4DKD,4LIQ,6IG8"			
COc1cc(Nc2ccc3ncc(nc3c2C#N)N2CCOCC2)ccc1OCc1cccnc1	Colony Stimulating?Factor?1	275	US Patent	"3LCO,4DKD,4LIQ,6IG8"			
COc1ccc(COc2ccc(Nc3ccc4ncc(OC(C)C)nc4c3C#N)cc2OC)cn1	Colony Stimulating?Factor?1	275	US Patent	"3LCO,4DKD,4LIQ,6IG8"			
COc1cc(Nc2ccc3ncc(nc3c2C#N)N2CCOCC2)ccc1OCc1ccoc1	Colony Stimulating?Factor?1	275	US Patent	"3LCO,4DKD,4LIQ,6IG8"			
COc1cc(Nc2ccc3ncc(nc3c2C#N)N2CCOCC2)ccc1OCc1ccco1	Colony Stimulating?Factor?1	275	US Patent	"3LCO,4DKD,4LIQ,6IG8"			
COc1cc(Nc2ccc3ncc(nc3c2C#N)N2CCOCC2)ccc1OCc1cnc(C)nc1	Colony Stimulating?Factor?1	275	US Patent	"3LCO,4DKD,4LIQ,6IG8"			
COc1cnc2ccc(Nc3ccc(OCc4ccc(OC)c(c4)C#N)c(OC)c3)c(C#N)c2n1	Colony Stimulating?Factor?1	275	US Patent	"3LCO,4DKD,4LIQ,6IG8"			
COc1cc(Nc2ccc3ncc(nc3c2C#N)N2CCOCC2)ccc1OCC1=C[N](O)=C(C)C=C1	Colony Stimulating?Factor?1	275	US Patent	"3LCO,4DKD,4LIQ,6IG8"			
COc1ccc(COc2ccc(Nc3ccc4ncc(OC)nc4c3)cc2OC)cc1	Colony Stimulating?Factor?1	275	US Patent	"3LCO,4DKD,4LIQ,6IG8"			
COc1ccc(COc2ccc(Nc3ccc4ncc(OCCN(C)C)nc4c3C#N)cc2OC)cc1	Colony Stimulating?Factor?1	275	US Patent	"3LCO,4DKD,4LIQ,6IG8"			
CCc1nn(Cc2cccc(C)n2)c2cccc(NC(=O)c3cnc4cc(OC[C@@H]5[C@@H](O)CCN5C)ccn34)c12 |r|	Colony Stimulating?Factor?1	275.1	US Patent	"4LIQ,6T2W,4DKD"			
CCc1nn(Cc2cccc(C)n2)c2cccc(NC(=O)c3cnc4cc(OCCN5CCNCC5)ccn34)c12	Colony Stimulating?Factor?1	276.2	US Patent	"4LIQ,6T2W,4DKD"			
CCc1nn(Cc2ccc(C)nc2)c2cccc(NC(=O)c3cnc4cc(OCCN5CCN(C)CC5)ccn34)c12	Colony Stimulating?Factor?1	276.2	US Patent	"4LIQ,6T2W,4DKD"			
C(CN1CCCC1)Oc1ccc2Nc3nccc(n3)-c3ccc(OC\C=C\COCc1c2)o3	Colony Stimulating?Factor?1	277	ChEMBL	"3LCO,4DKD,4LIQ,6IG8"			
CCc1nn(Cc2cccc(C)n2)c2cccc(NC(=O)c3cnc4cc(CCN5CC[C@@H](F)C5)ccn34)c12 |r|	Colony Stimulating?Factor?1	278.4	US Patent	"4LIQ,6T2W,4DKD"			
CCc1nn(Cc2cccc(C)n2)c2cccc(NC(=O)c3cnc4cc(OCC(O)CO)ccn34)c12	Colony Stimulating?Factor?1	280	US Patent	"4LIQ,6T2W,4DKD"			
O=c1[nH]c2ccc(cc2c(-c2ccccc2)c1-c1c[nH]cn1)C#N	Colony Stimulating?Factor?1	280	ChEMBL	"3LCO,4DKD,4LIQ,6IG8"			
NC(=O)c1cn(-c2ccc3CCCc3c2)c2nc(Nc3ccccc3)ncc2c1=O	Colony Stimulating?Factor?1	280	ChEMBL	"3LCO,4DKD,4LIQ,6IG8"			
COc1cc(Cn2cnc3cc(cnc23)C#CC(C)(C)N)cc2OCC(Oc12)c1cccnc1	Colony Stimulating?Factor?1	280	US Patent	"3LCO,4DKD,4LIQ,6IG8"			
COCCOc1ccn2c(cnc2c1)-c1ccc2cccc(O[C@@H]3CCNC[C@@H]3F)c2n1	Colony Stimulating?Factor?1	282	ChEMBL	"3LCO,4DKD,4LIQ,6IG8"			
Cc1cccc(Cn2nc(C3CC3)c3c(NC(=O)c4cnc5cc(Cl)ccn45)cccc23)n1	Colony Stimulating?Factor?1	283.7	US Patent	"4LIQ,6T2W,4DKD"			
CCc1nn(Cc2cccc(C)n2)c2cccc(NC(=O)c3cnc4cc(O[C@@H]5CNC[C@H]5O)ccn34)c12 |r|	Colony Stimulating?Factor?1	286.8	US Patent	"4LIQ,6T2W,4DKD"			
Nc1nccc(COc2cc(Cl)c3nc(N[C@@H]4CCCC[C@H]4O)sc3c2)c1Cl	Colony Stimulating?Factor?1	288	ChEMBL	4EXP			
CCCCC1COc2cc(Cn3cnc4cccnc34)cc(OC)c2O1	Colony Stimulating?Factor?1	290	US Patent	"3LCO,4DKD,4LIQ,6IG8"			
CN1CCN(Cc2ccc(cc2)C(=O)Nc2ccc(C)c(Nc3nccc(n3)-c3cccnc3)c2)CC1	Colony Stimulating?Factor?1	291	ChEMBL	"3LCO,4DKD,4LIQ,6IG8"			
Cn1cc(cn1)C1COc2cc(Cn3cnc4cc(cnc34)C#CC(C)(C)N)ccc2O1	Colony Stimulating?Factor?1	292	US Patent	"3LCO,4DKD,4LIQ,6IG8"			
CCN1CCC(CC1)Oc1ccnc(c1)C(=O)Nc1ccc(NC(=O)Nc2cc(on2)C(C)(C)C)cc1	Colony Stimulating?Factor?1	296	ChEMBL	4EXP			
CN(c1ccc2c(C)n(C)nc2c1)c1ccnc(Nc2ccc(C)c(c2)-c2nc3c(cccc3[nH]2)C(N)=O)n1	Colony Stimulating?Factor?1	299	ChEMBL	"4LIQ,6T2W,4DKD"			
Cc1cnc([nH]1)C(=O)Nc1ccc(CCN2CCOCC2)cc1C1=CCCCC1 |t:26|	Colony Stimulating?Factor?1	300	US Patent	4EXP			
CC1CCN(CC1)c1ccccc1NC(=O)c1ccc(o1)[N+]([O-])=O	Colony Stimulating?Factor?1	300	ChEMBL	"3LCO,4DKD,4LIQ,6IG8"			
COc1cccc(NC(=O)Cc2ccc(Oc3ncnc4cc(OC)c(OC)cc34)cc2)c1	Colony Stimulating?Factor?1	300	ChEMBL	"3LCO,4DKD,4LIQ,6IG8"			
COc1cccc(COc2ccc(Oc3ncnc4cc(OC)c(OC)cc34)cc2)c1	Colony Stimulating?Factor?1	300	ChEMBL	"3LCO,4DKD,4LIQ,6IG8"			
CC(C)c1cc(on1)-c1c(-c2ccccc2)c2cc(Cl)ccc2[nH]c1=O	Colony Stimulating?Factor?1	300	ChEMBL	"3LCO,4DKD,4LIQ,6IG8"			
OC(=O)CCc1ccc(NC(=O)c2ncc([nH]2)C#N)c(c1)C1=CCCCC1	Colony Stimulating?Factor?1	300	ChEMBL	4EXP			
O=C(Nc1ccc(Cc2nnn[nH]2)cc1C1=CCCCC1)c1ncc([nH]1)C#N	Colony Stimulating?Factor?1	300	ChEMBL	4EXP			
CC1(C)CCC(=CC1)c1cc(ccc1NC(=O)c1ncc([nH]1)C#N)-c1nnn[nH]1	Colony Stimulating?Factor?1	300	ChEMBL	4EXP			
CC1(C)CCC(=CC1)c1cc(ccc1NC(=O)c1ncc([nH]1)C#N)C(O)=O	Colony Stimulating?Factor?1	300	ChEMBL	4EXP			
c1ccc(cc1)-c1[nH]nc2c3ccccc3oc12	Colony Stimulating?Factor?1	300	ChEMBL	"3LCO,4DKD,4LIQ,6IG8"			
COc1cc2nccc(Oc3ccc(CC(=O)Nc4cn(C)nc4C)cc3)c2cc1OC	Colony Stimulating?Factor?1	300	ChEMBL	"3LCO,4DKD,4LIQ,6IG8"			
CCn1cc(NC(=O)Cc2ccc(Oc3ccnc4cc(OC)c(OC)cc34)cn2)cn1	Colony Stimulating?Factor?1	300	ChEMBL	"3LCO,4DKD,4LIQ,6IG8"			
Cn1cc(cn1)-c1cc(Oc2ccc(NC(=O)N3CCC4(CCNCC4)C3=O)nc2)ccn1	Colony Stimulating?Factor?1	300	US Patent	"3LCO,4DKD,4LIQ,6IG8"			
CN(CC1CCCO1)c1ncnc2[nH]c(nc12)-c1ccc(CO)cc1	Colony Stimulating?Factor?1	300	ChEMBL	4EXP			
CN(CC1CCOC1)c1ncnc2[nH]c(nc12)-c1ccc(CO)cc1	Colony Stimulating?Factor?1	300	ChEMBL	4EXP			
CN(CC1CCCCO1)c1ncnc2[nH]c(nc12)-c1ccc(CO)cc1	Colony Stimulating?Factor?1	300	ChEMBL	4EXP			
CN(CC1CCCN(C)C1)c1ncnc2[nH]c(nc12)-c1ccc(CO)cc1	Colony Stimulating?Factor?1	300	ChEMBL	4EXP			
CN(CC1CCN(Cc2ccccc2)CC1)c1ncnc2[nH]c(nc12)-c1ccc(CO)cc1	Colony Stimulating?Factor?1	300	ChEMBL	4EXP			
COCCOc1ccn2c(cnc2c1)-c1ccc2cccc(OCC3CCNC3)c2n1	Colony Stimulating?Factor?1	301	ChEMBL	"3LCO,4DKD,4LIQ,6IG8"			
C(Oc1ccc2nc(NC3CCCCC3)sc2c1)c1ccncc1	Colony Stimulating?Factor?1	303	ChEMBL	"3LCO,4DKD,4LIQ,6IG8"			
COc1ccc(cn1)C1COc2cc(Cc3cnn4ccccc34)ccc2O1	Colony Stimulating?Factor?1	304	US Patent	"3LCO,4DKD,4LIQ,6IG8"			
NS(=O)(=O)c1ccc(CNc2ccnc(Nc3cccc(NC(=O)N4CCCC4)c3)n2)cc1	Colony Stimulating?Factor?1	305	ChEMBL	"3LCO,4DKD,4LIQ,6IG8"			
Cc1cccc(Cn2nc(C3CC3)c3c(NC(=O)c4cnc5cc(OCCN6CCOCC6)ccn45)cccc23)n1	Colony Stimulating?Factor?1	305.2	US Patent	"4LIQ,6T2W,4DKD"			
CS(=O)(=O)NCc1ccc(N2CCCCC2)c(NC(=O)c2ccc(o2)C#N)c1	Colony Stimulating?Factor?1	310	ChEMBL	"3LCO,4DKD,4LIQ,6IG8"			
FC(F)(F)c1cccc(c1)C(=O)Nc1cccc(Nc2ccc3\C(=C\c4ccc[nH]4)C(=O)Nc3c2)c1	Colony Stimulating?Factor?1	310	ChEMBL	4EXP			
COc1cc(Cn2cnc3cccnc23)cc2OCC(Oc12)c1ccc(C)nc1	Colony Stimulating?Factor?1	310	US Patent	"3LCO,4DKD,4LIQ,6IG8"			
COc1cnc2n(Cc3cc(OC)c4OC(COc4c3)c3cnn(C)c3C)cnc2c1	Colony Stimulating?Factor?1	310	US Patent	"3LCO,4DKD,4LIQ,6IG8"			
CCc1nn(Cc2cccc(C)n2)c2cccc(NC(=O)c3cnc4cc(ccn34)C(=O)NCCN)c12	Colony Stimulating?Factor?1	310.6	US Patent	"4LIQ,6T2W,4DKD"			
COCCOc1ccn2c(cnc2c1)-c1ccc2cccc(OC3CCN(C)CC3)c2n1	Colony Stimulating?Factor?1	312	ChEMBL	"3LCO,4DKD,4LIQ,6IG8"			
CCc1nn(Cc2cc(C)n(C)n2)c2cccc(NC(=O)c3cnc4cc(OCCN5CCN(C)CC5)ccn34)c12	Colony Stimulating?Factor?1	313.5	US Patent	"4LIQ,6T2W,4DKD"			
Cc1ccc(cc1C#Cc1cc(cnc1N)-c1cnn(C)c1)C(=O)Nc1ccccc1Cl	Colony Stimulating?Factor?1	318	ChEMBL	"3LCO,4DKD,4LIQ,6IG8"			
NC(=O)c1cnc2cc(ccc2c1Nc1n[nH]c2ccccc12)-c1ccncc1	Colony Stimulating?Factor?1	320	ChEMBL	"3LCO,4DKD,4LIQ,6IG8"			
NC(=O)c1cnc2cc(ccc2c1Nc1ccccc1)-c1cccc(c1)C#N	Colony Stimulating?Factor?1	320	ChEMBL	"3LCO,4DKD,4LIQ,6IG8"			
Nc1cc(on1)-c1c(-c2ccccc2)c2cc(Cl)ccc2[nH]c1=O	Colony Stimulating?Factor?1	320	ChEMBL	"3LCO,4DKD,4LIQ,6IG8"			
COc1cc(Cn2cnc3cc(cnc23)-c2c(C)noc2C)cc2OCC(Oc12)C(C)C	Colony Stimulating?Factor?1	320	US Patent	"3LCO,4DKD,4LIQ,6IG8"			
COCc1ccc(cn1)C1COc2cc(Cn3cnc4cccnc34)cc(OC)c2O1	Colony Stimulating?Factor?1	320	US Patent	"3LCO,4DKD,4LIQ,6IG8"			
CCc1nn(Cc2ccn(CC)n2)c2cccc(NC(=O)c3cnc4cc(OCCN5CCOCC5)ccn34)c12	Colony Stimulating?Factor?1	325.9	US Patent	"4LIQ,6T2W,4DKD"			
COc1ccc(COc2ccc(Cn3c(N)nc4cc(ccc34)N3CCN(C)CC3=O)cc2OC)cn1	Colony Stimulating?Factor?1	330	US Patent	"4LIQ,6T2W,4DKD"			
O=Cc1ccc(N2CCCCC2)c(NC(=O)c2ccc(o2)C#N)c1	Colony Stimulating?Factor?1	330	ChEMBL	"3LCO,4DKD,4LIQ,6IG8"			
COc1ccc(COc2ccc(Cn3cnc4cc(ccc34)N3CCN(C)CC3=O)cc2OC)cn1	Colony Stimulating?Factor?1	330	US Patent	"3LCO,4DKD,4LIQ,6IG8"			
COc1ccc(COc2ccc(Cn3c(N)nc4cc(ccc34)N3CCN(C)CC3=O)cc2OC)cn1	Colony Stimulating?Factor?1	330	US Patent	"3LCO,4DKD,4LIQ,6IG8"			
COc1cc(Cn2cnc3cccnc23)cc2OCC(Oc12)c1cnc2OCCc2c1	Colony Stimulating?Factor?1	330	US Patent	"3LCO,4DKD,4LIQ,6IG8"			
COc1ccc(COc2ccc(Cn3c(N)nc4cc(ccc34)N3CCN(C)CC3=O)cc2OC)cn1	Colony Stimulating?Factor?1	330	US Patent	"3LCO,4DKD,4LIQ,6IG8"			
CN(Cc1ccccc1)c1ncnc2[nH]c(nc12)-c1ccc(CO)cc1	Colony Stimulating?Factor?1	330	ChEMBL	4EXP			
CCc1nn(Cc2ccnn2CC)c2cccc(NC(=O)c3cnc4ccccn34)c12	Colony Stimulating?Factor?1	331.8	US Patent	"4LIQ,6T2W,4DKD"			
CCc1nn(Cc2cccc(C)n2)c2cccc(NC(=O)c3cnc4cc(CN5CCN(C)CC5)ccn34)c12	Colony Stimulating?Factor?1	333.1	US Patent	"4LIQ,6T2W,4DKD"			
CN1CCN(Cc2ccc(cc2C(F)(F)F)C(=O)Nc2ccc(C)c(NC(=O)c3cccc(c3)-c3cnn(C)c3)c2)CC1	Colony Stimulating?Factor?1	337	ChEMBL	"3LCO,4DKD,4LIQ,6IG8"			
CNC(=O)c1cc(Oc2ccc(nc2)-c2cnc(NC(C)C)[nH]c2=O)ccn1	Colony Stimulating?Factor?1	337	ChEMBL	"3LCO,4DKD,4LIQ,6IG8"			
Cc1cc(on1)-c1c(C2CCCCC2)c2cc(Cl)ccc2[nH]c1=O	Colony Stimulating?Factor?1	340	ChEMBL	"3LCO,4DKD,4LIQ,6IG8"			
Cc1cc([o+][n-]1)-c1c(-c2ccccc2)c2cc(ccc2[nH]c1=O)[N+]([O-])=O	Colony Stimulating?Factor?1	340	ChEMBL	"3LCO,4DKD,4LIQ,6IG8"			
COc1cc(Cn2c(nc3cc(cnc23)-c2cccnc2)C([O-])=O)cc2OCC(C)Oc12	Colony Stimulating?Factor?1	340	US Patent	"3LCO,4DKD,4LIQ,6IG8"			
CCc1nn(Cc2cccc(C)n2)c2cccc(NC(=O)c3cnc4cc(O[C@H]5CNC[C@@H]5O)ccn34)c12 |r|	Colony Stimulating?Factor?1	341.5	US Patent	"4LIQ,6T2W,4DKD"			
Cn1cc(cn1)-c1cnc(N)c(NCc2c(Cl)cccc2Cl)n1	Colony Stimulating?Factor?1	345	ChEMBL	"3LCO,4DKD,4LIQ,6IG8"			
COc1cc(OCc2ccnc(N)c2Cl)cc2sc(N[C@@H]3CCCC[C@H]3O)nc12	Colony Stimulating?Factor?1	345	ChEMBL	4EXP			
CCc1nn(Cc2cccc(C)n2)c2cccc(NC(=O)c3cnc4cc(ccn34)C(=O)NC3CCN(C)C3)c12	Colony Stimulating?Factor?1	348.1	US Patent	"4LIQ,6T2W,4DKD"			
CN1CCN(Cc2ccc(NC(=O)c3ccc(C)c(NCc4cccc(c4)-c4cccs4)c3)cc2C(F)(F)F)CC1	Colony Stimulating?Factor?1	350	ChEMBL	"3LCO,4DKD,4LIQ,6IG8"			
CN(c1ccc2c(C)n(C)nc2c1)c1ccnc(Nc2ccc(cc2)C(=O)Nc2ccccc2N)n1	Colony Stimulating?Factor?1	351	ChEMBL	"3LCO,4DKD,4LIQ,6IG8"			
CC(C)N1CCOc2c(F)cc(cc12)-c1nc(Nc2ccc(cn2)C2CCN(C)CC2)ncc1F	Colony Stimulating?Factor?1	353	US Patent	"3LCO,4DKD,4LIQ,6IG8"			
CCc1nn(Cc2ccn(CC)n2)c2cccc(NC(=O)c3cnc4ccccn34)c12	Colony Stimulating?Factor?1	358.5	US Patent	"4LIQ,6T2W,4DKD"			
COc1ccc(COc2ccc(Cn3cnc4cc(ccc34)C3CCNCC3)cc2OC)cn1	Colony Stimulating?Factor?1	359	US Patent	"4LIQ,6T2W,4DKD"			
COc1ccc(COc2ccc(Cn3cnc4cc(ccc34)C3CCNCC3)cc2OC)cn1	Colony Stimulating?Factor?1	359	US Patent	"3LCO,4DKD,4LIQ,6IG8"			
COc1ccc(COc2ccc(Cn3cnc4cc(ccc34)C3CCNCC3)cc2OC)cn1	Colony Stimulating?Factor?1	359	US Patent	"3LCO,4DKD,4LIQ,6IG8"			
COc1ccc(COc2ccc(Cn3cnc4cc(ccc34)C3CCNCC3)cc2OC)cn1	Colony Stimulating?Factor?1	359	US Patent	"3LCO,4DKD,4LIQ,6IG8"			
[O-][N+](=O)c1ccc(o1)C(=O)Nc1ccccc1N1CCCCC1	Colony Stimulating?Factor?1	360	ChEMBL	"3LCO,4DKD,4LIQ,6IG8"			
Clc1ccc2[nH]c(=O)c(-c3ccc[nH]3)c(-c3ccccc3)c2c1	Colony Stimulating?Factor?1	360	ChEMBL	"3LCO,4DKD,4LIQ,6IG8"			
COc1cc(Cn2cnc3cc(cnc23)-c2cnn(C)c2)cc2O[C@H](C)[C@@H](Oc12)C1CC1	Colony Stimulating?Factor?1	360	US Patent	"3LCO,4DKD,4LIQ,6IG8"			
COc1cnc2n(Cc3cc(OC)c4OC(COc4c3)c3cnn(C)c3)cnc2c1	Colony Stimulating?Factor?1	360	US Patent	"3LCO,4DKD,4LIQ,6IG8"			
COc1cc(Cn2cnc3cc(cnc23)N2CCC2)cc2OCC(Oc12)c1cnn(C)c1	Colony Stimulating?Factor?1	360	US Patent	"3LCO,4DKD,4LIQ,6IG8"			
OC1CCN(CC1)c1ccccc1NC(=O)c1ccc(o1)[N+]([O-])=O	Colony Stimulating?Factor?1	370	ChEMBL	"3LCO,4DKD,4LIQ,6IG8"			
O=C(Nc1ccccc1N1CCCCC1)c1ccc(o1)C#N	Colony Stimulating?Factor?1	370	ChEMBL	"3LCO,4DKD,4LIQ,6IG8"			
Cc1ccc(NC(=O)c2cccc(c2)C(F)(F)F)cc1NC(=O)c1cccc(c1)-c1cnn(C)c1	Colony Stimulating?Factor?1	370	ChEMBL	"3LCO,4DKD,4LIQ,6IG8"			
CCc1nn(Cc2cccc(C)n2)c2cccc(NC(=O)c3cnc4cc(OCCN5CC[C@@H](F)C5)ccn34)c12 |r|	Colony Stimulating?Factor?1	371.1	US Patent	"4LIQ,6T2W,4DKD"			
CSc1ncc([nH]1)C(=O)Nc1ccc(CCN2CCOCC2)cc1C1=CCCCC1 |t:27|	Colony Stimulating?Factor?1	373	US Patent	4EXP			
COc1ccc(cn1)C1COc2cc(Cc3cnc(N)nc3N)ccc2O1	Colony Stimulating?Factor?1	373	US Patent	"3LCO,4DKD,4LIQ,6IG8"			
COc1ccc(COc2cc(F)c(Cn3cnc4cc(ccc34)N3CCN(C)CC3)cc2OC)cn1	Colony Stimulating?Factor?1	379	US Patent	"4LIQ,6T2W,4DKD"			
COc1ccc(COc2cc(F)c(Cn3cnc4cc(ccc34)N3CCN(C)CC3)cc2OC)cn1	Colony Stimulating?Factor?1	379	US Patent	"3LCO,4DKD,4LIQ,6IG8"			
COc1ccc(COc2cc(F)c(Cn3cnc4cc(ccc34)N3CCN(C)CC3)cc2OC)cn1	Colony Stimulating?Factor?1	379	US Patent	"3LCO,4DKD,4LIQ,6IG8"			
COc1ccc(COc2cc(F)c(Cn3cnc4cc(ccc34)N3CCN(C)CC3)cc2OC)cn1	Colony Stimulating?Factor?1	379	US Patent	"3LCO,4DKD,4LIQ,6IG8"			
CCc1nn(Cc2cccc(C)n2)c2cccc(NC(=O)c3cnc4cc(OCC5CN(CCO5)C(=O)OC(C)(C)C)ccn34)c12	Colony Stimulating?Factor?1	379.9	US Patent	"4LIQ,6T2W,4DKD"			
CCc1nn(Cc2cccc(C)n2)c2cccc(NC(=O)c3cnc4cc(OCC(F)(F)CN)ccn34)c12	Colony Stimulating?Factor?1	380	US Patent	"4LIQ,6T2W,4DKD"			
CC1CCCN(C1)c1ccccc1NC(=O)c1ccc(o1)[N+]([O-])=O	Colony Stimulating?Factor?1	380	ChEMBL	"3LCO,4DKD,4LIQ,6IG8"			
FC(F)(F)c1cccc(NC(=O)c2ccccc2NCc2ccncc2)c1	Colony Stimulating?Factor?1	380	ChEMBL	"3LCO,4DKD,4LIQ,6IG8"			
COc1ccc(cn1)C1COc2c(C)c(Cn3cnc4cc(cnc34)C#CC(C)(C)N)c(C)c(F)c2O1	Colony Stimulating?Factor?1	383	US Patent	"3LCO,4DKD,4LIQ,6IG8"			
COCCOc1ccn2c(cnc2c1)-c1ccc2cccc(O[C@@H]3CCNC[C@@H]3O)c2n1	Colony Stimulating?Factor?1	384	ChEMBL	"3LCO,4DKD,4LIQ,6IG8"			
CN1CCN(CC1)c1ccccc1NC(=O)c1ccc(o1)[N+]([O-])=O	Colony Stimulating?Factor?1	390	ChEMBL	"3LCO,4DKD,4LIQ,6IG8"			
CCc1nn(Cc2cccc(C)n2)c2cccc(NC(=O)c3cnc4cc(ccn34)-c3cnc4CN(C)CCn34)c12	Colony Stimulating?Factor?1	391.2	US Patent	"4LIQ,6T2W,4DKD"			
COc1ccc(COc2ccc(Cc3cnc(N)nc3N)cc2OC)cc1	Colony Stimulating?Factor?1	392	ChEMBL	4EXP			
CCc1nn(Cc2cccc(OCCCN)n2)c2cccc(NC(=O)c3cnc4ccccn34)c12	Colony Stimulating?Factor?1	395.4	US Patent	"4LIQ,6T2W,4DKD"			
CCc1nn(Cc2cccc(OCCN3CCNCC3)n2)c2cccc(NC(=O)c3cnc4ccccn34)c12	Colony Stimulating?Factor?1	395.7	US Patent	"4LIQ,6T2W,4DKD"			
O=C(Nc1ccccc1N1CCCCC1)c1ccno1	Colony Stimulating?Factor?1	400	ChEMBL	"3LCO,4DKD,4LIQ,6IG8"			
O=C(Nc1ccccc1N1CCCCC1)c1ccno1	Colony Stimulating?Factor?1	400	ChEMBL	"3LCO,4DKD,4LIQ,6IG8"			
COc1cccc(NC(=O)Cn2cc(Oc3ncnc4cc(OC)c(OCCN5CCCCC5)cc34)cn2)c1	Colony Stimulating?Factor?1	400	ChEMBL	"3LCO,4DKD,4LIQ,6IG8"			
COc1ccc(cc1OC)-c1cnn2c(N)c(-c3ccccc3)c(OC3CCN(C)CC3)nc12	Colony Stimulating?Factor?1	400	ChEMBL	"3LCO,4DKD,4LIQ,6IG8"			
CCc1nn(Cc2cccc(C)n2)c2cccc(NC(=O)c3cnc4cc(ccn34)-c3cncnc3)c12	Colony Stimulating?Factor?1	400.6	US Patent	"4LIQ,6T2W,4DKD"			
COC(=O)c1ccc(cc1)-c1cc2c(ncnc2[nH]1)N(C)Cc1cccc(C)c1	Colony Stimulating?Factor?1	404	ChEMBL	"4LIQ,6T2W,4DKD"			
CCN1CCN(Cc2ccc(cc2C(F)(F)F)C(=O)Nc2ccc(C)c(NCc3cnc4ccc(OC)nn34)c2)CC1	Colony Stimulating?Factor?1	406	ChEMBL	4EXP			
CCc1nn(Cc2cccc(CC)n2)c2cccc(NC(=O)c3cnc4ccccn34)c12	Colony Stimulating?Factor?1	409.9	US Patent	"4LIQ,6T2W,4DKD"			
COc1ccc(cn1)[C@@]1(C)COc2cc(Cn3cnc4cc(cnc34)C#CC(C)(C)N)cc(OC)c2O1	Colony Stimulating?Factor?1	410	US Patent	"3LCO,4DKD,4LIQ,6IG8"			
COc1cc(ccc1O)-c1cncc(N[C@H](C)c2cccc(NC(=O)c3cccnc3)c2)n1 |r|	Colony Stimulating?Factor?1	416	Curated from the literature by BindingDB	"4LIQ,6T2W,4DKD"			
CNC(=O)c1cn(Cc2ccccc2)c2nc(Nc3ccc(cc3)N3CCN(C)CC3)ncc2c1=O	Colony Stimulating?Factor?1	420	ChEMBL	"3LCO,4DKD,4LIQ,6IG8"			
CC(C)N1CCOc2c(F)cc(cc12)-c1nc(Nc2ccc3CNCCc3n2)ncc1F	Colony Stimulating?Factor?1	426	US Patent	"3LCO,4DKD,4LIQ,6IG8"			
CCc1nn(Cc2cccc(C)n2)c2cccc(NC(=O)c3cnc4cc(ccn34)C(=O)NC)c12	Colony Stimulating?Factor?1	426.4	US Patent	"4LIQ,6T2W,4DKD"			
CCc1ccc(COc2ccc(cc2OC)C2CN(C2)C(=O)c2ccccc2)cc1	Colony Stimulating?Factor?1	430	ChEMBL	"3LCO,4DKD,4LIQ,6IG8"			
CCc1nn(Cc2cccc(C)n2)c2cccc(NC(=O)c3cnc4cc(ccn34)C(=O)NCCN(C)C)c12	Colony Stimulating?Factor?1	430.1	US Patent	"4LIQ,6T2W,4DKD"			
COc1ccc(COc2ccc(Cn3cnc4cc(ccc34)N3CCN(C)CC3=O)cc2OC)cn1	Colony Stimulating?Factor?1	431	US Patent	"4LIQ,6T2W,4DKD"			
COc1ccc(COc2ccc(Cn3cnc4cc(ccc34)N3CCN(C)CC3=O)cc2OC)cn1	Colony Stimulating?Factor?1	431	US Patent	"3LCO,4DKD,4LIQ,6IG8"			
COc1ccc(COc2ccc(Cn3cnc4cc(ccc34)N3CCN(C)CC3=O)cc2OC)cn1	Colony Stimulating?Factor?1	431	US Patent	"3LCO,4DKD,4LIQ,6IG8"			
COc1ccc(COc2ccc(Cn3cnc4cc(ccc34)N3CCN(C)CC3=O)cc2OC)cn1	Colony Stimulating?Factor?1	431	US Patent	"3LCO,4DKD,4LIQ,6IG8"			
CN1CCN(Cc2ccc(cc2C(F)(F)F)C(=O)Nc2ccc(C)c(NC(=O)c3cccc(c3)-c3cnn(C)c3)c2)CC1	Colony Stimulating?Factor?1	443	ChEMBL	"3LCO,4DKD,4LIQ,6IG8"			
CN1CCN(CCOc2ccn3c(cnc3c2)C(=O)Nc2cccc3n(Cc4nnc(C)s4)nc(C4CC4)c23)CC1	Colony Stimulating?Factor?1	449.3	US Patent	"4LIQ,6T2W,4DKD"			
C(Oc1cccnc1)c1ccc2nc(NC3CCCCC3)sc2c1	Colony Stimulating?Factor?1	450	ChEMBL	"3LCO,4DKD,4LIQ,6IG8"			
CN1CCC(CC1)c1ccc(Nc2ncc(F)c(n2)-c2cc(F)c3OCCN(C4CCCC4)c3c2)cc1F	Colony Stimulating?Factor?1	454	US Patent	"3LCO,4DKD,4LIQ,6IG8"			
CCc1nn(Cc2cccc(OCCN)n2)c2cccc(NC(=O)c3cnc4ccccn34)c12	Colony Stimulating?Factor?1	454.9	US Patent	"4LIQ,6T2W,4DKD"			
COc1cc(Cn2cnc3cc(cnc23)C#CC(C)(C)N)cc2OCC(Oc12)c1coc(C)n1	Colony Stimulating?Factor?1	460	US Patent	"3LCO,4DKD,4LIQ,6IG8"			
COc1cnc2n(Cc3cc(OC)c4OC(COc4c3)c3cn(C)nc3C)cnc2c1	Colony Stimulating?Factor?1	460	US Patent	"3LCO,4DKD,4LIQ,6IG8"			
COc1ccc(COc2ncc(Oc3ccc4ncc(C)c(=O)n4c3)cc2C#N)cc1	Colony Stimulating?Factor?1	460	US Patent	"3LCO,4DKD,4LIQ,6IG8"			
CCc1nn(Cc2ccn(CC)n2)c2cccc(NC(=O)c3cnc4cc(ccn34)-n3cncn3)c12	Colony Stimulating?Factor?1	462.7	US Patent	"4LIQ,6T2W,4DKD"			
CN1CCN(CC1)c1ccc(NC(=O)c2ccc(o2)C#N)c(c1)-c1sccc1C	Colony Stimulating?Factor?1	470	ChEMBL	"3LCO,4DKD,4LIQ,6IG8"			
COc1ccc(COc2ccc(Cc3cnc(N)nc3N)cc2OC)cc1	Colony Stimulating?Factor?1	470	ChEMBL	"3LCO,4DKD,4LIQ,6IG8"			
COc1ccc(COc2ccc(Cc3cnc(N)nc3N)cc2OC)cc1	Colony Stimulating?Factor?1	470	ChEMBL	"3LCO,4DKD,4LIQ,6IG8"			
COc1ccc(cn1)C1COc2c(C)c(Cn3cnc4cc(cnc34)C3CC3)cc(F)c2O1	Colony Stimulating?Factor?1	474	US Patent	"3LCO,4DKD,4LIQ,6IG8"			
COc1cc(Cn2cnc3cc(cnc23)-c2cnn(C)c2)cc2O[C@@H](C)[C@@H](Oc12)C1CC1	Colony Stimulating?Factor?1	480	US Patent	"3LCO,4DKD,4LIQ,6IG8"			
Nc1ncnc2n(cc(-c3cccc(O)c3)c12)C1CCCC1	Colony Stimulating?Factor?1	480	ChEMBL	"3LCO,4DKD,4LIQ,6IG8"			
COc1cc(OCc2ccnc(N)n2)cc2sc(N[C@@H]3CCCC[C@H]3O)nc12	Colony Stimulating?Factor?1	486	ChEMBL	"3LCO,4DKD,4LIQ,6IG8"			
Cc1cn(cn1)-c1cc(NC(=O)c2ccc(C)c(NC(=O)c3cnc4ccccn34)c2)cc(c1)C(F)(F)F	Colony Stimulating?Factor?1	486	ChEMBL	4EXP			
CCc1nn(Cc2cccc(C)n2)c2cccc(NC(=O)c3cnc4cc(O[C@@H]5CN(C)C[C@H]5O)ccn34)c12 |r|	Colony Stimulating?Factor?1	488.2	US Patent	"4LIQ,6T2W,4DKD"			
O=C(Nc1nc2cccc(-c3ccc(CN4CCS(=O)(=O)CC4)cc3)n2n1)C1CC1	Colony Stimulating?Factor?1	489	ChEMBL	"3LCO,4DKD,4LIQ,6IG8"			
COCCOc1ccc(cn1)C1COc2cc(Cn3cnc4cccnc34)cc(OC)c2O1	Colony Stimulating?Factor?1	490	US Patent	"3LCO,4DKD,4LIQ,6IG8"			
CCc1ccc(cn1)C1CCc2cc(Cn3cnc4cc(cnc34)C#CC(C)(C)N)cc(OC)c2O1	Colony Stimulating?Factor?1	490	US Patent	"3LCO,4DKD,4LIQ,6IG8"			
CCc1nn(Cc2ccn(C)n2)c2cccc(NC(=O)c3cnc4cc(OCCN5CCN(C)CC5)ccn34)c12	Colony Stimulating?Factor?1	492.1	US Patent	"4LIQ,6T2W,4DKD"			
Cc1cccc(Cn2nc(C3CC3)c3c(NC(=O)c4cnc5cc(OCc6ccccc6)ccn45)cccc23)n1	Colony Stimulating?Factor?1	493.5	US Patent	"4LIQ,6T2W,4DKD"			
Cc1cccc(Cn2nc(C3CC3)c3c(NC(=O)c4cnc5cc(F)ccn45)cccc23)n1	Colony Stimulating?Factor?1	497	US Patent	"4LIQ,6T2W,4DKD"			
Cn1cccc(Cn2nc(C3CC3)c3c(NC(=O)c4cnc5cc(OCCN6CCCC6)ccn45)cccc23)c1=O	Colony Stimulating?Factor?1	497.2	US Patent	"4LIQ,6T2W,4DKD"			
COCCOc1ccn2c(cnc2c1)-c1ccc2cccc(O[C@H]3CCNC[C@@H]3F)c2n1	Colony Stimulating?Factor?1	499	ChEMBL	"3LCO,4DKD,4LIQ,6IG8"			
COc1ccc(COc2ncc(Oc3ccc4ncc(C)c(=O)n4c3)cc2C)cc1	Colony Stimulating?Factor?1	499	US Patent	"3LCO,4DKD,4LIQ,6IG8"			
OC(=O)CN1CCC(CC1)c1ccc(NC(=O)c2ncc([nH]2)C#N)c(c1)C1=CCCCC1	Colony Stimulating?Factor?1	500	ChEMBL	4EXP			
CS(=O)c1ncc([nH]1)C(=O)Nc1ccc(CCN2CCOCC2)cc1C1=CCCCC1 |t:28|	Colony Stimulating?Factor?1	500	US Patent	4EXP			
CS(=O)(=O)c1ncc([nH]1)C(=O)Nc1ccc(CCN2CCOCC2)cc1C1=CCCCC1 |t:29|	Colony Stimulating?Factor?1	500	US Patent	4EXP			
COc1cc2ncnc(N(C)c3ccccc3)c2cc1OC	Colony Stimulating?Factor?1	500	ChEMBL	"3LCO,4DKD,4LIQ,6IG8"			
COc1cc2ncnc(N(C)c3ccccc3)c2cc1OC	Colony Stimulating?Factor?1	500	ChEMBL	"3LCO,4DKD,4LIQ,6IG8"			
COc1cc2ncnc(N(C)c3cccc(c3)C(F)(F)F)c2cc1OC	Colony Stimulating?Factor?1	500	ChEMBL	"3LCO,4DKD,4LIQ,6IG8"			
CCn1cc(NC(=O)Cc2ccc(Oc3ncnc4cc(OC)c(OC)cc34)cc2OC)cn1	Colony Stimulating?Factor?1	500	ChEMBL	"3LCO,4DKD,4LIQ,6IG8"			
CCn1cc(NC(=O)Cc2ccc(Oc3ccnc4cc(F)ccc34)cc2OC)cn1	Colony Stimulating?Factor?1	500	ChEMBL	"3LCO,4DKD,4LIQ,6IG8"			
COc1ccc2c(Oc3ccc(CC(=O)Nc4cnn(C)c4C)c(OC)c3)ccnc2c1	Colony Stimulating?Factor?1	500	ChEMBL	"3LCO,4DKD,4LIQ,6IG8"			
CCOc1ccc(COc2ccc(Nc3ccc4ncc(OC)nc4c3C#N)cc2OC)cc1	Colony Stimulating?Factor?1	500	US Patent	"3LCO,4DKD,4LIQ,6IG8"			
COc1cc(Nc2ccc3ncc(nc3c2C#N)N2CCOCC2)ccc1OCC1CC1	Colony Stimulating?Factor?1	500	US Patent	"3LCO,4DKD,4LIQ,6IG8"			
COc1cc(Nc2ccc3ncc(nc3c2C#N)N2CCOCC2)ccc1OCc1ccncc1	Colony Stimulating?Factor?1	500	US Patent	"3LCO,4DKD,4LIQ,6IG8"			
COc1cc(Nc2ccc3ncc(nc3c2C#N)N2CCOCC2)ccc1OCC#C	Colony Stimulating?Factor?1	500	US Patent	"3LCO,4DKD,4LIQ,6IG8"			
COc1ccc(COc2ccc(Nc3ccc4ncc(OC)nc4c3C#N)cc2OC)cc1	Colony Stimulating?Factor?1	500	US Patent	"3LCO,4DKD,4LIQ,6IG8"			
COc1cc(OCc2ccnc(N)n2)cc2sc(N[C@@H]3CCCC[C@H]3O)nc12	Colony Stimulating?Factor?1	504	ChEMBL	4EXP			
CCc1ccc(COc2ccc(cc2OC)C2CN(C2)C(=O)c2cccnc2)cc1	Colony Stimulating?Factor?1	510	ChEMBL	"3LCO,4DKD,4LIQ,6IG8"			
COc1cc(Cn2cnc3cc(cnc23)-n2ccnc2)cc2OCC(Oc12)c1cccnc1	Colony Stimulating?Factor?1	510	US Patent	"3LCO,4DKD,4LIQ,6IG8"			
CCc1nn(Cc2ccc(C)nc2OC)c2cccc(NC(=O)c3cnc4ccccn34)c12	Colony Stimulating?Factor?1	515.8	US Patent	"4LIQ,6T2W,4DKD"			
CCc1nn(Cc2cccc(C)n2)c2cccc(NC(=O)c3cnc4cc(ccn34)-n3ncnc3C)c12	Colony Stimulating?Factor?1	522.6	US Patent	"4LIQ,6T2W,4DKD"			
CC(C)N1CCOc2c(F)cc(cc12)-c1nc(Nc2ccc(cn2)N2CCN(CC2)C(=O)CN(C)C)ncc1F	Colony Stimulating?Factor?1	526	US Patent	"3LCO,4DKD,4LIQ,6IG8"			
COc1cc(Cn2cnc3cc(cnc23)N2CCOCC2)cc2CCC(Oc12)c1ccc(C)nc1	Colony Stimulating?Factor?1	530	US Patent	"3LCO,4DKD,4LIQ,6IG8"			
Cc1cn(cn1)-c1cc(NC(=O)c2ccc(C)c(Nc3nccc(n3)-c3cccnc3)c2)cc(c1)C(F)(F)F	Colony Stimulating?Factor?1	534	ChEMBL	4EXP			
CN(Cc1cccc(C)c1)c1ncnc2[nH]c(cc12)-c1ccc(cc1)C(F)(F)F	Colony Stimulating?Factor?1	540	ChEMBL	"4LIQ,6T2W,4DKD"			
COc1ccc2cc(ccc2c1)-c1c(nc(-c2ccc(cc2C)S(C)=O)n1C)-c1ccncc1	Colony Stimulating?Factor?1	550	ChEMBL	"3LCO,4DKD,4LIQ,6IG8"			
Cn1cnc(c1)-c1c(-c2ccccc2)c2cc(ccc2[nH]c1=O)C#N	Colony Stimulating?Factor?1	550	ChEMBL	"3LCO,4DKD,4LIQ,6IG8"			
CN(C)CCOc1cccc2c1oc1cc(Oc3ccc(CCc4ccc(CO)cc4)nc3)ccc1c2=O	Colony Stimulating?Factor?1	550	US Patent	"3LCO,4DKD,4LIQ,6IG8"			
CN(C)CCOc1cc(C)cc2c1oc1cc(Oc3ccccc3)ccc1c2=O	Colony Stimulating?Factor?1	550	US Patent	"3LCO,4DKD,4LIQ,6IG8"			
CN(C)CCOc1cc(C)cc2c1oc1cc(Oc3ccc(CO)nc3)ccc1c2=O	Colony Stimulating?Factor?1	550	US Patent	"3LCO,4DKD,4LIQ,6IG8"			
CN(C)CCOc1cc(C)cc2c1oc1cc(Oc3ccc(N)nc3)ccc1c2=O	Colony Stimulating?Factor?1	550	US Patent	"3LCO,4DKD,4LIQ,6IG8"			
COc1cc(C)cc2c1oc1cc(ccc1c2=O)B1OC(C)(C)C(C)(C)O1	Colony Stimulating?Factor?1	550	US Patent	"3LCO,4DKD,4LIQ,6IG8"			
CN(C)CCCOc1cc(C)cc2c1oc1cc(Oc3ccccc3)ccc1c2=O	Colony Stimulating?Factor?1	550	US Patent	"3LCO,4DKD,4LIQ,6IG8"			
Cc1cc(OCCCN2CCOCC2)c2oc3cc(Oc4ccccc4)ccc3c(=O)c2c1	Colony Stimulating?Factor?1	550	US Patent	"3LCO,4DKD,4LIQ,6IG8"			
Cc1cc(OCCCCBr)c2oc3cc(Oc4ccccc4)ccc3c(=O)c2c1	Colony Stimulating?Factor?1	550	US Patent	"3LCO,4DKD,4LIQ,6IG8"			
Cc1cc(OCC2CCN(CC2)C(=O)OC(C)(C)C)c2oc3cc(Oc4ccccc4)ccc3c(=O)c2c1	Colony Stimulating?Factor?1	550	US Patent	"3LCO,4DKD,4LIQ,6IG8"			
Cc1cc(OCCC2CCN(CC2)C(=O)OC(C)(C)C)c2oc3cc(Oc4ccccc4)ccc3c(=O)c2c1	Colony Stimulating?Factor?1	550	US Patent	"3LCO,4DKD,4LIQ,6IG8"			
CN(C)CCOc1cc(Cl)cc2c1oc1cc(Oc3ccc(CCc4ccc(CO)cc4)nc3)ccc1c2=O	Colony Stimulating?Factor?1	550	US Patent	"3LCO,4DKD,4LIQ,6IG8"			
CN(C)CCOc1cc(C)cc2c1sc1cc(Oc3ccccc3)ccc1c2=O	Colony Stimulating?Factor?1	550	US Patent	"3LCO,4DKD,4LIQ,6IG8"			
CN(C)CCOc1cc(C)cc2c1oc1cc(Oc3cccnc3)ccc1c2=O	Colony Stimulating?Factor?1	550	US Patent	"3LCO,4DKD,4LIQ,6IG8"			
Cc1cc(F)c(C(=O)Nc2ccc(CC3CC3)cn2)cc1NC(=O)c1cnc(N)s1	Colony Stimulating?Factor?1	550	US Patent	"4LIQ,6T2W,4DKD"			
Cc1cc(F)c(C(=O)Nc2ccc(OC(F)(F)F)cn2)cc1NC(=O)c1cnc(N)s1	Colony Stimulating?Factor?1	550	US Patent	"4LIQ,6T2W,4DKD"			
Cc1cc(F)c(C(=O)Nc2ccc(OC(F)F)cn2)cc1NC(=O)c1cnc(N)s1	Colony Stimulating?Factor?1	550	US Patent	"4LIQ,6T2W,4DKD"			
Cc1cc(F)c(C(=O)Nc2ccc(CC(F)(F)F)cn2)cc1NC(=O)c1cnc(N)s1	Colony Stimulating?Factor?1	550	US Patent	"4LIQ,6T2W,4DKD"			
Cc1ncc(C(=O)Nc2cc(C(=O)Nc3cc(CC4CC4)ncn3)c(F)cc2C)s1	Colony Stimulating?Factor?1	550	US Patent	"4LIQ,6T2W,4DKD"			
Cc1ncc(C(=O)Nc2cc(C(=O)N[C@@H]3CC3c3ccccc3Cl)c(F)cc2C)s1	Colony Stimulating?Factor?1	550	US Patent	"4LIQ,6T2W,4DKD"			
Cc1cc(F)c(C(=O)N[C@H]2CCOC2)cc1NC(=O)c1cnc(NC(=O)N2CCC2)s1	Colony Stimulating?Factor?1	550	US Patent	"4LIQ,6T2W,4DKD"			
Cc1cc(F)c(C(=O)NCC2(F)CCC2)cc1NC(=O)c1cnc(NC(=O)N2CCC2)s1	Colony Stimulating?Factor?1	550	US Patent	"4LIQ,6T2W,4DKD"			
Cc1cc(F)c(C(=O)Nc2cc3c(cn2)COC3)cc1NC(=O)c1cnc(N)s1	Colony Stimulating?Factor?1	550	US Patent	"4LIQ,6T2W,4DKD"			
Cc1cc(F)c(C(=O)Nc2ccc(C(C)(C)O)cn2)cc1NC(=O)c1cnc(N)s1	Colony Stimulating?Factor?1	550	US Patent	"4LIQ,6T2W,4DKD"			
Cc1cc(F)c(C(=O)Nc2ccc3c(n2)COCC3)cc1NC(=O)c1cnc(N)s1	Colony Stimulating?Factor?1	550	US Patent	"4LIQ,6T2W,4DKD"			
Cc1cc(F)c(C(=O)Nc2ccc3c(n2)CCOC3)cc1NC(=O)c1cnc(N)s1	Colony Stimulating?Factor?1	550	US Patent	"4LIQ,6T2W,4DKD"			
Cc1cc(F)c(C(=O)Nc2ccc(S(C)(=O)=O)cn2)cc1NC(=O)c1cnc(N)s1	Colony Stimulating?Factor?1	550	US Patent	"4LIQ,6T2W,4DKD"			
Cc1cc(F)c(C(=O)Nc2ccc(C3(C#N)CC3)cn2)cc1NC(=O)c1cnc(N)s1	Colony Stimulating?Factor?1	550	US Patent	"4LIQ,6T2W,4DKD"			
Cc1cc(F)c(C(=O)Nc2ccc(C3(C#N)CC3)nn2)cc1NC(=O)c1cnc(N)s1	Colony Stimulating?Factor?1	550	US Patent	"4LIQ,6T2W,4DKD"			
Cc1cc(F)c(C(=O)Nc2ccc(OC3CC3)cc2F)cc1NC(=O)c1cnc(N)s1	Colony Stimulating?Factor?1	550	US Patent	"4LIQ,6T2W,4DKD"			
Cc1cc(F)c(C(=O)Nc2ccc(OC3CC3)cn2)cc1NC(=O)c1cnc(N)s1	Colony Stimulating?Factor?1	550	US Patent	"4LIQ,6T2W,4DKD"			
Cc1cc(F)c(C(=O)Nc2ccc(C3CC3)cn2)cc1NC(=O)c1cnc(N)s1	Colony Stimulating?Factor?1	550	US Patent	"4LIQ,6T2W,4DKD"			
Cc1cc(F)c(C(=O)Nc2ccc(OC3CCC3)cn2)cc1NC(=O)c1cnc(N)s1	Colony Stimulating?Factor?1	550	US Patent	"4LIQ,6T2W,4DKD"			
Cc1cc(F)c(C(=O)Nc2ccc(C3CC3)nn2)cc1NC(=O)c1cnc(N)s1	Colony Stimulating?Factor?1	550	US Patent	"4LIQ,6T2W,4DKD"			
Cc1cc(F)c(C(=O)Nc2ccc(OC(C)C)cn2)cc1NC(=O)c1cnc(N)s1	Colony Stimulating?Factor?1	550	US Patent	"4LIQ,6T2W,4DKD"			
Cc1cc(F)c(C(=O)Nc2ccn(C(C)(C)C)n2)cc1NC(=O)c1cnc(N)s1	Colony Stimulating?Factor?1	550	US Patent	"4LIQ,6T2W,4DKD"			
Cc1cc(F)c(C(=O)Nc2nc3c(s2)COCC3)cc1NC(=O)c1cnc(N)s1	Colony Stimulating?Factor?1	550	US Patent	"4LIQ,6T2W,4DKD"			
Cc1cc(F)c(C(=O)Nc2ccc(OC3(C)CC3)cn2)cc1NC(=O)c1cnc(N)s1	Colony Stimulating?Factor?1	550	US Patent	"4LIQ,6T2W,4DKD"			
Cc1cc(F)c(C(=O)Nc2ccn(CC3CC3)n2)cc1NC(=O)c1cnc(N)s1	Colony Stimulating?Factor?1	550	US Patent	"4LIQ,6T2W,4DKD"			
Cc1cnc(NC(=O)c2cc(NC(=O)c3cnc(N)s3)c(C)cc2F)s1	Colony Stimulating?Factor?1	550	US Patent	"4LIQ,6T2W,4DKD"			
Cc1cc(F)c(C(=O)Nc2cnn(C3CC3)c2)cc1NC(=O)c1cnc(N)s1	Colony Stimulating?Factor?1	550	US Patent	"4LIQ,6T2W,4DKD"			
Cc1nnc(NC(=O)c2cc(NC(=O)c3cnc(N)s3)c(C)cc2F)s1	Colony Stimulating?Factor?1	550	US Patent	"4LIQ,6T2W,4DKD"			
Cc1cc(F)c(C(=O)NCCc2ccc(F)cc2)cc1NC(=O)c1cnc(N)s1	Colony Stimulating?Factor?1	550	US Patent	"4LIQ,6T2W,4DKD"			
Cc1ncc(NC(=O)c2cc(NC(=O)c3cnc(N)s3)c(C)cc2F)s1	Colony Stimulating?Factor?1	550	US Patent	"4LIQ,6T2W,4DKD"			
Cc1cc(F)c(C(=O)Nc2nc(C3CC3)cs2)cc1NC(=O)c1cnc(N)s1	Colony Stimulating?Factor?1	550	US Patent	"4LIQ,6T2W,4DKD"			
Cc1cc(F)c(C(=O)Nc2cnn(C(C)C)n2)cc1NC(=O)c1cnc(N)s1	Colony Stimulating?Factor?1	550	US Patent	"4LIQ,6T2W,4DKD"			
Cc1cc(F)c(C(=O)Nc2cc(C3CC3)[nH]n2)cc1NC(=O)c1cnc(N)s1	Colony Stimulating?Factor?1	550	US Patent	"4LIQ,6T2W,4DKD"			
Cc1cc(F)c(C(=O)Nc2ccc3c(c2)NC(=O)C3(C)C)cc1NC(=O)c1cnc(N)s1	Colony Stimulating?Factor?1	550	US Patent	"4LIQ,6T2W,4DKD"			
Cc1cc(F)c(C(=O)Nc2ccc3c(c2)C(C)(C)C(=O)N3)cc1NC(=O)c1cnc(N)s1	Colony Stimulating?Factor?1	550	US Patent	"4LIQ,6T2W,4DKD"			
COc1ccnc(NC(=O)c2cc(NC(=O)c3cnc(N)s3)c(C)cc2F)c1	Colony Stimulating?Factor?1	550	US Patent	"4LIQ,6T2W,4DKD"			
Nc1ncc(C(=O)Nc2cc(C(=O)Nc3ccc(C4CC4)nn3)c(F)cc2Cl)s1	Colony Stimulating?Factor?1	550	US Patent	"4LIQ,6T2W,4DKD"			
Nc1ncc(C(=O)Nc2cc(C(=O)Nc3ncc(C4CC4)cn3)c(F)cc2Cl)s1	Colony Stimulating?Factor?1	550	US Patent	"4LIQ,6T2W,4DKD"			
Nc1ncc(C(=O)Nc2cc(C(=O)Nc3cnc(C4CC4)nc3)c(F)cc2Cl)s1	Colony Stimulating?Factor?1	550	US Patent	"4LIQ,6T2W,4DKD"			
Nc1ncc(C(=O)Nc2cc(C(=O)Nc3ccc(C(F)F)cn3)c(F)cc2Cl)s1	Colony Stimulating?Factor?1	550	US Patent	"4LIQ,6T2W,4DKD"			
CC(C)Oc1ccc(NC(=O)c2cc(NC(=O)c3cnc(N)s3)c(Cl)cc2F)nc1	Colony Stimulating?Factor?1	550	US Patent	"4LIQ,6T2W,4DKD"			
Nc1ncc(C(=O)Nc2cc(C(=O)Nc3ccc(OC(F)F)cn3)c(F)cc2Cl)s1	Colony Stimulating?Factor?1	550	US Patent	"4LIQ,6T2W,4DKD"			
Nc1ncc(C(=O)Nc2cc(C(=O)Nc3ccc(OC4CC4)cn3)c(F)cc2Cl)s1	Colony Stimulating?Factor?1	550	US Patent	"4LIQ,6T2W,4DKD"			
Nc1ncc(C(=O)Nc2cc(C(=O)Nc3ccc(OC(F)(F)F)cn3)c(F)cc2F)s1	Colony Stimulating?Factor?1	550	US Patent	"4LIQ,6T2W,4DKD"			
Nc1ncc(C(=O)Nc2cc(C(=O)Nc3ccc(C(F)(F)F)cn3)c(F)cc2F)s1	Colony Stimulating?Factor?1	550	US Patent	"4LIQ,6T2W,4DKD"			
Nc1ncc(C(=O)Nc2cc(C(=O)Nc3ccc(CC(F)(F)F)cn3)c(F)cc2F)s1	Colony Stimulating?Factor?1	550	US Patent	"4LIQ,6T2W,4DKD"			
Cc1cc(F)c(C(=O)Nc2ccc(C(F)C(F)(F)F)cn2)cc1NC(=O)c1cnc(N)s1	Colony Stimulating?Factor?1	550	US Patent	"4LIQ,6T2W,4DKD"			
Cc1cc(F)c(C(=O)Nc2ccc(C(F)F)cn2)cc1NC(=O)c1cnc(N)s1	Colony Stimulating?Factor?1	550	US Patent	"4LIQ,6T2W,4DKD"			
COc1ccc(NC(=O)c2cc(NC(=O)c3cnc(N)s3)c(C)cc2F)c(F)c1	Colony Stimulating?Factor?1	550	US Patent	"4LIQ,6T2W,4DKD"			
Cc1cc(F)c(C(=O)Nc2ccc(OC3CC3)cc2)cc1NC(=O)c1cnc(N)s1	Colony Stimulating?Factor?1	550	US Patent	"4LIQ,6T2W,4DKD"			
COc1ccc(NC(=O)c2cc(NC(=O)c3cnc(N)s3)c(C)cc2F)cc1	Colony Stimulating?Factor?1	550	US Patent	"4LIQ,6T2W,4DKD"			
Cc1cc(F)c(C(=O)Nc2ccc(Cl)cc2)cc1NC(=O)c1cnc(N)s1	Colony Stimulating?Factor?1	550	US Patent	"4LIQ,6T2W,4DKD"			
Cc1cc(F)c(C(=O)Nc2cccc(F)c2)cc1NC(=O)c1cnc(N)s1	Colony Stimulating?Factor?1	550	US Patent	"4LIQ,6T2W,4DKD"			
Nc1ncc(C(=O)Nc2cc(C(=O)Nc3ccc(OC4CC4)cn3)c(F)cc2Br)s1	Colony Stimulating?Factor?1	550	US Patent	"4LIQ,6T2W,4DKD"			
Cc1cc(F)c(C(=O)Nc2ccc(OC3CC3)cn2)cc1NC(=O)c1cnc(NC(=N)C2CC2)s1	Colony Stimulating?Factor?1	550	US Patent	"4LIQ,6T2W,4DKD"			
COCC1(c2ccc(NC(=O)c3cc(NC(=O)c4cnc(N)s4)c(C)cc3F)nc2)CC1	Colony Stimulating?Factor?1	550	US Patent	"4LIQ,6T2W,4DKD"			
Cc1cc(F)c(C(=O)Nc2ccc(CN3CCN(C)CC3)cn2)cc1NC(=O)c1cnc(N)s1	Colony Stimulating?Factor?1	550	US Patent	"4LIQ,6T2W,4DKD"			
Cc1cc(F)c(C(=O)Nc2ccc(COC(F)F)cn2)cc1NC(=O)c1cnc(N)s1	Colony Stimulating?Factor?1	550	US Patent	"4LIQ,6T2W,4DKD"			
CCc1ccc(NC(=O)c2cc(NC(=O)c3cnc(N)s3)c(C)cc2F)nc1	Colony Stimulating?Factor?1	550	US Patent	"4LIQ,6T2W,4DKD"			
Cc1cc(F)c(C(=O)Nc2ccc(OC3CC3)nn2)cc1NC(=O)c1cnc(N)s1	Colony Stimulating?Factor?1	550	US Patent	"4LIQ,6T2W,4DKD"			
Cc1cc(F)c(C(=O)Nc2ccc(OC(C)C)nn2)cc1NC(=O)c1cnc(N)s1	Colony Stimulating?Factor?1	550	US Patent	"4LIQ,6T2W,4DKD"			
COC1(c2ccc(NC(=O)c3cc(NC(=O)c4cnc(N)s4)c(C)cc3F)nc2)CC1	Colony Stimulating?Factor?1	550	US Patent	"4LIQ,6T2W,4DKD"			
CCc1nn(Cc2cccc(OC[C@H]3NCC[C@@H]3O)n2)c2cccc(NC(=O)c3cnc4ccccn34)c12 |r|	Colony Stimulating?Factor?1	554.6	US Patent	"4LIQ,6T2W,4DKD"			
CCc1nn(Cc2cccc(C)n2)c2cccc(NC(=O)c3cnc4cc(ccn34)-c3nnc(C)o3)c12	Colony Stimulating?Factor?1	555.6	US Patent	"4LIQ,6T2W,4DKD"			
Cn1cccc(Cn2nc(C3CC3)c3c(NC(=O)c4cnc5cc(OCCN6CCOCC6)ccn45)cccc23)c1=O	Colony Stimulating?Factor?1	558.4	US Patent	"4LIQ,6T2W,4DKD"			
CCN1CCN(Cc2ccc(Nc3ncc(F)c(n3)-c3cc(F)c4OCCN(C(C)C)c4c3)nc2)CC1	Colony Stimulating?Factor?1	566	US Patent	"3LCO,4DKD,4LIQ,6IG8"			
CC(C)N1CCOc2c(F)cc(cc12)-c1nc(Nc2ccc(cn2)N2CCNC(C)C2)ncc1F	Colony Stimulating?Factor?1	570	US Patent	"3LCO,4DKD,4LIQ,6IG8"			
Fc1ccc(C(=O)Nc2ccc(Nc3ccnc4[nH]c(=O)c5ccccc5c34)cc2)c(c1)C(F)(F)F	Colony Stimulating?Factor?1	575	ChEMBL	"3LCO,4DKD,4LIQ,6IG8"			
CN(c1ccc2c(C)n(C)nc2c1)c1ccnc(Nc2ccc(cc2)C(=O)NCCCCCCC(=O)NO)n1	Colony Stimulating?Factor?1	581	ChEMBL	"3LCO,4DKD,4LIQ,6IG8"			
COc1cc(Cn2cnc3cc(cnc23)C#CC(C)(C)N)cc2OCC(Oc12)c1nc(C)sc1C	Colony Stimulating?Factor?1	590	US Patent	"3LCO,4DKD,4LIQ,6IG8"			
CCc1nn(Cc2cccc(OCC(O)CO)n2)c2cccc(NC(=O)c3cnc4ccccn34)c12	Colony Stimulating?Factor?1	591.8	US Patent	"4LIQ,6T2W,4DKD"			
CNC(=O)c1cc(Cc2ccc3OC(COc3c2)c2ccc(OC)nc2)ccn1	Colony Stimulating?Factor?1	593	US Patent	"3LCO,4DKD,4LIQ,6IG8"			
CN(c1ccccc1)c1ncnc2n[nH]cc12	Colony Stimulating?Factor?1	600	ChEMBL	"3LCO,4DKD,4LIQ,6IG8"			
COc1cc2ncnc(Nc3cnn(CC(=O)Nc4ccc(cc4)N(C)C)c3)c2cc1OC	Colony Stimulating?Factor?1	600	ChEMBL	"3LCO,4DKD,4LIQ,6IG8"			
COc1cc2ncnc(Oc3ccc(CC(=O)Nc4ccc(cn4)N(C)C)cc3)c2cc1OC	Colony Stimulating?Factor?1	600	ChEMBL	"3LCO,4DKD,4LIQ,6IG8"			
CCc1cc(NC(=O)Cc2ccc(Oc3ncnc4cc(OC)c(OC)cc34)cc2)[nH]n1	Colony Stimulating?Factor?1	600	ChEMBL	"3LCO,4DKD,4LIQ,6IG8"			
Cc1ccc(cc1-c1ccc2ccncc2c1)C(=O)NC1CC1	Colony Stimulating?Factor?1	600	ChEMBL	"3LCO,4DKD,4LIQ,6IG8"			
COc1ccc2nccc(Oc3ccc(CC(=O)Nc4noc(C)c4C)c(OC)c3)c2c1	Colony Stimulating?Factor?1	600	ChEMBL	"3LCO,4DKD,4LIQ,6IG8"			
CCc1n[nH]c(NC(=O)Cc2ncc(Oc3ccnc4cc(OC)c(OC)cc34)cc2OC)c1C	Colony Stimulating?Factor?1	600	ChEMBL	"3LCO,4DKD,4LIQ,6IG8"			
CN1CCN(CC1)c1cc(Nc2cc(C)n[nH]2)nc(C=Cc2ccccc2)n1	Colony Stimulating?Factor?1	600	ChEMBL	"3LCO,4DKD,4LIQ,6IG8"			
COc1cc(Cn2cnc3cc(cnc23)C#CC(C)(C)N)cc2CCC(Oc12)c1ccc(C)nc1	Colony Stimulating?Factor?1	610	US Patent	"3LCO,4DKD,4LIQ,6IG8"			
COc1cc(cc(OC(F)F)c1C(=O)NC1CC1)-n1cnc2cc(ccc12)-c1cnn(C)c1	Colony Stimulating?Factor?1	616	ChEMBL	"4LIQ,6T2W,4DKD"			
COc1cc(Cn2cnc3cc(cnc23)C#CC(C)(C)N)cc2OCC(Oc12)C1CC1	Colony Stimulating?Factor?1	620	US Patent	"3LCO,4DKD,4LIQ,6IG8"			
Cc1cccc(Cn2nc(C3CC3)c3c(NC(=O)c4cnc5cc(OCCN6CC[N+](C)([O-])CC6)ccn45)cccc23)n1	Colony Stimulating?Factor?1	621.2	US Patent	"4LIQ,6T2W,4DKD"			
CCNC(=O)Nc1ccc(Oc2ncnc(N)c2\C=N\OC)cc1Cl	Colony Stimulating?Factor?1	622	ChEMBL	"3LCO,4DKD,4LIQ,6IG8"			
COc1ccc(cn1)C1COc2cc(ccc2O1)C(C)n1cnc2cc(cnc12)C#CC(C)(C)N	Colony Stimulating?Factor?1	625	US Patent	"3LCO,4DKD,4LIQ,6IG8"			
COc1cc(OCc2ccnc(Nc3cccnc3)n2)cc2sc(N[C@H]3CCCC[C@@H]3O)nc12	Colony Stimulating?Factor?1	626	ChEMBL	"3LCO,4DKD,4LIQ,6IG8"			
CC(C)Oc1ccc(Nc2c(cnc3cc(ccc23)-c2ccncc2)C(N)=O)cc1	Colony Stimulating?Factor?1	630	ChEMBL	"3LCO,4DKD,4LIQ,6IG8"			
CN1CCN(CC1)c1ccc(NC(=O)c2ccc(o2)C#N)c(c1)-c1ccccc1C	Colony Stimulating?Factor?1	630	ChEMBL	"3LCO,4DKD,4LIQ,6IG8"			
CN(C(=O)c1ccc(C)c(NC(=O)c2cccc(c2)-c2cccs2)c1)c1ccc(CN2CCN(C)CC2)c(c1)C(F)(F)F	Colony Stimulating?Factor?1	630	ChEMBL	"3LCO,4DKD,4LIQ,6IG8"			
CCc1nn(Cc2ccn(CC)n2)c2cccc(NC(=O)c3cnc4cc(F)ccn34)c12	Colony Stimulating?Factor?1	633	US Patent	"4LIQ,6T2W,4DKD"			
COc1ccc(cn1)[C@H]1Oc2c(OC)cc(Cn3cnc4cccnc34)cc2O[C@@H]1C	Colony Stimulating?Factor?1	633	US Patent	"3LCO,4DKD,4LIQ,6IG8"			
CCNc1ncc(-c2ccc(Oc3ccnc(c3)-n3cnc(C)c3)c(C)n2)c(=O)[nH]1	Colony Stimulating?Factor?1	646	ChEMBL	"3LCO,4DKD,4LIQ,6IG8"			
C(Nc1cccnc1)c1ccc2nc(NC3CCCCC3)sc2c1	Colony Stimulating?Factor?1	655	ChEMBL	"3LCO,4DKD,4LIQ,6IG8"			
CCN1CCN(Cc2ccc(cc2C(F)(F)F)C(=O)Nc2ccc(C)c(NCc3cnc4cccnn34)c2)CC1	Colony Stimulating?Factor?1	660	ChEMBL	4EXP			
Cc1cn(cn1)-c1cc(NC(=O)c2ccc(C)c(Nc3nccc(n3)-c3cccnc3)c2)cc(c1)C(F)(F)F	Colony Stimulating?Factor?1	677	ChEMBL	"3LCO,4DKD,4LIQ,6IG8"			
COc1ccc(COc2ccc(cc2OC)C(C)n2c(N)nc3cc(ccc23)-c2ccc(F)cc2)cn1	Colony Stimulating?Factor?1	686	US Patent	"4LIQ,6T2W,4DKD"			
COc1ccc(COc2ccc(cc2OC)C(C)n2c(N)nc3cc(ccc23)-c2ccc(F)cc2)cn1	Colony Stimulating?Factor?1	686	US Patent	"3LCO,4DKD,4LIQ,6IG8"			
COc1ccc(COc2ccc(cc2OC)C(C)n2c(N)nc3cc(ccc23)-c2ccc(F)cc2)cn1	Colony Stimulating?Factor?1	686	US Patent	"3LCO,4DKD,4LIQ,6IG8"			
COc1ccc(COc2ccc(cc2OC)C(C)n2c(N)nc3cc(ccc23)-c2ccc(F)cc2)cn1	Colony Stimulating?Factor?1	686	US Patent	"3LCO,4DKD,4LIQ,6IG8"			
CCc1nn(Cc2cccc(C)n2)c2cccc(NC(=O)c3cnc4cc(O[C@H]5CN(C)C[C@@H]5O)ccn34)c12 |r|	Colony Stimulating?Factor?1	688.5	US Patent	"4LIQ,6T2W,4DKD"			
Cc1nnc(o1)-c1ccc(c(C)c1)-c1cc(ccc1C)C(=O)Nc1cccc(c1)N1CCOCC1	Colony Stimulating?Factor?1	700	ChEMBL	"3LCO,4DKD,4LIQ,6IG8"			
CCn1cc(NC(=O)Cc2ccc(Oc3ccnc4ccc(F)cc34)cc2OC)cn1	Colony Stimulating?Factor?1	700	ChEMBL	"3LCO,4DKD,4LIQ,6IG8"			
Cn1cccc(Cn2nc(C3CC3)c3c(NC(=O)c4cnc5cc(OCCN6CCC6)ccn45)cccc23)c1=O	Colony Stimulating?Factor?1	703.3	US Patent	"4LIQ,6T2W,4DKD"			
COc1cnc(cn1)C1COc2cc(Cn3cnc4cccnc34)cc(OC)c2O1	Colony Stimulating?Factor?1	710	US Patent	"3LCO,4DKD,4LIQ,6IG8"			
CCc1nn(Cc2ccc(C)nc2)c2cccc(NC(=O)c3cnc4ccccn34)c12	Colony Stimulating?Factor?1	711.3	US Patent	"4LIQ,6T2W,4DKD"			
Cc1c(NC(=O)CCN2CCCC2)c[nH]c1\C=C1/C(=O)Nc2ccc(F)cc12	Colony Stimulating?Factor?1	716	ChEMBL	"3LCO,4DKD,4LIQ,6IG8"			
CC1CCCCN1c1ccccc1NC(=O)c1ccc(o1)[N+]([O-])=O	Colony Stimulating?Factor?1	720	ChEMBL	"3LCO,4DKD,4LIQ,6IG8"			
CC1CCN(CC1)c1cc(cnc1NC(=O)c1ccc(o1)C#N)N1CCN(C)CC1	Colony Stimulating?Factor?1	720	ChEMBL	"3LCO,4DKD,4LIQ,6IG8"			
Cc1cc(on1)-c1c(-c2ccccc2)c2cc(Cl)ncc2[nH]c1=O	Colony Stimulating?Factor?1	720	ChEMBL	"3LCO,4DKD,4LIQ,6IG8"			
COc1cc(Cn2cnc3cc(cnc23)C#CC(C)(C)N)cc2CCC(Oc12)c1csc(C)n1	Colony Stimulating?Factor?1	720	US Patent	"3LCO,4DKD,4LIQ,6IG8"			
CCc1nn(Cc2cccc(C)n2)c2cccc(NC(=O)c3cnc4cc(OCCN5CC[N+](C)([O-])CC5)ccn34)c12	Colony Stimulating?Factor?1	725.3	US Patent	"4LIQ,6T2W,4DKD"			
CN1CCN(CC1)c1ccc(Nc2ncc3c(n2)n(cc(C(N)=O)c3=O)-c2ccccc2)cc1	Colony Stimulating?Factor?1	730	ChEMBL	"3LCO,4DKD,4LIQ,6IG8"			
CCc1nn(Cc2cccc(C)n2)c2cccc(NC(=O)c3cnc4cc(ccn34)C(=O)N(C)C)c12	Colony Stimulating?Factor?1	738.2	US Patent	"4LIQ,6T2W,4DKD"			
O=C(Nc1cc(ccc1N1CCCCC1)C#N)c1ccc(o1)C#N	Colony Stimulating?Factor?1	750	ChEMBL	"3LCO,4DKD,4LIQ,6IG8"			
CC(C)N1CCOc2c(F)cc(cc12)-c1nc(Nc2ccc(cn2)N2CCCNCC2)ncc1F	Colony Stimulating?Factor?1	752	US Patent	"3LCO,4DKD,4LIQ,6IG8"			
Fc1ccc2c(Oc3ccc(NC(=O)Nc4ccccc4)cc3)ncnc2c1	Colony Stimulating?Factor?1	753	ChEMBL	"3LCO,4DKD,4LIQ,6IG8"			
Cc1cccc(Cn2nc(C3CC3)c3c(NC(=O)c4cnc5cc(OCCOCCO)ccn45)cccc23)n1	Colony Stimulating?Factor?1	753.2	US Patent	"4LIQ,6T2W,4DKD"			
COc1ccc(cn1)C1COc2cc(Cn3cnc4cc(cnc34)C#N)ccc2O1	Colony Stimulating?Factor?1	762	US Patent	"3LCO,4DKD,4LIQ,6IG8"			
COc1cc2CCCC(Oc3ccc(Cn4c(N)nc5cc(cnc45)-c4cnn(C)c4)cc3OC)c2cn1	Colony Stimulating?Factor?1	765	US Patent	"4LIQ,6T2W,4DKD"			
COc1cc2CCCC(Oc3ccc(Cn4c(N)nc5cc(cnc45)-c4cnn(C)c4)cc3OC)c2cn1	Colony Stimulating?Factor?1	765	US Patent	"3LCO,4DKD,4LIQ,6IG8"			
COc1cc2CCCC(Oc3ccc(Cn4c(N)nc5cc(cnc45)-c4cnn(C)c4)cc3OC)c2cn1	Colony Stimulating?Factor?1	765	US Patent	"3LCO,4DKD,4LIQ,6IG8"			
COc1cc2CCCC(Oc3ccc(Cn4c(N)nc5cc(cnc45)-c4cnn(C)c4)cc3OC)c2cn1	Colony Stimulating?Factor?1	765	US Patent	"3LCO,4DKD,4LIQ,6IG8"			
COCCOc1ccn2c(cnc2c1)-c1ccc2cccc(O[C@@H]3CCNC[C@H]3F)c2n1	Colony Stimulating?Factor?1	767	ChEMBL	"3LCO,4DKD,4LIQ,6IG8"			
COCCOc1ccn2c(cnc2c1)-c1ccc2cccc(O[C@@H]3CCNC[C@H]3F)c2n1	Colony Stimulating?Factor?1	767	ChEMBL	"3LCO,4DKD,4LIQ,6IG8"			
CC(C)N1CCOc2c(F)cc(cc12)-c1nc(Nc2ccc(cn2)N2CCN(CC2)C(C)=O)ncc1F	Colony Stimulating?Factor?1	776	US Patent	"3LCO,4DKD,4LIQ,6IG8"			
COc1ccc(Oc2nc(Nc3ccc(cc3)N3CCOCC3)ncc2NC(=O)c2cccc(OC)c2)cc1	Colony Stimulating?Factor?1	780	ChEMBL	"3LCO,4DKD,4LIQ,6IG8"			
COc1ccn2c(Cc3cc(OC)c4OC(COc4c3)c3ccc(OC)nc3)cnc2c1	Colony Stimulating?Factor?1	780	US Patent	"3LCO,4DKD,4LIQ,6IG8"			
C(Oc1ccc2nc(NC3CCCCC3)sc2c1)c1cccnc1	Colony Stimulating?Factor?1	781	ChEMBL	"3LCO,4DKD,4LIQ,6IG8"			
COc1ccc(cn1)C1CCc2cc(Cn3cnc4cccnc34)cc(OC)c2O1	Colony Stimulating?Factor?1	790	US Patent	"3LCO,4DKD,4LIQ,6IG8"			
COc1ccc(cn1)C(Oc1ccc(Cn2c(N)nc3cc(cnc23)-c2cnn(C)c2)cc1OC)C1CC1	Colony Stimulating?Factor?1	794	US Patent	"4LIQ,6T2W,4DKD"			
COc1ccc(cn1)C(Oc1ccc(Cn2c(N)nc3cc(cnc23)-c2cnn(C)c2)cc1OC)C1CC1	Colony Stimulating?Factor?1	794	US Patent	"3LCO,4DKD,4LIQ,6IG8"			
COc1ccc(cn1)C(Oc1ccc(Cn2c(N)nc3cc(cnc23)-c2cnn(C)c2)cc1OC)C1CC1	Colony Stimulating?Factor?1	794	US Patent	"3LCO,4DKD,4LIQ,6IG8"			
COc1ccc(cn1)C(Oc1ccc(Cn2c(N)nc3cc(cnc23)-c2cnn(C)c2)cc1OC)C1CC1	Colony Stimulating?Factor?1	794	US Patent	"3LCO,4DKD,4LIQ,6IG8"			
CCn1cc(NC(=O)Cc2ccc(Oc3ncnc4cc(OC)c(OC)cc34)cc2)cn1	Colony Stimulating?Factor?1	800	ChEMBL	"3LCO,4DKD,4LIQ,6IG8"			
COc1cc(Cn2cnc3cc(cnc23)C2CC2)cc2CCC(Oc12)c1ccc(C)nc1	Colony Stimulating?Factor?1	800	US Patent	"3LCO,4DKD,4LIQ,6IG8"			
COc1ccc(cn1)C1COc2c(C)c(Cn3cnc4cc(I)cnc34)cc(F)c2O1	Colony Stimulating?Factor?1	809	US Patent	"3LCO,4DKD,4LIQ,6IG8"			
COC(c1cnc2cc(Cl)cnn12)c1cc(OC)c2OC(COc2c1)c1ccc(OC(F)F)cc1	Colony Stimulating?Factor?1	820	US Patent	"3LCO,4DKD,4LIQ,6IG8"			
COCCn1cc(cn1)C1COc2cc(Cn3cnc4cccnc34)cc(OC)c2O1	Colony Stimulating?Factor?1	820	US Patent	"3LCO,4DKD,4LIQ,6IG8"			
Cc1cc(n[nH]1)-c1c(-c2ccccc2)c2cc(Cl)ccc2[nH]c1=O	Colony Stimulating?Factor?1	830	ChEMBL	"3LCO,4DKD,4LIQ,6IG8"			
COc1cc(Cn2cnc3cc(cnc23)N2CCOCC2)cc2CCC(Oc12)c1csc(C)n1	Colony Stimulating?Factor?1	830	US Patent	"3LCO,4DKD,4LIQ,6IG8"			
COc1ccc(cn1)[C@@H]1Oc2c(OC)cc(Cn3cnc4cccnc34)cc2O[C@H]1C	Colony Stimulating?Factor?1	840	US Patent	"3LCO,4DKD,4LIQ,6IG8"			
C[C@H](Nc1cncc(Cl)n1)c1cccc(NC(=O)c2cccnc2)c1 |r|	Colony Stimulating?Factor?1	857	Curated from the literature by BindingDB	"4LIQ,6T2W,4DKD"			
CCc1nn(Cc2cccc(OC3CCNCC3)n2)c2cccc(NC(=O)c3cnc4ccccn34)c12	Colony Stimulating?Factor?1	860.1	US Patent	"4LIQ,6T2W,4DKD"			
COCCOc1ccn2c(cnc2c1)-c1ccc2cccc(O[C@@H]3CCCNC3)c2n1	Colony Stimulating?Factor?1	873	ChEMBL	"3LCO,4DKD,4LIQ,6IG8"			
CCc1nn(Cc2cccc(C)n2)c2cccc(NC(=O)c3cnc4cc(OCC(F)(F)CNC(=O)OC(C)(C)C)ccn34)c12	Colony Stimulating?Factor?1	876.7	US Patent	"4LIQ,6T2W,4DKD"			
COc1cc(OC)cc(\C=N\c2cnc(Nc3ccc(cc3)N3CCOCC3)nc2Oc2ccc(C)cc2OC)c1	Colony Stimulating?Factor?1	883	ChEMBL	"3LCO,4DKD,4LIQ,6IG8"			
CN1CCN(CC1)c1ccc(NC(=O)c2ccc(o2)C#N)c(c1)-c1ccccc1F	Colony Stimulating?Factor?1	890	ChEMBL	"3LCO,4DKD,4LIQ,6IG8"			
COc1cccc(NC(=O)Cn2cc(Nc3ncnc4cc(OC)c(OC)cc34)cn2)c1	Colony Stimulating?Factor?1	900	ChEMBL	"3LCO,4DKD,4LIQ,6IG8"			
COc1cc(Oc2ccnc3cc(F)ccc23)ccc1CC(=O)Nc1noc(C)c1C	Colony Stimulating?Factor?1	900	ChEMBL	"3LCO,4DKD,4LIQ,6IG8"			
COc1ccc(cn1)C1CCc2cc(Cn3cnc4cc(F)cnc34)cc(OC)c2O1	Colony Stimulating?Factor?1	900	US Patent	"3LCO,4DKD,4LIQ,6IG8"			
CCc1nn(Cc2cccc(C)n2)c2cccc(NC(=O)c3cnc4cc(ccn34)C(=O)N3CCNCC3)c12	Colony Stimulating?Factor?1	903.2	US Patent	"4LIQ,6T2W,4DKD"			
COc1ccn2c(Cc3cc(F)c4OC(COc4c3)c3ccc(OC)nc3)cnc2c1	Colony Stimulating?Factor?1	907	US Patent	"3LCO,4DKD,4LIQ,6IG8"			
COc1cc(C)c(cn1)C1COc2cc(Cn3cnc4cccnc34)cc(OC)c2O1	Colony Stimulating?Factor?1	910	US Patent	"3LCO,4DKD,4LIQ,6IG8"			
CCc1nn(Cc2cccc(C)n2)c2cccc(NC(=O)c3cnc4cc(ccn34)-n3cnnc3C)c12	Colony Stimulating?Factor?1	929.2	US Patent	"4LIQ,6T2W,4DKD"			
Nc1nccc(COc2cc(OC(F)(F)F)c3nc(N[C@@H]4CCCC[C@H]4O)sc3c2)c1Cl	Colony Stimulating?Factor?1	930	ChEMBL	4EXP			
CCc1nn(Cc2cccc(OC[C@@H]3[C@@H](O)CCN3C)n2)c2cccc(NC(=O)c3cnc4ccccn34)c12 |r|	Colony Stimulating?Factor?1	931.9	US Patent	"4LIQ,6T2W,4DKD"			
CCc1nn(Cc2cc(C)n(C)n2)c2cccc(NC(=O)c3cnc4ccccn34)c12	Colony Stimulating?Factor?1	936.5	US Patent	"4LIQ,6T2W,4DKD"			
CN1CCN(CC1)c1ccc(NC(=O)c2ccc(o2)C#N)c(c1)-c1ccsc1C	Colony Stimulating?Factor?1	940	ChEMBL	"3LCO,4DKD,4LIQ,6IG8"			
CC(C)N1CCOc2c(F)cc(cc12)-c1nc(Nc2cc(F)c(cn2)C2CCNCC2)ncc1F	Colony Stimulating?Factor?1	950	US Patent	"3LCO,4DKD,4LIQ,6IG8"			
COc1ccc(N2CCCCC2)c(NC(=O)c2ccc(o2)C#N)c1	Colony Stimulating?Factor?1	960	ChEMBL	"3LCO,4DKD,4LIQ,6IG8"			
CN1CCN(Cc2ccc(cc2)C(=O)Nc2ccc(C)c(Nc3nccc(n3)-c3cccnc3)c2)CC1	Colony Stimulating?Factor?1	960	ChEMBL	"3LCO,4DKD,4LIQ,6IG8"			
Nc1ncnc2n(cc(-c3cccc(O)c3)c12)[C@@H]1C[C@H](CO)C1	Colony Stimulating?Factor?1	960	ChEMBL	"3LCO,4DKD,4LIQ,6IG8"			
CN[C@@H]1C[C@H]2O[C@@](C)([C@@H]1OC)n1c3ccccc3c3c4CNC(=O)c4c4c5ccccc5n2c4c13	Colony Stimulating?Factor?1	970	ChEMBL	"3LCO,4DKD,4LIQ,6IG8"			
COc1ccc(cn1)C1CSc2cc(Cn3cnc4cc(Br)cnc34)ccc2O1	Colony Stimulating?Factor?1	970	US Patent	"3LCO,4DKD,4LIQ,6IG8"			
CCc1nn(Cc2cnn(CC3CC3)c2)c2cccc(NC(=O)c3cnc4ccccn34)c12	Colony Stimulating?Factor?1	977.1	US Patent	"4LIQ,6T2W,4DKD"			
COc1cc(Cn2cnc3cc(cnc23)-n2ccnc2C)cc2CCC(Oc12)c1ccc(C)nc1	Colony Stimulating?Factor?1	990	US Patent	"3LCO,4DKD,4LIQ,6IG8"			
CN(C)CCCc1c(C=C2C(=O)Nc3ccc(NS(=O)(=O)c4ccccc4)cc23)[nH]c2CCCC(=O)c12	Colony Stimulating?Factor?1	1000	ChEMBL	"3LCO,4DKD,4LIQ,6IG8"			
CC(C)Oc1ccc(Nc2c(cnc3cc(ccc23)-c2ccncc2)C(N)=O)cc1F	Colony Stimulating?Factor?1	1000	ChEMBL	"3LCO,4DKD,4LIQ,6IG8"			
O=C(Cc1ccccc1)Nc1cccc(c1)-c1nc2sccn2c1-c1ccnc(Nc2cccc(c2)N2CCOCC2)n1	Colony Stimulating?Factor?1	1000	ChEMBL	"3LCO,4DKD,4LIQ,6IG8"			
CCOC(=O)CCc1c(C=C2C(=O)Nc3ccc(NS(=O)(=O)c4ccccc4)cc23)[nH]c2CCCC(=O)c12	Colony Stimulating?Factor?1	1000	ChEMBL	"3LCO,4DKD,4LIQ,6IG8"			
COc1cc2ncnc(Nc3cnn(CC(=O)Nc4cccc(F)c4)c3)c2cc1OC	Colony Stimulating?Factor?1	1000	ChEMBL	"3LCO,4DKD,4LIQ,6IG8"			
COc1cc2ncnc(Nc3cnn(CC(=O)Nc4ccc(cn4)N(C)C)c3)c2cc1OC	Colony Stimulating?Factor?1	1000	ChEMBL	"3LCO,4DKD,4LIQ,6IG8"			
CCn1cc(NC(=O)Cc2cc(Oc3ccnc4cc(OC)c(OC)cc34)[nH]n2)cn1	Colony Stimulating?Factor?1	1000	ChEMBL	"3LCO,4DKD,4LIQ,6IG8"			
COc1cccc(NC(=O)Cc2ccc(Nc3ncnc4cc(OC)c(OC)cc34)cc2)c1	Colony Stimulating?Factor?1	1000	ChEMBL	"3LCO,4DKD,4LIQ,6IG8"			
COc1cccc(NC(=O)Cc2cccc(Oc3ncnc4cc(OC)c(OC)cc34)c2)c1	Colony Stimulating?Factor?1	1000	ChEMBL	"3LCO,4DKD,4LIQ,6IG8"			
COc1cccc(NC(=O)NCc2ccc(Oc3ncnc4cc(OC)c(OC)cc34)cc2)c1	Colony Stimulating?Factor?1	1000	ChEMBL	"3LCO,4DKD,4LIQ,6IG8"			
COc1cccc(c1)S(=O)(=O)NCc1ccc(Oc2ncnc3cc(OC)c(OC)cc23)cc1	Colony Stimulating?Factor?1	1000	ChEMBL	"3LCO,4DKD,4LIQ,6IG8"			
COc1cccc(c1)C(=O)NCc1ccc(Oc2ncnc3cc(OC)c(OC)cc23)cc1	Colony Stimulating?Factor?1	1000	ChEMBL	"3LCO,4DKD,4LIQ,6IG8"			
COc1cccc(CNC(=O)c2ccc(Oc3ncnc4cc(OC)c(OC)cc34)cc2)c1	Colony Stimulating?Factor?1	1000	ChEMBL	"3LCO,4DKD,4LIQ,6IG8"			
CCn1ccc(NC(=O)Cc2ccc(Oc3ncnc4cc(OC)c(OC)cc34)cc2)n1	Colony Stimulating?Factor?1	1000	ChEMBL	"3LCO,4DKD,4LIQ,6IG8"			
COc1cc2ncnc(Oc3ccc(CC(=O)Nc4cn[nH]c4)cc3)c2cc1OC	Colony Stimulating?Factor?1	1000	ChEMBL	"3LCO,4DKD,4LIQ,6IG8"			
COc1cc2ncnc(Oc3ccc(CC(=O)Nc4cnn(C)c4)cc3)c2cc1OC	Colony Stimulating?Factor?1	1000	ChEMBL	"3LCO,4DKD,4LIQ,6IG8"			
COc1cc2ncnc(Nc3ccc(CC(=O)Nc4cnn(c4)C(C)C)cc3)c2cc1OC	Colony Stimulating?Factor?1	1000	ChEMBL	"3LCO,4DKD,4LIQ,6IG8"			
CCOC(=O)c1c(-c2ccccc2)c2cc(Cl)ccc2[nH]c1=O	Colony Stimulating?Factor?1	1000	ChEMBL	"3LCO,4DKD,4LIQ,6IG8"			
Cc1cc(on1)-c1c(-c2ccccc2)c2cc(Cl)cnc2[nH]c1=O	Colony Stimulating?Factor?1	1000	ChEMBL	"3LCO,4DKD,4LIQ,6IG8"			
COCCOc1ccn2c(cnc2c1)-c1ccc2cccc(OCCN)c2n1	Colony Stimulating?Factor?1	1000	ChEMBL	"3LCO,4DKD,4LIQ,6IG8"			
COCCOc1ccn2c(cnc2c1)-c1ccc2cccc(OCc3cnc[nH]3)c2n1	Colony Stimulating?Factor?1	1000	ChEMBL	"3LCO,4DKD,4LIQ,6IG8"			
COCCOc1ccn2c(cnc2c1)-c1ccc2cccc(O[C@@H]3CN[C@@H](C3)C(=O)OC)c2n1	Colony Stimulating?Factor?1	1000	ChEMBL	"3LCO,4DKD,4LIQ,6IG8"			
COCCOc1ccn2c(cnc2c1)-c1ccc2cccc(O[C@H]3CN[C@@H](C3)C(=O)OC)c2n1	Colony Stimulating?Factor?1	1000	ChEMBL	"3LCO,4DKD,4LIQ,6IG8"			
COCCOc1ccn2c(cnc2c1)-c1ccc2cccc(O[C@@H]3CNC[C@H]3OC)c2n1	Colony Stimulating?Factor?1	1000	ChEMBL	"3LCO,4DKD,4LIQ,6IG8"			
COCCOc1ccn2c(cnc2c1)-c1ccc2cccc(OCC3CNCCO3)c2n1	Colony Stimulating?Factor?1	1000	ChEMBL	"3LCO,4DKD,4LIQ,6IG8"			
COCCOc1ccn2c(cnc2c1)-c1ccc2cccc(O[C@H]3CC[C@H](N)CC3)c2n1	Colony Stimulating?Factor?1	1000	ChEMBL	"3LCO,4DKD,4LIQ,6IG8"			
COCCOc1ccn2c(cnc2c1)-c1ccc2cccc(OCC3CCNCC3)c2n1	Colony Stimulating?Factor?1	1000	ChEMBL	"3LCO,4DKD,4LIQ,6IG8"			
COCCOc1ccn2c(cnc2c1)-c1ccc2cccc(OC3CCNCC3)c2n1	Colony Stimulating?Factor?1	1000	ChEMBL	"3LCO,4DKD,4LIQ,6IG8"			
COc1cc2ncnc(Nc3ccc(CC(=O)Nc4cnn(c4)C(C)C)cc3)c2cc1OC	Colony Stimulating?Factor?1	1000	ChEMBL	"3LCO,4DKD,4LIQ,6IG8"			
CCn1cc(NC(=O)Cc2ccc(Oc3ncnc4cc(OC)c(OC)cc34)c(OC)c2)cn1	Colony Stimulating?Factor?1	1000	ChEMBL	"3LCO,4DKD,4LIQ,6IG8"			
COc1cc(Oc2ccnc3ccc(F)cc23)ccc1CC(=O)Nc1noc(C)c1C	Colony Stimulating?Factor?1	1000	ChEMBL	"3LCO,4DKD,4LIQ,6IG8"			
COc1cc(Oc2ncnc3cc(OC)c(OC)cc23)ccc1CC(=O)Nc1cn(C)nc1C	Colony Stimulating?Factor?1	1000	ChEMBL	"3LCO,4DKD,4LIQ,6IG8"			
CCCS(=O)(=O)Nc1ccc(F)c(C(=O)c2c[nH]c3ncc(cc23)-c2ccc(Cl)cc2)c1F	Colony Stimulating?Factor?1	1000	US Patent	"3LCO,4DKD,4LIQ,6IG8"			
Nc1ncnc2n(nc(-c3ccc(Oc4ccccc4)cc3)c12)[C@@H]1CCCN(C1)C(=O)C=C	Colony Stimulating?Factor?1	1000	ChEMBL	"3LCO,4DKD,4LIQ,6IG8"			
Nc1ncnc2n3C[C@@H](NC(=O)C=C)C(=C)c3c(-c3ccc(Oc4ccccc4)cc3)c12	Colony Stimulating?Factor?1	1000	ChEMBL	"3LCO,4DKD,4LIQ,6IG8"			
O=C(Cc1cccc(OCCCN2CCNCC2)c1)Nc1nc(cs1)-c1ccncc1	Colony Stimulating?Factor?1	1000	ChEMBL	"3LCO,4DKD,4LIQ,6IG8"			
CNC(=O)c1cc(Oc2ccc3nc(Nc4cccc(c4)C(C)(C)C)cnc3c2)ccn1	Colony Stimulating?Factor?1	1000	ChEMBL	"3LCO,4DKD,4LIQ,6IG8"			
CNC(=O)c1cc(Oc2ccc3nc(Nc4cccc(c4)C(C)(C)C)ccc3c2)ccn1	Colony Stimulating?Factor?1	1000	ChEMBL	"3LCO,4DKD,4LIQ,6IG8"			
CNC(=O)c1cc(Oc2ccc3nc(Nc4cccc(c4)C(C)(C)C)ncc3c2)ccn1	Colony Stimulating?Factor?1	1000	ChEMBL	"3LCO,4DKD,4LIQ,6IG8"			
COc1cc(NC(=O)c2ccc(c(c2)C#Cc2cc(cnc2N)-c2cnn(C)c2)C(F)(F)F)cc(OC)c1	Colony Stimulating?Factor?1	1000	ChEMBL	"3LCO,4DKD,4LIQ,6IG8"			
CN(C(=O)c1ccc(C)c(c1)C#Cc1cc(cnc1N)-c1cnn(C)c1)c1ccc(Cl)cc1	Colony Stimulating?Factor?1	1000	ChEMBL	"3LCO,4DKD,4LIQ,6IG8"			
Cc1cc(ccc1C#Cc1cc(cnc1N)-c1cnn(C)c1)C(=O)Nc1ccc(Cl)cc1	Colony Stimulating?Factor?1	1000	ChEMBL	"3LCO,4DKD,4LIQ,6IG8"			
COc1cc(NC(=O)c2ccc(C(C)C)c(c2)C#Cc2cc(cnc2N)-c2cnn(C)c2)cc(OC)c1	Colony Stimulating?Factor?1	1000	ChEMBL	"3LCO,4DKD,4LIQ,6IG8"			
Cc1ccc(CNc2ccc(Cl)cc2)cc1C#Cc1cc(cnc1N)-c1cnn(C)c1	Colony Stimulating?Factor?1	1000	ChEMBL	"3LCO,4DKD,4LIQ,6IG8"			
CC1(C)CCC(=CC1)c1nc(ccc1NC(=O)c1nc(c[nH]1)C#N)[C@@H]1CC(C)(C)O[C@](C)(C1)C(O)=O	Colony Stimulating?Factor?1	1000	US Patent	"3LCO,4DKD,4LIQ,6IG8"			
Cc1ncc(C(=O)Nc2cc(C(=O)Nc3ccc(CC(F)(F)F)cn3)c(F)cc2C)s1	Colony Stimulating?Factor?1	1000	US Patent	"4LIQ,6T2W,4DKD"			
Cc1ncc(C(=O)Nc2cc(C(=O)Nc3ccc(OC4CC4)cn3)c(F)cc2C)s1	Colony Stimulating?Factor?1	1000	US Patent	"4LIQ,6T2W,4DKD"			
Cc1ncc(C(=O)Nc2cc(C(=O)Nc3ccc(C4CC4)cn3)c(F)cc2C)s1	Colony Stimulating?Factor?1	1000	US Patent	"4LIQ,6T2W,4DKD"			
Cc1ncc(C(=O)Nc2cc(C(=O)Nc3cnc(OCC(C)(F)F)cn3)c(F)cc2C)s1	Colony Stimulating?Factor?1	1000	US Patent	"4LIQ,6T2W,4DKD"			
Cc1ncc(C(=O)Nc2cc(C(=O)Nc3ccc(CC4CC4)cn3)c(F)cc2C)s1	Colony Stimulating?Factor?1	1000	US Patent	"4LIQ,6T2W,4DKD"			
COCc1ccc(NC(=O)c2cc(NC(=O)c3cnc(N)s3)c(C)cc2F)nc1	Colony Stimulating?Factor?1	1000	US Patent	"4LIQ,6T2W,4DKD"			
Cc1ncc(C(=O)Nc2cc(C(=O)NCc3cccnc3)c(F)cc2C)s1	Colony Stimulating?Factor?1	1000	US Patent	"4LIQ,6T2W,4DKD"			
Cc1ncc(C(=O)Nc2cc(C(=O)Nc3ccc(OC4CC4)cn3)c(F)cc2C)s1	Colony Stimulating?Factor?1	1000	US Patent	"4LIQ,6T2W,4DKD"			
Cc1ncc(C(=O)Nc2cc(C(=O)Nc3ccc(C(F)(F)F)cn3)c(F)cc2C)s1	Colony Stimulating?Factor?1	1000	US Patent	"4LIQ,6T2W,4DKD"			
Cc1ncc(C(=O)Nc2cc(C(=O)Nc3cnc(OC(F)F)cn3)c(F)cc2C)s1	Colony Stimulating?Factor?1	1000	US Patent	"4LIQ,6T2W,4DKD"			
Cc1ncc(C(=O)Nc2cc(C(=O)Nc3ccc(C(F)F)cn3)c(F)cc2C)s1	Colony Stimulating?Factor?1	1000	US Patent	"4LIQ,6T2W,4DKD"			
CCOc1cnc(NC(=O)c2cc(NC(=O)c3cnc(C)s3)c(C)cc2F)cn1	Colony Stimulating?Factor?1	1000	US Patent	"4LIQ,6T2W,4DKD"			
Cc1ncc(C(=O)Nc2cc(C(=O)Nc3ccnc(C#N)c3)c(F)cc2C)s1	Colony Stimulating?Factor?1	1000	US Patent	"4LIQ,6T2W,4DKD"			
Cc1ncc(C(=O)Nc2cc(C(=O)Nc3ccc(C#N)cn3)c(F)cc2C)s1	Colony Stimulating?Factor?1	1000	US Patent	"4LIQ,6T2W,4DKD"			
Cc1ncc(C(=O)Nc2cc(C(=O)Nc3ccc(C(C)(F)F)cn3)c(F)cc2C)s1	Colony Stimulating?Factor?1	1000	US Patent	"4LIQ,6T2W,4DKD"			
Cc1ncc(C(=O)Nc2cc(C(=O)Nc3ccnc(OC(F)F)c3)c(F)cc2C)s1	Colony Stimulating?Factor?1	1000	US Patent	"4LIQ,6T2W,4DKD"			
Cc1ncc(C(=O)Nc2cc(C(=O)Nc3ccnc(C(F)F)c3)c(F)cc2C)s1	Colony Stimulating?Factor?1	1000	US Patent	"4LIQ,6T2W,4DKD"			
COc1cnc(NC(=O)c2cc(NC(=O)c3cnc(C)s3)c(C)cc2F)cn1	Colony Stimulating?Factor?1	1000	US Patent	"4LIQ,6T2W,4DKD"			
Cc1ncc(C(=O)Nc2cc(C(=O)Nc3ccc(C4CC4)nc3)c(F)cc2C)s1	Colony Stimulating?Factor?1	1000	US Patent	"4LIQ,6T2W,4DKD"			
Cc1ncc(C(=O)Nc2cc(C(=O)Nc3ccnc(C(F)(F)F)c3)c(F)cc2C)s1	Colony Stimulating?Factor?1	1000	US Patent	"4LIQ,6T2W,4DKD"			
Cc1ncc(C(=O)Nc2cc(C(=O)Nc3ccc(C(F)(F)F)nc3)c(F)cc2C)s1	Colony Stimulating?Factor?1	1000	US Patent	"4LIQ,6T2W,4DKD"			
CCc1cnc(NC(=O)c2cc(NC(=O)c3cnc(C)s3)c(C)cc2F)cn1	Colony Stimulating?Factor?1	1000	US Patent	"4LIQ,6T2W,4DKD"			
Cc1ncc(C(=O)Nc2cc(C(=O)Nc3cnc(C(C)C)cn3)c(F)cc2C)s1	Colony Stimulating?Factor?1	1000	US Patent	"4LIQ,6T2W,4DKD"			
Cc1ncc(C(=O)Nc2cc(C(=O)Nc3cnc(C(F)(F)F)cn3)c(F)cc2C)s1	Colony Stimulating?Factor?1	1000	US Patent	"4LIQ,6T2W,4DKD"			
Cc1ncc(C(=O)Nc2cc(C(=O)N[C@H]3C[C@@H]3c3ccccc3)c(F)cc2C)s1	Colony Stimulating?Factor?1	1000	US Patent	"4LIQ,6T2W,4DKD"			
Cc1ncc(C(=O)Nc2cc(C(=O)N[C@@H]3C[C@H]3c3ccccc3)c(F)cc2C)s1	Colony Stimulating?Factor?1	1000	US Patent	"4LIQ,6T2W,4DKD"			
Cc1ncc(C(=O)Nc2cc(C(=O)Nc3cnc(OC4CC(F)(F)C4)cn3)c(F)cc2C)s1	Colony Stimulating?Factor?1	1000	US Patent	"4LIQ,6T2W,4DKD"			
CN(CCO)CC(=O)N1CCC(CC1)c1ccc(NC(=O)c2ncc([nH]2)C#N)c(c1)C1=CCCCC1	Colony Stimulating?Factor?1	0.64	ChEMBL	4EXP			
COCCNCC(C)(C)c1ccc(NC(=O)c2ncc([nH]2)C#N)c(c1)C1=CCC(C)(C)CC1 |t:27|	Colony Stimulating?Factor?1	0.64	US Patent	4EXP			
"CC1(C)CCC(=CC1)c1cc(ccc1NC(=O)c1ncc([nH]1)C#N)C1=C[C@]2(CO)O[C@](CO)(C1)C=C2 |r,c:5,38,t:27|"	Colony Stimulating?Factor?1	0.65	US Patent	4EXP			
CC1(C)CCC(=CC1)c1cc(ccc1NC(=O)c1ncc([nH]1)C#N)[C@@]1(O)CC[C@@H](CC1)C(O)=O	Colony Stimulating?Factor?1	0.65	US Patent	4EXP			
"CC1(C)CCC(=CC1)c1cc(ccc1NC(=O)c1ncc([nH]1)C#N)[C@@]1(O)CC2O[C@@H](C1)C=C2 |r,c:5,35|"	Colony Stimulating?Factor?1	0.66	US Patent	4EXP			
"C[C@@]12C[C@](O)(C[C@@](C)(O1)[C@@H](O)[C@H]2O)c1ccc(NC(=O)c2ncc([nH]2)C#N)c(c1)C1=CCC(C)(C)CC1 |r,t:33|"	Colony Stimulating?Factor?1	0.66	US Patent	4EXP			
Cn1cc(cn1)-c1cc(Oc2ccc(NC(=O)N3CCC4(CCC4)C3=O)nc2)ccn1	Colony Stimulating?Factor?1	0.66	US Patent	"3LCO,4DKD,4LIQ,6IG8"			
CN(C)C1(CCOCC1)c1ccc(NC(=O)c2ncc([nH]2)C#N)c(c1)C1=CCC(C)(C)CC1	Colony Stimulating?Factor?1	0.67	US Patent	4EXP			
COC(=O)C1(CCOCC1)c1ccc(NC(=O)c2nc(c[nH]2)C#N)c(c1)C1=CCC(C)(C)CC1	Colony Stimulating?Factor?1	0.67	US Patent	4EXP			
CC(=O)NCCNC(C)(C)c1ccc(NC(=O)c2ncc([nH]2)C#N)c(c1)C1=CCC(C)(C)CC1 |t:28|	Colony Stimulating?Factor?1	0.68	US Patent	4EXP			
CN(C)CC(=O)N1CCC(CC1)c1ccc(NC(=O)c2ncc([nH]2)C#N)c(c1)C1=CCCCC1	Colony Stimulating?Factor?1	0.69	ChEMBL	"3LCO,4DKD,4LIQ,6IG8"			
CN(C)CC(=O)N1CCC(CC1)c1ccc(NC(=O)c2ncc([nH]2)C#N)c(c1)C1=CCCCC1	Colony Stimulating?Factor?1	0.69	ChEMBL	"3LCO,4DKD,4LIQ,6IG8"			
CC(C)(N1CCN(CCO)CC1)c1ccc(NC(=O)c2ncc([nH]2)C#N)c(c1)C1=CCC(C)(C)CC1 |t:31|	Colony Stimulating?Factor?1	0.69	US Patent	4EXP			
OCCNC(=O)N1CCC(CC1)c1ccc(NC(=O)c2ncc([nH]2)C#N)c(c1)C1=CCCCC1	Colony Stimulating?Factor?1	0.7	ChEMBL	"3LCO,4DKD,4LIQ,6IG8"			
CN1CCN(CCc2ccc(Nc3ncc4c(n3)n(cc(C(=O)NCCO)c4=O)-c3ccc4CCCc4c3)cc2)CC1	Colony Stimulating?Factor?1	0.7	Curated from the literature by BindingDB	"4LIQ,6T2W,4DKD"			
CONC(=O)c1cn(-c2ccc3CCCc3c2)c2nc(Nc3ccc(CCN4CCN(C)CC4)cc3)ncc2c1=O	Colony Stimulating?Factor?1	0.7	Curated from the literature by BindingDB	"4LIQ,6T2W,4DKD"			
CONC(=O)c1cn(-c2ccc3CCCc3c2)c2nc(Nc3ccc(cc3)C3CCN(C)CC3(F)F)ncc2c1=O	Colony Stimulating?Factor?1	0.7	Curated from the literature by BindingDB	"4LIQ,6T2W,4DKD"			
CC1(C)CCC(=CC1)c1cc(ccc1NC(=O)c1ncc([nH]1)C#N)C1(O)CCOCC1	Colony Stimulating?Factor?1	0.7	US Patent	4EXP			
CC(=O)N1CCC(O)(CC1)c1ccc(NC(=O)c2nc(c[nH]2)C#N)c(c1)C1=CCC(C)(C)CC1	Colony Stimulating?Factor?1	0.7	US Patent	4EXP			
O=C(Nc1ccc(cc1N1CCCCC1)N1CCS(=O)(=O)CC1)c1ccc(o1)C#N	Colony Stimulating?Factor?1	0.7	ChEMBL	"3LCO,4DKD,4LIQ,6IG8"			
CC1CCN(CC1)c1cc(ccc1NC(=O)c1cc(c[nH]1)C#N)N1CCN(CC1)C(C)=O	Colony Stimulating?Factor?1	0.7	ChEMBL	"3LCO,4DKD,4LIQ,6IG8"			
CC(C)(N1CCN(CCO)CC1)c1ccc(NC(=O)c2ncc([nH]2)C#N)c(c1)C1=CCC(C)(C)CC1	Colony Stimulating?Factor?1	0.7	ChEMBL	"3LCO,4DKD,4LIQ,6IG8"			
CC(=O)NCCNC(C)(C)c1ccc(NC(=O)c2ncc([nH]2)C#N)c(c1)C1=CCC(C)(C)CC1	Colony Stimulating?Factor?1	0.7	ChEMBL	"3LCO,4DKD,4LIQ,6IG8"			
Cc1ccc(cc1C#Cc1cc(cnc1N)-c1cnn(C)c1)C(=O)Nc1ccc(Cl)cc1	Colony Stimulating?Factor?1	0.7	ChEMBL	"3LCO,4DKD,4LIQ,6IG8"			
Cc1ccc(cc1C#Cc1cc(cnc1N)-c1cnn(C)c1)C(=O)Nc1ccc(Cl)cc1	Colony Stimulating?Factor?1	0.7	ChEMBL	"3LCO,4DKD,4LIQ,6IG8"			
CN(Cc1ccccc1C)c1ncnc2[nH]c(cc12)-c1ccc(CO)cc1	Colony Stimulating?Factor?1	0.7	ChEMBL	"4LIQ,6T2W,4DKD"			
"C[C@@]12CC(C[C@@](C)(O1)[C@@H](O)[C@H]2O)c1ccc(NC(=O)c2ncc([nH]2)C#N)c(n1)C1=CCC(C)(C)CC1 |r,t:32|"	Colony Stimulating?Factor?1	0.72	US Patent	4EXP			
"CC1(C)CCC(=CC1)c1cc(ccc1NC(=O)c1ncc([nH]1)C#N)[C@@H]1C[C@@]2(CO)CC[C@@](CO)(C1)O2 |r,c:5|"	Colony Stimulating?Factor?1	0.72	US Patent	4EXP			
CC1(C)CCC(=CC1)c1cc(ccc1NC(=O)c1nc(c[nH]1)C#N)[C@@]1(O)CC[C@@H](CC1)N1CCOCC1	Colony Stimulating?Factor?1	0.72	US Patent	4EXP			
CC1(C)CCC(=CC1)c1cc(CN2CCN(CCO)CC2)ccc1NC(=O)c1ncc([nH]1)C#N |c:5|	Colony Stimulating?Factor?1	0.75	US Patent	4EXP			
CCN1Cc2c(O[C@@H](C)CNC(=O)c3c(N)nn4ccc1nc34)ccc(F)c2C#N	Colony Stimulating?Factor?1	0.76	ChEMBL	"4LIQ,6T2W,4DKD"			
CC1CCN(CC1)c1cc(ccc1NC(=O)c1cc(c[nH]1)C#N)N1CCN(C)CC1	Colony Stimulating?Factor?1	0.78	ChEMBL	"3LCO,4DKD,4LIQ,6IG8"			
CN1CCN(CC1)c1ccc(NC(=O)c2ccc(o2)C#N)c(c1)N1CCCCC1	Colony Stimulating?Factor?1	0.8	ChEMBL	"3LCO,4DKD,4LIQ,6IG8"			
CC1CCN(CC1)c1cc(ccc1NC(=O)c1cc(c[nH]1)C#N)N1CCN(C)CC1	Colony Stimulating?Factor?1	0.8	ChEMBL	"3LCO,4DKD,4LIQ,6IG8"			
CN1CCN(CCc2ccc(Nc3ncc4c(n3)n(cc(C(N)=O)c4=O)-c3ccc4CCCc4c3)cc2)CC1	Colony Stimulating?Factor?1	0.8	Curated from the literature by BindingDB	"4LIQ,6T2W,4DKD"			
CONC(=O)c1cn(-c2ccc3CCCc3c2)c2nc(Nc3ccc(CCN4CCNC(=O)C4)cc3)ncc2c1=O	Colony Stimulating?Factor?1	0.8	Curated from the literature by BindingDB	"4LIQ,6T2W,4DKD"			
CONC(=O)c1cn(-c2ccc3CCCc3c2)c2nc(Nc3ccc(CCN4CCN(C)C(=O)C4)cc3)ncc2c1=O	Colony Stimulating?Factor?1	0.8	Curated from the literature by BindingDB	"4LIQ,6T2W,4DKD"			
CCN1CCCC(O)(C1)c1cccc(Nc2ncc3c(n2)n(cc(C(=O)NOC)c3=O)-c2ccc3CCCc3c2)c1	Colony Stimulating?Factor?1	0.8	Curated from the literature by BindingDB	"4LIQ,6T2W,4DKD"			
CC1CCN(CC1)c1cc(ccc1NC(=O)c1cc(c[nH]1)C#N)N1CCN(C)CC1	Colony Stimulating?Factor?1	0.8	Curated from the literature by BindingDB	"4LIQ,6T2W,4DKD"			
CN(C)CCOC(C)(C)c1ccc(NC(=O)c2ncc([nH]2)C#N)c(c1)C1=CCC(C)(C)CC1 |t:27|	Colony Stimulating?Factor?1	0.8	US Patent	4EXP			
CC1(C)CCC(=CC1)c1cc(CCN2CCOCC2)ccc1NC(=O)c1ncc([nH]1)C#N |c:5|	Colony Stimulating?Factor?1	0.8	US Patent	4EXP			
CC(=O)N1CCC(N)(CC1)c1ccc(NC(=O)c2nc(c[nH]2)C#N)c(c1)C1=CCC(C)(C)CC1	Colony Stimulating?Factor?1	0.8	US Patent	4EXP			
CC1(C)CCC(=CC1)c1cc(ccc1NC(=O)c1nc(c[nH]1)C#N)C1(CCOCC1)c1nn[nH]n1	Colony Stimulating?Factor?1	0.8	US Patent	4EXP			
CC1(C)CCC(=CC1)c1cc(ccc1NC(=O)c1nc(c[nH]1)C#N)C1(CCOCC1)C(N)=O	Colony Stimulating?Factor?1	0.8	US Patent	4EXP			
CN1CCN(CC1)c1ccc(NC(=O)c2ccc(o2)C#N)c(c1)N1CCCCC1	Colony Stimulating?Factor?1	0.8	ChEMBL	"3LCO,4DKD,4LIQ,6IG8"			
CC1(C)CCC(=CC1)c1cc(CCN2CCOCC2)ccc1NC(=O)c1ncc([nH]1)C#N	Colony Stimulating?Factor?1	0.8	ChEMBL	"3LCO,4DKD,4LIQ,6IG8"			
Cc1ncc(C(=O)Nc2cc(C(=O)Nc3cncc(C(F)(F)F)n3)c(F)cc2C)s1	Colony Stimulating?Factor?1	1000	US Patent	"4LIQ,6T2W,4DKD"			
Cc1ncc(C(=O)Nc2cc(C(=O)Nc3cncc(CC4CC4)n3)c(F)cc2C)s1	Colony Stimulating?Factor?1	1000	US Patent	"4LIQ,6T2W,4DKD"			
Cc1ncc(C(=O)Nc2cc(C(=O)Nc3ccc(C4CC4)nn3)c(F)cc2C)s1	Colony Stimulating?Factor?1	1000	US Patent	"4LIQ,6T2W,4DKD"			
Cc1ncc(C(=O)Nc2cc(C(=O)Nc3ccc(OCC(F)F)cn3)c(F)cc2C)s1	Colony Stimulating?Factor?1	1000	US Patent	"4LIQ,6T2W,4DKD"			
COCc1ccc(NC(=O)c2cc(NC(=O)c3cnc(C)s3)c(C)cc2F)nc1	Colony Stimulating?Factor?1	1000	US Patent	"4LIQ,6T2W,4DKD"			
Cc1ncc(C(=O)Nc2cc(C(=O)Nc3ccc(OC(F)F)cn3)c(F)cc2C)s1	Colony Stimulating?Factor?1	1000	US Patent	"4LIQ,6T2W,4DKD"			
Cc1ncc(C(=O)Nc2cc(C(=O)Nc3ccc(OC(F)(F)F)cn3)c(F)cc2C)s1	Colony Stimulating?Factor?1	1000	US Patent	"4LIQ,6T2W,4DKD"			
Cc1ncc(C(=O)Nc2cc(C(=O)Nc3ccc(OC(C)C)cn3)c(F)cc2C)s1	Colony Stimulating?Factor?1	1000	US Patent	"4LIQ,6T2W,4DKD"			
Cc1ncc(C(=O)Nc2cc(C(=O)Nc3ccc(OCC(F)(F)F)cn3)c(F)cc2C)s1	Colony Stimulating?Factor?1	1000	US Patent	"4LIQ,6T2W,4DKD"			
Cc1ncc(C(=O)Nc2cc(C(=O)Nc3cnc(C4CC4)nc3)c(F)cc2C)s1	Colony Stimulating?Factor?1	1000	US Patent	"4LIQ,6T2W,4DKD"			
Cc1ncc(C(=O)Nc2cc(C(=O)Nc3cnc(C4CC4)cn3)c(F)cc2C)s1	Colony Stimulating?Factor?1	1000	US Patent	"4LIQ,6T2W,4DKD"			
Cc1ncc(C(=O)Nc2cc(C(=O)Nc3ncc(C4CC4)cn3)c(F)cc2C)s1	Colony Stimulating?Factor?1	1000	US Patent	"4LIQ,6T2W,4DKD"			
Cc1ncc(C(=O)Nc2cc(C(=O)Nc3ccc(CC(F)F)cn3)c(F)cc2C)s1	Colony Stimulating?Factor?1	1000	US Patent	"4LIQ,6T2W,4DKD"			
Cc1ncc(C(=O)Nc2cc(C(=O)Nc3ccc(CC(F)(F)F)cn3)c(F)cc2Cl)s1	Colony Stimulating?Factor?1	1000	US Patent	"4LIQ,6T2W,4DKD"			
COCc1ccc(NC(=O)c2cc(NC(=O)c3cnc(C)s3)c(Cl)cc2F)nc1	Colony Stimulating?Factor?1	1000	US Patent	"4LIQ,6T2W,4DKD"			
Cc1ncc(C(=O)Nc2cc(C(=O)Nc3ccc(OC(C)C)cn3)c(F)cc2Cl)s1	Colony Stimulating?Factor?1	1000	US Patent	"4LIQ,6T2W,4DKD"			
Cc1ncc(C(=O)Nc2cc(C(=O)Nc3ccc(OC4CC4)cn3)c(F)cc2Cl)s1	Colony Stimulating?Factor?1	1000	US Patent	"4LIQ,6T2W,4DKD"			
Cc1ncc(C(=O)Nc2cc(C(=O)NCc3ccccc3F)c(F)cc2C)s1	Colony Stimulating?Factor?1	1000	US Patent	"4LIQ,6T2W,4DKD"			
Cc1ncc(C(=O)Nc2cc(C(=O)Nc3cccc(CC(F)(F)F)n3)c(F)cc2C)s1	Colony Stimulating?Factor?1	1000	US Patent	"4LIQ,6T2W,4DKD"			
Cc1ncc(C(=O)Nc2cc(C(=O)Nc3cncc(C4CC4)c3)c(F)cc2C)s1	Colony Stimulating?Factor?1	1000	US Patent	"4LIQ,6T2W,4DKD"			
Cc1ncc(C(=O)Nc2cc(C(=O)Nc3cccc(C(F)(F)F)n3)c(F)cc2C)s1	Colony Stimulating?Factor?1	1000	US Patent	"4LIQ,6T2W,4DKD"			
Cc1ncc(C(=O)Nc2cc(C(=O)Nc3cnc(C(F)F)cn3)c(F)cc2C)s1	Colony Stimulating?Factor?1	1000	US Patent	"4LIQ,6T2W,4DKD"			
Cc1ncc(C(=O)Nc2cc(C(=O)NCCCN3CCOCC3)c(F)cc2C)s1	Colony Stimulating?Factor?1	1000	US Patent	"4LIQ,6T2W,4DKD"			
Cc1ncc(C(=O)Nc2cc(C(=O)Nc3cnc(OC[C@@H]4CC4(F)F)cn3)c(F)cc2C)s1	Colony Stimulating?Factor?1	1000	US Patent	"4LIQ,6T2W,4DKD"			
Cc1cc(F)c(C(=O)Nc2ccc(OC3CC3)cn2)cc1NC(=O)c1cnc(C(F)F)s1	Colony Stimulating?Factor?1	1000	US Patent	"4LIQ,6T2W,4DKD"			
Cc1cc(F)c(C(=O)Nc2ccc(OC3CC3)cn2)cc1NC(=O)c1cnc(C2CC2)s1	Colony Stimulating?Factor?1	1000	US Patent	"4LIQ,6T2W,4DKD"			
Cc1ncc(C(=O)Nc2cc(C(=O)Nc3ccn(C4CCC4)n3)c(F)cc2C)s1	Colony Stimulating?Factor?1	1000	US Patent	"4LIQ,6T2W,4DKD"			
Cc1ncc(C(=O)Nc2cc(C(=O)Nc3ccc(CC4CC4)c(C)n3)c(F)cc2C)s1	Colony Stimulating?Factor?1	1000	US Patent	"4LIQ,6T2W,4DKD"			
Cc1ncc(C(=O)Nc2cc(C(=O)Nc3ccn(C(C)C)n3)c(F)cc2C)s1	Colony Stimulating?Factor?1	1000	US Patent	"4LIQ,6T2W,4DKD"			
Cc1ncc(C(=O)Nc2cc(C(=O)Nc3ccn(CC(C)C)n3)c(F)cc2C)s1	Colony Stimulating?Factor?1	1000	US Patent	"4LIQ,6T2W,4DKD"			
Cc1ncc(C(=O)Nc2cc(C(=O)Nc3ccc(OCC4CC4)cn3)c(F)cc2C)s1	Colony Stimulating?Factor?1	1000	US Patent	"4LIQ,6T2W,4DKD"			
Cc1ncc(C(=O)Nc2cc(C(=O)Nc3cnc(CC4CC4)cn3)c(F)cc2C)s1	Colony Stimulating?Factor?1	1000	US Patent	"4LIQ,6T2W,4DKD"			
Cc1ncc(C(=O)Nc2cc(C(=O)Nc3ccc(C4(C(F)(F)F)CC4)cn3)c(F)cc2C)s1	Colony Stimulating?Factor?1	1000	US Patent	"4LIQ,6T2W,4DKD"			
Cc1ncc(C(=O)Nc2cc(C(=O)NCC3(F)CCC3)c(F)cc2C)s1	Colony Stimulating?Factor?1	1000	US Patent	"4LIQ,6T2W,4DKD"			
Cc1ncc(C(=O)Nc2cc(C(=O)Nc3ccn(C(F)F)n3)c(F)cc2C)s1	Colony Stimulating?Factor?1	1000	US Patent	"4LIQ,6T2W,4DKD"			
Cc1ncc(C(=O)Nc2cc(C(=O)Nc3ccn(CC4CC4)n3)c(F)cc2C)s1	Colony Stimulating?Factor?1	1000	US Patent	"4LIQ,6T2W,4DKD"			
Cc1ncc(C(=O)Nc2cc(C(=O)Nc3cnc(N4CC(O)C4)cn3)c(F)cc2C)s1	Colony Stimulating?Factor?1	1000	US Patent	"4LIQ,6T2W,4DKD"			
Cc1ncc(C(=O)Nc2cc(C(=O)Nc3cnc(N4CC[C@@H](O)C4)cn3)c(F)cc2C)s1	Colony Stimulating?Factor?1	1000	US Patent	"4LIQ,6T2W,4DKD"			
COC1CN(c2cnc(NC(=O)c3cc(NC(=O)c4cnc(C)s4)c(C)cc3F)cn2)C1	Colony Stimulating?Factor?1	1000	US Patent	"4LIQ,6T2W,4DKD"			
CO[C@@H]1CCN(c2cnc(NC(=O)c3cc(NC(=O)c4cnc(C)s4)c(C)cc3F)cn2)C1	Colony Stimulating?Factor?1	1000	US Patent	"4LIQ,6T2W,4DKD"			
Cc1ncc(C(=O)Nc2cc(C(=O)Nc3ccc(CC(F)(F)F)cn3)c(C)cc2C)s1	Colony Stimulating?Factor?1	1000	US Patent	"4LIQ,6T2W,4DKD"			
Cc1ncc(C(=O)Nc2cc(C(=O)Nc3cncc(C(F)F)c3)c(F)cc2C)s1	Colony Stimulating?Factor?1	1000	US Patent	"4LIQ,6T2W,4DKD"			
Cc1ncc(C(=O)Nc2cc(C(=O)Nc3cncc(C(F)(F)F)c3)c(F)cc2C)s1	Colony Stimulating?Factor?1	1000	US Patent	"4LIQ,6T2W,4DKD"			
Cc1ncc(C(=O)Nc2cc(C(=O)Nc3ccc(COC(F)F)cn3)c(F)cc2C)s1	Colony Stimulating?Factor?1	1000	US Patent	"4LIQ,6T2W,4DKD"			
Cc1ncc(C(=O)Nc2cc(C(=O)NCc3ccn(C(C)C)n3)c(F)cc2C)s1	Colony Stimulating?Factor?1	1000	US Patent	"4LIQ,6T2W,4DKD"			
Cc1ncc(C(=O)Nc2cc(C(=O)Nc3cncc(COC(F)F)c3)c(F)cc2C)s1	Colony Stimulating?Factor?1	1000	US Patent	"4LIQ,6T2W,4DKD"			
Cc1ncc(C(=O)Nc2cc(C(=O)Nc3cncc(CC(F)(F)F)c3)c(F)cc2C)s1	Colony Stimulating?Factor?1	1000	US Patent	"4LIQ,6T2W,4DKD"			
CCc1ccc(NC(=O)c2cc(NC(=O)c3cnc(C)s3)c(C)cc2F)nc1	Colony Stimulating?Factor?1	1000	US Patent	"4LIQ,6T2W,4DKD"			
Cc1ncc(C(=O)Nc2cc(C(=O)Nc3cnc(N4CCC[C@@H]4C)cn3)c(F)cc2C)s1	Colony Stimulating?Factor?1	1000	US Patent	"4LIQ,6T2W,4DKD"			
Cc1ncc(C(=O)Nc2cc(C(=O)Nc3cnc(N4CCC[C@H]4C)cn3)c(F)cc2C)s1	Colony Stimulating?Factor?1	1000	US Patent	"4LIQ,6T2W,4DKD"			
Cc1ncc(C(=O)Nc2cc(C(=O)Nc3cnc(N4CCCC4)cn3)c(F)cc2C)s1	Colony Stimulating?Factor?1	1000	US Patent	"4LIQ,6T2W,4DKD"			
Cc1ncc(C(=O)Nc2cc(C(=O)Nc3cnc(OCC(F)F)cn3)c(F)cc2C)s1	Colony Stimulating?Factor?1	1000	US Patent	"4LIQ,6T2W,4DKD"			
Cc1ncc(C(=O)Nc2cc(C(=O)Nc3cnc(OC(F)(F)F)cn3)c(F)cc2C)s1	Colony Stimulating?Factor?1	1000	US Patent	"4LIQ,6T2W,4DKD"			
Cc1ncc(C(=O)Nc2cc(C(=O)Nc3cnc(OCC4CC4)cn3)c(F)cc2C)s1	Colony Stimulating?Factor?1	1000	US Patent	"4LIQ,6T2W,4DKD"			
Cc1ncc(C(=O)Nc2cc(C(=O)Nc3cnc(OCC(F)(F)F)cn3)c(F)cc2C)s1	Colony Stimulating?Factor?1	1000	US Patent	"4LIQ,6T2W,4DKD"			
COC[C@H]1CCCN1c1cnc(NC(=O)c2cc(NC(=O)c3cnc(C)s3)c(C)cc2F)cn1	Colony Stimulating?Factor?1	1000	US Patent	"4LIQ,6T2W,4DKD"			
Cc1ncc(C(=O)Nc2cc(C(=O)Nc3cnc(CC4CC4)cn3)c(F)cc2C)s1	Colony Stimulating?Factor?1	1000	US Patent	"4LIQ,6T2W,4DKD"			
Cc1ncc(C(=O)Nc2cc(C(=O)Nc3cnc(N4CCC(F)(F)C4)cn3)c(F)cc2C)s1	Colony Stimulating?Factor?1	1000	US Patent	"4LIQ,6T2W,4DKD"			
Cc1ncc(C(=O)Nc2cc(C(=O)Nc3cnc(N4CC[C@H](F)C4)cn3)c(F)cc2C)s1	Colony Stimulating?Factor?1	1000	US Patent	"4LIQ,6T2W,4DKD"			
Cc1ncc(C(=O)Nc2cc(C(=O)Nc3cnc(N4CC[C@@H](F)C4)cn3)c(F)cc2C)s1	Colony Stimulating?Factor?1	1000	US Patent	"4LIQ,6T2W,4DKD"			
Cc1ncc(C(=O)Nc2cc(C(=O)Nc3cnc(N4CCC[C@H]4C(F)(F)F)cn3)c(F)cc2C)s1	Colony Stimulating?Factor?1	1000	US Patent	"4LIQ,6T2W,4DKD"			
Cc1ncc(C(=O)Nc2cc(C(=O)Nc3cnc(N4CCC[C@@H]4C(F)(F)F)cn3)c(F)cc2C)s1	Colony Stimulating?Factor?1	1000	US Patent	"4LIQ,6T2W,4DKD"			
COC[C@@H]1CCCN1c1cnc(NC(=O)c2cc(NC(=O)c3cnc(C)s3)c(C)cc2F)cn1	Colony Stimulating?Factor?1	1000	US Patent	"4LIQ,6T2W,4DKD"			
Cc1ncc(C(=O)Nc2cc(C(=O)Nc3ccc(CC(F)(F)F)nc3)c(F)cc2C)s1	Colony Stimulating?Factor?1	1000	US Patent	"4LIQ,6T2W,4DKD"			
Cc1ncc(C(=O)Nc2cc(C(=O)Nc3ccc(CC(F)(F)F)cn3)c(Cl)cc2C)s1	Colony Stimulating?Factor?1	1000	US Patent	"4LIQ,6T2W,4DKD"			
Cc1ncc(C(=O)Nc2cc(C(=O)Nc3ccnc(CC4CC4)n3)c(F)cc2C)s1	Colony Stimulating?Factor?1	1000	US Patent	"4LIQ,6T2W,4DKD"			
Cc1cc(F)c(C(=O)NCC2(F)CC2)cc1NC(=O)c1cnc(NC(=O)N2CCC2)s1	Colony Stimulating?Factor?1	1000	US Patent	"4LIQ,6T2W,4DKD"			
Cc1cc(F)c(C(=O)N[C@H]2CCOC2)cc1NC(=O)c1cnc(NC(=O)N2CCOCC2)s1	Colony Stimulating?Factor?1	1000	US Patent	"4LIQ,6T2W,4DKD"			
Cc1cc(F)c(C(=O)Nc2ccc(OC3CC3)cn2)cc1NC(=O)c1cnc(NC(=O)OC2CCC2)s1	Colony Stimulating?Factor?1	1000	US Patent	"4LIQ,6T2W,4DKD"			
Cc1cc(F)c(C(=O)Nc2ccc(OC3CC3)cn2)cc1NC(=O)c1cnc(NC(=O)[C@@H]2CCOC2)s1	Colony Stimulating?Factor?1	1000	US Patent	"4LIQ,6T2W,4DKD"			
Cc1cc(F)c(C(=O)Nc2ccc(OC3CC3)cn2)cc1NC(=O)c1cnc(NC(=O)C2CCOC2)s1	Colony Stimulating?Factor?1	1000	US Patent	"4LIQ,6T2W,4DKD"			
Cc1cc(F)c(C(=O)Nc2ccc(OC3CC3)cn2)cc1NC(=O)c1cnc(NC(=O)C(C)(C)O)s1	Colony Stimulating?Factor?1	1000	US Patent	"4LIQ,6T2W,4DKD"			
Cc1cc(F)c(C(=O)Nc2ccc(O[C@H]3CCOC3)cn2)cc1NC(=O)c1cnc(N)s1	Colony Stimulating?Factor?1	1000	US Patent	"4LIQ,6T2W,4DKD"			
Cc1cc(F)c(C(=O)Nc2ccc3c(n2)COC3)cc1NC(=O)c1cnc(N)s1	Colony Stimulating?Factor?1	1000	US Patent	"4LIQ,6T2W,4DKD"			
Cc1cc(F)c(C(=O)NC2CN(C(=O)C3CC3)C2)cc1NC(=O)c1cnc(N)s1	Colony Stimulating?Factor?1	1000	US Patent	"4LIQ,6T2W,4DKD"			
Cc1cc(F)c(C(=O)NCC(F)(F)F)cc1NC(=O)c1cnc(N)s1	Colony Stimulating?Factor?1	1000	US Patent	"4LIQ,6T2W,4DKD"			
CO[C@H]1C[C@@H](NC(=O)c2cc(NC(=O)c3cnc(N)s3)c(C)cc2F)C1	Colony Stimulating?Factor?1	1000	US Patent	"4LIQ,6T2W,4DKD"			
Cc1cc(F)c(C(=O)N[C@H]2C[C@@H](F)C2)cc1NC(=O)c1cnc(N)s1	Colony Stimulating?Factor?1	1000	US Patent	"4LIQ,6T2W,4DKD"			
Cc1cc(F)c(C(=O)NC2CN(c3ncccn3)C2)cc1NC(=O)c1cnc(N)s1	Colony Stimulating?Factor?1	1000	US Patent	"4LIQ,6T2W,4DKD"			
Cc1cc(F)c(C(=O)N[C@H]2C[C@@H](C#N)C2)cc1NC(=O)c1cnc(N)s1	Colony Stimulating?Factor?1	1000	US Patent	"4LIQ,6T2W,4DKD"			
Cc1cc(F)c(C(=O)N[C@H]2C[C@@H](C(N)=O)C2)cc1NC(=O)c1cnc(N)s1	Colony Stimulating?Factor?1	1000	US Patent	"4LIQ,6T2W,4DKD"			
COc1ccc(NC(=O)c2cc(NC(=O)c3cnc(N)s3)c(C)cc2F)nc1	Colony Stimulating?Factor?1	1000	US Patent	"4LIQ,6T2W,4DKD"			
Cc1cc(F)c(C(=O)Nc2ccccn2)cc1NC(=O)c1cnc(N)s1	Colony Stimulating?Factor?1	1000	US Patent	"4LIQ,6T2W,4DKD"			
Cc1ccc(NC(=O)c2cc(NC(=O)c3cnc(N)s3)c(C)cc2F)nc1	Colony Stimulating?Factor?1	1000	US Patent	"4LIQ,6T2W,4DKD"			
Cc1cc(F)c(C(=O)N[C@H]2C[C@H]2F)cc1NC(=O)c1cnc(N)s1	Colony Stimulating?Factor?1	1000	US Patent	"4LIQ,6T2W,4DKD"			
Cc1cc(F)c(C(=O)N[C@@H]2C[C@@H]2F)cc1NC(=O)c1cnc(N)s1	Colony Stimulating?Factor?1	1000	US Patent	"4LIQ,6T2W,4DKD"			
Cc1cc(F)c(C(=O)N[C@H]2C[C@@H]2F)cc1NC(=O)c1cnc(N)s1	Colony Stimulating?Factor?1	1000	US Patent	"4LIQ,6T2W,4DKD"			
Cc1cc(F)c(C(=O)Nc2ccn(C3CC(F)(F)C3)n2)cc1NC(=O)c1cnc(N)s1	Colony Stimulating?Factor?1	1000	US Patent	"4LIQ,6T2W,4DKD"			
Cc1cc(F)c(C(=O)Nc2ccn(CC(C)C)n2)cc1NC(=O)c1cnc(N)s1	Colony Stimulating?Factor?1	1000	US Patent	"4LIQ,6T2W,4DKD"			
Cc1cc(F)c(C(=O)Nc2ccc(OCC3CC3)cn2)cc1NC(=O)c1cnc(N)s1	Colony Stimulating?Factor?1	1000	US Patent	"4LIQ,6T2W,4DKD"			
Cc1cc(F)c(C(=O)Nc2ccn(CCO)n2)cc1NC(=O)c1cnc(N)s1	Colony Stimulating?Factor?1	1000	US Patent	"4LIQ,6T2W,4DKD"			
Cc1cc(F)c(C(=O)Nc2ccn(CC(F)F)n2)cc1NC(=O)c1cnc(N)s1	Colony Stimulating?Factor?1	1000	US Patent	"4LIQ,6T2W,4DKD"			
Cc1cc(F)c(C(=O)Nc2ccn([C@@H]3CCOC3)n2)cc1NC(=O)c1cnc(N)s1	Colony Stimulating?Factor?1	1000	US Patent	"4LIQ,6T2W,4DKD"			
Cc1cc(F)c(C(=O)Nc2ccn(C3CCOCC3)n2)cc1NC(=O)c1cnc(N)s1	Colony Stimulating?Factor?1	1000	US Patent	"4LIQ,6T2W,4DKD"			
Cc1cc(F)c(C(=O)Nc2ccc(OC3CC3)c(C)n2)cc1NC(=O)c1cnc(N)s1	Colony Stimulating?Factor?1	1000	US Patent	"4LIQ,6T2W,4DKD"			
Cc1cc(F)c(C(=O)Nc2ccn(CC(C)(C)O)n2)cc1NC(=O)c1cnc(N)s1	Colony Stimulating?Factor?1	1000	US Patent	"4LIQ,6T2W,4DKD"			
Cc1cc(F)c(C(=O)Nc2ccn(C3CCC3)n2)cc1NC(=O)c1cnc(N)s1	Colony Stimulating?Factor?1	1000	US Patent	"4LIQ,6T2W,4DKD"			
Cc1cc(F)c(C(=O)Nc2cc3n(n2)CCC3)cc1NC(=O)c1cnc(N)s1	Colony Stimulating?Factor?1	1000	US Patent	"4LIQ,6T2W,4DKD"			
Cc1cc(F)c(C(=O)Nc2cn[nH]c2)cc1NC(=O)c1cnc(N)s1	Colony Stimulating?Factor?1	1000	US Patent	"4LIQ,6T2W,4DKD"			
Cc1cc(F)c(C(=O)Nc2ccn(C(C)C)n2)cc1NC(=O)c1cnc(N)s1	Colony Stimulating?Factor?1	1000	US Patent	"4LIQ,6T2W,4DKD"			
Cc1cc(F)c(C(=O)Nc2ccn(C3CC3)n2)cc1NC(=O)c1cnc(N)s1	Colony Stimulating?Factor?1	1000	US Patent	"4LIQ,6T2W,4DKD"			
Cc1cc(F)c(C(=O)Nc2ccn(C)n2)cc1NC(=O)c1cnc(N)s1	Colony Stimulating?Factor?1	1000	US Patent	"4LIQ,6T2W,4DKD"			
Cc1cc(F)c(C(=O)NCCCN2CCOCC2)cc1NC(=O)c1cnc(N)s1	Colony Stimulating?Factor?1	1000	US Patent	"4LIQ,6T2W,4DKD"			
Cc1cc(F)c(C(=O)Nc2cnn(C)c2)cc1NC(=O)c1cnc(N)s1	Colony Stimulating?Factor?1	1000	US Patent	"4LIQ,6T2W,4DKD"			
Cc1cc(F)c(C(=O)Nc2ccn(-c3ccccn3)n2)cc1NC(=O)c1cnc(N)s1	Colony Stimulating?Factor?1	1000	US Patent	"4LIQ,6T2W,4DKD"			
Cc1cc(F)c(C(=O)Nc2ccc(OC3CC3)cn2)cc1NC(=O)c1cncs1	Colony Stimulating?Factor?1	1000	US Patent	"4LIQ,6T2W,4DKD"			
Cc1cc(F)c(C(=O)Nc2ccn(-c3ccccc3)n2)cc1NC(=O)c1cnc(N)s1	Colony Stimulating?Factor?1	1000	US Patent	"4LIQ,6T2W,4DKD"			
Cc1cc(F)c(C(=O)Nc2nc(C)n(C)n2)cc1NC(=O)c1cnc(N)s1	Colony Stimulating?Factor?1	1000	US Patent	"4LIQ,6T2W,4DKD"			
Cc1cc(F)c(C(=O)Nc2ncn(C)n2)cc1NC(=O)c1cnc(N)s1	Colony Stimulating?Factor?1	1000	US Patent	"4LIQ,6T2W,4DKD"			
Cc1cc(F)c(C(=O)Nc2nnc(C3CC3)[nH]2)cc1NC(=O)c1cnc(N)s1	Colony Stimulating?Factor?1	1000	US Patent	"4LIQ,6T2W,4DKD"			
CCn1ccc(NC(=O)c2cc(NC(=O)c3cnc(N)s3)c(C)cc2F)n1	Colony Stimulating?Factor?1	1000	US Patent	"4LIQ,6T2W,4DKD"			
Cc1cc(F)c(C(=O)Nc2cc3n(n2)CCN(C)C3)cc1NC(=O)c1cnc(N)s1	Colony Stimulating?Factor?1	1000	US Patent	"4LIQ,6T2W,4DKD"			
Cc1cc(F)c(C(=O)Nc2ccn(C(F)F)n2)cc1NC(=O)c1cnc(N)s1	Colony Stimulating?Factor?1	1000	US Patent	"4LIQ,6T2W,4DKD"			
Cc1cc(F)c(C(=O)Nc2cc3n(n2)CCOC3)cc1NC(=O)c1cnc(N)s1	Colony Stimulating?Factor?1	1000	US Patent	"4LIQ,6T2W,4DKD"			
CO[C@H]1C[C@@H](n2ccc(NC(=O)c3cc(NC(=O)c4cnc(N)s4)c(C)cc3F)n2)C1	Colony Stimulating?Factor?1	1000	US Patent	"4LIQ,6T2W,4DKD"			
CO[C@H]1C[C@@H](n2nccc2NC(=O)c2cc(NC(=O)c3cnc(N)s3)c(C)cc2F)C1	Colony Stimulating?Factor?1	1000	US Patent	"4LIQ,6T2W,4DKD"			
CO[C@H]1C[C@H](n2ccc(NC(=O)c3cc(NC(=O)c4cnc(N)s4)c(C)cc3F)n2)C1	Colony Stimulating?Factor?1	1000	US Patent	"4LIQ,6T2W,4DKD"			
Cc1cc(F)c(C(=O)Nc2ccn([C@H]3CCOC3)n2)cc1NC(=O)c1cnc(N)s1	Colony Stimulating?Factor?1	1000	US Patent	"4LIQ,6T2W,4DKD"			
Cc1cc(F)c(C(=O)NCC2(F)CCC2)cc1NC(=O)c1cnc(N)s1	Colony Stimulating?Factor?1	1000	US Patent	"4LIQ,6T2W,4DKD"			
Cc1cc(F)c(C(=O)NCC2(F)CC2)cc1NC(=O)c1cnc(N)s1	Colony Stimulating?Factor?1	1000	US Patent	"4LIQ,6T2W,4DKD"			
Cc1cc(F)c(C(=O)N[C@H]2CCOC2)cc1NC(=O)c1cnc(N)s1	Colony Stimulating?Factor?1	1000	US Patent	"4LIQ,6T2W,4DKD"			
Cc1cc(F)c(C(=O)Nc2ccc(COC(C)C)cn2)cc1NC(=O)c1cnc(N)s1	Colony Stimulating?Factor?1	1000	US Patent	"4LIQ,6T2W,4DKD"			
CCOCc1ccc(NC(=O)c2cc(NC(=O)c3cnc(N)s3)c(C)cc2F)nc1	Colony Stimulating?Factor?1	1000	US Patent	"4LIQ,6T2W,4DKD"			
COC(c1ccc(NC(=O)c2cc(NC(=O)c3cnc(N)s3)c(C)cc2F)nc1)C1CC1	Colony Stimulating?Factor?1	1000	US Patent	"4LIQ,6T2W,4DKD"			
Cc1cc(F)c(C(=O)Nc2ccc(O[C@@H]3CCOC3)cn2)cc1NC(=O)c1cnc(N)s1	Colony Stimulating?Factor?1	1000	US Patent	"4LIQ,6T2W,4DKD"			
Cc1cc(F)c(C(=O)Nc2ccc(OC3COC4(CC4)C3)cn2)cc1NC(=O)c1cnc(N)s1	Colony Stimulating?Factor?1	1000	US Patent	"4LIQ,6T2W,4DKD"			
Nc1ncc(C(=O)Nc2cc(C(=O)NC3CC3)c(F)cc2Cl)s1	Colony Stimulating?Factor?1	1000	US Patent	"4LIQ,6T2W,4DKD"			
COCc1ccc(NC(=O)c2cc(NC(=O)c3cnc(N)s3)c(Cl)cc2F)nc1	Colony Stimulating?Factor?1	1000	US Patent	"4LIQ,6T2W,4DKD"			
COc1ccc(NC(=O)c2cc(NC(=O)c3cnc(N)s3)c(F)cc2F)nc1	Colony Stimulating?Factor?1	1000	US Patent	"4LIQ,6T2W,4DKD"			
CCOc1ccc(NC(=O)c2cc(NC(=O)c3cnc(N)s3)c(F)cc2F)nc1	Colony Stimulating?Factor?1	1000	US Patent	"4LIQ,6T2W,4DKD"			
Nc1ncc(C(=O)Nc2cc(C(=O)Nc3ccc(OCC(F)F)cn3)c(F)cc2F)s1	Colony Stimulating?Factor?1	1000	US Patent	"4LIQ,6T2W,4DKD"			
CCc1ccc(NC(=O)c2cc(NC(=O)c3cnc(N)s3)c(F)cc2F)nc1	Colony Stimulating?Factor?1	1000	US Patent	"4LIQ,6T2W,4DKD"			
COCc1ccc(NC(=O)c2cc(NC(=O)c3cnc(N)s3)c(F)cc2F)nc1	Colony Stimulating?Factor?1	1000	US Patent	"4LIQ,6T2W,4DKD"			
Nc1ncc(C(=O)Nc2cc(C(=O)Nc3ccc(C(F)F)cn3)c(F)cc2F)s1	Colony Stimulating?Factor?1	1000	US Patent	"4LIQ,6T2W,4DKD"			
CC(C)Oc1ccc(NC(=O)c2cc(NC(=O)c3cnc(N)s3)c(F)cc2F)nc1	Colony Stimulating?Factor?1	1000	US Patent	"4LIQ,6T2W,4DKD"			
Nc1ncc(C(=O)Nc2cc(C(=O)Nc3ccc(OC(F)F)cn3)c(F)cc2F)s1	Colony Stimulating?Factor?1	1000	US Patent	"4LIQ,6T2W,4DKD"			
Nc1ncc(C(=O)Nc2cc(C(=O)Nc3ccc(OCC(F)(F)F)cn3)c(F)cc2F)s1	Colony Stimulating?Factor?1	1000	US Patent	"4LIQ,6T2W,4DKD"			
Cc1cc(F)c(NC(=O)c2cnc(N)s2)cc1C(=O)Nc1ccc(OC2CC2)cn1	Colony Stimulating?Factor?1	1000	US Patent	"4LIQ,6T2W,4DKD"			
Cc1cc(Cl)c(C(=O)Nc2ccc(OC3CC3)cn2)cc1NC(=O)c1cnc(N)s1	Colony Stimulating?Factor?1	1000	US Patent	"4LIQ,6T2W,4DKD"			
Cc1cc(F)c(C(=O)Nc2ccc(F)cc2)cc1NC(=O)c1cnc(N)s1	Colony Stimulating?Factor?1	1000	US Patent	"4LIQ,6T2W,4DKD"			
Cc1cc(F)c(C(=O)Nc2ccccc2F)cc1NC(=O)c1cnc(N)s1	Colony Stimulating?Factor?1	1000	US Patent	"4LIQ,6T2W,4DKD"			
Cc1cc(F)c(C(=O)Nc2ccc(OC3CC3)cn2)cc1NC(=O)c1cnc(NCC(F)F)s1	Colony Stimulating?Factor?1	1000	US Patent	"4LIQ,6T2W,4DKD"			
CCc1cc(F)c(C(=O)Nc2ccc(OC3CC3)cn2)cc1NC(=O)c1cnc(N)s1	Colony Stimulating?Factor?1	1000	US Patent	"4LIQ,6T2W,4DKD"			
CC(=O)Nc1ncc(C(=O)Nc2cc(C(=O)Nc3ccc(OC4CC4)cn3)c(F)cc2C)s1	Colony Stimulating?Factor?1	1000	US Patent	"4LIQ,6T2W,4DKD"			
CC(=O)Nc1ncc(C(=O)Nc2cc(C(=O)Nc3ccc(OC4CC4)cn3)c(F)cc2C)s1	Colony Stimulating?Factor?1	1000	US Patent	"4LIQ,6T2W,4DKD"			
CNc1ncc(C(=O)Nc2cc(C(=O)Nc3ccc(OC4CC4)cn3)c(F)cc2C)s1	Colony Stimulating?Factor?1	1000	US Patent	"4LIQ,6T2W,4DKD"			
Cc1ncc(C(=O)Nc2cc(C(=O)Nc3ccc(CC(F)(F)F)cn3)c(F)cc2F)s1	Colony Stimulating?Factor?1	1000	US Patent	"4LIQ,6T2W,4DKD"			
COCCc1ccc(NC(=O)c2cc(NC(=O)c3cnc(N)s3)c(C)cc2F)nc1	Colony Stimulating?Factor?1	1000	US Patent	"4LIQ,6T2W,4DKD"			
Cc1cc(F)c(C(=O)Nc2ccc(CN3CCOCC3)cn2)cc1NC(=O)c1cnc(N)s1	Colony Stimulating?Factor?1	1000	US Patent	"4LIQ,6T2W,4DKD"			
Cc1cc(F)c(C(=O)Nc2cccnc2C)cc1NC(=O)c1cnc(N)s1	Colony Stimulating?Factor?1	1000	US Patent	"4LIQ,6T2W,4DKD"			
Cc1cc(F)c(C(=O)Nc2ccc(COCC3CC3)cn2)cc1NC(=O)c1cnc(N)s1	Colony Stimulating?Factor?1	1000	US Patent	"4LIQ,6T2W,4DKD"			
COCCOc1ccc(NC(=O)c2cc(NC(=O)c3cnc(N)s3)c(C)cc2F)nc1	Colony Stimulating?Factor?1	1000	US Patent	"4LIQ,6T2W,4DKD"			
Cc1cc(F)c(C(=O)NCc2ccn(C(C)C)n2)cc1NC(=O)c1cnc(N)s1	Colony Stimulating?Factor?1	1000	US Patent	"4LIQ,6T2W,4DKD"			
CO[C@H](C)c1ccc(NC(=O)c2cc(NC(=O)c3cnc(N)s3)c(C)cc2F)nc1	Colony Stimulating?Factor?1	1000	US Patent	"4LIQ,6T2W,4DKD"			
CO[C@@H](C)c1ccc(NC(=O)c2cc(NC(=O)c3cnc(N)s3)c(C)cc2F)nc1	Colony Stimulating?Factor?1	1000	US Patent	"4LIQ,6T2W,4DKD"			
Cc1cc(F)c(C(=O)Nc2ccc(S(=O)(=O)C3CC3)cn2)cc1NC(=O)c1cnc(N)s1	Colony Stimulating?Factor?1	1000	US Patent	"4LIQ,6T2W,4DKD"			
Cc1ncc(C(=O)Nc2cc(C(=O)NCc3ccc(F)cc3)c(F)cc2C)s1	Colony Stimulating?Factor?1	1000	US Patent	"4LIQ,6T2W,4DKD"			
Cc1ncc(C(=O)Nc2cc(C(=O)NCc3ccc(F)cc3F)c(F)cc2C)s1	Colony Stimulating?Factor?1	1000	US Patent	"4LIQ,6T2W,4DKD"			
Cc1ncc(C(=O)Nc2cc(C(=O)NCc3cc(F)cc(F)c3)c(F)cc2C)s1	Colony Stimulating?Factor?1	1000	US Patent	"4LIQ,6T2W,4DKD"			
Cc1ncc(C(=O)Nc2cc(C(=O)NCc3cccc(F)c3F)c(F)cc2C)s1	Colony Stimulating?Factor?1	1000	US Patent	"4LIQ,6T2W,4DKD"			
Cc1ncc(C(=O)Nc2cc(C(=O)NCc3ccc(F)c(F)c3)c(F)cc2C)s1	Colony Stimulating?Factor?1	1000	US Patent	"4LIQ,6T2W,4DKD"			
Cc1ncc(C(=O)Nc2cc(C(=O)NCc3ccc(OC(F)(F)F)cc3)c(F)cc2C)s1	Colony Stimulating?Factor?1	1000	US Patent	"4LIQ,6T2W,4DKD"			
Cc1ncc(C(=O)Nc2cc(C(=O)NCc3ccc(C(F)(F)F)cc3)c(F)cc2C)s1	Colony Stimulating?Factor?1	1000	US Patent	"4LIQ,6T2W,4DKD"			
Cc1ncc(C(=O)Nc2cc(C(=O)NCc3ccc(OC(F)(F)F)c(F)c3)c(F)cc2C)s1	Colony Stimulating?Factor?1	1000	US Patent	"4LIQ,6T2W,4DKD"			
Cc1ncc(C(=O)Nc2cc(C(=O)NCc3ccc(OC(F)(F)F)cc3F)c(F)cc2C)s1	Colony Stimulating?Factor?1	1000	US Patent	"4LIQ,6T2W,4DKD"			
CN1CCN(Cc2ccc(N3CCCCC3)c(NC(=O)c3ccc(o3)C#N)c2)CC1	Colony Stimulating?Factor?1	1010	ChEMBL	"3LCO,4DKD,4LIQ,6IG8"			
CCc1nn(Cc2cnn(Cc3ccc(OC)cc3)c2)c2cccc(NC(=O)c3cnc4ccccn34)c12	Colony Stimulating?Factor?1	1037.9	US Patent	"4LIQ,6T2W,4DKD"			
CCNC(=O)c1cc(Cc2ccc3OC(COc3c2)c2ccc(OC)nc2)ccn1	Colony Stimulating?Factor?1	1060	US Patent	"3LCO,4DKD,4LIQ,6IG8"			
COc1cc(Cn2cnc3cc(cnc23)C#CC(C)(C)N)cc2OCC(Oc12)c1nc(C)oc1C	Colony Stimulating?Factor?1	1080	US Patent	"3LCO,4DKD,4LIQ,6IG8"			
COc1cc(Cn2cnc3cccnc23)cc2OCC(Oc12)C1CCC(F)(F)CC1	Colony Stimulating?Factor?1	1080	US Patent	"3LCO,4DKD,4LIQ,6IG8"			
COc1cc(Cn2cnc3cc(cnc23)-c2cnn(C)c2)cc2O[C@H](C)[C@H](Oc12)C1CC1	Colony Stimulating?Factor?1	1090	US Patent	"3LCO,4DKD,4LIQ,6IG8"			
O=Cc1ccc(o1)C(=O)Nc1ccccc1N1CCCCC1	Colony Stimulating?Factor?1	1100	ChEMBL	"3LCO,4DKD,4LIQ,6IG8"			
[O-][N+](=O)c1ccc(o1)C(=O)Nc1ccccc1N1CCOCC1	Colony Stimulating?Factor?1	1100	ChEMBL	"3LCO,4DKD,4LIQ,6IG8"			
CN1CCN(CC1)c1ccc(Nc2ncc3c(n2)n(cc(C(O)=O)c3=O)-c2ccc3CCCc3c2)cc1	Colony Stimulating?Factor?1	1100	ChEMBL	"3LCO,4DKD,4LIQ,6IG8"			
COc1cc(OC)c(Cl)c(c1Cl)-c1ccc2nc(Nc3c(C)cccc3NC(=O)C=C)ncc2c1	Colony Stimulating?Factor?1	1100	ChEMBL	"3LCO,4DKD,4LIQ,6IG8"			
CCc1ccc(COc2ccc(cc2OC)C2CN(C2)C(=O)c2ccncc2)cc1	Colony Stimulating?Factor?1	1100	ChEMBL	"3LCO,4DKD,4LIQ,6IG8"			
CC(C)N1CCOc2c(F)cc(cc12)-c1nc(Nc2ccc(cn2)N2CCOCC2)ncc1F	Colony Stimulating?Factor?1	1115	US Patent	"3LCO,4DKD,4LIQ,6IG8"			
CCc1nn(Cc2cccc(OC3CCNC[C@H]3F)n2)c2cccc(NC(=O)c3cnc4ccccn34)c12 |r|	Colony Stimulating?Factor?1	1136.4	US Patent	"4LIQ,6T2W,4DKD"			
CN1CCN(CCOc2ccn3c(cnc3c2)C(=O)Nc2cccc3n(Cc4coc(C)n4)nc(C4CC4)c23)CC1	Colony Stimulating?Factor?1	1171.4	US Patent	"4LIQ,6T2W,4DKD"			
Clc1cnccc1COc1ccc2nc(NC3CCCCC3)sc2c1	Colony Stimulating?Factor?1	1204	ChEMBL	4EXP			
CCc1nn(Cc2cccc(n2)N2CCC(N)CC2)c2cccc(NC(=O)c3cnc4ccccn34)c12	Colony Stimulating?Factor?1	1215.7	US Patent	"4LIQ,6T2W,4DKD"			
Nc1ncc(cc1C(F)(F)F)-c1cc([C@@H]2[C@H]3CN(C[C@@H]23)C2COC2)n(CC2CC2)n1	Colony Stimulating?Factor?1	1220	ChEMBL	"3LCO,4DKD,4LIQ,6IG8"			
CCc1nn(Cc2cccc(C)n2)c2cccc(NC(=O)c3cnc4ccc(cn34)C#N)c12	Colony Stimulating?Factor?1	1229	US Patent	"4LIQ,6T2W,4DKD"			
Clc1ccc(Nc2nnc(Cc3ccncc3)c3ccccc23)cc1	Colony Stimulating?Factor?1	1240	ChEMBL	"3LCO,4DKD,4LIQ,6IG8"			
CC1(C)CCC(=CC1)c1nc(ccc1NC(=O)c1nc(c[nH]1)C#N)C1CC(C)(C)OC(C)(C)C1	Colony Stimulating?Factor?1	1250	US Patent	"3LCO,4DKD,4LIQ,6IG8"			
COc1ccc(cn1)[C@]1(C)COc2cc(Cn3cnc4cc(cnc34)C#CC(C)(C)N)cc(OC)c2O1	Colony Stimulating?Factor?1	1250	US Patent	"3LCO,4DKD,4LIQ,6IG8"			
CCc1nn(Cc2cccc(OCCN3CCN(C)CC3)n2)c2cccc(NC(=O)c3cnc4ccccn34)c12	Colony Stimulating?Factor?1	1253.3	US Patent	"4LIQ,6T2W,4DKD"			
COCCOCC(=O)Nc1cccc-2c1Cc1c-2n[nH]c1-c1csc(c1)C#CCOc1ccccc1	Colony Stimulating?Factor?1	1271	ChEMBL	"3LCO,4DKD,4LIQ,6IG8"			
CN1CCN(Cc2ccc(cc2)C(=O)Nc2ccc(C)c(Nc3nccc(n3)-c3cccnc3)c2)CC1	Colony Stimulating?Factor?1	1274	ChEMBL	"3LCO,4DKD,4LIQ,6IG8"			
COc1cccc(Oc2nc(Nc3ccc(cc3)N3CCOCC3)ncc2NC(N)=O)c1	Colony Stimulating?Factor?1	1290	ChEMBL	"3LCO,4DKD,4LIQ,6IG8"			
COc1cc(OCc2ccnc(Nc3cc[nH]n3)n2)cc2sc(N[C@H]3CCCC[C@@H]3O)nc12	Colony Stimulating?Factor?1	1304	ChEMBL	4EXP			
COc1ccc(cn1)C1COc2cc(Cc3cnc4ccccn34)cc(OC)c2O1	Colony Stimulating?Factor?1	1330	US Patent	"3LCO,4DKD,4LIQ,6IG8"			
CC(C)N1CCOc2c(F)cc(cc12)-c1nc(Nc2ccc(cn2)N2CCNCC2)ncc1F	Colony Stimulating?Factor?1	1330	US Patent	"3LCO,4DKD,4LIQ,6IG8"			
CCc1nn(Cc2cccc(OC3CCNC3)n2)c2cccc(NC(=O)c3cnc4ccccn34)c12	Colony Stimulating?Factor?1	1396.9	US Patent	"4LIQ,6T2W,4DKD"			
OCC1CCN(CC1)c1ccccc1NC(=O)c1ccc(o1)[N+]([O-])=O	Colony Stimulating?Factor?1	1400	ChEMBL	"3LCO,4DKD,4LIQ,6IG8"			
CN1CCN(CC1)c1ccccc1NC(=O)c1ccc(o1)[N+]([O-])=O	Colony Stimulating?Factor?1	1400	ChEMBL	"3LCO,4DKD,4LIQ,6IG8"			
COc1cc2c(ncnc2cc1OCCCN1CCOCC1)N1CCN(CC1)C(=O)Nc1ccc(OC(C)C)cc1	Colony Stimulating?Factor?1	1400	ChEMBL	"3LCO,4DKD,4LIQ,6IG8"			
CCc1ccc(COc2ccc(cc2OC)C2CN(C2)c2cccnc2)cc1	Colony Stimulating?Factor?1	1400	ChEMBL	"3LCO,4DKD,4LIQ,6IG8"			
COc1cc(OCc2ccnc(N)c2)cc2sc(N[C@@H]3CCCC[C@H]3O)nc12	Colony Stimulating?Factor?1	1455	ChEMBL	4EXP			
COc1cc2ncnc(N(C)c3cccc(Cl)c3)c2cc1OC	Colony Stimulating?Factor?1	1500	ChEMBL	"3LCO,4DKD,4LIQ,6IG8"			
CNc1ncc2cc(-c3c(Cl)c(OC)cc(OC)c3Cl)c(=O)n(CCCN3CCN(CC3)C(=O)C=C)c2n1	Colony Stimulating?Factor?1	1500	ChEMBL	"3LCO,4DKD,4LIQ,6IG8"			
CCc1nn(Cc2nccs2)c2cccc(NC(=O)c3cnc4ccccn34)c12	Colony Stimulating?Factor?1	1563.4	US Patent	"4LIQ,6T2W,4DKD"			
CCN1CCN(Cc2ccc(cc2C(F)(F)F)C(=O)Nc2ccc(C)c(NC(=O)c3n[nH]c4ccccc34)c2)CC1	Colony Stimulating?Factor?1	1576	ChEMBL	4EXP			
CNc1nccc(n1)-c1cccnc1Oc1ccc(NC(=O)c2cccc(c2)C(F)(F)F)cc1C	Colony Stimulating?Factor?1	1580	ChEMBL	"3LCO,4DKD,4LIQ,6IG8"			
NC(=O)c1cc(cc2c(c[nH]c12)C1CCCNC1)-c1ccccc1	Colony Stimulating?Factor?1	1584.89	ChEMBL	"3LCO,4DKD,4LIQ,6IG8"			
CCN1CCN(Cc2ccc(cc2C(F)(F)F)C(=O)Nc2ccc(C)c(NC(=O)c3cnnc4ccccc34)c2)CC1	Colony Stimulating?Factor?1	1596	ChEMBL	4EXP			
CN(c1cccc(C)c1)c1ncnc2cc(C)c(C)cc12	Colony Stimulating?Factor?1	1600	ChEMBL	"3LCO,4DKD,4LIQ,6IG8"			
COc1cc2c(Nc3ccc(Br)cc3F)ncnc2cc1OCC1CCN(C)CC1	Colony Stimulating?Factor?1	1600	ChEMBL	"3LCO,4DKD,4LIQ,6IG8"			
COc1ccc(cn1)C1COc2cc(Cc3ccnc(c3)C(N)=O)ccc2O1	Colony Stimulating?Factor?1	1610	US Patent	"3LCO,4DKD,4LIQ,6IG8"			
CCc1nn(Cc2ccn(C)n2)c2cccc(NC(=O)c3cnc4ccccn34)c12	Colony Stimulating?Factor?1	1611.6	US Patent	"4LIQ,6T2W,4DKD"			
CCc1nn(Cc2ccc(C)n(C)c2=O)c2cccc(NC(=O)c3cnc4ccccn34)c12	Colony Stimulating?Factor?1	1617.8	US Patent	"4LIQ,6T2W,4DKD"			
CC(C)(C)c1cc(NC(=O)Cc2ccc(Nc3ncnc4[nH]c(cc34)-c3ccc(cc3)S(C)(=O)=O)cc2)no1	Colony Stimulating?Factor?1	1650	ChEMBL	"3LCO,4DKD,4LIQ,6IG8"			
COc1cnc2n(Cc3cc(OC)c4O[C@@H]([C@H](C)Oc4c3)c3ccc(OC)nc3)cnc2c1	Colony Stimulating?Factor?1	1660	US Patent	"3LCO,4DKD,4LIQ,6IG8"			
CC(C)N1CCOc2c(F)cc(cc12)-c1nc(Nc2ccc(cn2)N2CCC(O)CC2)ncc1F	Colony Stimulating?Factor?1	1678	US Patent	"3LCO,4DKD,4LIQ,6IG8"			
COc1ncc(cn1)C1COc2cc(Cn3cnc4cccnc34)cc(OC)c2O1	Colony Stimulating?Factor?1	1690	US Patent	"3LCO,4DKD,4LIQ,6IG8"			
Cn1cc(cn1)-c1cnc(N)c(OCc2c(Cl)cccc2Cl)n1	Colony Stimulating?Factor?1	1700	ChEMBL	"3LCO,4DKD,4LIQ,6IG8"			
CCc1nn(Cc2cnn(CC)c2)c2cccc(NC(=O)c3cnc4ccccn34)c12	Colony Stimulating?Factor?1	1718.9	US Patent	"4LIQ,6T2W,4DKD"			
COc1ccc(Oc2nc(Nc3ccc(nc3)N3CCCCC3)ncc2NC(=O)c2cc(OC)cc(OC)c2)cc1	Colony Stimulating?Factor?1	1720	ChEMBL	"3LCO,4DKD,4LIQ,6IG8"			
CCc1nn(Cc2cccc(n2)N2CCNCC2)c2cccc(NC(=O)c3cnc4ccccn34)c12	Colony Stimulating?Factor?1	1721.2	US Patent	"4LIQ,6T2W,4DKD"			
Fc1cc(cc2N(CCOc12)C1CCC1)-c1nc(Nc2ccc3CNCCc3n2)ncc1F	Colony Stimulating?Factor?1	1751	US Patent	"3LCO,4DKD,4LIQ,6IG8"			
CN1CCN(CCCNc2ncc3c(n2)n(cc(C(N)=O)c3=O)-c2ccc3CCCc3c2)CC1	Colony Stimulating?Factor?1	1800	ChEMBL	"3LCO,4DKD,4LIQ,6IG8"			
CN(C(=O)c1cccc(c1)-c1cccs1)c1cc(ccc1C)C(=O)Nc1ccc(CN2CCN(C)CC2)c(c1)C(F)(F)F	Colony Stimulating?Factor?1	1800	ChEMBL	"3LCO,4DKD,4LIQ,6IG8"			
Cc1cn(cn1)-c1cc(NC(=O)c2ccc(C)c(NC(=O)c3cnc4cccnn34)c2)cc(c1)C(F)(F)F	Colony Stimulating?Factor?1	1815	ChEMBL	4EXP			
COc1ccc(cn1)[C@H]1Oc2c(OC)cc(Cn3cnc4cccnc34)cc2O[C@H]1C	Colony Stimulating?Factor?1	1887	US Patent	"3LCO,4DKD,4LIQ,6IG8"			
CCc1nn(Cc2cccc(C)n2)c2cccc(NC(=O)c3cnc4cc(CN(C)C)ccn34)c12	Colony Stimulating?Factor?1	1893.7	US Patent	"4LIQ,6T2W,4DKD"			
[O-][N+](=O)c1ccc(o1)C(=O)Nc1ccccc1N1CCCC1	Colony Stimulating?Factor?1	1900	ChEMBL	"3LCO,4DKD,4LIQ,6IG8"			
Clc1ccc(o1)C(=O)Nc1ccccc1N1CCCCC1	Colony Stimulating?Factor?1	1900	ChEMBL	"3LCO,4DKD,4LIQ,6IG8"			
CCc1nn(Cc2cccc(=O)n2C)c2cccc(NC(=O)c3cnc4ccccn34)c12	Colony Stimulating?Factor?1	1973.5	US Patent	"4LIQ,6T2W,4DKD"			
Cn1cc(cn1)-c1cnc(N)c(OCc2ccccc2Cl)n1	Colony Stimulating?Factor?1	1990	ChEMBL	"3LCO,4DKD,4LIQ,6IG8"			
C[C@H](Nc1cncc(Cl)n1)c1cccc(NC(=O)c2cncs2)c1 |r|	Colony Stimulating?Factor?1	2000	Curated from the literature by BindingDB	"4LIQ,6T2W,4DKD"			
CCN1C(=O)CNc2ncc(nc12)-c1ccc(nc1C)-c1nc[nH]n1	Colony Stimulating?Factor?1	2000	ChEMBL	"3LCO,4DKD,4LIQ,6IG8"			
[O-][N+](=O)c1ccc(o1)C(=O)Nc1ccccc1N1C=CC=CC=C1	Colony Stimulating?Factor?1	2000	ChEMBL	"3LCO,4DKD,4LIQ,6IG8"			
OC(=O)c1ccc(N2CCCCC2)c(NC(=O)c2ccc(o2)C#N)c1	Colony Stimulating?Factor?1	2000	ChEMBL	"3LCO,4DKD,4LIQ,6IG8"			
OC(=O)c1ccc(N2CCCCC2)c(NC(=O)c2ccc(o2)C#N)c1	Colony Stimulating?Factor?1	2000	ChEMBL	"3LCO,4DKD,4LIQ,6IG8"			
COc1cc2ncnc(N(C)c3ccc(C)cc3)c2cc1OC	Colony Stimulating?Factor?1	2000	ChEMBL	"3LCO,4DKD,4LIQ,6IG8"			
O=C(Nc1cc(ccn1)C(=O)Nc1cnccc1-c1ccccc1)C1CC1	Colony Stimulating?Factor?1	2000	ChEMBL	"3LCO,4DKD,4LIQ,6IG8"			
Fc1ccc(cc1)-c1ccncc1NC(=O)c1ccnc(NC(=O)C2CC2)c1	Colony Stimulating?Factor?1	2000	ChEMBL	"3LCO,4DKD,4LIQ,6IG8"			
Clc1ccc(cc1)-c1ccncc1NC(=O)c1ccnc(NC(=O)C2CC2)c1	Colony Stimulating?Factor?1	2000	ChEMBL	"3LCO,4DKD,4LIQ,6IG8"			
COc1cc2ncnc(N(C)c3ccc(Cl)cc3)c2cc1OC	Colony Stimulating?Factor?1	2100	ChEMBL	"3LCO,4DKD,4LIQ,6IG8"			
Cc1cc(on1)-c1c(-c2ccncc2)c2cc(Cl)ccc2[nH]c1=O	Colony Stimulating?Factor?1	2100	ChEMBL	"3LCO,4DKD,4LIQ,6IG8"			
CC(C)N1CCOc2c(F)cc(cc12)-c1nc(Nc2ccc(cn2)N2CCN(CCO)CC2)ncc1F	Colony Stimulating?Factor?1	2117	US Patent	"3LCO,4DKD,4LIQ,6IG8"			
CCc1nn(Cc2cccc(C)n2)c2cccc(NC(=O)c3cnc4cc(CCN5CC(C5)OC)ccn34)c12	Colony Stimulating?Factor?1	2135.6	US Patent	"4LIQ,6T2W,4DKD"			
CC1CCCN(C1)c1ccccc1NC(=O)c1ccc(o1)[N+]([O-])=O	Colony Stimulating?Factor?1	2200	ChEMBL	"3LCO,4DKD,4LIQ,6IG8"			
Fc1cnc(Nc2ccc(cn2)N2CCCNCC2)nc1-c1cc(F)c2OCCN(C3CCCC3)c2c1	Colony Stimulating?Factor?1	2215	US Patent	"3LCO,4DKD,4LIQ,6IG8"			
CCc1ccc(COc2ccc(cc2OC)C2CN(C2)C(=O)c2ncccc2C)cc1	Colony Stimulating?Factor?1	2216	ChEMBL	"3LCO,4DKD,4LIQ,6IG8"			
CCN(CC)CCNC(=O)c1c(C)[nH]c(\C=C2/C(=O)Nc3ccc(NC(=O)Nc4cc(on4)C(C)(C)C)cc23)c1C	Colony Stimulating?Factor?1	2220	ChEMBL	"3LCO,4DKD,4LIQ,6IG8"			
CCc1nn(Cc2cnn(c2)C2CCNC[C@H]2F)c2cccc(NC(=O)c3cnc4ccccn34)c12 |r|	Colony Stimulating?Factor?1	2256.2	US Patent	"4LIQ,6T2W,4DKD"			
CCn1cc(cn1)-c1ccc2n(cnc2c1)-c1cc(OC)c(C(O)=O)c(OC)c1	Colony Stimulating?Factor?1	2268	ChEMBL	"4LIQ,6T2W,4DKD"			
Nc1cc(COc2ccc3nc(NC4CCCCC4)sc3c2)ccn1	Colony Stimulating?Factor?1	2269	ChEMBL	4EXP			
NC(=O)c1cn(-c2ccc3CCCc3c2)c2nc(NCCCn3ccnc3)ncc2c1=O	Colony Stimulating?Factor?1	2300	ChEMBL	"3LCO,4DKD,4LIQ,6IG8"			
CC1(C)CCC(=CC1)c1nc(ccc1NC(=O)c1nc(c[nH]1)C#N)[C@@H]1CC(C)(C)O[C@@](C)(C1)C(O)=O	Colony Stimulating?Factor?1	2370	US Patent	"3LCO,4DKD,4LIQ,6IG8"			
OC(=O)CN1CCN(CC1)c1cc(ccn1)-c1cnc2ccc(nn12)N1CCC[C@@H]1c1cccc(F)c1	Colony Stimulating?Factor?1	2500	ChEMBL	"3LCO,4DKD,4LIQ,6IG8"			
COc1cc(OCc2ccnc(Nc3cccnc3)n2)cc2sc(N[C@H]3CCCC[C@@H]3O)nc12	Colony Stimulating?Factor?1	2511	ChEMBL	4EXP			
CCc1nn(Cc2cccc(C)n2)c2cccc(NC(=O)c3cnc4cc(ccn34)C(=O)N3CCN(C)CC3)c12	Colony Stimulating?Factor?1	2558.8	US Patent	"4LIQ,6T2W,4DKD"			
CC(C)CN1CCOc2c(F)cc(cc12)-c1nc(Nc2ccc(cn2)C2CCN(C)CC2)ncc1F	Colony Stimulating?Factor?1	2597	US Patent	"3LCO,4DKD,4LIQ,6IG8"			
NC(N)=NCc1ccc(N2CCCCC2)c(NC(=O)c2ccc(o2)C#N)c1	Colony Stimulating?Factor?1	2600	ChEMBL	"3LCO,4DKD,4LIQ,6IG8"			
Oc1ccc(N2CCCCC2)c(NC(=O)c2ccc(o2)C#N)c1	Colony Stimulating?Factor?1	2700	ChEMBL	"3LCO,4DKD,4LIQ,6IG8"			
CC(C)(O)c1ccc(cn1)-c1cnc2NC(=O)CN(CC3CCOCC3)c2n1	Colony Stimulating?Factor?1	2700	ChEMBL	"3LCO,4DKD,4LIQ,6IG8"			
COc1cnc2n(Cc3cc(OC)c4OC(COc4c3)c3ccc(OC)nc3)c(C)nc2c1	Colony Stimulating?Factor?1	2780	US Patent	"3LCO,4DKD,4LIQ,6IG8"			
Cc1ccc(NC(=O)Nc2nnc(Sc3ncnc4cc(OCCCN5CCOCC5)ccc34)s2)cc1	Colony Stimulating?Factor?1	2800	ChEMBL	"3LCO,4DKD,4LIQ,6IG8"			
COc1cccc(OC)c1-c1ccc(s1)-c1cnc2cc(ccn12)-c1cnn(C)c1	Colony Stimulating?Factor?1	2840	ChEMBL	"3LCO,4DKD,4LIQ,6IG8"			
CCc1nn(Cc2cnn(CCO)c2)c2cccc(NC(=O)c3cnc4ccccn34)c12	Colony Stimulating?Factor?1	2907.5	US Patent	"4LIQ,6T2W,4DKD"			
CC1(C)CCC(=CC1)c1nc(ccc1NC(=O)c1nc(c[nH]1)C#N)[C@@H]1CC(C)(C)O[C@@](C)(C1)C(O)=O	Colony Stimulating?Factor?1	2930	US Patent	"3LCO,4DKD,4LIQ,6IG8"			
CCOC(=O)CC(=O)Nc1cccc-2c1Cc1c-2n[nH]c1-c1csc(c1)C#CCOc1ccccc1	Colony Stimulating?Factor?1	2975	ChEMBL	"3LCO,4DKD,4LIQ,6IG8"			
CCc1ccc(COc2ccc(cc2OC)C2CN(Cc3ccccn3)C2)cc1	Colony Stimulating?Factor?1	3000	ChEMBL	"3LCO,4DKD,4LIQ,6IG8"			
CCc1ccc(COc2ccc(cc2OC)C2CN(Cc3cccnc3)C2)cc1	Colony Stimulating?Factor?1	3000	ChEMBL	"3LCO,4DKD,4LIQ,6IG8"			
CCc1ccc(COc2ccc(cc2OC)C2CN(C2)c2ccccn2)cc1	Colony Stimulating?Factor?1	3000	ChEMBL	"3LCO,4DKD,4LIQ,6IG8"			
CCN(CC)CCNC(=O)c1c(C)[nH]c(\C=C2/C(=O)Nc3cc(NC(=O)NC4CCN(C)CC4)ccc23)c1C	Colony Stimulating?Factor?1	3000	ChEMBL	"3LCO,4DKD,4LIQ,6IG8"			
CCc1nn(Cc2ccnn2CC(O)CO)c2cccc(NC(=O)c3cnc4ccccn34)c12	Colony Stimulating?Factor?1	3002.7	US Patent	"4LIQ,6T2W,4DKD"			
CCc1nn(Cc2ccn(CCN3CCNCC3)n2)c2cccc(NC(=O)c3cnc4ccccn34)c12	Colony Stimulating?Factor?1	3066.9	US Patent	"4LIQ,6T2W,4DKD"			
NCc1ccc(N2CCCCC2)c(NC(=O)c2ccc(o2)C#N)c1	Colony Stimulating?Factor?1	3100	ChEMBL	"3LCO,4DKD,4LIQ,6IG8"			
Cc1ccc(NCc2ccc(nc2)C(F)(F)F)cc1NC(=O)c1cnc2ccccn12	Colony Stimulating?Factor?1	3147	ChEMBL	4EXP			
Cc1cc2ncnn2cc1Nc1ncc2n(C)c(=O)n(C3CCOCC3)c2n1	Colony Stimulating?Factor?1	3162	ChEMBL	"3LCO,4DKD,4LIQ,6IG8"			
NC(=O)c1cnc2cc(ccc2c1Nc1ccon1)-c1ccncc1	Colony Stimulating?Factor?1	3200	ChEMBL	"3LCO,4DKD,4LIQ,6IG8"			
CC(C)N1CCOc2c(F)cc(cc12)-c1nc(Nc2ccc(cn2)N2CCC(CO)CC2)ncc1F	Colony Stimulating?Factor?1	3248	US Patent	"3LCO,4DKD,4LIQ,6IG8"			
COc1cc(Cn2cnc3cccnc23)cc2OCC(Oc12)c1cnn(C)c1	Colony Stimulating?Factor?1	3260	US Patent	"3LCO,4DKD,4LIQ,6IG8"			
CCCS(=O)(=O)Nc1ccc(F)c(C(=O)c2c[nH]c3ncc(Cl)cc23)c1F	Colony Stimulating?Factor?1	3300	Curated from the literature by BindingDB	"4LIQ,6T2W,4DKD"			
NC(=O)c1cn(-c2ccc3CCCc3c2)c2nc(NCCN3CCOCC3)ncc2c1=O	Colony Stimulating?Factor?1	3300	ChEMBL	"3LCO,4DKD,4LIQ,6IG8"			
N#Cc1ccc(cc1)-c1cnc2ccc(NCc3ccccc3)nn12	Colony Stimulating?Factor?1	3400	ChEMBL	"3LCO,4DKD,4LIQ,6IG8"			
FC(F)(F)c1cccc(NC(=O)Nc2cccc(Nc3ccc4\C(=C\c5ccc[nH]5)C(=O)Nc4c3)c2)c1	Colony Stimulating?Factor?1	3400	ChEMBL	4EXP			
COc1cc2c(ncnc2cc1OCCCN1CCCCC1)N1CCN(CC1)C(=O)Nc1ccc(OC(C)C)cc1	Colony Stimulating?Factor?1	3430	ChEMBL	"3LCO,4DKD,4LIQ,6IG8"			
COc1cc2c(ncnc2cc1OCCN1CCCCC1)N1CCN(CC1)C(=O)Nc1ccc(OC(C)C)cc1	Colony Stimulating?Factor?1	3430	ChEMBL	"3LCO,4DKD,4LIQ,6IG8"			
CC(C)N1CCOc2c(F)cc(cc12)-c1nc(Nc2cc(ccn2)N2CCNCC2)ncc1F	Colony Stimulating?Factor?1	3630	US Patent	"3LCO,4DKD,4LIQ,6IG8"			
CN1CCN(CC1)c1cc(cc(c1)C(F)(F)F)C(=O)Nc1cccc(Nc2ccc3\C(=C\c4ccc[nH]4)C(=O)Nc3c2)c1	Colony Stimulating?Factor?1	3700	ChEMBL	4EXP			
CCc1nn(Cc2cccc(CN3CCNCC3)n2)c2cccc(NC(=O)c3cnc4ccccn34)c12	Colony Stimulating?Factor?1	3844.8	US Patent	"4LIQ,6T2W,4DKD"			
CCN(c1ccccc1)c1ncnc2cc(OC)c(OC)cc12	Colony Stimulating?Factor?1	4000	ChEMBL	"3LCO,4DKD,4LIQ,6IG8"			
CN(c1ccccc1)c1ncnc2nc[nH]c12	Colony Stimulating?Factor?1	4000	ChEMBL	"3LCO,4DKD,4LIQ,6IG8"			
Cc1ccc(NC(=O)Nc2cc(ccc2F)C(F)(F)F)cc1Nc1ccc2\C(=C\c3ccc[nH]3)C(=O)Nc2c1	Colony Stimulating?Factor?1	4000	ChEMBL	4EXP			
CCc1nn(Cc2ccn(CC)n2)c2cccc(NC(=O)c3cnc4cc(CN(C)C)ccn34)c12	Colony Stimulating?Factor?1	4121.9	US Patent	"4LIQ,6T2W,4DKD"			
COc1cc(ccc1OCc1ccc(nc1)C(F)(F)F)C(C)n1cnc2cc(ccc12)-c1ccc(F)cc1	Colony Stimulating?Factor?1	4130	US Patent	"4LIQ,6T2W,4DKD"			
COc1cc(ccc1OCc1ccc(nc1)C(F)(F)F)C(C)n1cnc2cc(ccc12)-c1ccc(F)cc1	Colony Stimulating?Factor?1	4130	US Patent	"3LCO,4DKD,4LIQ,6IG8"			
COc1cc(ccc1OCc1ccc(nc1)C(F)(F)F)C(C)n1cnc2cc(ccc12)-c1ccc(F)cc1	Colony Stimulating?Factor?1	4130	US Patent	"3LCO,4DKD,4LIQ,6IG8"			
COc1cc(ccc1OCc1ccc(nc1)C(F)(F)F)C(C)n1cnc2cc(ccc12)-c1ccc(F)cc1	Colony Stimulating?Factor?1	4130	US Patent	"3LCO,4DKD,4LIQ,6IG8"			
CCN1CCN(Cc2ccc(cc2C(F)(F)F)C(=O)Nc2ccc(C)c(NC(=O)c3cnc4ncccn34)c2)CC1	Colony Stimulating?Factor?1	4174	ChEMBL	4EXP			
Cc1cn(cn1)-c1cc(cc(c1)C(F)(F)F)C(=O)Nc1cccc(Nc2ccc3\C(=C\c4ccc[nH]4)C(=O)Nc3c2)c1	Colony Stimulating?Factor?1	4200	ChEMBL	4EXP			
CCN(Cc1ccccc1)c1nc(Nc2ccc3ncsc3c2)[nH]c(=O)n1	Colony Stimulating?Factor?1	4300	ChEMBL	"3LCO,4DKD,4LIQ,6IG8"			
COc1ccc(cc1OC)-c1cnn2c(N)c(-c3nccs3)c(OC3CCN(C)CC3)nc12	Colony Stimulating?Factor?1	4300	ChEMBL	"3LCO,4DKD,4LIQ,6IG8"			
Brc1ccc(o1)C(=O)Nc1ccccc1N1CCCCC1	Colony Stimulating?Factor?1	4400	ChEMBL	"3LCO,4DKD,4LIQ,6IG8"			
C(Oc1ccncc1)c1ccc2nc(NC3CCCCC3)sc2c1	Colony Stimulating?Factor?1	4413	ChEMBL	"3LCO,4DKD,4LIQ,6IG8"			
COc1ccc(Oc2nc(Nc3ccc(cc3)N3CCOCC3)ncc2NC(N)=O)cc1	Colony Stimulating?Factor?1	4420	ChEMBL	"3LCO,4DKD,4LIQ,6IG8"			
CC(C)N1CCOc2c(F)cc(cc12)-c1nc(Nc2ccc(cn2)N2CCC(CCO)CC2)ncc1F	Colony Stimulating?Factor?1	4586	US Patent	"3LCO,4DKD,4LIQ,6IG8"			
COc1cc(ccc1OCc1ccc(nc1)C(F)(F)F)C(C)n1cnc2cc(ccc12)C#CCCO	Colony Stimulating?Factor?1	4680	US Patent	"4LIQ,6T2W,4DKD"			
COc1cc(ccc1OCc1ccc(nc1)C(F)(F)F)C(C)n1cnc2cc(ccc12)C#CCCO	Colony Stimulating?Factor?1	4680	US Patent	"3LCO,4DKD,4LIQ,6IG8"			
COc1cc(ccc1OCc1ccc(nc1)C(F)(F)F)C(C)n1cnc2cc(ccc12)C#CCCO	Colony Stimulating?Factor?1	4680	US Patent	"3LCO,4DKD,4LIQ,6IG8"			
COc1cc(ccc1OCc1ccc(nc1)C(F)(F)F)C(C)n1cnc2cc(ccc12)C#CCCO	Colony Stimulating?Factor?1	4680	US Patent	"3LCO,4DKD,4LIQ,6IG8"			
Nc1ncnc2n(C[C@H]3CCCN3S(=O)(=O)C=C)cc(-c3ccc4OCOc4c3)c12	Colony Stimulating?Factor?1	4701	ChEMBL	"3LCO,4DKD,4LIQ,6IG8"			
CCN1CCN(Cc2ccc(cc2C(F)(F)F)C(=O)Nc2ccc(C)c(NC(=O)c3cc[nH]n3)c2)CC1	Colony Stimulating?Factor?1	4725	ChEMBL	4EXP			
CCc1nn(Cc2cccc(OCCCN(C)C)n2)c2cccc(NC(=O)c3cnc4ccccn34)c12	Colony Stimulating?Factor?1	4876.5	US Patent	"4LIQ,6T2W,4DKD"			
COc1ccc(Oc2nc(Nc3ccc(cc3)N3CCOCC3)ncc2NC(=O)c2cccc(c2)C(F)(F)F)cc1	Colony Stimulating?Factor?1	4890	ChEMBL	"3LCO,4DKD,4LIQ,6IG8"			
CCc1nn(Cc2cccc(=O)n2CC)c2cccc(NC(=O)c3cnc4ccccn34)c12	Colony Stimulating?Factor?1	4910.5	US Patent	"4LIQ,6T2W,4DKD"			
C[C@H](Nc1cncc(Cl)n1)c1cccc(N)c1 |r|	Colony Stimulating?Factor?1	5000	Curated from the literature by BindingDB	"4LIQ,6T2W,4DKD"			
C[C@H](Nc1cncc(Cl)n1)c1cccc(c1)N(C)C(=O)c1cccnc1 |r|	Colony Stimulating?Factor?1	5000	Curated from the literature by BindingDB	"4LIQ,6T2W,4DKD"			
C[C@H](Nc1cncc(Cl)n1)c1cccc(NCc2cccnc2)c1 |r|	Colony Stimulating?Factor?1	5000	Curated from the literature by BindingDB	"4LIQ,6T2W,4DKD"			
C[C@H](Nc1cncc(Cl)n1)c1cccc(NS(=O)(=O)c2cccnc2)c1 |r|	Colony Stimulating?Factor?1	5000	Curated from the literature by BindingDB	"4LIQ,6T2W,4DKD"			
C[C@H](Nc1cncc(Cl)n1)c1cccc(NC(=O)C2CCCN(C)C2)c1 |r|	Colony Stimulating?Factor?1	5000	Curated from the literature by BindingDB	"4LIQ,6T2W,4DKD"			
C[C@H](Nc1cccc(Br)n1)c1cccc(NC(=O)c2cncc(C)c2)c1 |r|	Colony Stimulating?Factor?1	5000	Curated from the literature by BindingDB	"4LIQ,6T2W,4DKD"			
COc1cc2ncnc(N3CCc4ccccc34)c2cc1OC	Colony Stimulating?Factor?1	5000	ChEMBL	"3LCO,4DKD,4LIQ,6IG8"			
CN(c1ccccc1)c1ncnc2ccc(Cl)cc12	Colony Stimulating?Factor?1	5000	ChEMBL	"3LCO,4DKD,4LIQ,6IG8"			
Cc1cc(on1)-c1c(-c2ccccc2)c2cc(N)ccc2[nH]c1=O	Colony Stimulating?Factor?1	5000	ChEMBL	"3LCO,4DKD,4LIQ,6IG8"			
Cc1cc(on1)-c1c(-c2ccccc2)c2ccccc2[nH]c1=O	Colony Stimulating?Factor?1	5000	ChEMBL	"3LCO,4DKD,4LIQ,6IG8"			
CC(C)N1C(=O)COc2c(F)cc(cc12)-c1nc(Nc2ccc(cn2)N2CCNCC2)ncc1F	Colony Stimulating?Factor?1	5000	US Patent	"3LCO,4DKD,4LIQ,6IG8"			
Fc1cnc(Nc2ccc(cn2)N2CCNCC2)nc1-c1cc(F)c2OCCNc2c1	Colony Stimulating?Factor?1	5000	US Patent	"3LCO,4DKD,4LIQ,6IG8"			
CCN1CCN(Cc2ccc(Nc3ncc(F)c(n3)-c3cc(F)c4OCCN(C(=O)C5CC5)c4c3)nc2)CC1	Colony Stimulating?Factor?1	5000	US Patent	"3LCO,4DKD,4LIQ,6IG8"			
CCN1CCN(Cc2ccc(Nc3ncc(F)c(n3)-c3cc(F)c4OCCN(C5CCC(N)CC5)c4c3)nc2)CC1	Colony Stimulating?Factor?1	5000	US Patent	"3LCO,4DKD,4LIQ,6IG8"			
CC(C)N1CCOc2c(F)cc(cc12)-c1nc(Nc2ccc(cn2)N2CCC(CC2)N(C)C)ncc1F	Colony Stimulating?Factor?1	5000	US Patent	"3LCO,4DKD,4LIQ,6IG8"			
CC(C)N1CCOc2c(F)cc(cc12)-c1nc(Nc2ccc(cn2)N2CCN(CC2)C(=O)N(C)C)ncc1F	Colony Stimulating?Factor?1	5000	US Patent	"3LCO,4DKD,4LIQ,6IG8"			
CC(C)N1CCOc2c(F)cc(cc12)-c1nc(Nc2ccc(cn2)C2CCN(CC2)C(=O)N(C)C)ncc1F	Colony Stimulating?Factor?1	5000	US Patent	"3LCO,4DKD,4LIQ,6IG8"			
CC(C)N1CCOc2c(F)cc(cc12)-c1nc(Nc2ccc(cn2)C(=O)N2CCC(O)CC2)ncc1F	Colony Stimulating?Factor?1	5000	US Patent	"3LCO,4DKD,4LIQ,6IG8"			
CC(C)CN1CCOc2c(F)cc(cc12)-c1nc(Nc2ccc3CNCCc3n2)ncc1F	Colony Stimulating?Factor?1	5000	US Patent	"3LCO,4DKD,4LIQ,6IG8"			
CC(C)N1CCOc2c(F)cc(cc12)-c1nc(Nc2ccc(cn2)N2CCC(C)(O)CC2)ncc1F	Colony Stimulating?Factor?1	5000	US Patent	"3LCO,4DKD,4LIQ,6IG8"			
OC1CCN(CC1)c1ccc(Nc2ncc(F)c(n2)-c2cc(F)c3OCCN(C4CCC4)c3c2)nc1	Colony Stimulating?Factor?1	5000	US Patent	"3LCO,4DKD,4LIQ,6IG8"			
Fc1cnc(Nc2ccc(cn2)N2CCOCC2)nc1-c1cc(F)c2OCCN(C3CCC3)c2c1	Colony Stimulating?Factor?1	5000	US Patent	"3LCO,4DKD,4LIQ,6IG8"			
CC(C)CN1CCOc2c(F)cc(cc12)-c1nc(Nc2ccc(cn2)N2CCC(O)CC2)ncc1F	Colony Stimulating?Factor?1	5000	US Patent	"3LCO,4DKD,4LIQ,6IG8"			
CC(C)CN1CCOc2c(F)cc(cc12)-c1nc(Nc2ccc(cn2)N2CCOCC2)ncc1F	Colony Stimulating?Factor?1	5000	US Patent	"3LCO,4DKD,4LIQ,6IG8"			
NS(=O)(=O)c1ccc(CNc2ccnc(Nc3cccc(CN4CCOCC4)c3)n2)cc1	Colony Stimulating?Factor?1	5060	ChEMBL	"3LCO,4DKD,4LIQ,6IG8"			
CCN1CCN(Cc2ccc(cc2C(F)(F)F)C(=O)Nc2ccc(C)c(NC(=O)c3ccn(C)n3)c2)CC1	Colony Stimulating?Factor?1	5149	ChEMBL	4EXP			
OC1CCN(CC1)c1cc(ccn1)-c1cnc2ccc(nn12)N1CCC[C@@H]1c1cccc(F)c1	Colony Stimulating?Factor?1	5300	ChEMBL	"3LCO,4DKD,4LIQ,6IG8"			
CC1CC(C)CN(C1)c1ccccc1NC(=O)c1ccc(o1)[N+]([O-])=O	Colony Stimulating?Factor?1	5300	ChEMBL	"3LCO,4DKD,4LIQ,6IG8"			
CCN1CCN(Cc2ccc(cc2C(F)(F)F)C(=O)Nc2ccc(C)c(NC(=O)c3c[nH]cn3)c2)CC1	Colony Stimulating?Factor?1	5432	ChEMBL	4EXP			
COCCOc1cc2ncnc(N3CCN(CC3)C(=O)Nc3ccc(OC(C)C)cc3)c2cc1OC	Colony Stimulating?Factor?1	5460	ChEMBL	"3LCO,4DKD,4LIQ,6IG8"			
CN(C)CCOc1cccc2c1oc1cc(Oc3ccccc3)ccc1c2=O	Colony Stimulating?Factor?1	5500	US Patent	"3LCO,4DKD,4LIQ,6IG8"			
CN(C)CCOc1cc(Cl)cc2c1oc1cc(Oc3ccccc3)ccc1c2=O	Colony Stimulating?Factor?1	5500	US Patent	"3LCO,4DKD,4LIQ,6IG8"			
CN(C)CCCn1c2ccc(C)cc2c(=O)c2ccc(Sc3ccccc3)cc12	Colony Stimulating?Factor?1	5500	US Patent	"3LCO,4DKD,4LIQ,6IG8"			
Nc1ncnc2n(nc(-c3ccc(Oc4ccccc4)cc3)c12)[C@@H]1CCCN(C1)C(=O)C=C	Colony Stimulating?Factor?1	5545	ChEMBL	"3LCO,4DKD,4LIQ,6IG8"			
Cc1ccc(NCc2ccc(nc2)C(F)(F)F)cc1NC(=O)c1cnn2ccccc12	Colony Stimulating?Factor?1	5772	ChEMBL	4EXP			
CCN1CCN(Cc2ccc(cc2C(F)(F)F)C(=O)Nc2ccc(C)c(NC(=O)c3ncc[nH]3)c2)CC1	Colony Stimulating?Factor?1	5779	ChEMBL	4EXP			
COc1ccc(cn1)[C@H]1Oc2c(OC)cc(Cn3cnc4cccnc34)cc2O[C@H]1C	Colony Stimulating?Factor?1	6120	US Patent	"3LCO,4DKD,4LIQ,6IG8"			
CCc1nn(Cc2cccc(C)n2)c2cccc(NC(=O)c3cnc4cc(CCN(C)C)ccn34)c12	Colony Stimulating?Factor?1	6551.3	US Patent	"4LIQ,6T2W,4DKD"			
Cc1ccc(cc1C(=O)Nc1cccnc1)C(=O)Nc1cccc(c1)C(F)(F)F	Colony Stimulating?Factor?1	6900	ChEMBL	"3LCO,4DKD,4LIQ,6IG8"			
Cc1ccc(NC(=O)c2ccnc(c2)N2CCCC2)cc1-c1ccc2c(noc2c1)C1CCNCC1	Colony Stimulating?Factor?1	7000	ChEMBL	"3LCO,4DKD,4LIQ,6IG8"			
CN1CCN(CC1)c1cc(cc(c1)C(F)(F)F)C(=O)Nc1cccc(Nc2ccc3\C(=C\c4cc(c[nH]4)C(O)=O)C(=O)Nc3c2)c1	Colony Stimulating?Factor?1	7600	ChEMBL	4EXP			
CC1(C)CCC(=CC1)c1nc(ccc1NC(=O)c1nc(c[nH]1)C#N)[C@H]1CC(C)(C)O[C@](C)(C1)C(O)=O	Colony Stimulating?Factor?1	8470	US Patent	"3LCO,4DKD,4LIQ,6IG8"			
Cn1cc(cn1)-c1ccn2c(cnc2c1)-c1ccc(s1)-c1cccc(Cl)c1	Colony Stimulating?Factor?1	8560	ChEMBL	"3LCO,4DKD,4LIQ,6IG8"			
CCCNC(=O)c1ccc(Nc2nc(NCC(F)(F)F)c3cc[nH]c3n2)cc1	Colony Stimulating?Factor?1	9060	ChEMBL	"3LCO,4DKD,4LIQ,6IG8"			
NCCn1cc(-c2cc(-c3cc4ccccc4s3)c3[nH]ncc3c2)c2nc(N)ncc12	Colony Stimulating?Factor?1	9200	ChEMBL	"3LCO,4DKD,4LIQ,6IG8"			
Fc1cccc(c1)[C@H]1CCCN1c1ccc2ncc(-c3ccccn3)n2n1	Colony Stimulating?Factor?1	10000	ChEMBL	"3LCO,4DKD,4LIQ,6IG8"			
COc1cc(ccc1N)-c1ccc2c(Nc3ccc(cc3NC2=O)C(C)(C)C(=O)Nc2ccc(cc2)N2CCOCC2)c1	Colony Stimulating?Factor?1	10000	ChEMBL	"3LCO,4DKD,4LIQ,6IG8"			
FC(F)(F)c1ccc(o1)C(=O)Nc1ccccc1N1CCCCC1	Colony Stimulating?Factor?1	10000	ChEMBL	"3LCO,4DKD,4LIQ,6IG8"			
[O-][N+](=O)c1ccc(o1)C(=O)Nc1ccccc1N1CCNCC1	Colony Stimulating?Factor?1	10000	ChEMBL	"3LCO,4DKD,4LIQ,6IG8"			
O=C(Nc1ccccc1N1CCCCC1)c1ccc(Nc2ccccc2)o1	Colony Stimulating?Factor?1	10000	ChEMBL	"3LCO,4DKD,4LIQ,6IG8"			
O=C(Nc1ccccc1N1CCCCC1)c1ccc(o1)-c1ccccc1	Colony Stimulating?Factor?1	10000	ChEMBL	"3LCO,4DKD,4LIQ,6IG8"			
CCCN(CC)c1ccccc1NC(=O)c1ccc(o1)[N+]([O-])=O	Colony Stimulating?Factor?1	10000	ChEMBL	"3LCO,4DKD,4LIQ,6IG8"			
OC(=O)c1ccc(o1)C(=O)Nc1ccccc1N1CCCCC1	Colony Stimulating?Factor?1	10000	ChEMBL	"3LCO,4DKD,4LIQ,6IG8"			
NC(=O)c1ccc(o1)C(=O)Nc1ccccc1N1CCCCC1	Colony Stimulating?Factor?1	10000	ChEMBL	"3LCO,4DKD,4LIQ,6IG8"			
O=C(Nc1ccccc1N1CCCCC1)c1ccco1	Colony Stimulating?Factor?1	10000	ChEMBL	"3LCO,4DKD,4LIQ,6IG8"			
CCCN(CCC)c1ccccc1NC(=O)c1ccc(o1)[N+]([O-])=O	Colony Stimulating?Factor?1	10000	ChEMBL	"3LCO,4DKD,4LIQ,6IG8"			
Nc1ccc(o1)C(=O)Nc1ccccc1N1CCCCC1	Colony Stimulating?Factor?1	10000	ChEMBL	"3LCO,4DKD,4LIQ,6IG8"			
OC1CCN(C1)c1ccccc1NC(=O)c1ccc(o1)[N+]([O-])=O	Colony Stimulating?Factor?1	10000	ChEMBL	"3LCO,4DKD,4LIQ,6IG8"			
[O-][N+](=O)c1ccc(o1)C(=O)Nc1ccccc1N1CCC1	Colony Stimulating?Factor?1	10000	ChEMBL	"3LCO,4DKD,4LIQ,6IG8"			
[O-][N+](=O)c1ccc(o1)C(=O)Nc1ccccc1N1CCN(CC1)c1ccccc1	Colony Stimulating?Factor?1	10000	ChEMBL	"3LCO,4DKD,4LIQ,6IG8"			
OCC1CCN(C1)c1ccccc1NC(=O)c1ccc(o1)[N+]([O-])=O	Colony Stimulating?Factor?1	10000	ChEMBL	"3LCO,4DKD,4LIQ,6IG8"			
[O-][N+](=O)c1ccc(o1)C(=O)Nc1ccccc1Nc1ccccc1	Colony Stimulating?Factor?1	10000	ChEMBL	"3LCO,4DKD,4LIQ,6IG8"			
Fc1ccc(cc1)-c1nn2ccccc2c1-c1ccncc1	Colony Stimulating?Factor?1	10000	ChEMBL	"3LCO,4DKD,4LIQ,6IG8"			
Cn1c2nc(Nc3ccc4[nH]ccc4c3)ncc2cc(c1=O)S(=O)(=O)c1ccc(F)cc1F	Colony Stimulating?Factor?1	10000	ChEMBL	"3LCO,4DKD,4LIQ,6IG8"			
Oc1ccccc1C1CC(=NN1C(=O)c1cccs1)c1cccnc1	Colony Stimulating?Factor?1	10000	ChEMBL	"3LCO,4DKD,4LIQ,6IG8"			
Oc1ccccc1C1CC(=NN1C(=O)c1ccc[nH]1)c1cccnc1	Colony Stimulating?Factor?1	10000	ChEMBL	"3LCO,4DKD,4LIQ,6IG8"			
CCOc1cccc2cc(oc12)C(=O)N1N=C(CC1c1ccccc1O)c1cccnc1	Colony Stimulating?Factor?1	10000	ChEMBL	"3LCO,4DKD,4LIQ,6IG8"			
Oc1ccccc1C1CC(=NN1C(=O)c1ccc(Br)o1)c1cccnc1	Colony Stimulating?Factor?1	10000	ChEMBL	"3LCO,4DKD,4LIQ,6IG8"			
Oc1ccccc1C1CC(=NN1C(=O)c1cccc(c1)-n1cccn1)c1cccnc1	Colony Stimulating?Factor?1	10000	ChEMBL	"3LCO,4DKD,4LIQ,6IG8"			
Oc1ccccc1C1CC(=NN1C(=O)c1ccco1)c1cccnc1	Colony Stimulating?Factor?1	10000	ChEMBL	"3LCO,4DKD,4LIQ,6IG8"			
CC(=O)c1c(C)c2cnc(Nc3ccc(cn3)N3CCNCC3)nc2n(C2CCCC2)c1=O	Colony Stimulating?Factor?1	10000	ChEMBL	"3LCO,4DKD,4LIQ,6IG8"			
C[C@@H](Oc1cc(cnc1N)-c1cnn(c1)C1CCNCC1)c1c(Cl)ccc(F)c1Cl	Colony Stimulating?Factor?1	10000	ChEMBL	"3LCO,4DKD,4LIQ,6IG8"			
COc1cc2CCN=C(c3ccc(Cl)c(Cl)c3)c2cc1Cl	Colony Stimulating?Factor?1	10000	ChEMBL	"3LCO,4DKD,4LIQ,6IG8"			
COc1cc2CCN=C(c3cccc(Cl)c3)c2cc1Cl	Colony Stimulating?Factor?1	10000	ChEMBL	"3LCO,4DKD,4LIQ,6IG8"			
O=C(Nc1sc2N(CCCc2c1C#N)C(=O)C1CC1)c1cccc2ccccc12	Colony Stimulating?Factor?1	10000	ChEMBL	"3LCO,4DKD,4LIQ,6IG8"			
O=C(Nc1sc2CCCCc2c1C#N)c1cccc2ccccc12	Colony Stimulating?Factor?1	10000	ChEMBL	"3LCO,4DKD,4LIQ,6IG8"			
FC(F)(F)CNc1nc(Nc2ccc(N3CCOCC3)c(Cl)c2)nc2ccoc12	Colony Stimulating?Factor?1	10000	ChEMBL	"3LCO,4DKD,4LIQ,6IG8"			
Cc1n[nH]c2cc(Nc3nc(NC4CC4)c4occc4n3)ccc12	Colony Stimulating?Factor?1	10000	ChEMBL	"3LCO,4DKD,4LIQ,6IG8"			
FC(F)(F)CNc1nc(Nc2ccc3cn[nH]c3c2)nc2ccoc12	Colony Stimulating?Factor?1	10000	ChEMBL	"3LCO,4DKD,4LIQ,6IG8"			
CC1(C)OCC(=O)Nc2cc(Nc3nc(NCC(F)(F)F)c4occc4n3)ccc12	Colony Stimulating?Factor?1	10000	ChEMBL	"3LCO,4DKD,4LIQ,6IG8"			
CN1CCN(Cc2ccc(NC(=O)c3ccc(C)c(NC(=O)c4cccc(c4)-c4cccs4)c3)cc2)CC1	Colony Stimulating?Factor?1	10000	ChEMBL	"3LCO,4DKD,4LIQ,6IG8"			
COc1cc(OC)c(F)c(COc2cnc(Nc3c(C)cccc3NC(=O)C=C)nc2)c1F	Colony Stimulating?Factor?1	10000	ChEMBL	"3LCO,4DKD,4LIQ,6IG8"			
COc1cc(OC)c(F)c(COc2cnc(N[C@@H]3COC[C@@H]3NC(=O)C=C)nc2)c1F	Colony Stimulating?Factor?1	10000	ChEMBL	"3LCO,4DKD,4LIQ,6IG8"			
OC(=O)C1CN(Cc2ccc(OCc3ccc(Cl)c(Cl)c3)cc2)C1	Colony Stimulating?Factor?1	10000	ChEMBL	"3LCO,4DKD,4LIQ,6IG8"			
CN(C)c1ccc(cc1)C(=O)Nc1cccc(NC(=O)COc2ccc3c(c2)occc3=O)c1	Colony Stimulating?Factor?1	10000	ChEMBL	"3LCO,4DKD,4LIQ,6IG8"			
CN(C)c1ccc(cc1)C(=O)Nc1cccc(NC(=O)COc2ccc3c(c2)occc3=O)c1	Colony Stimulating?Factor?1	10000	ChEMBL	"3LCO,4DKD,4LIQ,6IG8"			
Nc1ncnc2n(CC3CCN(CC3)C(=O)C=C)cc(-c3ccc4OCOc4c3)c12	Colony Stimulating?Factor?1	10000	ChEMBL	"3LCO,4DKD,4LIQ,6IG8"			
Cc1ccc(NC(=O)c2ccc(nc2)C(F)(F)F)cc1NC(=O)c1cnc2cccnn12	Colony Stimulating?Factor?1	10000	ChEMBL	4EXP			
Cc1ccc(NCc2ccc(nc2)C(F)(F)F)cc1NC(=O)c1cnc2cccnn12	Colony Stimulating?Factor?1	10000	ChEMBL	4EXP			
Cc1nn(CC(F)(F)F)cc1Nc1nccc(NCc2ccc(cc2)S(N)(=O)=O)n1	Colony Stimulating?Factor?1	10000	ChEMBL	"3LCO,4DKD,4LIQ,6IG8"			
NS(=O)(=O)c1ccc(CNc2ccnc(Nc3cccc(NC(=O)N4CCCC4)c3)n2)cc1	Colony Stimulating?Factor?1	10000	ChEMBL	"3LCO,4DKD,4LIQ,6IG8"			
Cc1nn(CC(F)(F)F)cc1Nc1ncc(Br)c(NCc2ccc(cc2)S(N)(=O)=O)n1	Colony Stimulating?Factor?1	10000	ChEMBL	"3LCO,4DKD,4LIQ,6IG8"			
Cc1cc(CS(=O)(=O)c2ccccc2)cc(OCc2ccc(CN3CCC[C@@H]3CO)cc2)c1	Colony Stimulating?Factor?1	10000	ChEMBL	"3LCO,4DKD,4LIQ,6IG8"			
Cc1cc(OCc2ccc(CN3CCC[C@@H]3CO)cc2)cc(CS(=O)(=O)c2ccccc2)c1Br	Colony Stimulating?Factor?1	10000	ChEMBL	"3LCO,4DKD,4LIQ,6IG8"			
C[C@H]1COC(=O)c2cnn3ccc(N[C@H](C)c4cc(F)ccc4O1)nc23	Colony Stimulating?Factor?1	10000	US Patent	"4LIQ,6T2W,4DKD"			
CC(=O)N1CCN(CC1)[C@H]1C[C@H](C1)n1cc(-c2cc(O)ccc2F)c2c(N)ncnc12	Colony Stimulating?Factor?1	11000	ChEMBL	"3LCO,4DKD,4LIQ,6IG8"			
CN1CCN(Cc2ccc(NCc3ccc(C)c(NC(=O)c4cccc(c4)-c4cccs4)c3)cc2C(F)(F)F)CC1	Colony Stimulating?Factor?1	11700	ChEMBL	"3LCO,4DKD,4LIQ,6IG8"			
CC(C)N(Cc1ccccc1)c1nc(Nc2ccc3ncsc3c2)[nH]c(=O)n1	Colony Stimulating?Factor?1	12500	ChEMBL	"3LCO,4DKD,4LIQ,6IG8"			
CC(C)(Nc1nc(Nc2ccc3ncsc3c2)[nH]c(=O)n1)c1ccccc1	Colony Stimulating?Factor?1	12500	ChEMBL	"3LCO,4DKD,4LIQ,6IG8"			
Cc1nc2NC(=O)\C(=C/c3ccc4ccccc4n3)c2c(C)c1O	Colony Stimulating?Factor?1	12900	ChEMBL	"4LIQ,6T2W,4DKD"			
Cn1cc(cn1)-c1cc2ncnc(Nc3ccc(CC(=O)Nc4cc(nn4C)C(C)(C)C)cc3)c2s1	Colony Stimulating?Factor?1	13600	ChEMBL	"3LCO,4DKD,4LIQ,6IG8"			
CC(C)(Nc1nc(NO)nc(Nc2ccc3ncsc3c2)n1)c1ccccc1	Colony Stimulating?Factor?1	14000	ChEMBL	"3LCO,4DKD,4LIQ,6IG8"			
COc1cc2c(ncnc2c(OC)c1OC)N(C)c1ccccc1	Colony Stimulating?Factor?1	20000	ChEMBL	"3LCO,4DKD,4LIQ,6IG8"			
COc1ccc2ncnc(N(C)c3ccccc3)c2c1	Colony Stimulating?Factor?1	20000	ChEMBL	"3LCO,4DKD,4LIQ,6IG8"			
CN(c1ccccc1)c1ncnc2ccccc12	Colony Stimulating?Factor?1	20000	ChEMBL	"3LCO,4DKD,4LIQ,6IG8"			
CN(c1ccccc1)c1ncnc2c(C)cc(C)cc12	Colony Stimulating?Factor?1	20000	ChEMBL	"3LCO,4DKD,4LIQ,6IG8"			
Cc1cc(on1)-c1c(-c2ccccc2)c2ncccc2[nH]c1=O	Colony Stimulating?Factor?1	20000	ChEMBL	"3LCO,4DKD,4LIQ,6IG8"			
Cc1ccc(cc1-c1ccc2c(noc2c1)C1CCNCC1)C(=O)Nc1cccc(c1)N1CCOCC1	Colony Stimulating?Factor?1	20000	ChEMBL	"3LCO,4DKD,4LIQ,6IG8"			
Cc1nnc(o1)-c1ccc(c(C)c1)-c1cc(NC(=O)c2ccnc(c2)N2CCCC2)ccc1C	Colony Stimulating?Factor?1	20000	ChEMBL	"3LCO,4DKD,4LIQ,6IG8"			
Cc1ccc(cc1-c1ccc2c(noc2c1)C1CCNCC1)C(=O)NC1CC1	Colony Stimulating?Factor?1	20000	ChEMBL	"3LCO,4DKD,4LIQ,6IG8"			
Cc1nnc(o1)-c1ccc(c(C)c1)-c1cc(ccc1C)C(=O)NC1CC1	Colony Stimulating?Factor?1	20000	ChEMBL	"3LCO,4DKD,4LIQ,6IG8"			
Cc1ccc(cc1-c1ccc2c(c1)nnn(CC1CC1)c2=O)C(=O)NC1CC1	Colony Stimulating?Factor?1	20000	ChEMBL	"3LCO,4DKD,4LIQ,6IG8"			
Cc1ccc(cc1-c1ccc(cc1)C(=O)NCC1CC1)C(=O)NC1CC1	Colony Stimulating?Factor?1	20000	ChEMBL	"3LCO,4DKD,4LIQ,6IG8"			
Cc1sc(cc1-c1cnn2cc(Cl)cnc12)C(=O)N[C@@H]1[C@H](N)CCCC1(F)F	Colony Stimulating?Factor?1	22000	ChEMBL	"3LCO,4DKD,4LIQ,6IG8"			
C(Nc1ccncc1)c1ccc2nc(NC3CCCCC3)sc2c1	Colony Stimulating?Factor?1	27712	ChEMBL	"3LCO,4DKD,4LIQ,6IG8"			
COc1cc2ncnc(N3CCN(CC3)C(=O)Nc3ccc(Br)cc3)c2cc1OC	Colony Stimulating?Factor?1	30000	ChEMBL	"3LCO,4DKD,4LIQ,6IG8"			
COc1cc2ncnc(N3CCN(CC3)C(=O)Nc3ccc(cc3)C#N)c2cc1OC	Colony Stimulating?Factor?1	30000	ChEMBL	"3LCO,4DKD,4LIQ,6IG8"			
COc1cc2ncnc(N3CCN(CC3)C(=O)Nc3ccc(cc3)[N+]([O-])=O)c2cc1OC	Colony Stimulating?Factor?1	30000	ChEMBL	"3LCO,4DKD,4LIQ,6IG8"			
CN(C)CCN1CCN(CCC1=O)C(=O)c1cc(sc1NC(=O)Nc1cccc(Cl)c1Cl)C(C)(C)C	Colony Stimulating?Factor?1	30000	ChEMBL	"3LCO,4DKD,4LIQ,6IG8"			
Cc1ccc(cc1)-n1nc(cc1NC(=O)Nc1ccc(OCCN2CCOCC2)c2ccccc12)C(C)(C)C	Colony Stimulating?Factor?1	30000	ChEMBL	"3LCO,4DKD,4LIQ,6IG8"			
COc1cc2ncnc(N3CCN(CC3)C(=S)NCc3ccccc3)c2cc1OC	Colony Stimulating?Factor?1	30000	ChEMBL	"3LCO,4DKD,4LIQ,6IG8"			
COc1cc2ncnc(N3CCN(CC3)C(=S)NCc3ccc4OCOc4c3)c2cc1OC	Colony Stimulating?Factor?1	30000	ChEMBL	"3LCO,4DKD,4LIQ,6IG8"			
Cc1ccc(NC(=O)c2cccc(c2)C(F)(F)F)cc1C(=O)Nc1ccccc1	Colony Stimulating?Factor?1	50000	ChEMBL	"3LCO,4DKD,4LIQ,6IG8"			
COc1cc2nc(Cl)nc(N(C)c3ccccc3)c2cc1OC	Colony Stimulating?Factor?1	50000	ChEMBL	"3LCO,4DKD,4LIQ,6IG8"			
COc1cc2nc(OC)nc(N(C)c3ccccc3)c2cc1OC	Colony Stimulating?Factor?1	50000	ChEMBL	"3LCO,4DKD,4LIQ,6IG8"			
COc1cc2ncnc(Nc3ccccc3)c2cc1OC	Colony Stimulating?Factor?1	50000	ChEMBL	"3LCO,4DKD,4LIQ,6IG8"			
N#Cc1ccnc(Nc2cc(C3CCN(CC3)C3COC3)n(n2)C2CCCC2)c1	Colony Stimulating?Factor?1	57000	ChEMBL	"3LCO,4DKD,4LIQ,6IG8"			
COc1cc2ncnc(Nc3cc(OC)c(OC)c(OC)c3)c2cc1OC	Colony Stimulating?Factor?1	100000	ChEMBL	"3LCO,4DKD,4LIQ,6IG8"			
C[C@@H]1C[C@H]1C(=O)N1CCN(C[C@H]1C)c1cnc(C#N)c(n1)-c1cnn(C)c1	Colony Stimulating?Factor?1	100000	ChEMBL	"3LCO,4DKD,4LIQ,6IG8"			
COc1ccc(CNc2ccc(Nc3ccc4ncc(nc4c3C#N)N3CCOCC3)cc2OC)cc1	Colony Stimulating?Factor?1	1000000	US Patent	"3LCO,4DKD,4LIQ,6IG8"			
COc1cc(Nc2ccc3ncc(nc3c2C#N)N2CCOCC2)ccc1OCc1nccn1C	Colony Stimulating?Factor?1	1000000	US Patent	"3LCO,4DKD,4LIQ,6IG8"			
COc1cc(Nc2ccc3ncc(nc3c2C#N)N2CCOCC2)ccc1OCc1cnccn1	Colony Stimulating?Factor?1	1000000	US Patent	"3LCO,4DKD,4LIQ,6IG8"			
COc1cc(Nc2ccc3ncc(nc3c2C#N)N2CCOCC2)ccc1OCc1cncn1C	Colony Stimulating?Factor?1	1000000	US Patent	"3LCO,4DKD,4LIQ,6IG8"			
COc1cc(Nc2ccc3ncc(nc3c2C#N)N2CCOCC2)ccc1OCc1ccccn1	Colony Stimulating?Factor?1	1000000	US Patent	"3LCO,4DKD,4LIQ,6IG8"			
CC1(C)CCC(=CC1)c1cc(CN2CCN(CCO)CC2)ccc1NC(=O)c1ncc([nH]1)C#N	Colony Stimulating?Factor?1	0.8	ChEMBL	"3LCO,4DKD,4LIQ,6IG8"			
CC1CCN(CC1)c1cc(ccc1NC(=O)c1ccc(o1)C#N)C1CCN(CC1)C(C)=O	Colony Stimulating?Factor?1	0.8	ChEMBL	"3LCO,4DKD,4LIQ,6IG8"			
CC1CCN(CC1)c1cc(ccc1NC(=O)c1ccc(o1)C#N)C1=CCNCC1	Colony Stimulating?Factor?1	0.8	ChEMBL	"3LCO,4DKD,4LIQ,6IG8"			
CC1CCN(CC1)c1cc(ccc1NC(=O)c1cc(c[nH]1)C#N)N1CCN(C)CC1	Colony Stimulating?Factor?1	0.8	ChEMBL	"3LCO,4DKD,4LIQ,6IG8"			
CC1(C)CCC(=CC1)c1cc(ccc1NC(=O)c1ncc([nH]1)C#N)C1CC(=O)NC(=O)C1	Colony Stimulating?Factor?1	0.8	ChEMBL	"3LCO,4DKD,4LIQ,6IG8"			
COc1cc(OCc2ccnc(Nc3cn[nH]c3)n2)cc2sc(N[C@H]3CCCC[C@@H]3O)nc12	Colony Stimulating?Factor?1	0.8	ChEMBL	"3LCO,4DKD,4LIQ,6IG8"			
CN1CCN(CC1)c1ccc(NC(=O)c2ccc(o2)C#N)c(c1)N1CCCCC1	Colony Stimulating?Factor?1	0.8	ChEMBL	"3LCO,4DKD,4LIQ,6IG8"			
COCCOCCOCCOc1ccc(cc1)-c1cc2c(ncnc2[nH]1)N(C)Cc1ccccc1	Colony Stimulating?Factor?1	0.8	ChEMBL	"4LIQ,6T2W,4DKD"			
CN(C)CCNCc1cc(ccc1F)-c1cc2c(ncnc2[nH]1)N(C)Cc1ccccc1	Colony Stimulating?Factor?1	0.8	ChEMBL	"4LIQ,6T2W,4DKD"			
"C[C@@]12C[C@@H](C[C@@](C)(O1)[C@@H](O)[C@H]2O)c1ccc(NC(=O)c2ncc([nH]2)C#N)c(c1)C1=CCC(C)(C)CC1 |r,t:32|"	Colony Stimulating?Factor?1	0.81	US Patent	4EXP			
CC1(C)CCC(=CC1)c1cc(CN2CCNCC2)ccc1NC(=O)c1ncc([nH]1)C#N |c:5|	Colony Stimulating?Factor?1	0.82	US Patent	4EXP			
CNc1ccc(c2CNC(=O)c12)-c1cnc(Nc2ccc(nc2)C2CC2)cc1C	Colony Stimulating?Factor?1	0.82	US Patent	"3LCO,4DKD,4LIQ,6IG8"			
OCCNCC(=O)N1CCC(CC1)c1ccc(NC(=O)c2ncc([nH]2)C#N)c(c1)C1=CCCCC1	Colony Stimulating?Factor?1	0.83	ChEMBL	"3LCO,4DKD,4LIQ,6IG8"			
"COC[C@@]12C[C@](O)(C[C@@](COC)(O1)C=C2)c1ccc(NC(=O)c2ncc([nH]2)C#N)c(c1)C1=CCC(C)(C)CC1 |r,c:14,t:35|"	Colony Stimulating?Factor?1	0.86	US Patent	4EXP			
CC(C)(N1CCN(CCO)CC1)c1ccc(NC(=O)c2ncc([nH]2)C#N)c(c1)C1=CCC(C)(C)CC1 |t:31|	Colony Stimulating?Factor?1	0.88	US Patent	4EXP			
CC1CCN(CC1)c1cc(ccc1NC(=O)c1ccc(o1)C#N)N1CCN(CC1)S(C)(=O)=O	Colony Stimulating?Factor?1	0.9	ChEMBL	"3LCO,4DKD,4LIQ,6IG8"			
CC(C)(N1CCOCC1)c1ccc(NC(=O)c2ncc([nH]2)C#N)c(c1)C1=CCC(C)(C)CC1	Colony Stimulating?Factor?1	0.9	ChEMBL	"3LCO,4DKD,4LIQ,6IG8"			
CN1CC(CN(C)C1=O)c1ccc(NC(=O)c2ncc([nH]2)C#N)c(c1)C1=CCCCCC1	Colony Stimulating?Factor?1	0.9	ChEMBL	"3LCO,4DKD,4LIQ,6IG8"			
Cc1ncc(NC(=O)c2cccc(c2)C(F)(F)F)cc1NC(=O)c1cncc(c1)-c1cnn(C)c1	Colony Stimulating?Factor?1	0.9	ChEMBL	"3LCO,4DKD,4LIQ,6IG8"			
CN(Cc1cccc(C)c1)c1ncnc2[nH]c(cc12)-c1cccnc1	Colony Stimulating?Factor?1	0.9	ChEMBL	"4LIQ,6T2W,4DKD"			
CC(C)(N1CCN(CC(=O)O[Na])CC1)c1ccc(NC(=O)c2ncc([nH]2)C#N)c(c1)C1=CCC(C)(C)CC1 |t:33|	Colony Stimulating?Factor?1	0.93	US Patent	4EXP			
CC(C)(N1CCOCC1)c1ccc(NC(=O)c2ncc([nH]2)C#N)c(c1)C1=CCC(C)(C)CC1 |t:28|	Colony Stimulating?Factor?1	0.94	US Patent	4EXP			
CN1CCN(CC1)C1CCC(CC1)c1ccc(NC(=O)c2nc(c[nH]2)C#N)c(c1)C1=CCC(C)(C)CC1	Colony Stimulating?Factor?1	0.99	US Patent	4EXP			
CN(CCO)CC(=O)N1CCC(CC1)c1ccc(NC(=O)c2ncc([nH]2)C#N)c(c1)C1=CCCCC1	Colony Stimulating?Factor?1	1	ChEMBL	"3LCO,4DKD,4LIQ,6IG8"			
CC1CCN(CC1)c1cc(ccc1NC(=O)c1ccc(o1)C#N)N1CCN(C)CC1	Colony Stimulating?Factor?1	1	ChEMBL	"3LCO,4DKD,4LIQ,6IG8"			
COc1ccc(COc2ccc(Cn3c(N)nc4cc(ccc34)-c3ccc(nc3)P(C)(C)=O)cc2OC)cc1	Colony Stimulating?Factor?1	1	US Patent	"4LIQ,6T2W,4DKD"			
Cc1ccc2c(Nc3ccc(Cl)cc3)nccc2c1NC(=O)c1csc2c(N)ncnc12	Colony Stimulating?Factor?1	1	US Patent	"4LIQ,6T2W,4DKD"			
CC1CCN(CC1)c1cc(ccc1NC(=O)c1cc(c[nH]1)C#N)N1CCNCC1	Colony Stimulating?Factor?1	1	ChEMBL	"3LCO,4DKD,4LIQ,6IG8"			
CC1CCN(CC1)c1cc(ccc1NC(=O)c1ccc(o1)C#N)N1CCN(C)CC1	Colony Stimulating?Factor?1	1	ChEMBL	"3LCO,4DKD,4LIQ,6IG8"			
CC1CCN(CC1)c1cc(ccc1NC(=O)c1ccc(o1)C#N)N1CCN(C)CC1	Colony Stimulating?Factor?1	1	ChEMBL	"3LCO,4DKD,4LIQ,6IG8"			
O=C(Nc1ccc(cc1C1=CCCCC1)C1CCNCC1)c1ncc([nH]1)C#N	Colony Stimulating?Factor?1	1	ChEMBL	"3LCO,4DKD,4LIQ,6IG8"			
O=C(Nc1ccc(cc1C1=CCCCC1)C1CC(=O)NC(=O)C1)c1ncc([nH]1)C#N	Colony Stimulating?Factor?1	1	ChEMBL	"3LCO,4DKD,4LIQ,6IG8"			
COc1ccc(COc2ccc(Cn3c(N)nc4cc(ccc34)-c3ccc(nc3)P(C)(C)=O)cc2OC)cc1	Colony Stimulating?Factor?1	1	US Patent	"3LCO,4DKD,4LIQ,6IG8"			
COc1ccc(COc2ccc(Cn3c(N)nc4cc(ccc34)-c3ccc(nc3)P(C)(C)=O)cc2OC)cc1	Colony Stimulating?Factor?1	1	US Patent	"3LCO,4DKD,4LIQ,6IG8"			
CN1CCN(CC1)c1ccc2nc([nH]c2c1)-c1c(N)c2c(F)cccc2[nH]c1=O	Colony Stimulating?Factor?1	1	ChEMBL	"3LCO,4DKD,4LIQ,6IG8"			
CN1CCN(Cc2ccc(cc2C(F)(F)F)C(=O)Nc2ccc(C)c(NC(=O)c3cccc(c3)-c3cnn(C)c3)c2)CC1	Colony Stimulating?Factor?1	1	ChEMBL	"3LCO,4DKD,4LIQ,6IG8"			
Cc1ccc2c(Nc3ccc(Cl)cc3)nccc2c1NC(=O)c1csc2c(N)ncnc12	Colony Stimulating?Factor?1	1	US Patent	"3LCO,4DKD,4LIQ,6IG8"			
CNC(=O)c1cc(Oc2ccc3nc(N[C@@H]4CCCC[C@H]4O)sc3c2)ccn1	Colony Stimulating?Factor?1	1	ChEMBL	"3LCO,4DKD,4LIQ,6IG8"			
Nc1nccc(COc2cc(F)c3nc(N[C@@H]4CCCC[C@H]4O)sc3c2)c1Cl	Colony Stimulating?Factor?1	1	ChEMBL	"3LCO,4DKD,4LIQ,6IG8"			
Nc1nccc(COc2cc(Cl)c3nc(N[C@@H]4CCCC[C@H]4O)sc3c2)c1Cl	Colony Stimulating?Factor?1	1	ChEMBL	"3LCO,4DKD,4LIQ,6IG8"			
COc1ccc(COc2ccc(Cn3c(N)nc4cc(ccc34)-c3ccc(nc3)P(C)(C)=O)cc2OC)cc1	Colony Stimulating?Factor?1	1	US Patent	"3LCO,4DKD,4LIQ,6IG8"			
CN(CC1CCCCC1)c1ncnc2[nH]c(nc12)-c1ccc(CO)cc1	Colony Stimulating?Factor?1	1	ChEMBL	"4LIQ,6T2W,4DKD"			
CN(Cc1ccccc1)c1ncnc2[nH]c(cc12)-c1ccc(CO)cc1	Colony Stimulating?Factor?1	1	ChEMBL	"4LIQ,6T2W,4DKD"			
CN(Cc1ccncc1)c1ncnc2[nH]c(cc12)-c1ccc(CO)cc1	Colony Stimulating?Factor?1	1	ChEMBL	"4LIQ,6T2W,4DKD"			
CNC(=O)c1cc(Oc2ccc3nc(N[C@@H]4CCCC[C@H]4O)sc3c2)ccn1	Colony Stimulating?Factor?1	1	ChEMBL	"3LCO,4DKD,4LIQ,6IG8"			
COc1cc(Nc2ccc3ncc(nc3c2C#N)N2CCOCC2)ccc1OCC1CCCO1	Colony Stimulating?Factor?1	1000000	US Patent	"3LCO,4DKD,4LIQ,6IG8"			
COc1cnc2ccc(Nc3ccc(NCc4ccc(cc4)C(F)(F)F)nc3)c(C#N)c2n1	Colony Stimulating?Factor?1	1000000	US Patent	"3LCO,4DKD,4LIQ,6IG8"			
O=C(Nc1ccc(cc1C1=CCCCC1)C1CCNCC1)c1ncc([nH]1)C#N	Colony Stimulating?Factor?1	1.1	ChEMBL	"3LCO,4DKD,4LIQ,6IG8"			
O=C(Nc1ccc(cc1C1=CCCCC1)C1CCN(CCN2CCOCC2)CC1)c1ncc([nH]1)C#N	Colony Stimulating?Factor?1	1.1	ChEMBL	"3LCO,4DKD,4LIQ,6IG8"			
OCCN1CCC(CC1)c1ccc(NC(=O)c2ncc([nH]2)C#N)c(c1)C1=CCCCC1	Colony Stimulating?Factor?1	1.1	ChEMBL	"3LCO,4DKD,4LIQ,6IG8"			
O=C(Cc1cnc[nH]1)N1CCC(CC1)c1ccc(NC(=O)c2ncc([nH]2)C#N)c(c1)C1=CCCCC1	Colony Stimulating?Factor?1	1.1	ChEMBL	"3LCO,4DKD,4LIQ,6IG8"			
O=C(Nc1ccc(cc1C1=CCCCC1)C1CCN(CCN2CCOCC2)CC1)c1ncc([nH]1)C#N	Colony Stimulating?Factor?1	1.1	ChEMBL	"3LCO,4DKD,4LIQ,6IG8"			
"C[C@@]12C[C@](O)(C[C@@](C)(O1)C=C2)c1ccc(NC(=O)c2ncc([nH]2)C#N)c(c1)C1=CCC(C)(C)CC1 |r,c:10,t:31|"	Colony Stimulating?Factor?1	1.1	US Patent	4EXP			
"CC1(C)CCC(=CC1)c1cc(ccc1NC(=O)c1ncc([nH]1)C#N)C1C[C@@](C)(CO)O[C@@](C)(CO)C1 |r,c:5|"	Colony Stimulating?Factor?1	1.1	US Patent	4EXP			
CC(C)(N1CCS(=O)CC1)c1ccc(NC(=O)c2ncc([nH]2)C#N)c(c1)C1=CCC(C)(C)CC1 |t:29|	Colony Stimulating?Factor?1	1.1	US Patent	4EXP			
CC1(C)CCC(=CC1)c1cc(ccc1NC(=O)c1nc(c[nH]1)C#N)C1(O)CCS(=O)(=O)CC1	Colony Stimulating?Factor?1	1.1	US Patent	4EXP			
CC1(C)CCC(=CC1)c1cc(ccc1NC(=O)c1nc(c[nH]1)C#N)C1(CCS(=O)(=O)CC1)C#N	Colony Stimulating?Factor?1	1.1	US Patent	4EXP			
CN[C@@H]1C[C@H]2O[C@@](C)([C@@H]1OC)n1c3ccccc3c3c4CNC(=O)c4c4c5ccccc5n2c4c13	Colony Stimulating?Factor?1	1.1	ChEMBL	"3LCO,4DKD,4LIQ,6IG8"			
Nc1nccc(COc2ccc3nc(N[C@H]4CCCC[C@H]4O)sc3c2)c1Cl	Colony Stimulating?Factor?1	1.1	ChEMBL	"3LCO,4DKD,4LIQ,6IG8"			
Nc1nccc(COc2ccc3nc(N[C@@H]4CCCC[C@H]4O)sc3c2F)c1Cl	Colony Stimulating?Factor?1	1.1	ChEMBL	"3LCO,4DKD,4LIQ,6IG8"			
CN(C)CCC(=O)Nc1c(C)[nH]c(\C=C2/C(=O)Nc3cc(NC(=O)Nc4cc(on4)C(C)(C)C)ccc23)c1C	Colony Stimulating?Factor?1	1.1	ChEMBL	"3LCO,4DKD,4LIQ,6IG8"			
Cn1cc(cn1)-c1cc(Oc2ccc(NC(=O)N3CCC4(CCCC4)C3=O)nc2)ccn1	Colony Stimulating?Factor?1	1.1	US Patent	"3LCO,4DKD,4LIQ,6IG8"			
CN(Cc1ccccc1)c1ncnc2[nH]c(nc12)-c1ccc(CO)cc1	Colony Stimulating?Factor?1	1.1	ChEMBL	"4LIQ,6T2W,4DKD"			
CN(Cc1ccccn1)c1ncnc2[nH]c(cc12)-c1ccc(CO)cc1	Colony Stimulating?Factor?1	1.1	ChEMBL	"4LIQ,6T2W,4DKD"			
CNC(=O)c1nccc2c(c[nH]c12)-c1cnc(Nc2ccc(OC3CC3)nc2)cc1C	Colony Stimulating?Factor?1	1.13	US Patent	"3LCO,4DKD,4LIQ,6IG8"			
OC[C@@H](O)C(=O)N1CCC(CC1)c1ccc(NC(=O)c2ncc([nH]2)C#N)c(c1)C1=CCCCC1	Colony Stimulating?Factor?1	1.2	ChEMBL	"3LCO,4DKD,4LIQ,6IG8"			
CNC(=O)c1cn(-c2ccc3CCCc3c2)c2nc(Nc3ccc(CCN4CCN(C)CC4)cc3)ncc2c1=O	Colony Stimulating?Factor?1	1.2	Curated from the literature by BindingDB	"4LIQ,6T2W,4DKD"			
CC(C)(NCCN1CCOCC1)c1ccc(NC(=O)c2ncc([nH]2)C#N)c(c1)C1=CCC(C)(C)CC1 |t:31|	Colony Stimulating?Factor?1	1.2	US Patent	4EXP			
CC(C)(OCCN1CCCC1)c1ccc(NC(=O)c2ncc([nH]2)C#N)c(c1)C1=CCC(C)(C)CC1 |t:30|	Colony Stimulating?Factor?1	1.2	US Patent	4EXP			
CC(C)(NCCN1CCOCC1)c1ccc(NC(=O)c2ncc([nH]2)C#N)c(c1)C1=CCC(C)(C)CC1	Colony Stimulating?Factor?1	1.2	ChEMBL	"3LCO,4DKD,4LIQ,6IG8"			
CC(C)(OCCN1CCCC1)c1ccc(NC(=O)c2ncc([nH]2)C#N)c(c1)C1=CCC(C)(C)CC1	Colony Stimulating?Factor?1	1.2	ChEMBL	"3LCO,4DKD,4LIQ,6IG8"			
CNC(=O)c1cc(Oc2ccc3nc(N[C@@H]4CCCC[C@H]4O)sc3c2)ccn1	Colony Stimulating?Factor?1	1.2	ChEMBL	"3LCO,4DKD,4LIQ,6IG8"			
CN1CCN(CC(=O)Nc2nc(C)c(s2)-c2ccc3c(\C=C\c4ccccn4)n[nH]c3c2)CC1	Colony Stimulating?Factor?1	1.2	ChEMBL	"3LCO,4DKD,4LIQ,6IG8"			
CN[C@@H]1C[C@H]2O[C@@](C)([C@@H]1OC)n1c3ccccc3c3c4CNC(=O)c4c4c5ccccc5n2c4c13	Colony Stimulating?Factor?1	1.2	ChEMBL	"3LCO,4DKD,4LIQ,6IG8"			
COc1cc(OCc2ccnc(Nc3cnn(C)c3)n2)c(Cl)c2sc(N[C@H]3CCCC[C@@H]3O)nc12	Colony Stimulating?Factor?1	1.2	ChEMBL	"3LCO,4DKD,4LIQ,6IG8"			
Nc1nccc(COc2ccc3nc(N[C@@H]4CCCC[C@H]4O)sc3c2Cl)c1Cl	Colony Stimulating?Factor?1	1.2	ChEMBL	"3LCO,4DKD,4LIQ,6IG8"			
CNC(=O)c1cc(Oc2ccc3nc(N[C@H]4CCCC[C@H]4O)sc3c2)ccn1	Colony Stimulating?Factor?1	1.2	ChEMBL	"3LCO,4DKD,4LIQ,6IG8"			
Cc1nc(NC(=O)N2CCC3(CCC3)C2=O)ccc1Oc1ccnc(c1)-c1cnn(C)c1	Colony Stimulating?Factor?1	1.2	US Patent	"3LCO,4DKD,4LIQ,6IG8"			
CN(Cc1cc(C)ccc1O)c1ncnc2[nH]c(cc12)-c1ccc(CO)cc1	Colony Stimulating?Factor?1	1.2	ChEMBL	"4LIQ,6T2W,4DKD"			
CNc1ccc(c2CNC(=O)c12)-c1cnc(NCc2ccc(nc2)C(F)(F)F)cc1C	Colony Stimulating?Factor?1	1.27	US Patent	"3LCO,4DKD,4LIQ,6IG8"			
OC(=O)CN1CCC(CC1)c1ccc(NC(=O)c2ncc([nH]2)C#N)c(c1)C1=CCCCC1	Colony Stimulating?Factor?1	1.3	ChEMBL	"3LCO,4DKD,4LIQ,6IG8"			
[O-][n+]1ccc(cc1)C(=O)N1CCC(CC1)c1ccc(NC(=O)c2ncc([nH]2)C#N)c(c1)C1=CCCCC1	Colony Stimulating?Factor?1	1.3	ChEMBL	"3LCO,4DKD,4LIQ,6IG8"			
O=C(Cc1ccncc1)N1CCC(CC1)c1ccc(NC(=O)c2ncc([nH]2)C#N)c(c1)C1=CCCCC1	Colony Stimulating?Factor?1	1.3	ChEMBL	"3LCO,4DKD,4LIQ,6IG8"			
CC(C)(N)C(=O)N1CCC(CC1)c1ccc(NC(=O)c2ncc([nH]2)C#N)c(c1)C1=CCCCC1	Colony Stimulating?Factor?1	1.3	ChEMBL	"3LCO,4DKD,4LIQ,6IG8"			
CONC(=O)c1cn(-c2ccc3CCCc3c2)c2nc(Nc3ccc(CCN4CCOCC4)cc3)ncc2c1=O	Colony Stimulating?Factor?1	1.3	Curated from the literature by BindingDB	"4LIQ,6T2W,4DKD"			
CONC(=O)c1cn(-c2ccc3CCCc3c2)c2nc(Nc3ccc(cc3)C3CCN(CCO)CC3)ncc2c1=O	Colony Stimulating?Factor?1	1.3	Curated from the literature by BindingDB	"4LIQ,6T2W,4DKD"			
COCCNCC(=C)c1ccc(NC(=O)c2ncc([nH]2)C#N)c(c1)C1=CCCCC1 |t:26|	Colony Stimulating?Factor?1	1.3	US Patent	4EXP			
COCCN1CCN(CC1)C(C)(C)c1ccc(NC(=O)c2ncc([nH]2)C#N)c(c1)C1=CCC(C)(C)CC1 |t:32|	Colony Stimulating?Factor?1	1.3	US Patent	4EXP			
CSCCNCC(C)(C)c1ccc(NC(=O)c2ncc([nH]2)C#N)c(c1)C1=CCC(C)(C)CC1 |t:27|	Colony Stimulating?Factor?1	1.3	US Patent	4EXP			
