Ligand SMILES	Target Name	IC50 (nM)	PDB ID(s) of Target Chain
OC(=O)c1ccc(cc1O)N(Cc1ccc(cc1)C1CCCCC1)C(=O)[C@H]1CCN1S(=O)(=O)c1c(F)c(F)c(F)c(F)c1F	Signal transducer and activator of transcription 3	546	"3CWG,6NJS,6NUQ,6TLC"
Oc1cc(N(Cc2ccc(cc2)C2CCCCC2)C(=O)[C@H]2CCN2S(=O)(=O)c2c(F)c(F)c(F)c(F)c2F)c(F)cc1C([O-])=O	Signal transducer and activator of transcription 3	562	"3CWG,6NJS,6NUQ,6TLC"
Fc1cc(Br)ccc1CN1CCN(CC1)C(=O)c1ccc(nc1)-c1nc(no1)-c1ccc(cc1)C(F)(F)F	Signal transducer and activator of transcription 3	564	"3CWG,6NJS,6NUQ,6TLC"
CC(C)C[C@H](NC(=O)\C=C\c1ccc(OP(O)(O)=O)cc1)C(=O)N1CCC[C@H]1C(=O)NCCCC(N)=O	Signal transducer and activator of transcription 3	574	"3CWG,6NJS,6NUQ,6TLC"
Oc1cc(ccc1C([O-])=O)N(Cc1ccc(cc1)C1CCCCC1)C(=O)[C@H]1CCN1S(=O)(=O)c1c(F)c(F)c(F)c(F)c1F	Signal transducer and activator of transcription 3	583	"3CWG,6NJS,6NUQ,6TLC"
CC(C)C[C@H](NC(=O)\C=C\c1ccc(OP(O)(O)=O)cc1)C(=O)N1CCC[C@H]1C(=O)N[C@@H](CCC(N)=O)CNC(C)=O	Signal transducer and activator of transcription 3	589	"3CWG,6NJS,6NUQ,6TLC"
C[C@@H]1O[C@@H](OC[C@H]2O[C@@H](O[C@@](C)(CCC(=O)C(C)=C)[C@H]3CC[C@]4(C)[C@@H]3[C@H](O)C[C@@H]3[C@@]5(C)C[C@@H](O)[C@H](O)C(C)(C)[C@@H]5CC[C@@]43C)[C@H](O)[C@@H](O)[C@@H]2O)[C@H](O)[C@H](O)[C@H]1O	Signal transducer and activator of transcription 3	590	"3CWG,6NJS,6NUQ,6TLC"
NC(=O)C1CCN(C1)C(=O)[C@@H]1Cc2cccc3CC[C@H](NC(=O)\C=C\c4ccc(OP(O)(O)=O)cc4)C(=O)N1c23	Signal transducer and activator of transcription 3	595	"3CWG,6NJS,6NUQ,6TLC"
Cn1c(cc2ccc(Oc3cnc(cn3)-c3nc(no3)-c3ccc(cc3)C(F)(F)F)cc12)C(=O)N1CCN(CCc2ccccc2)CC1	Signal transducer and activator of transcription 3	595	"3CWG,6NJS,6NUQ,6TLC"
NC(=O)CC[C@H](NC(=O)[C@@H]1CC[C@@H]2CC[C@H](NC(=O)\C=C\c3ccc(OP(O)(O)=O)cc3)C(=O)N12)C(=O)NCc1ccccc1	Signal transducer and activator of transcription 3	604	"3CWG,6NJS,6NUQ,6TLC"
Fc1c(F)c(F)c(c(F)c1F)S(=O)(=O)N1CC[C@@H]1C(=O)N(Cc1ccc(cn1)C1CCCCC1)c1ccc2nn[nH]c2c1	Signal transducer and activator of transcription 3	610	"3CWG,6NJS,6NUQ,6TLC"
CC(=O)N[C@@H](Cc1ccc(OP(O)(O)=O)cc1)C(O)=O	Signal transducer and activator of transcription 3	610	"3CWG,6NJS,6NUQ,6TLC"
Fc1c(F)c(F)c(c(F)c1F)S(=O)(=O)N1CC[C@@H]1C(=O)N(Cc1ccc(cn1)C1CCCCC1)c1ccc2nn[nH]c2c1	Signal transducer and activator of transcription 3	612	"3CWG,6NJS,6NUQ,6TLC"
CCCn1c(cc2ccc(Oc3cnc(cn3)-c3nc(no3)-c3ccc(cc3)C(F)(F)F)cc12)C(=O)N1CCN(Cc2ccc(OCC(F)(F)F)cc2)CC1	Signal transducer and activator of transcription 3	613	"3CWG,6NJS,6NUQ,6TLC"
CC(C)C[C@H](NC(=O)C=Cc1ccc(OP(O)(O)=O)cc1)C(=O)N1CCC[C@H]1C(=O)N[C@@H](CCC(N)=O)COC(N)=O	Signal transducer and activator of transcription 3	615	"3CWG,6NJS,6NUQ,6TLC"
Cc1cnc(Nc2ccccc2)nc1-c1cnn(CCC#N)c1	Signal transducer and activator of transcription 3	620	"6TLC,6NUQ,6NJS,3CWG"
OC(=O)c1ccc(cc1O)N(Cc1ccc(cn1)C1CCCC1)C(=O)[C@H]1CCN1S(=O)(=O)c1c(F)c(F)c(F)c(F)c1F	Signal transducer and activator of transcription 3	628	"3CWG,6NJS,6NUQ,6TLC"
Fc1c(F)c(F)c(c(F)c1F)S(=O)(=O)N1CC[C@@H]1C(=O)N(Cc1cnc(cn1)C1CCCCC1)c1ccc2nn[nH]c2c1	Signal transducer and activator of transcription 3	628	"3CWG,6NJS,6NUQ,6TLC"
Fc1c(F)c(F)c(c(F)c1F)S(=O)(=O)N1CC[C@@H]1C(=O)N(Cc1cnc(cn1)C1CCCCC1)c1ccc2nn[nH]c2c1	Signal transducer and activator of transcription 3	630	"3CWG,6NJS,6NUQ,6TLC"
O\N=C1\C=C(N[C@H](Cc2ccccc2)C(=O)Nc2ccc(cc2)C(F)(F)F)C(=O)c2ccccc12	Signal transducer and activator of transcription 3	640	"3CWG,6NJS,6NUQ,6TLC"
Fc1c(F)c(F)c(c(F)c1F)S(=O)(=O)N1CC[C@@H]1C(=O)N(Cc1ccc(cn1)C1CCCCC1)c1ccc2C(=O)NCc2c1	Signal transducer and activator of transcription 3	640	"3CWG,6NJS,6NUQ,6TLC"
Fc1c(F)c(F)c(c(F)c1F)S(=O)(=O)N1CC[C@@H]1C(=O)N(Cc1ccc(cn1)C1CCCCC1)c1ccc2C(=O)NCc2c1	Signal transducer and activator of transcription 3	642	"3CWG,6NJS,6NUQ,6TLC"
Cn1c(cc2ccc(Oc3cnc(cn3)-c3nc(no3)-c3ccc(cc3)C(F)(F)F)cc12)C(=O)N1CCN(Cc2ccc(Cl)cc2)CC1	Signal transducer and activator of transcription 3	649	"3CWG,6NJS,6NUQ,6TLC"
OC(=O)c1ccc(cc1O)N(Cc1ccc(nc1)C1CCCCC1)C(=O)[C@H]1CCN1S(=O)(=O)c1c(F)c(F)c(F)c(F)c1F	Signal transducer and activator of transcription 3	656	"3CWG,6NJS,6NUQ,6TLC"
OC(=O)c1cc(F)c(cc1O)N(Cc1ccc(cc1)C1CCCCC1)C(=O)[C@H]1CCN1S(=O)(=O)c1c(F)c(F)c(F)c(F)c1F	Signal transducer and activator of transcription 3	659	"3CWG,6NJS,6NUQ,6TLC"
NC(=O)c1ccc(cc1O)N(Cc1ccc(cn1)C1CCCCC1)C(=O)[C@H]1CCN1S(=O)(=O)c1c(F)c(F)c(F)c(F)c1F	Signal transducer and activator of transcription 3	660	"3CWG,6NJS,6NUQ,6TLC"
Fc1c(F)c(F)c(c(F)c1F)S(=O)(=O)N1CC[C@@H]1C(=O)N(Cc1ccc(cn1)C1CCCCC1)c1ccc2c(cn[nH]c2=O)c1	Signal transducer and activator of transcription 3	663	"3CWG,6NJS,6NUQ,6TLC"
OC(=O)c1ccc(cc1O)N(Cc1ccc(cn1)C1CCCCC1)C(=O)[C@H]1CCN1S(=O)(=O)c1c(F)c(F)c(F)c(F)c1F	Signal transducer and activator of transcription 3	664	"3CWG,6NJS,6NUQ,6TLC"
[O-][N+](=O)c1ccc2C=CS(=O)(=O)c2c1	Signal transducer and activator of transcription 3	670	"3CWG,6NJS,6NUQ,6TLC"
[O-][N+](=O)c1cnc(NC(=O)c2ccc(cc2)C(F)(F)F)s1	Signal transducer and activator of transcription 3	700	"3CWG,6NJS,6NUQ,6TLC"
CN1CC(COC(=O)C2CCCCC2)=C[C@H]2[C@H]1Cc1c[nH]c3cccc2c13	Signal transducer and activator of transcription 3	700	"3CWG,6NJS,6NUQ,6TLC"
OC(=O)c1ccc(cc1O)N(Cc1ccc(nn1)C1CCCCC1)C(=O)[C@H]1CCN1S(=O)(=O)c1c(F)c(F)c(F)c(F)c1F	Signal transducer and activator of transcription 3	702	"3CWG,6NJS,6NUQ,6TLC"
OC(=O)c1ccc(cc1O)N(Cc1ccc(cc1)C1CCCC1)C(=O)[C@H]1CCN1S(=O)(=O)c1c(F)c(F)c(F)c(F)c1F	Signal transducer and activator of transcription 3	711	"3CWG,6NJS,6NUQ,6TLC"
COc1cc(NC(=O)c2ccc(Cl)c(c2)S(N)(=O)=O)cc(OC)c1OC	Signal transducer and activator of transcription 3	720	"3CWG,6NJS,6NUQ,6TLC"
CC(C)C[C@H](NC(=O)[C@H](Cc1ccc(OP(O)(O)=O)cc1)NC(C)=O)C(=O)N1CCC[C@H]1C(=O)N[C@@H](CCC(N)=O)C(=O)N[C@@H](C(C)O)C(N)=O	Signal transducer and activator of transcription 3	739	"3CWG,6NJS,6NUQ,6TLC"
COC(=O)c1ccc(N(Cc2ccc(cn2)C2CCCCC2)C(=O)[C@H]2CCN2S(=O)(=O)c2c(F)c(F)c(F)c(F)c2F)c(F)c1	Signal transducer and activator of transcription 3	755	"3CWG,6NJS,6NUQ,6TLC"
CNC(=O)c1ccc(cc1O)N(Cc1ccc(cn1)C1CCCCC1)C(=O)[C@H]1CCN1S(=O)(=O)c1c(F)c(F)c(F)c(F)c1F	Signal transducer and activator of transcription 3	770	"3CWG,6NJS,6NUQ,6TLC"
Cc1cc(Nc2ncc(C)c(n2)N2CC3CCCC(C2)N3CC#N)sn1	Signal transducer and activator of transcription 3	771	"6TLC,6NUQ,6NJS,3CWG"
CNC(=O)c1ccc(cc1O)N(Cc1ccc(cn1)C1CCCCC1)C(=O)[C@H]1CCN1S(=O)(=O)c1c(F)c(F)c(F)c(F)c1F	Signal transducer and activator of transcription 3	773	"3CWG,6NJS,6NUQ,6TLC"
OC(=O)c1ccc(cc1O)N(Cc1cnc(cn1)C1CCCC1)C(=O)[C@H]1CCN1S(=O)(=O)c1c(F)c(F)c(F)c(F)c1F	Signal transducer and activator of transcription 3	775	"3CWG,6NJS,6NUQ,6TLC"
Fc1c(F)c(F)c(c(F)c1F)S(=O)(=O)N1CC[C@@H]1C(=O)N(Cc1ccc(cn1)C1CCCCC1)c1ccc2c(cc[nH]c2=O)c1	Signal transducer and activator of transcription 3	790	"3CWG,6NJS,6NUQ,6TLC"
CC(C)C[C@H](NC(=O)C=Cc1ccc(OP(O)(O)=O)cc1)C(=O)N1CCC[C@H]1C(=O)N[C@H](C)COC(N)=O	Signal transducer and activator of transcription 3	797	"3CWG,6NJS,6NUQ,6TLC"
CC1=CC(C)(C)N=C(Nc2nc(C)c3cc(C)cc(C)c3n2)N1	Signal transducer and activator of transcription 3	800	"3CWG,6NJS,6NUQ,6TLC"
CC(C)C[C@H](NC(=O)[C@H](Cc1ccc(cc1)-c1nnn[nH]1)NC(C)=O)C(=O)N1CCC[C@H]1C(=O)N[C@@H](CCC(N)=O)C(=O)N[C@@H]([C@@H](C)O)C(=O)N[C@@H](C(C)C)C(O)=O	Signal transducer and activator of transcription 3	800	"3CWG,6NJS,6NUQ,6TLC"
[O-][N+](=O)c1cnc(NC(=O)c2ccc(Cl)c(Cl)c2)s1	Signal transducer and activator of transcription 3	800	"3CWG,6NJS,6NUQ,6TLC"
CN1CC(COC(=O)C2CCCCC2)=C[C@H]2[C@H]1Cc1c[nH]c3cccc2c13	Signal transducer and activator of transcription 3	800	"3CWG,6NJS,6NUQ,6TLC"
CN1CC(COC(=O)C2CCCCC2)=C[C@H]2[C@H]1Cc1c[nH]c3cccc2c13	Signal transducer and activator of transcription 3	800	"3CWG,6NJS,6NUQ,6TLC"
CN1CC(COC(=O)C2CCCCC2)=C[C@H]2[C@H]1Cc1c[nH]c3cccc2c13	Signal transducer and activator of transcription 3	800	"3CWG,6NJS,6NUQ,6TLC"
CCCN1CCN(CC1)C(=O)c1cc2ccc(Oc3cnc(cn3)-c3nc(no3)-c3ccc(cc3)C(F)(F)F)cc2n1C	Signal transducer and activator of transcription 3	801	"3CWG,6NJS,6NUQ,6TLC"
FC(F)(F)COc1cccc(CN2CCN(CC2)C(=O)c2ccc(nc2)-c2nc(no2)-c2ccc(cc2)C(F)(F)F)c1	Signal transducer and activator of transcription 3	803	"3CWG,6NJS,6NUQ,6TLC"
OC(=O)c1cc(F)c(cc1O)N(Cc1ccc(cc1)C1CCOCC1)C(=O)[C@H]1CCN1S(=O)(=O)c1c(F)c(F)c(F)c(F)c1F	Signal transducer and activator of transcription 3	809	"3CWG,6NJS,6NUQ,6TLC"
OC(=O)CCCNC(=O)[C@@H]1Cc2cccc3CC[C@H](NC(=O)\C=C\c4ccc(OP(O)(O)=O)cc4)C(=O)N1c23	Signal transducer and activator of transcription 3	815	"3CWG,6NJS,6NUQ,6TLC"
Cn1c(cc2ccc(Oc3cnc(cn3)-c3nc(no3)-c3ccc(cc3)C(F)(F)F)cc12)C(=O)N1CCN(Cc2ccc(Br)cc2)CC1	Signal transducer and activator of transcription 3	836	"3CWG,6NJS,6NUQ,6TLC"
CC(=O)C1=CC2C(O1)C(=O)c1ccccc1C2=O	Signal transducer and activator of transcription 3	840	"3CWG,6NJS,6NUQ,6TLC"
CC(C)C[C@H](NC(=O)\C=C\c1ccc(OP(O)(O)=O)cc1)C(=O)N1CCC[C@H]1C(=O)N[C@@H](CCC(N)=O)Cc1ccc(O)cc1	Signal transducer and activator of transcription 3	848	"3CWG,6NJS,6NUQ,6TLC"
CC(C)C[C@H](NC(=O)C=Cc1ccc(OP(O)(O)=O)cc1)C(=O)N1CCC[C@H]1C(=O)N[C@@H]([C@@H](C)OC(N)=O)C(=O)NCc1ccccc1	Signal transducer and activator of transcription 3	850	"3CWG,6NJS,6NUQ,6TLC"
CC(C)C[C@H](NC(=O)C=Cc1ccc(OP(O)(O)=O)cc1)C(=O)N1CCC[C@H]1C(=O)N[C@@H]([C@@H](C)OC(N)=O)C(=O)NCc1ccccc1	Signal transducer and activator of transcription 3	850	"3CWG,6NJS,6NUQ,6TLC"
CC(C)C[C@H](NC(=O)[C@H](Cc1ccc(OP(O)(O)=O)cc1)NC(C)=O)C(=O)N1CCC[C@H]1C(=O)N[C@@H](CCC(N)=O)C(N)=O	Signal transducer and activator of transcription 3	856	"3CWG,6NJS,6NUQ,6TLC"
OC(=O)c1ccc(cc1F)N(Cc1ccc(cn1)C1CCCCC1)C(=O)[C@H]1CCN1S(=O)(=O)c1c(F)c(F)c(F)c(F)c1F	Signal transducer and activator of transcription 3	856	"3CWG,6NJS,6NUQ,6TLC"
Cn1ccc2cc(ccc2c1=O)N(Cc1ccc(cn1)C1CCCCC1)C(=O)[C@H]1CCN1S(=O)(=O)c1c(F)c(F)c(F)c(F)c1F	Signal transducer and activator of transcription 3	870	"3CWG,6NJS,6NUQ,6TLC"
CC(C)C[C@H](NC(=O)\C=C\c1ccc(OP(O)(O)=O)cc1)C(=O)N1CCC[C@H]1C(=O)N[C@@H](CC(N)=O)C(=O)NCc1ccccc1	Signal transducer and activator of transcription 3	874	"3CWG,6NJS,6NUQ,6TLC"
ONC(=O)c1ccc(N(Cc2ccc(cn2)C2CCCCC2)C(=O)[C@H]2CCN2S(=O)(=O)c2c(F)c(F)c(F)c(F)c2F)c(F)c1	Signal transducer and activator of transcription 3	889	"3CWG,6NJS,6NUQ,6TLC"
ONC(=O)c1ccc(N(Cc2ccc(cn2)C2CCCCC2)C(=O)[C@H]2CCN2S(=O)(=O)c2c(F)c(F)c(F)c(F)c2F)c(F)c1	Signal transducer and activator of transcription 3	890	"3CWG,6NJS,6NUQ,6TLC"
O=C(NCCN1CCC(CCCCCNc2cccc3C(=O)N(C4CCC(=O)NC4=O)C(=O)c23)CC1)c1cc2c(o1)C(=O)c1ccccc1C2=O	Signal transducer and activator of transcription 3	900	"3CWG,6NJS,6NUQ,6TLC"
CCC[C@@H](C)Oc1ccc(cc1C)C(=O)Nc1ccc2nc(SCC(=O)N[C@@H](C)c3ccccc3)sc2c1	Signal transducer and activator of transcription 3	900	"3CWG,6NJS,6NUQ,6TLC"
OC(=O)c1ccc(cc1O)N(Cc1ccc(nc1)C1CCOCC1)C(=O)[C@H]1CCN1S(=O)(=O)c1c(F)c(F)c(F)c(F)c1F	Signal transducer and activator of transcription 3	900	"3CWG,6NJS,6NUQ,6TLC"
CC(C)(C)OC(=O)c1ccc(NC(=O)c2cccc(c2)S(N)(=O)=O)cc1	Signal transducer and activator of transcription 3	920	"3CWG,6NJS,6NUQ,6TLC"
CCCC(C)Oc1ccc(cc1C)C(=O)Nc1ccc2nc(SCC(=O)N[C@@H](C)c3ccccc3)sc2c1	Signal transducer and activator of transcription 3	950	"3CWG,6NJS,6NUQ,6TLC"
Fc1c(F)c(F)c(c(F)c1F)S(=O)(=O)N1CC[C@@H]1C(=O)N(Cc1ccc(cn1)C1CCCCC1)c1ccc2c(c1)nc[nH]c2=O	Signal transducer and activator of transcription 3	978	"3CWG,6NJS,6NUQ,6TLC"
Fc1c(F)c(F)c(c(F)c1F)S(=O)(=O)N1CC[C@@H]1C(=O)N(Cc1ccc(cn1)C1CCCCC1)c1ccc2c(c1)nc[nH]c2=O	Signal transducer and activator of transcription 3	980	"3CWG,6NJS,6NUQ,6TLC"
O\N=C1\C=C(N[C@H](Cc2ccccc2)C(=O)Nc2cccc(c2)C(F)(F)F)C(=O)c2ccccc12	Signal transducer and activator of transcription 3	990	"3CWG,6NJS,6NUQ,6TLC"
COC(=O)c1ccc(cc1O)N(Cc1ccc(cn1)C1CCCCC1)C(=O)[C@H]1CCN1S(=O)(=O)c1c(F)c(F)c(F)c(F)c1F	Signal transducer and activator of transcription 3	998	"3CWG,6NJS,6NUQ,6TLC"
CC(C)C[C@H](NC(=O)[C@H](Cc1ccc(OCC(O)=O)cc1)NC(C)=O)C(=O)N1CCC[C@H]1C(=O)N[C@@H](CCC(N)=O)C(=O)N[C@@H]([C@@H](C)O)C(=O)N[C@@H](C(C)C)C(O)=O	Signal transducer and activator of transcription 3	800	"3CWG,6NJS,6NUQ,6TLC"
CC(C)C[C@H](NC(=O)[C@H](Cc1ccc(Cc2nnn[nH]2)cc1)NC(C)=O)C(=O)N1CCC[C@H]1C(=O)N[C@@H](CCC(N)=O)C(=O)N[C@@H]([C@@H](C)O)C(=O)N[C@@H](C(C)C)C(O)=O	Signal transducer and activator of transcription 3	800	"3CWG,6NJS,6NUQ,6TLC"
CC(=O)c1cc2c(o1)C(=O)c1ccccc1C2=O	Signal transducer and activator of transcription 3	800	"3CWG,6NJS,6NUQ,6TLC"
C[C@H](O)c1cc2c(o1)C(=O)c1ccccc1C2=O	Signal transducer and activator of transcription 3	800	"3CWG,6NJS,6NUQ,6TLC"
CC1C(=Nn2c(nnc2S1=O)-c1cc(n[nH]1)-c1ccc(Cl)cc1)c1ccc(Cl)c(Cl)c1	Signal transducer and activator of transcription 3	1000	"3CWG,6NJS,6NUQ,6TLC"
CCN1CCN(CC1)C(=O)c1ccc(nc1)-c1nc(no1)-c1ccc(cc1)C(F)(F)F	Signal transducer and activator of transcription 3	800	"3CWG,6NJS,6NUQ,6TLC"
FC(F)(F)Oc1ccc(cc1)C(=O)N1CCN(CC1)C(=O)c1ccc(nc1)-c1nc(no1)-c1ccc(cc1)C(F)(F)F	Signal transducer and activator of transcription 3	800	"3CWG,6NJS,6NUQ,6TLC"
FC(F)(F)Oc1ccccc1CN1CCN(CC1)C(=O)c1ccc(nc1)-c1nc(no1)-c1ccc(cc1)C(F)(F)F	Signal transducer and activator of transcription 3	800	"3CWG,6NJS,6NUQ,6TLC"
FC(F)(F)COc1ccccc1CN1CCN(CC1)C(=O)c1ccc(nc1)-c1nc(no1)-c1ccc(cc1)C(F)(F)F	Signal transducer and activator of transcription 3	800	"3CWG,6NJS,6NUQ,6TLC"
Nc1ccc(CN2CCN(CC2)C(=O)c2ccc(nc2)-c2nc(no2)-c2ccc(cc2)C(F)(F)F)cc1	Signal transducer and activator of transcription 3	800	"3CWG,6NJS,6NUQ,6TLC"
FC(F)(F)CNc1ccc(CN2CCN(CC2)C(=O)c2ccc(nc2)-c2nc(no2)-c2ccc(cc2)C(F)(F)F)cc1	Signal transducer and activator of transcription 3	800	"3CWG,6NJS,6NUQ,6TLC"
Fc1cc(Br)cc(F)c1CN1CCN(CC1)C(=O)c1ccc(nc1)-c1nc(no1)-c1ccc(cc1)C(F)(F)F	Signal transducer and activator of transcription 3	800	"3CWG,6NJS,6NUQ,6TLC"
FC(F)(F)COc1ccc(CN2CCN(CC2)C(=O)c2ccc(nc2)-c2nc(no2)-c2cccs2)cc1	Signal transducer and activator of transcription 3	800	"3CWG,6NJS,6NUQ,6TLC"
FC(F)(F)COc1ccc(CN2CCN(CC2)C(=O)c2ccc(nc2)-c2nc(no2)-c2cncs2)cc1	Signal transducer and activator of transcription 3	800	"3CWG,6NJS,6NUQ,6TLC"
FC(F)(F)COc1ccc(CN2CCN(CC2)C(=O)c2ccc(nc2)-c2nc(no2)-c2ncccn2)cc1	Signal transducer and activator of transcription 3	800	"3CWG,6NJS,6NUQ,6TLC"
FC(F)(F)COc1ccc(CN2CCN(CC2)C(=O)c2ccc(nc2)-c2nc(no2)-c2ccccc2)cc1	Signal transducer and activator of transcription 3	800	"3CWG,6NJS,6NUQ,6TLC"
FC(F)(F)COc1ccc(CN2CCN(CC2)C(=O)c2ccc(nc2)-c2nc(no2)-c2ccccc2C(F)(F)F)cc1	Signal transducer and activator of transcription 3	800	"3CWG,6NJS,6NUQ,6TLC"
Fc1ccccc1-c1noc(n1)-c1ccc(cn1)C(=O)N1CCN(Cc2ccc(OCC(F)(F)F)cc2)CC1	Signal transducer and activator of transcription 3	800	"3CWG,6NJS,6NUQ,6TLC"
CC(C)(C)c1ccc(cc1)-c1noc(n1)-c1ccc(cn1)C(=O)N1CCN(Cc2ccc(OCC(F)(F)F)cc2)CC1	Signal transducer and activator of transcription 3	800	"3CWG,6NJS,6NUQ,6TLC"
FC(F)(F)COc1ccc(CN2CCN(CC2)C(=O)c2ccc(nc2)-c2nc(no2)-c2ccc(cc2C(F)(F)F)C(F)(F)F)cc1	Signal transducer and activator of transcription 3	800	"3CWG,6NJS,6NUQ,6TLC"
FC(F)(F)COc1ccc(CN2CCN(CC2)C(=O)c2ncccc2-c2nc(no2)-c2ccc(cc2)C(F)(F)F)cc1	Signal transducer and activator of transcription 3	800	"3CWG,6NJS,6NUQ,6TLC"
FC(F)(F)COc1ccc(CN2CCN(CC2)C(=O)c2ccccc2-c2nc(no2)-c2ccc(cc2)C(F)(F)F)cc1	Signal transducer and activator of transcription 3	800	"3CWG,6NJS,6NUQ,6TLC"
FC(F)(F)COc1ccc(CN2CCN(CC2)C(=O)c2ncc(s2)-c2nc(no2)-c2ccc(cc2)C(F)(F)F)cc1	Signal transducer and activator of transcription 3	800	"3CWG,6NJS,6NUQ,6TLC"
Cn1c(cc2ccc(Oc3cnc(cn3)-c3nc(no3)-c3ccc(cc3)C(F)(F)F)cc12)C(=O)N1CCN(Cc2cccc(OCC(F)(F)F)c2)CC1	Signal transducer and activator of transcription 3	800	"3CWG,6NJS,6NUQ,6TLC"
Cn1c(cc2ccc(Oc3cnc(cn3)-c3nc(no3)-c3ccc(cc3)C(F)(F)F)cc12)C(=O)N1CCN(Cc2ccccc2OCC(F)(F)F)CC1	Signal transducer and activator of transcription 3	800	"3CWG,6NJS,6NUQ,6TLC"
Cn1c(cc2ccc(Oc3cnc(cn3)-c3nc(no3)-c3ccc(cc3)C(F)(F)F)cc12)C(=O)N1CCN(Cc2cccc(c2)C(F)(F)F)CC1	Signal transducer and activator of transcription 3	800	"3CWG,6NJS,6NUQ,6TLC"
Cc1cccc(CN2CCN(CC2)C(=O)c2cc3ccc(Oc4cnc(cn4)-c4nc(no4)-c4ccc(cc4)C(F)(F)F)cc3n2C)c1	Signal transducer and activator of transcription 3	800	"3CWG,6NJS,6NUQ,6TLC"
FC(F)(F)COc1ccc(CN2CCN(CC2)C(=O)c2cc3ccc(Oc4cnc(cn4)-c4nc(no4)-c4ccc(cc4)C(F)(F)F)cc3n2CC=C)cc1	Signal transducer and activator of transcription 3	800	"3CWG,6NJS,6NUQ,6TLC"
COC(=O)Cn1c(cc2ccc(Oc3cnc(cn3)-c3nc(no3)-c3ccc(cc3)C(F)(F)F)cc12)C(=O)N1CCN(Cc2ccc(OCC(F)(F)F)cc2)CC1	Signal transducer and activator of transcription 3	800	"3CWG,6NJS,6NUQ,6TLC"
CCOC(=O)Cn1c(cc2ccc(Oc3cnc(cn3)-c3nc(no3)-c3ccc(cc3)C(F)(F)F)cc12)C(=O)N1CCN(Cc2ccc(OCC(F)(F)F)cc2)CC1	Signal transducer and activator of transcription 3	800	"3CWG,6NJS,6NUQ,6TLC"
FC(F)(F)COc1ccc(CN2CCN(CC2)C(=O)c2cc3ccc(Oc4cnc(cn4)-c4nc(no4)-c4ccc(cc4)C(F)(F)F)cc3n2Cc2ccccc2)cc1	Signal transducer and activator of transcription 3	800	"3CWG,6NJS,6NUQ,6TLC"
CN1CCN(CC1)C(=O)c1cc2ccc(Oc3cnc(cn3)-c3nc(no3)-c3ccc(cc3)C(F)(F)F)cc2n1C	Signal transducer and activator of transcription 3	800	"3CWG,6NJS,6NUQ,6TLC"
COC(=O)CN1CCN(CC1)C(=O)c1cc2ccc(Oc3cnc(cn3)-c3nc(no3)-c3ccc(cc3)C(F)(F)F)cc2n1C	Signal transducer and activator of transcription 3	800	"3CWG,6NJS,6NUQ,6TLC"
Cn1c(cc2ccc(Oc3cnc(cn3)-c3nc(no3)-c3ccc(cc3)C(F)(F)F)cc12)C(=O)N1CCN(CC1)C(=O)CCl	Signal transducer and activator of transcription 3	800	"3CWG,6NJS,6NUQ,6TLC"
Cn1c(cc2ccc(Oc3cnc(cn3)-c3nc(no3)-c3ccc(cc3)C(F)(F)F)cc12)C(=O)N1CCN(CC1)C(=O)c1ccc(OCC(F)(F)F)cc1	Signal transducer and activator of transcription 3	800	"3CWG,6NJS,6NUQ,6TLC"
Cn1c(cc2ccc(Oc3cnc(cn3)-c3nc(no3)-c3ccc(cc3)C(F)(F)F)cc12)C(=O)N1CCN(CC1)C(=O)c1ccc(cc1)C(F)(F)F	Signal transducer and activator of transcription 3	800	"3CWG,6NJS,6NUQ,6TLC"
CN(C)C(=O)C(=C\c1ccc(o1)-c1nc2cnc3[nH]ccc3c2n1C1CCCCC1)\C#N	Signal transducer and activator of transcription 3	1000	"3CWG,6NJS,6NUQ,6TLC"
COc1ccc(cc1)[C@H](C)NC(=O)CSc1nc2ccc(NC(=O)c3ccc(OCCN4CCCC4)c(C)c3OC)cc2s1	Signal transducer and activator of transcription 3	1030	"3CWG,6NJS,6NUQ,6TLC"
COC(=O)c1ccc(cc1O)N(Cc1ccc(nc1)C1CCCCC1)C(=O)[C@H]1CCN1S(=O)(=O)c1c(F)c(F)c(F)c(F)c1F	Signal transducer and activator of transcription 3	1052	"3CWG,6NJS,6NUQ,6TLC"
CC(C)C[C@H](NC(=O)\C=C\c1ccc(OP(O)(O)=O)cc1)C(=O)N1CCC[C@H]1C(=O)N[C@@H](CCC(N)=O)CN(Cc1ccccc1)Cc1ccccc1	Signal transducer and activator of transcription 3	1080	"3CWG,6NJS,6NUQ,6TLC"
OC(=O)c1ccc(N(Cc2ccc(cc2)C2CCCCC2)C(=O)[C@H]2CCN2S(=O)(=O)c2c(F)c(F)c(F)c(F)c2F)c(F)c1	Signal transducer and activator of transcription 3	1080	"3CWG,6NJS,6NUQ,6TLC"
Fc1cc2C(=O)NCc2cc1N(Cc1ccc(cn1)C1CCCCC1)C(=O)[C@H]1CCN1S(=O)(=O)c1c(F)c(F)c(F)c(F)c1F	Signal transducer and activator of transcription 3	1085	"3CWG,6NJS,6NUQ,6TLC"
OC(=O)c1ccc(cc1)N(Cc1ccc(cn1)C1CCCCC1)C(=O)[C@H]1CCN1S(=O)(=O)c1c(F)c(F)c(F)c(F)c1F	Signal transducer and activator of transcription 3	1089	"3CWG,6NJS,6NUQ,6TLC"
Fc1cc2C(=O)NCc2cc1N(Cc1ccc(cn1)C1CCCCC1)C(=O)[C@H]1CCN1S(=O)(=O)c1c(F)c(F)c(F)c(F)c1F	Signal transducer and activator of transcription 3	1090	"3CWG,6NJS,6NUQ,6TLC"
OC(=O)c1ccc(cc1O)N(Cc1ccc(cc1)C1CCOCC1)C(=O)[C@H]1CCN1S(=O)(=O)c1c(F)c(F)c(F)c(F)c1F	Signal transducer and activator of transcription 3	1090	"3CWG,6NJS,6NUQ,6TLC"
CC(C)C[C@H](NC(=O)\C=C\c1ccc(OP(O)(O)=O)cc1)C(=O)N1CCC[C@H]1C(=O)NC\C=C/C(N)=O	Signal transducer and activator of transcription 3	1110	"3CWG,6NJS,6NUQ,6TLC"
CCN1CCN(CC1)C(=O)c1cc2ccc(Oc3cnc(cn3)-c3nc(no3)-c3ccc(cc3)C(F)(F)F)cc2n1C	Signal transducer and activator of transcription 3	1111	"3CWG,6NJS,6NUQ,6TLC"
CC(C)C[C@H](NC(=O)\C=C\c1ccc(OP(O)(O)=O)cc1)C(=O)N1CCC[C@H]1C(=O)NCC#CC(N)=O	Signal transducer and activator of transcription 3	1140	"3CWG,6NJS,6NUQ,6TLC"
Cn1cnc2cc(ccc2c1=O)N(Cc1ccc(cn1)C1CCCCC1)C(=O)[C@H]1CCN1S(=O)(=O)c1c(F)c(F)c(F)c(F)c1F	Signal transducer and activator of transcription 3	1150	"3CWG,6NJS,6NUQ,6TLC"
Cc1cnc(Nc2cnn(C)c2)nc1N1CC2CCCC(C1)N2CC#N	Signal transducer and activator of transcription 3	1155	"6TLC,6NUQ,6NJS,3CWG"
OC(=O)c1ccc(N(Cc2ccc(cn2)C2CCCC2)C(=O)[C@H]2CCN2S(=O)(=O)c2c(F)c(F)c(F)c(F)c2F)c(F)c1	Signal transducer and activator of transcription 3	1177	"3CWG,6NJS,6NUQ,6TLC"
CC(C)C[C@H](NC(=O)\C=C\c1ccc(OP(O)(O)=O)cc1)C(=O)N1CCC[C@H]1C(=O)N[C@@H](C)CCC(N)=O	Signal transducer and activator of transcription 3	1180	"3CWG,6NJS,6NUQ,6TLC"
Fc1c(F)c(F)c(c(F)c1F)S(=O)(=O)N1CC[C@@H]1C(=O)N(Cc1ccc(cn1)C1CCCCC1)c1ccc2C(=O)NC(=O)c2c1	Signal transducer and activator of transcription 3	1180	"3CWG,6NJS,6NUQ,6TLC"
Fc1c(F)c(F)c(c(F)c1F)S(=O)(=O)N1CC[C@@H]1C(=O)N(Cc1ccc(cn1)C1CCCCC1)c1ccc2C(=O)NC(=O)c2c1	Signal transducer and activator of transcription 3	1180	"3CWG,6NJS,6NUQ,6TLC"
CCC[C@H](C)Oc1ccc(cc1C)C(=O)Nc1ccc2nc(SCC(=O)N[C@@H](C)c3ccccc3)sc2c1	Signal transducer and activator of transcription 3	1200	"3CWG,6NJS,6NUQ,6TLC"
CC(C)C[C@H](NC(=O)\C=C\c1ccc(OP(O)(O)=O)cc1)C(=O)N1CCC[C@H]1C(=O)N[C@@H](CCC(N)=O)CN1CCCCC1	Signal transducer and activator of transcription 3	1210	"3CWG,6NJS,6NUQ,6TLC"
CC(C)C[C@H](NC(=O)\C=C\c1ccc(OP(O)(O)=O)cc1)C(=O)N1CCC[C@H]1C(=O)N[C@H](CN)CCC(N)=O	Signal transducer and activator of transcription 3	1240	"3CWG,6NJS,6NUQ,6TLC"
Oc1cc(ccc1C([O-])=O)N(Cc1ccc(cc1)C1CCOCC1)C(=O)[C@H]1CCN1S(=O)(=O)c1c(F)c(F)c(F)c(F)c1F	Signal transducer and activator of transcription 3	1250	"3CWG,6NJS,6NUQ,6TLC"
CC(C)c1ccc(CN(C(=O)[C@H]2CCN2S(=O)(=O)c2c(F)c(F)c(F)c(F)c2F)c2cc(O)c(cc2F)C(O)=O)cc1	Signal transducer and activator of transcription 3	1282	"3CWG,6NJS,6NUQ,6TLC"
CN1CCN(CC1)C1(CC#N)CN(C1)c1nc(Nc2cnn(C)c2)ncc1C	Signal transducer and activator of transcription 3	1287	"6TLC,6NUQ,6NJS,3CWG"
CC(C)C[C@H](NC(=O)\C=C\c1ccc(OP(O)(O)=O)cc1)C(=O)N1CCC[C@H]1C(=O)N[C@@H](CCC(N)=O)CN1CCN(C)CC1	Signal transducer and activator of transcription 3	1310	"3CWG,6NJS,6NUQ,6TLC"
ONC(=O)c1ccc(cc1O)N(Cc1ccc(cc1)C1CCCCC1)C(=O)[C@H]1CCN1S(=O)(=O)c1c(F)c(F)c(F)c(F)c1F	Signal transducer and activator of transcription 3	1320	"3CWG,6NJS,6NUQ,6TLC"
ONC(=O)c1ccc(cc1O)N(Cc1ccc(cc1)C1CCCCC1)C(=O)[C@H]1CCN1S(=O)(=O)c1c(F)c(F)c(F)c(F)c1F	Signal transducer and activator of transcription 3	1320	"3CWG,6NJS,6NUQ,6TLC"
CCCC(C)Oc1ccc(C(=O)Nc2ccc3nc(SCC(=O)N[C@@H](C)c4ccccc4)sc3c2)c(Cl)c1	Signal transducer and activator of transcription 3	1340	"3CWG,6NJS,6NUQ,6TLC"
CCCC[C@H](CCC(N)=O)NC(=O)[C@@H]1CCCN1C(=O)[C@H](CC(C)C)NC(=O)\C=C\c1ccc(OP(O)(O)=O)cc1	Signal transducer and activator of transcription 3	1350	"3CWG,6NJS,6NUQ,6TLC"
CC(C)C[C@H](NC(=O)C=Cc1ccc(OP(O)(O)=O)cc1)C(=O)N1CCC[C@H]1C(=O)N[C@H](C)CNC(N)=O	Signal transducer and activator of transcription 3	1350	"3CWG,6NJS,6NUQ,6TLC"
Fc1c(F)c(F)c(c(F)c1F)S(=O)(=O)N1CC[C@@H]1C(=O)N(Cc1ccc(cc1)C1CCCCC1)c1ccc(cc1)-c1nnn[nH]1	Signal transducer and activator of transcription 3	1360	"3CWG,6NJS,6NUQ,6TLC"
CC(C)C[C@H](NC(=O)\C=C\c1ccc(OP(O)(O)=O)cc1)C(=O)N1CCC[C@H]1C(=O)N[C@@H](CCCC(N)=O)C(=O)NCc1ccccc1	Signal transducer and activator of transcription 3	1400	"3CWG,6NJS,6NUQ,6TLC"
Fc1cc2cn[nH]c2cc1N(Cc1cnc(cn1)C1CCCCC1)C(=O)[C@H]1CCN1S(=O)(=O)c1c(F)c(F)c(F)c(F)c1F	Signal transducer and activator of transcription 3	1416	"3CWG,6NJS,6NUQ,6TLC"
Fc1cc2cn[nH]c2cc1N(Cc1cnc(cn1)C1CCCCC1)C(=O)[C@H]1CCN1S(=O)(=O)c1c(F)c(F)c(F)c(F)c1F	Signal transducer and activator of transcription 3	1420	"3CWG,6NJS,6NUQ,6TLC"
CCCC(C)Oc1ccc(cc1OC)C(=O)Nc1ccc2nc(SCC(=O)N[C@@H](C)c3ccccc3)sc2c1	Signal transducer and activator of transcription 3	1420	"3CWG,6NJS,6NUQ,6TLC"
Fc1c(F)c(F)c(c(F)c1F)S(=O)(=O)N1CC[C@@H]1C(=O)N(Cc1cnc(cn1)C1CCCCC1)c1ccc2c(c1)nc[nH]c2=O	Signal transducer and activator of transcription 3	1465	"6TLC,6NUQ,6NJS,3CWG"
Fc1c(F)c(F)c(c(F)c1F)S(=O)(=O)N1CC[C@@H]1C(=O)N(Cc1cnc(cn1)C1CCCCC1)c1ccc2c(c1)nc[nH]c2=O	Signal transducer and activator of transcription 3	1470	"3CWG,6NJS,6NUQ,6TLC"
COc1ccc(cc1)[C@H](C)NC(=O)CNc1nc2ccc(NC(=O)c3ccc(OC)c(C)c3OC)cc2s1	Signal transducer and activator of transcription 3	1490	"3CWG,6NJS,6NUQ,6TLC"
[O-][N+](=O)c1cnc(NC(=O)c2ccc(Cl)cc2)s1	Signal transducer and activator of transcription 3	1500	"3CWG,6NJS,6NUQ,6TLC"
OC(=O)c1ccc(cc1O)N(Cc1ccc(cc1)C1CCOC1)C(=O)[C@H]1CCN1S(=O)(=O)c1c(F)c(F)c(F)c(F)c1F	Signal transducer and activator of transcription 3	1500	"3CWG,6NJS,6NUQ,6TLC"
CC(C)C[C@H](NC(=O)\C=C\c1ccc(OP(O)(O)=O)cc1)C(=O)N1CCC[C@H]1C(=O)N[C@@H](CCC(N)=O)CN1CCOCC1	Signal transducer and activator of transcription 3	1530	"3CWG,6NJS,6NUQ,6TLC"
CCCC(C)Oc1ccc(cc1)C(=O)Nc1ccc2nc(SCC(=O)N[C@@H](C)c3ccccc3)sc2c1	Signal transducer and activator of transcription 3	1600	"3CWG,6NJS,6NUQ,6TLC"
CCCC(C)Oc1ccc(cc1)C(=O)Nc1ccc2nc(SCC(=O)N[C@@H](C)c3ccccc3)sc2c1	Signal transducer and activator of transcription 3	1600	"3CWG,6NJS,6NUQ,6TLC"
CC(C)C[C@H](CCC(N)=O)NC(=O)[C@@H]1[C@@H]2C[C@@H]2CN1C(=O)[C@H](CC(C)C)NC(=O)\C=C\c1ccc(OP(O)(O)=O)cc1	Signal transducer and activator of transcription 3	1630	"3CWG,6NJS,6NUQ,6TLC"
Oc1cc(N(Cc2ccc(cc2)C2CCOCC2)C(=O)[C@H]2CCN2S(=O)(=O)c2c(F)c(F)c(F)c(F)c2F)c(F)cc1C([O-])=O	Signal transducer and activator of transcription 3	1630	"3CWG,6NJS,6NUQ,6TLC"
C[C@@H](O)[C@H](NC(=O)[C@H](CCC(N)=O)NC(=O)[C@@H]1Cc2cccc3CC[C@@H](NC(=O)[C@H](Cc4ccc(OP(O)(O)=O)cc4)NC(C)=O)C(=O)N1c23)C(N)=O	Signal transducer and activator of transcription 3	1650	"3CWG,6NJS,6NUQ,6TLC"
Oc1cc(CNC=C2C(=O)NC(=O)c3ccc(I)cc23)ccc1-c1ccoc1	Signal transducer and activator of transcription 3	1700	"3CWG,6NJS,6NUQ,6TLC"
CN1C(=O)CCC(N2C(=O)c3cccc(NCCCCCC4CCN(CCNC(=O)c5cc6c(o5)C(=O)c5ccccc5C6=O)CC4)c3C2=O)C1=O	Signal transducer and activator of transcription 3	1700	"3CWG,6NJS,6NUQ,6TLC"
OC(=O)c1ccc(N(Cc2cnc(cn2)C2CCCCC2)C(=O)[C@H]2CCN2S(=O)(=O)c2c(F)c(F)c(F)c(F)c2F)c(F)c1	Signal transducer and activator of transcription 3	1715	"6TLC,6NUQ,6NJS,3CWG"
CN(C)C(=O)c1ccc(cc1O)N(Cc1ccc(cn1)C1CCCCC1)C(=O)[C@H]1CCN1S(=O)(=O)c1c(F)c(F)c(F)c(F)c1F	Signal transducer and activator of transcription 3	1718	"3CWG,6NJS,6NUQ,6TLC"
CN(C)C(=O)c1ccc(cc1O)N(Cc1ccc(cn1)C1CCCCC1)C(=O)[C@H]1CCN1S(=O)(=O)c1c(F)c(F)c(F)c(F)c1F	Signal transducer and activator of transcription 3	1720	"3CWG,6NJS,6NUQ,6TLC"
ONC(=O)c1ccc(N(Cc2ccc(cc2)C2CCCCC2)C(=O)[C@H]2CCN2S(=O)(=O)c2c(F)c(F)c(F)c(F)c2F)c(F)c1	Signal transducer and activator of transcription 3	1750	"3CWG,6NJS,6NUQ,6TLC"
ONC(=O)c1ccc(N(Cc2ccc(cc2)C2CCCCC2)C(=O)[C@H]2CCN2S(=O)(=O)c2c(F)c(F)c(F)c(F)c2F)c(F)c1	Signal transducer and activator of transcription 3	1750	"3CWG,6NJS,6NUQ,6TLC"
C[C@H](NC(=O)C(=C\c1cccc(Br)n1)\C#N)c1ccccc1	Signal transducer and activator of transcription 3	1790	"3CWG,6NJS,6NUQ,6TLC"
Fc1c(F)c(F)c(c(F)c1F)S(=O)(=O)N1CC[C@@H]1C(=O)N(Cc1ccc(cn1)C1CCCCC1)c1ccc2C(=O)OCc2c1	Signal transducer and activator of transcription 3	1791	"3CWG,6NJS,6NUQ,6TLC"
Fc1c(F)c(F)c(c(F)c1F)S(=O)(=O)N1CC[C@@H]1C(=O)N(Cc1ccc(cc1)C1CCCCC1)c1ccc2c(cn[nH]c2=O)c1	Signal transducer and activator of transcription 3	1796	"3CWG,6NJS,6NUQ,6TLC"
Fc1cc2cn[nH]c2cc1N(Cc1ccc(cn1)C1CCCCC1)C(=O)[C@H]1CCN1S(=O)(=O)c1c(F)c(F)c(F)c(F)c1F	Signal transducer and activator of transcription 3	1798	"3CWG,6NJS,6NUQ,6TLC"
Fc1c(F)c(F)c(c(F)c1F)S(=O)(=O)N1CC[C@@H]1C(=O)N(Cc1ccc(cc1)C1CCCCC1)c1ccc2c(cn[nH]c2=O)c1	Signal transducer and activator of transcription 3	1800	"3CWG,6NJS,6NUQ,6TLC"
Fc1cc2cn[nH]c2cc1N(Cc1ccc(cn1)C1CCCCC1)C(=O)[C@H]1CCN1S(=O)(=O)c1c(F)c(F)c(F)c(F)c1F	Signal transducer and activator of transcription 3	1800	"3CWG,6NJS,6NUQ,6TLC"
CC(C)C[C@H](NC(=O)\C=C\c1ccc(OP(O)(O)=O)cc1)C(=O)N1CCC[C@H]1C(=O)NCCCC(=O)NN	Signal transducer and activator of transcription 3	1830	"3CWG,6NJS,6NUQ,6TLC"
Fc1c(F)c(F)c(c(F)c1F)S(=O)(=O)N1CC[C@@H]1C(=O)N(Cc1ccc(cc1)C1CCCCC1)c1ccc2c(cc[nH]c2=O)c1	Signal transducer and activator of transcription 3	1866	"3CWG,6NJS,6NUQ,6TLC"
Fc1c(F)c(F)c(c(F)c1F)S(=O)(=O)N1CC[C@@H]1C(=O)N(Cc1ccc(cc1)C1CCCCC1)c1ccc2c(cc[nH]c2=O)c1	Signal transducer and activator of transcription 3	1870	"3CWG,6NJS,6NUQ,6TLC"
CC(C)C[C@H](NC(=O)\C=C\c1ccc(OP(O)(O)=O)cc1)C(=O)N1CCC[C@H]1C(=O)N[C@@H](CCC(N)=O)C(C)C	Signal transducer and activator of transcription 3	1880	"3CWG,6NJS,6NUQ,6TLC"
Fc1cc2cn[nH]c2cc1N(Cc1ccc(cc1)C1CCCCC1)C(=O)[C@H]1CCN1S(=O)(=O)c1c(F)c(F)c(F)c(F)c1F	Signal transducer and activator of transcription 3	1896	"3CWG,6NJS,6NUQ,6TLC"
CNC(=O)c1ccc(cc1O)N(Cc1cnc(cn1)C1CCCCC1)C(=O)[C@H]1CCN1S(=O)(=O)c1c(F)c(F)c(F)c(F)c1F	Signal transducer and activator of transcription 3	1896	"3CWG,6NJS,6NUQ,6TLC"
CNC(=O)c1ccc(cc1O)N(Cc1cnc(cn1)C1CCCCC1)C(=O)[C@H]1CCN1S(=O)(=O)c1c(F)c(F)c(F)c(F)c1F	Signal transducer and activator of transcription 3	1900	"3CWG,6NJS,6NUQ,6TLC"
Fc1cc2cn[nH]c2cc1N(Cc1ccc(cc1)C1CCCCC1)C(=O)[C@H]1CCN1S(=O)(=O)c1c(F)c(F)c(F)c(F)c1F	Signal transducer and activator of transcription 3	1900	"3CWG,6NJS,6NUQ,6TLC"
CNC(=O)c1ccc(N(Cc2ccc(cn2)C2CCCCC2)C(=O)[C@H]2CCN2S(=O)(=O)c2c(F)c(F)c(F)c(F)c2F)c(F)c1	Signal transducer and activator of transcription 3	1906	"3CWG,6NJS,6NUQ,6TLC"
CNC(=O)c1ccc(N(Cc2ccc(cn2)C2CCCCC2)C(=O)[C@H]2CCN2S(=O)(=O)c2c(F)c(F)c(F)c(F)c2F)c(F)c1	Signal transducer and activator of transcription 3	1910	"3CWG,6NJS,6NUQ,6TLC"
Oc1ccc(Cl)cc1C(=O)Nc1ccc(cc1Cl)[N+]([O-])=O	Signal transducer and activator of transcription 3	1930	"3CWG,6NJS,6NUQ,6TLC"
ONC(=O)c1ccc(N(Cc2ccc(cn2)C2CCCC2)C(=O)[C@H]2CCN2S(=O)(=O)c2c(F)c(F)c(F)c(F)c2F)c(F)c1	Signal transducer and activator of transcription 3	1937	"3CWG,6NJS,6NUQ,6TLC"
ONC(=O)c1ccc(N(Cc2ccc(cn2)C2CCCC2)C(=O)[C@H]2CCN2S(=O)(=O)c2c(F)c(F)c(F)c(F)c2F)c(F)c1	Signal transducer and activator of transcription 3	1940	"3CWG,6NJS,6NUQ,6TLC"
CONC(=O)c1ccc(N(Cc2ccc(cn2)C2CCCCC2)C(=O)[C@H]2CCN2S(=O)(=O)c2c(F)c(F)c(F)c(F)c2F)c(F)c1	Signal transducer and activator of transcription 3	1956	"3CWG,6NJS,6NUQ,6TLC"
CONC(=O)c1ccc(N(Cc2ccc(cn2)C2CCCCC2)C(=O)[C@H]2CCN2S(=O)(=O)c2c(F)c(F)c(F)c(F)c2F)c(F)c1	Signal transducer and activator of transcription 3	1960	"3CWG,6NJS,6NUQ,6TLC"
C[C@H](O)c1cc2c(o1)C(=O)c1cccc(O)c1C2=O	Signal transducer and activator of transcription 3	2000	"3CWG,6NJS,6NUQ,6TLC"
CC(=O)c1cc2c(o1)C(=O)c1cccc(O)c1C2=O	Signal transducer and activator of transcription 3	2000	"3CWG,6NJS,6NUQ,6TLC"
CC1C(=Nn2c(nnc2S1=O)-c1cc(n[nH]1)-c1cccc(Cl)c1)c1ccc(Cl)c(Cl)c1	Signal transducer and activator of transcription 3	2000	"3CWG,6NJS,6NUQ,6TLC"
NC(=O)c1ccc(N(Cc2ccc(cn2)C2CCCCC2)C(=O)[C@H]2CCN2S(=O)(=O)c2c(F)c(F)c(F)c(F)c2F)c(F)c1	Signal transducer and activator of transcription 3	2000	"3CWG,6NJS,6NUQ,6TLC"
ONC(=O)c1ccc(N(Cc2cnc(cn2)C2CCCCC2)C(=O)[C@H]2CCN2S(=O)(=O)c2c(F)c(F)c(F)c(F)c2F)c(F)c1	Signal transducer and activator of transcription 3	2000	"3CWG,6NJS,6NUQ,6TLC"
OC(=O)c1ccc(cn1)N(Cc1ccc(cn1)C1CCCCC1)C(=O)[C@H]1CCN1S(=O)(=O)c1c(F)c(F)c(F)c(F)c1F	Signal transducer and activator of transcription 3	2000	"3CWG,6NJS,6NUQ,6TLC"
NC(=O)c1ccc(N(Cc2ccc(cn2)C2CCCCC2)C(=O)[C@H]2CCN2S(=O)(=O)c2c(F)c(F)c(F)c(F)c2F)c(F)c1	Signal transducer and activator of transcription 3	2000	"3CWG,6NJS,6NUQ,6TLC"
CC(=O)c1ccc(cc1O)N(Cc1cnc(cn1)C1CCCCC1)C(=O)[C@H]1CCN1S(=O)(=O)c1c(F)c(F)c(F)c(F)c1F	Signal transducer and activator of transcription 3	2000	"3CWG,6NJS,6NUQ,6TLC"
ONC(=O)c1ccc(N(Cc2cnc(cn2)C2CCCCC2)C(=O)[C@H]2CCN2S(=O)(=O)c2c(F)c(F)c(F)c(F)c2F)c(F)c1	Signal transducer and activator of transcription 3	2000	"3CWG,6NJS,6NUQ,6TLC"
COC(=O)c1ccc(N(Cc2cnc(cn2)C2CCCCC2)C(=O)[C@H]2CCN2S(=O)(=O)c2c(F)c(F)c(F)c(F)c2F)c(F)c1	Signal transducer and activator of transcription 3	2000	"3CWG,6NJS,6NUQ,6TLC"
OC(=O)c1ccc(cc1O)N(Cc1ccc(cc1)C1CCCCC1)C(=O)C1CN(C1)S(=O)(=O)c1c(F)c(F)c(F)c(F)c1F	Signal transducer and activator of transcription 3	2000	"3CWG,6NJS,6NUQ,6TLC"
ONC(=O)c1ccc(cc1O)N(Cc1ccc(cc1)C1CCCCC1)C(=O)C1CN(C1)S(=O)(=O)c1c(F)c(F)c(F)c(F)c1F	Signal transducer and activator of transcription 3	2000	"3CWG,6NJS,6NUQ,6TLC"
ONC(=O)c1ccc(cc1O)N(Cc1ccc(cc1)C1CCOCC1)C(=O)[C@H]1CCN1S(=O)(=O)c1c(F)c(F)c(F)c(F)c1F	Signal transducer and activator of transcription 3	2070	"3CWG,6NJS,6NUQ,6TLC"
ONC(=O)c1ccc(cc1O)N(Cc1ccc(cc1)C1CCOCC1)C(=O)[C@H]1CCN1S(=O)(=O)c1c(F)c(F)c(F)c(F)c1F	Signal transducer and activator of transcription 3	2070	"3CWG,6NJS,6NUQ,6TLC"
ONC(=O)c1cc(F)c(cc1O)N(Cc1ccc(cc1)C1CCOCC1)C(=O)[C@H]1CCN1S(=O)(=O)c1c(F)c(F)c(F)c(F)c1F	Signal transducer and activator of transcription 3	2110	"3CWG,6NJS,6NUQ,6TLC"
ONC(=O)c1cc(F)c(cc1O)N(Cc1ccc(cc1)C1CCOCC1)C(=O)[C@H]1CCN1S(=O)(=O)c1c(F)c(F)c(F)c(F)c1F	Signal transducer and activator of transcription 3	2110	"3CWG,6NJS,6NUQ,6TLC"
Brc1ccc(cc1)C(=O)c1nc(cc2c3ccccc3[nH]c12)C(=O)NCCc1c[nH]c2ccccc12	Signal transducer and activator of transcription 3	2130	"6TLC,6NUQ,6NJS,3CWG"
CCCC(C)Oc1ccc(cc1Br)C(=O)Nc1ccc2nc(SCC(=O)N[C@@H](C)c3ccccc3)sc2c1	Signal transducer and activator of transcription 3	2150	"3CWG,6NJS,6NUQ,6TLC"
CC(C)(C)c1ccc(CN(C(=O)[C@H]2CCN2S(=O)(=O)c2c(F)c(F)c(F)c(F)c2F)c2ccc(C(O)=O)c(O)c2)cc1	Signal transducer and activator of transcription 3	2172	"3CWG,6NJS,6NUQ,6TLC"
C\C=C(/C)C(=O)O[C@H]1C[C@@H](C)[C@]2(O)CC[C@@](C)(O2)\C=C2\OC(=O)C(COC(C)=O)=C12	Signal transducer and activator of transcription 3	2200	"3CWG,6NJS,6NUQ,6TLC"
COc1ccc(cc1)C1=Nn2c(SC1C(C)C)nnc2-c1[nH]nc2CCCc12	Signal transducer and activator of transcription 3	2200	"3CWG,6NJS,6NUQ,6TLC"
COc1ccc(cc1)C1=Nn2c(SC1C(C)C)nnc2-c1[nH]nc2CCCc12	Signal transducer and activator of transcription 3	2200	"3CWG,6NJS,6NUQ,6TLC"
COc1ccc(cc1)C1=Nn2c(SC1C(C)C)nnc2-c1[nH]nc2CCCc12	Signal transducer and activator of transcription 3	2200	"3CWG,6NJS,6NUQ,6TLC"
CCCC(C)Oc1ccc(C(=O)Nc2ccc3nc(SCC(=O)N[C@@H](C)c4ccccc4)sc3c2)c(OC)c1	Signal transducer and activator of transcription 3	2200	"3CWG,6NJS,6NUQ,6TLC"
C[C@@H](N(C)S(=O)(=O)c1c(F)c(F)c(F)c(F)c1F)C(=O)N(Cc1ccc(cc1)C1CCCCC1)c1ccc(cc1F)C(=O)OCc1ccccc1	Signal transducer and activator of transcription 3	2200	"3CWG,6NJS,6NUQ,6TLC"
OC(=O)c1ccc(cc1O)N(Cc1ccc(cc1)C1CCCCC1)C(=O)[C@@H]1CCN1S(=O)(=O)c1c(F)c(F)c(F)c(F)c1F	Signal transducer and activator of transcription 3	2220	"3CWG,6NJS,6NUQ,6TLC"
ONC(=O)c1ccc(cc1)N(Cc1ccc(cc1)C1CCCC1)C(=O)[C@H]1CCN1S(=O)(=O)c1c(F)c(F)c(F)c(F)c1F	Signal transducer and activator of transcription 3	2250	"3CWG,6NJS,6NUQ,6TLC"
ONC(=O)c1ccc(cc1)N(Cc1ccc(cc1)C1CCCC1)C(=O)[C@H]1CCN1S(=O)(=O)c1c(F)c(F)c(F)c(F)c1F	Signal transducer and activator of transcription 3	2250	"3CWG,6NJS,6NUQ,6TLC"
Clc1ccc(CNc2nc(NC(=O)c3ccccc3)nc3[nH]cnc23)cc1	Signal transducer and activator of transcription 3	2280	"3CWG,6NJS,6NUQ,6TLC"
C\C=C(/C)C(=O)O[C@H]1C[C@@H](C)[C@]2(O)CC[C@@](C)(O2)\C=C2\OC(=O)C(COC(C)=O)=C12	Signal transducer and activator of transcription 3	2300	"3CWG,6NJS,6NUQ,6TLC"
Cc1ccc(C(=O)Nc2ncc(s2)[N+]([O-])=O)c(O)c1	Signal transducer and activator of transcription 3	2300	"3CWG,6NJS,6NUQ,6TLC"
Fc1c(F)c(F)c(c(F)c1F)S(=O)(=O)N1CC[C@@H]1C(=O)N(Cc1ccc(cc1)C1CCCCC1)c1ccc2nc[nH]c2c1	Signal transducer and activator of transcription 3	2350	"3CWG,6NJS,6NUQ,6TLC"
Fc1c(F)c(F)c(c(F)c1F)S(=O)(=O)N1CC[C@@H]1C(=O)N(Cc1ccc(cc1)C1CCCCC1)c1ccc2nc[nH]c2c1	Signal transducer and activator of transcription 3	2350	"3CWG,6NJS,6NUQ,6TLC"
COC(=O)[C@]12CCC(C)(C)C[C@H]1[C@H]1C(=O)C=C3[C@@]4(C)C=C(C#N)C(=O)C(C)(C)[C@@H]4CC[C@@]3(C)[C@]1(C)CC2	Signal transducer and activator of transcription 3	2380	"3CWG,6NJS,6NUQ,6TLC"
C\C=C(/C)C(=O)OCC1=C2[C@@H](O)C[C@@H](C)[C@]3(O)CC[C@@](C)(O3)\C=C2\OC1=O	Signal transducer and activator of transcription 3	2400	"3CWG,6NJS,6NUQ,6TLC"
OC(=O)c1ccc(cc1O)N(Cc1ccc(cc1)C1CCCCC1)C(=O)[C@H]1CCCN1S(=O)(=O)c1c(F)c(F)c(F)c(F)c1F	Signal transducer and activator of transcription 3	2400	"3CWG,6NJS,6NUQ,6TLC"
Fc1c(F)c(F)c(c(F)c1F)S(=O)(=O)N1CC[C@@H]1C(=O)N(Cc1cnc(cn1)C1CCCCC1)c1ccc2c(cn[nH]c2=O)c1	Signal transducer and activator of transcription 3	2450	"3CWG,6NJS,6NUQ,6TLC"
Fc1c(F)c(F)c(c(F)c1F)S(=O)(=O)N1CC[C@@H]1C(=O)N(Cc1cnc(cn1)C1CCCCC1)c1ccc2c(cn[nH]c2=O)c1	Signal transducer and activator of transcription 3	2452	"3CWG,6NJS,6NUQ,6TLC"
[O-][N+](=O)c1cnc(NC(=O)c2ccc(cc2)N=[N+]=[N-])s1	Signal transducer and activator of transcription 3	2500	"3CWG,6NJS,6NUQ,6TLC"
C[C@H](NC(=O)C(=C\c1cccc(Br)n1)\C#N)c1ccccc1	Signal transducer and activator of transcription 3	2500	"3CWG,6NJS,6NUQ,6TLC"
O=C(NCCOCCOCCOCCOCCOCCOCCNc1cccc2C(=O)N(C3CCC(=O)NC3=O)C(=O)c12)c1cc2c(o1)C(=O)c1ccccc1C2=O	Signal transducer and activator of transcription 3	2500	"3CWG,6NJS,6NUQ,6TLC"
ONC(=O)c1ccc(cc1)N(Cc1ccc(cc1)C1CCCCC1)C(=O)[C@H]1CCN1S(=O)(=O)c1c(F)c(F)c(F)c(F)c1F	Signal transducer and activator of transcription 3	2510	"3CWG,6NJS,6NUQ,6TLC"
ONC(=O)c1ccc(cc1)N(Cc1ccc(cc1)C1CCCCC1)C(=O)[C@H]1CCN1S(=O)(=O)c1c(F)c(F)c(F)c(F)c1F	Signal transducer and activator of transcription 3	2510	"3CWG,6NJS,6NUQ,6TLC"
Oc1ccc(cc1)C(=O)c1nc(cc2c3ccccc3[nH]c12)C(=O)NCCc1c[nH]c2ccccc12	Signal transducer and activator of transcription 3	2590	"6TLC,6NUQ,6NJS,3CWG"
C\C=C(/C)C(=O)OCC1=C2[C@@H](O)C[C@@H](C)[C@]3(O)CC[C@@](C)(O3)\C=C2\OC1=O	Signal transducer and activator of transcription 3	2600	"3CWG,6NJS,6NUQ,6TLC"
O=C(NCCOCCOCCOCCNc1cccc2C(=O)N(C3CCC(=O)NC3=O)C(=O)c12)c1cc2c(o1)C(=O)c1ccccc1C2=O	Signal transducer and activator of transcription 3	2600	"3CWG,6NJS,6NUQ,6TLC"
CC(C)C[C@H](NC(=O)\C=C\c1ccc(OP(O)(O)=O)cc1)C(=O)N1CCC[C@H]1C(=O)NCCCC(=O)NO	Signal transducer and activator of transcription 3	2640	"3CWG,6NJS,6NUQ,6TLC"
CCOc1ccc2nc(Nc3nc(=O)c(Cc4ccccc4)c(C)[nH]3)nc(C)c2c1	Signal transducer and activator of transcription 3	2700	"3CWG,6NJS,6NUQ,6TLC"
O=C(NCCOCCOCCOCCOCCNc1cccc2C(=O)N(C3CCC(=O)NC3=O)C(=O)c12)c1cc2c(o1)C(=O)c1ccccc1C2=O	Signal transducer and activator of transcription 3	2700	"3CWG,6NJS,6NUQ,6TLC"
CCCC(C)Oc1ccc(C(=O)Nc2ccc3nc(SCC(=O)N[C@@H](C)c4ccccc4)sc3c2)c(C)c1	Signal transducer and activator of transcription 3	2720	"3CWG,6NJS,6NUQ,6TLC"
COc1ccc(cc1)S(=O)(=O)Nc1ccccc1-c1ccc(F)c(F)c1	Signal transducer and activator of transcription 3	2750	"3CWG,6NJS,6NUQ,6TLC"
CN1CCN(CC1)C(=O)c1ccc(nc1)-c1nc(no1)-c1ccc(cc1)C(F)(F)F	Signal transducer and activator of transcription 3	2792	"3CWG,6NJS,6NUQ,6TLC"
Cc1ccc(cc1)S(=O)(=O)N(CC(=O)N(Cc1ccc(cc1)C1CCCCC1)c1ccc(C(O)=O)c(O)c1)Cc1ccccc1C(F)(F)F	Signal transducer and activator of transcription 3	2800	"3CWG,6NJS,6NUQ,6TLC"
ONC(=O)c1ccc(cc1)N(Cc1ccc(cc1)C1CCOCC1)C(=O)[C@H]1CCN1S(=O)(=O)c1c(F)c(F)c(F)c(F)c1F	Signal transducer and activator of transcription 3	2920	"3CWG,6NJS,6NUQ,6TLC"
ONC(=O)c1ccc(cc1)N(Cc1ccc(cc1)C1CCOCC1)C(=O)[C@H]1CCN1S(=O)(=O)c1c(F)c(F)c(F)c(F)c1F	Signal transducer and activator of transcription 3	2920	"3CWG,6NJS,6NUQ,6TLC"
Fc1c(F)c(F)c(c(F)c1F)S(=O)(=O)N1CC[C@@H]1C(=O)N(Cc1ccc(cc1)C1CCCCC1)c1ccc2cn[nH]c2c1F	Signal transducer and activator of transcription 3	2960	"3CWG,6NJS,6NUQ,6TLC"
Fc1c(F)c(F)c(c(F)c1F)S(=O)(=O)N1CC[C@@H]1C(=O)N(Cc1ccc(cc1)C1CCCCC1)c1ccc2cn[nH]c2c1F	Signal transducer and activator of transcription 3	2960	"3CWG,6NJS,6NUQ,6TLC"
CC(=O)OC(C)(C)\C=C\C(=O)[C@](C)(O)[C@H]1[C@H](O)C[C@@]2(C)[C@@H]3CC=C4[C@H](C[C@H](O)C(=O)C4(C)C)[C@]3(C)C(=O)C[C@]12C	Signal transducer and activator of transcription 3	3000	"3CWG,6NJS,6NUQ,6TLC"
CC1Sc2nnc(-c3cc(n[nH]3)-c3ccccc3)n2N=C1c1ccccc1	Signal transducer and activator of transcription 3	3000	"3CWG,6NJS,6NUQ,6TLC"
[O-][N+](=O)c1cnc(NC(=O)c2cccc(Cl)c2)s1	Signal transducer and activator of transcription 3	3000	"3CWG,6NJS,6NUQ,6TLC"
C[C@@H](N(C)S(=O)(=O)c1c(F)c(F)c(F)c(F)c1F)C(=O)N(Cc1ccc(cc1)C1CCCCC1)c1ccc(C(O)=O)c(O)c1	Signal transducer and activator of transcription 3	3000	"3CWG,6NJS,6NUQ,6TLC"
OC(=O)c1ccc(cc1)N(Cc1ccc(cc1)C1CCCCC1)C(=O)[C@H]1CCN1S(=O)(=O)c1c(F)c(F)c(F)c(F)c1F	Signal transducer and activator of transcription 3	3040	"3CWG,6NJS,6NUQ,6TLC"
CO[C@@]12CC[C@@](C)(O1)\C=C1\OC(=O)C(COC(C)=O)=C1[C@H](C[C@H]2C)OC(=O)C(\C)=C\C	Signal transducer and activator of transcription 3	3200	"3CWG,6NJS,6NUQ,6TLC"
CC(=O)c1cc2c(o1)C(=O)c1ccccc1C2=O	Signal transducer and activator of transcription 3	3200	"3CWG,6NJS,6NUQ,6TLC"
CC(C)C[C@H](NC(=O)\C=C\c1ccc(OP(O)(O)=O)cc1)C(=O)N1CCC[C@H]1C(=O)N[C@@H]1CN[C@@H](C1)C(N)=O	Signal transducer and activator of transcription 3	3210	"3CWG,6NJS,6NUQ,6TLC"
C[C@@H](O)[C@H](NC(=O)[C@H](CCC(N)=O)NC(=O)[C@@H]1Cc2cccc3CC[C@H](NC(=O)CCc4ccc(OP(O)(O)=O)cc4)C(=O)N1c23)C(N)=O	Signal transducer and activator of transcription 3	3240	"3CWG,6NJS,6NUQ,6TLC"
CC(C)C[C@H](NC(=O)\C=C\c1ccc(OP(O)(O)=O)cc1)C(=O)N1CCC[C@H]1C(=O)N1CCC[C@H]1CCC(N)=O	Signal transducer and activator of transcription 3	3310	"3CWG,6NJS,6NUQ,6TLC"
CCOc1ccc2nc(Nc3nc(=O)cc([nH]3)-c3ccccc3)nc(C)c2c1	Signal transducer and activator of transcription 3	3400	"3CWG,6NJS,6NUQ,6TLC"
CC1Sc2nnc(-c3cc(n[nH]3)-c3ccccc3)n2N=C1c1ccccc1	Signal transducer and activator of transcription 3	3400	"3CWG,6NJS,6NUQ,6TLC"
CC1Sc2nnc(-c3cc(n[nH]3)-c3ccccc3)n2N=C1c1ccccc1	Signal transducer and activator of transcription 3	3400	"3CWG,6NJS,6NUQ,6TLC"
CC1Sc2nnc(-c3cc(n[nH]3)-c3ccccc3)n2N=C1c1ccccc1	Signal transducer and activator of transcription 3	3400	"3CWG,6NJS,6NUQ,6TLC"
O=C(NCCOCCOCCNc1ccc2C(=O)N(C3CCC(=O)NC3=O)C(=O)c2c1)c1cc2c(o1)C(=O)c1ccccc1C2=O	Signal transducer and activator of transcription 3	3400	"3CWG,6NJS,6NUQ,6TLC"
C[C@@H](N(C)S(=O)(=O)c1c(F)c(F)c(F)c(F)c1F)C(=O)N(Cc1ccc(cc1)C1CCCCC1)c1ccc(cc1F)C(=O)NO	Signal transducer and activator of transcription 3	3400	"3CWG,6NJS,6NUQ,6TLC"
C[C@@H](N(C)S(=O)(=O)c1c(F)c(F)c(F)c(F)c1F)C(=O)N(Cc1ccc(cc1)C1CCCCC1)c1ccc(cc1Cl)C(=O)NO	Signal transducer and activator of transcription 3	3500	"3CWG,6NJS,6NUQ,6TLC"
C[C@@H](O)[C@H](NC(=O)[C@H](CCC(N)=O)NC(=O)[C@@H]1CC[C@@H]2CC[C@H](NC(=O)[C@H](Cc3ccc(OP(O)(O)=O)cc3)NC(C)=O)C(=O)N12)C(N)=O	Signal transducer and activator of transcription 3	3530	"3CWG,6NJS,6NUQ,6TLC"
CC(C)(C)c1ccc(CN(C(=O)[C@H]2CCN2S(=O)(=O)c2c(F)c(F)c(F)c(F)c2F)c2ccc(cc2F)C(O)=O)cc1	Signal transducer and activator of transcription 3	3546	"3CWG,6NJS,6NUQ,6TLC"
CCC(Sc1nc2ccc(NC(=O)c3ccc(OC)cc3)cc2s1)C(=O)Nc1ccc(Br)cc1	Signal transducer and activator of transcription 3	3567	"3CWG,6NJS,6NUQ,6TLC"
CC(C)n1cc2C[C@H]3N(C)C[C@H](CO)C=C3c3cccc1c23	Signal transducer and activator of transcription 3	3570	"3CWG,6NJS,6NUQ,6TLC"
CC(C)C[C@H](NC(=O)\C=C\c1ccc(OP(O)(O)=O)cc1)C(=O)N1CCC[C@H]1C(=O)N[C@H]1CN[C@@H](C1)C(N)=O	Signal transducer and activator of transcription 3	3600	"3CWG,6NJS,6NUQ,6TLC"
Cc1ccc(O)c(c1)C(=O)Nc1ncc(s1)[N+]([O-])=O	Signal transducer and activator of transcription 3	3600	"3CWG,6NJS,6NUQ,6TLC"
C[C@@H](N(C)S(=O)(=O)c1c(F)c(F)c(F)c(F)c1F)C(=O)N(Cc1ccc(cc1)C1CCCCC1)c1ccc(C(O)=O)c(Cl)c1	Signal transducer and activator of transcription 3	3600	"3CWG,6NJS,6NUQ,6TLC"
OC(=O)c1ccc(cc1O)N(Cc1ccc(cc1)C1CCCC1)C(=O)[C@H]1CCCN1S(=O)(=O)c1c(F)c(F)c(F)c(F)c1F	Signal transducer and activator of transcription 3	3600	"3CWG,6NJS,6NUQ,6TLC"
Brc1ccc(cc1)-c1nc(cc2c3ccccc3[nH]c12)C(=O)NCCc1c[nH]c2ccccc12	Signal transducer and activator of transcription 3	3630	"6TLC,6NUQ,6NJS,3CWG"
COc1ccc(cc1)C1=Nn2c(SC1)nnc2-c1cc(n[nH]1)-c1ccccc1	Signal transducer and activator of transcription 3	3700	"3CWG,6NJS,6NUQ,6TLC"
CCN(CC)c1ccc(cc1)C1=Nn2c(SC1C)nnc2-c1cc(-c2ccccc2)n(C)n1	Signal transducer and activator of transcription 3	3700	"3CWG,6NJS,6NUQ,6TLC"
CC1Sc2nnc(-c3cc(n[nH]3)-c3ccc(F)cc3)n2N=C1c1ccccc1	Signal transducer and activator of transcription 3	3800	"3CWG,6NJS,6NUQ,6TLC"
CC1Sc2nnc(-c3cc(n[nH]3)-c3ccc(F)cc3)n2N=C1c1ccccc1	Signal transducer and activator of transcription 3	3800	"3CWG,6NJS,6NUQ,6TLC"
CC1Sc2nnc(-c3cc(n[nH]3)-c3ccc(C)cc3)n2N=C1c1ccccc1	Signal transducer and activator of transcription 3	3800	"3CWG,6NJS,6NUQ,6TLC"
COc1ccc(cc1)C1=Nn2c(SC1C)nnc2-c1cc(n[nH]1)-c1ccc(Cl)cc1	Signal transducer and activator of transcription 3	3800	"3CWG,6NJS,6NUQ,6TLC"
CC1Sc2nnc(-c3cc(n[nH]3)-c3ccc(F)cc3)n2N=C1c1ccccc1	Signal transducer and activator of transcription 3	3800	"3CWG,6NJS,6NUQ,6TLC"
OC(=O)c1ccc(cc1Cl)N(Cc1ccc(cc1)C1CCCCC1)C(=O)[C@H]1CCCN1S(=O)(=O)c1c(F)c(F)c(F)c(F)c1F	Signal transducer and activator of transcription 3	3800	"3CWG,6NJS,6NUQ,6TLC"
CN(CC(=O)N(Cc1ccc(cc1)C1CCCCC1)c1ccc(cc1)C(O)=O)S(=O)(=O)c1c(F)c(F)c(F)c(F)c1F	Signal transducer and activator of transcription 3	3900	"3CWG,6NJS,6NUQ,6TLC"
CN(CC(=O)N(Cc1ccc(cc1)C1CCCCC1)c1ccc(cc1)C(O)=O)S(=O)(=O)c1c(F)c(F)c(F)c(F)c1F	Signal transducer and activator of transcription 3	3900	"3CWG,6NJS,6NUQ,6TLC"
OC(=O)c1ccc(cc1)N(Cc1ccc(cc1)C1CCOCC1)C(=O)[C@H]1CCN1S(=O)(=O)c1c(F)c(F)c(F)c(F)c1F	Signal transducer and activator of transcription 3	3940	"3CWG,6NJS,6NUQ,6TLC"
CC(C)(C)c1ccc(CN(C(=O)[C@H]2CCN2S(=O)(=O)c2c(F)c(F)c(F)c(F)c2F)c2ccc(cc2F)C(=O)NO)cc1	Signal transducer and activator of transcription 3	3957	"3CWG,6NJS,6NUQ,6TLC"
CC(C)(C)c1ccc(CN(C(=O)[C@H]2CCN2S(=O)(=O)c2c(F)c(F)c(F)c(F)c2F)c2ccc(cc2F)C(=O)NO)cc1	Signal transducer and activator of transcription 3	3960	"3CWG,6NJS,6NUQ,6TLC"
CC(C)\C=C\C[C@](C)(O[C@@H]1O[C@H](CO[C@@H]2O[C@@H](C)[C@H](O)[C@@H](O)[C@H]2O)[C@@H](O)[C@H](O)[C@H]1O)[C@H]1CC[C@]2(C)[C@@H]1[C@H](O)C[C@@H]1[C@@]3(C)CC[C@H](O[C@@H]4O[C@H](CO)[C@@H](O)[C@H](O)[C@H]4O[C@@H]4O[C@H](CO)[C@@H](O)[C@H](O)[C@H]4O)C(C)(C)[C@@H]3CC[C@@]21C	Signal transducer and activator of transcription 3	4000	"3CWG,6NJS,6NUQ,6TLC"
COC(=O)c1ccc(N(Cc2ccc(cc2)C2CCCCC2)C(=O)[C@H]2CCN2S(=O)(=O)c2c(F)c(F)c(F)c(F)c2F)c(F)c1	Signal transducer and activator of transcription 3	4000	"3CWG,6NJS,6NUQ,6TLC"
COC(=O)c1ccc(cc1O)N(Cc1ccc(cc1)C1CCCCC1)C(=O)[C@H]1CCN1S(=O)(=O)c1c(F)c(F)c(F)c(F)c1F	Signal transducer and activator of transcription 3	4000	"3CWG,6NJS,6NUQ,6TLC"
OC(=O)c1ccc(cc1O)N(Cc1cnc(cn1)C1CCCCC1)C(=O)[C@H]1CCN1S(=O)(=O)c1c(F)c(F)c(F)c(F)c1F	Signal transducer and activator of transcription 3	4000	"3CWG,6NJS,6NUQ,6TLC"
Fc1c(F)c(F)c(c(F)c1F)S(=O)(=O)N1CC[C@@H]1C(=O)N(Cc1ccc(cn1)C1CCCCC1)c1ccc2C(=O)NC(=O)c2c1	Signal transducer and activator of transcription 3	4000	"3CWG,6NJS,6NUQ,6TLC"
Fc1c2COC(=O)c2ccc1N(Cc1ccc(cn1)C1CCCCC1)C(=O)[C@H]1CCN1S(=O)(=O)c1c(F)c(F)c(F)c(F)c1F	Signal transducer and activator of transcription 3	4000	"3CWG,6NJS,6NUQ,6TLC"
COc1ccc(cc1)S(=O)(=O)Nc1cc(c(O)c2ccccc12)-c1c(O)ccc2ccccc12	Signal transducer and activator of transcription 3	4000	"3CWG,6NJS,6NUQ,6TLC"
COc1ccc(cc1)S(=O)(=O)Nc1ccccc1-c1ccc(F)cc1	Signal transducer and activator of transcription 3	4020	"3CWG,6NJS,6NUQ,6TLC"
CO[C@@]12CC[C@@](C)(O1)\C=C1\OC(=O)C(COC(C)=O)=C1[C@H](C[C@H]2C)OC(=O)C(\C)=C\C	Signal transducer and activator of transcription 3	4100	"3CWG,6NJS,6NUQ,6TLC"
CC(C)CC1Sc2nnc(-c3[nH]nc4CCCc34)n2N=C1c1ccc(Cl)c(Cl)c1	Signal transducer and activator of transcription 3	4100	"3CWG,6NJS,6NUQ,6TLC"
CCC(C)C1Sc2nnc(-c3[nH]nc4CCCc34)n2N=C1c1ccc(OC)cc1	Signal transducer and activator of transcription 3	4100	"3CWG,6NJS,6NUQ,6TLC"
CC(C)CC1Sc2nnc(-c3[nH]nc4CCCc34)n2N=C1c1ccc(Cl)c(Cl)c1	Signal transducer and activator of transcription 3	4100	"3CWG,6NJS,6NUQ,6TLC"
C[C@@H](N(C)S(=O)(=O)c1c(F)c(F)c(F)c(F)c1F)C(=O)N(Cc1ccc(cc1)C1CCCCC1)c1ccc(cc1Cl)C(O)=O	Signal transducer and activator of transcription 3	4100	"3CWG,6NJS,6NUQ,6TLC"
C[C@@H](N(C)S(=O)(=O)c1c(F)c(F)c(F)c(F)c1F)C(=O)N(Cc1ccc(cc1)C1CCCCC1)c1c(F)cc(cc1F)C(O)=O	Signal transducer and activator of transcription 3	4100	"3CWG,6NJS,6NUQ,6TLC"
COc1ccc(cc1)S(=O)(=O)Nc1cc(c(O)c2ccccc12)-c1c(O)ccc2ccccc12	Signal transducer and activator of transcription 3	4100	"3CWG,6NJS,6NUQ,6TLC"
COc1ccc(\C=C\C=C\C(=O)\C=C\c2ccc(O)cc2)cc1	Signal transducer and activator of transcription 3	4100	"3CWG,6NJS,6NUQ,6TLC"
COc1ccc(cc1)C1=Nn2c(SC1C)nnc2-c1cc(n[nH]1)-c1ccc(F)cc1	Signal transducer and activator of transcription 3	4200	"3CWG,6NJS,6NUQ,6TLC"
COc1ccc(cc1)C1=Nn2c(SC1C)nnc2-c1cc(n[nH]1)-c1ccc(F)cc1	Signal transducer and activator of transcription 3	4200	"3CWG,6NJS,6NUQ,6TLC"
COc1ccc(cc1)C1=Nn2c(SC1C)nnc2-c1cc(n[nH]1)-c1ccc(C)cc1	Signal transducer and activator of transcription 3	4200	"3CWG,6NJS,6NUQ,6TLC"
COc1ccc(cc1)C1=Nn2c(SC1C)nnc2-c1cc(n[nH]1)-c1ccc(F)cc1	Signal transducer and activator of transcription 3	4200	"3CWG,6NJS,6NUQ,6TLC"
O=C(NCCCC#Cc1cccc2C(=O)N(C3CCC(=O)NC3=O)C(=O)c12)c1cc2c(o1)C(=O)c1ccccc1C2=O	Signal transducer and activator of transcription 3	4200	"3CWG,6NJS,6NUQ,6TLC"
C[C@@H](N(C)S(=O)(=O)c1c(F)c(F)c(F)c(F)c1F)C(=O)N(Cc1ccc(cc1)C1CCCCC1)c1c(C)cc(cc1C)C(=O)OCc1ccccc1	Signal transducer and activator of transcription 3	4200	"3CWG,6NJS,6NUQ,6TLC"
CC(C)C1Sc2nnc(-c3[nH]nc4CCCc34)n2N=C1c1ccc(Cl)c(Cl)c1	Signal transducer and activator of transcription 3	4400	"3CWG,6NJS,6NUQ,6TLC"
CC(C)C1Sc2nnc(-c3[nH]nc4CCCc34)n2N=C1c1ccc(Cl)c(Cl)c1	Signal transducer and activator of transcription 3	4400	"3CWG,6NJS,6NUQ,6TLC"
CC(C)C1Sc2nnc(-c3[nH]nc4CCCc34)n2N=C1c1ccc(Cl)c(Cl)c1	Signal transducer and activator of transcription 3	4400	"3CWG,6NJS,6NUQ,6TLC"
CC(C)C1Sc2nnc(-c3[nH]nc4CCCc34)n2N=C1c1ccc(Cl)c(Cl)c1	Signal transducer and activator of transcription 3	4400	"3CWG,6NJS,6NUQ,6TLC"
CN(C)CCCn1c(=O)c2ccc3c4ccc5c6c(ccc(c7ccc(c2c37)c1=O)c46)c(=O)n(CCCN(C)C)c5=O	Signal transducer and activator of transcription 3	4500	"3CWG,6NJS,6NUQ,6TLC"
CN(C)CCCn1c(=O)c2ccc3c4ccc5c6c(ccc(c7ccc(c2c37)c1=O)c46)c(=O)n(CCCN(C)C)c5=O	Signal transducer and activator of transcription 3	4500	"3CWG,6NJS,6NUQ,6TLC"
CN(C)CCCn1c(=O)c2ccc3c4ccc5c6c(ccc(c7ccc(c2c37)c1=O)c46)c(=O)n(CCCN(C)C)c5=O	Signal transducer and activator of transcription 3	4500	"3CWG,6NJS,6NUQ,6TLC"
CN(C)CCCn1c(=O)c2ccc3c4ccc5c6c(ccc(c7ccc(c2c37)c1=O)c46)c(=O)n(CCCN(C)C)c5=O	Signal transducer and activator of transcription 3	4500	"3CWG,6NJS,6NUQ,6TLC"
CN(C)CCCn1c(=O)c2ccc3c4ccc5c6c(ccc(c7ccc(c2c37)c1=O)c46)c(=O)n(CCCN(C)C)c5=O	Signal transducer and activator of transcription 3	4500	"3CWG,6NJS,6NUQ,6TLC"
CN(C)CCCn1c(=O)c2ccc3c4ccc5c6c(ccc(c7ccc(c2c37)c1=O)c46)c(=O)n(CCCN(C)C)c5=O	Signal transducer and activator of transcription 3	4500	"3CWG,6NJS,6NUQ,6TLC"
CN(C)CCCn1c(=O)c2ccc3c4ccc5c6c(ccc(c7ccc(c2c37)c1=O)c46)c(=O)n(CCCN(C)C)c5=O	Signal transducer and activator of transcription 3	4500	"3CWG,6NJS,6NUQ,6TLC"
CN(C)CCCn1c(=O)c2ccc3c4ccc5c6c(ccc(c7ccc(c2c37)c1=O)c46)c(=O)n(CCCN(C)C)c5=O	Signal transducer and activator of transcription 3	4500	"3CWG,6NJS,6NUQ,6TLC"
OC(=O)c1ccc(cc1O)N(Cc1ccc(cc1)C1CCOC1)C(=O)[C@H]1CCCN1S(=O)(=O)c1c(F)c(F)c(F)c(F)c1F	Signal transducer and activator of transcription 3	4500	"3CWG,6NJS,6NUQ,6TLC"
CCN1\C(Sc2ccccc12)=C1\SC(=S)N(CC=C)C1=O	Signal transducer and activator of transcription 3	4600	"3CWG,6NJS,6NUQ,6TLC"
Cc1cccc(C(=O)Nc2ncc(s2)[N+]([O-])=O)c1O	Signal transducer and activator of transcription 3	4600	"3CWG,6NJS,6NUQ,6TLC"
O=C(NCCCCCNc1cccc2C(=O)N(C3CCC(=O)NC3=O)C(=O)c12)c1cc2c(o1)C(=O)c1ccccc1C2=O	Signal transducer and activator of transcription 3	4600	"3CWG,6NJS,6NUQ,6TLC"
C[C@@H](N(C)S(=O)(=O)c1c(F)c(F)c(F)c(F)c1F)C(=O)N(Cc1ccc(cc1)C1CCCCC1)c1ccc(C(O)=O)c(F)c1	Signal transducer and activator of transcription 3	4600	"3CWG,6NJS,6NUQ,6TLC"
CC(C)C[C@H](NC(=O)[C@H](Cc1ccc(OP(O)(O)=O)cc1)NC(C)=O)C(=O)N1[C@@H](Cc2ccccc12)C(=O)N[C@@H](CCC(N)=O)C(=O)N[C@@H]([C@@H](C)O)C(N)=O	Signal transducer and activator of transcription 3	4640	"3CWG,6NJS,6NUQ,6TLC"
COc1ccc(cc1)C1=Nn2c(SC1C)nnc2-c1cc(nn1C)-c1ccccc1	Signal transducer and activator of transcription 3	4700	"3CWG,6NJS,6NUQ,6TLC"
C\C(=N\O)c1ccc(NC(=O)CSc2nnc(-c3cc(nc4ccccc34)-c3ccccc3)n2CC=C)cc1	Signal transducer and activator of transcription 3	4700	"3CWG,6NJS,6NUQ,6TLC"
CN(CC(=O)N(Cc1ccc(cc1)C1CCCCC1)c1ccc(cc1)C(=O)NO)S(=O)(=O)c1c(F)c(F)c(F)c(F)c1F	Signal transducer and activator of transcription 3	4700	"3CWG,6NJS,6NUQ,6TLC"
CN(CC(=O)N(Cc1ccc(cc1)C1CCCCC1)c1ccc(cc1)C(=O)NO)S(=O)(=O)c1c(F)c(F)c(F)c(F)c1F	Signal transducer and activator of transcription 3	4700	"3CWG,6NJS,6NUQ,6TLC"
CC1Sc2nnc(-c3cc(-c4ccccc4)n(C)n3)n2N=C1c1ccc(Cl)c(Cl)c1	Signal transducer and activator of transcription 3	4800	"3CWG,6NJS,6NUQ,6TLC"
CC(C)C[C@H](CCC(N)=O)NC(=O)[C@@H]1CCCN1C(=O)[C@H](CC(C)C)NC(=O)\C=C\c1ccc(OP(O)(O)=O)cc1	Signal transducer and activator of transcription 3	4900	"3CWG,6NJS,6NUQ,6TLC"
CC(C)C[C@H](NC(=O)\C=C\c1ccc(OP(O)(O)=O)cc1)C(=O)N1CCC[C@H]1C(=O)NCC(=O)NCc1ccccc1	Signal transducer and activator of transcription 3	4940	"3CWG,6NJS,6NUQ,6TLC"
Cc1cc(C)c2nc(Nc3nc(C)cc(O)n3)nc(C)c2c1	Signal transducer and activator of transcription 3	5000	"3CWG,6NJS,6NUQ,6TLC"
Cc1ccc(cc1)S(=O)(=O)N(CC(=O)N(Cc1ccc(cc1)C1CCCCC1)c1ccc(C(O)=O)c(O)c1)Cc1ccc2ccccc2c1	Signal transducer and activator of transcription 3	5000	"3CWG,6NJS,6NUQ,6TLC"
Cc1ccc(cc1)S(=O)(=O)N(CC(=O)N(Cc1ccc(cc1)C1CCCCC1)c1ccc(C(O)=O)c(O)c1)Cc1cccc(c1)[N+]([O-])=O	Signal transducer and activator of transcription 3	5000	"3CWG,6NJS,6NUQ,6TLC"
C[C@H](N(C)S(=O)(=O)c1c(F)c(F)c(F)c(F)c1F)C(=O)N(Cc1ccc(cc1)C1CCCCC1)c1ccc(C(O)=O)c(O)c1	Signal transducer and activator of transcription 3	5000	"3CWG,6NJS,6NUQ,6TLC"
OC(=O)c1coc(n1)N(Cc1ccc(cc1)C1CCCCC1)C(=O)[C@H]1CCN1S(=O)(=O)c1c(F)c(F)c(F)c(F)c1F	Signal transducer and activator of transcription 3	4000	"3CWG,6NJS,6NUQ,6TLC"
C[C@@H](N(C)S(=O)(=O)c1c(F)c(F)c(F)c(F)c1F)C(=O)N(Cc1ccc(cc1)C1CCOCC1)c1ccc(C(O)=O)c(O)c1	Signal transducer and activator of transcription 3	5000	"3CWG,6NJS,6NUQ,6TLC"
Cc1cccc(CNc2nc(NC(=O)c3ccccc3)nc3[nH]cnc23)c1	Signal transducer and activator of transcription 3	5070	"3CWG,6NJS,6NUQ,6TLC"
COc1ccc(cc1)C1=Nn2c(SC1CC(C)C)nnc2-c1cc(n[nH]1)-c1ccccc1	Signal transducer and activator of transcription 3	5100	"3CWG,6NJS,6NUQ,6TLC"
[O-][N+](=O)c1ccc2C=CS(=O)(=O)c2c1	Signal transducer and activator of transcription 3	5100	"3CWG,6NJS,6NUQ,6TLC"
[O-][N+](=O)c1ccc2C=CS(=O)(=O)c2c1	Signal transducer and activator of transcription 3	5100	"3CWG,6NJS,6NUQ,6TLC"
CCC(C)C1Sc2nnc(-c3cc(n[nH]3)-c3ccccc3)n2N=C1c1ccc(OC)cc1	Signal transducer and activator of transcription 3	5100	"3CWG,6NJS,6NUQ,6TLC"
COc1ccc(cc1)C1=Nn2c(SC1CC(C)C)nnc2-c1[nH]nc2CCCc12	Signal transducer and activator of transcription 3	5100	"3CWG,6NJS,6NUQ,6TLC"
COc1ccc(cc1)C1=Nn2c(SC1CC(C)C)nnc2-c1cc(n[nH]1)-c1ccccc1	Signal transducer and activator of transcription 3	5100	"3CWG,6NJS,6NUQ,6TLC"
[O-][N+](=O)c1ccc2C=CS(=O)(=O)c2c1	Signal transducer and activator of transcription 3	5100	"3CWG,6NJS,6NUQ,6TLC"
[O-][N+](=O)c1ccc2C=CS(=O)(=O)c2c1	Signal transducer and activator of transcription 3	5100	"3CWG,6NJS,6NUQ,6TLC"
COc1ccc(cc1)C1=Nn2c(SC1CC(C)C)nnc2-c1[nH]nc2CCCc12	Signal transducer and activator of transcription 3	5140	"3CWG,6NJS,6NUQ,6TLC"
COc1ccc(cc1)C1=Nn2c(SC1CC(C)C)nnc2-c1[nH]nc2CCCc12	Signal transducer and activator of transcription 3	5140	"3CWG,6NJS,6NUQ,6TLC"
COc1ccc(NC2=CC(=O)c3cc(oc3C2=O)C(C)=O)cc1	Signal transducer and activator of transcription 3	5180	"3CWG,6NJS,6NUQ,6TLC"
Cc1ccc(cc1)S(=O)(=O)N(CC(=O)N(Cc1ccc(cc1)C1CCCCC1)c1ccc(C(O)=O)c(O)c1)Cc1cccc(C)c1	Signal transducer and activator of transcription 3	5200	"3CWG,6NJS,6NUQ,6TLC"
C[C@@H](N(C)S(=O)(=O)c1c(F)c(F)c(F)c(F)c1F)C(=O)N(Cc1ccc(cc1)C1CCCCC1)c1ccc(cc1)C(=O)NO	Signal transducer and activator of transcription 3	5300	"3CWG,6NJS,6NUQ,6TLC"
OC(=O)c1ccc(N(Cc2ccc(cc2)C2CCCCC2)C(=O)[C@H]2CCCN2S(=O)(=O)c2c(F)c(F)c(F)c(F)c2F)c(F)c1	Signal transducer and activator of transcription 3	5300	"3CWG,6NJS,6NUQ,6TLC"
OC(=O)c1ccc(cc1O)N(Cc1ccc(cc1)C1CCOCC1)C(=O)[C@H]1CCCN1S(=O)(=O)c1c(F)c(F)c(F)c(F)c1F	Signal transducer and activator of transcription 3	5400	"3CWG,6NJS,6NUQ,6TLC"
OC(=O)c1ccc(cc1O)N(Cc1ccc(cc1)C1CCCCC1)C(=O)[C@H]1CCCCN1S(=O)(=O)c1c(F)c(F)c(F)c(F)c1F	Signal transducer and activator of transcription 3	5400	"3CWG,6NJS,6NUQ,6TLC"
ONC(=O)c1ccc(cc1O)N(Cc1ccc(cc1)C1CCCCC1)C(=O)[C@H]1CCCN1S(=O)(=O)c1c(F)c(F)c(F)c(F)c1F	Signal transducer and activator of transcription 3	5400	"3CWG,6NJS,6NUQ,6TLC"
CC(=O)c1cc2c(o1)C(=O)C(Nc1ccccc1C)=CC2=O	Signal transducer and activator of transcription 3	5550	"3CWG,6NJS,6NUQ,6TLC"
Clc1cccc(c1)C1=Nn2c(SC1)nnc2-c1cc(n[nH]1)-c1ccccc1	Signal transducer and activator of transcription 3	5600	"3CWG,6NJS,6NUQ,6TLC"
Clc1cccc(c1)C1=Nn2c(SC1)nnc2-c1cc(n[nH]1)-c1ccccc1	Signal transducer and activator of transcription 3	5600	"3CWG,6NJS,6NUQ,6TLC"
CC1Sc2nnc(-c3cc(n[nH]3)-c3ccc(Cl)cc3)n2N=C1c1ccccc1	Signal transducer and activator of transcription 3	5700	"3CWG,6NJS,6NUQ,6TLC"
CCN(CC)c1ccc(cc1)C1=Nn2c(SC1C)nnc2-c1cc(nn1C)-c1ccccc1	Signal transducer and activator of transcription 3	5700	"3CWG,6NJS,6NUQ,6TLC"
O=C(NCCCCOc1cccc2C(=O)N(C3CCC(=O)NC3=O)C(=O)c12)c1cc2c(o1)C(=O)c1ccccc1C2=O	Signal transducer and activator of transcription 3	5700	"3CWG,6NJS,6NUQ,6TLC"
C[C@@H](N(C)S(=O)(=O)c1c(F)c(F)c(F)c(F)c1F)C(=O)N(Cc1ccc(cc1)C1CCCCC1)c1ccc(cc1C)C(O)=O	Signal transducer and activator of transcription 3	5700	"3CWG,6NJS,6NUQ,6TLC"
COc1ccc(cc1)C1=Nn2c(SC1C)nnc2-c1cc(n[nH]1)-c1ccc(Cl)cc1	Signal transducer and activator of transcription 3	5720	"3CWG,6NJS,6NUQ,6TLC"
COc1ccc(cc1)C1=Nn2c(S[C@@H]1C)nnc2-c1cc(n[nH]1)-c1ccc(Cl)cc1	Signal transducer and activator of transcription 3	5720	"3CWG,6NJS,6NUQ,6TLC"
COc1ccc(cc1)C1=Nn2c(S[C@@H]1C)nnc2-c1cc(n[nH]1)-c1ccc(Cl)cc1	Signal transducer and activator of transcription 3	5720	"3CWG,6NJS,6NUQ,6TLC"
CCc1ccc(Nc2nc3cc(NC(=O)c4ccccc4)ccc3o2)cc1	Signal transducer and activator of transcription 3	5800	"3CWG,6NJS,6NUQ,6TLC"
COc1ccc(cc1)C1=Nn2c(SC1Cc1ccccc1)nnc2-c1cc(n[nH]1)-c1ccccc1	Signal transducer and activator of transcription 3	5800	"3CWG,6NJS,6NUQ,6TLC"
CC1Sc2nnc(-c3cc(-c4ccccc4)n(Cc4ccccc4)n3)n2N=C1c1ccc(Cl)c(Cl)c1	Signal transducer and activator of transcription 3	5900	"3CWG,6NJS,6NUQ,6TLC"
CCCCCC(=C)[C@@H](O)[C@H](C)C(=O)N1[C@H](COC1=O)C(C)C	Signal transducer and activator of transcription 3	5900	"6TLC,6NUQ,6NJS,3CWG"
CNC(=O)c1nnc(NC(=O)N2CCC2)cc1Nc1cccc(-c2ncn(C)n2)c1OC	Signal transducer and activator of transcription 3	5900	"6TLC,6NUQ,6NJS,3CWG"
COc1cc(\C=C\C(=O)\C=C\c2ccc(O)c(OC)c2)ccc1O	Signal transducer and activator of transcription 3	6000	"3CWG,6NJS,6NUQ,6TLC"
Cc1ccc(cc1)S(=O)(=O)N(CC(=O)N(Cc1ccc(cc1)C1CCCCC1)c1ccc(C(O)=O)c(O)c1)Cc1cccc(Cl)c1	Signal transducer and activator of transcription 3	6000	"3CWG,6NJS,6NUQ,6TLC"
Cc1ccc(cc1)S(=O)(=O)N(CC(=O)N(Cc1ccc(cc1)C1CCCCC1)c1ccc(C(O)=O)c(O)c1)Cc1ccc(Cl)cc1	Signal transducer and activator of transcription 3	6200	"3CWG,6NJS,6NUQ,6TLC"
C[C@H]1O[C@@H](O[C@@](C)(CCC=C(C)C)[C@H]2CCC(C)=CC2)[C@H](O)[C@@H](O)[C@H]1O	Signal transducer and activator of transcription 3	6300	"3CWG,6NJS,6NUQ,6TLC"
COc1ccc(cc1)C1=Nn2c(SC1C)nnc2-c1cc(nn1C(C)=O)-c1ccccc1	Signal transducer and activator of transcription 3	6300	"3CWG,6NJS,6NUQ,6TLC"
C\C(=N\O)c1ccc(NC(=O)CSc2nnc(-c3cc(nc4ccccc34)-c3ccccc3)n2CC=C)cc1	Signal transducer and activator of transcription 3	6300	"3CWG,6NJS,6NUQ,6TLC"
Cc1cc(C)c2nc(Nc3nc(C)c(C)c(O)n3)nc(C)c2c1	Signal transducer and activator of transcription 3	6400	"3CWG,6NJS,6NUQ,6TLC"
C[C@@H](N(C)S(=O)(=O)c1c(F)c(F)c(F)c(F)c1F)C(=O)N(Cc1ccc(cc1)C1CCCCC1)c1ccc(C([O-])=O)c(O)c1	Signal transducer and activator of transcription 3	6400	"3CWG,6NJS,6NUQ,6TLC"
C[C@H](NC(=O)C(=C\c1cccc(Br)n1)\C#N)c1ccccc1	Signal transducer and activator of transcription 3	6440	"6TLC,6NUQ,6NJS,3CWG"
Cn1cc(Nc2nccc(n2)-c2cnn(CCC#N)c2)cn1	Signal transducer and activator of transcription 3	6448	"6TLC,6NUQ,6NJS,3CWG"
COc1ccc(cc1)C1=Nn2c(SC1C)nnc2-c1cc(-c2ccccc2)n(C)n1	Signal transducer and activator of transcription 3	6500	"3CWG,6NJS,6NUQ,6TLC"
OC(=O)c1ccc(cc1O)N(Cc1ccc(cc1)C1CCCCC1)C(=O)[C@@H]1CCN(C1)S(=O)(=O)c1c(F)c(F)c(F)c(F)c1F	Signal transducer and activator of transcription 3	6500	"3CWG,6NJS,6NUQ,6TLC"
CCN(CC)c1ccc(cc1)C1=Nn2c(SC1C)nnc2-c1[nH]nc2CCCc12	Signal transducer and activator of transcription 3	6600	"3CWG,6NJS,6NUQ,6TLC"
C[C@@H](N(C)S(=O)(=O)c1c(F)c(F)c(F)c(F)c1F)C(=O)N(Cc1ccc(cc1)C1CCCCC1)c1ccc(C(O)=O)c(C)c1	Signal transducer and activator of transcription 3	6600	"3CWG,6NJS,6NUQ,6TLC"
Clc1ccc(cc1Cl)C1=Nn2c(SC1)nnc2-c1[nH]nc2CCCc12	Signal transducer and activator of transcription 3	6800	"3CWG,6NJS,6NUQ,6TLC"
CN(CC(=O)N(Cc1ccc(cc1)C1CCCCC1)c1ccc(C(O)=O)c(O)c1)S(=O)(=O)c1c(F)c(F)c(F)c(F)c1F	Signal transducer and activator of transcription 3	6800	"3CWG,6NJS,6NUQ,6TLC"
CN(CC(=O)N(Cc1ccc(cc1)C1CCCCC1)c1ccc(C(O)=O)c(O)c1)S(=O)(=O)c1c(F)c(F)c(F)c(F)c1F	Signal transducer and activator of transcription 3	6800	"3CWG,6NJS,6NUQ,6TLC"
Clc1ccc(cc1Cl)C1=Nn2c(SC1)nnc2-c1[nH]nc2CCCc12	Signal transducer and activator of transcription 3	6800	"3CWG,6NJS,6NUQ,6TLC"
Clc1ccc(cc1Cl)C1=Nn2c(SC1)nnc2-c1cc(n[nH]1)-c1ccccc1	Signal transducer and activator of transcription 3	6800	"3CWG,6NJS,6NUQ,6TLC"
Clc1ccc(cc1Cl)C1=Nn2c(SC1)nnc2-c1[nH]nc2CCCc12	Signal transducer and activator of transcription 3	6800	"3CWG,6NJS,6NUQ,6TLC"
Clc1ccc(cc1Cl)C1=Nn2c(SC1)nnc2-c1[nH]nc2CCCc12	Signal transducer and activator of transcription 3	6800	"3CWG,6NJS,6NUQ,6TLC"
C[C@H](N(C)S(=O)(=O)c1c(F)c(F)c(F)c(F)c1F)C(=O)N(Cc1ccc(cc1)C1CCCCC1)c1ccc(cc1)C(=O)NO	Signal transducer and activator of transcription 3	6800	"3CWG,6NJS,6NUQ,6TLC"
CN(CC(=O)N(Cc1ccc(cc1)C1CCCCC1)c1ccc(C(O)=O)c(O)c1)S(=O)(=O)c1c(F)c(F)c(F)c(F)c1F	Signal transducer and activator of transcription 3	6800	"3CWG,6NJS,6NUQ,6TLC"
CN(CC(=O)N(Cc1ccc(cc1)C1CCCCC1)c1ccc(C(O)=O)c(O)c1)S(=O)(=O)c1c(F)c(F)c(F)c(F)c1F	Signal transducer and activator of transcription 3	6800	"3CWG,6NJS,6NUQ,6TLC"
CN(CC(=O)N(Cc1ccc(cc1)C1CCCCC1)c1ccc(C(O)=O)c(O)c1)S(=O)(=O)c1c(F)c(F)c(F)c(F)c1F	Signal transducer and activator of transcription 3	6800	"3CWG,6NJS,6NUQ,6TLC"
COc1ccc(cc1)S(=O)(=O)N(C=C)c1cccc2ccccc12	Signal transducer and activator of transcription 3	6840	"6TLC,6NUQ,6NJS,3CWG"
CC(C)C[C@H](NC(=O)C=Cc1ccc(OP(O)(O)=O)cc1)C(=O)N1CCC[C@H]1C(=O)N[C@@H](COC(N)=O)[C@@H](C)OCc1ccccc1	Signal transducer and activator of transcription 3	6900	"3CWG,6NJS,6NUQ,6TLC"
COC(=O)C1=CO[C@@H](O[C@@H]2O[C@H](CO)[C@@H](O)[C@H](O)[C@H]2O)[C@@H]2[C@H](C)O[C@@H](O)C[C@H]12	Signal transducer and activator of transcription 3	6900	"3CWG,6NJS,6NUQ,6TLC"
CC[C@@H](N(C)S(=O)(=O)c1c(F)c(F)c(F)c(F)c1F)C(=O)N(Cc1ccc(cc1)C1CCCCC1)c1ccc(C(O)=O)c(O)c1	Signal transducer and activator of transcription 3	6900	"3CWG,6NJS,6NUQ,6TLC"
OC(=O)c1ccc(cc1O)N(Cc1ccc(cc1)C1CCCCC1)C(=O)[C@H]1CCN(C1)S(=O)(=O)c1c(F)c(F)c(F)c(F)c1F	Signal transducer and activator of transcription 3	6900	"3CWG,6NJS,6NUQ,6TLC"
COC(=O)C1=CO[C@@H](O[C@@H]2O[C@H](CO)[C@@H](O)[C@H](O)[C@H]2O)[C@@H]2[C@H](C)O[C@H](O)C[C@H]12	Signal transducer and activator of transcription 3	7000	"3CWG,6NJS,6NUQ,6TLC"
COc1cc(\C=C\C(=O)N2CCC=CC2=O)cc(OC)c1OC	Signal transducer and activator of transcription 3	7000	"3CWG,6NJS,6NUQ,6TLC"
COc1cccc(c1)C1=Nn2c(SC1C)nnc2-c1cc(n[nH]1)-c1ccc(Cl)cc1	Signal transducer and activator of transcription 3	7000	"3CWG,6NJS,6NUQ,6TLC"
Oc1cc(ccc1C([O-])=O)N(Cc1ccc(cc1)C1CCOCC1)C(=O)[C@H]1CCCN1S(=O)(=O)c1c(F)c(F)c(F)c(F)c1F	Signal transducer and activator of transcription 3	7000	"3CWG,6NJS,6NUQ,6TLC"
OC(=O)c1ccc(cc1O)N(Cc1ccc(cc1)C1CCCCC1)C(=O)[C@@H]1CCCCN1S(=O)(=O)c1c(F)c(F)c(F)c(F)c1F	Signal transducer and activator of transcription 3	7000	"3CWG,6NJS,6NUQ,6TLC"
CS(=O)(=O)CC[C@H](NC(=O)[C@@H]1Cc2cccc3CC[C@H](NC(=O)\C=C\c4ccc(OP(O)(O)=O)cc4)C(=O)N1c23)C(N)=O	Signal transducer and activator of transcription 3	7030	"3CWG,6NJS,6NUQ,6TLC"
COc1cccc(c1)C1=Nn2c(SC1C)nnc2-c1cc(n[nH]1)-c1ccccc1	Signal transducer and activator of transcription 3	7100	"3CWG,6NJS,6NUQ,6TLC"
CC(C)C[C@H](NC(=O)[C@H](Cc1ccc(cc1)C(F)(F)P(O)(O)=O)NC(=O)CNC(=O)CCNC(=O)CCNC(=O)CC[C@@H]1NC(=O)[C@@H](CCCNC(N)=N)NC(=O)[C@H](CCCNC(N)=N)NC(=O)[C@@H](CCCNC(N)=N)NC(=O)[C@H](CCCNC(N)=N)NC(=O)[C@H](Cc2ccc3ccccc3c2)NC(=O)[C@@H](Cc2ccccc2)NC(=O)[C@H](Cc2ccccc2)NC1=O)C(=O)N1CCC[C@H]1C(=O)N[C@@H](CCC(N)=O)C(=O)N[C@@H]([C@@H](C)O)C(=O)N[C@@H](C(C)C)C(N)=O	Signal transducer and activator of transcription 3	7100	"3CWG,6NJS,6NUQ,6TLC"
Cc1ccc(cc1)S(=O)(=O)N(CC(=O)N(Cc1ccc(cc1)C1CCCCC1)c1ccc(C(O)=O)c(O)c1)Cc1ccccc1OC(F)(F)F	Signal transducer and activator of transcription 3	7200	"3CWG,6NJS,6NUQ,6TLC"
OC(=O)c1ccc(cc1O)N(Cc1ccc(cc1)C1CCCCC1)C(=O)[C@@H]1CCCN1S(=O)(=O)c1c(F)c(F)c(F)c(F)c1F	Signal transducer and activator of transcription 3	7200	"3CWG,6NJS,6NUQ,6TLC"
CC1Sc2nnc(-c3[nH]nc4CCCc34)n2N=C1c1ccc(Cl)cc1	Signal transducer and activator of transcription 3	7210	"3CWG,6NJS,6NUQ,6TLC"
CC1Sc2nnc(-c3[nH]nc4CCCc34)n2N=C1c1ccc(Cl)cc1	Signal transducer and activator of transcription 3	7210	"3CWG,6NJS,6NUQ,6TLC"
CC1Sc2nnc(-c3[nH]nc4CCCc34)n2N=C1c1ccc(Cl)cc1	Signal transducer and activator of transcription 3	7210	"3CWG,6NJS,6NUQ,6TLC"
COc1ccc(cc1)C1=Nn2c(SC1C)nnc2-c1n[nH]c(c1C)-c1ccc(Cl)cc1	Signal transducer and activator of transcription 3	7300	"3CWG,6NJS,6NUQ,6TLC"
CN([C@H](CO)C(=O)N(Cc1ccc(cc1)C1CCCCC1)c1ccc(C(O)=O)c(O)c1)S(=O)(=O)c1c(F)c(F)c(F)c(F)c1F	Signal transducer and activator of transcription 3	7400	"3CWG,6NJS,6NUQ,6TLC"
OC(=O)c1ccc(N(Cc2ccc(cc2)C2CCOCC2)C(=O)[C@H]2CCCN2S(=O)(=O)c2c(F)c(F)c(F)c(F)c2F)c(F)c1	Signal transducer and activator of transcription 3	7400	"3CWG,6NJS,6NUQ,6TLC"
Fc1ccc(cc1)-c1cc([nH]n1)-c1nnc2SCC(=Nn12)c1ccc(Cl)c(Cl)c1	Signal transducer and activator of transcription 3	7500	"3CWG,6NJS,6NUQ,6TLC"
Clc1ccc(cc1Cl)C1=Nn2c(SC1Cc1ccccc1)nnc2-c1[nH]nc2CCCc12	Signal transducer and activator of transcription 3	7500	"3CWG,6NJS,6NUQ,6TLC"
CCCCC1Sc2nnc(-c3[nH]nc4CCCc34)n2N=C1c1ccc(Cl)c(Cl)c1	Signal transducer and activator of transcription 3	7500	"3CWG,6NJS,6NUQ,6TLC"
Clc1ccc(cc1Cl)C1=Nn2c(SC1Cc1ccccc1)nnc2-c1[nH]nc2CCCc12	Signal transducer and activator of transcription 3	7500	"3CWG,6NJS,6NUQ,6TLC"
Clc1ccc(cc1Cl)C1=Nn2c(SC1c1ccccc1)nnc2-c1[nH]nc2CCCc12	Signal transducer and activator of transcription 3	7500	"3CWG,6NJS,6NUQ,6TLC"
CC(C)n1cc2C[C@H]3N(C)C[C@H](COC(=O)C4CC4)C=C3c3cccc1c23	Signal transducer and activator of transcription 3	7500	"3CWG,6NJS,6NUQ,6TLC"
CS(=O)CC[C@H](NC(=O)[C@@H]1Cc2cccc3CC[C@H](NC(=O)\C=C\c4ccc(OP(O)(O)=O)cc4)C(=O)N1c23)C(N)=O	Signal transducer and activator of transcription 3	7600	"3CWG,6NJS,6NUQ,6TLC"
CCOC(=O)c1ccc(CN(CC(=O)N(Cc2ccc(cc2)C2CCCCC2)c2ccc(C(O)=O)c(O)c2)S(=O)(=O)c2ccc(C)cc2)cc1	Signal transducer and activator of transcription 3	7600	"3CWG,6NJS,6NUQ,6TLC"
Cc1ccc(cc1)S(=O)(=O)N(CC(=O)N(Cc1ccc(cc1)C1CCCCC1)c1ccc(C(O)=O)c(O)c1)Cc1ccc(F)cc1	Signal transducer and activator of transcription 3	7600	"3CWG,6NJS,6NUQ,6TLC"
COc1ccc(cc1)C1=Nn2c(SC1C)nnc2-c1nn(Cc2ccccc2)c2CCCc12	Signal transducer and activator of transcription 3	7600	"3CWG,6NJS,6NUQ,6TLC"
COc1ccc(cc1OC)C1=Nn2c(SC1C)nnc2-c1cc(n[nH]1)-c1ccccc1	Signal transducer and activator of transcription 3	7600	"3CWG,6NJS,6NUQ,6TLC"
COc1ccc(cc1)C1=Nn2c(SC1C)nnc2-c1cc(n[nH]1)-c1ccccc1	Signal transducer and activator of transcription 3	7600	"3CWG,6NJS,6NUQ,6TLC"
CC(C)C[C@H](NC(=O)\C=C\c1ccc(OP(O)(O)=O)cc1)C(=O)N1CCC[C@H]1C(=O)N[C@@H](C)C(N)=O	Signal transducer and activator of transcription 3	7800	"3CWG,6NJS,6NUQ,6TLC"
CC1Sc2nnc(-c3nn(C)c4CCCc34)n2N=C1c1ccc(Cl)c(Cl)c1	Signal transducer and activator of transcription 3	7800	"3CWG,6NJS,6NUQ,6TLC"
CC1=CC(C)(C)N=C(Nc2nc(C)c3cc(C)ccc3n2)N1	Signal transducer and activator of transcription 3	7900	"3CWG,6NJS,6NUQ,6TLC"
COc1ccc(cc1)C1=Nn2c(SC1C)nnc2-c1cc(-c2ccccc2)n(n1)C(C)=O	Signal transducer and activator of transcription 3	7900	"3CWG,6NJS,6NUQ,6TLC"
C\C(=N\O)c1ccc(NC(=O)CSc2nnc(-c3cc(nc4ccccc34)-c3ccc(Cl)cc3)n2CC=C)cc1	Signal transducer and activator of transcription 3	7900	"3CWG,6NJS,6NUQ,6TLC"
C\C(=N/NC(=O)c1cccs1)c1ccc(O)cc1O	Signal transducer and activator of transcription 3	7990	"3CWG,6NJS,6NUQ,6TLC"
Cc1ccc(cc1)S(=O)(=O)N(CC(=O)N(Cc1ccc(cc1)C1CCCCC1)c1ccc(C(O)=O)c(O)c1)Cc1cccc(OC(F)(F)F)c1	Signal transducer and activator of transcription 3	8000	"3CWG,6NJS,6NUQ,6TLC"
Cc1ccc(cc1)S(=O)(=O)N(CC(=O)N(Cc1ccc(cc1)C1CCCCC1)c1ccc(C(O)=O)c(O)c1)Cc1c(F)c(F)c(F)c(F)c1F	Signal transducer and activator of transcription 3	8100	"3CWG,6NJS,6NUQ,6TLC"
CC1Sc2nnc(-c3[nH]nc4CCCc34)n2N=C1c1ccc(Cl)c(Cl)c1	Signal transducer and activator of transcription 3	8200	"3CWG,6NJS,6NUQ,6TLC"
CC1Sc2nnc(-c3[nH]nc4CCCc34)n2N=C1c1ccc(Cl)c(Cl)c1	Signal transducer and activator of transcription 3	8200	"3CWG,6NJS,6NUQ,6TLC"
CC1Sc2nnc(-c3[nH]nc4CCCc34)n2N=C1c1cc(Cl)cc(Cl)c1	Signal transducer and activator of transcription 3	8200	"3CWG,6NJS,6NUQ,6TLC"
NC(=O)c1cnc2c(NC3CC3)cc(Nc3cc(cc(c3)C(F)(F)F)C#N)nn12	Signal transducer and activator of transcription 3	8200	"6TLC,6NUQ,6NJS,3CWG"
COc1ccc(cc1)C1=Nn2c(SC1C(C)C)nnc2-c1cc(-c2ccccc2)n(C)n1	Signal transducer and activator of transcription 3	8300	"3CWG,6NJS,6NUQ,6TLC"
C[C@@H](N(C)S(=O)(=O)c1c(F)c(F)c(F)c(F)c1F)C(=O)N(Cc1ccc(cc1)C1CCC(F)(F)CC1)c1ccc(C(O)=O)c(O)c1	Signal transducer and activator of transcription 3	8300	"3CWG,6NJS,6NUQ,6TLC"
COc1ccc(cc1)S(=O)(=O)Nc1cc(c(O)c2ccccc12)-c1c(O)ccc2ccccc12	Signal transducer and activator of transcription 3	8300	"3CWG,6NJS,6NUQ,6TLC"
COc1ccc(cc1)C1=Nn2c(SC1C(C)C)nnc2-c1[nH]nc2CCCc12	Signal transducer and activator of transcription 3	8470	"3CWG,6NJS,6NUQ,6TLC"
COc1ccc(cc1)C1=Nn2c(SC1C(C)C)nnc2-c1[nH]nc2CCCc12	Signal transducer and activator of transcription 3	8470	"3CWG,6NJS,6NUQ,6TLC"
CC1Sc2nnc(-c3[nH]nc4CCCc34)n2N=C1c1ccc(Cl)c(Cl)c1	Signal transducer and activator of transcription 3	8500	"3CWG,6NJS,6NUQ,6TLC"
COc1ccc(cc1)C1=Nn2c(SC1C(C)C)nnc2-c1[nH]nc2CCCc12	Signal transducer and activator of transcription 3	8500	"3CWG,6NJS,6NUQ,6TLC"
COCCC1Sc2nnc(-c3cc(n[nH]3)-c3ccc(F)cc3)n2N=C1c1ccc(OC)cc1	Signal transducer and activator of transcription 3	8500	"3CWG,6NJS,6NUQ,6TLC"
CN(C(C)(C)C(=O)N(Cc1ccc(cc1)C1CCCCC1)c1ccc(C(O)=O)c(O)c1)S(=O)(=O)c1c(F)c(F)c(F)c(F)c1F	Signal transducer and activator of transcription 3	8500	"3CWG,6NJS,6NUQ,6TLC"
Cc1ccc(cc1)S(=O)(=O)N(CC(=O)N(Cc1ccc(cc1)C1CCCCC1)c1ccc(C(O)=O)c(O)c1)Cc1ccc(cc1)C#N	Signal transducer and activator of transcription 3	8600	"3CWG,6NJS,6NUQ,6TLC"
CC1Sc2nnc(-c3cc(n[nH]3)-c3ccccc3)n2N=C1c1ccc(F)c(F)c1	Signal transducer and activator of transcription 3	8600	"3CWG,6NJS,6NUQ,6TLC"
COc1ccc(cc1)C1=Nn2c(SC1C)nnc2-c1cc(n[nH]1)-c1cccc(Cl)c1	Signal transducer and activator of transcription 3	8700	"3CWG,6NJS,6NUQ,6TLC"
COc1ccc(cc1)C1=Nn2c(SC1C)nnc2-c1[nH]nc2CCCc12	Signal transducer and activator of transcription 3	8780	"3CWG,6NJS,6NUQ,6TLC"
COc1ccc(cc1)C1=Nn2c(SC1C)nnc2-c1[nH]nc2CCCc12	Signal transducer and activator of transcription 3	8780	"3CWG,6NJS,6NUQ,6TLC"
Cc1ccc(cc1)S(=O)(=O)N(CC(=O)N(Cc1ccc(cc1)C1CCCCC1)c1ccc(C(O)=O)c(O)c1)Cc1ccccc1C	Signal transducer and activator of transcription 3	8800	"3CWG,6NJS,6NUQ,6TLC"
COc1ccc(cc1)C1=Nn2c(SC1C)nnc2-c1[nH]nc2CCCc12	Signal transducer and activator of transcription 3	8800	"3CWG,6NJS,6NUQ,6TLC"
CCN(CC)CCC1Sc2nnc(-c3cc(n[nH]3)-c3ccccc3)n2N=C1c1ccc(OC)cc1	Signal transducer and activator of transcription 3	8800	"3CWG,6NJS,6NUQ,6TLC"
COc1ccc(cc1)[C@H](C)NC(=O)COc1nc2ccc(NC(=O)c3ccc(OC)c(C)c3OC)cc2s1	Signal transducer and activator of transcription 3	8860	"3CWG,6NJS,6NUQ,6TLC"
Oc1ccccc1C(=O)Nc1ncc(s1)[N+]([O-])=O	Signal transducer and activator of transcription 3	8900	"3CWG,6NJS,6NUQ,6TLC"
CC(C)C[C@H](NC(=O)[C@H](Cc1ccc(OP(O)(O)=O)cc1)NC(C)=O)C(=O)N1CCC[C@H]1C(=O)N[C@@H](CCC(N)=O)C(=O)N[C@@H]([C@@H](C)O)C(=O)N[C@@H](C(C)C)C(O)=O	Signal transducer and activator of transcription 3	9000	"3CWG,6NJS,6NUQ,6TLC"
Cc1ccc(cc1)S(=O)(=O)N(CC(=O)N(Cc1ccc(cc1)C1CCCCC1)c1ccc(C(O)=O)c(O)c1)Cc1cccc(F)c1	Signal transducer and activator of transcription 3	9000	"3CWG,6NJS,6NUQ,6TLC"
COc1ccc(cc1)C1=Nn2c(SC1C)nnc2-c1[nH]nc2CCCc12	Signal transducer and activator of transcription 3	9100	"3CWG,6NJS,6NUQ,6TLC"
COc1ccc(cc1)C1=Nn2c(SC1C)nnc2-c1[nH]nc2CCCc12	Signal transducer and activator of transcription 3	9100	"3CWG,6NJS,6NUQ,6TLC"
COc1ccc(cc1)C1=Nn2c(SC1CC(=O)N1CCCC1)nnc2-c1cc(n[nH]1)-c1ccccc1	Signal transducer and activator of transcription 3	9100	"3CWG,6NJS,6NUQ,6TLC"
COc1cccc(c1)C1=Nn2c(SC1C)nnc2-c1cc(n[nH]1)-c1cccc(Cl)c1	Signal transducer and activator of transcription 3	9100	"3CWG,6NJS,6NUQ,6TLC"
COc1ccc(cc1)C1=Nn2c(SC1C)nnc2-c1[nH]nc2CCCc12	Signal transducer and activator of transcription 3	9100	"3CWG,6NJS,6NUQ,6TLC"
COc1cccc(CNc2nc(NC(=O)c3ccccc3OC)nc3[nH]cnc23)c1	Signal transducer and activator of transcription 3	9130	"3CWG,6NJS,6NUQ,6TLC"
Cc1ccc(cc1)S(=O)(=O)N(CC(=O)N(Cc1ccc(cc1)C1CCCCC1)c1ccc(C(O)=O)c(O)c1)Cc1ccc(cc1)C(F)(F)F	Signal transducer and activator of transcription 3	9200	"3CWG,6NJS,6NUQ,6TLC"
C[C@@H](N(C)S(=O)(=O)c1c(F)c(F)c(F)c(F)c1F)C(=O)N(Cc1ccc(cc1)C1CCCCC1)c1ccc(cc1)C(O)=O	Signal transducer and activator of transcription 3	9300	"3CWG,6NJS,6NUQ,6TLC"
OC(=O)c1ccc(cc1O)N(Cc1ccc(cc1)C1CCCCC1)C(=O)CN(Cc1ccc(cc1)C#N)S(=O)(=O)c1c(F)c(F)c(F)c(F)c1F	Signal transducer and activator of transcription 3	9400	"3CWG,6NJS,6NUQ,6TLC"
Clc1ccc(cc1)C1=Nn2c(SC1)nnc2-c1cc([nH]n1)-c1ccccc1	Signal transducer and activator of transcription 3	9600	"3CWG,6NJS,6NUQ,6TLC"
OC(=O)c1ccc(cc1O)N(Cc1ccc(cc1)C1CCCCC1)C(=O)CN(Cc1cccc(c1)C(F)(F)F)S(=O)(=O)c1c(F)c(F)c(F)c(F)c1F	Signal transducer and activator of transcription 3	9600	"3CWG,6NJS,6NUQ,6TLC"
Cc1ccc(cc1)S(=O)(=O)N(CC(=O)N(Cc1ccc(cc1)C1CCCCC1)c1ccc(C(O)=O)c(O)c1)Cc1ccc(SC(F)(F)F)cc1	Signal transducer and activator of transcription 3	9600	"3CWG,6NJS,6NUQ,6TLC"
Clc1ccc(cc1)C1=Nn2c(SC1)nnc2-c1cc(n[nH]1)-c1ccccc1	Signal transducer and activator of transcription 3	9600	"3CWG,6NJS,6NUQ,6TLC"
Clc1ccc(cc1)C1=Nn2c(SC1)nnc2-c1cc(n[nH]1)-c1ccccc1	Signal transducer and activator of transcription 3	9600	"3CWG,6NJS,6NUQ,6TLC"
CC(=O)Oc1ccccc1C(=O)Nc1ncc(s1)[N+]([O-])=O	Signal transducer and activator of transcription 3	9800	"3CWG,6NJS,6NUQ,6TLC"
COc1ccc(cc1)C1=Nn2c(SC1CC(=O)N(C)C)nnc2-c1cc(n[nH]1)-c1ccccc1	Signal transducer and activator of transcription 3	9900	"3CWG,6NJS,6NUQ,6TLC"
C\C(=N\O)c1ccc(NC(=O)CSc2nnc(-c3cc(nc4ccccc34)-c3ccccc3)n2CC=C)cc1	Signal transducer and activator of transcription 3	9900	"3CWG,6NJS,6NUQ,6TLC"
CC(=O)Oc1ccccc1C(=O)Nc1ncc(s1)[N+]([O-])=O	Signal transducer and activator of transcription 3	9980	"3CWG,6NJS,6NUQ,6TLC"
Cc1ccc(cc1NC(=O)c1cnn(c1N)-c1ccccc1F)C(=O)Nc1ccon1	Signal transducer and activator of transcription 3	10000	"3CWG,6NJS,6NUQ,6TLC"
Cc1ccc(cc1)S(=O)(=O)N(CC(=O)N(Cc1ccc(cc1)C1CCCCC1)c1ccc(C(O)=O)c(O)c1)Cc1ccccc1[N+]([O-])=O	Signal transducer and activator of transcription 3	10000	"3CWG,6NJS,6NUQ,6TLC"
COc1cc(\C=C\C(=O)N(Cc2ccc(Br)cc2)C(=O)C(C)=C)cc(OC)c1OC	Signal transducer and activator of transcription 3	10000	"3CWG,6NJS,6NUQ,6TLC"
CCCC(C)Oc1ccc(cc1F)C(=O)Nc1ccc2nc(SCC(=O)N[C@@H](C)c3ccccc3)sc2c1	Signal transducer and activator of transcription 3	10000	"3CWG,6NJS,6NUQ,6TLC"
CCCC(C)Oc1ccc(cc1Cl)C(=O)Nc1ccc2nc(SCC(=O)N[C@@H](C)c3ccccc3)sc2c1	Signal transducer and activator of transcription 3	10000	"3CWG,6NJS,6NUQ,6TLC"
CCCC(C)Oc1ccc(cc1C#N)C(=O)Nc1ccc2nc(SCC(=O)N[C@@H](C)c3ccccc3)sc2c1	Signal transducer and activator of transcription 3	10000	"3CWG,6NJS,6NUQ,6TLC"
CCCC(C)Oc1ccc(cc1CC)C(=O)Nc1ccc2nc(SCC(=O)N[C@@H](C)c3ccccc3)sc2c1	Signal transducer and activator of transcription 3	10000	"3CWG,6NJS,6NUQ,6TLC"
CCCC(C)Oc1ccc(cc1CCC)C(=O)Nc1ccc2nc(SCC(=O)N[C@@H](C)c3ccccc3)sc2c1	Signal transducer and activator of transcription 3	10000	"3CWG,6NJS,6NUQ,6TLC"
CCCC(C)Oc1ccc(cc1C(F)(F)F)C(=O)Nc1ccc2nc(SCC(=O)N[C@@H](C)c3ccccc3)sc2c1	Signal transducer and activator of transcription 3	10000	"3CWG,6NJS,6NUQ,6TLC"
CCCC(C)Oc1ccc(C(=O)Nc2ccc3nc(SCC(=O)N[C@@H](C)c4ccccc4)sc3c2)c(F)c1	Signal transducer and activator of transcription 3	10000	"3CWG,6NJS,6NUQ,6TLC"
CCCC(C)Oc1ccc(C(=O)Nc2ccc3nc(SCC(=O)N[C@@H](C)c4ccccc4)sc3c2)c(F)c1F	Signal transducer and activator of transcription 3	10000	"3CWG,6NJS,6NUQ,6TLC"
C[C@H](N(C)S(=O)(=O)c1c(F)c(F)c(F)c(F)c1F)C(=O)N(Cc1ccc(cc1)C1CCCCC1)c1ccc(cc1)C(O)=O	Signal transducer and activator of transcription 3	10000	"3CWG,6NJS,6NUQ,6TLC"
CC[C@H](N(C)S(=O)(=O)c1c(F)c(F)c(F)c(F)c1F)C(=O)N(Cc1ccc(cc1)C1CCCCC1)c1ccc(C(O)=O)c(O)c1	Signal transducer and activator of transcription 3	10000	"3CWG,6NJS,6NUQ,6TLC"
C[C@@H](N(C)S(=O)(=O)c1c(F)c(F)c(F)c(F)c1F)C(=O)N(Cc1ccc(cc1)C1CCCCC1)c1cc2[nH]ncc2cc1F	Signal transducer and activator of transcription 3	10000	"3CWG,6NJS,6NUQ,6TLC"
OC(=O)c1ccc(cc1O)N(Cc1cnc(cn1)C1CCCCC1)C(=O)[C@H]1CCN1S(=O)(=O)c1c(F)c(F)cc(F)c1F	Signal transducer and activator of transcription 3	10000	"3CWG,6NJS,6NUQ,6TLC"
OC(=O)c1ccc(cc1O)N(Cc1ccc(cc1)C1CCCCC1)C(=O)[C@H]1CCCN1S(=O)(=O)c1c(F)cc(F)cc1F	Signal transducer and activator of transcription 3	10000	"3CWG,6NJS,6NUQ,6TLC"
Fc1cc(F)c(F)c(c1)S(=O)(=O)N1CCC[C@@H]1C(=O)N(Cc1ccc(cc1)C1CCCCC1)c1ccc(C(=O)OCc2ccccc2)c(OCc2ccccc2)c1	Signal transducer and activator of transcription 3	10000	"3CWG,6NJS,6NUQ,6TLC"
OC(=O)c1ccc(cc1O)N(Cc1ccc(cc1)C1CCCCC1)C(=O)[C@H]1CCCN1C(=O)c1c(F)c(F)c(F)c(F)c1F	Signal transducer and activator of transcription 3	10000	"3CWG,6NJS,6NUQ,6TLC"
OC(=O)c1ccc(cc1O)N(Cc1ccc(cc1)C1CCCCC1)C(=O)[C@H]1CCCN1Cc1c(F)c(F)c(F)c(F)c1F	Signal transducer and activator of transcription 3	10000	"3CWG,6NJS,6NUQ,6TLC"
Cc1cc(Nc2cc(-c3cnn(CCC#N)c3)c(Cl)cn2)sn1	Signal transducer and activator of transcription 3	10000	"6TLC,6NUQ,6NJS,3CWG"
Cc1cnc(NC2CCOCC2)nc1-c1cnn(CCC#N)c1	Signal transducer and activator of transcription 3	10000	"6TLC,6NUQ,6NJS,3CWG"
Cc1cnc(NCCN2CCOCC2)nc1-c1cnn(CCC#N)c1	Signal transducer and activator of transcription 3	10000	"6TLC,6NUQ,6NJS,3CWG"
[O-][N+](=O)c1ccc2C=CS(=O)(=O)c2c1	Signal transducer and activator of transcription 3	10000	"3CWG,6NJS,6NUQ,6TLC"
COc1cc(cc(OC)c1OC)C(Nc1ccccn1)c1cc2OCOc2cc1O	Signal transducer and activator of transcription 3	10000	"3CWG,6NJS,6NUQ,6TLC"
OC(=O)c1ccc(cc1O)N(Cc1ccc(cc1)C1CCCCC1)C(=O)CN(Cc1ccccc1OC(F)(F)F)S(=O)(=O)c1c(F)c(F)c(F)c(F)c1F	Signal transducer and activator of transcription 3	10200	"3CWG,6NJS,6NUQ,6TLC"
Cc1ccc(cc1)S(=O)(=O)N(CC(=O)N(Cc1ccc(cc1)C1CCCCC1)c1ccc(C(O)=O)c(O)c1)Cc1cccc(c1)C(F)(F)F	Signal transducer and activator of transcription 3	10200	"3CWG,6NJS,6NUQ,6TLC"
CC(C)n1cc2C[C@@H]3[C@H](C[C@@H](COC(=O)C4CCCC4)CN3C)c3cccc1c23	Signal transducer and activator of transcription 3	10270	"3CWG,6NJS,6NUQ,6TLC"
C\C(=N\O)c1ccc(NC(=O)CSc2nnc(-c3cc(nc4ccccc34)-c3ccccc3)n2CC=C)cc1	Signal transducer and activator of transcription 3	10300	"3CWG,6NJS,6NUQ,6TLC"
O=C(COc1cccc2C(=O)N(C3CCC(=O)NC3=O)C(=O)c12)NCCCCNC(=O)c1cc2c(o1)C(=O)c1ccccc1C2=O	Signal transducer and activator of transcription 3	10300	"3CWG,6NJS,6NUQ,6TLC"
Cc1cc2nc(Nc3nc(=O)c(C)c(C)[nH]3)nc(C)c2cc1C	Signal transducer and activator of transcription 3	10400	"3CWG,6NJS,6NUQ,6TLC"
Cc1ccc2c(C)nc(Nc3nc(=O)c(C)c(C)[nH]3)nc2c1	Signal transducer and activator of transcription 3	10500	"3CWG,6NJS,6NUQ,6TLC"
Cc1ccc(cc1)S(=O)(=O)N(CC(=O)N(Cc1ccc(cc1)C1CCCCC1)c1ccc(C(O)=O)c(O)c1)Cc1ccccc1F	Signal transducer and activator of transcription 3	10600	"3CWG,6NJS,6NUQ,6TLC"
C[C@@H](N(C)S(=O)(=O)c1c(F)c(F)c(F)c(F)c1F)C(=O)N(Cc1ccc(cc1)C1CCCCC1)c1ccc2C(=O)NCc2c1	Signal transducer and activator of transcription 3	10800	"3CWG,6NJS,6NUQ,6TLC"
O=C(NCCOCCOCCNc1cccc2C(=O)N(Cc12)C1CCC(=O)NC1=O)c1cc2c(o1)C(=O)c1ccccc1C2=O	Signal transducer and activator of transcription 3	10900	"3CWG,6NJS,6NUQ,6TLC"
Clc1ccc(s1)C1=Nn2c(SC1)nnc2-c1[nH]nc2CCCc12	Signal transducer and activator of transcription 3	11000	"3CWG,6NJS,6NUQ,6TLC"
OC(=O)c1ccc(cc1O)N(Cc1ccc(cc1)C1CCCCC1)C(=O)CN(Cc1ccccc1Cl)S(=O)(=O)c1c(F)c(F)c(F)c(F)c1F	Signal transducer and activator of transcription 3	11000	"3CWG,6NJS,6NUQ,6TLC"
Cc1ccc(cc1)S(=O)(=O)N(CC(=O)N(Cc1ccc(cc1)C1CCCCC1)c1ccc(C(O)=O)c(O)c1)Cc1ccc(F)cc1C(F)(F)F	Signal transducer and activator of transcription 3	11000	"3CWG,6NJS,6NUQ,6TLC"
Cc1ccc(cc1)S(=O)(=O)N(CC(=O)N(Cc1ccc(cc1)C1CCCCC1)c1ccc(C(O)=O)c(O)c1)Cc1ccc(cc1)[N+]([O-])=O	Signal transducer and activator of transcription 3	11000	"3CWG,6NJS,6NUQ,6TLC"
OC(=O)c1ccc(cc1O)N(Cc1ccc(cc1)C1CCCCC1)C(=O)CN(Cc1c(F)c(F)c(F)c(F)c1F)S(=O)(=O)c1c(F)c(F)c(F)c(F)c1F	Signal transducer and activator of transcription 3	11000	"3CWG,6NJS,6NUQ,6TLC"
Clc1ccc(s1)C1=Nn2c(SC1)nnc2-c1[nH]nc2CCCc12	Signal transducer and activator of transcription 3	11000	"3CWG,6NJS,6NUQ,6TLC"
Clc1ccc(s1)C1=Nn2c(SC1)nnc2-c1cc(n[nH]1)-c1ccccc1	Signal transducer and activator of transcription 3	11000	"3CWG,6NJS,6NUQ,6TLC"
Clc1ccc(s1)C1=Nn2c(SC1)nnc2-c1[nH]nc2CCCc12	Signal transducer and activator of transcription 3	11000	"3CWG,6NJS,6NUQ,6TLC"
Clc1ccc(cc1)-c1cc([nH]n1)-c1nnc2SC(CC(=O)N3CCCC3)C(=Nn12)c1ccccc1	Signal transducer and activator of transcription 3	11100	"3CWG,6NJS,6NUQ,6TLC"
COC(C[C@H](O)CCc1ccc(OC)c(OC)c1)\C=C\c1ccc(OC)c(OC)c1	Signal transducer and activator of transcription 3	11100	"3CWG,6NJS,6NUQ,6TLC"
Cc1cc(C)c2nc(Nc3nc(=O)cc([nH]3)-c3ccccc3)nc(C)c2c1	Signal transducer and activator of transcription 3	11200	"3CWG,6NJS,6NUQ,6TLC"
COc1ccc(cc1)C1=Nn2c(SC1C)nnc2-c1cc(n[nH]1)-c1ccc(Cl)cc1	Signal transducer and activator of transcription 3	11400	"3CWG,6NJS,6NUQ,6TLC"
COc1ccc(cc1)C1=Nn2c(SC1C)nnc2-c1cc(n[nH]1)-c1ccc(Cl)cc1	Signal transducer and activator of transcription 3	11400	"3CWG,6NJS,6NUQ,6TLC"
CC(C)C[C@H](NC(=O)\C=C\c1ccc(OP(O)(O)=O)cc1)C(=O)N1CCC[C@H]1C(N)=O	Signal transducer and activator of transcription 3	11400	"3CWG,6NJS,6NUQ,6TLC"
OC(=O)c1ccc(cc1O)N(Cc1ccc(cc1)C1CCCCC1)C(=O)CN(Cc1ccccc1C#N)S(=O)(=O)c1c(F)c(F)c(F)c(F)c1F	Signal transducer and activator of transcription 3	11400	"3CWG,6NJS,6NUQ,6TLC"
COc1ccc(cc1)C1=Nn2c(SC1C)nnc2-c1cc(n[nH]1)-c1ccc(Cl)cc1	Signal transducer and activator of transcription 3	11400	"3CWG,6NJS,6NUQ,6TLC"
COc1ccc(cc1)C1=Nn2c(SC1C)nnc2-c1cc(n[nH]1)-c1ccc(Cl)cc1	Signal transducer and activator of transcription 3	11400	"3CWG,6NJS,6NUQ,6TLC"
Cc1ncsc1-c1ccc(CNC(=O)[C@@H]2C[C@@H](O)CN2C(=O)[C@@H](NC(=O)COCCOCCNC(=O)c2cc3c(o2)C(=O)c2ccccc2C3=O)C(C)(C)C)cc1	Signal transducer and activator of transcription 3	11400	"3CWG,6NJS,6NUQ,6TLC"
COC(=O)c1ccc(CN(CC(=O)N(Cc2ccc(cc2)C2CCCCC2)c2ccc(C(O)=O)c(O)c2)S(=O)(=O)c2ccc(C)cc2)cc1	Signal transducer and activator of transcription 3	11600	"3CWG,6NJS,6NUQ,6TLC"
COC(=O)CC1Sc2nnc(-c3cc(n[nH]3)-c3ccccc3)n2N=C1c1ccc(OC)cc1	Signal transducer and activator of transcription 3	11600	"3CWG,6NJS,6NUQ,6TLC"
CN([C@@H](CN)C(=O)N(Cc1ccc(cc1)C1CCCCC1)c1ccc(C(O)=O)c(O)c1)S(=O)(=O)c1c(F)c(F)c(F)c(F)c1F	Signal transducer and activator of transcription 3	11600	"3CWG,6NJS,6NUQ,6TLC"
C[C@@H](N(C)S(=O)(=O)c1c(F)c(F)c(F)c(F)c1F)C(=O)N(Cc1ccc(cc1)C1CCOCC1)c1ccc(C([O-])=O)c(O)c1	Signal transducer and activator of transcription 3	11600	"3CWG,6NJS,6NUQ,6TLC"
CCOc1ccc2nc(Nc3nc(=O)c(C)c(C)[nH]3)nc(C)c2c1	Signal transducer and activator of transcription 3	11700	"3CWG,6NJS,6NUQ,6TLC"
COc1ccc(cc1)C1=Nn2c(SC1CCN)nnc2-c1cc(n[nH]1)-c1ccccc1	Signal transducer and activator of transcription 3	11700	"3CWG,6NJS,6NUQ,6TLC"
Cc1ccccc1CN(CC(=O)N(Cc1ccc(cc1)C1CCCCC1)c1ccc(C(O)=O)c(O)c1)S(=O)(=O)c1c(F)c(F)c(F)c(F)c1F	Signal transducer and activator of transcription 3	11800	"3CWG,6NJS,6NUQ,6TLC"
Cc1ccc(cc1)S(=O)(=O)N(CC(=O)N(Cc1ccc(cc1)C1CCCCC1)c1ccc(C(O)=O)c(O)c1)Cc1ccc(OC(F)(F)F)cc1	Signal transducer and activator of transcription 3	11800	"3CWG,6NJS,6NUQ,6TLC"
CO[C@H]1C[C@H]2[C@@H]([C@H](C)O1)[C@H](O[C@@H]1O[C@H](CO)[C@@H](O)[C@H](O[C@H]3C[C@H]4[C@@H]([C@H](C)O3)[C@H](O[C@@H]3O[C@H](C)[C@@H](O)[C@H](O)[C@H]3O)OC=C4C(=O)OC)[C@H]1O)OC=C2C(=O)OC	Signal transducer and activator of transcription 3	11900	"3CWG,6NJS,6NUQ,6TLC"
COC(=O)C1=CO[C@@H](O[C@@H]2O[C@H](CO[C@@H]3C[C@H]4[C@@H]([C@H](C)O3)[C@H](O[C@@H]3O[C@H](CO)[C@@H](O)[C@H](O)[C@H]3O)OC=C4C(=O)OC)[C@@H](O)[C@H](O)[C@H]2O)[C@@H]2[C@@H](C)[C@@H](O)C[C@H]12	Signal transducer and activator of transcription 3	12200	"3CWG,6NJS,6NUQ,6TLC"
CC(C)C1Sc2nnc(-c3cc(-c4ccccc4)n(C)n3)n2N=C1c1ccccc1	Signal transducer and activator of transcription 3	12200	"3CWG,6NJS,6NUQ,6TLC"
Cc1ccc(cc1)S(=O)(=O)N(CC(=O)N(Cc1ccc(cc1)C1CCCCC1)c1ccc(C(O)=O)c(O)c1)Cc1cccc(c1)C#N	Signal transducer and activator of transcription 3	12400	"3CWG,6NJS,6NUQ,6TLC"
Cc1ccc(cc1)S(=O)(=O)N(CC(=O)N(Cc1ccc(cc1)C1CCCCC1)c1ccc(C(O)=O)c(O)c1)Cc1cccc(N)c1	Signal transducer and activator of transcription 3	12400	"3CWG,6NJS,6NUQ,6TLC"
OC(=O)c1ccc(cc1O)N(Cc1ccc(cc1)C1CCCCC1)C(=O)CN(Cc1cc(F)c(F)c(F)c1F)S(=O)(=O)c1c(F)c(F)c(F)c(F)c1F	Signal transducer and activator of transcription 3	12400	"3CWG,6NJS,6NUQ,6TLC"
Oc1ccc(NS(=O)(=O)c2ccc3C(=O)c4ccccc4C(=O)c3c2)cc1	Signal transducer and activator of transcription 3	12500	"3CWG,6NJS,6NUQ,6TLC"
OC(=O)c1ccc(cc1O)N(Cc1ccc(cc1)C1CCCCC1)C(=O)CN(Cc1ccccc1C(F)(F)F)S(=O)(=O)c1c(F)c(F)c(F)c(F)c1F	Signal transducer and activator of transcription 3	12800	"3CWG,6NJS,6NUQ,6TLC"
CCCCCCCc1ccc(CN(C(=O)c2ccc(Oc3ccccc3)cc2)c2ccc(O)c(c2)C(O)=O)cc1	Signal transducer and activator of transcription 3	12800	"3CWG,6NJS,6NUQ,6TLC"
CN(C1(CC1)C(=O)N(Cc1ccc(cc1)C1CCCCC1)c1ccc(C(O)=O)c(O)c1)S(=O)(=O)c1c(F)c(F)c(F)c(F)c1F	Signal transducer and activator of transcription 3	12800	"3CWG,6NJS,6NUQ,6TLC"
CC(=O)c1nc(cc2c3ccccc3[nH]c12)C(=O)NCCc1c[nH]c2ccccc12	Signal transducer and activator of transcription 3	12860	"6TLC,6NUQ,6NJS,3CWG"
CN([C@@H](CO)C(=O)N(Cc1ccc(cc1)C1CCCCC1)c1ccc(C(O)=O)c(O)c1)S(=O)(=O)c1c(F)c(F)c(F)c(F)c1F	Signal transducer and activator of transcription 3	12900	"3CWG,6NJS,6NUQ,6TLC"
CO[C@H](C[C@@H](O)CCc1ccc(OC)c(OC)c1)\C=C\c1ccc(OC)c(OC)c1	Signal transducer and activator of transcription 3	12900	"3CWG,6NJS,6NUQ,6TLC"
Cc1nc(Nc2nc(=O)cc([nH]2)-c2ccccc2)nc2cc3OCOc3cc12	Signal transducer and activator of transcription 3	13000	"3CWG,6NJS,6NUQ,6TLC"
O=C(Nc1nc(N2CCOCC2)c2nc[nH]c2n1)c1ccccc1	Signal transducer and activator of transcription 3	13020	"3CWG,6NJS,6NUQ,6TLC"
COc1ccc(cc1)C1=Nn2c(SC1CC(C)C)nnc2-c1cc(n[nH]1)-c1ccccc1	Signal transducer and activator of transcription 3	13600	"3CWG,6NJS,6NUQ,6TLC"
OC(=O)c1ccc(cc1O)N(Cc1ccc(cc1)C1CCCCC1)C(=O)CN(Cc1ccc(Cl)cc1)S(=O)(=O)c1c(F)c(F)c(F)c(F)c1F	Signal transducer and activator of transcription 3	13800	"3CWG,6NJS,6NUQ,6TLC"
OC(=O)c1ccc(cc1)N1C(=O)\C(=C\c2ccc(cc2)[N+]([O-])=O)C=C1c1ccccc1	Signal transducer and activator of transcription 3	13800	"3CWG,6NJS,6NUQ,6TLC"
COC(=O)C1=CO[C@@H](O[C@@H]2O[C@H](CO)[C@@H](O)[C@H](O)[C@H]2O)[C@@H]2[C@@H](C)[C@@H](O)C[C@H]12	Signal transducer and activator of transcription 3	14000	"3CWG,6NJS,6NUQ,6TLC"
CC1Sc2nnc(-c3cc(n[nH]3)-c3ccccc3)n2N=C1c1ccc(C)cc1	Signal transducer and activator of transcription 3	14100	"3CWG,6NJS,6NUQ,6TLC"
CN([C@H](CCO)C(=O)N(Cc1ccc(cc1)C1CCCCC1)c1ccc(C(O)=O)c(O)c1)S(=O)(=O)c1c(F)c(F)c(F)c(F)c1F	Signal transducer and activator of transcription 3	14200	"3CWG,6NJS,6NUQ,6TLC"
C[C@@H](CC(=O)C=C(C)C)c1ccc(C)cc1	Signal transducer and activator of transcription 3	14210	"3CWG,6NJS,6NUQ,6TLC"
Cc1cc(C)c2nc(Nc3nc(=O)c(CC=C)c(C)[nH]3)nc(C)c2c1	Signal transducer and activator of transcription 3	14300	"3CWG,6NJS,6NUQ,6TLC"
COc1ccc(cc1)C1=Nn2c(SC1C)nnc2C(C)C	Signal transducer and activator of transcription 3	14330	"3CWG,6NJS,6NUQ,6TLC"
COc1ccc(cc1)C1=Nn2c(SC1C)nnc2C(C)C	Signal transducer and activator of transcription 3	14330	"3CWG,6NJS,6NUQ,6TLC"
Cc1ccc(CN(CC(=O)N(Cc2ccc(cc2)C2CCCCC2)c2ccc(C(O)=O)c(O)c2)S(=O)(=O)c2c(F)c(F)c(F)c(F)c2F)cc1	Signal transducer and activator of transcription 3	14400	"3CWG,6NJS,6NUQ,6TLC"
OC(=O)c1ccc(cc1O)N(Cc1ccc(cc1)C1CCCCC1)C(=O)CN(Cc1ccccc1)S(=O)(=O)c1c(F)c(F)c(F)c(F)c1F	Signal transducer and activator of transcription 3	14400	"3CWG,6NJS,6NUQ,6TLC"
Cc1ccc(cc1)S(=O)(=O)N(CC(=O)N(Cc1ccc(cc1)C1CCCCC1)c1ccc(C(O)=O)c(O)c1)Cc1ccccc1	Signal transducer and activator of transcription 3	14400	"3CWG,6NJS,6NUQ,6TLC"
Clc1ccc(cc1)-c1cc([nH]n1)-c1nnc2SCC(=Nn12)c1ccc(Cl)c(Cl)c1	Signal transducer and activator of transcription 3	14500	"3CWG,6NJS,6NUQ,6TLC"
Cc1cccc(CN(CC(=O)N(Cc2ccc(cc2)C2CCCCC2)c2ccc(C(O)=O)c(O)c2)S(=O)(=O)c2c(F)c(F)c(F)c(F)c2F)c1	Signal transducer and activator of transcription 3	14600	"3CWG,6NJS,6NUQ,6TLC"
OC(=O)c1cc(ccc1O)N(Cc1ccc(Cl)cc1)C(=O)CN(Cc1ccccc1)S(=O)(=O)c1ccc(cc1)-c1ccccc1	Signal transducer and activator of transcription 3	15000	"3CWG,6NJS,6NUQ,6TLC"
OC(=O)c1cc(ccc1O)N(Cc1ccc(cc1)C1CCCCC1)C(=O)c1ccc(Oc2ccccc2)cc1	Signal transducer and activator of transcription 3	15000	"3CWG,6NJS,6NUQ,6TLC"
COc1ccccc1C(=O)Nc1nc(N2CCOCC2)c2nc[nH]c2n1	Signal transducer and activator of transcription 3	15140	"3CWG,6NJS,6NUQ,6TLC"
O=C(NCCNc1cccc2C(=O)N(C3CCC(=O)NC3=O)C(=O)c12)c1cc2c(o1)C(=O)c1ccccc1C2=O	Signal transducer and activator of transcription 3	15300	"3CWG,6NJS,6NUQ,6TLC"
Cc1ccc(cc1)S(=O)(=O)N(CC(=O)N(Cc1ccc(cc1)C1CCCCC1)c1ccc(C(O)=O)c(O)c1)Cc1c(F)cc(F)c(F)c1F	Signal transducer and activator of transcription 3	15400	"3CWG,6NJS,6NUQ,6TLC"
Clc1ccc(cc1Cl)C1=Nn2c(SC1)nnc2-c1[nH]nc2CCCCc12	Signal transducer and activator of transcription 3	15500	"3CWG,6NJS,6NUQ,6TLC"
CCOC(=O)CC1Sc2nnc(-c3cc(n[nH]3)-c3ccccc3)n2N=C1c1ccc(OC)cc1	Signal transducer and activator of transcription 3	15500	"3CWG,6NJS,6NUQ,6TLC"
COc1cc(\C=C\C(=O)CC(=O)\C=C\c2cc(F)c(O)c(OC)c2)cc(F)c1O	Signal transducer and activator of transcription 3	15600	"3CWG,6NJS,6NUQ,6TLC"
C\C(=N\O)c1ccc(NC(=O)CSc2nnc(-c3cc(nc4ccccc34)-c3ccc(Cl)cc3)n2CC=C)cc1	Signal transducer and activator of transcription 3	15600	"3CWG,6NJS,6NUQ,6TLC"
CCOc1ccc2nc(NC3=NC(C)=CC(C)(C)N3)nc(C)c2c1	Signal transducer and activator of transcription 3	15700	"3CWG,6NJS,6NUQ,6TLC"
Cc1ccc(cc1)S(=O)(=O)N(CC(=O)N(Cc1ccc(cc1)C1CCCCC1)c1ccc(C(O)=O)c(O)c1)Cc1ccccc1Cl	Signal transducer and activator of transcription 3	15800	"3CWG,6NJS,6NUQ,6TLC"
Cc1ccc(cc1)S(=O)(=O)N(CC(=O)N(Cc1ccc(cc1)C1CCCCC1)c1ccc(C(O)=O)c(O)c1)C(=O)OC(C)(C)C	Signal transducer and activator of transcription 3	15800	"3CWG,6NJS,6NUQ,6TLC"
CC(C)[C@@]12CC[C@@](C)(O1)[C@@H](O)CC\C(C)=C\CC\C(C)=C\C2	Signal transducer and activator of transcription 3	15840	"3CWG,6NJS,6NUQ,6TLC"
CC1Sc2nnc(-c3cc(n[nH]3)-c3ccc(Cl)cc3)n2N=C1c1ccc(Cl)c(Cl)c1	Signal transducer and activator of transcription 3	16000	"3CWG,6NJS,6NUQ,6TLC"
CN1CCN(CC1)c1cc2n(C3CC3)c(nc2cc1Nc1nnc(s1)-c1ccc(cc1)C(F)(F)F)-c1ccc(F)cc1	Signal transducer and activator of transcription 3	16000	"6TLC,6NUQ,6NJS,3CWG"
COc1cc(\C=C\c2cc(\C=C\c3ccc(O)c(OC)c3)[nH]n2)ccc1O	Signal transducer and activator of transcription 3	16200	"3CWG,6NJS,6NUQ,6TLC"
Cc1c(F)c(F)c(F)c(c1F)S(=O)(=O)N1CC[C@@H]1C(=O)N(Cc1cnc(cn1)C1CCCCC1)c1ccc(C(O)=O)c(O)c1	Signal transducer and activator of transcription 3	16280	"3CWG,6NJS,6NUQ,6TLC"
OC(=O)c1ccc(cc1O)N(Cc1ccc(cc1)C1CCCCC1)C(=O)CN(Cc1c(F)c(F)cc(F)c1F)S(=O)(=O)c1c(F)c(F)c(F)c(F)c1F	Signal transducer and activator of transcription 3	16600	"3CWG,6NJS,6NUQ,6TLC"
CC(C)CN(CC(=O)N(Cc1ccc(cc1)C1CCCCC1)c1ccc(C(O)=O)c(O)c1)S(=O)(=O)c1ccc(C)cc1	Signal transducer and activator of transcription 3	17000	"3CWG,6NJS,6NUQ,6TLC"
CC(C)Cc1ccc(CN(C(=O)CN(Cc2ccccc2)S(=O)(=O)c2ccc(cc2)-c2ccccc2)c2ccc(O)c(c2)C(O)=O)cc1	Signal transducer and activator of transcription 3	17000	"3CWG,6NJS,6NUQ,6TLC"
C\C(=N\O)c1ccc(NC(=O)CSc2nnc(-c3cc(nc4ccccc34)-c3ccc(Cl)cc3)n2CC=C)cc1	Signal transducer and activator of transcription 3	17000	"3CWG,6NJS,6NUQ,6TLC"
COc1ccc(cc1)C1=Nn2c(SC1)nnc2-c1[nH]nc2CCCCc12	Signal transducer and activator of transcription 3	17010	"3CWG,6NJS,6NUQ,6TLC"
COc1ccc(cc1)C1=Nn2c(SC1)nnc2-c1[nH]nc2CCCCc12	Signal transducer and activator of transcription 3	17010	"3CWG,6NJS,6NUQ,6TLC"
C[C@@H]1O[C@@H](OC[C@H]2O[C@@H](O[C@@](C)(C\C=C\C(C)(C)O)[C@H]3CC[C@]4(C)[C@@H]3[C@H](O)C[C@@H]3[C@@]5(C)C[C@@H](O)[C@H](O[C@@H]6O[C@H](CO)[C@@H](O)[C@H](O)[C@H]6O)C(C)(C)[C@@H]5CC[C@@]43C)[C@H](O)[C@@H](O)[C@@H]2O)[C@H](O)[C@H](O)[C@H]1O	Signal transducer and activator of transcription 3	17100	"3CWG,6NJS,6NUQ,6TLC"
COc1ccc(cc1)C1=Nn2c(S[C@H]1C)nnc2-c1cc(n[nH]1)-c1ccc(Cl)cc1	Signal transducer and activator of transcription 3	17300	"3CWG,6NJS,6NUQ,6TLC"
COC(=O)c1ccccc1CN(CC(=O)N(Cc1ccc(cc1)C1CCCCC1)c1ccc(C(O)=O)c(O)c1)S(=O)(=O)c1c(F)c(F)c(F)c(F)c1F	Signal transducer and activator of transcription 3	17400	"3CWG,6NJS,6NUQ,6TLC"
CC(C)\C=C\C[C@](C)(O[C@@H]1O[C@H](CO[C@@H]2O[C@@H](C)[C@H](O)[C@@H](O)[C@H]2O)[C@@H](O)[C@H](O)[C@H]1O)[C@H]1CC[C@]2(C)[C@@H]1[C@H](O)C[C@@H]1[C@@]3(C)C[C@@H](O)[C@H](O[C@@H]4O[C@H](CO)[C@@H](O)[C@H](O)[C@H]4O)C(C)(C)[C@@H]3CC[C@@]21C	Signal transducer and activator of transcription 3	17600	"3CWG,6NJS,6NUQ,6TLC"
OC(=O)c1ccc(cc1O)N(Cc1ccc(cc1)C1CCCCC1)C(=O)CN(Cc1ccc(F)cc1)S(=O)(=O)c1c(F)c(F)c(F)c(F)c1F	Signal transducer and activator of transcription 3	17600	"3CWG,6NJS,6NUQ,6TLC"
OC(=O)c1ccc(cc1O)N(Cc1ccc(cc1)C1CCCCC1)C(=O)CN(Cc1c(F)cc(F)c(F)c1F)S(=O)(=O)c1c(F)c(F)c(F)c(F)c1F	Signal transducer and activator of transcription 3	17600	"3CWG,6NJS,6NUQ,6TLC"
C[C@@H](O)[C@H](N(C)S(=O)(=O)c1c(F)c(F)c(F)c(F)c1F)C(=O)N(Cc1ccc(cc1)C1CCCCC1)c1ccc(C(O)=O)c(O)c1	Signal transducer and activator of transcription 3	17600	"3CWG,6NJS,6NUQ,6TLC"
OC(=O)c1ccc(cc1O)N(Cc1ccc(cc1)C1CCCCC1)C(=O)CN(Cc1cccc(OC(F)(F)F)c1)S(=O)(=O)c1c(F)c(F)c(F)c(F)c1F	Signal transducer and activator of transcription 3	17800	"3CWG,6NJS,6NUQ,6TLC"
OC(=O)c1ccc(cc1O)N(Cc1ccc(cc1)C1CCCCC1)C(=O)CN(Cc1cccc(F)c1)S(=O)(=O)c1c(F)c(F)c(F)c(F)c1F	Signal transducer and activator of transcription 3	17800	"3CWG,6NJS,6NUQ,6TLC"
CCCN(CC(=O)N(Cc1ccc(cc1)C1CCCCC1)c1ccc(C(O)=O)c(O)c1)S(=O)(=O)c1ccc(C)cc1	Signal transducer and activator of transcription 3	17800	"3CWG,6NJS,6NUQ,6TLC"
COc1ccc(cc1)C1=Nn2c(SC1)nnc2-c1[nH]nc2CCCc12	Signal transducer and activator of transcription 3	17900	"3CWG,6NJS,6NUQ,6TLC"
COc1ccc(cc1)C1=Nn2c(SC1)nnc2-c1[nH]nc2CCCc12	Signal transducer and activator of transcription 3	17900	"3CWG,6NJS,6NUQ,6TLC"
COc1ccc(cc1)C1=Nn2c(SC1)nnc2-c1cc(n[nH]1)-c1ccccc1	Signal transducer and activator of transcription 3	17900	"3CWG,6NJS,6NUQ,6TLC"
COC(=O)CC1Sc2nnc(-c3cc(n[nH]3)-c3ccccc3)n2N=C1c1ccccc1	Signal transducer and activator of transcription 3	17900	"3CWG,6NJS,6NUQ,6TLC"
COc1ccc(cc1)C1=Nn2c(SC1)nnc2-c1[nH]nc2CCCc12	Signal transducer and activator of transcription 3	17900	"3CWG,6NJS,6NUQ,6TLC"
COc1ccc(cc1)C1=Nn2c(SC1)nnc2-c1cc(n[nH]1)-c1ccccc1	Signal transducer and activator of transcription 3	17900	"3CWG,6NJS,6NUQ,6TLC"
CCN1C(=S)S\C(=C/c2ccc(o2)-c2ccc(cc2)C(O)=O)C1=O	Signal transducer and activator of transcription 3	18000	"3CWG,6NJS,6NUQ,6TLC"
COc1cc(\C=C\c2cc([nH]n2)-c2ccc(O)c(OC)c2)ccc1O	Signal transducer and activator of transcription 3	18200	"3CWG,6NJS,6NUQ,6TLC"
OC(=O)c1ccc(cc1O)N(Cc1ccc(cc1)C1CCCCC1)C(=O)CN(Cc1cccc(Cl)c1)S(=O)(=O)c1c(F)c(F)c(F)c(F)c1F	Signal transducer and activator of transcription 3	18200	"3CWG,6NJS,6NUQ,6TLC"
CC1Sc2nnc(-c3[nH]nc4CCCc34)n2N=C1c1ccccc1	Signal transducer and activator of transcription 3	18200	"3CWG,6NJS,6NUQ,6TLC"
C[C@@H](N(C)S(=O)(=O)c1c(F)c(F)c(F)c(F)c1F)C(=O)N(Cc1ccc(cc1)C1CCCCC1)c1ccc2cn[nH]c2c1	Signal transducer and activator of transcription 3	18200	"3CWG,6NJS,6NUQ,6TLC"
COC(=O)c1cccc(CN(CC(=O)N(Cc2ccc(cc2)C2CCCCC2)c2ccc(C(O)=O)c(O)c2)S(=O)(=O)c2ccc(C)cc2)c1	Signal transducer and activator of transcription 3	18400	"3CWG,6NJS,6NUQ,6TLC"
CC1(C)Sc2nnc(-c3[nH]nc4CCCc34)n2N=C1c1ccc(Cl)c(Cl)c1	Signal transducer and activator of transcription 3	18600	"3CWG,6NJS,6NUQ,6TLC"
CC1(C)Sc2nnc(-c3[nH]nc4CCCc34)n2N=C1c1ccc(Cl)c(Cl)c1	Signal transducer and activator of transcription 3	18600	"3CWG,6NJS,6NUQ,6TLC"
CC1(C)Sc2nnc(-c3[nH]nc4CCCc34)n2N=C1c1ccc(Cl)c(Cl)c1	Signal transducer and activator of transcription 3	18600	"3CWG,6NJS,6NUQ,6TLC"
CC1Sc2nnc(-c3[nH]nc4CCCc34)n2N=C1c1ccc(Br)cc1	Signal transducer and activator of transcription 3	18600	"3CWG,6NJS,6NUQ,6TLC"
COc1ccc(cc1)C1=Nn2c(SC1C)nnc2-c1cc(n[nH]1)-c1ccccc1	Signal transducer and activator of transcription 3	18600	"3CWG,6NJS,6NUQ,6TLC"
OP(O)(=O)Cc1cccc(c1)N(Cc1ccc(cc1)C1CCCCC1)C(=O)c1ccc(Oc2ccccc2)cc1	Signal transducer and activator of transcription 3	18900	"3CWG,6NJS,6NUQ,6TLC"
CCc1ccc(Nc2nc3cc(N)ccc3o2)cc1	Signal transducer and activator of transcription 3	18900	"3CWG,6NJS,6NUQ,6TLC"
CCCCCCCc1ccc(CN(C(=O)CN(Cc2ccccc2)S(=O)(=O)c2ccc(cc2)-c2ccccc2)c2ccc(O)c(c2)C(O)=O)cc1	Signal transducer and activator of transcription 3	19000	"3CWG,6NJS,6NUQ,6TLC"
Cc1ccc2c(C)nc(Nc3nc(=O)cc(C)[nH]3)nc2c1	Signal transducer and activator of transcription 3	19100	"3CWG,6NJS,6NUQ,6TLC"
C[C@@H]1O[C@@H](OC[C@H]2O[C@@H](O[C@@](C)(CCC(=O)C(C)=C)[C@H]3CC[C@]4(C)[C@@H]3[C@H](O)C[C@@H]3[C@@]5(C)C[C@@H](O)[C@H](O[C@@H]6O[C@H](CO)[C@@H](O)[C@H](O)[C@H]6O[C@@H]6O[C@H](CO)[C@@H](O)[C@H](O)[C@H]6O)C(C)(C)[C@@H]5CC[C@@]43C)[C@H](O)[C@@H](O)[C@@H]2O)[C@H](O)[C@H](O)[C@H]1O	Signal transducer and activator of transcription 3	19200	"3CWG,6NJS,6NUQ,6TLC"
CCCC[C@H](NC(=O)[C@H](C)NC(=O)[C@@H]1Cc2cccc3CC[C@H](NC(=O)\C=C\c4ccc(OP(O)(O)=O)cc4)C(=O)N1c23)C(N)=O	Signal transducer and activator of transcription 3	19200	"3CWG,6NJS,6NUQ,6TLC"
COc1cc(C=CC(=O)CC(=O)C=Cc2ccc(O)c(OC)c2)ccc1O	Signal transducer and activator of transcription 3	19250	"3CWG,6NJS,6NUQ,6TLC"
COc1cc(C=CC(=O)CC(=O)C=Cc2ccc(O)c(OC)c2)ccc1O	Signal transducer and activator of transcription 3	19250	"3CWG,6NJS,6NUQ,6TLC"
COc1cc(\C=C\C(=O)\C=C\c2cc(F)c(O)c(OC)c2)cc(F)c1O	Signal transducer and activator of transcription 3	19400	"3CWG,6NJS,6NUQ,6TLC"
CO[C@@H]1C[C@H]2[C@@H]([C@H](C)O1)[C@H](O[C@@H]1O[C@H](CO)[C@@H](O)[C@H](O)[C@H]1O[C@@H]1C[C@H]3[C@@H]([C@H](C)O1)[C@H](O[C@@H]1O[C@H](CO)[C@@H](O)[C@H](O)[C@H]1O)OC=C3C(=O)OC)OC=C2C(=O)OC	Signal transducer and activator of transcription 3	19400	"3CWG,6NJS,6NUQ,6TLC"
COc1ccc(cc1)C1=Nn2c(SC1Cc1ccccc1)nnc2-c1[nH]nc2CCCc12	Signal transducer and activator of transcription 3	19500	"3CWG,6NJS,6NUQ,6TLC"
C[C@H](O)[C@@H](N(C)S(=O)(=O)c1c(F)c(F)c(F)c(F)c1F)C(=O)N(Cc1ccc(cc1)C1CCCCC1)c1ccc(C(O)=O)c(O)c1	Signal transducer and activator of transcription 3	19600	"3CWG,6NJS,6NUQ,6TLC"
OC(=O)c1ccc(cc1O)N(Cc1ccc(cc1)C1CCCCC1)C(=O)CN(Cc1cccc(c1)C#N)S(=O)(=O)c1c(F)c(F)c(F)c(F)c1F	Signal transducer and activator of transcription 3	19800	"3CWG,6NJS,6NUQ,6TLC"
COc1ccc(CC[C@H](O)C[C@@H](O)\C=C\c2ccc(OC)c(OC)c2)cc1OC	Signal transducer and activator of transcription 3	19900	"3CWG,6NJS,6NUQ,6TLC"
COc1ccc(cc1)C1=Nn2c(SC1CCN)nnc2-c1cc(n[nH]1)-c1ccccc1	Signal transducer and activator of transcription 3	20000	"3CWG,6NJS,6NUQ,6TLC"
OC(=O)CSc1cc(NS(=O)(=O)c2ccc(cc2)C(O)=O)c2ccccc2c1O	Signal transducer and activator of transcription 3	20000	"3CWG,6NJS,6NUQ,6TLC"
CC(C)Cc1ccc(CN(C(=O)CN(C)S(=O)(=O)c2ccc(cc2)-c2ccc(Cl)cc2)c2ccc(O)c(c2)C(O)=O)cc1	Signal transducer and activator of transcription 3	20000	"3CWG,6NJS,6NUQ,6TLC"
COc1ccc(cc1)C1=Nn2c(SC1CCN)nnc2-c1cc(n[nH]1)-c1ccccc1	Signal transducer and activator of transcription 3	20000	"3CWG,6NJS,6NUQ,6TLC"
COc1ccc(cc1)C1=Nn2c(SC1N(C)C)nnc2-c1cc(n[nH]1)-c1ccccc1	Signal transducer and activator of transcription 3	20000	"3CWG,6NJS,6NUQ,6TLC"
CN([C@@H](CCO)C(=O)N(Cc1ccc(cc1)C1CCCCC1)c1ccc(C(O)=O)c(O)c1)S(=O)(=O)c1c(F)c(F)c(F)c(F)c1F	Signal transducer and activator of transcription 3	20000	"3CWG,6NJS,6NUQ,6TLC"
OC(=O)CSc1cc(NS(=O)(=O)c2ccc(cc2)C(O)=O)c2ccccc2c1O	Signal transducer and activator of transcription 3	20000	"3CWG,6NJS,6NUQ,6TLC"
OC(=O)c1ccc(cc1)N1C(=O)\C(=C\c2ccc(cc2)[N+]([O-])=O)C=C1c1ccccc1	Signal transducer and activator of transcription 3	20000	"3CWG,6NJS,6NUQ,6TLC"
CCCN(CC(=O)N(Cc1ccc(cc1)C1CCCCC1)c1ccc(C(O)=O)c(O)c1)S(=O)(=O)c1c(F)c(F)c(F)c(F)c1F	Signal transducer and activator of transcription 3	20600	"3CWG,6NJS,6NUQ,6TLC"
CCOc1ccc2c(C)nc(NC3=NC(C)=CC(C)(C)N3)nc2c1	Signal transducer and activator of transcription 3	20700	"3CWG,6NJS,6NUQ,6TLC"
Cc1ccc(cc1)S(=O)(=O)N(CC(=O)N(Cc1ccc(cc1)C1CCCCC1)c1ccc(C(O)=O)c(O)c1)Cc1ccc(N)cc1	Signal transducer and activator of transcription 3	20800	"3CWG,6NJS,6NUQ,6TLC"
Clc1cccc(c1)C1=Nn2c(SC1)nnc2-c1[nH]nc2CCCc12	Signal transducer and activator of transcription 3	21200	"3CWG,6NJS,6NUQ,6TLC"
C1Cc2n[nH]c(c2C1)-c1nnc2SCC(=Nn12)c1ccccc1	Signal transducer and activator of transcription 3	21200	"3CWG,6NJS,6NUQ,6TLC"
Clc1cccc(c1)C1=Nn2c(SC1)nnc2-c1[nH]nc2CCCc12	Signal transducer and activator of transcription 3	21200	"3CWG,6NJS,6NUQ,6TLC"
Clc1cccc(c1)C1=Nn2c(SC1)nnc2-c1cc(n[nH]1)-c1ccccc1	Signal transducer and activator of transcription 3	21200	"3CWG,6NJS,6NUQ,6TLC"
C1Cc2n[nH]c(c2C1)-c1nnc2SCC(=Nn12)c1ccccc1	Signal transducer and activator of transcription 3	21200	"3CWG,6NJS,6NUQ,6TLC"
C1Sc2nnc(-c3cc(n[nH]3)-c3ccccc3)n2N=C1c1ccccc1	Signal transducer and activator of transcription 3	21200	"3CWG,6NJS,6NUQ,6TLC"
Clc1cccc(c1)C1=Nn2c(SC1)nnc2-c1[nH]nc2CCCc12	Signal transducer and activator of transcription 3	21200	"3CWG,6NJS,6NUQ,6TLC"
C1Cc2n[nH]c(c2C1)-c1nnc2SCC(=Nn12)c1ccccc1	Signal transducer and activator of transcription 3	21200	"3CWG,6NJS,6NUQ,6TLC"
OC(=O)c1ccc(cc1)N1C(=O)\C(=C\c2ccc(cc2)[N+]([O-])=O)C=C1c1ccccc1	Signal transducer and activator of transcription 3	21300	"3CWG,6NJS,6NUQ,6TLC"
Clc1ccc(cc1)C1=Nn2c(SC1)nnc2-c1[nH]nc2CCCCc12	Signal transducer and activator of transcription 3	21340	"3CWG,6NJS,6NUQ,6TLC"
Clc1ccc(cc1)C1=Nn2c(SC1)nnc2-c1[nH]nc2CCCCc12	Signal transducer and activator of transcription 3	21340	"3CWG,6NJS,6NUQ,6TLC"
C\C(=N\O)c1ccc(NC(=O)CSc2nnc(-c3cc(nc4ccccc34)-c3ccc(Cl)cc3)n2CC=C)cc1	Signal transducer and activator of transcription 3	21400	"3CWG,6NJS,6NUQ,6TLC"
COc1cc(\C=C\C(=O)CC(=O)CC(O)c2ccc(O)c(OC)c2)ccc1O	Signal transducer and activator of transcription 3	21500	"3CWG,6NJS,6NUQ,6TLC"
OC(=O)c1ccc(cc1O)N(Cc1ccc(cc1)C1CCCCC1)C(=O)CN(Cc1ccc(OC(F)(F)F)cc1)S(=O)(=O)c1c(F)c(F)c(F)c(F)c1F	Signal transducer and activator of transcription 3	21600	"3CWG,6NJS,6NUQ,6TLC"
COc1ccc(cc1)C1=Nn2c(SC1C(C)C)nnc2-c1cc(n[nH]1)-c1ccccc1	Signal transducer and activator of transcription 3	21600	"3CWG,6NJS,6NUQ,6TLC"
OC(=O)c1ccc(cc1O)N(Cc1ccc(cc1)C1CCCCC1)C(=O)CN(Cc1ccc2ccccc2c1)S(=O)(=O)c1c(F)c(F)c(F)c(F)c1F	Signal transducer and activator of transcription 3	21800	"3CWG,6NJS,6NUQ,6TLC"
CO[C@H]1C[C@H]2[C@@H]([C@H](C)O1)[C@H](O[C@@H]1O[C@H](CO)[C@@H](O)[C@H](O)[C@H]1O[C@@H]1C[C@H]3[C@@H]([C@H](C)O1)[C@H](O[C@@H]1O[C@H](CO)[C@@H](O)[C@H](O)[C@H]1O)OC=C3C(=O)OC)OC=C2C(=O)OC	Signal transducer and activator of transcription 3	21900	"3CWG,6NJS,6NUQ,6TLC"
OC(=O)c1ccc(cc1O)N(Cc1ccc(cc1)C1CCCCC1)C(=O)[C@H]1CCN1S(=O)(=O)c1ccc(F)c(c1)C#N	Signal transducer and activator of transcription 3	21900	"3CWG,6NJS,6NUQ,6TLC"
OC(=O)c1ccc(cc1O)N(Cc1ccc(cc1)C1CCCCC1)C(=O)CN(Cc1ccc(cc1)C(F)(F)F)S(=O)(=O)c1c(F)c(F)c(F)c(F)c1F	Signal transducer and activator of transcription 3	22000	"3CWG,6NJS,6NUQ,6TLC"
COc1ccc(CN(C(=O)CN(Cc2ccccc2)S(=O)(=O)c2ccc(cc2)-c2ccccc2)c2ccc(O)c(c2)C(O)=O)cc1	Signal transducer and activator of transcription 3	22000	"3CWG,6NJS,6NUQ,6TLC"
CCCCCCCc1ccc(CN(C(=O)CN(C)S(=O)(=O)c2ccc(cc2)-c2ccccc2)c2ccc(O)c(c2)C(O)=O)cc1	Signal transducer and activator of transcription 3	22000	"3CWG,6NJS,6NUQ,6TLC"
Cc1ccc(cc1)S(=O)(=O)N(CC(=O)N(Cc1ccc(cc1)C1CCCCC1)c1ccc(C(O)=O)c(O)c1)Cc1cc(F)c(F)c(F)c1F	Signal transducer and activator of transcription 3	22200	"3CWG,6NJS,6NUQ,6TLC"
OC(=O)c1cc(ccc1O)N(Cc1ccccc1)C(=O)CN(Cc1ccccc1)S(=O)(=O)c1ccc(cc1)-c1ccccc1	Signal transducer and activator of transcription 3	22200	"3CWG,6NJS,6NUQ,6TLC"
COc1cc(\C=C\C(=O)\C=C\c2cc(CC=C(C)C)c(O)c(OC)c2)cc(CC=C(C)C)c1O	Signal transducer and activator of transcription 3	22400	"3CWG,6NJS,6NUQ,6TLC"
CC1Sc2nnc(-c3[nH]nc4CCCCc34)n2N=C1c1ccccc1	Signal transducer and activator of transcription 3	22400	"3CWG,6NJS,6NUQ,6TLC"
CN(C1(CC1)C(=O)N(Cc1ccc(cc1)C1CCCCC1)c1ccc(c(O)c1)C(C)(C)O)S(=O)(=O)c1c(F)c(F)c(F)c(F)c1F	Signal transducer and activator of transcription 3	22400	"3CWG,6NJS,6NUQ,6TLC"
Cc1ccc(cc1)S(=O)(=O)N(CC(=O)N(Cc1ccc(cc1)C1CCCCC1)c1ccc(C(O)=O)c(O)c1)Cc1ccccc1C#N	Signal transducer and activator of transcription 3	22600	"3CWG,6NJS,6NUQ,6TLC"
Clc1ccc(cc1Cl)C1=Nn2c(SC1Cc1ccccc1)nnc2-c1cc(n[nH]1)-c1ccccc1	Signal transducer and activator of transcription 3	22600	"3CWG,6NJS,6NUQ,6TLC"
CC1Sc2nnc(-c3nn(C(C)=O)c4CCCc34)n2N=C1c1ccc(Cl)c(Cl)c1	Signal transducer and activator of transcription 3	22700	"3CWG,6NJS,6NUQ,6TLC"
Cc1ccc(cc1)S(=O)(=O)N(CC(=O)N(Cc1ccc(cc1)C1CCCCC1)c1ccc(C(O)=O)c(O)c1)Cc1c(F)c(F)cc(F)c1F	Signal transducer and activator of transcription 3	22800	"3CWG,6NJS,6NUQ,6TLC"
COC(=O)C1=CO[C@@H](O[C@@H]2O[C@H](CO)[C@@H](O)[C@H](O)[C@H]2O)[C@@H]2[C@H](C)[C@@H](O)C[C@H]12	Signal transducer and activator of transcription 3	22900	"3CWG,6NJS,6NUQ,6TLC"
CCCCCCCc1ccc(CN(C(=O)CN(C)S(=O)(=O)c2ccc(cc2)-c2ccc(F)cc2)c2ccc(O)c(c2)C(O)=O)cc1	Signal transducer and activator of transcription 3	23000	"3CWG,6NJS,6NUQ,6TLC"
CN([C@H](CO)C(=O)N(Cc1ccc(cc1)C1CCCCC1)c1ccc(cc1)C(=O)NO)S(=O)(=O)c1c(F)c(F)c(F)c(F)c1F	Signal transducer and activator of transcription 3	23100	"3CWG,6NJS,6NUQ,6TLC"
OC(=O)c1cc(ccc1O)N(Cc1ccc(cc1)C1CCCCC1)C(=O)CN(Cc1ccccc1)S(=O)(=O)c1ccc(cc1)-c1ccccc1	Signal transducer and activator of transcription 3	23300	"3CWG,6NJS,6NUQ,6TLC"
O=C(Nc1nc(N2CCOCC2)c2nc[nH]c2n1)C1CCCCC1	Signal transducer and activator of transcription 3	23980	"3CWG,6NJS,6NUQ,6TLC"
Cc1ccc(cc1)S(=O)(=O)N(CC(=O)N(Cc1ccc(cc1)C1CCCCC1)c1ccc(C(O)=O)c(O)c1)Cc1ccccc1N	Signal transducer and activator of transcription 3	24000	"3CWG,6NJS,6NUQ,6TLC"
CCC1Sc2nnc(-c3[nH]nc4CCCc34)n2N=C1c1ccc(OC)cc1	Signal transducer and activator of transcription 3	24000	"3CWG,6NJS,6NUQ,6TLC"
CC1Sc2nnc(-c3cc(n[nH]3)-c3ccccc3)n2N=C1c1ccc(OC(F)(F)F)cc1	Signal transducer and activator of transcription 3	24200	"3CWG,6NJS,6NUQ,6TLC"
NS(=O)(=O)c1ccc(NCc2cc(Cl)ccc2OCc2ccccc2)cc1	Signal transducer and activator of transcription 3	24320	"3CWG,6NJS,6NUQ,6TLC"
CC1Sc2nnc(-c3[nH]nc4CCCc34)n2N=C1c1ccc(cc1)C(F)(F)F	Signal transducer and activator of transcription 3	24400	"3CWG,6NJS,6NUQ,6TLC"
CN(CC(=O)N(Cc1ccc(cc1)C1CCCCC1)c1ccc(C(O)=O)c(O)c1)S(=O)(=O)c1cccc2cccnc12	Signal transducer and activator of transcription 3	24600	"3CWG,6NJS,6NUQ,6TLC"
Cc1cc(=O)nc(Nc2nc(C)c3cc(C)c(C)cc3n2)[nH]1	Signal transducer and activator of transcription 3	24700	"3CWG,6NJS,6NUQ,6TLC"
C[C@@H](O)[C@H](NC(=O)[C@H](CCC(N)=O)NC(=O)[C@H]1CC[C@H]2CC[C@H](NC(=O)[C@H](Cc3ccc(OP(O)(O)=O)cc3)NC(C)=O)C(=O)N12)C(N)=O	Signal transducer and activator of transcription 3	24700	"3CWG,6NJS,6NUQ,6TLC"
Oc1ccc(cc1)-c1coc2cc(O)cc(O)c2c1=O	Signal transducer and activator of transcription 3	24800	"3CWG,6NJS,6NUQ,6TLC"
CO[C@H]1C[C@H]2[C@@H]([C@H](C)O1)[C@H](O[C@@H]1O[C@H](CO)[C@@H](O)[C@H](O)[C@H]1O)OC=C2C(=O)OC	Signal transducer and activator of transcription 3	24800	"3CWG,6NJS,6NUQ,6TLC"
CCCCCCNC(=O)c1nc(sc1Cc1ccc(OP(O)(O)=O)cc1)-c1cccc2ccccc12	Signal transducer and activator of transcription 3	25000	"6TLC,6NUQ,6NJS,3CWG"
COC(=O)[C@]12CCC(C)(C)C[C@H]1C1=CC[C@@H]3[C@@]4(C)C=C(I)C(=O)C(C)(C)[C@@H]4CC[C@@]3(C)[C@]1(C)CC2	Signal transducer and activator of transcription 3	20000	"3CWG,6NJS,6NUQ,6TLC"
COC(=O)[C@]12CCC(C)(C)C[C@H]1C1=CC[C@@H]3[C@@]4(C)C=C(C(=O)C(C)(C)[C@@H]4CC[C@@]3(C)[C@]1(C)CC2)c1ccc(cc1)C#N	Signal transducer and activator of transcription 3	20000	"3CWG,6NJS,6NUQ,6TLC"
COC(=O)[C@]12CCC(C)(C)C[C@H]1C1=CC[C@@H]3[C@@]4(C)Cc5cnoc5C(C)(C)[C@@H]4CC[C@@]3(C)[C@]1(C)CC2	Signal transducer and activator of transcription 3	20000	"3CWG,6NJS,6NUQ,6TLC"
COC(=O)[C@]12CCC(C)(C)C[C@H]1C1=CC[C@@H]3[C@@]4(C)C=C(C(=O)C(C)(C)[C@@H]4CC[C@@]3(C)[C@]1(C)CC2)c1ccccc1	Signal transducer and activator of transcription 3	20000	"3CWG,6NJS,6NUQ,6TLC"
COC(=O)[C@]12CCC(C)(C)C[C@H]1C1=CC[C@@H]3[C@@]4(C)CCC(=O)C(C)(C)[C@@H]4CC[C@@]3(C)[C@]1(C)CC2	Signal transducer and activator of transcription 3	20000	"3CWG,6NJS,6NUQ,6TLC"
COC(=O)[C@]12CCC(C)(C)C[C@H]1C1=CC[C@@H]3[C@@]4(C)CC(C=O)=C(O)C(C)(C)[C@@H]4CC[C@@]3(C)[C@]1(C)CC2	Signal transducer and activator of transcription 3	20000	"3CWG,6NJS,6NUQ,6TLC"
COC(=O)[C@]12CCC(C)(C)C[C@H]1C1=CC[C@@H]3[C@@]4(C)CC(C#N)=C(O)C(C)(C)[C@@H]4CC[C@@]3(C)[C@]1(C)CC2	Signal transducer and activator of transcription 3	20000	"3CWG,6NJS,6NUQ,6TLC"
COC(=O)[C@]12CCC(C)(C)C[C@H]1C1=CC[C@@H]3[C@@]4(C)C=CC(=O)C(C)(C)[C@@H]4CC[C@@]3(C)[C@]1(C)CC2	Signal transducer and activator of transcription 3	20000	"3CWG,6NJS,6NUQ,6TLC"
COC(=O)[C@]12CCC(C)(C)C[C@H]1C1=CC[C@@H]3[C@@]4(C)C=C(Br)C(=O)C(C)(C)[C@@H]4CC[C@@]3(C)[C@]1(C)CC2	Signal transducer and activator of transcription 3	20000	"3CWG,6NJS,6NUQ,6TLC"
COC(=O)[C@]12CCC(C)(C)C[C@H]1C1=CC[C@@H]3[C@@]4(C)C=C(C#Cc5ccccc5)C(=O)C(C)(C)[C@@H]4CC[C@@]3(C)[C@]1(C)CC2	Signal transducer and activator of transcription 3	20000	"3CWG,6NJS,6NUQ,6TLC"
CCOC(=O)\C=C\C1=C[C@@]2(C)[C@@H](CC[C@]3(C)[C@@H]2CC=C2[C@@H]4CC(C)(C)CC[C@@]4(CC[C@@]32C)C(=O)OC)C(C)(C)C1=O	Signal transducer and activator of transcription 3	20000	"3CWG,6NJS,6NUQ,6TLC"
COC(=O)[C@]12CCC(C)(C)C[C@H]1C1=CC[C@@H]3[C@@]4(C)C=C(OC(C)=O)C(=O)C(C)(C)[C@@H]4CC[C@@]3(C)[C@]1(C)CC2	Signal transducer and activator of transcription 3	20000	"3CWG,6NJS,6NUQ,6TLC"
COC(=O)[C@]12CCC(C)(C)C[C@H]1C1=CC[C@@H]3[C@@]4(C)C=C(C#N)C(=O)C(C)(C)[C@@H]4CC[C@@]3(C)[C@]1(C)CC2	Signal transducer and activator of transcription 3	20000	"3CWG,6NJS,6NUQ,6TLC"
COC(=O)[C@]12CCC(C)(C)C[C@H]1C1=CC[C@@H]3[C@@]4(C)C=C(C(=O)C(C)(C)[C@@H]4CC[C@@]3(C)[C@]1(C)CC2)c1ccc(OC)cc1	Signal transducer and activator of transcription 3	20000	"3CWG,6NJS,6NUQ,6TLC"
COC(=O)C1=C[C@@]2(C)[C@@H](CC[C@]3(C)[C@@H]2CC=C2[C@@H]4CC(C)(C)CC[C@@]4(CC[C@@]32C)C(=O)OC)C(C)(C)C1=O	Signal transducer and activator of transcription 3	20000	"3CWG,6NJS,6NUQ,6TLC"
C[C@H](NC(=O)[C@@H]1Cc2cccc3CC[C@H](NC(=O)\C=C\c4ccc(OP(O)(O)=O)cc4)C(=O)N1c23)C(N)=O	Signal transducer and activator of transcription 3	25060	"3CWG,6NJS,6NUQ,6TLC"
COc1ccc(cc1OC)C1=Nn2c(SC1C)nnc2-c1[nH]nc2CCCc12	Signal transducer and activator of transcription 3	25100	"3CWG,6NJS,6NUQ,6TLC"
COC(=O)Cn1nc(c2CCCc12)-c1nnc2SC(C)C(=Nn12)c1ccc(OC)cc1	Signal transducer and activator of transcription 3	25300	"3CWG,6NJS,6NUQ,6TLC"
CN(CC(=O)N(Cc1ccc(cc1)C1CCCCC1)c1ccc(C(O)=O)c(O)c1)S(=O)(=O)c1c(F)c(F)c(F)c(F)c1F	Signal transducer and activator of transcription 3	25600	"3CWG,6NJS,6NUQ,6TLC"
COc1cc(CNc2nn[nH]n2)cc(Cl)c1OCc1ccc(cc1)[N+]([O-])=O	Signal transducer and activator of transcription 3	25700	"3CWG,6NJS,6NUQ,6TLC"
COC(=O)[C@]12CCC(C)(C)C[C@H]1C1=CC[C@@H]3[C@@]4(C)C=C(C(O)=O)C(=O)C(C)(C)[C@@H]4CC[C@@]3(C)[C@]1(C)CC2	Signal transducer and activator of transcription 3	25740	"3CWG,6NJS,6NUQ,6TLC"
COc1ccc(cc1)C1=Nn2c(SC1C)nnc2-c1[nH]nc2CCN(Cc3ccccc3)Cc12	Signal transducer and activator of transcription 3	26200	"3CWG,6NJS,6NUQ,6TLC"
COc1ccc(cc1)C1=Nn2c(nnc2S(=O)C1C)-c1cc(n[nH]1)-c1ccccc1	Signal transducer and activator of transcription 3	26200	"3CWG,6NJS,6NUQ,6TLC"
C1Cc2n[nH]c(c2C1)-c1nnc2SC(C(=Nn12)c1ccccc1)c1ccccc1	Signal transducer and activator of transcription 3	26500	"3CWG,6NJS,6NUQ,6TLC"
Oc1ccc(NCc2cc(Cl)ccc2OCc2ccc(Cl)cc2)cc1	Signal transducer and activator of transcription 3	26680	"3CWG,6NJS,6NUQ,6TLC"
Clc1ccc(cc1)C1=Nn2c(SC1)nnc2-c1[nH]nc2CCCc12	Signal transducer and activator of transcription 3	26800	"3CWG,6NJS,6NUQ,6TLC"
Clc1ccc(cc1)C1=Nn2c(SC1)nnc2-c1[nH]nc2CCCc12	Signal transducer and activator of transcription 3	26800	"3CWG,6NJS,6NUQ,6TLC"
Clc1ccc(cc1)C1=Nn2c(SC1)nnc2-c1cc(n[nH]1)-c1ccccc1	Signal transducer and activator of transcription 3	26800	"3CWG,6NJS,6NUQ,6TLC"
Clc1ccc(cc1)C1=Nn2c(SC1)nnc2-c1[nH]nc2CCCc12	Signal transducer and activator of transcription 3	26800	"3CWG,6NJS,6NUQ,6TLC"
C1Sc2nnc(-c3cc([nH]n3)-c3ccccc3)n2N=C1c1ccccc1	Signal transducer and activator of transcription 3	27000	"3CWG,6NJS,6NUQ,6TLC"
COc1ccc(cc1)C1=Nn2c(SC1C)nnc2-c1[nH]nc2CN(Cc3ccccc3)Cc12	Signal transducer and activator of transcription 3	27000	"3CWG,6NJS,6NUQ,6TLC"
C1Sc2nnc(-c3cc(n[nH]3)-c3ccccc3)n2N=C1c1ccccc1	Signal transducer and activator of transcription 3	27000	"3CWG,6NJS,6NUQ,6TLC"
CC(C)CC1Sc2nnc(-c3[nH]nc4CCCc34)n2N=C1c1ccc(Cl)c(Cl)c1	Signal transducer and activator of transcription 3	27100	"3CWG,6NJS,6NUQ,6TLC"
CC(C)C1Sc2nnc(-c3cc(-c4ccccc4)n(C)n3)n2N=C1c1ccc(Cl)c(Cl)c1	Signal transducer and activator of transcription 3	27300	"3CWG,6NJS,6NUQ,6TLC"
CC(C)(C)OC(=O)N(CC(=O)N(Cc1ccc(cc1)C1CCCCC1)c1ccc(C(O)=O)c(O)c1)S(=O)(=O)c1c(F)c(F)c(F)c(F)c1F	Signal transducer and activator of transcription 3	27400	"3CWG,6NJS,6NUQ,6TLC"
CN([C@H](CN)C(=O)N(Cc1ccc(cc1)C1CCCCC1)c1ccc(C(O)=O)c(O)c1)S(=O)(=O)c1c(F)c(F)c(F)c(F)c1F	Signal transducer and activator of transcription 3	27400	"3CWG,6NJS,6NUQ,6TLC"
COc1ccc(cc1)C1=Nn2c(SC1C)nnc2-c1ccccc1	Signal transducer and activator of transcription 3	27560	"3CWG,6NJS,6NUQ,6TLC"
COc1ccc(cc1)C1=Nn2c(SC1C)nnc2-c1ccccc1	Signal transducer and activator of transcription 3	27560	"3CWG,6NJS,6NUQ,6TLC"
CO[C@@H]1C[C@H]2[C@@H]([C@H](C)O1)[C@H](O[C@@H]1O[C@H](CO[C@@H]3C[C@H]4[C@@H]([C@H](C)O3)[C@H](O[C@@H]3O[C@H](CO)[C@@H](O)[C@H](O)[C@H]3O)OC=C4C(=O)OC)[C@@H](O)[C@H](O)[C@H]1O)OC=C2C(=O)OC	Signal transducer and activator of transcription 3	27600	"3CWG,6NJS,6NUQ,6TLC"
COc1ccc(cc1)C1=Nn2c(SC1C)nnc2-c1ccccc1	Signal transducer and activator of transcription 3	27600	"3CWG,6NJS,6NUQ,6TLC"
CC1Sc2nnc(-c3[nH]nc4CCCc34)n2N=C1c1ccc(F)cc1	Signal transducer and activator of transcription 3	27700	"3CWG,6NJS,6NUQ,6TLC"
CC(=O)c1nc(cc2c3ccccc3[nH]c12)C(=O)OCCc1c[nH]c2ccccc12	Signal transducer and activator of transcription 3	27880	"6TLC,6NUQ,6NJS,3CWG"
COc1ccc(NC(=O)c2nc(sc2Cc2ccc(OP(O)(O)=O)cc2)-c2ccccc2)cc1	Signal transducer and activator of transcription 3	28000	"6TLC,6NUQ,6NJS,3CWG"
OC(=O)c1ccc(cc1O)N(Cc1ccc(cc1)C1CCCCC1)C(=O)CN(Cc1ccccc1F)S(=O)(=O)c1c(F)c(F)c(F)c(F)c1F	Signal transducer and activator of transcription 3	28000	"3CWG,6NJS,6NUQ,6TLC"
OP(O)(=O)Cc1ccc(cc1)N(Cc1ccc(cc1)C1CCCCC1)C(=O)c1ccc(Oc2ccccc2)cc1	Signal transducer and activator of transcription 3	28400	"3CWG,6NJS,6NUQ,6TLC"
CN(CC(=O)N(Cc1ccc(cc1)C1CCCCC1)c1ccc(C(O)=O)c(O)c1)S(=O)(=O)c1cccc2ccccc12	Signal transducer and activator of transcription 3	28800	"3CWG,6NJS,6NUQ,6TLC"
CN(C)c1cccc2c(cccc12)S(=O)(=O)N(C)CC(=O)N(Cc1ccc(cc1)C1CCCCC1)c1ccc(C(O)=O)c(O)c1	Signal transducer and activator of transcription 3	28800	"3CWG,6NJS,6NUQ,6TLC"
OC(=O)c1ccc(cc1O)N(Cc1cnc(cn1)C1CCCCC1)C(=O)[C@H]1CCN1S(=O)(=O)c1cnc(F)c(F)c1	Signal transducer and activator of transcription 3	29410	"3CWG,6NJS,6NUQ,6TLC"
CO[C@@H]1C[C@H]2[C@@H]([C@H](C)O1)[C@H](O[C@@H]1O[C@H](CO)[C@@H](O)[C@H](O[C@H]3C[C@H]4[C@@H]([C@H](C)O3)[C@H](O[C@@H]3O[C@H](C)[C@@H](O)[C@H](O)[C@H]3O)OC=C4C(=O)OC)[C@H]1O)OC=C2C(=O)OC	Signal transducer and activator of transcription 3	29700	"3CWG,6NJS,6NUQ,6TLC"
CC(C)(OO)\C=C\C[C@](C)(O[C@@H]1O[C@H](CO[C@@H]2O[C@H](CO)[C@@H](O)[C@H](O)[C@H]2O)[C@@H](O)[C@H](O)[C@H]1O)[C@H]1CC[C@]2(C)[C@@H]1[C@H](O)C[C@@H]1[C@@]3(C)C[C@@H](O)[C@H](O)C(C)(C)[C@@H]3CC[C@@]21C	Signal transducer and activator of transcription 3	20000	"3CWG,6NJS,6NUQ,6TLC"
C[C@@H]1O[C@@H](OC[C@H]2O[C@@H](O[C@@](C)(C\C=C\C(C)(C)OO)[C@H]3CC[C@]4(C)[C@@H]3[C@H](O)C[C@@H]3[C@@]5(C)C[C@@H](O)[C@H](O[C@@H]6O[C@H](CO)[C@@H](O)[C@H](O)[C@H]6O[C@@H]6O[C@H](CO)[C@@H](O)[C@H](O)[C@H]6O)C(C)(C)[C@@H]5CC[C@@]43C)[C@H](O)[C@@H](O)[C@@H]2O)[C@H](O)[C@H](O)[C@H]1O	Signal transducer and activator of transcription 3	20000	"3CWG,6NJS,6NUQ,6TLC"
CC(C)(OO)\C=C\C[C@](C)(O[C@@H]1O[C@H](CO)[C@@H](O)[C@H](O)[C@H]1O)[C@H]1CC[C@]2(C)[C@@H]1[C@H](O)C[C@@H]1[C@@]3(C)C[C@@H](O)[C@H](O[C@@H]4O[C@H](CO)[C@@H](O)[C@H](O)[C@H]4O[C@@H]4O[C@H](CO)[C@@H](O)[C@H](O)[C@H]4O)C(C)(C)[C@@H]3CC[C@@]21C	Signal transducer and activator of transcription 3	20000	"3CWG,6NJS,6NUQ,6TLC"
CC(C)\C=C\C[C@](C)(O[C@@H]1O[C@H](CO[C@@H]2O[C@@H](C)[C@H](O)[C@@H](O)[C@H]2O)[C@@H](O)[C@H](O)[C@H]1O)[C@H]1CC[C@]2(C)[C@@H]1[C@H](O)C[C@@H]1[C@@]3(C)C[C@@H](O)[C@H](O[C@@H]4O[C@H](CO)[C@@H](O)[C@H](O)[C@H]4O[C@@H]4O[C@H](CO)[C@@H](O)[C@H](O)[C@H]4O)C(C)(C)[C@@H]3CC[C@@]21C	Signal transducer and activator of transcription 3	20000	"3CWG,6NJS,6NUQ,6TLC"
Cc1nc(NCCc2c[nH]c3ccccc23)nc2ccccc12	Signal transducer and activator of transcription 3	20000	"3CWG,6NJS,6NUQ,6TLC"
Cc1nc(NCCN2CCOCC2)nc2ccccc12	Signal transducer and activator of transcription 3	20000	"3CWG,6NJS,6NUQ,6TLC"
Cc1nc(Nc2ccccc2)nc2ccccc12	Signal transducer and activator of transcription 3	20000	"3CWG,6NJS,6NUQ,6TLC"
Cc1nc(NCc2ccccc2)nc2ccccc12	Signal transducer and activator of transcription 3	20000	"3CWG,6NJS,6NUQ,6TLC"
Cc1nc(NCc2ccc3OCOc3c2)nc2ccccc12	Signal transducer and activator of transcription 3	20000	"3CWG,6NJS,6NUQ,6TLC"
Cc1nc(Nc2ccccn2)nc2ccccc12	Signal transducer and activator of transcription 3	20000	"3CWG,6NJS,6NUQ,6TLC"
Cc1nc(NCc2cccc3ccccc23)nc2ccccc12	Signal transducer and activator of transcription 3	20000	"3CWG,6NJS,6NUQ,6TLC"
Cc1nc(NC2CCCCC2)nc2ccccc12	Signal transducer and activator of transcription 3	20000	"3CWG,6NJS,6NUQ,6TLC"
Cc1ccc(CNc2nc(C)c3ccccc3n2)o1	Signal transducer and activator of transcription 3	20000	"3CWG,6NJS,6NUQ,6TLC"
C1Cc2n[nH]c(c2C1)-c1nnc2SCC(=Nn12)C1CCCCC1	Signal transducer and activator of transcription 3	20000	"3CWG,6NJS,6NUQ,6TLC"
CCN1C(=S)S\C(=C/c2ccc(o2)-c2ccc(cc2)C(O)=O)C1=O	Signal transducer and activator of transcription 3	30000	"3CWG,6NJS,6NUQ,6TLC"
C1Cc2n[nH]c(c2C1)-c1nnc2SCC(=Nn12)C1CCCCC1	Signal transducer and activator of transcription 3	20000	"3CWG,6NJS,6NUQ,6TLC"
C1CCC(CC1)C1=Nn2c(SC1)nnc2-c1cc(n[nH]1)-c1ccccc1	Signal transducer and activator of transcription 3	20000	"3CWG,6NJS,6NUQ,6TLC"
C1Cc2n[nH]c(c2C1)-c1nnc2SCC(=Nn12)C1CCCCC1	Signal transducer and activator of transcription 3	20000	"3CWG,6NJS,6NUQ,6TLC"
Cc1ncsc1-c1ccc(CNC(=O)[C@@H]2C[C@@H](O)CN2C(=O)[C@@H](NC(=O)COCCNC(=O)c2cc3c(o2)C(=O)c2ccccc2C3=O)C(C)(C)C)cc1	Signal transducer and activator of transcription 3	20000	"3CWG,6NJS,6NUQ,6TLC"
CN([C@H](CO)C(=O)N(Cc1ccc(cc1)C1CCCCC1)c1ccc(cc1)C(O)=O)S(=O)(=O)c1c(F)c(F)c(F)c(F)c1F	Signal transducer and activator of transcription 3	20000	"3CWG,6NJS,6NUQ,6TLC"
CN([C@@H](CC(O)=O)C(=O)N(Cc1ccc(cc1)C1CCCCC1)c1ccc(C(O)=O)c(O)c1)S(=O)(=O)c1c(F)c(F)c(F)c(F)c1F	Signal transducer and activator of transcription 3	20000	"3CWG,6NJS,6NUQ,6TLC"
CN([C@H](CC(O)=O)C(=O)N(Cc1ccc(cc1)C1CCCCC1)c1ccc(C(O)=O)c(O)c1)S(=O)(=O)c1c(F)c(F)c(F)c(F)c1F	Signal transducer and activator of transcription 3	30000	"3CWG,6NJS,6NUQ,6TLC"
OC(=O)c1ccc(cc1O)N(Cc1cnc(cn1)C1CCCCC1)C(=O)[C@H]1CCN1S(=O)(=O)c1cc(F)c(F)cc1F	Signal transducer and activator of transcription 3	20000	"3CWG,6NJS,6NUQ,6TLC"
Cc1c(F)c(F)c(c(F)c1F)S(=O)(=O)N1CC[C@@H]1C(=O)N(Cc1cnc(cn1)C1CCCCC1)c1ccc(C(O)=O)c(O)c1	Signal transducer and activator of transcription 3	20000	"3CWG,6NJS,6NUQ,6TLC"
C[C@@H](N(C)S(=O)(=O)c1c(F)c(F)c(F)c(F)c1F)C(=O)N(Cc1ccc(cc1)C1CCCCC1)c1ccc2[nH]ncc2c1	Signal transducer and activator of transcription 3	20000	"3CWG,6NJS,6NUQ,6TLC"
OC(=O)c1ccc(cc1O)N(Cc1cnc(cn1)C1CCCCC1)C(=O)[C@H]1CCN1S(=O)(=O)c1cc(cc(c1)C(F)(F)F)C(F)(F)F	Signal transducer and activator of transcription 3	20000	"3CWG,6NJS,6NUQ,6TLC"
OC(=O)c1ccc(cc1O)N(Cc1cnc(cn1)C1CCCCC1)C(=O)[C@H]1CCN1S(=O)(=O)c1c(F)c(F)c(Cl)c(F)c1F	Signal transducer and activator of transcription 3	20000	"3CWG,6NJS,6NUQ,6TLC"
OC(=O)c1ccc(cc1O)N(Cc1cnc(cn1)C1CCCCC1)C(=O)[C@H]1CCN1S(=O)(=O)c1cc(F)c(F)c(F)c1	Signal transducer and activator of transcription 3	20000	"3CWG,6NJS,6NUQ,6TLC"
OC(=O)c1ccc(cc1O)N(Cc1ccc(cc1)C1CCCCC1)C(=O)[C@H]1CCN1S(=O)(=O)c1ccc(cc1)C#N	Signal transducer and activator of transcription 3	20000	"3CWG,6NJS,6NUQ,6TLC"
OC(=O)c1ccc(cc1O)N(Cc1ccc(cc1)C1CCCCC1)C(=O)[C@H]1CCN1S(=O)(=O)c1cccc(c1)C#N	Signal transducer and activator of transcription 3	20000	"3CWG,6NJS,6NUQ,6TLC"
OC(=O)c1ccc(cc1O)N(Cc1ccc(cc1)C1CCCCC1)C(=O)[C@H]1CCN1S(=O)(=O)c1ccccc1C#N	Signal transducer and activator of transcription 3	20000	"3CWG,6NJS,6NUQ,6TLC"
OC(=O)c1ccc(cc1O)N(Cc1cnc(cn1)C1CCCCC1)C(=O)[C@H]1CCN1S(=O)(=O)c1c(F)cc(F)cc1F	Signal transducer and activator of transcription 3	20000	"3CWG,6NJS,6NUQ,6TLC"
OC(=O)c1ccc(cc1O)N(Cc1cnc(cn1)C1CCCCC1)C(=O)[C@H]1CCN1S(=O)(=O)c1c(F)cc(F)c(F)c1F	Signal transducer and activator of transcription 3	20000	"3CWG,6NJS,6NUQ,6TLC"
OC(=O)c1ccc(cc1O)N(Cc1cnc(cn1)C1CCCCC1)C(=O)[C@H]1CCN1S(=O)(=O)c1ccc(F)nc1	Signal transducer and activator of transcription 3	20000	"3CWG,6NJS,6NUQ,6TLC"
COC(=O)c1cccc(CN(CC(=O)N(Cc2ccc(cc2)C2CCCCC2)c2ccc(C(O)=O)c(O)c2)S(=O)(=O)c2c(F)c(F)c(F)c(F)c2F)c1	Signal transducer and activator of transcription 3	30800	"3CWG,6NJS,6NUQ,6TLC"
CN(CC(=O)N(Cc1ccc(cc1)C1CCCCC1)c1ccc(C(O)=O)c(O)c1)S(=O)(=O)c1ccc(C)cc1	Signal transducer and activator of transcription 3	31000	"3CWG,6NJS,6NUQ,6TLC"
CC1Sc2nnc(-c3cc(Cc4ccc(OC(F)(F)F)cc4)n[nH]3)n2N=C1c1ccc(Cl)c(Cl)c1	Signal transducer and activator of transcription 3	31000	"3CWG,6NJS,6NUQ,6TLC"
Clc1ccc(cc1Cl)C1=Nn2c(SC1)nnc2-c1cc(n[nH]1)-c1ccccc1	Signal transducer and activator of transcription 3	31200	"3CWG,6NJS,6NUQ,6TLC"
COc1ccc(cc1)C1=Nn2c(SC1CCN)nnc2-c1[nH]nc2CCCc12	Signal transducer and activator of transcription 3	31200	"3CWG,6NJS,6NUQ,6TLC"
Clc1ccc(cc1Cl)C1=Nn2c(SC1)nnc2-c1cc(n[nH]1)-c1ccccc1	Signal transducer and activator of transcription 3	31200	"3CWG,6NJS,6NUQ,6TLC"
CC(=O)c1nc(cc2c3ccccc3[nH]c12)C(=O)NCc1ccc(N)cc1	Signal transducer and activator of transcription 3	31860	"6TLC,6NUQ,6NJS,3CWG"
CN(CC(=O)N(Cc1ccc(cc1)C1CCCCC1)c1ccc(O)c(c1)C(O)=O)S(=O)(=O)c1ccc(cc1)-c1ccccc1	Signal transducer and activator of transcription 3	32000	"3CWG,6NJS,6NUQ,6TLC"
CCCCCCCc1ccc(CN(C(=O)c2ccccc2)c2ccc(O)c(c2)C(O)=O)cc1	Signal transducer and activator of transcription 3	32000	"3CWG,6NJS,6NUQ,6TLC"
COc1cccc2C3=Nn4c(SC3CCc12)nnc4-c1[nH]nc2CCCc12	Signal transducer and activator of transcription 3	32000	"3CWG,6NJS,6NUQ,6TLC"
CC1Sc2nnc(-c3cc(n[nH]3)-c3cccc(Cl)c3)n2N=C1c1ccc(Cl)c(Cl)c1	Signal transducer and activator of transcription 3	32200	"3CWG,6NJS,6NUQ,6TLC"
OC(=O)c1ccc(cc1O)N(Cc1ccc(cc1)C1CCCCC1)C(=O)CNS(=O)(=O)c1c(F)c(F)c(F)c(F)c1F	Signal transducer and activator of transcription 3	32400	"3CWG,6NJS,6NUQ,6TLC"
CO[C@@H]1C[C@H]2[C@@H]([C@H](C)O1)[C@H](O[C@@H]1O[C@H](CO)[C@@H](O)[C@H](O)[C@H]1O)OC=C2C(=O)OC	Signal transducer and activator of transcription 3	32500	"3CWG,6NJS,6NUQ,6TLC"
OP(O)(=O)Oc1ccc(Cc2oc(nc2C(=O)Nc2ccc(cc2)C2CCCCC2)-c2ccccc2)cc1	Signal transducer and activator of transcription 3	33000	"6TLC,6NUQ,6NJS,3CWG"
OP(O)(=O)Oc1ccc(Cc2oc(nc2C(=O)Nc2ccc(cc2)C2CCCCC2)-c2ccccc2)cc1	Signal transducer and activator of transcription 3	33000	"3CWG,6NJS,6NUQ,6TLC"
COCCC1Sc2nnc(-c3cc(n[nH]3)-c3ccc(Cl)cc3)n2N=C1c1ccc(OC)cc1	Signal transducer and activator of transcription 3	33200	"3CWG,6NJS,6NUQ,6TLC"
CCCCCCCc1ccc(CN(C(=O)c2cccc(OC)c2)c2ccc(O)c(c2)C(O)=O)cc1	Signal transducer and activator of transcription 3	33300	"3CWG,6NJS,6NUQ,6TLC"
OC(=O)c1cc(ccc1O)N(Cc1cccc(c1)-c1ccncc1)C(=O)CN(Cc1ccccc1)S(=O)(=O)c1ccc(cc1)-c1ccccc1	Signal transducer and activator of transcription 3	33500	"3CWG,6NJS,6NUQ,6TLC"
COc1cc(C=CC(=O)CC(=O)C=Cc2ccc(O)c(OC)c2)ccc1O	Signal transducer and activator of transcription 3	33900	"3CWG,6NJS,6NUQ,6TLC"
COc1ccc2c(C)nc(Nc3nc(C)cc(O)n3)nc2c1	Signal transducer and activator of transcription 3	33900	"3CWG,6NJS,6NUQ,6TLC"
COc1ccc(cc1)C1=Nn2c(SC1C)nnc2-c1[nH]nc2CNCc12	Signal transducer and activator of transcription 3	33900	"3CWG,6NJS,6NUQ,6TLC"
COc1ccc(cc1)C1=Nn2c(SC1C)nnc2-c1nn(CC(=O)OC(C)(C)C)c2CCCc12	Signal transducer and activator of transcription 3	34100	"3CWG,6NJS,6NUQ,6TLC"
OC(=O)Cn1cnc2c(nc(NC(=O)C3CCCCC3)nc12)N1CCOCC1	Signal transducer and activator of transcription 3	34540	"3CWG,6NJS,6NUQ,6TLC"
COc1ccc2nc(Nc3nc(=O)c(Cc4ccccc4)c(C)[nH]3)nc(C)c2c1	Signal transducer and activator of transcription 3	34700	"3CWG,6NJS,6NUQ,6TLC"
COc1ccc(cc1)C1=Nn2c(SC1C)nnc2-c1nn(C(=O)OC(C)(C)C)c2CCCc12	Signal transducer and activator of transcription 3	34700	"3CWG,6NJS,6NUQ,6TLC"
COc1ccc2nc(Nc3nc(=O)cc(C)[nH]3)nc(C)c2c1	Signal transducer and activator of transcription 3	34900	"3CWG,6NJS,6NUQ,6TLC"
CN(CC(=O)N(Cc1ccc(cc1)C1CCCCC1)c1ccc(C(O)=O)c(O)c1)S(=O)(=O)c1ccc(C)cc1	Signal transducer and activator of transcription 3	35000	"3CWG,6NJS,6NUQ,6TLC"
CN(CC(=O)N(Cc1ccc(cc1)C1CCCCC1)c1ccc(C(O)=O)c(O)c1)S(=O)(=O)c1ccc(C)cc1	Signal transducer and activator of transcription 3	35000	"3CWG,6NJS,6NUQ,6TLC"
COc1ccc2nc(cc(-c3nnc(SCC(=O)Nc4ccc(cc4)C(\C)=N/O)n3-c3ccccc3)c2c1)-c1ccc(Cl)cc1	Signal transducer and activator of transcription 3	35200	"3CWG,6NJS,6NUQ,6TLC"
CN(CC(=O)N(Cc1cccc(c1)-c1ccncc1)c1ccc(O)c(c1)C(O)=O)S(=O)(=O)c1ccc(cc1)-c1ccccc1	Signal transducer and activator of transcription 3	35300	"3CWG,6NJS,6NUQ,6TLC"
NC(=O)[C@@H]1Cc2cccc3CC[C@H](NC(=O)\C=C\c4ccc(OP(O)(O)=O)cc4)C(=O)N1c23	Signal transducer and activator of transcription 3	35600	"3CWG,6NJS,6NUQ,6TLC"
COc1cc(\C=C\C(=O)CC(=O)c2ccc(O)c(OC)c2)ccc1O	Signal transducer and activator of transcription 3	35700	"3CWG,6NJS,6NUQ,6TLC"
COc1ccc(cc1)C1=Nn2c(SC1C)nnc2-c1cc(n[nH]1)-c1ccccc1	Signal transducer and activator of transcription 3	35900	"3CWG,6NJS,6NUQ,6TLC"
COc1ccc(cc1)C1=Nn2c(SC1)nnc2-c1[nH]nc2CCCc12	Signal transducer and activator of transcription 3	35920	"3CWG,6NJS,6NUQ,6TLC"
COc1ccc(cc1)C1=Nn2c(SC1)nnc2-c1[nH]nc2CCCc12	Signal transducer and activator of transcription 3	35920	"3CWG,6NJS,6NUQ,6TLC"
COc1ccc(cc1)C1=Nn2c(SC1C)nnc2-c1nn(C(C)=O)c2CCCc12	Signal transducer and activator of transcription 3	37100	"3CWG,6NJS,6NUQ,6TLC"
O=C(CC1Sc2nnc(-c3cc(n[nH]3)-c3ccccc3)n2N=C1c1ccccc1)N1CCCC1	Signal transducer and activator of transcription 3	37300	"3CWG,6NJS,6NUQ,6TLC"
COc1ccc(CC[C@H](O)C[C@@H](O)\C=C\c2cc(OC)c(OC)c(OC)c2)cc1OC	Signal transducer and activator of transcription 3	37600	"3CWG,6NJS,6NUQ,6TLC"
C1Cc2n[nH]c(c2C1)-c1nnc2SCC(=Nn12)c1c[nH]c2ccccc12	Signal transducer and activator of transcription 3	38000	"3CWG,6NJS,6NUQ,6TLC"
C1Cc2n[nH]c(c2C1)-c1nnc2SCC(=Nn12)c1c[nH]c2ccccc12	Signal transducer and activator of transcription 3	38000	"3CWG,6NJS,6NUQ,6TLC"
CC1(C)Sc2nnc(-c3cc(n[nH]3)-c3ccc(Cl)cc3)n2N=C1c1ccccc1	Signal transducer and activator of transcription 3	38200	"3CWG,6NJS,6NUQ,6TLC"
CC(=O)c1nc(cc2c3ccccc3[nH]c12)C(=O)NCc1ccc(O)cc1	Signal transducer and activator of transcription 3	38380	"6TLC,6NUQ,6NJS,3CWG"
CCCCCCCCC(=O)O[C@H]1CC\C(C)=C\CC\C(C)=C\C[C@@]2(CC[C@@]1(C)O2)C(C)C	Signal transducer and activator of transcription 3	38660	"3CWG,6NJS,6NUQ,6TLC"
OC(=O)CSc1cc(NS(=O)(=O)c2ccc(cc2)C(O)=O)c2ccccc2c1O	Signal transducer and activator of transcription 3	39000	"3CWG,6NJS,6NUQ,6TLC"
CC1Sc2nnc(-c3cc(n[nH]3)-c3ccccc3)n2N=C1c1ccc(cc1)N1CCOCC1	Signal transducer and activator of transcription 3	39300	"3CWG,6NJS,6NUQ,6TLC"
Clc1ccc(cc1)C1=Nn2c(SC1)nnc2-c1[nH]nc2CCCc12	Signal transducer and activator of transcription 3	40000	"3CWG,6NJS,6NUQ,6TLC"
Clc1ccc(cc1)C1=Nn2c(SC1)nnc2-c1[nH]nc2CCCc12	Signal transducer and activator of transcription 3	40000	"3CWG,6NJS,6NUQ,6TLC"
COc1cccc(c1)C1=Nn2c(SC1C)nnc2-c1[nH]nc2CCCc12	Signal transducer and activator of transcription 3	40100	"3CWG,6NJS,6NUQ,6TLC"
COC(=O)C1=CO[C@@H](O[C@@H]2O[C@H](CO)[C@@H](O)[C@H](O)[C@H]2O[C@@H]2C[C@H]3[C@@H]([C@H](C)O2)[C@H](O[C@@H]2O[C@H](CO)[C@@H](O)[C@H](O)[C@H]2O)OC=C3C(=O)OC)[C@@H]2[C@@H](C)[C@@H](O)C[C@H]12	Signal transducer and activator of transcription 3	40500	"3CWG,6NJS,6NUQ,6TLC"
COc1ccc2nc(cc(-c3nnc(SCC(=O)Nc4ccc(cc4)C(\C)=N/O)n3-c3ccccc3)c2c1)-c1ccc(Cl)cc1	Signal transducer and activator of transcription 3	40500	"3CWG,6NJS,6NUQ,6TLC"
CC1Sc2nnc(-c3[nH]nc4CCCc34)n2N=C1c1ccc(C)cc1	Signal transducer and activator of transcription 3	41100	"3CWG,6NJS,6NUQ,6TLC"
OP(O)(=O)c1ccc(cc1)N(Cc1ccc(cc1)C1CCCCC1)C(=O)c1ccc(Oc2ccccc2)cc1	Signal transducer and activator of transcription 3	42000	"3CWG,6NJS,6NUQ,6TLC"
CC(C)C[C@H](NC(=O)[C@H](Cc1ccc(OP(O)(O)=O)cc1)NC(=O)c1ccc(cc1)C#N)C(O)=O	Signal transducer and activator of transcription 3	42000	"3CWG,6NJS,6NUQ,6TLC"
Cc1ccc(cc1)S(=O)(=O)OCC(=O)N(Cc1ccc(cc1)C1CCCCC1)c1ccc(C(O)=O)c(O)c1	Signal transducer and activator of transcription 3	43000	"3CWG,6NJS,6NUQ,6TLC"
CN(CC(=O)N(Cc1ccc(cc1)-c1ccc(cc1)-c1ccc(cc1)C(N)=O)c1ccc(C(O)=O)c(O)c1)S(=O)(=O)c1ccc(C)cc1	Signal transducer and activator of transcription 3	43000	"3CWG,6NJS,6NUQ,6TLC"
CN(CC(=O)N(Cc1ccc(Cl)cc1)c1ccc(O)c(c1)C(O)=O)S(=O)(=O)c1ccc(cc1)-c1ccc(Cl)cc1	Signal transducer and activator of transcription 3	43000	"3CWG,6NJS,6NUQ,6TLC"
CO[C@H]1C[C@H]2[C@@H]([C@H](C)O1)[C@H](O[C@@H]1O[C@H](CO[C@@H]3C[C@H]4[C@@H]([C@H](C)O3)[C@H](O[C@@H]3O[C@H](CO)[C@@H](O)[C@H](O)[C@H]3O)OC=C4C(=O)OC)[C@@H](O)[C@H](O)[C@H]1O)OC=C2C(=O)OC	Signal transducer and activator of transcription 3	43000	"3CWG,6NJS,6NUQ,6TLC"
CN(CC(=O)N(Cc1ccc(cc1)C1CCCCC1)c1ccc(O)c(c1)C(O)=O)S(=O)(=O)c1ccc(C)cc1	Signal transducer and activator of transcription 3	45000	"3CWG,6NJS,6NUQ,6TLC"
Cc1ccc(cc1)S(=O)(=O)N(CC(=O)N(Cc1ccc(cc1)C1CCCCC1)c1ccc(C(O)=O)c(O)c1)Cc1ccccn1	Signal transducer and activator of transcription 3	45200	"3CWG,6NJS,6NUQ,6TLC"
CC1(C)Sc2nnc(-c3[nH]nc4CCCc34)n2N=C1c1ccccc1	Signal transducer and activator of transcription 3	45600	"3CWG,6NJS,6NUQ,6TLC"
NC(=O)CC[C@H](NC(=O)[C@@H]1CC[C@H]2CC[C@H](NC(=O)\C=C\c3ccc(OP(O)(O)=O)cc3)C(=O)N12)C(=O)NCc1ccccc1	Signal transducer and activator of transcription 3	45700	"3CWG,6NJS,6NUQ,6TLC"
COc1ccc(cc1)C1=Nn2c(SC1C)nnc2-c1[nH]nc2CCCc12	Signal transducer and activator of transcription 3	46100	"3CWG,6NJS,6NUQ,6TLC"
Cc1ccc(cc1)S(=O)(=O)N(CC(=O)N(Cc1ccc(cc1)C1CCCCC1)c1ccc(C(O)=O)c(O)c1)Cc1ccncc1	Signal transducer and activator of transcription 3	46600	"3CWG,6NJS,6NUQ,6TLC"
CO[C@@H]1C[C@H]2[C@@H]([C@H](C)O1)[C@H](O[C@@H]1O[C@H](CO[C@H]3C[C@H]4[C@@H]([C@H](C)O3)[C@H](O[C@@H]3O[C@H](CO)[C@@H](O)[C@H](O)[C@H]3O)OC=C4C(=O)OC)[C@@H](O)[C@H](O)[C@H]1O)OC=C2C(=O)OC	Signal transducer and activator of transcription 3	47000	"3CWG,6NJS,6NUQ,6TLC"
CC1Sc2nnc(-c3[nH]nc4CCCc34)n2N=C1c1ccc(F)c(F)c1	Signal transducer and activator of transcription 3	47100	"3CWG,6NJS,6NUQ,6TLC"
OC(=O)c1cc(ccc1O)N(Cc1ccc(Cl)cc1)C(=O)c1ccc(Oc2ccccc2)cc1	Signal transducer and activator of transcription 3	48000	"3CWG,6NJS,6NUQ,6TLC"
COc1ccc(cc1)C1=Nn2c(SC1CCO)nnc2-c1[nH]nc2CCCc12	Signal transducer and activator of transcription 3	49200	"3CWG,6NJS,6NUQ,6TLC"
COc1cc(CCC(=O)CC(=O)CCc2ccc(O)c(OC)c2)ccc1O	Signal transducer and activator of transcription 3	50000	"3CWG,6NJS,6NUQ,6TLC"
COc1cc(\C=C\C(=O)CC(=O)\C=C\c2cc(CC=C(C)C)c(O)c(OC)c2)cc(CC=C(C)C)c1O	Signal transducer and activator of transcription 3	50000	"3CWG,6NJS,6NUQ,6TLC"
COc1cc(CCC(=O)CC(=O)CCc2cc(CCC(C)C)c(O)c(OC)c2)cc(CCC(C)C)c1O	Signal transducer and activator of transcription 3	50000	"3CWG,6NJS,6NUQ,6TLC"
COc1cc(\C=C\c2cc(\C=C\c3cc(CC=C(C)C)c(O)c(OC)c3)[nH]n2)cc(CC=C(C)C)c1O	Signal transducer and activator of transcription 3	50000	"3CWG,6NJS,6NUQ,6TLC"
CCOc1ccc2nc(Nc3nc(=O)cc(C)[nH]3)nc(C)c2c1	Signal transducer and activator of transcription 3	50000	"3CWG,6NJS,6NUQ,6TLC"
Cc1nc(Nc2nc(=O)c(Cc3ccccc3)c(C)[nH]2)nc2cc3OCOc3cc12	Signal transducer and activator of transcription 3	50000	"3CWG,6NJS,6NUQ,6TLC"
Cc1cc(=O)nc(Nc2nc(C)c3cc4OCOc4cc3n2)[nH]1	Signal transducer and activator of transcription 3	50000	"3CWG,6NJS,6NUQ,6TLC"
Cc1nc(Nc2nc(=O)c(C)c(C)[nH]2)nc2cc3OCOc3cc12	Signal transducer and activator of transcription 3	50000	"3CWG,6NJS,6NUQ,6TLC"
C1Cc2n[nH]c(c2C1)-c1nnc2SCC(=Nn12)c1ccncc1	Signal transducer and activator of transcription 3	50000	"3CWG,6NJS,6NUQ,6TLC"
C1Sc2nnc(-c3cc(n[nH]3)-c3ccccc3)n2N=C1c1ccncc1	Signal transducer and activator of transcription 3	50000	"3CWG,6NJS,6NUQ,6TLC"
Clc1ccc(s1)C1=Nn2c(SC1)nnc2-c1cc(n[nH]1)-c1ccccc1	Signal transducer and activator of transcription 3	50000	"3CWG,6NJS,6NUQ,6TLC"
C1Cc2n[nH]c(c2C1)-c1nnc2SCC=Nn12	Signal transducer and activator of transcription 3	50000	"3CWG,6NJS,6NUQ,6TLC"
C1Sc2nnc(-c3cc(n[nH]3)-c3ccccc3)n2N=C1	Signal transducer and activator of transcription 3	50000	"3CWG,6NJS,6NUQ,6TLC"
CC1=Nn2c(SC1)nnc2-c1[nH]nc2CCCc12	Signal transducer and activator of transcription 3	50000	"3CWG,6NJS,6NUQ,6TLC"
CC1=Nn2c(SC1)nnc2-c1cc([nH]n1)-c1ccccc1	Signal transducer and activator of transcription 3	50000	"3CWG,6NJS,6NUQ,6TLC"
C1CCC(CC1)C1=Nn2c(SC1)nnc2-c1cc(n[nH]1)-c1ccccc1	Signal transducer and activator of transcription 3	50000	"3CWG,6NJS,6NUQ,6TLC"
COc1ccc(cc1)C1CSc2nnc(-c3[nH]nc4CCCc34)n2N1	Signal transducer and activator of transcription 3	50000	"3CWG,6NJS,6NUQ,6TLC"
COc1ccc(cc1)C1CSc2nnc(-c3cc(n[nH]3)-c3ccccc3)n2N1C(C)=O	Signal transducer and activator of transcription 3	50000	"3CWG,6NJS,6NUQ,6TLC"
COCCC1Sc2nnc(-c3cc(n[nH]3)-c3ccccc3)n2N=C1c1ccc(OC)cc1	Signal transducer and activator of transcription 3	50000	"3CWG,6NJS,6NUQ,6TLC"
Cc1ccc(cc1)S(=O)(=O)N(CC(=O)N(Cc1ccc(cc1)C1CCCCC1)c1ccc(C(O)=O)c(O)c1)Cc1cccnc1	Signal transducer and activator of transcription 3	50000	"3CWG,6NJS,6NUQ,6TLC"
Cc1ccc(CN(CC(=O)N(Cc2ccc(cc2)C2CCCCC2)c2ccc(C(O)=O)c(O)c2)S(=O)(=O)c2ccc(C)cc2)cc1	Signal transducer and activator of transcription 3	50000	"3CWG,6NJS,6NUQ,6TLC"
Cc1ccc(cc1)S(=O)(=O)N(CC(N)=O)CC(=O)N(Cc1ccc(cc1)C1CCCCC1)c1ccc(C(O)=O)c(O)c1	Signal transducer and activator of transcription 3	50000	"3CWG,6NJS,6NUQ,6TLC"
Cc1ccc(cc1)S(=O)(=O)N(CC=C)CC(=O)N(Cc1ccc(cc1)C1CCCCC1)c1ccc(C(O)=O)c(O)c1	Signal transducer and activator of transcription 3	50000	"3CWG,6NJS,6NUQ,6TLC"
Cc1ccc(cc1)S(=O)(=O)NCC(=O)N(Cc1ccc(cc1)C1CCCCC1)c1ccc(C(O)=O)c(O)c1	Signal transducer and activator of transcription 3	50000	"3CWG,6NJS,6NUQ,6TLC"
CC(C)[C@@]12CC[C@@](C)(O1)[C@H](CC\C(C)=C\CC\C(C)=C\C2)OC(C)=O	Signal transducer and activator of transcription 3	50000	"3CWG,6NJS,6NUQ,6TLC"
CC(C)[C@]1(O)CC\C(C)=C\CC\C(C)=C\CC\C(C)=C\C1	Signal transducer and activator of transcription 3	50000	"3CWG,6NJS,6NUQ,6TLC"
CC1=C2CC\C(C)=C\CC[C@]3(C)O[C@@H]3CC\C(C)=C\[C@@H]2OC1=O	Signal transducer and activator of transcription 3	50000	"3CWG,6NJS,6NUQ,6TLC"
CC(C)[C@@]12CC[C@@](C)(O1)[C@H](CC\C(C)=C\CC\C(C)=C\C2)OC(=O)\C=C\c1ccccc1	Signal transducer and activator of transcription 3	50000	"3CWG,6NJS,6NUQ,6TLC"
CC(C)[C@@]12CC[C@@](C)(O1)[C@@H](O)CC\C(C)=C\CC[C@]1(C)O[C@@H]1C2	Signal transducer and activator of transcription 3	50000	"3CWG,6NJS,6NUQ,6TLC"
CC(C)[C@@]12CC[C@@](C)(O1)[C@H](CC[C@@]1(C)O[C@H]1CC\C(C)=C\C2)OC(C)=O	Signal transducer and activator of transcription 3	50000	"3CWG,6NJS,6NUQ,6TLC"
CC(C)[C@@]12CC[C@@](C)(O1)C(=O)CC\C(C)=C\CC\C(C)=C\C2	Signal transducer and activator of transcription 3	50000	"3CWG,6NJS,6NUQ,6TLC"
CC(C)[C@@]12CC[C@@](C)(O1)[C@H](O)CC\C(C)=C\CC\C(C)=C\C2	Signal transducer and activator of transcription 3	50000	"3CWG,6NJS,6NUQ,6TLC"
CC(C)[C@@]12CC[C@@](C)(O1)[C@H](CC\C(C)=C\CC\C(C)=C\C2)OC(=O)c1ccccc1	Signal transducer and activator of transcription 3	50000	"3CWG,6NJS,6NUQ,6TLC"
CC(C)[C@@]12CC[C@@](C)(O1)[C@H](CC\C(C)=C\CC\C(C)=C\C2)OC(=O)Cc1ccccc1	Signal transducer and activator of transcription 3	50000	"3CWG,6NJS,6NUQ,6TLC"
CC(C)[C@@]12CC[C@@](C)(O1)[C@H](CC\C(C)=C\CC[C@]1(C)O[C@@H]1C2)OC(C)=O	Signal transducer and activator of transcription 3	50000	"3CWG,6NJS,6NUQ,6TLC"
CC1=C2CC\C(C)=C\CC[C@]3(C)O[C@@H]3CC\C(C)=C\[C@@H]2OC1	Signal transducer and activator of transcription 3	50000	"3CWG,6NJS,6NUQ,6TLC"
CN(CC(=O)N(Cc1ccc(cc1)C1CCN(CC1)S(=O)(=O)c1ccc(cc1)C#N)c1ccc(C(O)=O)c(O)c1)S(=O)(=O)c1ccc(C)cc1	Signal transducer and activator of transcription 3	50000	"3CWG,6NJS,6NUQ,6TLC"
CC1(C)CC[C@@]2(CC[C@]3(C)C(=CC[C@@H]4[C@@]5(C)CC[C@H](O)C(C)(C)[C@@H]5CC[C@@]34C)[C@@H]2C1)C(O)=O	Signal transducer and activator of transcription 3	50000	"3CWG,6NJS,6NUQ,6TLC"
Cc1ccc(cc1)S(=O)(=O)N(CC(=O)N(Cc1ccc(Cl)cc1)c1ccc(O)c(c1)C(O)=O)Cc1ccccc1	Signal transducer and activator of transcription 3	50000	"3CWG,6NJS,6NUQ,6TLC"
COc1ccc(CN(C(=O)CN(C)S(=O)(=O)c2ccc(cc2)-c2ccc(Cl)cc2)c2ccc(O)c(c2)C(O)=O)cc1	Signal transducer and activator of transcription 3	50000	"3CWG,6NJS,6NUQ,6TLC"
C1Cc2n[nH]c(c2C1)-c1nnc2SCC(=Nn12)c1ccncc1	Signal transducer and activator of transcription 3	50000	"3CWG,6NJS,6NUQ,6TLC"
C1Sc2nnc(-c3cc(n[nH]3)-c3ccccc3)n2N=C1c1ccncc1	Signal transducer and activator of transcription 3	50000	"3CWG,6NJS,6NUQ,6TLC"
C1Cc2n[nH]c(c2C1)-c1nnc2SCC=Nn12	Signal transducer and activator of transcription 3	50000	"3CWG,6NJS,6NUQ,6TLC"
C1Sc2nnc(-c3cc(n[nH]3)-c3ccccc3)n2N=C1	Signal transducer and activator of transcription 3	50000	"3CWG,6NJS,6NUQ,6TLC"
CC1=Nn2c(SC1)nnc2-c1[nH]nc2CCCc12	Signal transducer and activator of transcription 3	50000	"3CWG,6NJS,6NUQ,6TLC"
CC1=Nn2c(SC1)nnc2-c1cc(n[nH]1)-c1ccccc1	Signal transducer and activator of transcription 3	50000	"3CWG,6NJS,6NUQ,6TLC"
COCCC1Sc2nnc(-c3cc(n[nH]3)-c3ccccc3)n2N=C1c1ccc(OC)cc1	Signal transducer and activator of transcription 3	50000	"3CWG,6NJS,6NUQ,6TLC"
COc1ccc(cc1)C1=Nn2c(SC1OCC(C)C)nnc2-c1cc(n[nH]1)-c1ccccc1	Signal transducer and activator of transcription 3	50000	"3CWG,6NJS,6NUQ,6TLC"
C1Cc2n[nH]c(c2C1)-c1nnc2SCC(=Nn12)c1ccncc1	Signal transducer and activator of transcription 3	50000	"3CWG,6NJS,6NUQ,6TLC"
C1Sc2nnc(-c3cc(n[nH]3)-c3ccccc3)n2N=C1c1ccncc1	Signal transducer and activator of transcription 3	50000	"3CWG,6NJS,6NUQ,6TLC"
Clc1ccc(s1)C1=Nn2c(SC1)nnc2-c1cc(n[nH]1)-c1ccccc1	Signal transducer and activator of transcription 3	50000	"3CWG,6NJS,6NUQ,6TLC"
C1Cc2n[nH]c(c2C1)-c1nnc2SCC=Nn12	Signal transducer and activator of transcription 3	50000	"3CWG,6NJS,6NUQ,6TLC"
C1Sc2nnc(-c3cc(n[nH]3)-c3ccccc3)n2N=C1	Signal transducer and activator of transcription 3	50000	"3CWG,6NJS,6NUQ,6TLC"
CC1=Nn2c(SC1)nnc2-c1[nH]nc2CCCc12	Signal transducer and activator of transcription 3	50000	"3CWG,6NJS,6NUQ,6TLC"
CC1=Nn2c(SC1)nnc2-c1cc(n[nH]1)-c1ccccc1	Signal transducer and activator of transcription 3	50000	"3CWG,6NJS,6NUQ,6TLC"
C1CCC(CC1)C1=Nn2c(SC1)nnc2-c1cc(n[nH]1)-c1ccccc1	Signal transducer and activator of transcription 3	50000	"3CWG,6NJS,6NUQ,6TLC"
COc1ccc(CC[C@@H](O)C[C@H](O)CCc2ccc(OC)c(OC)c2)cc1OC	Signal transducer and activator of transcription 3	50000	"3CWG,6NJS,6NUQ,6TLC"
CN(CC(=O)N(Cc1ccc(cc1)C1CCCCC1)c1ccc(C(O)=O)c(O)c1)S(=O)(=O)c1c(C)cc(C)cc1C	Signal transducer and activator of transcription 3	51900	"3CWG,6NJS,6NUQ,6TLC"
OC(=O)c1cc(ccc1O)N(Cc1ccc(Br)cc1)C(=O)c1ccc(Oc2ccccc2)cc1	Signal transducer and activator of transcription 3	52000	"3CWG,6NJS,6NUQ,6TLC"
COC(=O)C1=CO[C@@H](O[C@@H]2O[C@H](CO)[C@@H](O[C@H]3C[C@H]4[C@@H]([C@H](C)O3)[C@H](O[C@@H]3O[C@H](C)[C@@H](O)[C@H](O)[C@H]3O)OC=C4C(=O)OC)[C@H](O)[C@H]2O)[C@@H]2[C@@H](C)[C@@H](O)C[C@H]12	Signal transducer and activator of transcription 3	52600	"3CWG,6NJS,6NUQ,6TLC"
COc1ccc2nc(cc(-c3nnc(SCC(=O)Nc4ccc(cc4)C(\C)=N/O)n3-c3ccccc3)c2c1)-c1ccc(Cl)cc1	Signal transducer and activator of transcription 3	54000	"3CWG,6NJS,6NUQ,6TLC"
O=C(Nc1nnc(o1)-c1ccco1)c1cc(nc2ccccc12)-c1cccc2ccccc12	Signal transducer and activator of transcription 3	55000	"3CWG,6NJS,6NUQ,6TLC"
CN(CC(=O)N(Cc1ccccc1)c1ccc(O)c(c1)C(O)=O)S(=O)(=O)c1ccc(cc1)-c1ccccc1	Signal transducer and activator of transcription 3	57000	"3CWG,6NJS,6NUQ,6TLC"
CCCCCCNC(=O)c1nc(oc1Cc1ccc(OP(O)(O)=O)cc1)-c1cccc2ccccc12	Signal transducer and activator of transcription 3	58000	"6TLC,6NUQ,6NJS,3CWG"
CCCCCCNC(=O)c1nc(oc1Cc1ccc(OP(O)(O)=O)cc1)-c1cccc2ccccc12	Signal transducer and activator of transcription 3	58000	"3CWG,6NJS,6NUQ,6TLC"
NC(=O)CC[C@H](NC(=O)[C@H]1CC[C@H]2CC[C@H](NC(=O)\C=C\c3ccc(OP(O)(O)=O)cc3)C(=O)N12)C(=O)NCc1ccccc1	Signal transducer and activator of transcription 3	59800	"3CWG,6NJS,6NUQ,6TLC"
OCCNCc1cc(Br)ccc1OCc1ccc(Cl)cc1	Signal transducer and activator of transcription 3	59910	"3CWG,6NJS,6NUQ,6TLC"
CCN1C(=S)N(CC)C(=O)C(=Cc2ccc(o2)-c2cc(ccc2Cl)C(O)=O)C1=O	Signal transducer and activator of transcription 3	60000	"3CWG,6NJS,6NUQ,6TLC"
Clc1ccc(cc1)-c1nnc(NC(=O)c2cc(nc3ccccc23)-c2ccccc2)o1	Signal transducer and activator of transcription 3	61000	"3CWG,6NJS,6NUQ,6TLC"
CN(CC(=O)N(Cc1ccc(Cl)cc1)c1ccc(O)c(c1)C(O)=O)S(=O)(=O)c1ccc(cc1)-c1ccccc1	Signal transducer and activator of transcription 3	61000	"3CWG,6NJS,6NUQ,6TLC"
CN(CC(=O)N(Cc1ccc(cc1)C1CCCCC1)c1ccc(C(O)=O)c(O)c1)S(=O)(=O)c1ccc(cc1)[N+]([O-])=O	Signal transducer and activator of transcription 3	62200	"3CWG,6NJS,6NUQ,6TLC"
O=C(Nc1nnc(o1)-c1ccco1)c1cc(nc2ccccc12)-c1cccs1	Signal transducer and activator of transcription 3	63000	"3CWG,6NJS,6NUQ,6TLC"
COC(=O)Cc1c(C)c2ccc(OCc3ccc(cc3)C(=O)OC)c(C)c2oc1=O	Signal transducer and activator of transcription 3	63000	"3CWG,6NJS,6NUQ,6TLC"
COC(=O)c1cccc(c1)-c1ccc(cc1)-c1ccc(CN(C(=O)CN(C)S(=O)(=O)c2ccc(C)cc2)c2ccc(C(O)=O)c(O)c2)cc1	Signal transducer and activator of transcription 3	63000	"3CWG,6NJS,6NUQ,6TLC"
O=C(Nc1nnc(o1)-c1ccco1)c1cc(nc2ccccc12)-c1ccco1	Signal transducer and activator of transcription 3	66000	"3CWG,6NJS,6NUQ,6TLC"
O=C(Nc1nnc(o1)-c1ccccc1)c1cc(nc2ccccc12)-c1ccccc1	Signal transducer and activator of transcription 3	66000	"3CWG,6NJS,6NUQ,6TLC"
CCO[C@H]1C[C@H]2[C@@H]([C@H](C)O1)[C@H](O[C@@H]1O[C@H](CO)[C@@H](O)[C@H](O)[C@H]1O)OC=C2C(=O)OC	Signal transducer and activator of transcription 3	67000	"3CWG,6NJS,6NUQ,6TLC"
CC(C)C[C@H](NC(=O)\C=C\c1ccc(OP(O)(O)=O)cc1)C(=O)N1CCC[C@H]1C(=O)NCCCS(N)(=O)=O	Signal transducer and activator of transcription 3	68200	"3CWG,6NJS,6NUQ,6TLC"
COC(=O)C1=CO[C@@H](O[C@@H]2O[C@H](CO)[C@@H](O)[C@H](O)[C@H]2O)[C@@H]2[C@@H](C)[C@H](C[C@H]12)O[C@H]1C[C@H]2[C@@H]([C@@H](C)O1)[C@H](O[C@@H]1O[C@H](CO)[C@@H](O)[C@H](O)[C@H]1O)OC=C2C(=O)OC	Signal transducer and activator of transcription 3	71900	"3CWG,6NJS,6NUQ,6TLC"
O=C(Nc1nnc(o1)-c1ccoc1)c1cc(nc2ccccc12)-c1ccccc1	Signal transducer and activator of transcription 3	72000	"3CWG,6NJS,6NUQ,6TLC"
OC(=O)CSc1cc(NS(=O)(=O)c2ccc(cc2)C(O)=O)c2ccccc2c1O	Signal transducer and activator of transcription 3	73000	"3CWG,6NJS,6NUQ,6TLC"
CC(C)=CCC[C@](C)(O)[C@H]1CCC(C)=CC1	Signal transducer and activator of transcription 3	73000	"3CWG,6NJS,6NUQ,6TLC"
OC(=O)CSc1cc(NS(=O)(=O)c2ccc(cc2)C(O)=O)c2ccccc2c1O	Signal transducer and activator of transcription 3	73000	"3CWG,6NJS,6NUQ,6TLC"
O=C(Nc1nnc(o1)-c1ccco1)c1cc(nc2ccccc12)-c1ccccc1	Signal transducer and activator of transcription 3	74000	"3CWG,6NJS,6NUQ,6TLC"
CN(CC(=O)N(Cc1ccc(cc1)-c1ccc(cc1)-c1ccc(cc1)C#N)c1ccc(C(O)=O)c(O)c1)S(=O)(=O)c1ccc(C)cc1	Signal transducer and activator of transcription 3	74300	"3CWG,6NJS,6NUQ,6TLC"
O=C(Nc1nnc(Cc2ccccc2)o1)c1cc(nc2ccccc12)-c1ccccc1	Signal transducer and activator of transcription 3	75000	"3CWG,6NJS,6NUQ,6TLC"
O=C(Nc1nnc(o1)-c1cccs1)c1cc(nc2ccccc12)-c1ccccc1	Signal transducer and activator of transcription 3	75000	"3CWG,6NJS,6NUQ,6TLC"
COc1ccc2nc(cc(-c3nnc(SCC(=O)Nc4ccc(cc4)C(\C)=N/O)n3-c3ccccc3)c2c1)-c1ccc(Cl)cc1	Signal transducer and activator of transcription 3	75000	"3CWG,6NJS,6NUQ,6TLC"
CO[C@H]1C[C@H]2[C@@H]([C@H](C)O1)[C@H](O[C@@H]1O[C@H](CO)[C@@H](O[C@H]3C[C@H]4[C@@H]([C@H](C)O3)[C@H](O[C@@H]3O[C@H](C)[C@@H](O)[C@H](O)[C@H]3O)OC=C4C(=O)OC)[C@H](O)[C@H]1O)OC=C2C(=O)OC	Signal transducer and activator of transcription 3	79100	"3CWG,6NJS,6NUQ,6TLC"
CN(CC(=O)N(Cc1ccc(cc1)C1CCCCC1)c1ccc(C(O)=O)c(O)c1)S(=O)(=O)c1ccc2ccccc2c1	Signal transducer and activator of transcription 3	79200	"3CWG,6NJS,6NUQ,6TLC"
CN(CC(=O)N(Cc1ccc(cc1)-c1ccc(cc1)-c1cccc(c1)C#N)c1ccc(C(O)=O)c(O)c1)S(=O)(=O)c1ccc(C)cc1	Signal transducer and activator of transcription 3	82000	"3CWG,6NJS,6NUQ,6TLC"
Cc1ccc(cc1)S(=O)(=O)OCC(=O)Nc1ccc(C(O)=O)c(O)c1	Signal transducer and activator of transcription 3	84000	"3CWG,6NJS,6NUQ,6TLC"
Cc1ccc(cc1)S(=O)(=O)OCC(=O)Nc1ccc(C(O)=O)c(O)c1	Signal transducer and activator of transcription 3	86000	"3CWG,6NJS,6NUQ,6TLC"
Cc1ccc(cc1)S(=O)(=O)OCC(=O)Nc1ccc(cc1)C(O)=O	Signal transducer and activator of transcription 3	86000	"3CWG,6NJS,6NUQ,6TLC"
Cc1ccc(cc1)S(=O)(=O)OCC(=O)Nc1ccc(C(O)=O)c(O)c1	Signal transducer and activator of transcription 3	86000	"3CWG,6NJS,6NUQ,6TLC"
Cc1ccc(cc1)S(=O)(=O)OCC(=O)Nc1ccc(C(O)=O)c(O)c1	Signal transducer and activator of transcription 3	86000	"3CWG,6NJS,6NUQ,6TLC"
OC[C@H]1O[C@@H](O[C@@H]2OC=C3[C@@H](CCOC3=O)[C@H]2C=C)[C@H](O)[C@@H](O)[C@@H]1O	Signal transducer and activator of transcription 3	89500	"3CWG,6NJS,6NUQ,6TLC"
COc1ccc(NC(=O)c2nc(oc2Cc2ccc(OP(O)(O)=O)cc2)-c2ccccc2)cc1	Signal transducer and activator of transcription 3	90000	"6TLC,6NUQ,6NJS,3CWG"
CN(CC(=O)N(Cc1ccc(cc1)-c1ccc(cc1)-c1cccc(c1)C(N)=O)c1ccc(C(O)=O)c(O)c1)S(=O)(=O)c1ccc(C)cc1	Signal transducer and activator of transcription 3	90000	"3CWG,6NJS,6NUQ,6TLC"
CN(CC(=O)N(Cc1ccc(cc1)C1CCCCC1)c1ccc(C(O)=O)c(O)c1)S(=O)(=O)c1ccc(Br)cc1	Signal transducer and activator of transcription 3	90300	"3CWG,6NJS,6NUQ,6TLC"
OC(=O)c1ccc(\C=C\C(=O)c2ccc3OCCOc3c2)cc1	Signal transducer and activator of transcription 3	91000	"3CWG,6NJS,6NUQ,6TLC"
COC(=O)c1ccc(cc1)-c1ccc(cc1)-c1ccc(CN(C(=O)CN(C)S(=O)(=O)c2ccc(C)cc2)c2ccc(C(O)=O)c(O)c2)cc1	Signal transducer and activator of transcription 3	91000	"3CWG,6NJS,6NUQ,6TLC"
OC(=O)c1cc(ccc1O)N(Cc1ccc(cc1)N1CCOCC1)C(=O)CN(Cc1ccccc1)S(=O)(=O)c1ccc(cc1)-c1ccccc1	Signal transducer and activator of transcription 3	94700	"3CWG,6NJS,6NUQ,6TLC"
Cc1ccc(cc1)S(=O)(=O)NCC(=O)N(Cc1ccc(cc1)C1CCCCC1)c1ccc(C(O)=O)c(O)c1	Signal transducer and activator of transcription 3	95000	"3CWG,6NJS,6NUQ,6TLC"
CC(C)C[C@H](NC(=O)c1ccc2cc(OP(O)(O)=O)ccc2c1)C(=O)N1CCC[C@H]1C(=O)N[C@@H](CCC(N)=O)C(=O)N[C@@H]([C@@H](C)O)C(N)=O	Signal transducer and activator of transcription 3	100000	"3CWG,6NJS,6NUQ,6TLC"
CC(C)C[C@H](NC(=O)Cc1c[nH]c2ccc(OP(O)(O)=O)cc12)C(=O)N1CCC[C@H]1C(=O)N[C@@H](CCC(N)=O)C(=O)N[C@@H]([C@@H](C)O)C(N)=O	Signal transducer and activator of transcription 3	100000	"3CWG,6NJS,6NUQ,6TLC"
CC(C)C[C@H](NC(=O)C1Cc2cc(OP(O)(O)=O)ccc2CN1C(C)=O)C(=O)N1CCC[C@H]1C(=O)N[C@@H](CCC(N)=O)C(=O)N[C@@H]([C@@H](C)O)C(N)=O	Signal transducer and activator of transcription 3	100000	"3CWG,6NJS,6NUQ,6TLC"
CC(C)C[C@H](NC(=O)\C=C\c1cccc(OP(O)(O)=O)c1)C(=O)N1CCC[C@H]1C(=O)N[C@@H](CCC(N)=O)C(=O)N[C@@H]([C@@H](C)O)C(N)=O	Signal transducer and activator of transcription 3	100000	"3CWG,6NJS,6NUQ,6TLC"
CN(CC(=O)N(Cc1ccc(cc1)C1CCCCC1)c1ccc(C(O)=O)c(O)c1)S(=O)(=O)c1ccc(cc1)-c1ccccc1	Signal transducer and activator of transcription 3	100000	"3CWG,6NJS,6NUQ,6TLC"
CN(CC(=O)N(Cc1ccc(cc1)C1CCCCC1)c1ccc(C(O)=O)c(O)c1)S(=O)(=O)c1ccc(Cl)cc1	Signal transducer and activator of transcription 3	100000	"3CWG,6NJS,6NUQ,6TLC"
COc1ccc(cc1)S(=O)(=O)N(C)CC(=O)N(Cc1ccc(cc1)C1CCCCC1)c1ccc(C(O)=O)c(O)c1	Signal transducer and activator of transcription 3	100000	"3CWG,6NJS,6NUQ,6TLC"
CCO[C@H]1C[C@H]2[C@@H]([C@H](C)O1)[C@H](O[C@@H]1O[C@H](CO[C@H]3C[C@H]4[C@@H]([C@H](C)O3)[C@H](O[C@@H]3O[C@H](CO)[C@@H](O)[C@H](O)[C@H]3O)OC=C4C(=O)OC)[C@@H](O)[C@H](O)[C@H]1O)OC=C2C(=O)OC	Signal transducer and activator of transcription 3	100000	"3CWG,6NJS,6NUQ,6TLC"
CO[C@H]1C[C@H]2[C@@H]([C@H](C)O1)[C@H](O[C@@H]1O[C@H](CO[C@H]3C[C@H]4[C@@H]([C@H](C)O3)[C@H](O[C@@H]3O[C@H](CO)[C@@H](O)[C@H](O)[C@H]3O)OC=C4C(=O)OC)[C@@H](O)[C@H](O)[C@H]1O)OC=C2C(=O)OC	Signal transducer and activator of transcription 3	100000	"3CWG,6NJS,6NUQ,6TLC"
CO[C@H]1C[C@H]2[C@@H]([C@H](C)O1)[C@H](O[C@@H]1O[C@H](CO)[C@@H](O)[C@H](O)[C@H]1O[C@H]1C[C@H]3[C@@H]([C@H](C)O1)[C@H](O[C@@H]1O[C@H](CO)[C@@H](O)[C@H](O)[C@H]1O)OC=C3C(=O)OC)OC=C2C(=O)OC	Signal transducer and activator of transcription 3	100000	"3CWG,6NJS,6NUQ,6TLC"
CCO[C@@H]1C[C@H]2[C@@H]([C@H](C)O1)[C@H](O[C@@H]1O[C@H](CO[C@H]3C[C@H]4[C@@H]([C@H](C)O3)[C@H](O[C@@H]3O[C@H](CO)[C@@H](O)[C@H](O)[C@H]3O)OC=C4C(=O)OC)[C@@H](O)[C@H](O)[C@H]1O)OC=C2C(=O)OC	Signal transducer and activator of transcription 3	100000	"3CWG,6NJS,6NUQ,6TLC"
CCO[C@@H]1C[C@H]2[C@@H]([C@H](C)O1)[C@H](O[C@@H]1O[C@H](CO)[C@@H](O)[C@H](O)[C@H]1O)OC=C2C(=O)OC	Signal transducer and activator of transcription 3	100000	"3CWG,6NJS,6NUQ,6TLC"
Cc1oc(C)c2c1c(O)cc(cc2=O)-c1ccc(O)c(O)c1	Signal transducer and activator of transcription 3	106000	"3CWG,6NJS,6NUQ,6TLC"
C[C@H]1O[C@@H](O[C@@](C)(CCC=C(C)C)[C@H]2CCC(C)=CC2)[C@H](O)[C@@H](OC(=O)C=C(C)C)[C@H]1O	Signal transducer and activator of transcription 3	110000	"3CWG,6NJS,6NUQ,6TLC"
CO[C@H]1CC[C@@H](CC1)C(=O)OCC1=C[C@H]2[C@@H](Cc3c[nH]c4cccc2c34)N(C)C1	Signal transducer and activator of transcription 3	113000	"3CWG,6NJS,6NUQ,6TLC"
CCN1C(=S)N(CC)C(=O)C(=Cc2ccc(o2)-c2cc(ccc2Cl)C(O)=O)C1=O	Signal transducer and activator of transcription 3	114000	"3CWG,6NJS,6NUQ,6TLC"
Cc1ccc(cc1)S(=O)(=O)N(CC(=O)N(Cc1ccc(cc1)C1CCCCC1)c1ccc(C(O)=O)c(O)c1)C(=O)OC(C)(C)C	Signal transducer and activator of transcription 3	115000	"3CWG,6NJS,6NUQ,6TLC"
CN(CC(=O)N(Cc1ccc(cc1)-c1ccccc1)c1ccc(C(O)=O)c(O)c1)S(=O)(=O)c1ccc(C)cc1	Signal transducer and activator of transcription 3	115000	"3CWG,6NJS,6NUQ,6TLC"
COc1ccc(CN(C(=O)c2ccc(Oc3ccccc3)cc2)c2ccc(O)c(c2)C(O)=O)cc1	Signal transducer and activator of transcription 3	118100	"3CWG,6NJS,6NUQ,6TLC"
CN(CC(=O)N(Cc1ccc(cc1)C1CCCCC1)c1ccc(C(O)=O)c(O)c1)S(=O)(=O)c1cccc(C)c1	Signal transducer and activator of transcription 3	119000	"3CWG,6NJS,6NUQ,6TLC"
COc1ccc(NC(=O)c2nc(sc2Cc2ccc(OP(O)(O)=O)cc2)-c2cccc3ccccc23)cc1	Signal transducer and activator of transcription 3	125000	"6TLC,6NUQ,6NJS,3CWG"
CN(CC(=O)N(Cc1ccc(cc1)C1CCCCC1)c1ccc(C(O)=O)c(O)c1)S(=O)(=O)c1ccc(cc1)C#N	Signal transducer and activator of transcription 3	126200	"3CWG,6NJS,6NUQ,6TLC"
COC(=O)Cc1c(C)c2ccc(OCc3ccc(cc3)C(=O)OC)c(C)c2oc1=O	Signal transducer and activator of transcription 3	137000	"3CWG,6NJS,6NUQ,6TLC"
CC(C)C[C@H](NC(=O)[C@H](Cc1ccc(CP(O)(O)=O)cc1)NC(C)=O)C(=O)N1CCC[C@H]1C(=O)N[C@@H](CCC(N)=O)C(=O)N[C@@H]([C@@H](C)O)C(=O)N[C@@H](C(C)C)C(O)=O	Signal transducer and activator of transcription 3	138000	"3CWG,6NJS,6NUQ,6TLC"
COC(=O)c1ccc(cc1)-c1ccc(CN(C(=O)CN(C)S(=O)(=O)c2ccc(C)cc2)c2ccc(C(O)=O)c(O)c2)cc1	Signal transducer and activator of transcription 3	141000	"3CWG,6NJS,6NUQ,6TLC"
CCOc1cc(C=C2C(=O)c3ccccc3C2=O)cc(Cl)c1OCc1cccc(c1)C(O)=O	Signal transducer and activator of transcription 3	144000	"3CWG,6NJS,6NUQ,6TLC"
CCCCCCNC(=O)c1nc(sc1Cc1ccc(OP(O)(O)=O)cc1)-c1ccccc1	Signal transducer and activator of transcription 3	150000	"6TLC,6NUQ,6NJS,3CWG"
CC(C)n1cc2C[C@@H]3[C@H](C=C(CO)CN3C)c3cccc1c23	Signal transducer and activator of transcription 3	160000	"3CWG,6NJS,6NUQ,6TLC"
CC(C)C[C@H](NC(=O)[C@H](Cc1ccc(OP(O)(O)=O)cc1)NC(=O)[C@@H]1CCCN1)C(O)=O	Signal transducer and activator of transcription 3	182000	"3CWG,6NJS,6NUQ,6TLC"
COC(=O)c1cccc(c1)-c1ccc(CN(C(=O)CN(C)S(=O)(=O)c2ccc(C)cc2)c2ccc(C(O)=O)c(O)c2)cc1	Signal transducer and activator of transcription 3	191000	"3CWG,6NJS,6NUQ,6TLC"
CN(CC(=O)N(Cc1ccc(cc1)C(C)(C)C)c1ccc(C(O)=O)c(O)c1)S(=O)(=O)c1ccc(C)cc1	Signal transducer and activator of transcription 3	194000	"3CWG,6NJS,6NUQ,6TLC"
Cc1ccc(cc1)S(=O)(=O)N(CC(=O)N(Cc1ccccc1)c1ccc(O)c(c1)C(O)=O)Cc1ccccc1	Signal transducer and activator of transcription 3	201300	"3CWG,6NJS,6NUQ,6TLC"
CC(C)C[C@H](NC(=O)[C@H](Cc1ccc(OP(O)(O)=O)cc1)NC(=O)[C@H](C)N)C(O)=O	Signal transducer and activator of transcription 3	217000	"3CWG,6NJS,6NUQ,6TLC"
CC(C)C[C@H](NC(=O)[C@H](Cc1ccc(OP(O)(O)=O)cc1)NC(=O)[C@@H]1CCCN1)C(=O)N[C@@H](CCCCN)C(=O)N[C@@H]([C@@H](C)O)C(=O)N[C@@H](CCCCN)C(O)=O	Signal transducer and activator of transcription 3	235000	"3CWG,6NJS,6NUQ,6TLC"
CN(CC(=O)N(Cc1ccc(cc1)-c1cccc(c1)C#N)c1ccc(C(O)=O)c(O)c1)S(=O)(=O)c1ccc(C)cc1	Signal transducer and activator of transcription 3	250000	"3CWG,6NJS,6NUQ,6TLC"
OP(O)(=O)Oc1ccc(Cc2oc(nc2C(=O)Nc2ccc(cc2)C2CCCCC2)-c2cccc3ccccc23)cc1	Signal transducer and activator of transcription 3	255000	"6TLC,6NUQ,6NJS,3CWG"
OP(O)(=O)Oc1ccc(Cc2oc(nc2C(=O)Nc2ccc(cc2)C2CCCCC2)-c2cccc3ccccc23)cc1	Signal transducer and activator of transcription 3	255000	"3CWG,6NJS,6NUQ,6TLC"
CCOc1cc(C=C2C(=O)c3ccccc3C2=O)cc(Cl)c1OCc1cccc(c1)C(O)=O	Signal transducer and activator of transcription 3	256000	"3CWG,6NJS,6NUQ,6TLC"
CN(CC(=O)N(Cc1ccc(cc1)-c1ccc(cc1)C#N)c1ccc(C(O)=O)c(O)c1)S(=O)(=O)c1ccc(C)cc1	Signal transducer and activator of transcription 3	274000	"3CWG,6NJS,6NUQ,6TLC"
CN(CC(=O)N(Cc1ccccc1)c1ccc(C(O)=O)c(O)c1)S(=O)(=O)c1ccc(C)cc1	Signal transducer and activator of transcription 3	292000	"3CWG,6NJS,6NUQ,6TLC"
Cc1ccc(cc1)S(=O)(=O)N(CC(=O)Nc1ccc(C(O)=O)c(O)c1)C(=O)OC(C)(C)C	Signal transducer and activator of transcription 3	100000	"3CWG,6NJS,6NUQ,6TLC"
CN(CC(=O)Nc1ccc(C(O)=O)c(O)c1)S(=O)(=O)c1ccc(C)cc1	Signal transducer and activator of transcription 3	100000	"3CWG,6NJS,6NUQ,6TLC"
Cc1ccc(cc1)S(=O)(=O)NCC(=O)Nc1ccc(C(O)=O)c(O)c1	Signal transducer and activator of transcription 3	100000	"3CWG,6NJS,6NUQ,6TLC"
CN(CC(=O)N(CC1CCCCC1)c1ccc(C(O)=O)c(O)c1)S(=O)(=O)c1ccc(C)cc1	Signal transducer and activator of transcription 3	100000	"3CWG,6NJS,6NUQ,6TLC"
CN(CC(=O)N(CC1CCNCC1)c1ccc(C(O)=O)c(O)c1)S(=O)(=O)c1ccc(C)cc1	Signal transducer and activator of transcription 3	100000	"3CWG,6NJS,6NUQ,6TLC"
CN(CC(=O)N(CC1CCN(CC1)C(=O)OC(C)(C)C)c1ccc(C(O)=O)c(O)c1)S(=O)(=O)c1ccc(C)cc1	Signal transducer and activator of transcription 3	100000	"3CWG,6NJS,6NUQ,6TLC"
CN(CC(=O)N(CC1CCN(CC1)c1ccc(cc1)C#N)c1ccc(C(O)=O)c(O)c1)S(=O)(=O)c1ccc(C)cc1	Signal transducer and activator of transcription 3	100000	"3CWG,6NJS,6NUQ,6TLC"
CN(CC(=O)N(CC1CCN(CC1)c1ncccn1)c1ccc(C(O)=O)c(O)c1)S(=O)(=O)c1ccc(C)cc1	Signal transducer and activator of transcription 3	100000	"3CWG,6NJS,6NUQ,6TLC"
CN(CC(=O)N(Cc1ccc(cc1)C1CCN(CC1)C(=O)C(F)(F)F)c1ccc(C(O)=O)c(O)c1)S(=O)(=O)c1ccc(C)cc1	Signal transducer and activator of transcription 3	100000	"3CWG,6NJS,6NUQ,6TLC"
CN(CC(=O)N(Cc1ccc(cc1)C1CCNCC1)c1ccc(C(O)=O)c(O)c1)S(=O)(=O)c1ccc(C)cc1	Signal transducer and activator of transcription 3	100000	"3CWG,6NJS,6NUQ,6TLC"
CN(CC(=O)N(Cc1ccc(cc1)C1CCN(CC1)C(=O)OC(C)(C)C)c1ccc(C(O)=O)c(O)c1)S(=O)(=O)c1ccc(C)cc1	Signal transducer and activator of transcription 3	100000	"3CWG,6NJS,6NUQ,6TLC"
CN(CC(=O)N(Cc1ccc(cc1)C1CCN(CC1)c1ncccn1)c1ccc(C(O)=O)c(O)c1)S(=O)(=O)c1ccc(C)cc1	Signal transducer and activator of transcription 3	100000	"3CWG,6NJS,6NUQ,6TLC"
CN(CC(=O)N(Cc1ccc(cc1)C1CCN(CC1)C(=O)c1ccc(cc1)C#N)c1ccc(C(O)=O)c(O)c1)S(=O)(=O)c1ccc(C)cc1	Signal transducer and activator of transcription 3	100000	"3CWG,6NJS,6NUQ,6TLC"
CN(CC(=O)N(Cc1ccc(cc1)C1CCN(CC1)c1ccc(cc1)C(O)=O)c1ccc(C(O)=O)c(O)c1)S(=O)(=O)c1ccc(C)cc1	Signal transducer and activator of transcription 3	100000	"3CWG,6NJS,6NUQ,6TLC"
CN(CC(=O)N(Cc1ccc(cc1)C1CCN(CC1)c1ccc(cc1)C(N)=O)c1ccc(C(O)=O)c(O)c1)S(=O)(=O)c1ccc(C)cc1	Signal transducer and activator of transcription 3	100000	"3CWG,6NJS,6NUQ,6TLC"
CN(CC(=O)N(Cc1ccc(cc1)-c1cccc(c1)C(N)=O)c1ccc(C(O)=O)c(O)c1)S(=O)(=O)c1ccc(C)cc1	Signal transducer and activator of transcription 3	100000	"3CWG,6NJS,6NUQ,6TLC"
CN(CC(=O)N(Cc1ccc(cc1)-c1ccc(cc1)C(O)=O)c1ccc(C(O)=O)c(O)c1)S(=O)(=O)c1ccc(C)cc1	Signal transducer and activator of transcription 3	100000	"3CWG,6NJS,6NUQ,6TLC"
CN(CC(=O)N(Cc1ccc(cc1)-c1ccc(cc1)C(N)=O)c1ccc(C(O)=O)c(O)c1)S(=O)(=O)c1ccc(C)cc1	Signal transducer and activator of transcription 3	100000	"3CWG,6NJS,6NUQ,6TLC"
CN(CC(=O)N(Cc1ccc(cc1)-c1ccc(cc1)-c1cccc(c1)C(O)=O)c1ccc(C(O)=O)c(O)c1)S(=O)(=O)c1ccc(C)cc1	Signal transducer and activator of transcription 3	100000	"3CWG,6NJS,6NUQ,6TLC"
CN(CC(=O)N(Cc1ccc(cc1)-c1ccc(cc1)-c1ccc(cc1)C(O)=O)c1ccc(C(O)=O)c(O)c1)S(=O)(=O)c1ccc(C)cc1	Signal transducer and activator of transcription 3	100000	"3CWG,6NJS,6NUQ,6TLC"
CN(CC(=O)N(Cc1ccc(cc1)C1CCCCC1)c1ccc(C(O)=O)c(O)c1)S(=O)(=O)c1cn(C)cn1	Signal transducer and activator of transcription 3	100000	"3CWG,6NJS,6NUQ,6TLC"
CN(CC(=O)N(Cc1ccc(cc1)C1CCCCC1)c1ccc(C(O)=O)c(O)c1)S(=O)(=O)c1ccc(F)cc1	Signal transducer and activator of transcription 3	100000	"3CWG,6NJS,6NUQ,6TLC"
OC(=O)c1cc(ccc1O)N(Cc1ccc(cc1)C1CCNCC1)C(=O)CN(Cc1ccccc1)S(=O)(=O)c1ccc(cc1)-c1ccccc1	Signal transducer and activator of transcription 3	100000	"3CWG,6NJS,6NUQ,6TLC"
CN(CC(=O)Nc1ccc(C(O)=O)c(O)c1)S(=O)(=O)c1ccc(C)cc1	Signal transducer and activator of transcription 3	100000	"3CWG,6NJS,6NUQ,6TLC"
Cc1ccc(cc1)S(=O)(=O)NCC(=O)Nc1ccc(C(O)=O)c(O)c1	Signal transducer and activator of transcription 3	100000	"3CWG,6NJS,6NUQ,6TLC"
OP(O)(=O)Oc1ccc(Cc2sc(nc2C(=O)Nc2ccc(cc2)C2CCCCC2)-c2cccc3ccccc23)cc1	Signal transducer and activator of transcription 3	350000	"6TLC,6NUQ,6NJS,3CWG"
Oc1ccc(CCNC(=O)Cc2ccc3OCOc3c2)cc1O	Signal transducer and activator of transcription 3	357000	"3CWG,6NJS,6NUQ,6TLC"
OC(=O)c1ccc(\C=C\C(=O)c2ccc3OCCOc3c2)cc1	Signal transducer and activator of transcription 3	447000	"3CWG,6NJS,6NUQ,6TLC"
CCCCC[C@@H]1OC2=C([C@H](O)[C@@]1(C)O)C(=O)N(OC)C2=C	Signal transducer and activator of transcription 3	610000	"3CWG,6NJS,6NUQ,6TLC"
CCCCC[C@@H]1OC2=C([C@H](O)[C@@]1(C)O)C(=O)N(OC)C2=C	Signal transducer and activator of transcription 3	610000	"3CWG,6NJS,6NUQ,6TLC"
OP(O)(=O)Oc1ccc(Cc2sc(nc2C(=O)Nc2ccc(cc2)C2CCCCC2)-c2ccccc2)cc1	Signal transducer and activator of transcription 3	775000	"6TLC,6NUQ,6NJS,3CWG"
OC(=O)c1nc(oc1Cc1ccc(OP(O)(O)=O)cc1)-c1ccccc1	Signal transducer and activator of transcription 3	100000	"6TLC,6NUQ,6NJS,3CWG"
CCCCCCNC(=O)c1nc(oc1Cc1ccc(OP(O)(O)=O)cc1)-c1ccccc1	Signal transducer and activator of transcription 3	100000	"6TLC,6NUQ,6NJS,3CWG"
Oc1ccc(Cc2oc(nc2C(=O)Nc2ccc(cc2)C2CCCCC2)-c2ccccc2)cc1	Signal transducer and activator of transcription 3	100000	"6TLC,6NUQ,6NJS,3CWG"
CN(CC(=O)N(Cc1ccccc1)c1ccc(O)c(c1)C(O)=O)S(=O)(=O)c1ccc(C)cc1	Signal transducer and activator of transcription 3	100000	"3CWG,6NJS,6NUQ,6TLC"
[2H]C([2H])([2H])NC(=O)c1nnc(NC(=O)C2CC2)cc1Nc1cccc(-c2ncc(cn2)-c2cccnc2C(F)(F)F)c1OC	Signal transducer and activator of transcription 3	2.4	"6TLC,6NUQ,6NJS,3CWG"
CN1CC(COC(=O)C2CCC2)=C[C@H]2[C@H]1Cc1c[nH]c3cccc2c13	Signal transducer and activator of transcription 3	2.4	"3CWG,6NJS,6NUQ,6TLC"
COc1ccc(cc1)-c1noc(n1)-c1cnc(Oc2ccc3cc(C(=O)N4CCN(Cc5ccc(OCC(F)(F)F)cc5)CC4)n(C)c3c2)cn1	Signal transducer and activator of transcription 3	5.3	"3CWG,6NJS,6NUQ,6TLC"
Cn1c(cc2ccc(Oc3cnc(cn3)-c3nc(no3)-c3ccc(F)cc3)cc12)C(=O)N1CCN(Cc2ccc(OCC(F)(F)F)cc2)CC1	Signal transducer and activator of transcription 3	5.9	"3CWG,6NJS,6NUQ,6TLC"
[2H]C([2H])([2H])NC(=O)c1nnc(Nc2ccc(cn2)N2CC(O)C2)cc1Nc1cccc(-c2ncn(C)n2)c1OC	Signal transducer and activator of transcription 3	5.9	"6TLC,6NUQ,6NJS,3CWG"
CNc1cc(Nc2cccc3CCCOc23)nc2c(cnn12)C(=O)N[C@@H]1CCN(C)C1=O	Signal transducer and activator of transcription 3	7	"6TLC,6NUQ,6NJS,3CWG"
CNc1cc(Nc2ccccc2OC)nc2c(cnn12)C(=O)N[C@@H]1CCN(C)C1=O	Signal transducer and activator of transcription 3	9	"6TLC,6NUQ,6NJS,3CWG"
C[C@]12O[C@H](C[C@]1(O)CO)n1c3ccccc3c3c4C(=O)NCc4c4c5ccccc5n2c4c13	Signal transducer and activator of transcription 3	10	"6TLC,6NUQ,6NJS,3CWG"
Cn1c(cc2ccc(Oc3cnc(cn3)-c3nc(no3)-c3ccccc3F)cc12)C(=O)N1CCN(Cc2ccc(OCC(F)(F)F)cc2)CC1	Signal transducer and activator of transcription 3	13	"3CWG,6NJS,6NUQ,6TLC"
Cc1cc(Nc2ncc(C)c(n2)N2CC3CCCC(C2)N3CCC#N)sn1	Signal transducer and activator of transcription 3	13	"6TLC,6NUQ,6NJS,3CWG"
CNC(=O)c1cnc(Nc2ccc(cn2)C#N)cc1Nc1cccc(-c2ncn(C)n2)c1OC	Signal transducer and activator of transcription 3	13	"6TLC,6NUQ,6NJS,3CWG"
[2H]C([2H])([2H])NC(=O)c1nnc(NC(=O)C2CC2)cc1Nc1ccccc1S(C)(=O)=O	Signal transducer and activator of transcription 3	15	"6TLC,6NUQ,6NJS,3CWG"
Cc1cnc(Nc2cnn(C)c2)nc1-c1cnn(c1)[C@H](CC#N)C1CCCC1	Signal transducer and activator of transcription 3	17	"6TLC,6NUQ,6NJS,3CWG"
C[C@H]1CN(C(=O)CC#N)[C@]11CCN(C1)c1ncnc2[nH]ccc12	Signal transducer and activator of transcription 3	18	"3CWG,6NJS,6NUQ,6TLC"
COc1cccc(c1)-c1noc(n1)-c1cnc(Oc2ccc3cc(C(=O)N4CCN(Cc5ccc(OCC(F)(F)F)cc5)CC4)n(C)c3c2)cn1	Signal transducer and activator of transcription 3	20	"3CWG,6NJS,6NUQ,6TLC"
CCS(=O)(=O)N1CC(CC#N)(C1)n1cc(cn1)-c1ncnc2[nH]ccc12	Signal transducer and activator of transcription 3	20	"3CWG,6NJS,6NUQ,6TLC"
Cn1c(cc2ccc(Oc3cnc(cn3)-c3nc(no3)-c3ccc(cc3)C(F)(F)F)cc12)C(=O)N1CCN(Cc2ccc(OCC(F)(F)F)cc2)CC1	Signal transducer and activator of transcription 3	22	"3CWG,6NJS,6NUQ,6TLC"
C[C@H](Nc1ncc(Cl)c(Nc2cc(C)n[nH]2)n1)c1ncc(F)cn1	Signal transducer and activator of transcription 3	23	"3CWG,6NJS,6NUQ,6TLC"
FC(F)(F)COc1ccc(CN2CCN(CC2)C(=O)c2ccc(cc2)-c2noc(n2)-c2ccc(cc2)C(F)(F)F)cc1	Signal transducer and activator of transcription 3	28	"3CWG,6NJS,6NUQ,6TLC"
Cn1c(cc2ccc(Oc3cnc(cn3)-c3nc(no3)-c3ccc(Br)cc3)cc12)C(=O)N1CCN(Cc2ccc(OCC(F)(F)F)cc2)CC1	Signal transducer and activator of transcription 3	28	"3CWG,6NJS,6NUQ,6TLC"
CNC(=O)c1nnc(NC(=O)N2CCC2)cc1Nc1cccc(-c2ncn(C)n2)c1OC	Signal transducer and activator of transcription 3	28	"6TLC,6NUQ,6NJS,3CWG"
CCOc1cccc(Nc2cc(NC)n3ncc(C(=O)N[C@@H]4CCN(C)C4=O)c3n2)n1	Signal transducer and activator of transcription 3	29	"6TLC,6NUQ,6NJS,3CWG"
FC(F)(F)COc1ccc(CN2CCN(CC2)C(=O)c2cc3ccc(Oc4cnc(cn4)-c4nc(no4)-c4ccc(cc4)C(F)(F)F)cc3[nH]2)cc1	Signal transducer and activator of transcription 3	31	"3CWG,6NJS,6NUQ,6TLC"
FC(F)(F)COc1ccc(CN2CCN(CC2)C(=O)c2cc(ccn2)-c2nc(no2)-c2ccc(cc2)C(F)(F)F)cc1	Signal transducer and activator of transcription 3	32	"3CWG,6NJS,6NUQ,6TLC"
C[C@H]1CN(C(=O)CC#N)[C@]11CCN(C1)c1ncnc2[nH]ccc12	Signal transducer and activator of transcription 3	33	"3CWG,6NJS,6NUQ,6TLC"
CCCC[C@H](NC(=O)COCCOCCOCCNC(=O)c1cccc(c1)S(=O)(=O)Nc1cc2n(C)c(=O)n(C)c2cc1Oc1cccc(OCCC)c1)C(=O)N1C[C@H](O)C[C@H]1C(=O)NCc1ccc(cc1)-c1scnc1C	Signal transducer and activator of transcription 3	35	"3CWG,6NJS,6NUQ,6TLC"
Cn1c(cc2ccc(Oc3cnc(cn3)-c3nc(no3)-c3ccc(Cl)cc3)cc12)C(=O)N1CCN(Cc2ccc(OCC(F)(F)F)cc2)CC1	Signal transducer and activator of transcription 3	36	"3CWG,6NJS,6NUQ,6TLC"
FC(F)(F)COc1ccc(CN2CCN(CC2)C(=O)c2ccc(nc2)-c2nc(no2)-c2ccc(cc2)C(F)(F)F)cc1	Signal transducer and activator of transcription 3	37	"3CWG,6NJS,6NUQ,6TLC"
Cn1c(cc2ccc(Oc3cnc(cn3)-c3nc(no3)-c3cccc(F)c3)cc12)C(=O)N1CCN(Cc2ccc(OCC(F)(F)F)cc2)CC1	Signal transducer and activator of transcription 3	38	"3CWG,6NJS,6NUQ,6TLC"
Cc1cc(Nc2ncc(C)c(n2)N2CC3CCC(C2)N3CCC#N)sn1	Signal transducer and activator of transcription 3	38	"6TLC,6NUQ,6NJS,3CWG"
Cn1c(cc2ccc(Oc3cnc(cn3)-c3nc(no3)-c3ccc(OC(F)(F)F)cc3)cc12)C(=O)N1CCN(Cc2ccc(OCC(F)(F)F)cc2)CC1	Signal transducer and activator of transcription 3	39	"3CWG,6NJS,6NUQ,6TLC"
FC(F)(F)c1ccc(cc1)-c1noc(n1)-c1ccc(cn1)C(=O)N1CCN(Cc2ccc(Br)cc2)CC1	Signal transducer and activator of transcription 3	40	"3CWG,6NJS,6NUQ,6TLC"
Fc1cc(ccc1C(F)(F)F)-c1noc(n1)-c1ccc(cn1)C(=O)N1CCN(Cc2ccc(OCC(F)(F)F)cc2)CC1	Signal transducer and activator of transcription 3	40	"3CWG,6NJS,6NUQ,6TLC"
COCCn1c(cc2ccc(Oc3cnc(cn3)-c3nc(no3)-c3ccc(cc3)C(F)(F)F)cc12)C(=O)N1CCN(Cc2ccc(OCC(F)(F)F)cc2)CC1	Signal transducer and activator of transcription 3	40	"3CWG,6NJS,6NUQ,6TLC"
C[C@H]1CN(C(=O)CC#N)[C@]11CCN(C1)c1ncnc2[nH]ccc12	Signal transducer and activator of transcription 3	40	"3CWG,6NJS,6NUQ,6TLC"
CCS(=O)(=O)N1CC(CC#N)(C1)n1cc(cn1)-c1ncnc2[nH]ccc12	Signal transducer and activator of transcription 3	44	"3CWG,6NJS,6NUQ,6TLC"
COc1ccccc1-c1noc(n1)-c1cnc(Oc2ccc3cc(C(=O)N4CCN(Cc5ccc(OCC(F)(F)F)cc5)CC4)n(C)c3c2)cn1	Signal transducer and activator of transcription 3	46	"3CWG,6NJS,6NUQ,6TLC"
FC(F)(F)COc1ccc(CN2CCN(CC2)C(=O)c2cccc(c2)-c2nc(no2)-c2ccc(cc2)C(F)(F)F)cc1	Signal transducer and activator of transcription 3	52	"3CWG,6NJS,6NUQ,6TLC"
FC(F)(F)COc1ccc(CN2CCN(CC2)C(=O)c2cnc(cn2)-c2noc(n2)-c2ccc(cc2)C(F)(F)F)cc1	Signal transducer and activator of transcription 3	58	"3CWG,6NJS,6NUQ,6TLC"
FC(F)(F)COc1ccc(CN2CCN(CC2)C(=O)c2ccc(nc2)-c2nc(no2)-c2ccc(OC(F)(F)F)cc2)cc1	Signal transducer and activator of transcription 3	60	"3CWG,6NJS,6NUQ,6TLC"
FC(F)(F)Oc1ccc(CN2CCN(CC2)C(=O)c2ccc(nc2)-c2nc(no2)-c2ccc(cc2)C(F)(F)F)cc1	Signal transducer and activator of transcription 3	64	"3CWG,6NJS,6NUQ,6TLC"
COc1ccc(CN2CCN(CC2)C(=O)c2cc3ccc(Oc4cnc(cn4)-c4nc(no4)-c4ccc(cc4)C(F)(F)F)cc3n2C)cc1	Signal transducer and activator of transcription 3	64	"3CWG,6NJS,6NUQ,6TLC"
Cc1cc(Nc2ncc(C)c(n2)N2CCC(CC#N)CC2)sn1	Signal transducer and activator of transcription 3	65	"6TLC,6NUQ,6NJS,3CWG"
CNc1cc(Nc2cccn(-c3ccccn3)c2=O)nc2c(cnn12)C(=O)N[C@@H]1CCN(C)C1=O	Signal transducer and activator of transcription 3	65	"6TLC,6NUQ,6NJS,3CWG"
CN1CCN(CC1)c1ccc(Nc2ncc(C)c(n2)-c2cnn(CCC#N)c2)cc1	Signal transducer and activator of transcription 3	66	"6TLC,6NUQ,6NJS,3CWG"
CCCC(C)Oc1ccc(C(=O)Nc2ccc3nc(SCC(=O)N[C@@H](C)c4ccc(OC)cc4)sc3c2)c(OC)c1C	Signal transducer and activator of transcription 3	67	"3CWG,6NJS,6NUQ,6TLC"
CC(C)C[C@H](NC(=O)\C=C\c1ccc(OP(O)(O)=O)cc1)C(=O)N1C[C@H]2C[C@H]2[C@H]1C(=O)N[C@@H](CCC(N)=O)C(=O)NCc1ccccc1	Signal transducer and activator of transcription 3	68	"3CWG,6NJS,6NUQ,6TLC"
CC(C)C[C@H](NC(=O)\C=C\c1ccc(OP(O)(O)=O)cc1)C(=O)N1C[C@H]2C[C@H]2[C@H]1C(=O)N[C@@H](CCC(N)=O)[C@@H](C)OCc1ccccc1	Signal transducer and activator of transcription 3	69	"3CWG,6NJS,6NUQ,6TLC"
CC(C)C[C@H](NC(=O)\C=C\c1ccc(OP(O)(O)=O)cc1)C(=O)N1C[C@H]2C[C@H]2[C@H]1C(=O)NCCOCc1ccccc1	Signal transducer and activator of transcription 3	69	"3CWG,6NJS,6NUQ,6TLC"
Cc1cnc(Nc2cnn(C)c2)nc1N1CC2CCCC(C1)N2CCC#N	Signal transducer and activator of transcription 3	69	"6TLC,6NUQ,6NJS,3CWG"
Cn1c(cc2ccc(Oc3cnc(cn3)-c3nc(no3)-c3ccc(cc3)C(F)(F)F)cc12)C(=O)N1CCN(Cc2ccc(cc2)C(F)(F)F)CC1	Signal transducer and activator of transcription 3	72	"3CWG,6NJS,6NUQ,6TLC"
C[C@H]1CN(CCN1CC#N)c1nc(Nc2cc(C)ns2)ncc1C	Signal transducer and activator of transcription 3	73	"6TLC,6NUQ,6NJS,3CWG"
FC(F)(F)COc1ccc(CN2CCN(CC2)C(=O)c2ccc(cn2)-c2nc(no2)-c2ccc(cc2)C(F)(F)F)cc1	Signal transducer and activator of transcription 3	76	"3CWG,6NJS,6NUQ,6TLC"
Cn1c(cc2ccc(Oc3cnc(cn3)-c3nc(no3)-c3ccc(cc3)C(F)(F)F)cc12)C(=O)N1CCN(Cc2ccc(OC(F)(F)F)cc2)CC1	Signal transducer and activator of transcription 3	76	"3CWG,6NJS,6NUQ,6TLC"
C[C@H](Nc1ncc(Cl)c(Nc2cc(C)n[nH]2)n1)c1ncc(F)cn1	Signal transducer and activator of transcription 3	80	"3CWG,6NJS,6NUQ,6TLC"
Cc1cc(Nc2ncc(C)c(n2)N2CC(O)(C2)C2CC2)sn1	Signal transducer and activator of transcription 3	83	"6TLC,6NUQ,6NJS,3CWG"
C[C@H]1CN(C(=O)CC#N)[C@]11CCN(C1)c1ncnc2[nH]ccc12	Signal transducer and activator of transcription 3	84	"3CWG,6NJS,6NUQ,6TLC"
CC(C)(C)c1ccc(CN2CCN(CC2)C(=O)c2ccc(nc2)-c2nc(no2)-c2ccc(cc2)C(F)(F)F)cc1	Signal transducer and activator of transcription 3	88	"3CWG,6NJS,6NUQ,6TLC"
[2H]C([2H])([2H])NC(=O)c1nnc(NC(=O)C2CC2)cc1Nc1cccc(-c2ncn(C)n2)c1OC	Signal transducer and activator of transcription 3	89	"6TLC,6NUQ,6NJS,3CWG"
NC(=O)c1ccccc1Nc1cc(Nc2ccc(F)cn2)ncc1C(N)=O	Signal transducer and activator of transcription 3	89	"6TLC,6NUQ,6NJS,3CWG"
FC(F)(F)COc1ccc(CN2CCN(CC2)C(=O)c2ccc(nc2)-c2nc(no2)-c2ccc(Br)cc2)cc1	Signal transducer and activator of transcription 3	93	"3CWG,6NJS,6NUQ,6TLC"
CC(C)C[C@H](NC(=O)\C=C\c1ccc(OP(O)(O)=O)cc1)C(=O)N1C[C@H]2C[C@H]2[C@H]1C(=O)N[C@@H](CCC(N)=O)COCc1ccccc1	Signal transducer and activator of transcription 3	94	"3CWG,6NJS,6NUQ,6TLC"
FC(F)(F)COc1ccc(CN2CCN(CC2)C(=O)c2ccc(nc2)-c2nc(co2)-c2ccc(cc2)C(F)(F)F)cc1	Signal transducer and activator of transcription 3	94	"3CWG,6NJS,6NUQ,6TLC"
NS(=O)(=O)c1cccc2C(=O)c3c(O)cccc3C(=O)c12	Signal transducer and activator of transcription 3	98	"3CWG,6NJS,6NUQ,6TLC"
Cn1c(cc2ccc(Oc3cnc(cn3)-c3nc(no3)-c3ccc(cc3)C(F)(F)F)cc12)C(=O)N1CCN(Cc2ccc(OCC(F)(F)F)c(F)c2)CC1	Signal transducer and activator of transcription 3	101	"3CWG,6NJS,6NUQ,6TLC"
Cc1cc(Nc2ncc(C)c(n2)-c2cnn(CCC#N)c2)sn1	Signal transducer and activator of transcription 3	103	"6TLC,6NUQ,6NJS,3CWG"
CC(C)C[C@H](NC(=O)[C@H](Cc1ccc(OC(C(O)=O)C(O)=O)cc1)NC(C)=O)C(=O)N1CCC[C@H]1C(=O)N[C@@H](CCC(N)=O)C(=O)N[C@@H]([C@@H](C)O)C(=O)N[C@@H](C(C)C)C(O)=O	Signal transducer and activator of transcription 3	108	"3CWG,6NJS,6NUQ,6TLC"
FC(F)(F)c1ccc(cc1)-c1noc(n1)-c1ccc(cn1)C(=O)N1CCN(Cc2ccc(Cl)cc2)CC1	Signal transducer and activator of transcription 3	109	"3CWG,6NJS,6NUQ,6TLC"
CC(C)C[C@H](NC(=O)\C=C\c1ccc(OP(O)(O)=O)cc1)C(=O)N1CCC[C@H]1C(=O)N[C@H](C)CCC(N)=O	Signal transducer and activator of transcription 3	110	"3CWG,6NJS,6NUQ,6TLC"
COc1ccc(cc1)-c1noc(n1)-c1ccc(cn1)C(=O)N1CCN(Cc2ccc(OCC(F)(F)F)cc2)CC1	Signal transducer and activator of transcription 3	113	"3CWG,6NJS,6NUQ,6TLC"
FC(F)(F)COc1ccc(CN2CCN(CC2)C(=O)c2ccc(nc2)-c2cn(nn2)-c2ccc(cc2)C(F)(F)F)cc1	Signal transducer and activator of transcription 3	113	"3CWG,6NJS,6NUQ,6TLC"
Cc1cc(Nc2ncc(C)c(n2)N2CCN(CC#N)CC2)sn1	Signal transducer and activator of transcription 3	115	"6TLC,6NUQ,6NJS,3CWG"
COc1ccc(cc1)[C@H](C)NC(=O)CSc1nc2ccc(NC(=O)c3ccc(OC)c(C)c3OC)cc2s1	Signal transducer and activator of transcription 3	120	"3CWG,6NJS,6NUQ,6TLC"
Cc1cc(Nc2ncc(C)c(n2)N2CC3CCC(C2)N3CC#N)sn1	Signal transducer and activator of transcription 3	121	"6TLC,6NUQ,6NJS,3CWG"
Fc1ccc(cc1)-c1noc(n1)-c1ccc(cn1)C(=O)N1CCN(Cc2ccc(OCC(F)(F)F)cc2)CC1	Signal transducer and activator of transcription 3	123	"3CWG,6NJS,6NUQ,6TLC"
Cc1cc(Nc2ncc(C)c(n2)N2CC(CC#N)(C2)N2CCCCC2)sn1	Signal transducer and activator of transcription 3	123	"6TLC,6NUQ,6NJS,3CWG"
FC(F)(F)COc1ccc(CN2CCN(CC2)C(=O)c2ccc(nc2)-c2nc(no2)-c2cccc(c2)C(F)(F)F)cc1	Signal transducer and activator of transcription 3	130	"3CWG,6NJS,6NUQ,6TLC"
CC(C)C[C@H](NC(=O)C=Cc1ccc(OP(O)(O)=O)cc1)C(=O)N1CCC[C@H]1C(=O)NCCNC(N)=O	Signal transducer and activator of transcription 3	131	"3CWG,6NJS,6NUQ,6TLC"
COc1ccc(CN2CCN(CC2)C(=O)c2cc3ccc(Oc4cnc(cn4)-c4nc(no4)-c4ccc(cc4)C(F)(F)F)cc3n2C)cc1F	Signal transducer and activator of transcription 3	134	"3CWG,6NJS,6NUQ,6TLC"
CC(C)C[C@H](NC(=O)\C=C\c1ccc(OP(O)(O)=O)cc1)C(=O)N1CCC[C@H]1C(=O)N[C@@H](CCC(N)=O)C(=O)NCc1ccccc1	Signal transducer and activator of transcription 3	135	"3CWG,6NJS,6NUQ,6TLC"
CC(C)C[C@H](NC(=O)\C=C\c1ccc(OP(O)(O)=O)cc1)C(=O)N1CCC[C@H]1C(=O)N[C@@H](CCC(N)=O)C(=O)N[C@@H]([C@@H](C)O)C(N)=O	Signal transducer and activator of transcription 3	136	"3CWG,6NJS,6NUQ,6TLC"
CC(C)C[C@H](NC(=O)\C=C\c1ccc(OP(O)(O)=O)cc1)C(=O)N1CCC[C@H]1C(=O)N[C@@H](CCC(N)=O)C(=O)NCc1ccccc1	Signal transducer and activator of transcription 3	138	"3CWG,6NJS,6NUQ,6TLC"
CC(C)C[C@H](NC(=O)\C=C\c1ccc(OP(O)(O)=O)cc1)C(=O)N1CCC[C@H]1C(=O)N[C@@H](CCC(N)=O)C(=O)NCc1ccccc1	Signal transducer and activator of transcription 3	138	"3CWG,6NJS,6NUQ,6TLC"
COC(=O)[C@H](CCC(N)=O)NC(=O)[C@@H]1Cc2cccc3CC[C@H](NC(=O)\C=C\c4ccc(OP(O)(O)=O)cc4)C(=O)N1c23	Signal transducer and activator of transcription 3	141	"3CWG,6NJS,6NUQ,6TLC"
COc1ccc(CN2CCN(CC2)C(=O)c2ccc(nc2)-c2nc(no2)-c2ccc(cc2)C(F)(F)F)cc1	Signal transducer and activator of transcription 3	148	"3CWG,6NJS,6NUQ,6TLC"
CC(C)C[C@H](NC(=O)[C@H](Cc1ccc(OP(O)(O)=O)cc1)NC(C)=O)C(=O)N1CCC[C@H]1C(=O)N[C@@H](CCC(N)=O)C(=O)N[C@@H]([C@H](C)O)C(=O)N[C@@H](C(C)C)C(N)=O	Signal transducer and activator of transcription 3	150	"3CWG,6NJS,6NUQ,6TLC"
CCCC(C)Oc1ccc(C(=O)Nc2ccc3nc(SCC(=O)N[C@@H](C)c4cccc(O)c4)sc3c2)c(OC)c1C	Signal transducer and activator of transcription 3	150	"3CWG,6NJS,6NUQ,6TLC"
CC1CN(CCN1CC#N)c1nc(Nc2cc(C)ns2)ncc1C	Signal transducer and activator of transcription 3	152	"6TLC,6NUQ,6NJS,3CWG"
CCCC(C)Oc1ccc(C(=O)Nc2ccc3nc(SCC(=O)N[C@@H](C)c4ccccc4)sc3c2)c(OC)c1C	Signal transducer and activator of transcription 3	160	"3CWG,6NJS,6NUQ,6TLC"
NC(=O)CC[C@H](NC(=O)[C@@H]1Cc2cccc3CC[C@H](NC(=O)\C=C\c4ccc(OP(O)(O)=O)cc4)C(=O)N1c23)C(=O)NCc1ccccc1	Signal transducer and activator of transcription 3	162	"3CWG,6NJS,6NUQ,6TLC"
CN1CCN(CC1)C1(CC#N)CN(C1)c1nc(Nc2cc(C)ns2)ncc1C	Signal transducer and activator of transcription 3	162	"6TLC,6NUQ,6NJS,3CWG"
FC(F)(F)COc1ccc(CN2CCN(CC2)C(=O)c2ccc(s2)-c2nc(no2)-c2ccc(cc2)C(F)(F)F)cc1	Signal transducer and activator of transcription 3	167	"3CWG,6NJS,6NUQ,6TLC"
CCn1c(cc2ccc(Oc3cnc(cn3)-c3nc(no3)-c3ccc(cc3)C(F)(F)F)cc12)C(=O)N1CCN(Cc2ccc(OCC(F)(F)F)cc2)CC1	Signal transducer and activator of transcription 3	167	"3CWG,6NJS,6NUQ,6TLC"
CCCC(C)Oc1ccc(C(=O)Nc2ccc3nc(SCC(=O)N[C@@H](C)c4ccccc4O)sc3c2)c(OC)c1C	Signal transducer and activator of transcription 3	170	"3CWG,6NJS,6NUQ,6TLC"
FC(F)(F)Oc1ccc(\C=C\C(=O)N2CCN(CC2)C(=O)c2ccc(nc2)-c2nc(no2)-c2ccc(cc2)C(F)(F)F)cc1	Signal transducer and activator of transcription 3	173	"3CWG,6NJS,6NUQ,6TLC"
CC(C)C[C@H](NC(=O)\C=C\c1ccc(OP(O)(O)=O)cc1)C(=O)N1C[C@H]2C[C@H]2[C@H]1C(=O)N[C@H](C)CCC(N)=O	Signal transducer and activator of transcription 3	175	"3CWG,6NJS,6NUQ,6TLC"
Fc1cccc(c1)-c1noc(n1)-c1ccc(cn1)C(=O)N1CCN(Cc2ccc(OCC(F)(F)F)cc2)CC1	Signal transducer and activator of transcription 3	177	"3CWG,6NJS,6NUQ,6TLC"
NC(=O)c1ccccc1Nc1cc(Nc2ccc(F)cn2)ncc1C(N)=O	Signal transducer and activator of transcription 3	180	"6TLC,6NUQ,6NJS,3CWG"
Cc1ccc(CN2CCN(CC2)C(=O)c2ccc(nc2)-c2nc(no2)-c2ccc(cc2)C(F)(F)F)cc1	Signal transducer and activator of transcription 3	182	"3CWG,6NJS,6NUQ,6TLC"
CC(C)C[C@H](NC(=O)c1cc2cc(OP(O)(O)=O)ccc2[nH]1)C(=O)N1CCC[C@H]1C(=O)N[C@@H](CCC(N)=O)C(=O)N[C@@H]([C@@H](C)O)C(N)=O	Signal transducer and activator of transcription 3	186	"3CWG,6NJS,6NUQ,6TLC"
NC(=O)CC[C@H](NC(=O)[C@@H]1Cc2cccc3CC[C@H](NC(=O)c4cc5cc(OP(O)(O)=O)ccc5[nH]4)C(=O)N1c23)C(=O)NCc1ccccc1	Signal transducer and activator of transcription 3	190	"3CWG,6NJS,6NUQ,6TLC"
Cc1cc(Nc2ncc(C)c(n2)N2CC(CC#N)(C2)N2CCCC2)sn1	Signal transducer and activator of transcription 3	192	"6TLC,6NUQ,6NJS,3CWG"
NC(=O)CC[C@H](NC(=O)[C@@H]1Cc2cccc3C=C[C@H](NC(=O)\C=C\c4ccc(OP(O)(O)=O)cc4)C(=O)N1c23)C(=O)NCc1ccccc1	Signal transducer and activator of transcription 3	195	"3CWG,6NJS,6NUQ,6TLC"
COc1ccc(cc1)S(=O)(=O)Nc1ccccc1-c1ccc(C#N)c(F)c1	Signal transducer and activator of transcription 3	200	"3CWG,6NJS,6NUQ,6TLC"
CCCC(C)Oc1ccc(C(=O)Nc2ccc3nc(SCC(=O)N[C@@H](C)c4ccc(O)cc4)sc3c2)c(OC)c1C	Signal transducer and activator of transcription 3	200	"3CWG,6NJS,6NUQ,6TLC"
COc1ccc(cc1)[C@H](C)NC(=O)CSc1nc2ccc(NC(=O)c3ccc(OCC(C)C)c(C)c3OC)cc2s1	Signal transducer and activator of transcription 3	200	"3CWG,6NJS,6NUQ,6TLC"
CC(CO)C1OC(=O)C=C2C11OC1CC13COC(=O)C1(C)CC(O)CC23C	Signal transducer and activator of transcription 3	200	"3CWG,6NJS,6NUQ,6TLC"
Oc1ccc(Cl)cc1C(=O)Nc1ccc(cc1Cl)[N+]([O-])=O	Signal transducer and activator of transcription 3	210	"3CWG,6NJS,6NUQ,6TLC"
Cn1c(cc2ccc(Oc3cnc(cn3)-c3nc(no3)-c3ccccc3)cc12)C(=O)N1CCN(Cc2ccc(OCC(F)(F)F)cc2)CC1	Signal transducer and activator of transcription 3	217	"3CWG,6NJS,6NUQ,6TLC"
COc1ccc(cc1)[C@H](C)NC(=O)CSc1nc2ccc(NC(=O)c3ccc(OC(C)C)c(C)c3OC)cc2s1	Signal transducer and activator of transcription 3	220	"3CWG,6NJS,6NUQ,6TLC"
Cc1cnc(Nc2cnn(C)c2)nc1-c1cnn(CCC#N)c1	Signal transducer and activator of transcription 3	228	"6TLC,6NUQ,6NJS,3CWG"
CC(C)(C)OC(=O)c1ccc(NC(=O)c2ccc(Cl)c(c2)S(N)(=O)=O)cc1	Signal transducer and activator of transcription 3	230	"3CWG,6NJS,6NUQ,6TLC"
CNC(=O)c1cnc(Nc2ccc(F)cn2)cc1Nc1ccccc1S(C)(=O)=O	Signal transducer and activator of transcription 3	230	"6TLC,6NUQ,6NJS,3CWG"
C[C@@H](O)[C@H](NC(=O)[C@H](CCC(N)=O)NC(=O)[C@@H]1Cc2cccc3CC[C@H](NC(=O)[C@H](Cc4ccc(OP(O)(O)=O)cc4)NC(C)=O)C(=O)N1c23)C(N)=O	Signal transducer and activator of transcription 3	231	"3CWG,6NJS,6NUQ,6TLC"
NC(=O)CC[C@H](NC(=O)[C@@H]1Cc2cccc3CC[C@H](NC(=O)\C=C\c4ccc(OP(O)(O)=O)cc4)C(=O)N1c23)C(N)=O	Signal transducer and activator of transcription 3	233	"3CWG,6NJS,6NUQ,6TLC"
COc1ccc(cc1)[C@H](C)NC(=O)CSc1nc2ccc(NC(=O)c3ccc(OCCN4CCOCC4)c(C)c3OC)cc2s1	Signal transducer and activator of transcription 3	240	"3CWG,6NJS,6NUQ,6TLC"
Oc1ccc(Cl)cc1C(=O)Nc1ccc(cc1Cl)[N+]([O-])=O	Signal transducer and activator of transcription 3	250	"3CWG,6NJS,6NUQ,6TLC"
C\C(=N\O)c1ccc(NC(=O)CSc2nnc(-c3cc(nc4ccccc34)-c3ccc(Cl)cc3)n2CC=C)cc1	Signal transducer and activator of transcription 3	250	"3CWG,6NJS,6NUQ,6TLC"
C[C@H]1C[C@H]2CC[C@H]3OC(=O)C(=C1)[C@@]23O	Signal transducer and activator of transcription 3	250	"3CWG,6NJS,6NUQ,6TLC"
Cc1cc(Nc2ncc(C)c(n2)N2CC(C2)C2CC2)sn1	Signal transducer and activator of transcription 3	251	"6TLC,6NUQ,6NJS,3CWG"
Cc1cc(Nc2ncc(Cl)c(n2)-c2cnn(CCC#N)c2)sn1	Signal transducer and activator of transcription 3	257	"6TLC,6NUQ,6NJS,3CWG"
Cc1ccc(cc1)-c1noc(n1)-c1ccc(cn1)C(=O)N1CCN(Cc2ccc(OCC(F)(F)F)cc2)CC1	Signal transducer and activator of transcription 3	258	"3CWG,6NJS,6NUQ,6TLC"
Cc1cc(Nc2ncc(C)c(n2)N2CC(CC#N)C2)sn1	Signal transducer and activator of transcription 3	259	"6TLC,6NUQ,6NJS,3CWG"
COCCOc1ccc(C(=O)Nc2ccc3nc(SCC(=O)N[C@@H](C)c4ccc(OC)cc4)sc3c2)c(OC)c1C	Signal transducer and activator of transcription 3	260	"3CWG,6NJS,6NUQ,6TLC"
Cc1cnc(Nc2ccc(cc2)N2CCOCC2)nc1-c1cnn(CCC#N)c1	Signal transducer and activator of transcription 3	260	"6TLC,6NUQ,6NJS,3CWG"
CNC(=O)[C@H](CCC(N)=O)NC(=O)[C@@H]1Cc2cccc3CC[C@H](NC(=O)\C=C\c4ccc(OP(O)(O)=O)cc4)C(=O)N1c23	Signal transducer and activator of transcription 3	269	"3CWG,6NJS,6NUQ,6TLC"
CC(=C)C(=O)CC[C@](C)(O[C@@H]1O[C@H](CO[C@@H]2O[C@H](CO)[C@@H](O)[C@H](O)[C@H]2O)[C@@H](O)[C@H](O)[C@H]1O)[C@H]1CC[C@]2(C)[C@@H]1[C@H](O)C[C@@H]1[C@@]3(C)C[C@@H](O)[C@H](O)C(C)(C)[C@@H]3CC[C@@]21C	Signal transducer and activator of transcription 3	270	"3CWG,6NJS,6NUQ,6TLC"
CCCC(C)Oc1ccc(C(=O)Nc2ccc3nc(SCC(=O)N[C@@H](C)c4cccc(OC)c4)sc3c2)c(OC)c1C	Signal transducer and activator of transcription 3	270	"3CWG,6NJS,6NUQ,6TLC"
FC(F)(F)COc1ccc(CN2CCN(CC2)C(=O)c2ccc(nc2)-c2nc(no2)-c2ccc(Cl)cc2)cc1	Signal transducer and activator of transcription 3	271	"3CWG,6NJS,6NUQ,6TLC"
CC(C)C[C@H](NC(=O)\C=C\c1ccc(OP(O)(O)=O)cc1)C(=O)N1CCC[C@H]1C(=O)N[C@@H](CCC(N)=O)[C@@H](C)OCc1ccccc1	Signal transducer and activator of transcription 3	272	"3CWG,6NJS,6NUQ,6TLC"
CS(=O)(=O)c1ccc(CN2CCN(CC2)C(=O)c2ccc(nc2)-c2nc(no2)-c2ccc(cc2)C(F)(F)F)cc1	Signal transducer and activator of transcription 3	273	"3CWG,6NJS,6NUQ,6TLC"
c1cc2nc1cc1ccc([nH]1)c(-c1ccccc1)c1ccc(cc3ccc(n3)c2-c2ccccc2)[nH]1	Signal transducer and activator of transcription 3	280	"3CWG,6NJS,6NUQ,6TLC"
CC(C)C[C@H](NC(=O)[C@H](Cc1ccc(OP(O)(O)=O)cc1)NC(C)=O)C(=O)N1CCC[C@H]1C(=O)N[C@@H](CCC(N)=O)C(=O)N[C@@H](C(C)O)C(=O)N[C@@H](C(C)C)C(N)=O	Signal transducer and activator of transcription 3	290	"3CWG,6NJS,6NUQ,6TLC"
CC(C)C[C@H](NC(=O)\C=C\c1ccc(OP(O)(O)=O)cc1)C(=O)N1C[C@H]2C[C@H]2[C@H]1C(=O)N[C@@H](CCC(N)=O)COC(C)=O	Signal transducer and activator of transcription 3	290	"3CWG,6NJS,6NUQ,6TLC"
CC(C)C[C@H](NC(=O)[C@H](Cc1ccc(OP(O)(O)=O)cc1)NC(C)=O)C(=O)N1CCC[C@H]1C(=O)N[C@@H](CCC(N)=O)C(=O)N[C@@H]([C@H](C)O)C(=O)N[C@@H](C(C)C)C(N)=O	Signal transducer and activator of transcription 3	290	"3CWG,6NJS,6NUQ,6TLC"
CC(C)C[C@H](NC(=O)\C=C\c1ccc(OP(O)(O)=O)cc1)C(=O)N1CCC[C@H]1C(=O)N[C@@H](CCC(N)=O)COCc1ccccc1	Signal transducer and activator of transcription 3	294	"3CWG,6NJS,6NUQ,6TLC"
Fc1cc(CN2CCN(CC2)C(=O)c2ccc(nc2)-c2nc(no2)-c2ccc(cc2)C(F)(F)F)ccc1Br	Signal transducer and activator of transcription 3	296	"3CWG,6NJS,6NUQ,6TLC"
CC(C)C[C@H](NC(=O)[C@H](Cc1ccc(O)cc1)NC(=O)[C@H]1CCCN1C(=O)CN)C(=O)N1CCC[C@H]1C(=O)N[C@@H](CCC(N)=O)C(=O)N[C@@H]([C@H](C)O)C(=O)N[C@@H](C(C)C)C(N)=O	Signal transducer and activator of transcription 3	300	"3CWG,6NJS,6NUQ,6TLC"
CC(C)C[C@H](NC(=O)\C=C\c1ccc(OP(O)(O)=O)cc1)C(=O)N1C[C@H]2C[C@H]2[C@H]1C(=O)NCCCC(N)=O	Signal transducer and activator of transcription 3	303	"3CWG,6NJS,6NUQ,6TLC"
Fc1ccc(CN2CCN(CC2)C(=O)c2ccc(nc2)-c2nc(no2)-c2ccc(cc2)C(F)(F)F)cc1	Signal transducer and activator of transcription 3	304	"3CWG,6NJS,6NUQ,6TLC"
C[C@H]1CN(C(=O)CC#N)[C@]11CCN(C1)c1ncnc2[nH]ccc12	Signal transducer and activator of transcription 3	304	"3CWG,6NJS,6NUQ,6TLC"
CC(C)NC(=O)[C@H](CCC(N)=O)NC(=O)[C@@H]1Cc2cccc3CC[C@H](NC(=O)\C=C\c4ccc(OP(O)(O)=O)cc4)C(=O)N1c23	Signal transducer and activator of transcription 3	305	"3CWG,6NJS,6NUQ,6TLC"
CC(=O)Oc1ccc(CN2CCN(CC2)C(=O)c2ccc(nc2)-c2nc(no2)-c2ccc(cc2)C(F)(F)F)cc1	Signal transducer and activator of transcription 3	306	"3CWG,6NJS,6NUQ,6TLC"
COc1ccc(cc1)S(=O)(=O)N(C(C)=O)c1ccccc1-c1ccc(cc1)C#N	Signal transducer and activator of transcription 3	320	"3CWG,6NJS,6NUQ,6TLC"
C\C(=N\O)c1ccc(NC(=O)CSc2nnc(-c3cc(nc4ccccc34)-c3ccccc3)n2CC=C)cc1	Signal transducer and activator of transcription 3	320	"3CWG,6NJS,6NUQ,6TLC"
FC(F)(F)Oc1cccc(CN2CCN(CC2)C(=O)c2ccc(nc2)-c2nc(no2)-c2ccc(cc2)C(F)(F)F)c1	Signal transducer and activator of transcription 3	325	"3CWG,6NJS,6NUQ,6TLC"
ONC(=O)c1ccc(cc1O)N(Cc1ccc(cn1)C1CCCCC1)C(=O)[C@H]1CCN1S(=O)(=O)c1c(F)c(F)c(F)c(F)c1F	Signal transducer and activator of transcription 3	337	"3CWG,6NJS,6NUQ,6TLC"
CC(C)C(=O)n1c(cc2ccc(Oc3cnc(cn3)-c3nc(no3)-c3ccc(cc3)C(F)(F)F)cc12)C(=O)N1CCN(Cc2ccc(OCC(F)(F)F)cc2)CC1	Signal transducer and activator of transcription 3	337	"3CWG,6NJS,6NUQ,6TLC"
ONC(=O)c1ccc(cc1O)N(Cc1ccc(cn1)C1CCCCC1)C(=O)[C@H]1CCN1S(=O)(=O)c1c(F)c(F)c(F)c(F)c1F	Signal transducer and activator of transcription 3	340	"3CWG,6NJS,6NUQ,6TLC"
Cc1cc(Nc2ncc(C)c(n2)N2CC(CC#N)(C2)OC2CC3(CC3)C2)sn1	Signal transducer and activator of transcription 3	341	"6TLC,6NUQ,6NJS,3CWG"
NC(=O)CC[C@H](NC(=O)[C@@H]1Cc2cccc3CC[C@H](NC(=O)\C=C\c4ccc(OP(O)(O)=O)cc4)C(=O)N1c23)C(O)=O	Signal transducer and activator of transcription 3	359	"3CWG,6NJS,6NUQ,6TLC"
FC(F)(F)Oc1ccc(CC(=O)N2CCN(CC2)C(=O)c2ccc(nc2)-c2nc(no2)-c2ccc(cc2)C(F)(F)F)cc1	Signal transducer and activator of transcription 3	359	"3CWG,6NJS,6NUQ,6TLC"
CC(C)C[C@H](NC(=O)C=Cc1ccc(OP(O)(O)=O)cc1)C(=O)N1CCC[C@H]1C(=O)NCCOC(N)=O	Signal transducer and activator of transcription 3	360	"3CWG,6NJS,6NUQ,6TLC"
CC(C)C[C@H](NC(=O)C=Cc1ccc(OP(O)(O)=O)cc1)C(=O)N1CCC[C@H]1C(=O)N[C@@H](COC(N)=O)C(=O)NCc1ccccc1	Signal transducer and activator of transcription 3	379	"3CWG,6NJS,6NUQ,6TLC"
CC(C)C[C@H](NC(=O)C=Cc1ccc(OP(O)(O)=O)cc1)C(=O)N1CCC[C@H]1C(=O)N[C@@H](COC(N)=O)C(=O)NCc1ccccc1	Signal transducer and activator of transcription 3	379	"3CWG,6NJS,6NUQ,6TLC"
OC(=O)c1ccc(cc1O)N(Cc1ccc(cn1)C1CCCCC1)C(=O)[C@H]1CCN1S(=O)(=O)c1c(F)c(F)c(F)c(F)c1F	Signal transducer and activator of transcription 3	384	"3CWG,6NJS,6NUQ,6TLC"
CC(C)C[C@H](NC(=O)[C@H](Cc1ccc(OP(O)(O)=O)cc1)NC(C)=O)C(=O)N1CCC[C@H]1C(=O)N[C@@H](CCC(N)=O)C(=O)NCc1ccccc1	Signal transducer and activator of transcription 3	409	"3CWG,6NJS,6NUQ,6TLC"
CC(C)C[C@H](NC(=O)[C@H](Cc1ccc(OP(O)(O)=O)cc1)NC(=O)CNC(=O)CCNC(=O)CCNC(=O)CC[C@@H]1NC(=O)[C@@H](CCCNC(N)=N)NC(=O)[C@H](CCCNC(N)=N)NC(=O)[C@@H](CCCNC(N)=N)NC(=O)[C@H](CCCNC(N)=N)NC(=O)[C@H](Cc2ccc3ccccc3c2)NC(=O)[C@@H](Cc2ccccc2)NC(=O)[C@H](Cc2ccccc2)NC1=O)C(=O)N1CCC[C@H]1C(=O)N[C@@H](CCC(N)=O)C(=O)N[C@@H]([C@@H](C)O)C(=O)N[C@@H](C(C)C)C(N)=O	Signal transducer and activator of transcription 3	410	"3CWG,6NJS,6NUQ,6TLC"
OC(=O)c1ccc(cc1O)N(Cc1cnc(cn1)C1CCCCC1)C(=O)[C@H]1CCN1S(=O)(=O)c1c(F)c(F)c(F)c(Cl)c1F	Signal transducer and activator of transcription 3	422	"3CWG,6NJS,6NUQ,6TLC"
Cn1c(cc2ccc(Oc3cnc(cn3)-c3nc(no3)-c3ccc(cc3)C(F)(F)F)cc12)C(=O)N1CCN(Cc2ccc(F)cc2)CC1	Signal transducer and activator of transcription 3	427	"3CWG,6NJS,6NUQ,6TLC"
CC(C)C[C@H](NC(=O)\C=C\c1ccc(OP(O)(O)=O)cc1)C(=O)N1C[C@H]2C[C@H]2[C@H]1C(=O)N[C@@H](CCC(N)=O)[C@@H](C)O	Signal transducer and activator of transcription 3	437	"3CWG,6NJS,6NUQ,6TLC"
COc1ccc(cc1)S(=O)(=O)Nc1ccccc1-c1ccc(cc1)C#N	Signal transducer and activator of transcription 3	440	"3CWG,6NJS,6NUQ,6TLC"
CC(C)C[C@H](NC(=O)C=Cc1ccc(OP(O)(O)=O)cc1)C(=O)N1CCC[C@H]1C(=O)N[C@H](COCc1ccccc1)COC(N)=O	Signal transducer and activator of transcription 3	454	"3CWG,6NJS,6NUQ,6TLC"
OC(=O)c1ccc(cc1O)N(Cc1ncc(cn1)C1CCCCC1)C(=O)[C@H]1CCN1S(=O)(=O)c1c(F)c(F)c(F)c(F)c1F	Signal transducer and activator of transcription 3	456	"3CWG,6NJS,6NUQ,6TLC"
OC(=O)c1ccc(cc1O)N(Cc1cnc(cn1)C1CCCCC1)C(=O)[C@H]1CCN1S(=O)(=O)c1c(F)c(F)c(F)c(F)c1F	Signal transducer and activator of transcription 3	458	"3CWG,6NJS,6NUQ,6TLC"
CCCC(C)Oc1ccc(C(=O)Nc2ccc3nc(SCC(=O)N[C@@H](C)c4ccccc4)sc3c2)c(C)c1C	Signal transducer and activator of transcription 3	460	"3CWG,6NJS,6NUQ,6TLC"
FC(F)(F)c1ccc(cc1)-c1noc(n1)-c1ccc(cn1)C(=O)N1CCN(Cc2ccc(cc2)C#N)CC1	Signal transducer and activator of transcription 3	477	"3CWG,6NJS,6NUQ,6TLC"
Cc1cc(Nc2ncc(C)c(n2)N2CC(CCC#N)C2)sn1	Signal transducer and activator of transcription 3	481	"6TLC,6NUQ,6NJS,3CWG"
Cc1ccc(CN2CCN(CC2)C(=O)c2cc3ccc(Oc4cnc(cn4)-c4nc(no4)-c4ccc(cc4)C(F)(F)F)cc3n2C)cc1	Signal transducer and activator of transcription 3	492	"3CWG,6NJS,6NUQ,6TLC"
CCCC[C@H](CCC(N)=O)NC(=O)[C@@H]1[C@@H]2C[C@@H]2CN1C(=O)[C@H](CC(C)C)NC(=O)\C=C\c1ccc(OP(O)(O)=O)cc1	Signal transducer and activator of transcription 3	499	"3CWG,6NJS,6NUQ,6TLC"
CC(C)\C=C\C[C@](C)(O[C@@H]1O[C@H](CO[C@@H]2O[C@@H](C)[C@H](O)[C@@H](O)[C@H]2O)[C@@H](O)[C@H](O)[C@H]1O)[C@H]1CC[C@]2(C)[C@@H]1[C@H](O)C[C@@H]1[C@@]3(C)C[C@@H](O)[C@H](O)C(C)(C)[C@@H]3CC[C@@]21C	Signal transducer and activator of transcription 3	500	"3CWG,6NJS,6NUQ,6TLC"
C[C@@H]1C[C@H](O)C2=C(COC(=O)\C=C(/C)CCC=C(C)C)C(=O)O\C2=C\[C@@]2(C)CC[C@]1(O)O2	Signal transducer and activator of transcription 3	500	"3CWG,6NJS,6NUQ,6TLC"
CC(CCC=C(C)C)CC(=O)OCC1=C2[C@@H](O)C[C@@H](C)[C@]3(O)CC[C@@](C)(O3)\C=C2\OC1=O	Signal transducer and activator of transcription 3	500	"3CWG,6NJS,6NUQ,6TLC"
C[C@@H]1C[C@H](O)C2=C(COC(=O)CCc3ccccc3)C(=O)O\C2=C\[C@@]2(C)CC[C@]1(O)O2	Signal transducer and activator of transcription 3	500	"3CWG,6NJS,6NUQ,6TLC"
C\C=C(/C)C(=O)OCC1=C2[C@H](C[C@@H](C)[C@]3(O)CC[C@@](C)(O3)\C=C2\OC1=O)OC(=O)C(\C)=C\C	Signal transducer and activator of transcription 3	500	"3CWG,6NJS,6NUQ,6TLC"
CO[C@@]12CC[C@@](C)(O1)\C=C1\OC(=O)C(COC(=O)C(\C)=C\C)=C1[C@H](C[C@H]2C)OC(=O)C(\C)=C\C	Signal transducer and activator of transcription 3	500	"3CWG,6NJS,6NUQ,6TLC"
CONC(=O)c1ccc(cc1O)N(Cc1ccc(cn1)C1CCCCC1)C(=O)[C@H]1CCN1S(=O)(=O)c1c(F)c(F)c(F)c(F)c1F	Signal transducer and activator of transcription 3	510	"3CWG,6NJS,6NUQ,6TLC"
CC(C)C[C@H](NC(=O)\C=C\c1ccc(OP(O)(O)=O)cc1)C(=O)N1C[C@H]2C[C@H]2[C@H]1C(=O)N[C@@H](CCC(N)=O)C(C)C	Signal transducer and activator of transcription 3	511	"3CWG,6NJS,6NUQ,6TLC"
CONC(=O)c1ccc(cc1O)N(Cc1ccc(cn1)C1CCCCC1)C(=O)[C@H]1CCN1S(=O)(=O)c1c(F)c(F)c(F)c(F)c1F	Signal transducer and activator of transcription 3	511	"3CWG,6NJS,6NUQ,6TLC"
FC(F)(F)COc1ccc(CN2CCN(CC2)C(=O)c2ccc(nc2)-c2nc(cs2)-c2ccc(cc2)C(F)(F)F)cc1	Signal transducer and activator of transcription 3	516	"3CWG,6NJS,6NUQ,6TLC"
COc1ccc(cc1)[C@H](C)NC(=O)CSc1nc2ccc(NC(=O)c3ccc(OCCN(C)C)c(C)c3OC)cc2s1	Signal transducer and activator of transcription 3	520	"3CWG,6NJS,6NUQ,6TLC"
ONC(=O)c1ccc(cc1O)N(Cc1cnc(cn1)C1CCCCC1)C(=O)[C@H]1CCN1S(=O)(=O)c1c(F)c(F)c(F)c(F)c1F	Signal transducer and activator of transcription 3	530	"3CWG,6NJS,6NUQ,6TLC"
CCCN1CCN(CC1)C(=O)c1ccc(nc1)-c1nc(no1)-c1ccc(cc1)C(F)(F)F	Signal transducer and activator of transcription 3	533	"3CWG,6NJS,6NUQ,6TLC"
ONC(=O)c1ccc(cc1O)N(Cc1cnc(cn1)C1CCCCC1)C(=O)[C@H]1CCN1S(=O)(=O)c1c(F)c(F)c(F)c(F)c1F	Signal transducer and activator of transcription 3	534	"3CWG,6NJS,6NUQ,6TLC"
