Ligand SMILES	Target Name	IC50 (nM)	Curation/DataSource	PDB ID(s) of Target Chain
CC(C)c1c([nH]c2ccc(nc12)C1CCC(CC1)NCCS(C)(=O)=O)-c1cn2ncnc2c(C)c1C	Toll-like receptor 7	2.7	US Patent	7CYN
CC(C)c1c([nH]c2ccc(nc12)N1CCNC[C@@H]1C)-c1cn2ncnc2c(C)c1C	Toll-like receptor 7	2.7	US Patent	7CYN
CC(C)c1c([nH]c2ccc(nc12)C1CCC(CC1)N1CC2(COC2)C1)-c1cn2ncnc2c(C)c1C	Toll-like receptor 7	2.7	US Patent	7CYN
CC(C)c1c([nH]c2ccc(cc12)C1CCN(CC1)C(=O)C1CCCO1)-c1cc(c2ncnn2c1)C(F)(F)F	Toll-like receptor 7	2.8	US Patent	7CYN
COc1cc(cn2ncnc12)-c1[nH]c2ccc(cc2c1CC(F)F)C1CCNCC1	Toll-like receptor 7	2.8	US Patent	7CYN
CC(C)c1c([nH]c2ccc(cc12)C1CCN(CC1)C(=O)C1CN(C)C(=O)C1)-c1cc(C)c2ncnn2c1	Toll-like receptor 7	2.8	US Patent	7CYN
CCOc1cc(cn2ncnc12)-c1[nH]c2ccc(cc2c1C(C)C)C1CCN(CC(=O)N(C)C)CC1	Toll-like receptor 7	2.8	US Patent	7CYN
CC(C)c1c([nH]c2ccc(cc12)C1CCN(Cc2ccnn2C)CC1)-c1cc(C)c2ncnn2c1	Toll-like receptor 7	2.8	US Patent	7CYN
CC(C)c1c([nH]c2ccc(cc12)C1CCN(Cc2cnc(C)nc2)CC1)-c1cc(CO)c2ncnn2c1	Toll-like receptor 7	2.8	US Patent	7CYN
CC(C)c1c([nH]c2ccc(cc12)C1CCN(Cc2ncccn2)CC1)-c1cc(CO)c2ncnn2c1	Toll-like receptor 7	2.8	US Patent	7CYN
CC(C)c1c([nH]c2ccc(cc12)C1CCN(CC1)C(=O)CN1CCC(F)(F)CC1)-c1cc(C)c2ncnn2c1	Toll-like receptor 7	2.8	US Patent	7CYN
CNC(=O)CNC1CCC(C1)c1ccc2[nH]c(c(C(C)C)c2n1)-c1cc(OC)c2ncnn2c1	Toll-like receptor 7	2.8	US Patent	7CYN
CC(C)N1[C@H]2C[C@@H]1CN(C2)c1ccc2[nH]c(c(C(C)C)c2n1)-c1cn2ncnc2c(C)c1C	Toll-like receptor 7	2.8	US Patent	7CYN
CC(C)c1c([nH]c2ccc(cc12)C1CCN(CC1)C(=O)CN1CCC(F)(F)CC1)-c1cc(C)c2ncnn2c1	Toll-like receptor 7	2.8	US Patent	7CYN
CC(C)c1c([nH]c2ccc(cc12)C1CCN(CC1)C(=O)C1CCCO1)-c1cc(c2ncnn2c1)C(F)(F)F	Toll-like receptor 7	2.8	US Patent	7CYN
CC(C)c1c([nH]c2ccc(nc12)N1C[C@@H](C)N([C@H](C)C1)C(=O)CCN(C)C)-c1cn2ncnc2c(C)c1C	Toll-like receptor 7	2.8	US Patent	7CYN
CC(C)c1c([nH]c2ccc(nc12)N1CCN(CC1)C(=O)CN1CCC(C)(O)C1)-c1cn2ncnc2c(C)c1C	Toll-like receptor 7	2.8	US Patent	7CYN
CC(C)c1c([nH]c2ccc(nc12)C1CCC(CC1)N1CC(C1)C(=O)N(C)C)-c1cn2ncnc2c(C)c1C	Toll-like receptor 7	2.8	US Patent	7CYN
COc1cc(cn2ncnc12)-c1[nH]c2ccc(nc2c1C(C)C)N1CCN(CCCS(C)(=O)=O)CC1	Toll-like receptor 7	2.8	US Patent	7CYN
CC(C)c1c([nH]c2ccc(nc12)N1CCCNCC1)-c1cn2ncnc2c(C)c1C	Toll-like receptor 7	2.8	US Patent	7CYN
COc1cc(cn2ncnc12)-c1[nH]c2ccc(nc2c1C(C)C)C1CCC(CC1)NC1COC1	Toll-like receptor 7	2.8	US Patent	7CYN
COc1cc(cn2ncnc12)-c1[nH]c2cc(C)c(nc2c1C(C)C)C1CCC(CC1)NC1(C)COC1	Toll-like receptor 7	2.8	US Patent	7CYN
COc1cc(cn2ncnc12)-c1[nH]c2cc(C)c(nc2c1C(C)C)C1CCC(CC1)N(C)CC(C)(C)C	Toll-like receptor 7	2.8	US Patent	7CYN
CC(C)c1c([nH]c2ccc(nc12)C1CCC(CC1)N(C)C)-c1cn2ncnc2c(C)c1C	Toll-like receptor 7	2.8	US Patent	7CYN
COc1cc(cn2ncnc12)-c1[nH]c2ccc(cc2c1CC(F)F)C1CCNCC1	Toll-like receptor 7	2.8	US Patent	7CYN
CC(C)c1c([nH]c2ccc(cc12)C1CCN(CC1)C(=O)C1CN(C)C(=O)C1)-c1cc(C)c2ncnn2c1	Toll-like receptor 7	2.8	US Patent	7CYN
CC(C)c1c([nH]c2ccc(nc12)C1CCC(CC1)NCC1CCCCS1(=O)=O)-c1cn2ncnc2c(C)c1C	Toll-like receptor 7	2.8	US Patent	7CYN
CCOc1cc(cn2ncnc12)-c1[nH]c2ccc(cc2c1C(C)C)C1CCN(CC(=O)N(C)C)CC1	Toll-like receptor 7	2.8	US Patent	7CYN
CC(C)c1c([nH]c2ccc(cc12)C1CCN(Cc2ccnn2C)CC1)-c1cc(C)c2ncnn2c1	Toll-like receptor 7	2.8	US Patent	7CYN
COc1cc(cn2ncnc12)-c1[nH]c2ccc(OCC3CCN(CCS(C)(=O)=O)CC3)nc2c1C(C)C	Toll-like receptor 7	2.8	US Patent	7CYN
CC(C)c1c([nH]c2ccc(cc12)C1CCN(Cc2cnc(C)nc2)CC1)-c1cc(CO)c2ncnn2c1	Toll-like receptor 7	2.8	US Patent	7CYN
CC(C)c1c([nH]c2ccc(cc12)C1CCN(Cc2ncccn2)CC1)-c1cc(CO)c2ncnn2c1	Toll-like receptor 7	2.8	US Patent	7CYN
CNC(=O)CN1CCC(CC1)c1ccc2[nH]c(c(C(C)C)c2c1)-c1cc(C)ncc1F	Toll-like receptor 7	2.8	US Patent	7CYN
CC(C)c1c([nH]c2ccc(cc12)C1CCN(CC1)C(=O)C1(C)CCNCC1)-c1cc(C)nc(C)c1	Toll-like receptor 7	2.8	US Patent	7CYN
CC(C)c1c([nH]c2ccc(cc12)C1CCN(CC(=O)N2CCC(F)C2)CC1)-c1cc(C)nc(C)c1	Toll-like receptor 7	2.8	US Patent	7CYN
CC(C)c1c([nH]c2ccc(cc12)C1CCN(CC1)C(=O)CNCC1CC1)-c1cc(C)nc(C)c1	Toll-like receptor 7	2.8	US Patent	7CYN
CC(C)c1c([nH]c2ccc(cc12)C1CCN(CC1)C(=O)CN(C)CC#N)-c1cc(C)nc(C)c1	Toll-like receptor 7	2.8	US Patent	7CYN
CC(C)c1c([nH]c2ccc(nc12)N1CCCNCC1)-c1cn2ncnc2c(C)c1C	Toll-like receptor 7	2.8	US Patent	7CYN
COc1cc(cn2ncnc12)-c1[nH]c2ccc(nc2c1C(C)C)C1CCC(CC1)NC1COC1	Toll-like receptor 7	2.8	US Patent	7CYN
CC(C)N1[C@H]2C[C@@H]1CN(C2)c1ccc2[nH]c(c(C(C)C)c2n1)-c1cn2ncnc2c(C)c1C	Toll-like receptor 7	2.8	US Patent	7CYN
COc1cc(cn2ncnc12)-c1[nH]c2cc(C)c(nc2c1C(C)C)C1CCC(CC1)NC1(C)COC1	Toll-like receptor 7	2.8	US Patent	7CYN
COc1cc(cn2ncnc12)-c1[nH]c2cc(C)c(nc2c1C(C)C)C1CCC(CC1)N(C)CC(C)(C)C	Toll-like receptor 7	2.8	US Patent	7CYN
CC(C)c1c([nH]c2ccc(nc12)C1CCC(CC1)N(C)C)-c1cn2ncnc2c(C)c1C	Toll-like receptor 7	2.8	US Patent	7CYN
CC(C)c1c([nH]c2ccc(nc12)C1CCC(CC1)NCC1CCCCS1(=O)=O)-c1cn2ncnc2c(C)c1C	Toll-like receptor 7	2.8	US Patent	7CYN
CC(C)c1c([nH]c2ccc(nc12)N1C[C@@H](C)N([C@H](C)C1)C(=O)CCN(C)C)-c1cn2ncnc2c(C)c1C	Toll-like receptor 7	2.8	US Patent	7CYN
CC(C)c1c([nH]c2ccc(nc12)N1CCN(CC1)C(=O)CN1CCC(C)(O)C1)-c1cn2ncnc2c(C)c1C	Toll-like receptor 7	2.8	US Patent	7CYN
COc1cc(cn2ncnc12)-c1[nH]c2ccc(OCC3CCN(CCS(C)(=O)=O)CC3)nc2c1C(C)C	Toll-like receptor 7	2.8	US Patent	7CYN
CC(C)c1c([nH]c2ccc(nc12)C1CCC(CC1)N1CC(C1)C(=O)N(C)C)-c1cn2ncnc2c(C)c1C	Toll-like receptor 7	2.8	US Patent	7CYN
CNC(=O)CNC1CCC(C1)c1ccc2[nH]c(c(C(C)C)c2n1)-c1cc(OC)c2ncnn2c1	Toll-like receptor 7	2.8	US Patent	7CYN
COc1cc(cn2ncnc12)-c1[nH]c2ccc(nc2c1C(C)C)N1CCN(CCCS(C)(=O)=O)CC1	Toll-like receptor 7	2.8	US Patent	7CYN
CC(C)c1c([nH]c2ccc(nc12)N1CCCNCC1)-c1cn2ncnc2c(C)c1C	Toll-like receptor 7	2.8	US Patent	7CYN
COc1cc(cn2ncnc12)-c1[nH]c2cc(C)c(nc2c1C(C)C)C1CCC(CC1)NC1(C)COC1	Toll-like receptor 7	2.8	US Patent	7CYN
CC(C)c1c([nH]c2ccc(nc12)N1C[C@@H](C)N([C@H](C)C1)C(=O)CCN(C)C)-c1cn2ncnc2c(C)c1C	Toll-like receptor 7	2.8	US Patent	7CYN
CC(C)c1c([nH]c2ccc(nc12)N1CCN(CC1)C(=O)CN1CCC(C)(O)C1)-c1cn2ncnc2c(C)c1C	Toll-like receptor 7	2.8	US Patent	7CYN
COc1cc(cn2ncnc12)-c1[nH]c2cnc(cc2c1C(C)C)N1CCC(CC1)NC1CCOCC1	Toll-like receptor 7	2.8	US Patent	7CYN
COc1cc(cn2ncnc12)-c1[nH]c2cnc(C3CCN(CC3)C3COC3)c(F)c2c1C(C)C	Toll-like receptor 7	2.8	US Patent	7CYN
CC(C)N1[C@H]2C[C@@H]1CN(C2)c1ccc2[nH]c(c(C(C)C)c2n1)-c1cn2ncnc2c(C)c1C	Toll-like receptor 7	2.8	US Patent	7CYN
COc1cc(cn2ncnc12)-c1[nH]c2ccc(nc2c1C(C)C)C1CCC(CC1)NC1COC1	Toll-like receptor 7	2.8	US Patent	7CYN
COc1cc(cn2ncnc12)-c1[nH]c2ccc(OCC3CCN(CCS(C)(=O)=O)CC3)nc2c1C(C)C	Toll-like receptor 7	2.8	US Patent	7CYN
CC(C)c1c([nH]c2ccc(nc12)C1CCC(CC1)N(C)C)-c1cn2ncnc2c(C)c1C	Toll-like receptor 7	2.8	US Patent	7CYN
CC(C)c1c([nH]c2ccc(nc12)C1CCC(CC1)N1CC(C1)C(=O)N(C)C)-c1cn2ncnc2c(C)c1C	Toll-like receptor 7	2.8	US Patent	7CYN
CNC(=O)CNC1CCC(C1)c1ccc2[nH]c(c(C(C)C)c2n1)-c1cc(OC)c2ncnn2c1	Toll-like receptor 7	2.8	US Patent	7CYN
CC(C)c1c([nH]c2cnc(N3CCN(CC#N)C[C@H]3C)c(F)c12)-c1cn2ncnc2c(C)c1C	Toll-like receptor 7	2.8	US Patent	7CYN
CC(C)c1c([nH]c2ccc(nc12)C1CCC(CC1)NCC1CCCCS1(=O)=O)-c1cn2ncnc2c(C)c1C	Toll-like receptor 7	2.8	US Patent	7CYN
COc1cc(cn2ncnc12)-c1[nH]c2ccc(nc2c1C(C)C)N1CCN(CCCS(C)(=O)=O)CC1	Toll-like receptor 7	2.8	US Patent	7CYN
COc1cc(cn2ncnc12)-c1[nH]c2cc(C)c(nc2c1C(C)C)C1CCC(CC1)N(C)CC(C)(C)C	Toll-like receptor 7	2.8	US Patent	7CYN
CCc1c([nH]c2ccc(cc12)C1CCN(CC1)C(=O)CNC)-c1cc(OC)c2ncnn2c1	Toll-like receptor 7	2.9	US Patent	7CYN
CCc1c([nH]c2ccc(cc12)C1CCN(CC1)C(=O)CN(C)C)-c1cc(C)c2ncnn2c1	Toll-like receptor 7	2.9	US Patent	7CYN
CC(C)CN(C)CC(=O)N1CCC(CC1)c1ccc2[nH]c(c(C(C)C)c2c1)-c1cn2ncnc2c(C)c1C	Toll-like receptor 7	2.9	US Patent	7CYN
CC(C)c1c([nH]c2ccc(cc12)C1CCN(CC(=O)N(C)CCC2(O)CCCC2)CC1)-c1cc(C)c2ncnn2c1	Toll-like receptor 7	2.9	US Patent	7CYN
COc1c(C)c(cn2ncnc12)-c1[nH]c2ccc(cc2c1C(C)C)C1CCN(CC(=O)N2CCOCC2)CC1	Toll-like receptor 7	2.9	US Patent	7CYN
CC(C)c1c([nH]c2ccc(cc12)C1CCN(CC(=O)N2CCS(=O)(=O)NC2)CC1)-c1cc(C)c2ncnn2c1	Toll-like receptor 7	2.9	US Patent	7CYN
COCCN1CCCC1CNC(=O)N1CCC(CC1)c1ccc2[nH]c(c(C(C)C)c2c1)-c1cn2ncnc2c(C)c1C	Toll-like receptor 7	2.9	US Patent	7CYN
CNC(=O)CN1CCC(CC1)c1ccc2[nH]c(c(C(C)C)c2c1)-c1cc(F)c2ncnn2c1	Toll-like receptor 7	2.9	US Patent	7CYN
CNC(=O)CN1CCC(CC1)c1ccc2[nH]c(c(C(C)C)c2c1)-c1ccc2ncnn2c1	Toll-like receptor 7	2.9	US Patent	7CYN
CCc1c([nH]c2ccc(cc12)C1CCN(CC(C)(C)O)CC1)-c1cc(OC)c2ncnn2c1	Toll-like receptor 7	2.9	US Patent	7CYN
CC(C)CCN1CCC(CC1)c1ccc2[nH]c(c(C(C)C)c2c1)-c1cn2ncnc2c(C)c1C	Toll-like receptor 7	2.9	US Patent	7CYN
CC(C)N1CCC(CC1)c1ccc2[nH]c(c(C(C)C)c2c1)-c1cc(C)c2nc(C)nn2c1	Toll-like receptor 7	2.9	US Patent	7CYN
CC(C)c1c([nH]c2ccc(nc12)N1CC2(CN(CC(=O)N(C)C)C2)C1)-c1cn2ncnc2c(C)c1C	Toll-like receptor 7	2.9	US Patent	7CYN
CC(C)c1c([nH]c2ccc(nc12)N1[C@H]2CC[C@@H]1CN(CCC(C)=O)C2)-c1cn2ncnc2c(C)c1C	Toll-like receptor 7	2.9	US Patent	7CYN
CC(C)N1CCC(CC1)c1ccc2[nH]c(c(C(C)C)c2c1)-c1cc(C)c2nc(C)nn2c1	Toll-like receptor 7	2.9	US Patent	7CYN
CC(C)c1c([nH]c2ccc(nc12)N1C[C@@H]2C[C@H]1CCN2C(=O)CN(C)C)-c1cn2ncnc2c(C)c1C	Toll-like receptor 7	2.9	US Patent	7CYN
CCc1c([nH]c2ccc(cc12)C1CCN(CC1)C(=O)CNC)-c1cc(OC)c2ncnn2c1	Toll-like receptor 7	2.9	US Patent	7CYN
CCc1c([nH]c2ccc(cc12)C1CCN(CC1)C(=O)CN(C)C)-c1cc(C)c2ncnn2c1	Toll-like receptor 7	2.9	US Patent	7CYN
CC(C)CN(C)CC(=O)N1CCC(CC1)c1ccc2[nH]c(c(C(C)C)c2c1)-c1cn2ncnc2c(C)c1C	Toll-like receptor 7	2.9	US Patent	7CYN
CCN(C)CC(=O)N1[C@H](C)CN(C[C@H]1C)c1ccc2[nH]c(c(C(C)C)c2n1)-c1cn2ncnc2c(C)c1C	Toll-like receptor 7	2.9	US Patent	7CYN
CC(C)c1c([nH]c2ccc(cc12)C1CCN(CC(=O)N(C)CCC2(O)CCCC2)CC1)-c1cc(C)c2ncnn2c1	Toll-like receptor 7	2.9	US Patent	7CYN
CC(C)c1c([nH]c2ccc(nc12)N1CCN[C@H](CO)C1)-c1cn2ncnc2c(C)c1C	Toll-like receptor 7	2.9	US Patent	7CYN
COc1cc(cn2ncnc12)-c1[nH]c2ccc(nc2c1C(C)C)N1CC2(CNC2)C1	Toll-like receptor 7	2.9	US Patent	7CYN
COc1cc(cn2ncnc12)-c1[nH]c2ccc(nc2c1C(C)C)C1CCC(CC1)N1CCC(F)C1	Toll-like receptor 7	2.9	US Patent	7CYN
COc1c(C)c(cn2ncnc12)-c1[nH]c2ccc(cc2c1C(C)C)C1CCN(CC(=O)N2CCOCC2)CC1	Toll-like receptor 7	2.9	US Patent	7CYN
CC(C)c1c([nH]c2ccc(nc12)N1CCC(CC1)N(CC(=O)N(C)C)CC(=O)N(C)C)-c1cn(C)c2ncccc12	Toll-like receptor 7	2.9	US Patent	7CYN
COc1ncc(CNC2CCN(CC2)c2ccc3[nH]c(c(C(C)C)c3n2)-c2cn3ncnc3c(C)c2C)cn1	Toll-like receptor 7	2.9	US Patent	7CYN
COCCN1CCCC1CNC(=O)N1CCC(CC1)c1ccc2[nH]c(c(C(C)C)c2c1)-c1cn2ncnc2c(C)c1C	Toll-like receptor 7	2.9	US Patent	7CYN
CC(C)c1c([nH]c2ccc(cc12)C1CCN(CC(=O)N2CCS(=O)(=O)NC2)CC1)-c1cc(C)c2ncnn2c1	Toll-like receptor 7	2.9	US Patent	7CYN
CNC(=O)CN1CCC(CC1)c1ccc2[nH]c(c(C(C)C)c2c1)-c1cc(F)c2ncnn2c1	Toll-like receptor 7	2.9	US Patent	7CYN
CNC(=O)CN1CCC(CC1)c1ccc2[nH]c(c(C(C)C)c2c1)-c1ccc2ncnn2c1	Toll-like receptor 7	2.9	US Patent	7CYN
CC(C)c1c([nH]c2ccc(nc12)C1CCC(CC1)N(C)CC1(CC1)S(C)(=O)=O)-c1cn2ncnc2c(C)c1C	Toll-like receptor 7	2.9	US Patent	7CYN
CC(C)c1c([nH]c2ccc(nc12)C1CCN(CC(=O)N(C)C)CC1)-c1cc(C)c(=O)n(C)c1	Toll-like receptor 7	2.9	US Patent	7CYN
CCc1c([nH]c2ccc(cc12)C1CCN(CC(C)(C)O)CC1)-c1cc(OC)c2ncnn2c1	Toll-like receptor 7	2.9	US Patent	7CYN
COc1cc(cn2ncnc12)-c1[nH]c2ccc(OCC3CN(C3)C(C)C)nc2c1C(C)C	Toll-like receptor 7	2.9	US Patent	7CYN
COc1cc(cn2ncnc12)-c1[nH]c2ccc(nc2c1C(C)C)C1CC(C1)NC(=O)CN(C)C	Toll-like receptor 7	2.9	US Patent	7CYN
CC(C)CCN1CCC(CC1)c1ccc2[nH]c(c(C(C)C)c2c1)-c1cn2ncnc2c(C)c1C	Toll-like receptor 7	2.9	US Patent	7CYN
CC(C)c1c([nH]c2cc(F)c(cc12)C1CCN(CC(=O)N(C)C)CC1)-c1cc(C)ncc1C	Toll-like receptor 7	2.9	US Patent	7CYN
CC(C)c1c([nH]c2ccc(cc12)C1CCN(CC1)C(=O)C(=O)N1CCN(C)CC1)-c1cc(C)nc(C)c1	Toll-like receptor 7	2.9	US Patent	7CYN
CC(C)c1c([nH]c2ccc(cc12)C1CCNCC1)-c1ccnc(C)c1F	Toll-like receptor 7	2.9	US Patent	7CYN
CC(C)c1c([nH]c2ccc(cc12)C1CCN(CC1)C(=O)CN(C)CCCO)-c1cc(C)nc(C)c1	Toll-like receptor 7	2.9	US Patent	7CYN
CC(C)c1c([nH]c2ccc(nc12)N1CC2(CN(CC(=O)N(C)C)C2)C1)-c1cn2ncnc2c(C)c1C	Toll-like receptor 7	2.9	US Patent	7CYN
CC(C)c1c([nH]c2ccc(nc12)N1[C@H]2CC[C@@H]1CN(CCC(N)=O)C2)-c1cn2ncnc2c(C)c1C	Toll-like receptor 7	2.9	US Patent	7CYN
CC(C)c1c([nH]c2ccc(nc12)N1C[C@@H]2C[C@H]1CN2C(=O)CN(C)C)-c1cn2ncnc2c(C)c1C	Toll-like receptor 7	2.9	US Patent	7CYN
CC(C)c1c([nH]c2ccc(nc12)C1CCC(CC1)N(C)CC1(CC1)S(C)(=O)=O)-c1cn2ncnc2c(C)c1C	Toll-like receptor 7	2.9	US Patent	7CYN
CC(C)c1c([nH]c2ccc(nc12)C1CCN(CC(=O)N(C)C)CC1)-c1cc(C)c(=O)n(C)c1	Toll-like receptor 7	2.9	US Patent	7CYN
COc1cc(cn2ncnc12)-c1[nH]c2ccc(OCC3CN(C3)C(C)C)nc2c1C(C)C	Toll-like receptor 7	2.9	US Patent	7CYN
CCN(C)CC(=O)N1[C@H](C)CN(C[C@H]1C)c1ccc2[nH]c(c(C(C)C)c2n1)-c1cn2ncnc2c(C)c1C	Toll-like receptor 7	2.9	US Patent	7CYN
CC(C)c1c([nH]c2ccc(nc12)N1CCN[C@H](CO)C1)-c1cn2ncnc2c(C)c1C	Toll-like receptor 7	2.9	US Patent	7CYN
COc1cc(cn2ncnc12)-c1[nH]c2ccc(nc2c1C(C)C)C1CC(C1)NC(=O)CN(C)C	Toll-like receptor 7	2.9	US Patent	7CYN
COc1cc(cn2ncnc12)-c1[nH]c2ccc(nc2c1C(C)C)N1CC2(CNC2)C1	Toll-like receptor 7	2.9	US Patent	7CYN
CC(C)c1c([nH]c2ccc(nc12)N1CCC(CC1)N(CC(=O)N(C)C)CC(=O)N(C)C)-c1cn(C)c2ncccc12	Toll-like receptor 7	2.9	US Patent	7CYN
COc1ncc(CNC2CCN(CC2)c2ccc3[nH]c(c(C(C)C)c3n2)-c2cn3ncnc3c(C)c2C)cn1	Toll-like receptor 7	2.9	US Patent	7CYN
COc1cc(cn2ncnc12)-c1[nH]c2ccc(nc2c1C(C)C)C1CCC(CC1)N1CCC(F)C1	Toll-like receptor 7	2.9	US Patent	7CYN
COc1cc(cn2ncnc12)-c1[nH]c2ccc(nc2c1C(C)C)C1CCC(CC1)N1CCC(F)C1	Toll-like receptor 7	2.9	US Patent	7CYN
COc1cc(cn2ncnc12)-c1[nH]c2ccc(OCC3CN(C3)C(C)C)nc2c1C(C)C	Toll-like receptor 7	2.9	US Patent	7CYN
CC(C)c1c([nH]c2ccc(nc12)N1CCC(CC1)N(CC(=O)N(C)C)CC(=O)N(C)C)-c1cn(C)c2ncccc12	Toll-like receptor 7	2.9	US Patent	7CYN
CC(C)c1c([nH]c2ccc(nc12)C1CCN(CC(=O)N(C)C)CC1)-c1cc(C)c(=O)n(C)c1	Toll-like receptor 7	2.9	US Patent	7CYN
CC(C)c1c([nH]c2ccc(nc12)N1CCN[C@H](CO)C1)-c1cn2ncnc2c(C)c1C	Toll-like receptor 7	2.9	US Patent	7CYN
COc1cc(cn2ncnc12)-c1[nH]c2ccc(nc2c1C(C)C)C1CC(C1)NC(=O)CN(C)C	Toll-like receptor 7	2.9	US Patent	7CYN
CC(C)c1c([nH]c2ccc(nc12)N1[C@H]2CC[C@@H]1CN(CCC(N)=O)C2)-c1cn2ncnc2c(C)c1C	Toll-like receptor 7	2.9	US Patent	7CYN
CCN(C)CC(=O)N1[C@H](C)CN(C[C@H]1C)c1ccc2[nH]c(c(C(C)C)c2n1)-c1cn2ncnc2c(C)c1C	Toll-like receptor 7	2.9	US Patent	7CYN
COc1cc(cn2ncnc12)-c1[nH]c2ccc(nc2c1C(C)C)N1CC2(CNC2)C1	Toll-like receptor 7	2.9	US Patent	7CYN
COc1cc(cn2ncnc12)-c1[nH]c2cnc(N3CCN(CC(=O)N(C)C)CC3)c(F)c2c1C(C)C	Toll-like receptor 7	2.9	US Patent	7CYN
CCN(CCN(C)C)C(=O)c1ccc2[nH]c(c(C(C)C)c2c1)-c1cc(C)nc(C)c1	Toll-like receptor 7	2.9	US Patent	7CYN
CC(C)c1c([nH]c2ccc(nc12)N1CC2(CN(CC(=O)N(C)C)C2)C1)-c1cn2ncnc2c(C)c1C	Toll-like receptor 7	2.9	US Patent	7CYN
COc1ncc(CNC2CCN(CC2)c2ccc3[nH]c(c(C(C)C)c3n2)-c2cn3ncnc3c(C)c2C)cn1	Toll-like receptor 7	2.9	US Patent	7CYN
CC(C)c1c([nH]c2cnc(cc12)C1CCN(CC(=O)N(C)C)CC1)-c1cc(C)c2ncnn2c1	Toll-like receptor 7	2.9	US Patent	7CYN
CC(C)c1c([nH]c2ccc(nc12)C1CCC(CC1)N(C)CC1(CC1)S(C)(=O)=O)-c1cn2ncnc2c(C)c1C	Toll-like receptor 7	2.9	US Patent	7CYN
COc1cc(cn2ncnc12)-c1[nH]c2cnc(cc2c1C(C)C)N1CCC(CC1)NC(C)C(C)C	Toll-like receptor 7	2.9	US Patent	7CYN
CC(C)c1c([nH]c2ccc(nc12)N1C[C@@H]2C[C@H]1CN2C(=O)CN(C)C)-c1cn2ncnc2c(C)c1C	Toll-like receptor 7	2.9	US Patent	7CYN
COc1cc(cn2ncnc12)-c1[nH]c2ccc(cc2c1C(C)C)C1CCN(CC1)C(=O)CCN(C)C	Toll-like receptor 7	3	US Patent	7CYN
COc1cc(cn2ncnc12)-c1[nH]c2ccc(cc2c1C(C)C)C1CCN(CC1)C(=O)C1CN(C)C(=O)C1	Toll-like receptor 7	3	US Patent	7CYN
CC(C)c1c([nH]c2ccc(cc12)C1CCN(CC1)C(=O)CNC1CCCCC1)-c1cn2ncnc2c(C)c1C	Toll-like receptor 7	3	US Patent	7CYN
CC(C)c1c([nH]c2ccc(cc12)C1CCN(CC1)C(=O)CCN1CC[C@H](O)C1)-c1cn2ncnc2c(C)c1C	Toll-like receptor 7	3	US Patent	7CYN
CC(C)c1c([nH]c2ccc(cc12)C1CCN(CC1)C(=O)CCN(C)C1CCCCC1)-c1cn2ncnc2c(C)c1C	Toll-like receptor 7	3	US Patent	7CYN
CC(C)c1c([nH]c2ccc(cc12)C1CCN(Cc2cncs2)CC1)-c1cc(C)c2ncnn2c1	Toll-like receptor 7	3	US Patent	7CYN
CC(C)c1c([nH]c2ccc(cc12)C1CCN(CC1)C(C)C[N+]#[C-])-c1cn2ncnc2cc1C	Toll-like receptor 7	3	US Patent	7CYN
CC(C)c1c([nH]c2ccc(cc12)C1CCN(Cc2ccnc(C)n2)CC1)-c1cc(CO)c2ncnn2c1	Toll-like receptor 7	3	US Patent	7CYN
CC(C)c1c([nH]c2ccc(nc12)N1C[C@H]2C[C@@H]1CCN2C(=O)CCN(C)C)-c1cn2ncnc2c(C)c1C	Toll-like receptor 7	3	US Patent	7CYN
CC(C)c1c([nH]c2ccc(nc12)N1CCN(CC(C)(C)O)C[C@@H]1C)-c1cn2ncnc2c(C)c1C	Toll-like receptor 7	3	US Patent	7CYN
COc1cc(cn2ncnc12)-c1[nH]c2ccc(cc2c1C(C)C)C1CCN(CC1)C(=O)CCN(C)C	Toll-like receptor 7	3	US Patent	7CYN
COc1cc(cn2ncnc12)-c1[nH]c2ccc(cc2c1C(C)C)C1CCN(CC1)C(=O)C1CN(C)C(=O)C1	Toll-like receptor 7	3	US Patent	7CYN
CC(C)c1c([nH]c2ccc(cc12)C1CCN(CC1)C(=O)CNC1CCCCC1)-c1cn2ncnc2c(C)c1C	Toll-like receptor 7	3	US Patent	7CYN
CC(C)N(CC(=O)N1CCN([C@@H](C)C1)c1ccc2[nH]c(c(C(C)C)c2n1)-c1cn2ncnc2c(C)c1C)C(C)C	Toll-like receptor 7	3	US Patent	7CYN
CC(C)c1c([nH]c2ccc(nc12)N1CCN(CC1)C(=O)CN1CCC(CO)CC1)-c1cn2ncnc2c(C)c1C	Toll-like receptor 7	3	US Patent	7CYN
CC(C)c1c([nH]c2ccc(nc12)C1CC2(C1)CN(CC1(C)COC1)C2)-c1cn2ncnc2c(C)c1C	Toll-like receptor 7	3	US Patent	7CYN
CC(C)c1c([nH]c2ccc(cc12)C1CCN(CC1)C(=O)CCN1CC[C@H](O)C1)-c1cn2ncnc2c(C)c1C	Toll-like receptor 7	3	US Patent	7CYN
CC(C)c1c([nH]c2ccc(cc12)C1CCN(CC1)C(=O)CCN(C)C1CCCCC1)-c1cn2ncnc2c(C)c1C	Toll-like receptor 7	3	US Patent	7CYN
COc1cc(cn2ncnc12)-c1[nH]c2ccc(nc2c1C(C)C)C1CCC(CC1)NCC(=O)N(C)C	Toll-like receptor 7	3	US Patent	7CYN
CC(C)c1c([nH]c2ccc(nc12)C1CCC(CC1)NC1COC1)-c1cc(C)c2ncnn2c1	Toll-like receptor 7	3	US Patent	7CYN
COc1cc(cn2ncnc12)-c1[nH]c2cc(F)c(nc2c1C(C)C)C1CCN(CC1)C1COC1	Toll-like receptor 7	3	US Patent	7CYN
COc1cc(cn2ncnc12)-c1[nH]c2ccc(OCC3CCN(C)CC3)nc2c1C(C)C	Toll-like receptor 7	3	US Patent	7CYN
CC(C)c1c([nH]c2ccc(nc12)C1CC(C1)NCCS(C)(=O)=O)-c1cn2ncnc2c(C)c1C	Toll-like receptor 7	3	US Patent	7CYN
CC(C)c1c([nH]c2ccc(cc12)C1CCN(Cc2cncs2)CC1)-c1cc(C)c2ncnn2c1	Toll-like receptor 7	3	US Patent	7CYN
CC(C)c1c([nH]c2ccc(cc12)C1CCN(CC1)C(C)CC#N)-c1cn2ncnc2cc1C	Toll-like receptor 7	3	US Patent	7CYN
COc1cc(cn2ncnc12)-c1[nH]c2ccc(nc2c1C(C)C)C1CN(C1)C(=O)CN(C)C	Toll-like receptor 7	3	US Patent	7CYN
CC(C)c1c([nH]c2ccc(cc12)C1CCN(Cc2ccnc(C)n2)CC1)-c1cc(CO)c2ncnn2c1	Toll-like receptor 7	3	US Patent	7CYN
CC(C)c1c([nH]c2ccc(cc12)C1CCN(CC(=O)N(C)C)CC1)-c1ccnc(C)c1F	Toll-like receptor 7	3	US Patent	7CYN
CC(C)c1c([nH]c2ccc(cc12)C1CCN(CC1)C1CCOC1)-c1cc(C)ncc1F	Toll-like receptor 7	3	US Patent	7CYN
CC(C)c1c([nH]c2ccc(cc12)C1CCN(CC(=O)N(C)CC#N)CC1)-c1cc(C)nc(C)c1	Toll-like receptor 7	3	US Patent	7CYN
CC(C)c1c([nH]c2ccc(cc12)C1CCN(CC(=O)NCC(C)(C)O)CC1)-c1cc(C)nc(C)c1	Toll-like receptor 7	3	US Patent	7CYN
CC(C)c1c([nH]c2ccc(cc12)C1CCN(CC(=O)NC2CCOCC2)CC1)-c1cc(C)nc(C)c1	Toll-like receptor 7	3	US Patent	7CYN
COc1ncc(CN(C)CC(=O)N2CCC(CC2)c2ccc3[nH]c(c(C(C)C)c3c2)-c2cc(C)nc(C)c2)cn1	Toll-like receptor 7	3	US Patent	7CYN
CCOc1nc(C)c2nc(-c3cncc(F)c3)n(Cc3ccc(cc3F)C3CN4CCC3CC4)c2n1	Toll-like receptor 7	3	US Patent	7CYN
COc1nc(C)c2nc(-c3cncc(F)c3)n(Cc3ccc(cc3)[C@H]3CN4CCC3CC4)c2n1	Toll-like receptor 7	3	US Patent	7CYN
COc1nc(C)c2nc(-c3cncc(F)c3)n(Cc3ccc(CN4C[C@@H]5C[C@H]4CN5C)cc3F)c2n1	Toll-like receptor 7	3	US Patent	7CYN
CCN1CCC(CC1)c1ccc(Cn2c(nc3c(C)nc(OC)nc23)-c2cncc(F)c2)c(F)c1	Toll-like receptor 7	3	US Patent	7CYN
CC(C)c1c([nH]c2ccc(nc12)N1C[C@H]2C[C@@H]1CN2C(=O)CCN(C)C)-c1cn2ncnc2c(C)c1C	Toll-like receptor 7	3	US Patent	7CYN
COc1cc(cn2ncnc12)-c1[nH]c2ccc(nc2c1C(C)C)C1CCC(CC1)NCC(=O)N(C)C	Toll-like receptor 7	3	US Patent	7CYN
CC(C)c1c([nH]c2ccc(nc12)C1CCC(CC1)NC1COC1)-c1cc(C)c2ncnn2c1	Toll-like receptor 7	3	US Patent	7CYN
CC(C)c1c([nH]c2ccc(nc12)N1CCN(CC(C)(C)O)C[C@@H]1C)-c1cn2ncnc2c(C)c1C	Toll-like receptor 7	3	US Patent	7CYN
CC(C)N(CC(=O)N1CCN([C@@H](C)C1)c1ccc2[nH]c(c(C(C)C)c2n1)-c1cn2ncnc2c(C)c1C)C(C)C	Toll-like receptor 7	3	US Patent	7CYN
COc1cc(cn2ncnc12)-c1[nH]c2cc(F)c(nc2c1C(C)C)C1CCN(CC1)C1COC1	Toll-like receptor 7	3	US Patent	7CYN
COc1cc(cn2ncnc12)-c1[nH]c2ccc(OCC3CCN(C)CC3)nc2c1C(C)C	Toll-like receptor 7	3	US Patent	7CYN
CC(C)c1c([nH]c2ccc(nc12)N1CCN(CC1)C(=O)CN1CCC(CO)CC1)-c1cn2ncnc2c(C)c1C	Toll-like receptor 7	3	US Patent	7CYN
CC(C)c1c([nH]c2ccc(nc12)C1CC(C1)NCCS(C)(=O)=O)-c1cn2ncnc2c(C)c1C	Toll-like receptor 7	3	US Patent	7CYN
COc1cc(cn2ncnc12)-c1[nH]c2ccc(nc2c1C(C)C)C1CN(C1)C(=O)CN(C)C	Toll-like receptor 7	3	US Patent	7CYN
CC(C)c1c([nH]c2ccc(nc12)C1CC2(C1)CN(CC1(C)COC1)C2)-c1cn2ncnc2c(C)c1C	Toll-like receptor 7	3	US Patent	7CYN
CC(C)N(CC(=O)N1CCN([C@@H](C)C1)c1ccc2[nH]c(c(C(C)C)c2n1)-c1cn2ncnc2c(C)c1C)C(C)C	Toll-like receptor 7	3	US Patent	7CYN
CC(C)c1c([nH]c2ccc(nc12)N1CCN(CC(C)(C)O)C[C@@H]1C)-c1cn2ncnc2c(C)c1C	Toll-like receptor 7	3	US Patent	7CYN
CC(C)c1c([nH]c2ccc(nc12)N1CCN(CC1)C(=O)CN1CCC(CO)CC1)-c1cn2ncnc2c(C)c1C	Toll-like receptor 7	3	US Patent	7CYN
[2H]c1ccc2c(ccc(C#N)c2n1)N1C[C@@H](C)N2CCN(C[C@H]2C1)c1ncc(cc1C)N1CC2(CC(N)C2)C1	Toll-like receptor 7	3	ChEMBL	7CYN
COc1cc(cn2ncnc12)-c1[nH]c2cnc(cc2c1C(C)C)C1CCC(CC1)N1CCC1	Toll-like receptor 7	3	US Patent	7CYN
COc1cc(cn2ncnc12)-c1[nH]c2cnc(C3CCC(CC3)N(C)CC(=O)N(C)C)c(F)c2c1C(C)C	Toll-like receptor 7	3	US Patent	7CYN
Cc1cc(cnc1OCC12CCC(O)(CC1)CC2)-c1ccnc2[nH]ncc12	Toll-like receptor 7	3	ChEMBL	7CYN
C[C@@H]1CN(C[C@H](CN2CC3(C2)CN(CCO3)c2cc(C)nc(C)c2)O1)c1ccc(C#N)c2ncccc12	Toll-like receptor 7	3	ChEMBL	7CYN
COc1cc(cn2ncnc12)-c1[nH]c2cnc(N3CCN(CCS(C)(=O)=O)CC3)c(Cl)c2c1C(C)C	Toll-like receptor 7	3	US Patent	7CYN
CNCC(=O)N1CCN(CC1)c1ncc2[nH]c(c(C(C)C)c2c1Cl)-c1cc(OC)c2ncnn2c1	Toll-like receptor 7	3	US Patent	7CYN
Cc1nn(CC23CCC(CC2)(CC3)N2CCCC2)c2CCN(Cc12)c1cc(C)nc2n(C)ncc12	Toll-like receptor 7	3	ChEMBL	7CYN
COc1cc(c[nH]\c1=N/C=N)-c1[nH]c2cc(F)c(nc2c1C(C)C)C1CCN(CC1)C1COC1	Toll-like receptor 7	3	US Patent	7CYN
[2H]c1ccc2c(ccc(C#N)c2n1)N1C[C@@H](C)O[C@@H](CN2CC3(C2)OCc2cc(ccc32)N2CC(N)C2)C1	Toll-like receptor 7	3	ChEMBL	7CYN
COc1cc(cn2ncnc12)-c1[nH]c2cnc(cc2c1C(C)C)N1CCC(CC1)NC(C)C	Toll-like receptor 7	3	US Patent	7CYN
CC(C)c1c([nH]c2ccc(N[C@@H]3C[C@H](C)N(C3)C(=O)CCN(C)C)nc12)-c1cn2ncnc2c(C)c1C	Toll-like receptor 7	3	US Patent	7CYN
CC(C)c1c([nH]c2cnc(N3CCC(CC3)N(C)CC(C)(C)C)c(F)c12)-c1cc(C)c2ncnn2c1	Toll-like receptor 7	3	US Patent	7CYN
COc1cc(cn2ncnc12)-c1[nH]c2ccc(nc2c1C(C)C)C1CN(C1)C(=O)CN(C)C	Toll-like receptor 7	3	US Patent	7CYN
CC(C)c1c([nH]c2cnc(C3CCC(CC3)NCC(C)(C)C)c(F)c12)-c1cn2ncnc2c(C)c1C	Toll-like receptor 7	3	US Patent	7CYN
CC(C)c1c([nH]c2ccc(nc12)C1CC2(C1)CN(CC1(C)COC1)C2)-c1cn2ncnc2c(C)c1C	Toll-like receptor 7	3	US Patent	7CYN
COc1cc2c(NC3CCN(C)CC3)n[nH]c2cc1-c1ccncc1	Toll-like receptor 7	3	ChEMBL	7CYN
COc1cc(cn2ncnc12)-c1[nH]c2ccc(OCC3CCN(C)CC3)nc2c1C(C)C	Toll-like receptor 7	3	US Patent	7CYN
COC12CNCC1CN(C2)c1ccc2[C@H]3CN(C[C@@H](C)N3Cc2c1)c1ccc(C#N)c2ncccc12	Toll-like receptor 7	3	ChEMBL	7CYN
CC(C)c1c([nH]c2ccc(nc12)C1CCC(CC1)NC1COC1)-c1cc(C)c2ncnn2c1	Toll-like receptor 7	3	US Patent	7CYN
[2H]c1ccc2c(ccc(C#N)c2n1)N1C[C@@H](C)O[C@@H](CN2CC3(C2)OCc2cc(ccc32)N2CC(C)(N)C2)C1	Toll-like receptor 7	3	ChEMBL	7CYN
COc1cc(cn2ncnc12)-c1[nH]c2ccc(nc2c1C(C)C)C1CCC(CC1)NCC(=O)N(C)C	Toll-like receptor 7	3	US Patent	7CYN
CCN1CCN(CC1)c1ncc2[nH]c(c(C(C)C)c2c1F)-c1cn2ncnc2c(C)c1C	Toll-like receptor 7	3	US Patent	7CYN
CC(C)c1c([nH]c2ccc(nc12)C1CC(C1)NCCS(C)(=O)=O)-c1cn2ncnc2c(C)c1C	Toll-like receptor 7	3	US Patent	7CYN
CC(C)c1c([nH]c2ccc(cc12)C1CCN(CC1)C(=O)[C@H]1NCC[C@H]1O)-c1cc(C)c2nc(C)nn2c1	Toll-like receptor 7	3.1	US Patent	7CYN
CC(C)c1c([nH]c2ccc(cc12)C1CCN(CC1)C(=O)C1(C)CC1)-c1cc(C)c2ncnn2c1	Toll-like receptor 7	3.1	US Patent	7CYN
CNC(=O)CN1CCC(CC1)c1ccc2[nH]c(c(C(C)C)c2c1)-c1cc(OC(F)F)c2nc(C)nn2c1	Toll-like receptor 7	3.1	US Patent	7CYN
CNC(=O)CN1CCC(CC1)c1ccc2[nH]c(c(C(C)C)c2c1)-c1cc(C(C)C)c2ncnn2c1	Toll-like receptor 7	3.1	US Patent	7CYN
CC(C)c1c([nH]c2ccc(cc12)C1CCN(CC1)C(C)CS(C)(=O)=O)-c1cn2ncnc2cc1C	Toll-like receptor 7	3.1	US Patent	7CYN
CC(C)c1c([nH]c2ccc(cc12)C1CCN(CC1)C1CCS(=O)(=O)CC1)-c1cc(CO)c2ncnn2c1	Toll-like receptor 7	3.1	US Patent	7CYN
CC(C)c1c([nH]c2ccc(cc12)C1CCN(CC1)C(=O)[C@H]1NCC[C@H]1O)-c1cc(C)c2nc(C)nn2c1	Toll-like receptor 7	3.1	US Patent	7CYN
CCCN(C)CC(=O)N1CCN(CC1)c1ccc2[nH]c(c(C(C)C)c2n1)-c1cn2ncnc2c(C)c1C	Toll-like receptor 7	3.1	US Patent	7CYN
CC(C)c1c([nH]c2ccc(nc12)N1CCN([C@H](C)C1)C(=O)CN(C)C(C)(C)C)-c1cn2ncnc2c(C)c1C	Toll-like receptor 7	3.1	US Patent	7CYN
CCNCC(=O)N1CCN(CC1)c1ccc2[nH]c(c(C(C)C)c2n1)-c1cn2ncnc2c(C)c1C	Toll-like receptor 7	3.1	US Patent	7CYN
CC(C)c1c([nH]c2ccc(nc12)C1CC2(C1)CN(CCCS(C)(=O)=O)C2)-c1cn2ncnc2c(C)c1C	Toll-like receptor 7	3.1	US Patent	7CYN
COc1cc(cn2ncnc12)-c1[nH]c2ccc(nc2c1C(C)C)C1CCC(CC1)N1CC2(COC2)C1	Toll-like receptor 7	3.1	US Patent	7CYN
COc1cc(cn2ncnc12)-c1[nH]c2ccc(nc2c1C(C)C)C1CCC(CC1)N(C)CCO	Toll-like receptor 7	3.1	US Patent	7CYN
COc1cc(cn2ncnc12)-c1[nH]c2ccc(nc2c1C(C)C)C1CCC(CC1)N1CCCC1	Toll-like receptor 7	3.1	US Patent	7CYN
CC(C)c1c([nH]c2ccc(cc12)C1CCN(CC1)C(=O)C1(C)CC1)-c1cc(C)c2ncnn2c1	Toll-like receptor 7	3.1	US Patent	7CYN
CNC(=O)CN1CCC(CC1)c1ccc2[nH]c(c(C(C)C)c2c1)-c1cc(OC(F)F)c2nc(C)nn2c1	Toll-like receptor 7	3.1	US Patent	7CYN
CNC(=O)CN1CCC(CC1)c1ccc2[nH]c(c(C(C)C)c2c1)-c1cc(C(C)C)c2ncnn2c1	Toll-like receptor 7	3.1	US Patent	7CYN
COc1cc(cn2ncnc12)-c1[nH]c2ccc(nc2c1C(C)C)C1CC(C1)NC1CCOCC1	Toll-like receptor 7	3.1	US Patent	7CYN
CC(C)c1c([nH]c2ccc(cc12)C1CCN(CC1)C(C)CS(C)(=O)=O)-c1cn2ncnc2cc1C	Toll-like receptor 7	3.1	US Patent	7CYN
CC(C)c1c([nH]c2ccc(cc12)C1CCN(CC1)C1CCS(=O)(=O)CC1)-c1cc(CO)c2ncnn2c1	Toll-like receptor 7	3.1	US Patent	7CYN
CCN(CC)CC(=O)N1CCC(CC1)c1ccc2[nH]c(c(C(C)C)c2c1)-c1cc(C)nc(C)c1	Toll-like receptor 7	3.1	US Patent	7CYN
COCCOCC(=O)N1CCC(CC1)c1ccc2[nH]c(c(C(C)C)c2c1)-c1cc(C)nc(C)c1	Toll-like receptor 7	3.1	US Patent	7CYN
CC(C)c1c([nH]c2ccc(cc12)C1CCN(CC(=O)NC2CC2)CC1)-c1cc(C)nc(C)c1	Toll-like receptor 7	3.1	US Patent	7CYN
CO[C@@H]1C[C@H](CO)N(C1)C(=O)CN1CCC(CC1)c1ccc2[nH]c(c(C(C)C)c2c1)-c1cc(C)nc(C)c1	Toll-like receptor 7	3.1	US Patent	7CYN
COCCN1CCC(CC1)c1ccc2[nH]c(c(C(C)C)c2c1)-c1cc(C)nc(C)c1	Toll-like receptor 7	3.1	US Patent	7CYN
CC(C)c1c([nH]c2ccc(cc12)C1CCN(CC1)C(=O)CN1CCCCC1)-c1cc(C)nc(C)c1	Toll-like receptor 7	3.1	US Patent	7CYN
COc1cc(cn2ncnc12)-c1[nH]c2ccc(nc2c1C(C)C)C1CCC(CC1)N(C)CCO	Toll-like receptor 7	3.1	US Patent	7CYN
COc1cc(cn2ncnc12)-c1[nH]c2ccc(nc2c1C(C)C)C1CCC(CC1)N1CCCC1	Toll-like receptor 7	3.1	US Patent	7CYN
CCCN(C)CC(=O)N1CCN(CC1)c1ccc2[nH]c(c(C(C)C)c2n1)-c1cn2ncnc2c(C)c1C	Toll-like receptor 7	3.1	US Patent	7CYN
CC(C)c1c([nH]c2ccc(nc12)N1CCN([C@H](C)C1)C(=O)CN(C)C(C)(C)C)-c1cn2ncnc2c(C)c1C	Toll-like receptor 7	3.1	US Patent	7CYN
CCNCC(=O)N1CCN(CC1)c1ccc2[nH]c(c(C(C)C)c2n1)-c1cn2ncnc2c(C)c1C	Toll-like receptor 7	3.1	US Patent	7CYN
COc1cc(cn2ncnc12)-c1[nH]c2ccc(nc2c1C(C)C)C1CC(C1)NC1CCOCC1	Toll-like receptor 7	3.1	US Patent	7CYN
CC(C)c1c([nH]c2ccc(nc12)C1CC2(C1)CN(CCCS(C)(=O)=O)C2)-c1cn2ncnc2c(C)c1C	Toll-like receptor 7	3.1	US Patent	7CYN
COc1cc(cn2ncnc12)-c1[nH]c2ccc(nc2c1C(C)C)C1CCC(CC1)N1CC2(COC2)C1	Toll-like receptor 7	3.1	US Patent	7CYN
COc1cc(cn2ncnc12)-c1[nH]c2ccc(nc2c1C(C)C)C1CCC(CC1)N1CC2(COC2)C1	Toll-like receptor 7	3.1	US Patent	7CYN
CC(C)c1c([nH]c2ccc(nc12)N1CCN([C@H](C)C1)C(=O)CN(C)C(C)(C)C)-c1cn2ncnc2c(C)c1C	Toll-like receptor 7	3.1	US Patent	7CYN
COc1cc(cn2ncnc12)-c1[nH]c2ccc(nc2c1C(C)C)C1CCC(CC1)N(C)CCO	Toll-like receptor 7	3.1	US Patent	7CYN
COc1cc(cn2ncnc12)-c1[nH]c2ccc(nc2c1C(C)C)C1CCC(CC1)N1CCCC1	Toll-like receptor 7	3.1	US Patent	7CYN
CCCN(C)CC(=O)N1CCN(CC1)c1ccc2[nH]c(c(C(C)C)c2n1)-c1cn2ncnc2c(C)c1C	Toll-like receptor 7	3.1	US Patent	7CYN
COc1cc(cn2ncnc12)-c1[nH]c2ccc(nc2c1C(C)C)C1CC(C1)NC1CCOCC1	Toll-like receptor 7	3.1	US Patent	7CYN
CNC(=O)CN1CCN(CC1)c1ncc2[nH]c(c(C(C)C)c2c1Cl)-c1cc(OC)c2ncnn2c1	Toll-like receptor 7	3.1	US Patent	7CYN
CC(C)c1c([nH]c2cnc(C3CCN(CC(N)=O)CC3)c(F)c12)-c1cc(C)c2ncnn2c1	Toll-like receptor 7	3.1	US Patent	7CYN
CNC(=O)CN1CCC(CC1)c1cc2c(C(C)C)c([nH]c2cn1)-c1cn2ncnc2c(C)c1C	Toll-like receptor 7	3.1	US Patent	7CYN
CC(C)c1c([nH]c2ccc(nc12)C1CC2(C1)CN(CCCS(C)(=O)=O)C2)-c1cn2ncnc2c(C)c1C	Toll-like receptor 7	3.1	US Patent	7CYN
CC(C)c1c([nH]c2cnc(N3CCN(CC3)C(=O)CN(C)C)c(F)c12)-c1cn2ncnc2c(C)c1C	Toll-like receptor 7	3.1	US Patent	7CYN
CCNCC(=O)N1CCN(CC1)c1ccc2[nH]c(c(C(C)C)c2n1)-c1cn2ncnc2c(C)c1C	Toll-like receptor 7	3.1	US Patent	7CYN
CC(C)c1c([nH]c2ccc(cc12)C1CCN(CC1)C(=O)CC(C)(C)C)-c1cc(c2ncnn2c1)C(F)(F)F	Toll-like receptor 7	3.2	US Patent	7CYN
CC(C)c1c([nH]c2ccc(cc12)C1CCN(CC1)C(=O)CCN1CCC(CC1)C(N)=O)-c1cn2ncnc2c(C)c1C	Toll-like receptor 7	3.2	US Patent	7CYN
CCOc1cc(cn2nc(C)nc12)-c1[nH]c2ccc(cc2c1C(C)C)C1CCNCC1	Toll-like receptor 7	3.2	US Patent	7CYN
Cc1nc2c(C)cc(cn2n1)-c1[nH]c2ccc(cc2c1CC(F)F)C1CCNCC1	Toll-like receptor 7	3.2	US Patent	7CYN
CNC(=O)CN1CCC(CC1)c1ccc2[nH]c(c(C(C)C)c2c1)-c1cc(c2ncnn2c1)C(C)(C)O	Toll-like receptor 7	3.2	US Patent	7CYN
COc1cc(cn2ncnc12)-c1[nH]c2ccc(cc2c1CC(F)F)C1CCN(CC(=O)N(C)C)CC1	Toll-like receptor 7	3.2	US Patent	7CYN
CC(C)c1c([nH]c2ccc(cc12)C1CCN(CC1)C(=O)CN(C)C)-c1cc(C)c2ncnn2c1C	Toll-like receptor 7	3.2	US Patent	7CYN
CC(C)c1c([nH]c2ccc(nc12)N1C[C@H]2C[C@@H]1CCN2C(=O)CN(C)C)-c1cn2ncnc2c(C)c1C	Toll-like receptor 7	3.2	US Patent	7CYN
CC(C)c1c([nH]c2ccc(nc12)N1C[C@H](C)N(C[C@@H]1C)C(=O)CCN(C)C)-c1cn2ncnc2c(C)c1C	Toll-like receptor 7	3.2	US Patent	7CYN
CC(C)c1c([nH]c2ccc(cc12)C1CCN(CC1)C(=O)CN(C)C)-c1cc(C)c2ncnn2c1C	Toll-like receptor 7	3.2	US Patent	7CYN
CC(C)c1c([nH]c2ccc(cc12)C1CCN(CC1)C(=O)CC(C)(C)O)-c1cc(c2ncnn2c1)C(F)(F)F	Toll-like receptor 7	3.2	US Patent	7CYN
CC(C)c1c([nH]c2ccc(nc12)N1[C@H](C)CN(CC(N)=O)C[C@H]1C)-c1cn2ncnc2c(C)c1C	Toll-like receptor 7	3.2	US Patent	7CYN
CC(C)c1c([nH]c2ccc(nc12)N1CCN(CC1)C(=O)CN1CC2(CCO2)C1)-c1cn2ncnc2c(C)c1C	Toll-like receptor 7	3.2	US Patent	7CYN
CC(C)c1c([nH]c2ccc(nc12)N1CC2(CN(CCCS(C)(=O)=O)C2)C1)-c1cn2ncnc2c(C)c1C	Toll-like receptor 7	3.2	US Patent	7CYN
COc1cc(cn2ncnc12)-c1[nH]c2ccc(nc2c1C(C)C)N1CC(C1)N(C)C	Toll-like receptor 7	3.2	US Patent	7CYN
CC(C)c1c([nH]c2ccc(cc12)C1CCN(CC1)C(=O)CCN1CCC(CC1)C(N)=O)-c1cn2ncnc2c(C)c1C	Toll-like receptor 7	3.2	US Patent	7CYN
CC(C)N1CCN(CC1)c1ccc2[nH]c(c(C(C)C)c2n1)-c1cn2ncnc2c(C)c1C	Toll-like receptor 7	3.2	US Patent	7CYN
CC(C)c1c([nH]c2ccc(nc12)C1CCC(CC1)N1CCC[C@@H]1CO)-c1cn2ncnc2c(C)c1C	Toll-like receptor 7	3.2	US Patent	7CYN
CCOc1cc(cn2nc(C)nc12)-c1[nH]c2ccc(cc2c1C(C)C)C1CCNCC1	Toll-like receptor 7	3.2	US Patent	7CYN
Cc1nc2c(C)cc(cn2n1)-c1[nH]c2ccc(cc2c1CC(F)F)C1CCNCC1	Toll-like receptor 7	3.2	US Patent	7CYN
CC(C)c1c([nH]c2ccc(nc12)C1CCC(CC1)N1CCC[C@H]1CO)-c1cn2ncnc2c(C)c1C	Toll-like receptor 7	3.2	US Patent	7CYN
CNC(=O)CN1CCC(CC1)c1ccc2[nH]c(c(C(C)C)c2c1)-c1cc(c2ncnn2c1)C(C)(C)O	Toll-like receptor 7	3.2	US Patent	7CYN
COc1cc(cn2ncnc12)-c1[nH]c2ccc(cc2c1CC(F)F)C1CCN(CC(=O)N(C)C)CC1	Toll-like receptor 7	3.2	US Patent	7CYN
CC(C)c1c([nH]c2ccc(cc12)C1CCNCC1)-c1cc(C)nc(C)c1Cl	Toll-like receptor 7	3.2	US Patent	7CYN
Cc1cc(cc(C)n1)-c1[nH]c2ccc(cc2c1C(=C)C(F)(F)F)C1CCNCC1	Toll-like receptor 7	3.2	US Patent	7CYN
CC(C)c1c([nH]c2ccc(cc12)C1CCN(CC1)C(=O)[C@H]1NCC[C@H]1O)-c1cc(C)nc(C)c1	Toll-like receptor 7	3.2	US Patent	7CYN
CC(C)c1c([nH]c2ccc(cc12)C1CCN(CC1)C(=O)C1CCNC1)-c1cc(C)nc(C)c1	Toll-like receptor 7	3.2	US Patent	7CYN
CC(C)c1c([nH]c2ccc(cc12)C1CCN(CC(=O)NCC2CCCO2)CC1)-c1cc(C)nc(C)c1	Toll-like receptor 7	3.2	US Patent	7CYN
CC(C)c1c([nH]c2ccc(cc12)C1CCN(CC1)C(=O)CN1CCCC1C)-c1cc(C)nc(C)c1	Toll-like receptor 7	3.2	US Patent	7CYN
CC(C)c1c([nH]c2ccc(cc12)C1CCN(CC1)C(=O)CNC1CCCOC1)-c1cc(C)nc(C)c1	Toll-like receptor 7	3.2	US Patent	7CYN
CCC(C)NCC(=O)N1CCC(CC1)c1ccc2[nH]c(c(C(C)C)c2c1)-c1cc(C)nc(C)c1	Toll-like receptor 7	3.2	US Patent	7CYN
CC(C)c1c([nH]c2ccc(nc12)N1C[C@H]2C[C@@H]1CN2C(=O)CN(C)C)-c1cn2ncnc2c(C)c1C	Toll-like receptor 7	3.2	US Patent	7CYN
CC(C)c1c([nH]c2ccc(nc12)N1C[C@H](C)N(C[C@@H]1C)C(=O)CCN(C)C)-c1cn2ncnc2c(C)c1C	Toll-like receptor 7	3.2	US Patent	7CYN
CC(C)c1c([nH]c2ccc(nc12)C1CCC(CC1)N1CCC[C@@H]1CO)-c1cn2ncnc2c(C)c1C	Toll-like receptor 7	3.2	US Patent	7CYN
CC(C)c1c([nH]c2ccc(nc12)C1CCC(CC1)N1CCC[C@H]1CO)-c1cn2ncnc2c(C)c1C	Toll-like receptor 7	3.2	US Patent	7CYN
CC(C)c1c([nH]c2ccc(nc12)N1[C@H](C)CN(CC(N)=O)C[C@H]1C)-c1cn2ncnc2c(C)c1C	Toll-like receptor 7	3.2	US Patent	7CYN
CC(C)c1c([nH]c2ccc(nc12)N1CCN(CC1)C(=O)CN1CC2(CCO2)C1)-c1cn2ncnc2c(C)c1C	Toll-like receptor 7	3.2	US Patent	7CYN
CC(C)c1c([nH]c2ccc(nc12)N1CC2(CN(CCCS(C)(=O)=O)C2)C1)-c1cn2ncnc2c(C)c1C	Toll-like receptor 7	3.2	US Patent	7CYN
COc1cc(cn2ncnc12)-c1[nH]c2ccc(nc2c1C(C)C)N1CC(C1)N(C)C	Toll-like receptor 7	3.2	US Patent	7CYN
CC(C)N1CCN(CC1)c1ccc2[nH]c(c(C(C)C)c2n1)-c1cn2ncnc2c(C)c1C	Toll-like receptor 7	3.2	US Patent	7CYN
COc1cc(cn2ncnc12)-c1[nH]c2ccc(nc2c1C(C)C)N1CC(C1)N(C)C	Toll-like receptor 7	3.2	US Patent	7CYN
CC(C)c1c([nH]c2ccc(nc12)N1C[C@H](C)N(C[C@@H]1C)C(=O)CCN(C)C)-c1cn2ncnc2c(C)c1C	Toll-like receptor 7	3.2	US Patent	7CYN
CC(C)c1c([nH]c2ccc(N[C@@H]3C[C@H](C)N(C3)C(=O)CN(C)C)nc12)-c1cn2ncnc2c(C)c1C	Toll-like receptor 7	3.2	US Patent	7CYN
CC(C)c1c([nH]c2ccc(nc12)N1[C@H](C)CN(CC(N)=O)C[C@H]1C)-c1cn2ncnc2c(C)c1C	Toll-like receptor 7	3.2	US Patent	7CYN
CC(C)c1c([nH]c2ccc(nc12)N1CC2(CN(CCCS(C)(=O)=O)C2)C1)-c1cn2ncnc2c(C)c1C	Toll-like receptor 7	3.2	US Patent	7CYN
CC(C)c1c([nH]c2ccc(nc12)N1CCN(CC1)C(=O)CN1CC2(CCO2)C1)-c1cn2ncnc2c(C)c1C	Toll-like receptor 7	3.2	US Patent	7CYN
CC(C)N1CCN(CC1)c1ccc2[nH]c(c(C(C)C)c2n1)-c1cn2ncnc2c(C)c1C	Toll-like receptor 7	3.2	US Patent	7CYN
CC(C)c1c([nH]c2cnc(C3CCN(CC4(C)COC4)CC3)c(F)c12)-c1cc(C)c2ncnn2c1	Toll-like receptor 7	3.2	US Patent	7CYN
CC(C)c1c([nH]c2ccc(nc12)C1CCC(CC1)N1CCC[C@@H]1CO)-c1cn2ncnc2c(C)c1C	Toll-like receptor 7	3.2	US Patent	7CYN
CC(C)c1c([nH]c2cnc(cc12)C1CCN(CC1)C1COC1)-c1cc(C)c2ncnn2c1	Toll-like receptor 7	3.2	US Patent	7CYN
COc1cc(cn2ncnc12)-c1[nH]c2cnc(N3CCC(CC3)N(C)CC(N)=O)c(F)c2c1C(C)C	Toll-like receptor 7	3.2	US Patent	7CYN
COc1cc(cn2ncnc12)-c1[nH]c2cnc(C3CCNCC3)c(F)c2c1C(C)C	Toll-like receptor 7	3.2	US Patent	7CYN
CC(C)c1c([nH]c2ccc(nc12)C1CCC(CC1)N1CCC[C@H]1CO)-c1cn2ncnc2c(C)c1C	Toll-like receptor 7	3.2	US Patent	7CYN
CC(C)c1c([nH]c2cnc(N3CCN(C[C@H]3C)C3COC3)c(F)c12)-c1cn2ncnc2c(C)c1C	Toll-like receptor 7	3.2	US Patent	7CYN
COC[C@@H]1CCCN1CC(=O)N1CCC(CC1)c1ccc2[nH]c(c(C(C)C)c2c1)-c1cn2ncnc2c(C)c1C	Toll-like receptor 7	3.3	US Patent	7CYN
CC(C)c1c([nH]c2ccc(cc12)C1CCN(CC(=O)N2CCCC2)CC1)-c1cn2ncnc2cc1C	Toll-like receptor 7	3.3	US Patent	7CYN
CNS(=O)(=O)CCN1CCC(CC1)c1ccc2[nH]c(c(C(C)C)c2c1)-c1cn2ncnc2cc1C	Toll-like receptor 7	3.3	US Patent	7CYN
CCc1cc(cn2nc(C)nc12)-c1[nH]c2ccc(cc2c1C(C)C)C1CCN(CC(C)(C)O)CC1	Toll-like receptor 7	3.3	US Patent	7CYN
CCc1c([nH]c2ccc(cc12)C1CCN(CC(N)=O)CC1)-c1cc(OC)c2ncnn2c1	Toll-like receptor 7	3.3	US Patent	7CYN
CC(C)c1c([nH]c2ccc(cc12)C1CCN(Cc2ccn(C)n2)CC1)-c1cc(CO)c2ncnn2c1	Toll-like receptor 7	3.3	US Patent	7CYN
COc1cc(cn2ncnc12)-c1[nH]c2ccc(nc2c1C(C)C)C1CCC(C1)N(CC#N)CC#N	Toll-like receptor 7	3.3	US Patent	7CYN
CCCCN(CC(=O)N1CCN(CC1)c1ccc2[nH]c(c(C(C)C)c2n1)-c1cn2ncnc2c(C)c1C)C(C)C	Toll-like receptor 7	3.3	US Patent	7CYN
COC[C@@H]1CCCN1CC(=O)N1CCC(CC1)c1ccc2[nH]c(c(C(C)C)c2c1)-c1cn2ncnc2c(C)c1C	Toll-like receptor 7	3.3	US Patent	7CYN
CC(C)c1c([nH]c2ccc(nc12)N1C[C@@H](C)N([C@H](C)C1)C(=O)CN(C)C(C)(C)C)-c1cn2ncnc2c(C)c1C	Toll-like receptor 7	3.3	US Patent	7CYN
CC(C)c1c([nH]c2ccc(nc12)N1C2CNCC1COC2)-c1cn2ncnc2c(C)c1C	Toll-like receptor 7	3.3	US Patent	7CYN
CC(C)c1c([nH]c2ccc(cc12)C1CCN(CC(=O)N2CCCC2)CC1)-c1cn2ncnc2cc1C	Toll-like receptor 7	3.3	US Patent	7CYN
COCCN1CCN(CC1)c1ccc2[nH]c(c(C(C)C)c2n1)-c1cc(OC)c2ncnn2c1	Toll-like receptor 7	3.3	US Patent	7CYN
CNC(=O)CN(C)C1CCC(CC1)c1ccc2[nH]c(c(C(C)C)c2n1)-c1cc(OC)c2ncnn2c1	Toll-like receptor 7	3.3	US Patent	7CYN
CC(C)NC1CCC(CC1)c1ccc2[nH]c(c(C(C)C)c2n1)-c1cn2ncnc2c(C)c1C	Toll-like receptor 7	3.3	US Patent	7CYN
CNS(=O)(=O)CCN1CCC(CC1)c1ccc2[nH]c(c(C(C)C)c2c1)-c1cn2ncnc2cc1C	Toll-like receptor 7	3.3	US Patent	7CYN
CC(C)c1c([nH]c2ccc(nc12)C1CCC(CC1)NC(C)(C)C(=O)N(C)C)-c1cn2ncnc2c(C)c1C	Toll-like receptor 7	3.3	US Patent	7CYN
CCc1cc(cn2nc(C)nc12)-c1[nH]c2ccc(cc2c1C(C)C)C1CCN(CC(C)(C)O)CC1	Toll-like receptor 7	3.3	US Patent	7CYN
CCc1c([nH]c2ccc(cc12)C1CCN(CC(N)=O)CC1)-c1cc(OC)c2ncnn2c1	Toll-like receptor 7	3.3	US Patent	7CYN
COc1cc(cn2ncnc12)-c1[nH]c2ccc(nc2c1C(C)C)C1CN(CCO1)C(C)C	Toll-like receptor 7	3.3	US Patent	7CYN
CC(C)c1c([nH]c2ccc(cc12)C1CCN(Cc2ccn(C)n2)CC1)-c1cc(CO)c2ncnn2c1	Toll-like receptor 7	3.3	US Patent	7CYN
Cc1cc(cc(C)n1)-c1[nH]c2ccc(cc2c1C1CC1)C1CCNCC1	Toll-like receptor 7	3.3	US Patent	7CYN
CC(C)c1c([nH]c2ccc(cc12)C1CCN(CC1)C(=O)C(F)F)-c1ccnc(C)c1	Toll-like receptor 7	3.3	US Patent	7CYN
CC(C)c1c([nH]c2ccc(cc12)C1CCN(CC1)C(=O)CN1CCCC1)-c1cc(C)nc(C)c1	Toll-like receptor 7	3.3	US Patent	7CYN
CCN(C)CC(=O)N1CCC(CC1)c1ccc2[nH]c(c(C(C)C)c2c1)-c1cc(C)nc(C)c1	Toll-like receptor 7	3.3	US Patent	7CYN
CC(C)c1c([nH]c2ccc(cc12)C1CCN(Cc2cncs2)CC1)-c1cc(C)nc(C)c1	Toll-like receptor 7	3.3	US Patent	7CYN
CNC(=O)CN(C)C1CCC(CC1)c1ccc2[nH]c(c(C(C)C)c2n1)-c1cc(OC)c2ncnn2c1	Toll-like receptor 7	3.3	US Patent	7CYN
CC(C)NC1CCC(CC1)c1ccc2[nH]c(c(C(C)C)c2n1)-c1cn2ncnc2c(C)c1C	Toll-like receptor 7	3.3	US Patent	7CYN
CC(C)c1c([nH]c2ccc(nc12)C1CCC(CC1)NC(C)(C)C(=O)N(C)C)-c1cn2ncnc2c(C)c1C	Toll-like receptor 7	3.3	US Patent	7CYN
CCCCN(CC(=O)N1CCN(CC1)c1ccc2[nH]c(c(C(C)C)c2n1)-c1cn2ncnc2c(C)c1C)C(C)C	Toll-like receptor 7	3.3	US Patent	7CYN
CC(C)c1c([nH]c2ccc(nc12)N1C[C@@H](C)N([C@H](C)C1)C(=O)CN(C)C(C)(C)C)-c1cn2ncnc2c(C)c1C	Toll-like receptor 7	3.3	US Patent	7CYN
CC(C)c1c([nH]c2ccc(nc12)N1C2CNCC1COC2)-c1cn2ncnc2c(C)c1C	Toll-like receptor 7	3.3	US Patent	7CYN
COc1cc(cn2ncnc12)-c1[nH]c2ccc(nc2c1C(C)C)C1CN(CCO1)C(C)C	Toll-like receptor 7	3.3	US Patent	7CYN
COc1cc(cn2ncnc12)-c1[nH]c2ccc(nc2c1C(C)C)C1CCC(C1)N(CC#N)CC#N	Toll-like receptor 7	3.3	US Patent	7CYN
COCCN1CCN(CC1)c1ccc2[nH]c(c(C(C)C)c2n1)-c1cc(OC)c2ncnn2c1	Toll-like receptor 7	3.3	US Patent	7CYN
CNC(=O)CN(C)C1CCC(CC1)c1ccc2[nH]c(c(C(C)C)c2n1)-c1cc(OC)c2ncnn2c1	Toll-like receptor 7	3.3	US Patent	7CYN
CC(C)NC1CCC(CC1)c1ccc2[nH]c(c(C(C)C)c2n1)-c1cn2ncnc2c(C)c1C	Toll-like receptor 7	3.3	US Patent	7CYN
COc1cc(cn2ncnc12)-c1[nH]c2cnc(C3CCN(CC3)C(=O)CN(C)C)c(F)c2c1C(C)C	Toll-like receptor 7	3.3	US Patent	7CYN
CCCCN(CC(=O)N1CCN(CC1)c1ccc2[nH]c(c(C(C)C)c2n1)-c1cn2ncnc2c(C)c1C)C(C)C	Toll-like receptor 7	3.3	US Patent	7CYN
CC(C)c1c([nH]c2ccc(nc12)N1C2CNCC1COC2)-c1cn2ncnc2c(C)c1C	Toll-like receptor 7	3.3	US Patent	7CYN
COc1cc(cn2ncnc12)-c1[nH]c2cnc(cc2c1C(C)C)C1CCN(CC(C)(C)O)CC1	Toll-like receptor 7	3.3	US Patent	7CYN
COCCN1CCN(CC1)c1ccc2[nH]c(c(C(C)C)c2n1)-c1cc(OC)c2ncnn2c1	Toll-like receptor 7	3.3	US Patent	7CYN
COc1cc(cn2ncnc12)-c1[nH]c2ccc(nc2c1C(C)C)C1CN(CCO1)C(C)C	Toll-like receptor 7	3.3	US Patent	7CYN
COc1cc(cn2ncnc12)-c1[nH]c2ccc(nc2c1C(C)C)C1CCC(C1)N(CC#N)CC#N	Toll-like receptor 7	3.3	US Patent	7CYN
CC(C)c1c([nH]c2ccc(nc12)N1C[C@@H](C)N([C@H](C)C1)C(=O)CN(C)C(C)(C)C)-c1cn2ncnc2c(C)c1C	Toll-like receptor 7	3.3	US Patent	7CYN
CC(C)c1c([nH]c2ccc(nc12)C1CCC(CC1)NC(C)(C)C(=O)N(C)C)-c1cn2ncnc2c(C)c1C	Toll-like receptor 7	3.3	US Patent	7CYN
CC(C)c1c([nH]c2cnc(cc12)C1CCC(CC1)NC1COC1)-c1cn2ncnc2c(C)c1C	Toll-like receptor 7	3.3	US Patent	7CYN
COCCN(CCOC)CC(=O)N1CCC(CC1)c1ccc2[nH]c(c(C(C)C)c2c1)-c1cn2ncnc2c(C)c1C	Toll-like receptor 7	3.4	US Patent	7CYN
CC(C)c1c([nH]c2ccc(cc12)C1CCN(CC1)C(=O)CCNC1CCC(O)CC1)-c1cn2ncnc2c(C)c1C	Toll-like receptor 7	3.4	US Patent	7CYN
CC(C)c1c([nH]c2ccc(cc12)C1CCNCC1)-c1cc(C)c2nc(nn2c1)C(F)(F)F	Toll-like receptor 7	3.4	US Patent	7CYN
CC(C)c1c([nH]c2ccc(cc12)C1CCN(CC1)C(=O)OCCN1CCOCC1)-c1cn2ncnc2c(C)c1C	Toll-like receptor 7	3.4	US Patent	7CYN
CC(C)c1c([nH]c2ccc(cc12)C1CCN(CC#N)CC1)-c1cc(C)c2ncnn2c1C	Toll-like receptor 7	3.4	US Patent	7CYN
CC(C)c1c([nH]c2ccc(cc12)C1CCN(Cc2ncco2)CC1)-c1cc(C)c2ncnn2c1	Toll-like receptor 7	3.4	US Patent	7CYN
COCCN(CCOC)CC(=O)N1CCC(CC1)c1ccc2[nH]c(c(C(C)C)c2c1)-c1cn2ncnc2c(C)c1C	Toll-like receptor 7	3.4	US Patent	7CYN
CC(C)c1c([nH]c2ccc(cc12)C1CCN(CC1)C(=O)CCNC1CCC(O)CC1)-c1cn2ncnc2c(C)c1C	Toll-like receptor 7	3.4	US Patent	7CYN
CC(C)c1c([nH]c2ccc(cc12)C1CCN(CC1)C(=O)OCCN1CCOCC1)-c1cn2ncnc2c(C)c1C	Toll-like receptor 7	3.4	US Patent	7CYN
COc1cc(cn2ncnc12)-c1[nH]c2ccc(nc2c1C(C)C)N1CCN(CC1)C1CCN(CC1)C(C)=O	Toll-like receptor 7	3.4	US Patent	7CYN
COc1cc(cn2ncnc12)-c1[nH]c2ccc(nc2c1C(C)C)C1CCC(CC1)N(C)CC(N)=O	Toll-like receptor 7	3.4	US Patent	7CYN
CC(C)c1c([nH]c2ccc(cc12)C1CCNCC1)-c1cc(C)c2nc(nn2c1)C(F)(F)F	Toll-like receptor 7	3.4	US Patent	7CYN
COCCNC1CCC(CC1)c1ccc2[nH]c(c(C(C)C)c2n1)-c1cn2ncnc2c(C)c1C	Toll-like receptor 7	3.4	US Patent	7CYN
CC(C)c1c([nH]c2ccc(cc12)C1CCN(CC#N)CC1)-c1cc(C)c2ncnn2c1C	Toll-like receptor 7	3.4	US Patent	7CYN
CC(C)c1c([nH]c2ccc(cc12)C1CCN(Cc2ncco2)CC1)-c1cc(C)c2ncnn2c1	Toll-like receptor 7	3.4	US Patent	7CYN
CC(C)c1c([nH]c2ccc(cc12)C1CCN(CCC(F)(F)F)CC1)-c1cc(C)nc(C)c1	Toll-like receptor 7	3.4	US Patent	7CYN
CC(C)c1c([nH]c2ccc(cc12)C1CCN(CC1)C(=O)CO)-c1ccnc(C)c1	Toll-like receptor 7	3.4	US Patent	7CYN
CC(C)c1c([nH]c2ccc(cc12)C1CCN(CC1)C(=O)CN1CCOC[C@H]1CO)-c1cc(C)nc(C)c1	Toll-like receptor 7	3.4	US Patent	7CYN
COc1cc(cn2ncnc12)-c1[nH]c2ccc(nc2c1C(C)C)C1CCC(CC1)N(C)CC(N)=O	Toll-like receptor 7	3.4	US Patent	7CYN
COCCNC1CCC(CC1)c1ccc2[nH]c(c(C(C)C)c2n1)-c1cn2ncnc2c(C)c1C	Toll-like receptor 7	3.4	US Patent	7CYN
COc1cc(cn2ncnc12)-c1[nH]c2ccc(nc2c1C(C)C)N1CCN(CC1)C1CCN(CC1)C(C)=O	Toll-like receptor 7	3.4	US Patent	7CYN
COc1cc(cn2ncnc12)-c1[nH]c2ccc(nc2c1C(C)C)N1CCN(CC1)C1CCN(CC1)C(C)=O	Toll-like receptor 7	3.4	US Patent	7CYN
CNC(=O)CN(C)C1CCC(CC1)c1cc2c(C(C)C)c([nH]c2cn1)-c1cc(OC)c2ncnn2c1	Toll-like receptor 7	3.4	US Patent	7CYN
COc1cc(cn2ncnc12)-c1[nH]c2ccc(nc2c1C(C)C)C1CCC(CC1)N(C)CC(N)=O	Toll-like receptor 7	3.4	US Patent	7CYN
CC(C)c1c([nH]c2ccc(cc12)-c1nnc(o1)C1CN2CCC1CC2)-c1cc(C)nc(C)c1	Toll-like receptor 7	3.4	US Patent	7CYN
COCCNC1CCC(CC1)c1ccc2[nH]c(c(C(C)C)c2n1)-c1cn2ncnc2c(C)c1C	Toll-like receptor 7	3.4	US Patent	7CYN
CC(C)c1c([nH]c2ccc(cc12)-c1nc2CNCCc2s1)-c1cc(C)nc(C)c1	Toll-like receptor 7	3.4	US Patent	7CYN
COc1cc(cn2ncnc12)-c1[nH]c2cnc(C3CCC(CC3)NC(C)C)c(F)c2c1C(C)C	Toll-like receptor 7	3.4	US Patent	7CYN
CC(C)c1c([nH]c2cnc(C3CCC(CC3)N3CC4(COC4)C3)c(F)c12)-c1cc(C)c2ncnn2c1	Toll-like receptor 7	3.4	US Patent	7CYN
CNC(=O)CN1CCC(CC1)c1ncc2[nH]c(c(C(C)C)c2c1F)-c1cc(C)nc(C)c1	Toll-like receptor 7	3.4	US Patent	7CYN
COc1cc(cn2ncnc12)-c1[nH]c2cnc(C3CCN(CC3)C3CCOCC3)c(F)c2c1C(C)C	Toll-like receptor 7	3.4	US Patent	7CYN
C[C@H](O)CC(=O)N1CCC(CC1)c1ccc2[nH]c(c(C(C)C)c2c1)-c1cc(C)c2nc(C)nn2c1	Toll-like receptor 7	3.5	US Patent	7CYN
CC(C)c1c([nH]c2ccc(cc12)C1CCN(CC1)C(=O)CN1CCCC(C)(C)C1)-c1cn2ncnc2c(C)c1C	Toll-like receptor 7	3.5	US Patent	7CYN
CC(C)c1c([nH]c2ccc(cc12)C1CCN(CC(=O)N2CCOCC2)CC1)-c1cc(C)c2nc(C)nn2c1	Toll-like receptor 7	3.5	US Patent	7CYN
CCc1cc(cn2nc(C)nc12)-c1[nH]c2ccc(cc2c1C(C)C)C1CCNCC1	Toll-like receptor 7	3.5	US Patent	7CYN
CC(C)c1c([nH]c2ccc(cc12)C1CCN(CC(N)=O)CC1)-c1ccc2ncnn2c1	Toll-like receptor 7	3.5	US Patent	7CYN
C[C@H](O)CC(=O)N1CCC(CC1)c1ccc2[nH]c(c(C(C)C)c2c1)-c1cc(C)c2nc(C)nn2c1	Toll-like receptor 7	3.5	US Patent	7CYN
CC(C)c1c([nH]c2ccc(cc12)C1CCN(CC1)C(=O)CN1CCCC(C)(C)C1)-c1cn2ncnc2c(C)c1C	Toll-like receptor 7	3.5	US Patent	7CYN
CC(C)c1c([nH]c2ccc(cc12)C1CCN(CC(=O)N2CCOCC2)CC1)-c1cc(C)c2nc(C)nn2c1	Toll-like receptor 7	3.5	US Patent	7CYN
CC(C)c1c([nH]c2ccc(nc12)N1CCCC(C1)NCC1(CC1)S(C)(=O)=O)-c1cn2ncnc2c(C)c1C	Toll-like receptor 7	3.5	US Patent	7CYN
CCn1cc(-c2[nH]c3ccc(nc3c2C(C)C)C2CCC(CC2)NC2CCOCC2)c2cccnc12	Toll-like receptor 7	3.5	US Patent	7CYN
CCc1cc(cn2nc(C)nc12)-c1[nH]c2ccc(cc2c1C(C)C)C1CCNCC1	Toll-like receptor 7	3.5	US Patent	7CYN
CC(C)c1c([nH]c2ccc(nc12)C1CCC(CC1)N(C)C(C)=O)-c1cn2ncnc2c(C)c1C	Toll-like receptor 7	3.5	US Patent	7CYN
CC(C)c1c([nH]c2cc(F)c(nc12)C1CCC(CC1)NC1CCOCC1)-c1cn2ncnc2c(C)c1C	Toll-like receptor 7	3.5	US Patent	7CYN
CC(C)c1c([nH]c2ccc(cc12)C1CCN(CC(N)=O)CC1)-c1ccc2ncnn2c1	Toll-like receptor 7	3.5	US Patent	7CYN
CC(C)c1c([nH]c2ccc(nc12)C1CN(CCO1)C(=O)CN(C)C)-c1cn2ncnc2c(C)c1C	Toll-like receptor 7	3.5	US Patent	7CYN
CC(C)c1c([nH]c2ccc(cc12)C1CCN(CC1)C1CC(C)OC(C)C1)-c1ccnc(C)c1	Toll-like receptor 7	3.5	US Patent	7CYN
CN[C@@H](C)C(=O)N1CCC(CC1)c1ccc2[nH]c(c(C(C)C)c2c1)-c1cc(C)nc(C)c1	Toll-like receptor 7	3.5	US Patent	7CYN
CC(C)c1c([nH]c2ccc(cc12)C1CCN(CC(=O)N2CCC[C@@H](O)C2)CC1)-c1cc(C)nc(C)c1	Toll-like receptor 7	3.5	US Patent	7CYN
CC(C)NCC(=O)N1CCC(CC1)c1ccc2[nH]c(c(C(C)C)c2c1)-c1cc(C)nc(C)c1	Toll-like receptor 7	3.5	US Patent	7CYN
CC(C)N(C)CC(=O)N1CCC(CC1)c1ccc2[nH]c(c(C(C)C)c2c1)-c1cc(C)nc(C)c1	Toll-like receptor 7	3.5	US Patent	7CYN
CCCN(CCO)CC(=O)N1CCC(CC1)c1ccc2[nH]c(c(C(C)C)c2c1)-c1cc(C)nc(C)c1	Toll-like receptor 7	3.5	US Patent	7CYN
CCn1cc(-c2[nH]c3ccc(nc3c2C(C)C)C2CCC(CC2)NC2CCOCC2)c2cccnc12	Toll-like receptor 7	3.5	US Patent	7CYN
CC(C)c1c([nH]c2ccc(nc12)C1CCC(CC1)N(C)C(C)=O)-c1cn2ncnc2c(C)c1C	Toll-like receptor 7	3.5	US Patent	7CYN
CC(C)c1c([nH]c2cc(F)c(nc12)C1CCC(CC1)NC1CCOCC1)-c1cn2ncnc2c(C)c1C	Toll-like receptor 7	3.5	US Patent	7CYN
CC(C)c1c([nH]c2ccc(nc12)C1CN(CCO1)C(=O)CN(C)C)-c1cn2ncnc2c(C)c1C	Toll-like receptor 7	3.5	US Patent	7CYN
CC(C)c1c([nH]c2ccc(nc12)N1CCCC(C1)NCC1(CC1)S(C)(=O)=O)-c1cn2ncnc2c(C)c1C	Toll-like receptor 7	3.5	US Patent	7CYN
CC(C)c1c([nH]c2ccc(nc12)C1CCC(CC1)N(C)C(C)=O)-c1cn2ncnc2c(C)c1C	Toll-like receptor 7	3.5	US Patent	7CYN
CC(C)c1c([nH]c2cnc(C3CCN(CC(N)=O)CC3)c(F)c12)-c1cn2ncnc2c(C)c1C	Toll-like receptor 7	3.5	US Patent	7CYN
CC(C)c1c([nH]c2ccc(nc12)C1CN(CCO1)C(=O)CN(C)C)-c1cn2ncnc2c(C)c1C	Toll-like receptor 7	3.5	US Patent	7CYN
CC(C)c1c([nH]c2cc(F)c(nc12)C1CCC(CC1)NC1CCOCC1)-c1cn2ncnc2c(C)c1C	Toll-like receptor 7	3.5	US Patent	7CYN
CC(C)c1c([nH]c2cnc(N3CCN(CC3)C3CCOCC3)c(F)c12)-c1cn2ncnc2c(C)c1C	Toll-like receptor 7	3.5	US Patent	7CYN
COc1cc(cn2ncnc12)-c1[nH]c2cnc(C3CCC(CC3)NC3CCOCC3)c(C)c2c1C(C)C	Toll-like receptor 7	3.5	US Patent	7CYN
CC(C)c1c([nH]c2ccc(nc12)N1CCCC(C1)NCC1(CC1)S(C)(=O)=O)-c1cn2ncnc2c(C)c1C	Toll-like receptor 7	3.5	US Patent	7CYN
CCn1cc(-c2[nH]c3ccc(nc3c2C(C)C)C2CCC(CC2)NC2CCOCC2)c2cccnc12	Toll-like receptor 7	3.5	US Patent	7CYN
COCCNC1CCC(CC1)c1cc2c(C(C)C)c([nH]c2cn1)-c1cn2ncnc2c(C)c1C	Toll-like receptor 7	3.5	US Patent	7CYN
CNCC(=O)N1CCC(CC1)c1ccc2[nH]c(c(CC(F)F)c2c1)-c1cc(C)c2nc(C)nn2c1	Toll-like receptor 7	3.6	US Patent	7CYN
CCc1c([nH]c2ccc(cc12)C1CCN(CCS(C)(=O)=O)CC1)-c1cc(OC)c2ncnn2c1	Toll-like receptor 7	3.6	US Patent	7CYN
CN(C)C(=O)CN1CCC(CC1)c1ccc2[nH]c(c(CC(F)F)c2c1)-c1cc(C)c2ncnn2c1	Toll-like receptor 7	3.6	US Patent	7CYN
CC(C)c1c([nH]c2ccc(cc12)C1CCN(CC1)C1CCOCC1)-c1cc(C)c2ncnn2c1C	Toll-like receptor 7	3.6	US Patent	7CYN
COc1cc(cn2ncnc12)-c1[nH]c2ccc(nc2c1C(C)C)C1CCC(C1)NC1CCOCC1	Toll-like receptor 7	3.6	US Patent	7CYN
CC(C)c1c([nH]c2ccc(nc12)N1CC2(CN(C2)C(=O)CN(C)C)C1)-c1cn2ncnc2c(C)c1C	Toll-like receptor 7	3.6	US Patent	7CYN
CNCC(=O)N1CCC(CC1)c1ccc2[nH]c(c(CC(F)F)c2c1)-c1cc(C)c2nc(C)nn2c1	Toll-like receptor 7	3.6	US Patent	7CYN
CC(C)c1c([nH]c2ccc(nc12)N1CC2(CN(C2)C(=O)CCN(C)C)C1)-c1cn2ncnc2c(C)c1C	Toll-like receptor 7	3.6	US Patent	7CYN
CC(C)c1c([nH]c2ccc(nc12)N1CC2(CN(CC(C)(C)C)C2)C1)-c1cn2ncnc2c(C)c1C	Toll-like receptor 7	3.6	US Patent	7CYN
CC(C)c1c([nH]c2ccc(nc12)N1CCC(CC1)NCC#N)-c1cc(CO)c2ncnn2c1	Toll-like receptor 7	3.6	US Patent	7CYN
COc1cc(cn2ncnc12)-c1[nH]c2ccc(nc2c1C(C)C)N1CCN(CC(C)C)CC1	Toll-like receptor 7	3.6	US Patent	7CYN
CC(C)c1c([nH]c2ccc(nc12)C1CCC(CC1)NCC(C)(C)S(C)(=O)=O)-c1cn(C)c2ncccc12	Toll-like receptor 7	3.6	US Patent	7CYN
COc1ncc(CN(C)C2CCC(CC2)c2ccc3[nH]c(c(C(C)C)c3n2)-c2cn3ncnc3c(C)c2C)cn1	Toll-like receptor 7	3.6	US Patent	7CYN
CCc1c([nH]c2ccc(cc12)C1CCN(CCS(C)(=O)=O)CC1)-c1cc(OC)c2ncnn2c1	Toll-like receptor 7	3.6	US Patent	7CYN
CN(C)C(=O)CN1CCC(CC1)c1ccc2[nH]c(c(CC(F)F)c2c1)-c1cc(C)c2ncnn2c1	Toll-like receptor 7	3.6	US Patent	7CYN
COc1cc(cn2ncnc12)-c1[nH]c2ccc(nc2c1C(C)C)C1CC(C1)NCC1(C)COC1	Toll-like receptor 7	3.6	US Patent	7CYN
CC(C)c1c([nH]c2ccc(cc12)C1CCN(CC1)C1CCOCC1)-c1cc(C)c2ncnn2c1C	Toll-like receptor 7	3.6	US Patent	7CYN
CC(C)c1c([nH]c2ccc(cc12)C1CCN(CC1)C(=O)C1CCOC1)-c1cc(C)nc(C)c1	Toll-like receptor 7	3.6	US Patent	7CYN
CC(C)c1c([nH]c2ccc(cc12)C1CCN(CC(=O)N2CCOCC2)CC1)-c1ccnc(C)c1	Toll-like receptor 7	3.6	US Patent	7CYN
CCCNCC(=O)N1CCC(CC1)c1ccc2[nH]c(c(C(C)C)c2c1)-c1cc(C)nc(C)c1	Toll-like receptor 7	3.6	US Patent	7CYN
CC(C)c1c([nH]c2ccc(cc12)C1CCN(CC1)C(=O)CNC1CCOCC1)-c1cc(C)nc(C)c1	Toll-like receptor 7	3.6	US Patent	7CYN
CC(C)c1c([nH]c2ccc(cc12)C1CCN(Cc2ccn(C)n2)CC1)-c1cc(C)nc(C)c1	Toll-like receptor 7	3.6	US Patent	7CYN
CC(C)c1c([nH]c2ccc(nc12)N1CC2(CN(C2)C(=O)CN(C)C)C1)-c1cn2ncnc2c(C)c1C	Toll-like receptor 7	3.6	US Patent	7CYN
CC(C)c1c([nH]c2ccc(nc12)C1CCC(CC1)NCC(C)(C)S(C)(=O)=O)-c1cn(C)c2ncccc12	Toll-like receptor 7	3.6	US Patent	7CYN
COc1ncc(CN(C)C2CCC(CC2)c2ccc3[nH]c(c(C(C)C)c3n2)-c2cn3ncnc3c(C)c2C)cn1	Toll-like receptor 7	3.6	US Patent	7CYN
COc1cc(cn2ncnc12)-c1[nH]c2ccc(nc2c1C(C)C)C1CC(C1)NCC1(C)COC1	Toll-like receptor 7	3.6	US Patent	7CYN
CC(C)c1c([nH]c2ccc(nc12)N1CC2(CN(C2)C(=O)CCN(C)C)C1)-c1cn2ncnc2c(C)c1C	Toll-like receptor 7	3.6	US Patent	7CYN
CC(C)c1c([nH]c2ccc(nc12)N1CC2(CN(CC(C)(C)C)C2)C1)-c1cn2ncnc2c(C)c1C	Toll-like receptor 7	3.6	US Patent	7CYN
COc1cc(cn2ncnc12)-c1[nH]c2ccc(nc2c1C(C)C)C1CCC(C1)NC1CCOCC1	Toll-like receptor 7	3.6	US Patent	7CYN
CC(C)c1c([nH]c2ccc(nc12)N1CCC(CC1)NCC#N)-c1cc(CO)c2ncnn2c1	Toll-like receptor 7	3.6	US Patent	7CYN
COc1cc(cn2ncnc12)-c1[nH]c2ccc(nc2c1C(C)C)N1CCN(CC(C)C)CC1	Toll-like receptor 7	3.6	US Patent	7CYN
COc1cc(cn2ncnc12)-c1[nH]c2ccc(nc2c1C(C)C)N1CCN(CC(C)C)CC1	Toll-like receptor 7	3.6	US Patent	7CYN
CC(C)c1c([nH]c2ccc(nc12)C1CCC(CC1)NCC(C)(C)S(C)(=O)=O)-c1cn(C)c2ncccc12	Toll-like receptor 7	3.6	US Patent	7CYN
CC(C)c1c([nH]c2ccc(nc12)N1CC2(CN(C2)C(=O)CCN(C)C)C1)-c1cn2ncnc2c(C)c1C	Toll-like receptor 7	3.6	US Patent	7CYN
COc1cc(cn2ncnc12)-c1[nH]c2cnc(N3CCN(CC(N)=O)CC3)c(F)c2c1C(C)C	Toll-like receptor 7	3.6	US Patent	7CYN
COc1cc(cn2ncnc12)-c1[nH]c2cnc(N3CCC(CC3)N(C)C3COC3)c(F)c2c1C(C)C	Toll-like receptor 7	3.6	US Patent	7CYN
COc1cc(cn2ncnc12)-c1[nH]c2ccc(nc2c1C(C)C)C1CCC(C1)NC1CCOCC1	Toll-like receptor 7	3.6	US Patent	7CYN
CC(C)c1c([nH]c2cnc(C3CCN(CCS(C)(=O)=O)CC3)c(F)c12)-c1cc(C)c2ncnn2c1	Toll-like receptor 7	3.6	US Patent	7CYN
CC(C)c1c([nH]c2ccc(nc12)N1CC2(CN(CC(C)(C)C)C2)C1)-c1cn2ncnc2c(C)c1C	Toll-like receptor 7	3.6	US Patent	7CYN
CC(C)c1c([nH]c2cnc(C3CCC(CC3)NC3COC3)c(F)c12)-c1cc(C)c2ncnn2c1	Toll-like receptor 7	3.6	US Patent	7CYN
CC(C)N(C)C1CCC(CC1)c1ncc2[nH]c(c(C(C)C)c2c1F)-c1cn2ncnc2c(C)c1C	Toll-like receptor 7	3.6	US Patent	7CYN
CC(C)c1c([nH]c2ccc(nc12)N1CCC(CC1)NCC#N)-c1cc(CO)c2ncnn2c1	Toll-like receptor 7	3.6	US Patent	7CYN
COc1ncc(CN(C)C2CCC(CC2)c2ccc3[nH]c(c(C(C)C)c3n2)-c2cn3ncnc3c(C)c2C)cn1	Toll-like receptor 7	3.6	US Patent	7CYN
CC(C)c1c([nH]c2ccc(nc12)N1CC2(CN(C2)C(=O)CN(C)C)C1)-c1cn2ncnc2c(C)c1C	Toll-like receptor 7	3.6	US Patent	7CYN
COc1cc(cn2ncnc12)-c1[nH]c2ccc(nc2c1C(C)C)C1CC(C1)NCC1(C)COC1	Toll-like receptor 7	3.6	US Patent	7CYN
CC(C)c1c([nH]c2ccc(cc12)C1CCN(CC1)C(=O)CN1CCCCC1)-c1cn2ncnc2c(C)c1C	Toll-like receptor 7	3.7	US Patent	7CYN
CC(C)c1c([nH]c2ccc(cc12)C1CCNCC1)-c1cc(C)c2ncnn2c1	Toll-like receptor 7	3.7	US Patent	7CYN
CC(C)c1c([nH]c2ccc(cc12)C1CCN(CC1)C(=O)NC1CCCNC1)-c1cn2ncnc2c(C)c1C	Toll-like receptor 7	3.7	US Patent	7CYN
CCc1c([nH]c2ccc(cc12)C1CCN(CC(C)(C)O)CC1)-c1cc(C)c2ncnn2c1	Toll-like receptor 7	3.7	US Patent	7CYN
CC(C)c1c([nH]c2ccc(cc12)C1CCN(CC1)C1CCSCC1)-c1cc(C)c2ncnn2c1	Toll-like receptor 7	3.7	US Patent	7CYN
CC(C)c1c([nH]c2ccc(cc12)C1CCN(Cc2cn(C)nn2)CC1)-c1cc(F)c2ncnn2c1	Toll-like receptor 7	3.7	US Patent	7CYN
CC(C)c1c([nH]c2ccc(nc12)N1C[C@@H]2C[C@H]1CCN2CC(N)=O)-c1cn2ncnc2c(C)c1C	Toll-like receptor 7	3.7	US Patent	7CYN
CC(C)c1c([nH]c2ccc(nc12)N1CCN(C[C@@H]1C)C1COC1)-c1cn2ncnc2c(C)c1C	Toll-like receptor 7	3.7	US Patent	7CYN
CC(C)c1c([nH]c2ccc(nc12)N1CCN(C[C@@H]1C)C(=O)C1CN(C)C1)-c1cn2ncnc2c(C)c1C	Toll-like receptor 7	3.7	US Patent	7CYN
CC(C)c1c([nH]c2ccc(cc12)C1CCN(CC1)C(=O)CN1CCCCC1)-c1cn2ncnc2c(C)c1C	Toll-like receptor 7	3.7	US Patent	7CYN
CC(C)c1c([nH]c2ccc(nc12)N1C[C@@H](C)N(C[C@@H]1C)C(=O)CCN1CCC(F)(F)C1)-c1cn2ncnc2c(C)c1C	Toll-like receptor 7	3.7	US Patent	7CYN
COc1cc(cn2ncnc12)-c1[nH]c2ccc(nc2c1C(C)C)N1CC(C1)NC(=O)CN(C)C	Toll-like receptor 7	3.7	US Patent	7CYN
COc1cc(cn2ncnc12)-c1[nH]c2ccc(nc2c1C(C)C)C1CCC(CC1)N1CCOCC1	Toll-like receptor 7	3.7	US Patent	7CYN
CC(C)c1c([nH]c2ccc(nc12)N1CCC(CC1)N(C)Cc1ncccn1)-c1cn2ncnc2c(C)c1C	Toll-like receptor 7	3.7	US Patent	7CYN
CC(C)c1c([nH]c2ccc(nc12)N1CCN(CC1)C1CCOCC1)-c1cn2ncnc2c(C)c1C	Toll-like receptor 7	3.7	US Patent	7CYN
CC(C)c1c([nH]c2ccc(cc12)C1CCN(CC1)C(=O)NC1CCCNC1)-c1cn2ncnc2c(C)c1C	Toll-like receptor 7	3.7	US Patent	7CYN
COc1cc(cn2ncnc12)-c1[nH]c2ccc(nc2c1C(C)C)N1CCN(CCNS(C)(=O)=O)CC1	Toll-like receptor 7	3.7	US Patent	7CYN
CC(C)c1c([nH]c2ccc(nc12)C1CCC(CC1)NCc1c[nH]nn1)-c1cc(CO)c2ncnn2c1	Toll-like receptor 7	3.7	US Patent	7CYN
CC(C)c1c([nH]c2ccc(cc12)C1CCNCC1)-c1cc(C)c2ncnn2c1	Toll-like receptor 7	3.7	US Patent	7CYN
CC(C)c1c([nH]c2ccc(nc12)C1CCC(CC1)N1CCC(F)(F)CC1)-c1cn2ncnc2c(C)c1C	Toll-like receptor 7	3.7	US Patent	7CYN
CC(C)c1c([nH]c2ccc(nc12)C1CCC(CC1)N1CCN(C)C(=O)C1)-c1cn2ncnc2c(C)c1C	Toll-like receptor 7	3.7	US Patent	7CYN
CCc1c([nH]c2ccc(cc12)C1CCN(CC(C)(C)O)CC1)-c1cc(C)c2ncnn2c1	Toll-like receptor 7	3.7	US Patent	7CYN
CC(C)c1c([nH]c2ccc(cc12)C1CCN(CC1)C1CCSCC1)-c1cc(C)c2ncnn2c1	Toll-like receptor 7	3.7	US Patent	7CYN
CC(C)c1c([nH]c2ccc(cc12)C1CCN(Cc2cn(C)nn2)CC1)-c1cc(F)c2ncnn2c1	Toll-like receptor 7	3.7	US Patent	7CYN
CC(C)c1c([nH]c2ccc(cc12)C1CCN(CC(=O)NCC2CC2)CC1)-c1cc(C)nc(C)c1	Toll-like receptor 7	3.7	US Patent	7CYN
COC[C@@H]1CCCN1C(=O)CN1CCC(CC1)c1ccc2[nH]c(c(C(C)C)c2c1)-c1cc(C)nc(C)c1	Toll-like receptor 7	3.7	US Patent	7CYN
CC(C)c1c([nH]c2ccc(cc12)C1CCN(CC(=O)N2CCC(C)CC2)CC1)-c1cc(C)nc(C)c1	Toll-like receptor 7	3.7	US Patent	7CYN
CC(C)c1c([nH]c2ccc(cc12)C1CCN(CC(=O)NC2CCOC2)CC1)-c1cc(C)nc(C)c1	Toll-like receptor 7	3.7	US Patent	7CYN
COCCCN1CCC(CC1)c1ccc2[nH]c(c(C(C)C)c2c1)-c1cc(C)nc(C)c1	Toll-like receptor 7	3.7	US Patent	7CYN
CC(C)c1c([nH]c2ccc(cc12)C1CCN(CC1)C(=O)CNCC(C)(C)N1CCOCC1)-c1ccnc(C)c1	Toll-like receptor 7	3.7	US Patent	7CYN
CC(C)c1c([nH]c2ccc(cc12)C1CCN(Cc2c[nH]cn2)CC1)-c1cc(C)nc(C)c1	Toll-like receptor 7	3.7	US Patent	7CYN
CC(C)c1c([nH]c2ccc(cc12)C1CCN(CC1)C1CCS(=O)(=O)CC1)-c1cc(C)nc(C)c1	Toll-like receptor 7	3.7	US Patent	7CYN
CC(C)c1c([nH]c2ccc(nc12)N1C[C@@H]2C[C@H]1CN2CC(N)=O)-c1cn2ncnc2c(C)c1C	Toll-like receptor 7	3.7	US Patent	7CYN
CC(C)c1c([nH]c2ccc(nc12)C1CCC(CC1)NCc1c[nH]nn1)-c1cc(CO)c2ncnn2c1	Toll-like receptor 7	3.7	US Patent	7CYN
CC(C)c1c([nH]c2ccc(nc12)C1CCC(CC1)N1CCC(F)(F)CC1)-c1cn2ncnc2c(C)c1C	Toll-like receptor 7	3.7	US Patent	7CYN
CC(C)c1c([nH]c2ccc(nc12)C1CCC(CC1)N1CCN(C)C(=O)C1)-c1cn2ncnc2c(C)c1C	Toll-like receptor 7	3.7	US Patent	7CYN
CC(C)c1c([nH]c2ccc(nc12)N1CCN(C[C@@H]1C)C1COC1)-c1cn2ncnc2c(C)c1C	Toll-like receptor 7	3.7	US Patent	7CYN
CC(C)c1c([nH]c2ccc(nc12)N1CCN(C[C@@H]1C)C(=O)C1CN(C)C1)-c1cn2ncnc2c(C)c1C	Toll-like receptor 7	3.7	US Patent	7CYN
CC(C)c1c([nH]c2ccc(nc12)N1C[C@@H](C)N(C[C@@H]1C)C(=O)CCN1CCC(F)(F)C1)-c1cn2ncnc2c(C)c1C	Toll-like receptor 7	3.7	US Patent	7CYN
COc1cc(cn2ncnc12)-c1[nH]c2ccc(nc2c1C(C)C)N1CC(C1)NC(=O)CN(C)C	Toll-like receptor 7	3.7	US Patent	7CYN
COc1cc(cn2ncnc12)-c1[nH]c2ccc(nc2c1C(C)C)C1CCC(CC1)N1CCOCC1	Toll-like receptor 7	3.7	US Patent	7CYN
CC(C)c1c([nH]c2ccc(nc12)N1CCC(CC1)N(C)Cc1ncccn1)-c1cn2cnnc2c(C)c1C	Toll-like receptor 7	3.7	US Patent	7CYN
CC(C)c1c([nH]c2ccc(nc12)N1CCN(CC1)C1CCOCC1)-c1cn2ncnc2c(C)c1C	Toll-like receptor 7	3.7	US Patent	7CYN
COc1cc(cn2ncnc12)-c1[nH]c2ccc(nc2c1C(C)C)N1CCN(CCNS(C)(=O)=O)CC1	Toll-like receptor 7	3.7	US Patent	7CYN
CC(C)c1c([nH]c2ccc(nc12)C1CCC(CC1)NCc1c[nH]nn1)-c1cc(CO)c2ncnn2c1	Toll-like receptor 7	3.7	US Patent	7CYN
CC(C)c1c([nH]c2ccc(nc12)N1CCN(C[C@@H]1C)C1COC1)-c1cn2ncnc2c(C)c1C	Toll-like receptor 7	3.7	US Patent	7CYN
CC(C)c1c([nH]c2ccc(cc12)-c1cn2cc(C)nc2cc1F)-c1cc(C)nc(C)c1	Toll-like receptor 7	3.7	US Patent	7CYN
CC(C)c1c([nH]c2ccc(nc12)C1CCC(CC1)N1CCC(F)(F)CC1)-c1cn2ncnc2c(C)c1C	Toll-like receptor 7	3.7	US Patent	7CYN
COc1cc(cn2ncnc12)-c1[nH]c2ccc(nc2c1C(C)C)N1CCN(CCNS(C)(=O)=O)CC1	Toll-like receptor 7	3.7	US Patent	7CYN
CC(C)c1c([nH]c2ccc(nc12)C1CCC(CC1)N1CCN(C)C(=O)C1)-c1cn2ncnc2c(C)c1C	Toll-like receptor 7	3.7	US Patent	7CYN
CC(C)c1c([nH]c2ccc(cc12)-c1cc2CCN(Cc3c[nH]c(C)n3)Cc2s1)-c1cc(C)nc(C)c1	Toll-like receptor 7	3.7	US Patent	7CYN
COc1cc(cn2ncnc12)-c1[nH]c2ccc(nc2c1C(C)C)N1CC(C1)NC(=O)CN(C)C	Toll-like receptor 7	3.7	US Patent	7CYN
CC(C)c1c([nH]c2ccc(nc12)N1CCN(C[C@@H]1C)C(=O)C1CN(C)C1)-c1cn2ncnc2c(C)c1C	Toll-like receptor 7	3.7	US Patent	7CYN
COc1cc(cn2ncnc12)-c1[nH]c2ccc(nc2c1C(C)C)C1CCC(CC1)N1CCOCC1	Toll-like receptor 7	3.7	US Patent	7CYN
CC(C)c1c([nH]c2ccc(nc12)N1C[C@@H](C)N(C[C@@H]1C)C(=O)CCN1CCC(F)(F)C1)-c1cn2ncnc2c(C)c1C	Toll-like receptor 7	3.7	US Patent	7CYN
CC(C)c1c([nH]c2ccc(N[C@H]3C[C@@H](C)N(CC(N)=O)C3)nc12)-c1cn2ncnc2c(C)c1C	Toll-like receptor 7	3.7	US Patent	7CYN
CNCC(=O)N1CCN(CC1)c1cc2c(C(C)C)c([nH]c2cn1)-c1cc(OC)c2ncnn2c1	Toll-like receptor 7	3.7	US Patent	7CYN
CC(C)c1c([nH]c2ccc(nc12)N1CCN(CC1)C1CCOCC1)-c1cn2ncnc2c(C)c1C	Toll-like receptor 7	3.7	US Patent	7CYN
CC(C)c1c([nH]c2ccc(nc12)N1CCC(CC1)N(C)Cc1ncccn1)-c1cn2cnnc2c(C)c1C	Toll-like receptor 7	3.7	US Patent	7CYN
COCCN(C)C(=O)CN1CCC(CC1)c1ccc2[nH]c(c(C(C)C)c2c1)-c1cc(COC)c2ncnn2c1	Toll-like receptor 7	3.8	US Patent	7CYN
CC(C)c1c([nH]c2ccc(cc12)C1CCN(CC1)C(=O)CCN1CC[C@@H](O)C1)-c1cn2ncnc2c(C)c1C	Toll-like receptor 7	3.8	US Patent	7CYN
CC(C)c1c([nH]c2ccc(cc12)C1CCN(CC1)C(=O)CCN1CCCC(C)(C)C1)-c1cn2ncnc2c(C)c1C	Toll-like receptor 7	3.8	US Patent	7CYN
CC(C)c1c([nH]c2ccc(cc12)C1CCN(CC1)C(=O)CCNC1CCCC1)-c1cn2ncnc2c(C)c1C	Toll-like receptor 7	3.8	US Patent	7CYN
CC(C)c1c([nH]c2ccc(nc12)N1[C@@H](C)CN(CCC(N)=O)C[C@@H]1C)-c1cn2ncnc2c(C)c1C	Toll-like receptor 7	3.8	US Patent	7CYN
CC(C)c1c([nH]c2ccc(nc12)N1C[C@H](C)N(CC(N)=O)[C@@H](C)C1)-c1cn2ncnc2c(C)c1C	Toll-like receptor 7	3.8	US Patent	7CYN
CC(C)c1c([nH]c2ccc(nc12)N1CCN(CC(N)=O)C[C@H]2C[C@@H]12)-c1cn2ncnc2c(C)c1C	Toll-like receptor 7	3.8	US Patent	7CYN
CC(C)c1c([nH]c2ccc(nc12)N1C[C@H]2C[C@@H]1CCN2CCC(N)=O)-c1cn2ncnc2c(C)c1C	Toll-like receptor 7	3.8	US Patent	7CYN
CC(C)c1c([nH]c2ccc(nc12)N1C[C@@H]2C[C@H]1CCN2CCC(N)=O)-c1cn2ncnc2c(C)c1C	Toll-like receptor 7	3.8	US Patent	7CYN
COCCN(C)C(=O)CN1CCC(CC1)c1ccc2[nH]c(c(C(C)C)c2c1)-c1cc(COC)c2ncnn2c1	Toll-like receptor 7	3.8	US Patent	7CYN
CC(C)c1c([nH]c2ccc(cc12)C1CCN(CC1)C(=O)CCN1CC[C@@H](O)C1)-c1cn2ncnc2c(C)c1C	Toll-like receptor 7	3.8	US Patent	7CYN
CC(C)c1c([nH]c2ccc(cc12)C1CCN(CC1)C(=O)CCN1CCCC(C)(C)C1)-c1cn2ncnc2c(C)c1C	Toll-like receptor 7	3.8	US Patent	7CYN
CC(C)c1c([nH]c2ccc(cc12)C1CCN(CC1)C(=O)CCNC1CCCC1)-c1cn2ncnc2c(C)c1C	Toll-like receptor 7	3.8	US Patent	7CYN
CC(C)c1c([nH]c2ccc(nc12)N1CCC(CC1)N(C)Cc1ccnn1C)-c1cn2ncnc2c(C)c1C	Toll-like receptor 7	3.8	US Patent	7CYN
CC(C)c1c([nH]c2ccc(nc12)N1CCC(CC1)N(C)Cc1cnc(C)nc1)-c1cn2ncnc2c(C)c1C	Toll-like receptor 7	3.8	US Patent	7CYN
COc1cc(cn2ncnc12)-c1[nH]c2ccc(nc2c1C(C)C)C1CCC(CC1)N(C)Cc1cnc(C)cn1	Toll-like receptor 7	3.8	US Patent	7CYN
CC(C)c1c([nH]c2ccc(nc12)C1CCC(CC1)N(C)CC(N)=O)-c1cn2ncnc2c(C)c1C	Toll-like receptor 7	3.8	US Patent	7CYN
CC(C)c1c([nH]c2ccc(nc12)C1CCC(CC1)N(C)C(=O)CN(C)C)-c1cn2ncnc2c(C)c1C	Toll-like receptor 7	3.8	US Patent	7CYN
CC(C)c1c([nH]c2ccc(nc12)C1CC(C1)NCC1(C)COC1)-c1cn2ncnc2c(C)c1C	Toll-like receptor 7	3.8	US Patent	7CYN
CC(C)N1CCOC(C1)c1ccc2[nH]c(c(C(C)C)c2n1)-c1cn2ncnc2c(C)c1C	Toll-like receptor 7	3.8	US Patent	7CYN
CC(C)c1c([nH]c2ccc(cc12)C1CCN(CC(O)C(C)(C)C)CC1)-c1cc(C)nc(C)c1	Toll-like receptor 7	3.8	US Patent	7CYN
CC(C)c1c([nH]c2ccc(cc12)C1CCN(CC(=O)N2CCC2)CC1)-c1cc(C)nc(C)c1	Toll-like receptor 7	3.8	US Patent	7CYN
COc1cc(cn2ncnc12)-c1[nH]c2ccc(nc2c1C(C)C)C1CCC(CC1)N(C)Cc1cnc(C)cn1	Toll-like receptor 7	3.8	US Patent	7CYN
CC(C)c1c([nH]c2ccc(nc12)N1[C@@H](C)CN(CCC(N)=O)C[C@@H]1C)-c1cn2ncnc2c(C)c1C	Toll-like receptor 7	3.8	US Patent	7CYN
CC(C)c1c([nH]c2ccc(nc12)N1C[C@H](C)N(CC(N)=O)[C@@H](C)C1)-c1cn2ncnc2c(C)c1C	Toll-like receptor 7	3.8	US Patent	7CYN
CC(C)c1c([nH]c2ccc(nc12)N1C[C@H]2C[C@@H]1CN2CC(N)=O)-c1cn2ncnc2c(C)c1C	Toll-like receptor 7	3.8	US Patent	7CYN
CC(C)c1c([nH]c2ccc(nc12)N1C[C@H]2C[C@@H]1CN2CCC(N)=O)-c1cn2ncnc2c(C)c1C	Toll-like receptor 7	3.8	US Patent	7CYN
CC(C)c1c([nH]c2ccc(nc12)N1C[C@@H]2C[C@H]1CN2CCC(N)=O)-c1cn2ncnc2c(C)c1C	Toll-like receptor 7	3.8	US Patent	7CYN
CC(C)c1c([nH]c2ccc(nc12)C1CCC(CC1)N(C)CC(N)=O)-c1cn2ncnc2c(C)c1C	Toll-like receptor 7	3.8	US Patent	7CYN
CC(C)c1c([nH]c2ccc(nc12)C1CCC(CC1)N(C)C(=O)CN(C)C)-c1cn2ncnc2c(C)c1C	Toll-like receptor 7	3.8	US Patent	7CYN
CC(C)c1c([nH]c2ccc(nc12)C1CC(C1)NCC1(C)COC1)-c1cn2ncnc2c(C)c1C	Toll-like receptor 7	3.8	US Patent	7CYN
CC(C)N1CCOC(C1)c1ccc2[nH]c(c(C(C)C)c2n1)-c1cn2ncnc2c(C)c1C	Toll-like receptor 7	3.8	US Patent	7CYN
CC(C)c1c([nH]c2ccc(nc12)N1CCC(CC1)N(C)Cc1ccnn1C)-c1cn2ncnc2c(C)c1C	Toll-like receptor 7	3.8	US Patent	7CYN
CC(C)c1c([nH]c2ccc(nc12)N1CCC(CC1)N(C)Cc1cnc(C)nc1)-c1cn2ncnc2c(C)c1C	Toll-like receptor 7	3.8	US Patent	7CYN
CC(C)c1c([nH]c2ccc(nc12)N1CCC(CC1)N(C)Cc1cnc(C)nc1)-c1cn2ncnc2c(C)c1C	Toll-like receptor 7	3.8	US Patent	7CYN
COCCN1CCN(CC1)c1ncc2[nH]c(c(C(C)C)c2c1F)-c1cc(OC)c2ncnn2c1	Toll-like receptor 7	3.8	US Patent	7CYN
COc1cc(cn2ncnc12)-c1[nH]c2ccc(nc2c1C(C)C)C1CCC(CC1)N(C)Cc1cnc(C)cn1	Toll-like receptor 7	3.8	US Patent	7CYN
CC(C)N1CCOC(C1)c1ccc2[nH]c(c(C(C)C)c2n1)-c1cn2ncnc2c(C)c1C	Toll-like receptor 7	3.8	US Patent	7CYN
CC(C)c1c([nH]c2ccc(N[C@H]3C[C@@H](C)N(CCC(N)=O)C3)nc12)-c1cn2ncnc2c(C)c1C	Toll-like receptor 7	3.8	US Patent	7CYN
CC(C)c1c([nH]c2ccc(nc12)C1CCC(CC1)N(C)CC(N)=O)-c1cn2ncnc2c(C)c1C	Toll-like receptor 7	3.8	US Patent	7CYN
CC(C)c1c([nH]c2ccc(nc12)N1[C@@H](C)CN(CCC(N)=O)C[C@@H]1C)-c1cn2ncnc2c(C)c1C	Toll-like receptor 7	3.8	US Patent	7CYN
CC(C)c1c([nH]c2ccc(nc12)C1CC(C1)NCC1(C)COC1)-c1cn2ncnc2c(C)c1C	Toll-like receptor 7	3.8	US Patent	7CYN
CC(C)c1c([nH]c2ccc(nc12)N1CCC(CC1)N(C)Cc1ccnn1C)-c1cn2ncnc2c(C)c1C	Toll-like receptor 7	3.8	US Patent	7CYN
COc1cc(cn2ncnc12)-c1[nH]c2cnc(cc2c1C(C)C)C1CCC(CC1)NC1CCOC1	Toll-like receptor 7	3.8	US Patent	7CYN
COc1cc(cn2ncnc12)-c1[nH]c2ccc(cc2c1C(C)C)C(=O)N1CCCN(C)CC1	Toll-like receptor 7	3.8	US Patent	7CYN
COc1cc(cn2ncnc12)-c1[nH]c2cnc(N3CCN(CC(F)(F)F)CC3)c(F)c2c1C(C)C	Toll-like receptor 7	3.8	US Patent	7CYN
CC(C)c1c([nH]c2ccc(nc12)N1C[C@H](C)N(CC(N)=O)[C@@H](C)C1)-c1cn2ncnc2c(C)c1C	Toll-like receptor 7	3.8	US Patent	7CYN
CC(C)c1c([nH]c2ccc(nc12)C1CCC(CC1)N(C)C(=O)CN(C)C)-c1cn2ncnc2c(C)c1C	Toll-like receptor 7	3.8	US Patent	7CYN
CC(C)c1c([nH]c2ccc(cc12)-c1nc(co1)C(=O)NCCCN(C)C)-c1cc(C)nc(C)c1	Toll-like receptor 7	3.8	US Patent	7CYN
CC(C)c1c([nH]c2ccc(N[C@@H]3C[C@H](C)N(CCC(N)=O)C3)nc12)-c1cn2ncnc2c(C)c1C	Toll-like receptor 7	3.8	US Patent	7CYN
CC(C)c1c([nH]c2cnc(C3CCN(CC3)C3COC3)c(F)c12)-c1cc(C)c2ncnn2c1	Toll-like receptor 7	3.8	US Patent	7CYN
CC(C)c1c([nH]c2ccc(N[C@@H]3C[C@H](C)N(CC(N)=O)C3)nc12)-c1cn2ncnc2c(C)c1C	Toll-like receptor 7	3.8	US Patent	7CYN
CCC(CC)C(=O)C1CCCN(CC(=O)N2CCC(CC2)c2ccc3[nH]c(c(C(C)C)c3c2)-c2cn3ncnc3c(C)c2C)C1	Toll-like receptor 7	3.9	US Patent	7CYN
CC(C)c1c([nH]c2ccc(cc12)C1CCNCC1)-c1cn2ncnc2cc1C	Toll-like receptor 7	3.9	US Patent	7CYN
CC(C)c1c([nH]c2ccc(cc12)C1CCN(CC1)C(=O)CCNC1CCCCC1)-c1cn2ncnc2c(C)c1C	Toll-like receptor 7	3.9	US Patent	7CYN
CC(C)c1c([nH]c2ccc(cc12)C1CCN(CC1)C(=O)N(C)CCN)-c1cn2ncnc2c(C)c1C	Toll-like receptor 7	3.9	US Patent	7CYN
CC(C)c1c([nH]c2ccc(cc12)C1CCN(CCS(C)(=O)=O)CC1)-c1cc(C)c2ncnn2c1C	Toll-like receptor 7	3.9	US Patent	7CYN
CC(C)c1c([nH]c2ccc(nc12)N1C[C@@H]2C[C@H](C1)N2CCC(N)=O)-c1cn2ncnc2c(C)c1C	Toll-like receptor 7	3.9	US Patent	7CYN
CCC(CC)C(=O)C1CCCN(CC(=O)N2CCC(CC2)c2ccc3[nH]c(c(C(C)C)c3c2)-c2cn3ncnc3c(C)c2C)C1	Toll-like receptor 7	3.9	US Patent	7CYN
CC(C)c1c([nH]c2ccc(cc12)C1CCN(CC1)C(=O)CCNC1CCCCC1)-c1cn2ncnc2c(C)c1C	Toll-like receptor 7	3.9	US Patent	7CYN
CC(C)c1c([nH]c2ccc(nc12)N1CCN(CC(C)(C)O)CC1)-c1cn2ncnc2c(C)c1C	Toll-like receptor 7	3.9	US Patent	7CYN
CC(C)c1c([nH]c2ccc(cc12)C1CCN(CC1)C(=O)N(C)CCN)-c1cn2ncnc2c(C)c1C	Toll-like receptor 7	3.9	US Patent	7CYN
COCc1cc(cn2ncnc12)-c1[nH]c2ccc(nc2c1C(C)C)C1CCC(CC1)NC1COC1	Toll-like receptor 7	3.9	US Patent	7CYN
COc1cc(cn2ncnc12)-c1[nH]c2ccc(nc2c1C(C)C)C1CCC(CC1)NCC1(CC1)S(C)(=O)=O	Toll-like receptor 7	3.9	US Patent	7CYN
CC(C)c1c([nH]c2ccc(nc12)C1CCC(CC1)NCC1(CC1)S(C)(=O)=O)-c1cn(C)c2ncccc12	Toll-like receptor 7	3.9	US Patent	7CYN
CC(C)c1c([nH]c2ccc(cc12)C1CCNCC1)-c1cn2ncnc2cc1C	Toll-like receptor 7	3.9	US Patent	7CYN
CC(C)c1c([nH]c2ccc(nc12)C1CCC(CC1)NCc1cnc(C)cn1)-c1cn2ncnc2c(C)c1C	Toll-like receptor 7	3.9	US Patent	7CYN
CC(C)c1c([nH]c2ccc(cc12)C1CCN(CCS(C)(=O)=O)CC1)-c1cc(C)c2ncnn2c1C	Toll-like receptor 7	3.9	US Patent	7CYN
CC(C)c1c([nH]c2ccc(OC3CCN(C)CC3)nc12)-c1cc(C)c2ncnn2c1	Toll-like receptor 7	3.9	US Patent	7CYN
CC(C)c1c([nH]c2ccc(cc12)C1CCN(CCO)CC1)-c1cc(C)ncc1F	Toll-like receptor 7	3.9	US Patent	7CYN
CC(C)c1c([nH]c2cc(F)c(cc12)C1CCN(CC(=O)N(C)C)CC1)-c1cc(C)ncc1F	Toll-like receptor 7	3.9	US Patent	7CYN
CC(C)c1c([nH]c2ccc(cc12)C1CCN(CC1)N1CCC(CC1)C(C)=O)-c1cc(C)nc(C)c1	Toll-like receptor 7	3.9	US Patent	7CYN
CC(C)c1c([nH]c2ccc(cc12)C1CCN(CC1)C(=O)CCN1CCOCC1)-c1cc(C)nc(C)c1	Toll-like receptor 7	3.9	US Patent	7CYN
CC(C)c1c([nH]c2ccc(nc12)N1C[C@@H]2C[C@H](C1)N2CCC(N)=O)-c1cn2ncnc2c(C)c1C	Toll-like receptor 7	3.9	US Patent	7CYN
COCc1cc(cn2ncnc12)-c1[nH]c2ccc(nc2c1C(C)C)C1CCC(CC1)NC1COC1	Toll-like receptor 7	3.9	US Patent	7CYN
COc1cc(cn2ncnc12)-c1[nH]c2ccc(nc2c1C(C)C)C1CCC(CC1)NCC1(CC1)S(C)(=O)=O	Toll-like receptor 7	3.9	US Patent	7CYN
CC(C)c1c([nH]c2ccc(nc12)C1CCC(CC1)NCC1(CC1)S(C)(=O)=O)-c1cn(C)c2ncccc12	Toll-like receptor 7	3.9	US Patent	7CYN
CC(C)c1c([nH]c2ccc(nc12)C1CCC(CC1)NCc1cnc(C)cn1)-c1cn2ncnc2c(C)c1C	Toll-like receptor 7	3.9	US Patent	7CYN
CC(C)c1c([nH]c2ccc(OC3CCN(C)CC3)nc12)-c1cc(C)c2ncnn2c1	Toll-like receptor 7	3.9	US Patent	7CYN
CC(C)c1c([nH]c2ccc(nc12)N1CCN(CC(C)(C)O)CC1)-c1cn2ncnc2c(C)c1C	Toll-like receptor 7	3.9	US Patent	7CYN
COCCNC1CCC(CC1)c1cc2c(C(C)C)c([nH]c2cn1)-c1cn2ncnc2c(C)c1C	Toll-like receptor 7	3.9	US Patent	7CYN
CC(C)c1c([nH]c2ccc(nc12)N1CCN(CC(C)(C)O)CC1)-c1cn2ncnc2c(C)c1C	Toll-like receptor 7	3.9	US Patent	7CYN
CC(C)c1c([nH]c2ccc(nc12)N1C[C@@H]2C[C@H](C1)N2CCC(N)=O)-c1cn2ncnc2c(C)c1C	Toll-like receptor 7	3.9	US Patent	7CYN
CC(C)c1c([nH]c2ccc(nc12)C1CCC(CC1)NCC1(CC1)S(C)(=O)=O)-c1cn(C)c2ncccc12	Toll-like receptor 7	3.9	US Patent	7CYN
COCc1cc(cn2ncnc12)-c1[nH]c2ccc(nc2c1C(C)C)C1CCC(CC1)NC1COC1	Toll-like receptor 7	3.9	US Patent	7CYN
COc1cc(cn2ncnc12)-c1[nH]c2ccc(nc2c1C(C)C)C1CCC(CC1)NCC1(CC1)S(C)(=O)=O	Toll-like receptor 7	3.9	US Patent	7CYN
CC(C)c1c([nH]c2ccc(nc12)C1CCC(CC1)NCc1cnc(C)cn1)-c1cn2ncnc2c(C)c1C	Toll-like receptor 7	3.9	US Patent	7CYN
COc1cc(cn2ncnc12)-c1[nH]c2cnc(C3CCN(CCS(C)(=O)=O)CC3)c(F)c2c1C(C)C	Toll-like receptor 7	3.9	US Patent	7CYN
CC(C)c1c([nH]c2cnc(cc12)C1CCC(CC1)NCC(C)(C)C)-c1cn2ncnc2c(C)c1C	Toll-like receptor 7	3.9	US Patent	7CYN
COc1cc(cn2ncnc12)-c1[nH]c2cnc(cc2c1C(C)C)C1CCN(CC1)C1COC1	Toll-like receptor 7	3.9	US Patent	7CYN
CC(C)c1c([nH]c2ccc(OC3CCN(C)CC3)nc12)-c1cc(C)c2ncnn2c1	Toll-like receptor 7	3.9	US Patent	7CYN
CC(C)c1c([nH]c2ccc(cc12)C1CCN(CC1)C1CCOCC1)-c1cc(CC#N)c2ncnn2c1	Toll-like receptor 7	4	US Patent	7CYN
CC(C)N1CCN(C[C@@H]1C)c1ccc2[nH]c(c(C(C)C)c2n1)-c1cn2ncnc2c(C)c1C	Toll-like receptor 7	4	US Patent	7CYN
CC(C)c1c([nH]c2ccc(nc12)N1CCN(CC1)C(=O)CN)-c1cn2ncnc2c(C)c1C	Toll-like receptor 7	4	US Patent	7CYN
COc1cc(cn2ncnc12)-c1[nH]c2ccc(nc2c1C(C)C)C1CCC(CC1)N(C)CC(N)=O	Toll-like receptor 7	4	US Patent	7CYN
CC(C)c1c([nH]c2ccc(nc12)C1CCC(CC1)NC1CCOCC1)-c1cn(C)c2ncncc12	Toll-like receptor 7	4	US Patent	7CYN
CC(C)c1c([nH]c2ccc(nc12)C1CCC(CC1)NC1CCOCC1)-c1cn2ncnc2c(C)c1C	Toll-like receptor 7	4	US Patent	7CYN
CNC(=O)CNC1CC(C1)c1ccc2[nH]c(c(C(C)C)c2n1)-c1cn2ncnc2c(C)c1C	Toll-like receptor 7	4	US Patent	7CYN
CC(C)c1c([nH]c2ccc(cc12)C1CCN(CC1)C1CCOCC1)-c1cc(CC#N)c2ncnn2c1	Toll-like receptor 7	4	US Patent	7CYN
CC(C)c1c([nH]c2ccc(cc12)C1CCN(CC(=O)N2CCC(O)CC2)CC1)-c1cc(C)nc(C)c1	Toll-like receptor 7	4	US Patent	7CYN
CC(C)c1c([nH]c2ccc(cc12)C1CCN(CC(=O)N2CCCC(F)(F)C2)CC1)-c1cc(C)nc(C)c1	Toll-like receptor 7	4	US Patent	7CYN
CC(C)c1c([nH]c2ccc(cc12)C1CCN(CC1)C(=O)CNC1(C)CCC1)-c1cc(C)nc(C)c1	Toll-like receptor 7	4	US Patent	7CYN
CC(C)c1c([nH]c2ccc(cc12)C1CCN(CC1)C(=O)CNC1(C)CC1)-c1cc(C)nc(C)c1	Toll-like receptor 7	4	US Patent	7CYN
COc1nc(C)c2nc(-c3cnccc3C)n(Cc3ccc(cc3F)C3CN4CCC3CC4)c2n1	Toll-like receptor 7	4	US Patent	7CYN
CC(C)N1CCN(C[C@@H]1C)c1ccc2[nH]c(c(C(C)C)c2n1)-c1cn2ncnc2c(C)c1C	Toll-like receptor 7	4	US Patent	7CYN
COc1cc(cn2ncnc12)-c1[nH]c2ccc(nc2c1C(C)C)C1CCC(CC1)N(C)CC(N)=O	Toll-like receptor 7	4	US Patent	7CYN
CC(C)c1c([nH]c2ccc(nc12)C1CCC(CC1)NC1CCOCC1)-c1cn(C)c2ncncc12	Toll-like receptor 7	4	US Patent	7CYN
CC(C)c1c([nH]c2ccc(nc12)C1CCC(CC1)NC1CCOCC1)-c1cn2ncnc2c(C)c1C	Toll-like receptor 7	4	US Patent	7CYN
CC(C)c1c([nH]c2ccc(nc12)N1CCN(CC1)C(=O)CN)-c1cn2ncnc2c(C)c1C	Toll-like receptor 7	4	US Patent	7CYN
CNC(=O)CNC1CC(C1)c1ccc2[nH]c(c(C(C)C)c2n1)-c1cn2ncnc2c(C)c1C	Toll-like receptor 7	4	US Patent	7CYN
C[C@H]1CN(C[C@@H]1C(=O)NC1CCN(C)CC1)c1ccc(C#N)c2nccnc12	Toll-like receptor 7	4	ChEMBL	7CYN
C[C@@H]1CN(C[C@@H]2CN(CCN12)c1cncc2CNCCc12)c1ccc(C#N)c2ncccc12	Toll-like receptor 7	4	ChEMBL	7CYN
Cc1cc(cnc1OCC12CCC(N)(CC1)CC2)-c1ccnc2[nH]ncc12	Toll-like receptor 7	4	ChEMBL	
Cc1nn(CC23CCC(CC2)(CC3)NC(=O)CN2CCCC2)c2CCN(Cc12)c1cc(C)nc2n(C)ncc12	Toll-like receptor 7	4	ChEMBL	7CYN
COc1cc(cn2ncnc12)-c1[nH]c2ccc(nc2c1C(C)C)C1CCC(CC1)N(C)CC(N)=O	Toll-like receptor 7	4	US Patent	7CYN
CCN1CC2(C1)CN(C2)c1ncc2[nH]c(c(C(C)C)c2c1F)-c1cc(OC)c2ncnn2c1	Toll-like receptor 7	4	US Patent	7CYN
CC(C)c1c([nH]c2ccc(nc12)C1CCC(CC1)NC1CCOCC1)-c1cn(C)c2ncncc12	Toll-like receptor 7	4	US Patent	7CYN
CC(C)N1CCN(C[C@@H]1C)c1ccc2[nH]c(c(C(C)C)c2n1)-c1cn2ncnc2c(C)c1C	Toll-like receptor 7	4	US Patent	7CYN
Cc1nn(CC23CCC(CC2)(CC3)NC(=O)[C@@H]2COCCN2)c2CCN(Cc12)c1cc(C)nc2n(C)ncc12	Toll-like receptor 7	4	ChEMBL	7CYN
COc1cc(cn2ncnc12)-c1[nH]c2cnc(N3CCN(C[C@H]3C)C3CCC3)c(F)c2c1C(C)C	Toll-like receptor 7	4	US Patent	7CYN
COc1cc(cn2ncnc12)-c1[nH]c2cnc(C3CCC(CC3)NCC3(C)COC3)c(F)c2c1C(C)C	Toll-like receptor 7	4	US Patent	7CYN
CNC(=O)CNC1CC(C1)c1ccc2[nH]c(c(C(C)C)c2n1)-c1cn2ncnc2c(C)c1C	Toll-like receptor 7	4	US Patent	7CYN
CC(C)c1c([nH]c2ccc(nc12)N1CCN(CC1)C(=O)CN)-c1cn2ncnc2c(C)c1C	Toll-like receptor 7	4	US Patent	7CYN
CC(C)c1c([nH]c2ccc(nc12)C1CCC(CC1)NC1CCOCC1)-c1cn2ncnc2c(C)c1C	Toll-like receptor 7	4	US Patent	7CYN
CC(C)N1CCCC(C1)c1nnc([nH]1)-c1ccc2[nH]c(c(C(C)C)c2c1)-c1cc(C)nc(C)c1	Toll-like receptor 7	4	US Patent	7CYN
CC(=O)NC12CCC(Cn3nc(C)c4CN(CCc34)c3cc(C)nc4n(C)ncc34)(CC1)CC2	Toll-like receptor 7	4	ChEMBL	7CYN
[2H]c1ccc2c(ccc(C#N)c2n1)N1C[C@@H](C)O[C@@H](CN2CC3(C2)OCc2cc(cnc32)N2C[C@H]3NCCO[C@@H]3C2)C1	Toll-like receptor 7	4	ChEMBL	7CYN
COc1cc(cn2ncnc12)-c1[nH]c2cnc(N3CCN(C[C@H]3C)C(C)C)c(F)c2c1C(C)C	Toll-like receptor 7	4	US Patent	7CYN
Cc1nn(CC23CCC(CC2)(CC3)NC2CCC2)c2CCN(Cc12)c1cc(C)nc2n(C)ncc12	Toll-like receptor 7	4	ChEMBL	7CYN
COc1cc(cn2ncnc12)-c1[nH]c2cnc(N3CCN(CC3)C(=O)CN(C)C)c(C)c2c1C(C)C	Toll-like receptor 7	4	US Patent	7CYN
Cc1nn(CC23CCC(CC2)(CC3)N2CCOCC2)c2CCN(Cc12)c1cc(C)nc2n(C)ncc12	Toll-like receptor 7	4	ChEMBL	7CYN
COc1cc(cn2ncnc12)-c1[nH]c2ccc(cc2c1C(C)C)C1CCN(CC1)C(=O)CCCS(N)(=O)=O	Toll-like receptor 7	4.1	US Patent	7CYN
CC(C)c1c([nH]c2ccc(cc12)C1CCN(CC1)C(=O)CCN1CCC(F)(F)CC1)-c1cn2ncnc2c(C)c1C	Toll-like receptor 7	4.1	US Patent	7CYN
CCc1c([nH]c2ccc(cc12)C1CCN(CCS(C)(=O)=O)CC1)-c1cc(C)c2ncnn2c1	Toll-like receptor 7	4.1	US Patent	7CYN
CC(C)c1c([nH]c2ccc(cc12)C1CCN(CC1)C1COC1)-c1cn2ncnc2c(Cl)c1C	Toll-like receptor 7	4.1	US Patent	7CYN
CC(C)c1c([nH]c2ccc(cc12)C1CCN(CC1)C1COC1)-c1cn2ncnc2c(C2CC2)c1C	Toll-like receptor 7	4.1	US Patent	7CYN
CC(C)c1c([nH]c2ccc(cc12)C1CCN(CC1)C1COC1)-c1cn2ncnc2c(Cl)c1C	Toll-like receptor 7	4.1	US Patent	7CYN
CC(C)c1c([nH]c2ccc(cc12)C1CCN(CC1)C1COC1)-c1cn2ncnc2c(C2CC2)c1C	Toll-like receptor 7	4.1	US Patent	7CYN
COc1cc(cn2ncnc12)-c1[nH]c2ccc(cc2c1C(C)C)C1CCN(CC1)C(=O)CCCS(N)(=O)=O	Toll-like receptor 7	4.1	US Patent	7CYN
CC(C)c1c([nH]c2ccc(nc12)C1CCC(CC1)N1CC(C)(O)C1)-c1cn2ncnc2c(C)c1C	Toll-like receptor 7	4.1	US Patent	7CYN
CC(C)c1c([nH]c2ccc(cc12)C1CCN(CC1)C(=O)CCN1CCC(F)(F)CC1)-c1cn2ncnc2c(C)c1C	Toll-like receptor 7	4.1	US Patent	7CYN
CC(C)c1c([nH]c2ccc(nc12)C1CCC(CC1)NCC1(CC1)S(C)(=O)=O)-c1cn2ncnc2c(C)c1C	Toll-like receptor 7	4.1	US Patent	7CYN
CCc1c([nH]c2ccc(cc12)C1CCN(CCS(C)(=O)=O)CC1)-c1cc(C)c2ncnn2c1	Toll-like receptor 7	4.1	US Patent	7CYN
COC[C@H](O)CN1CCC(CC1)c1ccc2[nH]c(c(C(C)C)c2c1)-c1cc(C)nc(C)c1	Toll-like receptor 7	4.1	US Patent	7CYN
CC(C)c1c([nH]c2ccc(cc12)C1CCN(CC1)C(=O)CN1C[C@@H](F)C[C@H]1CO)-c1cc(C)nc(C)c1	Toll-like receptor 7	4.1	US Patent	7CYN
CC(C)c1c([nH]c2ccc(cc12)C1CCN(CC2(C)COC2)CC1)-c1cc(C)nc(C)c1	Toll-like receptor 7	4.1	US Patent	7CYN
CC(C)c1c([nH]c2ccc(nc12)C1CCC(CC1)NCC1(CC1)S(C)(=O)=O)-c1cn2ncnc2c(C)c1C	Toll-like receptor 7	4.1	US Patent	7CYN
CC(C)c1c([nH]c2ccc(nc12)C1CCC(CC1)N1CC(C)(O)C1)-c1cn2ncnc2c(C)c1C	Toll-like receptor 7	4.1	US Patent	7CYN
CC(C)c1c([nH]c2ccc(nc12)C1CCC(CC1)NCC1(CC1)S(C)(=O)=O)-c1cn2ncnc2c(C)c1C	Toll-like receptor 7	4.1	US Patent	7CYN
COc1cc(cn2ncnc12)-c1[nH]c2cnc(N3CCN(CC4(C)COC4)CC3)c(F)c2c1C(C)C	Toll-like receptor 7	4.1	US Patent	7CYN
CC(C)c1c([nH]c2ccc(nc12)C1CCC(CC1)N1CC(C)(O)C1)-c1cn2ncnc2c(C)c1C	Toll-like receptor 7	4.1	US Patent	7CYN
CCCN(CCO)C(=O)CN1CCC(CC1)c1ccc2[nH]c(c(C(C)C)c2c1)-c1cc(C)c2ncnn2c1	Toll-like receptor 7	4.2	US Patent	7CYN
CC(C)c1c([nH]c2ccc(cc12)C1CCN(CC1)C(=O)N1CCN(C)C(=O)C1)-c1cn2ncnc2c(C)c1C	Toll-like receptor 7	4.2	US Patent	7CYN
CNC(=O)CN1CCC(CC1)c1ccc2[nH]c(c(C(C)C)c2c1)-c1cn2nc(C)nc2cc1C	Toll-like receptor 7	4.2	US Patent	7CYN
CCOc1cc(cn2ncnc12)-c1[nH]c2ccc(cc2c1C(C)C)C1CCN(CC(=O)NC)CC1	Toll-like receptor 7	4.2	US Patent	7CYN
CNC(=O)CN1CCC(CC1)c1ccc2[nH]c(c(CC(F)F)c2c1)-c1cc(C)c2nc(C)nn2c1	Toll-like receptor 7	4.2	US Patent	7CYN
CC(C)c1c([nH]c2ccc(nc12)N1C[C@H](C)N([C@@H](C)C1)C(=O)CN(C)C)-c1cn2ncnc2c(C)c1C	Toll-like receptor 7	4.2	US Patent	7CYN
CC(C)c1c([nH]c2ccc(nc12)N1C[C@@H](C)N(CCC(N)=O)C[C@H]1C)-c1cn2ncnc2c(C)c1C	Toll-like receptor 7	4.2	US Patent	7CYN
CCCN(CCO)C(=O)CN1CCC(CC1)c1ccc2[nH]c(c(C(C)C)c2c1)-c1cc(C)c2ncnn2c1	Toll-like receptor 7	4.2	US Patent	7CYN
CC(C)c1c([nH]c2ccc(cc12)C1CCN(CC1)C(=O)N1CCN(C)C(=O)C1)-c1cn2ncnc2c(C)c1C	Toll-like receptor 7	4.2	US Patent	7CYN
CC(C)c1c([nH]c2ccc(nc12)C1CCC(CC1)N(C)CCO)-c1cn2ncnc2c(C)c1C	Toll-like receptor 7	4.2	US Patent	7CYN
CNC(=O)CN1CCC(CC1)c1ccc2[nH]c(c(C(C)C)c2c1)-c1cn2nc(C)nc2cc1C	Toll-like receptor 7	4.2	US Patent	7CYN
CCOc1cc(cn2ncnc12)-c1[nH]c2ccc(cc2c1C(C)C)C1CCN(CC(=O)NC)CC1	Toll-like receptor 7	4.2	US Patent	7CYN
CNC(=O)CN1CCC(CC1)c1ccc2[nH]c(c(CC(F)F)c2c1)-c1cc(C)c2nc(C)nn2c1	Toll-like receptor 7	4.2	US Patent	7CYN
CN(C)CC(=O)N1CCC(CC1)c1ccc2[nH]c(c(C3CC3)c2c1)-c1cc(C)nc(C)c1	Toll-like receptor 7	4.2	US Patent	7CYN
CC(C)c1c([nH]c2ccc(cc12)C1CCN(CC1)C(=O)c1cnn(C)c1)-c1cc(C)nc(C)c1	Toll-like receptor 7	4.2	US Patent	7CYN
CC(C)c1c([nH]c2ccc(cc12)C1CCN(CC1)C1CC(C)OC2(CC2)C1)-c1cc(C)nc(C)c1	Toll-like receptor 7	4.2	US Patent	7CYN
CC(C)c1c([nH]c2ccc(nc12)N1C[C@H](C)N([C@@H](C)C1)C(=O)CN(C)C)-c1cn2ncnc2c(C)c1C	Toll-like receptor 7	4.2	US Patent	7CYN
CC(C)c1c([nH]c2ccc(nc12)C1CCC(CC1)N(C)CCO)-c1cn2ncnc2c(C)c1C	Toll-like receptor 7	4.2	US Patent	7CYN
CC(C)c1c([nH]c2ccc(nc12)N1C[C@@H](C)N(CCC(N)=O)C[C@H]1C)-c1cn2ncnc2c(C)c1C	Toll-like receptor 7	4.2	US Patent	7CYN
CC(C)c1c([nH]c2cnc(C3CCN(CC4(C)COC4)CC3)c(F)c12)-c1cc(C)nc(C)c1	Toll-like receptor 7	4.2	US Patent	7CYN
CC(C)c1c([nH]c2ccc(nc12)N1C[C@@H](C)N(CCC(N)=O)C[C@H]1C)-c1cn2ncnc2c(C)c1C	Toll-like receptor 7	4.2	US Patent	7CYN
CC(C)c1c([nH]c2ccc(nc12)N1C[C@H](C)N([C@@H](C)C1)C(=O)CN(C)C)-c1cn2ncnc2c(C)c1C	Toll-like receptor 7	4.2	US Patent	7CYN
COc1cc(cn2ncnc12)-c1[nH]c2cnc(N3CCC(CC3)NC[C@@H](F)C(C)(C)O)c(C)c2c1C(C)C	Toll-like receptor 7	4.2	US Patent	7CYN
CC(C)c1c([nH]c2ccc(nc12)C1CCC(CC1)N(C)CCO)-c1cn2ncnc2c(C)c1C	Toll-like receptor 7	4.2	US Patent	7CYN
CN[C@H](C)C(=O)N1CCC(CC1)c1ccc2[nH]c(c(C(C)C)c2c1)-c1cc(C)c2ncnn2c1	Toll-like receptor 7	4.3	US Patent	7CYN
CCc1c(C)c(cn2ncnc12)-c1[nH]c2ccc(cc2c1C(C)C)C1CCN(CC(=O)N(C)C)CC1	Toll-like receptor 7	4.3	US Patent	7CYN
CC(C)c1c([nH]c2ccc(cc12)C1CCN(CC(C)(C)O)CC1)-c1cn2ncnc2c(C2CC2)c1C	Toll-like receptor 7	4.3	US Patent	7CYN
CC(C)c1c([nH]c2ccc(cc12)C1CCN(Cc2cccnn2)CC1)-c1cn2ncnc2cc1C	Toll-like receptor 7	4.3	US Patent	7CYN
CCc1c([nH]c2ccc(cc12)C1CCN(CC1)C1COC1)-c1cc(C)c2ncnn2c1	Toll-like receptor 7	4.3	US Patent	7CYN
CCc1c([nH]c2ccc(cc12)C1CCN(CC1)C1COC1)-c1cc(C)c2ncnn2c1	Toll-like receptor 7	4.3	US Patent	7CYN
CC(C)c1c([nH]c2ccc(nc12)N1C[C@H]2C[C@@H]1CCN2C1CCOC1)-c1cn2ncnc2c(C)c1C	Toll-like receptor 7	4.3	US Patent	7CYN
CC(C)c1c([nH]c2ccc(nc12)N1CCN(CC(=O)N(C)C)C[C@@H]1C)-c1cn2ncnc2c(C)c1C	Toll-like receptor 7	4.3	US Patent	7CYN
COc1cc(cn2ncnc12)-c1[nH]c2ccc(nc2c1C(C)C)N1CC2(CN(CC(C)(C)O)C2)C1	Toll-like receptor 7	4.3	US Patent	7CYN
CC(C)c1c([nH]c2ccc(nc12)C1CCC(CC1)N1CC2(CCO2)C1)-c1cn2ncnc2c(C)c1C	Toll-like receptor 7	4.3	US Patent	7CYN
CC(C)N1CCC2(CN(C2)c2ccc3[nH]c(c(C(C)C)c3n2)-c2cn3ncnc3c(C)c2C)CC1	Toll-like receptor 7	4.3	US Patent	7CYN
COc1cc(cn2ncnc12)-c1[nH]c2ccc(nc2c1C(C)C)N1CCN(CC(N)=O)CC1	Toll-like receptor 7	4.3	US Patent	7CYN
COc1cc(cn2ncnc12)-c1[nH]c2ccc(nc2c1C(C)C)N1CCN(CC1)C1CCS(=O)(=O)CC1	Toll-like receptor 7	4.3	US Patent	7CYN
COc1cc(cn2ncnc12)-c1[nH]c2ccc(nc2c1C(C)C)C1CCC(CC1)N1CCCC1	Toll-like receptor 7	4.3	US Patent	7CYN
CN[C@H](C)C(=O)N1CCC(CC1)c1ccc2[nH]c(c(C(C)C)c2c1)-c1cc(C)c2ncnn2c1	Toll-like receptor 7	4.3	US Patent	7CYN
CCc1c(C)c(cn2ncnc12)-c1[nH]c2ccc(cc2c1C(C)C)C1CCN(CC(=O)N(C)C)CC1	Toll-like receptor 7	4.3	US Patent	7CYN
CC(C)c1c([nH]c2ccc(cc12)C1CCN(CC(C)(C)O)CC1)-c1cn2ncnc2c(C2CC2)c1C	Toll-like receptor 7	4.3	US Patent	7CYN
CC(C)c1c([nH]c2ccc(cc12)C1CCN(Cc2cccnn2)CC1)-c1cn2ncnc2cc1C	Toll-like receptor 7	4.3	US Patent	7CYN
CC(C)c1c([nH]c2ccc(cc12)C1CCN(CC(=O)NC2(C)CC2)CC1)-c1cc(C)nc(C)c1	Toll-like receptor 7	4.3	US Patent	7CYN
COCCNCC(=O)N1CCC(CC1)c1ccc2[nH]c(c(C(C)C)c2c1)-c1cc(C)nc(C)c1	Toll-like receptor 7	4.3	US Patent	7CYN
CC(C)c1c([nH]c2ccc(cc12)C1CCN(CC1)C(=O)CN1CCC(F)CC1)-c1cc(C)nc(C)c1	Toll-like receptor 7	4.3	US Patent	7CYN
COc1cc(cn2ncnc12)-c1[nH]c2ccc(nc2c1C(C)C)C1CCC(CC1)N1CCCC1	Toll-like receptor 7	4.3	US Patent	7CYN
CC(C)c1c([nH]c2ccc(nc12)N1C[C@H]2C[C@@H]1CN2C1CCOC1)-c1cn2ncnc2c(C)c1C	Toll-like receptor 7	4.3	US Patent	7CYN
CC(C)c1c([nH]c2ccc(nc12)N1CCN(CC(=O)N(C)C)C[C@@H]1C)-c1cn2ncnc2c(C)c1C	Toll-like receptor 7	4.3	US Patent	7CYN
COc1cc(cn2ncnc12)-c1[nH]c2ccc(nc2c1C(C)C)N1CC2(CN(CC(C)(C)O)C2)C1	Toll-like receptor 7	4.3	US Patent	7CYN
CC(C)c1c([nH]c2ccc(nc12)C1CCC(CC1)N1CC2(CCO2)C1)-c1cn2ncnc2c(C)c1C	Toll-like receptor 7	4.3	US Patent	7CYN
CC(C)N1CCC2(CN(C2)c2ccc3[nH]c(c(C(C)C)c3n2)-c2cn3ncnc3c(C)c2C)CC1	Toll-like receptor 7	4.3	US Patent	7CYN
COc1cc(cn2ncnc12)-c1[nH]c2ccc(nc2c1C(C)C)N1CCN(CC(N)=O)CC1	Toll-like receptor 7	4.3	US Patent	7CYN
COc1cc(cn2ncnc12)-c1[nH]c2ccc(nc2c1C(C)C)N1CCN(CC1)C1CCS(=O)(=O)CC1	Toll-like receptor 7	4.3	US Patent	7CYN
CC(C)c1c([nH]c2ccc(nc12)C1CCC(CC1)N1CC2(CCO2)C1)-c1cn2ncnc2c(C)c1C	Toll-like receptor 7	4.3	US Patent	7CYN
COc1cc(cn2ncnc12)-c1[nH]c2ccc(nc2c1C(C)C)N1CC2(CN(CC(C)(C)O)C2)C1	Toll-like receptor 7	4.3	US Patent	7CYN
COc1cc(cn2ncnc12)-c1[nH]c2ccc(nc2c1C(C)C)C1CCC(CC1)N1CCCC1	Toll-like receptor 7	4.3	US Patent	7CYN
COc1cc(cn2ncnc12)-c1[nH]c2ccc(nc2c1C(C)C)N1CCN(CC(N)=O)CC1	Toll-like receptor 7	4.3	US Patent	7CYN
COc1cc(cn2ncnc12)-c1[nH]c2cnc(cc2c1C(C)C)N1CCC(CC1)N(C)C1COC1	Toll-like receptor 7	4.3	US Patent	7CYN
CC(C)c1c([nH]c2ccc(N[C@@H]3C[C@H](C)N(C3)C3CCOC3)nc12)-c1cn2ncnc2c(C)c1C	Toll-like receptor 7	4.3	US Patent	7CYN
CC(C)c1c([nH]c2cnc(C3CCN(CC3)C(=O)CN(C)C)c(F)c12)-c1cn2ncnc2c(C)c1C	Toll-like receptor 7	4.3	US Patent	7CYN
CC(C)c1c([nH]c2cnc(cc12)C1CCC(CC1)N1CCC1)-c1cn2ncnc2c(C)c1C	Toll-like receptor 7	4.3	US Patent	7CYN
CC(C)N1CCC2(CN(C2)c2ccc3[nH]c(c(C(C)C)c3n2)-c2cn3ncnc3c(C)c2C)CC1	Toll-like receptor 7	4.3	US Patent	7CYN
CC(C)c1c([nH]c2ccc(nc12)N1CCN(CC(=O)N(C)C)C[C@@H]1C)-c1cn2ncnc2c(C)c1C	Toll-like receptor 7	4.3	US Patent	7CYN
COc1cc(cn2ncnc12)-c1[nH]c2ccc(nc2c1C(C)C)N1CCN(CC1)C1CCS(=O)(=O)CC1	Toll-like receptor 7	4.3	US Patent	7CYN
COc1cc(cn2ncnc12)-c1[nH]c2cnc(C3CCC(CC3)N(C)CC(N)=O)c(F)c2c1C(C)C	Toll-like receptor 7	4.3	US Patent	7CYN
CC(C)c1c([nH]c2ccc(cc12)C1CCN(Cc2c[nH]nn2)CC1)-c1cn2ncnc2c(CO)c1C	Toll-like receptor 7	4.4	US Patent	7CYN
CC(C)c1c([nH]c2ccc(cc12)C1CCN(Cc2cnc(C)nc2)CC1)-c1cc(CCO)c2ncnn2c1	Toll-like receptor 7	4.4	US Patent	7CYN
CC(C)c1c([nH]c2ccc(cc12)C1CCN(Cc2cn(C)nn2)CC1)-c1cc(CCO)c2ncnn2c1	Toll-like receptor 7	4.4	US Patent	7CYN
CCc1c(C)c(cn2ncnc12)-c1[nH]c2ccc(cc2c1C(C)C)C1CCN(CC1)C1COC1	Toll-like receptor 7	4.4	US Patent	7CYN
CCc1c(C)c(cn2ncnc12)-c1[nH]c2ccc(cc2c1C(C)C)C1CCN(CC1)C1COC1	Toll-like receptor 7	4.4	US Patent	7CYN
CC(C)c1c([nH]c2ccc(nc12)N1CC2(CN(CCC(N)=O)C2)C1)-c1cn2ncnc2c(C)c1C	Toll-like receptor 7	4.4	US Patent	7CYN
COc1cc(cn2ncnc12)-c1[nH]c2ccc(nc2c1C(C)C)[C@@H]1CC[C@H](N)C1	Toll-like receptor 7	4.4	US Patent	7CYN
CC(C)N(C)C1CCC(CC1)c1ccc2[nH]c(c(C(C)C)c2n1)-c1cn2ncnc2c(C)c1C	Toll-like receptor 7	4.4	US Patent	7CYN
COc1ncnc(OC)c1CN(C)C1CCN(CC1)c1ccc2[nH]c(c(C(C)C)c2n1)-c1cn2ncnc2c(C)c1C	Toll-like receptor 7	4.4	US Patent	7CYN
CC(C)c1c([nH]c2ccc(cc12)C1CCN(Cc2c[nH]nn2)CC1)-c1cn2ncnc2c(CO)c1C	Toll-like receptor 7	4.4	US Patent	7CYN
CC(C)c1c([nH]c2ccc(cc12)C1CCN(Cc2cnc(C)nc2)CC1)-c1cc(CCO)c2ncnn2c1	Toll-like receptor 7	4.4	US Patent	7CYN
CC(C)c1c([nH]c2ccc(cc12)C1CCN(Cc2cn(C)nn2)CC1)-c1cc(CCO)c2ncnn2c1	Toll-like receptor 7	4.4	US Patent	7CYN
CC(C)c1c([nH]c2cc(F)c(cc12)C1CCN(CC1)C1COC1)-c1cc(C)nc(C)c1	Toll-like receptor 7	4.4	US Patent	7CYN
CC(C)c1c([nH]c2cc(F)c(cc12)C1CCNCC1)-c1ccnc(C)c1	Toll-like receptor 7	4.4	US Patent	7CYN
CNC(=O)C(=O)N1CCC(CC1)c1ccc2[nH]c(c(C(C)C)c2c1)-c1cc(C)nc(C)c1	Toll-like receptor 7	4.4	US Patent	7CYN
CC(C)c1c([nH]c2ccc(cc12)C1CCN(CC(=O)N2CC3(COC3)C2)CC1)-c1cc(C)nc(C)c1	Toll-like receptor 7	4.4	US Patent	7CYN
CC(C)c1c([nH]c2ccc(cc12)C1CCN(CC1)C(=O)CN1CC2(COC2)C1)-c1cc(C)nc(C)c1	Toll-like receptor 7	4.4	US Patent	7CYN
CC(C)c1c([nH]c2ccc(cc12)C1CCN(CC1)C(=O)CN1CCCCC1C)-c1cc(C)nc(C)c1	Toll-like receptor 7	4.4	US Patent	7CYN
CC(C)c1c([nH]c2ccc(cc12)C1CCN(CC1)C(=O)CN(CCO)Cc1ccccc1)-c1cc(C)nc(C)c1	Toll-like receptor 7	4.4	US Patent	7CYN
COc1cc(cn2ncnc12)-c1[nH]c2ccc(nc2c1C(C)C)C1CCC(N)C1	Toll-like receptor 7	4.4	US Patent	7CYN
CC(C)c1c([nH]c2ccc(nc12)N1CC2(CN(CCC(N)=O)C2)C1)-c1cn2ncnc2c(C)c1C	Toll-like receptor 7	4.4	US Patent	7CYN
CC(C)N(C)C1CCC(CC1)c1ccc2[nH]c(c(C(C)C)c2n1)-c1cn2ncnc2c(C)c1C	Toll-like receptor 7	4.4	US Patent	7CYN
COc1ncnc(OC)c1CN(C)C1CCN(CC1)c1ccc2[nH]c(c(C(C)C)c2n1)-c1cn2ncnc2c(C)c1C	Toll-like receptor 7	4.4	US Patent	7CYN
COc1cc(cn2ncnc12)-c1[nH]c2ccc(nc2c1C(C)C)[C@@H]1CC[C@H](N)C1	Toll-like receptor 7	4.4	US Patent	7CYN
CC(C)N1CCCC(C1)c1nnc([nH]1)-c1ccc2[nH]c(c(C(C)C)c2c1)-c1cc(C)nc(C)c1	Toll-like receptor 7	4.4	US Patent	7CYN
CC(C)c1c([nH]c2ccc(nc12)N1CC2(CN(CCC(N)=O)C2)C1)-c1cn2ncnc2c(C)c1C	Toll-like receptor 7	4.4	US Patent	7CYN
COc1cc(cn2ncnc12)-c1[nH]c2cnc(cc2c1C(C)C)N1CCC(CC1)NC1COC1	Toll-like receptor 7	4.4	US Patent	7CYN
COc1ncnc(OC)c1CN(C)C1CCN(CC1)c1ccc2[nH]c(c(C(C)C)c2n1)-c1cn2ncnc2c(C)c1C	Toll-like receptor 7	4.4	US Patent	7CYN
CC(C)N(C)C1CCC(CC1)c1ccc2[nH]c(c(C(C)C)c2n1)-c1cn2ncnc2c(C)c1C	Toll-like receptor 7	4.4	US Patent	7CYN
COc1cc(cn2ncnc12)-c1[nH]c2cnc(C3CCC(CC3)NCC3(C)COC3)c(C)c2c1C(C)C	Toll-like receptor 7	4.4	US Patent	7CYN
CC(C)c1c([nH]c2cnc(C3CCC(CC3)NCC3(C)COC3)c(F)c12)-c1cn2ncnc2c(C)c1C	Toll-like receptor 7	4.4	US Patent	7CYN
CC(C)CNCC(=O)N1CCC(CC1)c1ccc2[nH]c(c(C(C)C)c2c1)-c1cn2ncnc2c(C)c1C	Toll-like receptor 7	4.5	US Patent	7CYN
COc1c(C)c(cn2ncnc12)-c1[nH]c2ccc(cc2c1C(C)C)C1CCN(CC(=O)NCC2(C)COC2)CC1	Toll-like receptor 7	4.5	US Patent	7CYN
CC(C)c1c([nH]c2ccc(cc12)C1CCN(CC1)C1COC1)-c1cc(F)c2ncnn2c1	Toll-like receptor 7	4.5	US Patent	7CYN
CC(C)c1c([nH]c2ccc(cc12)C1CCN(Cc2nnn(C)n2)CC1)-c1cc(CO)c2ncnn2c1	Toll-like receptor 7	4.5	US Patent	7CYN
CC(C)c1c([nH]c2ccc(cc12)C1CCN(CC1)C(=O)C1(CC1)c1cnccn1)-c1cc(C)c2ncnn2c1	Toll-like receptor 7	4.5	US Patent	7CYN
CC(C)c1c([nH]c2ccc(cc12)C1CCN(CC1)C(=O)C1(CC1)c1cnccn1)-c1cc(C)c2ncnn2c1	Toll-like receptor 7	4.5	US Patent	7CYN
CC(C)c1c([nH]c2ccc(nc12)N1C[C@H](C)N(CC(N)=O)[C@H](C)C1)-c1cn2ncnc2c(C)c1C	Toll-like receptor 7	4.5	US Patent	7CYN
CC(C)CNCC(=O)N1CCC(CC1)c1ccc2[nH]c(c(C(C)C)c2c1)-c1cn2ncnc2c(C)c1C	Toll-like receptor 7	4.5	US Patent	7CYN
CC(C)CN1CC2(C1)CN(C2)c1ccc2[nH]c(c(C(C)C)c2n1)-c1cn2ncnc2c(C)c1C	Toll-like receptor 7	4.5	US Patent	7CYN
CC(C)c1c([nH]c2ccc(nc12)C1CC2(C1)CN(CCS(C)(=O)=O)C2)-c1cn2ncnc2c(C)c1C	Toll-like receptor 7	4.5	US Patent	7CYN
COc1c(C)c(cn2ncnc12)-c1[nH]c2ccc(cc2c1C(C)C)C1CCN(CC(=O)NCC2(C)COC2)CC1	Toll-like receptor 7	4.5	US Patent	7CYN
CC(C)c1c([nH]c2ccc(cc12)C1CCN(CC1)C1COC1)-c1cc(F)c2ncnn2c1	Toll-like receptor 7	4.5	US Patent	7CYN
CC(C)c1c([nH]c2ccc(cc12)C1CCN(Cc2nnn(C)n2)CC1)-c1cc(CO)c2ncnn2c1	Toll-like receptor 7	4.5	US Patent	7CYN
CC(C)c1c([nH]c2ccc(cc12)C1CCN(CC(=O)N(C)C)CC1)-c1cc(C)ncc1F	Toll-like receptor 7	4.5	US Patent	7CYN
CC(C)c1c([nH]c2ccc(cc12)C1CCN(CC(=O)N2CCCC2C)CC1)-c1ccnc(C)c1	Toll-like receptor 7	4.5	US Patent	7CYN
CC(C)c1c([nH]c2ccc(cc12)C1CCN(CC1)C(=O)CN1C(C)CCC1C)-c1cc(C)nc(C)c1	Toll-like receptor 7	4.5	US Patent	7CYN
CC(C)c1c([nH]c2ccc(cc12)C1CCN(CC1)C(=O)CN1C[C@H](C)C[C@@H]1CO)-c1cc(C)nc(C)c1	Toll-like receptor 7	4.5	US Patent	7CYN
CC(C)c1c([nH]c2ccc(cc12)C1CCN(CC1)C(=O)CN(C)C1COC1)-c1cc(C)nc(C)c1	Toll-like receptor 7	4.5	US Patent	7CYN
CCC(CC)N1CCC(CC1)c1ccc2[nH]c(c(C(C)C)c2c1)-c1cc(C)nc(C)c1	Toll-like receptor 7	4.5	US Patent	7CYN
CC(C)c1c([nH]c2ccc(nc12)N1C[C@H](C)N(CC(N)=O)[C@H](C)C1)-c1cn2ncnc2c(C)c1C	Toll-like receptor 7	4.5	US Patent	7CYN
CC(C)CN1CC2(C1)CN(C2)c1ccc2[nH]c(c(C(C)C)c2n1)-c1cn2ncnc2c(C)c1C	Toll-like receptor 7	4.5	US Patent	7CYN
CC(C)c1c([nH]c2ccc(nc12)C1CC2(C1)CN(CCS(C)(=O)=O)C2)-c1cn2ncnc2c(C)c1C	Toll-like receptor 7	4.5	US Patent	7CYN
CC(C)c1c([nH]c2ccc(nc12)C1CC2(C1)CN(CCS(C)(=O)=O)C2)-c1cn2ncnc2c(C)c1C	Toll-like receptor 7	4.5	US Patent	7CYN
COc1cc(cn2ncnc12)-c1[nH]c2cnc(cc2c1C(C)C)C1CCC(CC1)NC(C)C	Toll-like receptor 7	4.5	US Patent	7CYN
CC(C)c1c([nH]c2ccc(nc12)N1C[C@H](C)N(CC(N)=O)[C@H](C)C1)-c1cn2ncnc2c(C)c1C	Toll-like receptor 7	4.5	US Patent	7CYN
CC(C)CN1CC2(C1)CN(C2)c1ccc2[nH]c(c(C(C)C)c2n1)-c1cn2ncnc2c(C)c1C	Toll-like receptor 7	4.5	US Patent	7CYN
COc1cc(cn2ncnc12)-c1[nH]c2cnc(N3CCN(CC3)C3COC3)c(F)c2c1C(C)C	Toll-like receptor 7	4.5	US Patent	7CYN
CC(C)c1c([nH]c2ccc(cc12)C1CCNCC1)-c1cc(C)c2nc(C)nn2c1	Toll-like receptor 7	4.6	US Patent	7CYN
COc1cc(cn2ncnc12)-c1[nH]c2cc(C)c(nc2c1C(C)C)C(=O)NC1CCN(CC1)C(C)C	Toll-like receptor 7	4.6	US Patent	7CYN
COc1cc(cn2ncnc12)-c1[nH]c2ccc(nc2c1C(C)C)N1CC(C1)NC1CCOCC1	Toll-like receptor 7	4.6	US Patent	7CYN
COc1cc(cn2ncnc12)-c1[nH]c2ccc(nc2c1C(C)C)C1CCC(CC1)N1CCC2(COC2)C1	Toll-like receptor 7	4.6	US Patent	7CYN
CC(C)c1c([nH]c2ccc(nc12)N1CCN(CC1)C1CCOCC1)-c1cn(C)c2ncncc12	Toll-like receptor 7	4.6	US Patent	7CYN
CC(C)c1c([nH]c2ccc(cc12)C1CCNCC1)-c1cc(C)c2nc(C)nn2c1	Toll-like receptor 7	4.6	US Patent	7CYN
COc1cc(cn2ncnc12)-c1[nH]c2cc(C)c(nc2c1C(C)C)C1CCC(CC1)N(C)CC(C)(C)C	Toll-like receptor 7	4.6	US Patent	7CYN
CC(C)c1c([nH]c2cc(C)c(nc12)C1CCN(CC(C)(C)O)CC1)-c1cc(C)c2ncnn2c1	Toll-like receptor 7	4.6	US Patent	7CYN
CC(C)c1c([nH]c2ccc(cc12)C1CCNCC1)-c1cc(C)[n+]([O-])c(C)c1	Toll-like receptor 7	4.6	US Patent	7CYN
CC(C)c1c([nH]c2ccc(cc12)C1CCN(CC1)C(=O)CN1CCOC1=O)-c1cc(C)nc(C)c1	Toll-like receptor 7	4.6	US Patent	7CYN
CC(C)c1c([nH]c2ccc(cc12)C1CCN(Cc2cccnc2)CC1)-c1ccnc(C)c1	Toll-like receptor 7	4.6	US Patent	7CYN
COc1cc(cn2ncnc12)-c1[nH]c2cc(C)c(nc2c1C(C)C)C1CCC(CC1)N(C)CC(C)(C)C	Toll-like receptor 7	4.6	US Patent	7CYN
CC(C)c1c([nH]c2cc(C)c(nc12)C1CCN(CC(C)(C)O)CC1)-c1cc(C)c2ncnn2c1	Toll-like receptor 7	4.6	US Patent	7CYN
COc1cc(cn2ncnc12)-c1[nH]c2ccc(nc2c1C(C)C)N1CC(C1)NC1CCOCC1	Toll-like receptor 7	4.6	US Patent	7CYN
COc1cc(cn2ncnc12)-c1[nH]c2cc(C)c(nc2c1C(C)C)C(=O)NC1CCN(CC1)C(C)C	Toll-like receptor 7	4.6	US Patent	7CYN
COc1cc(cn2ncnc12)-c1[nH]c2ccc(nc2c1C(C)C)C1CCC(CC1)N1CCC2(COC2)C1	Toll-like receptor 7	4.6	US Patent	7CYN
CC(C)c1c([nH]c2ccc(nc12)N1CCN(CC1)C1CCOCC1)-c1cn(C)c2ncncc12	Toll-like receptor 7	4.6	US Patent	7CYN
COc1cc(cn2ncnc12)-c1[nH]c2cc(C)c(nc2c1C(C)C)C(=O)NC1CCN(CC1)C(C)C	Toll-like receptor 7	4.6	US Patent	7CYN
COc1cc(cn2ncnc12)-c1[nH]c2ccc(nc2c1C(C)C)N1CC(C1)NC1CCOCC1	Toll-like receptor 7	4.6	US Patent	7CYN
CC(C)c1c([nH]c2ccc(nc12)N1CCN(CC1)C1CCOCC1)-c1cn(C)c2ncncc12	Toll-like receptor 7	4.6	US Patent	7CYN
COc1cc(cn2ncnc12)-c1[nH]c2cc(C)c(nc2c1C(C)C)C1CCC(CC1)N(C)CC(C)(C)C	Toll-like receptor 7	4.6	US Patent	7CYN
COc1cc(cn2ncnc12)-c1[nH]c2ccc(nc2c1C(C)C)C1CCC(CC1)N1CCC2(COC2)C1	Toll-like receptor 7	4.6	US Patent	7CYN
CC(C)c1c([nH]c2cc(C)c(nc12)C1CCN(CC(C)(C)O)CC1)-c1cc(C)c2ncnn2c1	Toll-like receptor 7	4.6	US Patent	7CYN
COCc1cc(cn2ncnc12)-c1[nH]c2ccc(cc2c1C(C)C)C1CCN(CC(=O)N(C)CCO)CC1	Toll-like receptor 7	4.7	US Patent	7CYN
CC(C)c1c([nH]c2ccc(cc12)C1CCN(CC1)C(=O)CCN1CCOCC1)-c1cc(C)c2ncnn2c1	Toll-like receptor 7	4.7	US Patent	7CYN
CC(C)c1c([nH]c2ccc(cc12)C1CCN(CC1)C(=O)CN(C)C)-c1cc(C)c2ncnn2c1	Toll-like receptor 7	4.7	US Patent	7CYN
COCc1cc(cn2ncnc12)-c1[nH]c2ccc(cc2c1C(C)C)C1CCN(CC(=O)N(C)CCO)CC1	Toll-like receptor 7	4.7	US Patent	7CYN
COc1cc(cn2ncnc12)-c1[nH]c2ccc(nc2c1C(C)C)[C@H]1CC[C@H](N)C1	Toll-like receptor 7	4.7	US Patent	7CYN
CC(C)c1c([nH]c2ccc(cc12)C1CCN(CC1)C(=O)CCN1CCOCC1)-c1cc(C)c2ncnn2c1	Toll-like receptor 7	4.7	US Patent	7CYN
COc1cc(cn2ncnc12)-c1[nH]c2ccc(nc2c1C(C)C)N1CCN(CCC(C)(C)C)CC1	Toll-like receptor 7	4.7	US Patent	7CYN
COc1cc(cn2ncnc12)-c1[nH]c2ccc(nc2c1C(C)C)N1CCN(CCCC(F)(F)F)CC1	Toll-like receptor 7	4.7	US Patent	7CYN
CC(C)c1c([nH]c2ccc(cc12)C1CCN(CC1)C(=O)CN(C)C)-c1cc(C)c2ncnn2c1	Toll-like receptor 7	4.7	US Patent	7CYN
COc1cc(cn2ncnc12)-c1[nH]c2ccc(nc2c1C(C)C)C1CN(CCO1)C(=O)CCN(C)C	Toll-like receptor 7	4.7	US Patent	7CYN
CC(C)c1c([nH]c2ccc(cc12)C1CCN(CC1)C(=O)CCN(C)C1COC1)-c1cc(C)nc(C)c1	Toll-like receptor 7	4.7	US Patent	7CYN
CC(C)c1c([nH]c2ccc(cc12)C1CCN(CC2COC2)CC1)-c1cc(C)ncc1F	Toll-like receptor 7	4.7	US Patent	7CYN
CCc1c([nH]c2ccc(cc12)C1CCNCC1)-c1cc(C)nc(C)c1	Toll-like receptor 7	4.7	US Patent	7CYN
COC[C@@H]1CCCN1CC(=O)N1CCC(CC1)c1ccc2[nH]c(c(C(C)C)c2c1)-c1cc(C)nc(C)c1	Toll-like receptor 7	4.7	US Patent	7CYN
CC(C)c1c([nH]c2ccc(cc12)C1CCN(CC1)C(=O)CN1CCC[C@@H]1CO)-c1cc(C)nc(C)c1	Toll-like receptor 7	4.7	US Patent	7CYN
COc1cc(cn2ncnc12)-c1[nH]c2ccc(nc2c1C(C)C)[C@@H]1CC[C@H](N)C1	Toll-like receptor 7	4.7	US Patent	7CYN
COc1cc(cn2ncnc12)-c1[nH]c2ccc(nc2c1C(C)C)C1CN(CCO1)C(=O)CCN(C)C	Toll-like receptor 7	4.7	US Patent	7CYN
COc1cc(cn2ncnc12)-c1[nH]c2ccc(nc2c1C(C)C)N1CCN(CCC(C)(C)C)CC1	Toll-like receptor 7	4.7	US Patent	7CYN
COc1cc(cn2ncnc12)-c1[nH]c2ccc(nc2c1C(C)C)N1CCN(CCCC(F)(F)F)CC1	Toll-like receptor 7	4.7	US Patent	7CYN
COc1cc(cn2ncnc12)-c1[nH]c2cnc(C3CCNCC3)c(C)c2c1C(C)C	Toll-like receptor 7	4.7	US Patent	7CYN
CNCC(=O)N1CCN(CC1)c1ncc2[nH]c(c(C(C)C)c2c1C)-c1cc(OC)c2ncnn2c1	Toll-like receptor 7	4.7	US Patent	7CYN
COc1cc(cn2ncnc12)-c1[nH]c2ccc(nc2c1C(C)C)N1CCN(CCCC(F)(F)F)CC1	Toll-like receptor 7	4.7	US Patent	7CYN
CC(C)c1c([nH]c2cnc(cc12)C1CCN(CC1)C1COC1)-c1cn2ncnc2c(C)c1C	Toll-like receptor 7	4.7	US Patent	7CYN
COc1cc(cn2ncnc12)-c1[nH]c2ccc(nc2c1C(C)C)N1CCN(CCC(C)(C)C)CC1	Toll-like receptor 7	4.7	US Patent	7CYN
COc1cc(cn2ncnc12)-c1[nH]c2ccc(nc2c1C(C)C)C1CN(CCO1)C(=O)CCN(C)C	Toll-like receptor 7	4.7	US Patent	7CYN
COc1cc(cn2ncnc12)-c1[nH]c2ccc(nc2c1C(C)C)[C@H]1CC[C@H](N)C1	Toll-like receptor 7	4.7	US Patent	7CYN
COc1cc(cn2ncnc12)-c1[nH]c2cnc(C3CCN(CC3)C3COC3)c(C)c2c1C(C)C	Toll-like receptor 7	4.7	US Patent	7CYN
CC(C)c1c([nH]c2ccc(cc12)C1CCN(CC1)C(=O)CCN1CCCCC1)-c1cc(c2ncnn2c1)C(F)(F)F	Toll-like receptor 7	4.8	US Patent	7CYN
CCNC(=O)CN1CCC(CC1)c1ccc2[nH]c(c(C(C)C)c2c1)-c1cc(COC)c2ncnn2c1	Toll-like receptor 7	4.8	US Patent	7CYN
COCc1cc(cn2ncnc12)-c1[nH]c2ccc(cc2c1C(C)C)C1CCN(CC(=O)N2CCOC[C@H]2CO)CC1	Toll-like receptor 7	4.8	US Patent	7CYN
CNCC(=O)N1CCC(CC1)c1ccc2[nH]c(c(C(C)C)c2c1)-c1ccc2ncnn2c1	Toll-like receptor 7	4.8	US Patent	7CYN
CC(C)c1c([nH]c2ccc(cc12)C1CCN(CC1)C(=O)CCN1CCCCC1)-c1cc(c2ncnn2c1)C(F)(F)F	Toll-like receptor 7	4.8	US Patent	7CYN
CC(C)c1c([nH]c2ccc(nc12)N1CCN(CC1)C(=O)CC(C)(C)N1CC2(COC2)C1)-c1cn2ncnc2c(C)c1C	Toll-like receptor 7	4.8	US Patent	7CYN
CCNC(=O)CN1CCC(CC1)c1ccc2[nH]c(c(C(C)C)c2c1)-c1cc(COC)c2ncnn2c1	Toll-like receptor 7	4.8	US Patent	7CYN
COCc1cc(cn2ncnc12)-c1[nH]c2ccc(cc2c1C(C)C)C1CCN(CC(=O)N2CCOC[C@H]2CO)CC1	Toll-like receptor 7	4.8	US Patent	7CYN
COC1CN(C1)C1CCC(CC1)c1ccc2[nH]c(c(C(C)C)c2n1)-c1cn2ncnc2c(C)c1C	Toll-like receptor 7	4.8	US Patent	7CYN
CC(C)c1c([nH]c2ccc(nc12)N1CCC(CC1)N(C)Cc1csnn1)-c1cn2ncnc2c(C)c1C	Toll-like receptor 7	4.8	US Patent	7CYN
CNCC(=O)N1CCC(CC1)c1ccc2[nH]c(c(C(C)C)c2c1)-c1ccc2ncnn2c1	Toll-like receptor 7	4.8	US Patent	7CYN
COc1cc(cn2ncnc12)-c1[nH]c2cc(C)c(nc2c1C(C)C)C1CCC(CC1)N1CC2(COC2)C1	Toll-like receptor 7	4.8	US Patent	7CYN
COc1cc(cn2ncnc12)-c1[nH]c2ccc(OCC3CCN(CC3)C3CCOCC3)nc2c1C(C)C	Toll-like receptor 7	4.8	US Patent	7CYN
CC(C)c1c([nH]c2ccc(nc12)C1CC(C1)N(C)C)-c1cn2ncnc2c(C)c1C	Toll-like receptor 7	4.8	US Patent	7CYN
CC(C)c1c([nH]c2cc(F)c(cc12)C1CCN(CC1)C1CC(C)OC(C)C1)-c1cc(C)nc(C)c1	Toll-like receptor 7	4.8	US Patent	7CYN
CC(C)c1c([nH]c2ccc(cc12)C1CCN(CC1)C(=O)c1cn(C)nc1C)-c1cc(C)nc(C)c1	Toll-like receptor 7	4.8	US Patent	7CYN
CC(C)c1c([nH]c2ccc(cc12)C1CCN(CC1)C(=O)Cn1nnnc1C)-c1cc(C)nc(C)c1	Toll-like receptor 7	4.8	US Patent	7CYN
COc1cc(cn2ncnc12)-c1[nH]c2cc(C)c(nc2c1C(C)C)C1CCC(CC1)N1CC2(COC2)C1	Toll-like receptor 7	4.8	US Patent	7CYN
COc1cc(cn2ncnc12)-c1[nH]c2ccc(OCC3CCN(CC3)C3CCOCC3)nc2c1C(C)C	Toll-like receptor 7	4.8	US Patent	7CYN
CC(C)c1c([nH]c2ccc(nc12)N1CCN(CC1)C(=O)CC(C)(C)N1CC2(COC2)C1)-c1cn2ncnc2c(C)c1C	Toll-like receptor 7	4.8	US Patent	7CYN
CC(C)c1c([nH]c2ccc(nc12)C1CC(C1)N(C)C)-c1cn2ncnc2c(C)c1C	Toll-like receptor 7	4.8	US Patent	7CYN
COC1CN(C1)C1CCC(CC1)c1ccc2[nH]c(c(C(C)C)c2n1)-c1cn2ncnc2c(C)c1C	Toll-like receptor 7	4.8	US Patent	7CYN
CC(C)c1c([nH]c2ccc(nc12)N1CCC(CC1)N(C)Cc1csnn1)-c1cn2ncnc2c(C)c1C	Toll-like receptor 7	4.8	US Patent	7CYN
CC(C)c1c([nH]c2ccc(nc12)N1CCC(CC1)N(C)Cc1csnn1)-c1cn2ncnc2c(C)c1C	Toll-like receptor 7	4.8	US Patent	7CYN
CC(C)c1c([nH]c2ccc(cc12)-c1nnc(o1)C1CN2CCC1CC2)-c1cc(C)nc(C)c1	Toll-like receptor 7	4.8	US Patent	7CYN
CCN(C)C1CCC(CC1)c1ncc2[nH]c(c(C(C)C)c2c1C)-c1cc(OC)c2ncnn2c1	Toll-like receptor 7	4.8	US Patent	7CYN
CC(C)N1CCN(CC1)c1ccc(cn1)-c1ccc2[nH]c(c(C(C)C)c2c1)-c1cc(C)nc(C)c1	Toll-like receptor 7	4.8	US Patent	7CYN
COc1cc(cn2ncnc12)-c1[nH]c2cnc(N3CCN(C[C@H]3C)C3CCOCC3)c(F)c2c1C(C)C	Toll-like receptor 7	4.8	US Patent	7CYN
COC1CN(C1)C1CCC(CC1)c1ccc2[nH]c(c(C(C)C)c2n1)-c1cn2ncnc2c(C)c1C	Toll-like receptor 7	4.8	US Patent	7CYN
CNCCN1CCC(CC1)c1ccc2[nH]c(c(C(C)C)c2c1)-c1ccc(OC)c(OC)c1	Toll-like receptor 7	4.8	ChEMBL	7CYN
CC(C)c1c([nH]c2ccc(nc12)C1CC(C1)N(C)C)-c1cn2ncnc2c(C)c1C	Toll-like receptor 7	4.8	US Patent	7CYN
CNCCNc1ccc(cn1)-c1ccc2[nH]c(c(C(C)C)c2c1)-c1cc(C)nc(C)c1	Toll-like receptor 7	4.8	US Patent	7CYN
COc1cc(cn2ncnc12)-c1[nH]c2cnc(C3CCC(CC3)N(CC#N)C3COC3)c(F)c2c1C(C)C	Toll-like receptor 7	4.8	US Patent	7CYN
CC(C)c1c([nH]c2ccc(nc12)N1CCN(CC1)C(=O)CC(C)(C)N1CC2(COC2)C1)-c1cn2ncnc2c(C)c1C	Toll-like receptor 7	4.8	US Patent	7CYN
COc1cc(cn2ncnc12)-c1[nH]c2ccc(OCC3CCN(CC3)C3CCOCC3)nc2c1C(C)C	Toll-like receptor 7	4.8	US Patent	7CYN
COc1cc(cn2ncnc12)-c1[nH]c2cc(C)c(nc2c1C(C)C)C1CCC(CC1)N1CC2(COC2)C1	Toll-like receptor 7	4.8	US Patent	7CYN
CCCNCCC(=O)N1CCC(CC1)c1ccc2[nH]c(c(C(C)C)c2c1)-c1cn2ncnc2c(C)c1C	Toll-like receptor 7	4.9	US Patent	7CYN
CCc1cc(cn2nc(C)nc12)-c1[nH]c2ccc(cc2c1C(C)C)C1CCN(CC(=O)N(C)C)CC1	Toll-like receptor 7	4.9	US Patent	7CYN
CCc1c([nH]c2ccc(cc12)C1CCN(CCOC)CC1)-c1cc(OC)c2ncnn2c1	Toll-like receptor 7	4.9	US Patent	7CYN
CC(C)c1c([nH]c2ccc(nc12)N1C[C@H](C)N(CCC(N)=O)C[C@H]1C)-c1cn2ncnc2c(C)c1C	Toll-like receptor 7	4.9	US Patent	7CYN
CCCNCCC(=O)N1CCC(CC1)c1ccc2[nH]c(c(C(C)C)c2c1)-c1cn2ncnc2c(C)c1C	Toll-like receptor 7	4.9	US Patent	7CYN
COc1cc(cn2ncnc12)-c1[nH]c2ccc(nc2c1C(C)C)N1CCN(CCS(C)(=O)=O)CC1	Toll-like receptor 7	4.9	US Patent	7CYN
CCc1cc(cn2nc(C)nc12)-c1[nH]c2ccc(cc2c1C(C)C)C1CCN(CC(=O)N(C)C)CC1	Toll-like receptor 7	4.9	US Patent	7CYN
CCc1c([nH]c2ccc(cc12)C1CCN(CCOC)CC1)-c1cc(OC)c2ncnn2c1	Toll-like receptor 7	4.9	US Patent	7CYN
COc1cc(cn2ncnc12)-c1[nH]c2ccc(nc2c1C(C)C)C1CC(C1)N(C)CCS(C)(=O)=O	Toll-like receptor 7	4.9	US Patent	7CYN
CC(C)c1c([nH]c2ccc(cc12)C1CCN(CC(=O)N2CC(F)(F)C2)CC1)-c1cc(C)nc(C)c1	Toll-like receptor 7	4.9	US Patent	7CYN
CC(C)NC(=O)CN1CCC(CC1)c1ccc2[nH]c(c(C(C)C)c2c1)-c1cc(C)nc(C)c1	Toll-like receptor 7	4.9	US Patent	7CYN
CC(C)c1c([nH]c2ccc(cc12)C1CCN(CC(=O)N(C)CC(C)(C)O)CC1)-c1cc(C)nc(C)c1	Toll-like receptor 7	4.9	US Patent	7CYN
CC(C)c1c([nH]c2ccc(cc12)C1CCN(CC1)C1COC1)-c1cc(C)nc(C)c1	Toll-like receptor 7	4.9	US Patent	7CYN
CC(C)c1c([nH]c2ccc(nc12)N1C[C@H](C)N(CCC(N)=O)C[C@H]1C)-c1cn2ncnc2c(C)c1C	Toll-like receptor 7	4.9	US Patent	7CYN
COc1cc(cn2ncnc12)-c1[nH]c2ccc(nc2c1C(C)C)C1CC(C1)N(C)CCS(C)(=O)=O	Toll-like receptor 7	4.9	US Patent	7CYN
COc1cc(cn2ncnc12)-c1[nH]c2ccc(nc2c1C(C)C)N1CCN(CCS(C)(=O)=O)CC1	Toll-like receptor 7	4.9	US Patent	7CYN
CC(C)N1CCCC(C1)c1nnc([nH]1)-c1ccc2[nH]c(c(C(C)C)c2c1)-c1cc(C)nc(C)c1	Toll-like receptor 7	4.9	US Patent	7CYN
COc1cc(cn2ncnc12)-c1[nH]c2ccc(nc2c1C(C)C)N1CCN(CCS(C)(=O)=O)CC1	Toll-like receptor 7	4.9	US Patent	7CYN
CC(C)c1c([nH]c2ccc(nc12)N1C[C@H](C)N(CCC(N)=O)C[C@H]1C)-c1cn2ncnc2c(C)c1C	Toll-like receptor 7	4.9	US Patent	7CYN
COc1cc(cn2ncnc12)-c1[nH]c2cnc(N3CCN(CCS(C)(=O)=O)CC3)c(F)c2c1C(C)C	Toll-like receptor 7	4.9	US Patent	7CYN
Cc1cc(cc(C)n1)-c1cc2[nH]nc(N[C@@H]3CCNC[C@H]3F)c2cc1C1CC1	Toll-like receptor 7	4.9	ChEMBL	7CYN
COc1cc(cn2ncnc12)-c1[nH]c2cnc(C3CCC(CC3)N(C)C3COC3)c(F)c2c1C(C)C	Toll-like receptor 7	4.9	US Patent	7CYN
CC(C)c1c([nH]c2cnc(C3CCC(CC3)N3CC4(COC4)C3)c(C)c12)-c1cn2ncnc2c(C)c1C	Toll-like receptor 7	4.9	US Patent	7CYN
COc1cc(cn2ncnc12)-c1[nH]c2ccc(nc2c1C(C)C)C1CC(C1)N(C)CCS(C)(=O)=O	Toll-like receptor 7	4.9	US Patent	7CYN
CC(C)c1c([nH]c2cnc(N3CCN(C[C@H]3C)C(=O)CN(C)C)c(F)c12)-c1cn2ncnc2c(C)c1C	Toll-like receptor 7	4.9	US Patent	7CYN
CNCC(=O)N1CCC(CC1)c1ccc2[nH]c(c(C(C)C)c2c1)-c1cn2nc(C)nc2cc1C	Toll-like receptor 7	5	US Patent	7CYN
CC(C)c1c([nH]c2ccc(cc12)C1CCNCC1)-c1cn2nc(C)nc2cc1C	Toll-like receptor 7	5	US Patent	7CYN
CC(C)c1c([nH]c2ccc(cc12)C1CCN(CCS(C)(=O)=O)CC1)-c1cc(F)c2ncnn2c1	Toll-like receptor 7	5	US Patent	7CYN
CC(C)c1c([nH]c2ccc(cc12)C1CCN(CC(N)=O)CC1)-c1cc(c2ncnn2c1)C(C)(C)O	Toll-like receptor 7	5	US Patent	7CYN
CCNc1cc(cn2ncnc12)-c1[nH]c2ccc(cc2c1C(C)C)C1CCN(CC(=O)NC)CC1	Toll-like receptor 7	5	US Patent	7CYN
CC(C)c1c([nH]c2ccc(nc12)N1C[C@@H](C)N(CC(N)=O)C[C@H]1C)-c1cn2ncnc2c(C)c1C	Toll-like receptor 7	5	US Patent	7CYN
CNCC(=O)N1CCC(CC1)c1ccc2[nH]c(c(C(C)C)c2c1)-c1cn2nc(C)nc2cc1C	Toll-like receptor 7	5	US Patent	7CYN
CC(C)c1c([nH]c2ccc(nc12)N1CCN(CCCS(C)(=O)=O)CC1)-c1cn2ncnc2c(C)c1C	Toll-like receptor 7	5	US Patent	7CYN
CC(C)c1c([nH]c2ccc(nc12)C1CCC(CC1)NCc1cnc(C)cn1)-c1cc(CO)c2ncnn2c1	Toll-like receptor 7	5	US Patent	7CYN
CC(C)c1c([nH]c2ccc(cc12)C1CCNCC1)-c1cn2nc(C)nc2cc1C	Toll-like receptor 7	5	US Patent	7CYN
CC(C)c1c([nH]c2ccc(cc12)C1CCN(CCS(C)(=O)=O)CC1)-c1cc(F)c2ncnn2c1	Toll-like receptor 7	5	US Patent	7CYN
CC(C)c1c([nH]c2ccc(nc12)C1CCC(CC1)N(C)CC(=O)N(C)C)-c1cn2ncnc2c(C)c1C	Toll-like receptor 7	5	US Patent	7CYN
CC(C)c1c([nH]c2ccc(cc12)C1CCN(CC(N)=O)CC1)-c1cc(c2ncnn2c1)C(C)(C)O	Toll-like receptor 7	5	US Patent	7CYN
CC(C)c1c([nH]c2ccc(nc12)C1CCC(CC1)N(CCS(C)(=O)=O)CC#N)-c1cn2ncnc2c(C)c1C	Toll-like receptor 7	5	US Patent	7CYN
CCNc1cc(cn2ncnc12)-c1[nH]c2ccc(cc2c1C(C)C)C1CCN(CC(=O)NC)CC1	Toll-like receptor 7	5	US Patent	7CYN
CC(C)c1c([nH]c2cc(C)c(cc12)C1CCNCC1)-c1ccnc(C)c1	Toll-like receptor 7	5	US Patent	7CYN
CC(C)c1c([nH]c2ccc(cc12)C1CCN(CC1)C(=O)CN1CCCS1(=O)=O)-c1cc(C)nc(C)c1	Toll-like receptor 7	5	US Patent	7CYN
CC(C)c1c([nH]c2ccc(cc12)C1CCN(CC1)C(=O)c1cscn1)-c1cc(C)nc(C)c1	Toll-like receptor 7	5	US Patent	7CYN
COc1nc(C)c2nc(-c3cncc(C)c3)n(Cc3ccc(cc3F)C3CN4CCC3CC4)c2n1	Toll-like receptor 7	5	US Patent	7CYN
CCOc1nc(C)c2nc(-c3cncc(F)c3)n(Cc3ccc([C@H]4CN5CCC4CC5)c(c3)C#N)c2n1	Toll-like receptor 7	5	US Patent	7CYN
COc1nc(C)c2nc(-c3cncc(F)c3)n(Cc3ccc(O[C@@H]4CN5CCC4CC5)cc3F)c2n1	Toll-like receptor 7	5	US Patent	7CYN
CCOc1nc(C)c2nc(-c3cncc(F)c3)n(Cc3ccc(CN4C[C@H]5C[C@@H]4CN5C)cc3)c2n1	Toll-like receptor 7	5	US Patent	7CYN
CC(C)c1c([nH]c2ccc(nc12)N1CCN(CCCS(C)(=O)=O)CC1)-c1cn2ncnc2c(C)c1C	Toll-like receptor 7	5	US Patent	7CYN
CC(C)c1c([nH]c2ccc(nc12)C1CCC(CC1)NCc1cnc(C)cn1)-c1cc(CO)c2ncnn2c1	Toll-like receptor 7	5	US Patent	7CYN
CC(C)c1c([nH]c2ccc(nc12)C1CCC(CC1)N(C)CC(=O)N(C)C)-c1cn2ncnc2c(C)c1C	Toll-like receptor 7	5	US Patent	7CYN
CC(C)c1c([nH]c2ccc(nc12)C1CCC(CC1)N(CCS(C)(=O)=O)CC#N)-c1cn2ncnc2c(C)c1C	Toll-like receptor 7	5	US Patent	7CYN
CC(C)c1c([nH]c2ccc(nc12)N1C[C@@H](C)N(CC(N)=O)C[C@H]1C)-c1cn2ncnc2c(C)c1C	Toll-like receptor 7	5	US Patent	7CYN
Cc1nn(CC23CCC(CC2)(CC3)N2CCC2)c2CCN(Cc12)c1cc(C)nc2n(C)ncc12	Toll-like receptor 7	5	ChEMBL	7CYN
CC(C)c1c([nH]c2ccc(nc12)N1C[C@@H](C)N(CC(N)=O)C[C@H]1C)-c1cn2ncnc2c(C)c1C	Toll-like receptor 7	5	US Patent	7CYN
[2H]c1ccc2c(ccc(C#N)c2n1)N1C[C@@H](C)O[C@@H](CN2CC3(C2)OCc2cc(ncc32)N2CC(C)(N)C2)C1	Toll-like receptor 7	5	ChEMBL	7CYN
COc1cc(cn2ncnc12)-c1[nH]c2cnc(cc2c1C(C)C)C1CCC(C1)NCC(C)(C)C	Toll-like receptor 7	5	US Patent	7CYN
CC(C)c1c([nH]c2ccc(nc12)C1CCC(CC1)N(C)CC(=O)N(C)C)-c1cn2ncnc2c(C)c1C	Toll-like receptor 7	5	US Patent	7CYN
C[C@@H]1CN(C[C@H](CN2CC3(C2)OCc2cc(ccc32)N2CC3(CN(C)C3)C2)O1)c1ccc(C#N)n2nccc12	Toll-like receptor 7	5	ChEMBL	7CYN
COCCN1CCN([C@H](C)C1)c1ncc2[nH]c(c(C(C)C)c2c1F)-c1cc(OC)c2ncnn2c1	Toll-like receptor 7	5	US Patent	7CYN
CCN(C)CC(=O)NC12CCC(Cn3nc(C)c4CN(CCc34)c3cc(C)nc4n(C)ncc34)(CC1)CC2	Toll-like receptor 7	5	ChEMBL	7CYN
CC(C)c1c([nH]c2ccc(nc12)N1CCN(CCCS(C)(=O)=O)CC1)-c1cn2ncnc2c(C)c1C	Toll-like receptor 7	5	US Patent	7CYN
Cc1cc(-c2cnc(OCC34CCC(N)(CC3)CC4)c(C)c2)c2cnn(C)c2n1	Toll-like receptor 7	5	ChEMBL	
CC(C)c1c([nH]c2cnc(C3CCN(CC(N)=O)CC3)c(F)c12)-c1cc(C)nc(C)c1	Toll-like receptor 7	5	US Patent	7CYN
CNC(=O)CN(C)C1CCC(CC1)c1ncc2[nH]c(c(C(C)C)c2c1F)-c1cc(OC)c2ncnn2c1	Toll-like receptor 7	5	US Patent	7CYN
CC(C)c1c([nH]c2ccc(nc12)C1CCC(CC1)NCc1cnc(C)cn1)-c1cc(CO)c2ncnn2c1	Toll-like receptor 7	5	US Patent	7CYN
CC(C)c1c([nH]c2ccc(cc12)-c1ccnc(c1)C1CCNCC1)-c1cc(C)nc(C)c1	Toll-like receptor 7	5	US Patent	7CYN
CC(C)c1c([nH]c2ccc(nc12)C1CCC(CC1)N(CCS(C)(=O)=O)CC#N)-c1cn2ncnc2c(C)c1C	Toll-like receptor 7	5	US Patent	7CYN
CCN(C)C(=O)CN1CCC(CC1)c1ccc2[nH]c(c(C(C)C)c2c1)-c1cn2ncnc2cc1C	Toll-like receptor 7	5.1	US Patent	7CYN
CN(C)C(=O)CN1CCC(CC1)c1ccc2[nH]c(c(CC(F)F)c2c1)-c1cc(C)c2nc(C)nn2c1	Toll-like receptor 7	5.1	US Patent	7CYN
CCOc1cc(cn2ncnc12)-c1[nH]c2ccc(cc2c1C(C)C)C1CCN(CC1)C1CCOCC1	Toll-like receptor 7	5.1	US Patent	7CYN
CCOc1cc(cn2ncnc12)-c1[nH]c2ccc(cc2c1C(C)C)C1CCN(CC1)C1CCOCC1	Toll-like receptor 7	5.1	US Patent	7CYN
CCN(C)C(=O)CN1CCC(CC1)c1ccc2[nH]c(c(C(C)C)c2c1)-c1cn2ncnc2cc1C	Toll-like receptor 7	5.1	US Patent	7CYN
CC(C)c1c([nH]c2ccc(nc12)N1CCC(CC1)N(CC#N)CC#N)-c1cn(C)c2ncccc12	Toll-like receptor 7	5.1	US Patent	7CYN
CC(C)c1c([nH]c2ccc(nc12)C1CCC(CC1)NCC(=O)N(C)C)-c1cc(CO)c2ncnn2c1	Toll-like receptor 7	5.1	US Patent	7CYN
CC(C)c1c([nH]c2ccc(nc12)C1CCC(CC1)N(C)Cc1cnc(C)cn1)-c1cn2ncnc2c(C)c1C	Toll-like receptor 7	5.1	US Patent	7CYN
CC(C)c1c([nH]c2ccc(nc12)C1CCC(CC1)N1CC2(COC2)C1)-c1cn2ncnc2c(C)c1C	Toll-like receptor 7	5.1	US Patent	7CYN
CN(C)C(=O)CN1CCC(CC1)c1ccc2[nH]c(c(CC(F)F)c2c1)-c1cc(C)c2nc(C)nn2c1	Toll-like receptor 7	5.1	US Patent	7CYN
CC(C)c1c([nH]c2ccc(cc12)C1CCN(CC1)C=O)-c1cc(C)nc(C)c1	Toll-like receptor 7	5.1	US Patent	7CYN
CC(C)c1c([nH]c2ccc(cc12)C1CCNCC1)-c1cc(C)ncc1N	Toll-like receptor 7	5.1	US Patent	7CYN
CC(C)c1c([nH]c2ccc(cc12)C1CCN(CC1)C(=O)C1CCNC1)-c1ccnc(C)c1	Toll-like receptor 7	5.1	US Patent	7CYN
CC(C)c1c([nH]c2ccc(nc12)C1CCC(CC1)NCC(=O)N(C)C)-c1cc(CO)c2ncnn2c1	Toll-like receptor 7	5.1	US Patent	7CYN
CC(C)c1c([nH]c2ccc(nc12)C1CCC(CC1)N(C)Cc1cnc(C)cn1)-c1cn2ncnc2c(C)c1C	Toll-like receptor 7	5.1	US Patent	7CYN
CC(C)c1c([nH]c2ccc(nc12)C1CCC(CC1)N1CC2(COC2)C1)-c1cn2ncnc2c(C)c1C	Toll-like receptor 7	5.1	US Patent	7CYN
CC(C)c1c([nH]c2ccc(nc12)N1CCC(CC1)N(CC#N)CC#N)-c1cn(C)c2ncccc12	Toll-like receptor 7	5.1	US Patent	7CYN
CC(C)c1c([nH]c2ccc(nc12)N1CCC(CC1)N(CC#N)CC#N)-c1cn(C)c2ncccc12	Toll-like receptor 7	5.1	US Patent	7CYN
CC(C)c1c([nH]c2ccc(nc12)C1CCC(CC1)N(C)Cc1cnc(C)cn1)-c1cn2ncnc2c(C)c1C	Toll-like receptor 7	5.1	US Patent	7CYN
CC(C)c1c([nH]c2ccc(nc12)C1CCC(CC1)N1CC2(COC2)C1)-c1cn2ncnc2c(C)c1C	Toll-like receptor 7	5.1	US Patent	7CYN
COC1CN(C1)C1CCC(CC1)c1ncc2[nH]c(c(C(C)C)c2c1C)-c1cc(OC)c2ncnn2c1	Toll-like receptor 7	5.1	US Patent	7CYN
CC(C)c1c([nH]c2ccc(nc12)C1CCC(CC1)NCC(=O)N(C)C)-c1cc(CO)c2ncnn2c1	Toll-like receptor 7	5.1	US Patent	7CYN
C[C@H](O)CC(=O)N1CCC(CC1)c1ccc2[nH]c(c(CC(F)F)c2c1)-c1cc(C)c2ncnn2c1	Toll-like receptor 7	5.2	US Patent	7CYN
CC(C)c1c([nH]c2ccc(cc12)C1CCN(CC1)C(=O)CN1CC(C)OC(C)C1)-c1cn2ncnc2c(C)c1C	Toll-like receptor 7	5.2	US Patent	7CYN
CC(C)c1c([nH]c2ccc(cc12)C1CCN(CC2(CC2)C#N)CC1)-c1cn2ncnc2cc1C	Toll-like receptor 7	5.2	US Patent	7CYN
CC(C)c1c([nH]c2ccc(cc12)C1CCN(CCS(C)(=O)=O)CC1)-c1cc(c2ncnn2c1)C(C)(C)O	Toll-like receptor 7	5.2	US Patent	7CYN
CC(C)c1c([nH]c2ccc(cc12)C1CCN(CCS(N)(=O)=O)CC1)-c1cc(c2ncnn2c1)C(C)(C)O	Toll-like receptor 7	5.2	US Patent	7CYN
CCOc1cc(cn2ncnc12)-c1[nH]c2ccc(cc2c1C(C)C)C1CCN(CC(C)(C)O)CC1	Toll-like receptor 7	5.2	US Patent	7CYN
CC(C)c1c([nH]c2ccc(cc12)C1CCN(Cc2n[nH]c(=O)[nH]2)CC1)-c1cn2ncnc2c(C)c1C	Toll-like receptor 7	5.2	US Patent	7CYN
CC(C)c1c([nH]c2ccc(cc12)C1CCN(Cc2ncn(C)n2)CC1)-c1cc(CO)c2ncnn2c1	Toll-like receptor 7	5.2	US Patent	7CYN
COc1cc(cn2ncnc12)-c1[nH]c2ccc(cc2c1CC(F)F)C1CCN(CC1)C1COC1	Toll-like receptor 7	5.2	US Patent	7CYN
CC(C)c1c([nH]c2ccc(nc12)N1C[C@@H]2C[C@H](C1)N2C(=O)CN(C)C)-c1cn2ncnc2c(C)c1C	Toll-like receptor 7	5.2	US Patent	7CYN
COc1cc(cn2ncnc12)-c1[nH]c2ccc(cc2c1CC(F)F)C1CCN(CC1)C1COC1	Toll-like receptor 7	5.2	US Patent	7CYN
CC(C)c1c([nH]c2ccc(nc12)N1CCN(CCC(N)=O)[C@H](C)C1)-c1cn2ncnc2c(C)c1C	Toll-like receptor 7	5.2	US Patent	7CYN
C[C@H](O)CC(=O)N1CCC(CC1)c1ccc2[nH]c(c(CC(F)F)c2c1)-c1cc(C)c2ncnn2c1	Toll-like receptor 7	5.2	US Patent	7CYN
CC(C)c1c([nH]c2ccc(cc12)C1CCN(CC1)C(=O)CN1CC(C)OC(C)C1)-c1cn2ncnc2c(C)c1C	Toll-like receptor 7	5.2	US Patent	7CYN
CC(C)c1c([nH]c2ccc(nc12)N1CCN(CC1)C(=O)CN1CCC(F)C1)-c1cn2ncnc2c(C)c1C	Toll-like receptor 7	5.2	US Patent	7CYN
COc1cc(cn2ncnc12)-c1[nH]c2ccc(nc2c1C(C)C)C1CCC(=O)CC1	Toll-like receptor 7	5.2	US Patent	7CYN
CC(C)c1c([nH]c2ccc(nc12)C1CCC(CC1)N1CC2(COC2)C1)-c1cc(C)nc(C)c1	Toll-like receptor 7	5.2	US Patent	7CYN
CC(C)c1c([nH]c2ccc(cc12)C1CCN(CC2(CC2)C#N)CC1)-c1cn2ncnc2cc1C	Toll-like receptor 7	5.2	US Patent	7CYN
CC(C)c1c([nH]c2ccc(nc12)C1CCC(CC1)N(C)Cc1ncccn1)-c1cn2ncnc2c(C)c1C	Toll-like receptor 7	5.2	US Patent	7CYN
CC(C)c1c([nH]c2ccc(cc12)C1CCN(CCS(C)(=O)=O)CC1)-c1cc(c2ncnn2c1)C(C)(C)O	Toll-like receptor 7	5.2	US Patent	7CYN
CC(C)c1c([nH]c2ccc(cc12)C1CCN(CCS(N)(=O)=O)CC1)-c1cc(c2ncnn2c1)C(C)(C)O	Toll-like receptor 7	5.2	US Patent	7CYN
CC(C)c1c([nH]c2ccc(nc12)C1CCC(CC1)NC1(CCCC1)C(=O)N(C)C)-c1cn2ncnc2c(C)c1C	Toll-like receptor 7	5.2	US Patent	7CYN
CCOc1cc(cn2ncnc12)-c1[nH]c2ccc(cc2c1C(C)C)C1CCN(CC(C)(C)O)CC1	Toll-like receptor 7	5.2	US Patent	7CYN
CC(C)c1c([nH]c2ccc(nc12)C1CN(C)CCO1)-c1cn2ncnc2c(C)c1C	Toll-like receptor 7	5.2	US Patent	7CYN
CC(C)c1c([nH]c2ccc(cc12)C1CCN(Cc2n[nH]c(=O)[nH]2)CC1)-c1cn2ncnc2c(C)c1C	Toll-like receptor 7	5.2	US Patent	7CYN
CC(C)c1c([nH]c2ccc(cc12)C1CCN(Cc2ncn(C)n2)CC1)-c1cc(CO)c2ncnn2c1	Toll-like receptor 7	5.2	US Patent	7CYN
CCNC(=O)CN1CCC(CC1)c1ccc2[nH]c(c(C(C)C)c2c1)-c1ccnc(C)c1	Toll-like receptor 7	5.2	US Patent	7CYN
CCCNC(=O)CN1CCC(CC1)c1ccc2[nH]c(c(C(C)C)c2c1)-c1cc(C)nc(C)c1	Toll-like receptor 7	5.2	US Patent	7CYN
CC(C)c1c([nH]c2ccc(cc12)C1CCN(CC(=O)N2CCCC2)CC1)-c1cc(C)nc(C)c1	Toll-like receptor 7	5.2	US Patent	7CYN
CC(C)c1c([nH]c2ccc(cc12)C1CCN(CC(=O)N(C)C2CCOCC2)CC1)-c1ccnc(C)c1	Toll-like receptor 7	5.2	US Patent	7CYN
COC(C)CN1CCC(CC1)c1ccc2[nH]c(c(C(C)C)c2c1)-c1cc(C)nc(C)c1	Toll-like receptor 7	5.2	US Patent	7CYN
CCOCCNCC(=O)N1CCC(CC1)c1ccc2[nH]c(c(C(C)C)c2c1)-c1cc(C)nc(C)c1	Toll-like receptor 7	5.2	US Patent	7CYN
COc1cc(cn2ncnc12)-c1[nH]c2ccc(nc2c1C(C)C)C1CCC(=O)CC1	Toll-like receptor 7	5.2	US Patent	7CYN
CC(C)c1c([nH]c2ccc(nc12)N1C[C@@H]2C[C@H](C1)N2C(=O)CN(C)C)-c1cn2ncnc2c(C)c1C	Toll-like receptor 7	5.2	US Patent	7CYN
CC(C)c1c([nH]c2ccc(nc12)C1CCC(CC1)N1CC2(COC2)C1)-c1cc(C)nc(C)c1	Toll-like receptor 7	5.2	US Patent	7CYN
CC(C)c1c([nH]c2ccc(nc12)C1CCC(CC1)N(C)Cc1ncccn1)-c1cn2ncnc2c(C)c1C	Toll-like receptor 7	5.2	US Patent	7CYN
CC(C)c1c([nH]c2ccc(nc12)N1CCN(CCC(N)=O)[C@H](C)C1)-c1cn2ncnc2c(C)c1C	Toll-like receptor 7	5.2	US Patent	7CYN
CC(C)c1c([nH]c2ccc(nc12)C1CCC(CC1)NC1(CCCC1)C(=O)N(C)C)-c1cn2ncnc2c(C)c1C	Toll-like receptor 7	5.2	US Patent	7CYN
CC(C)c1c([nH]c2ccc(nc12)N1CCN(CC1)C(=O)CN1CCC(F)C1)-c1cn2ncnc2c(C)c1C	Toll-like receptor 7	5.2	US Patent	7CYN
CC(C)c1c([nH]c2ccc(nc12)C1CN(C)CCO1)-c1cn2ncnc2c(C)c1C	Toll-like receptor 7	5.2	US Patent	7CYN
COc1cc(cn2ncnc12)-c1[nH]c2cnc(N3CCC(CC3)N(C)CC(C)(C)C)c(F)c2c1C(C)C	Toll-like receptor 7	5.2	US Patent	7CYN
CC(C)c1c([nH]c2ccc(nc12)C1CN(C)CCO1)-c1cn2ncnc2c(C)c1C	Toll-like receptor 7	5.2	US Patent	7CYN
CC(C)c1c([nH]c2ccc(nc12)N1CCN(CCC(N)=O)[C@H](C)C1)-c1cn2ncnc2c(C)c1C	Toll-like receptor 7	5.2	US Patent	7CYN
COc1cc(cn2ncnc12)-c1[nH]c2cnc(C3CCC(CC3)NCC(C)(C)O)c(F)c2c1C(C)C	Toll-like receptor 7	5.2	US Patent	7CYN
CC(C)c1c([nH]c2ccc(nc12)C1CCC(CC1)N1CC2(COC2)C1)-c1cc(C)nc(C)c1	Toll-like receptor 7	5.2	US Patent	7CYN
COc1cc(cn2ncnc12)-c1[nH]c2ccc(nc2c1C(C)C)C1CCC(=O)CC1	Toll-like receptor 7	5.2	US Patent	7CYN
CCCN1CCC(CC1)N(C1CC1)C(=O)c1ccc2[nH]c(c(C(C)C)c2c1)-c1cn(C)c(=O)c(Cl)c1C	Toll-like receptor 7	5.2	US Patent	7CYN
CC(C)c1c([nH]c2ccc(nc12)N1C[C@@H]2C[C@H](C1)N2C(=O)CN(C)C)-c1cn2ncnc2c(C)c1C	Toll-like receptor 7	5.2	US Patent	7CYN
CC(C)c1c([nH]c2ccc(nc12)C1CCC(CC1)NC1(CCCC1)C(=O)N(C)C)-c1cn2ncnc2c(C)c1C	Toll-like receptor 7	5.2	US Patent	7CYN
CC(C)c1c([nH]c2ccc(nc12)N1CCN(CC1)C(=O)CN1CCC(F)C1)-c1cn2ncnc2c(C)c1C	Toll-like receptor 7	5.2	US Patent	7CYN
CC(C)c1c([nH]c2ccc(nc12)C1CCC(CC1)N(C)Cc1ncccn1)-c1cn2ncnc2c(C)c1C	Toll-like receptor 7	5.2	US Patent	7CYN
CC(C)c1c([nH]c2ccc(cc12)-c1ccc(nc1)N1CCN(C)CC1)-c1cc(C)nc(C)c1	Toll-like receptor 7	5.2	US Patent	7CYN
CNCC(=O)N1CCc2cc(sc2C1)-c1ccc2[nH]c(c(C(C)C)c2c1)-c1cc(C)nc(C)c1	Toll-like receptor 7	5.2	US Patent	7CYN
CCN(CC)C(=O)CN1CCC(CC1)c1ccc2[nH]c(c(C(C)C)c2c1)-c1cc(COC)c2ncnn2c1	Toll-like receptor 7	5.3	US Patent	7CYN
COc1c(C)c(cn2ncnc12)-c1[nH]c2ccc(cc2c1C(C)C)C1CCN(CC(=O)NC2(C)COC2)CC1	Toll-like receptor 7	5.3	US Patent	7CYN
CC(C)c1c([nH]c2ccc(cc12)C1CCN(CC1)C(=O)CCNCC(C)(C)C)-c1cn2ncnc2c(C)c1C	Toll-like receptor 7	5.3	US Patent	7CYN
CC(C)c1c([nH]c2ccc(cc12)C1CCNCC1)-c1cc(C(C)O)c2ncnn2c1	Toll-like receptor 7	5.3	US Patent	7CYN
COCc1cc(cn2ncnc12)-c1[nH]c2ccc(cc2c1C(C)C)C1CCN(CC2(C)COC2)CC1	Toll-like receptor 7	5.3	US Patent	7CYN
CC(C)CN1CCC(CC1)c1ccc2[nH]c(c(C(C)C)c2c1)-c1cc(c2ncnn2c1)C(F)(F)F	Toll-like receptor 7	5.3	US Patent	7CYN
CC(C)CN1CCC(CC1)c1ccc2[nH]c(c(C(C)C)c2c1)-c1cc(c2ncnn2c1)C(F)(F)F	Toll-like receptor 7	5.3	US Patent	7CYN
CC(C)c1c([nH]c2ccc(nc12)N1CCN(CCC(N)=O)[C@@H](C)C1)-c1cn2ncnc2c(C)c1C	Toll-like receptor 7	5.3	US Patent	7CYN
CCN(CC)C(=O)CN1CCC(CC1)c1ccc2[nH]c(c(C(C)C)c2c1)-c1cc(COC)c2ncnn2c1	Toll-like receptor 7	5.3	US Patent	7CYN
COc1c(C)c(cn2ncnc12)-c1[nH]c2ccc(cc2c1C(C)C)C1CCN(CC(=O)NC2(C)COC2)CC1	Toll-like receptor 7	5.3	US Patent	7CYN
CC(C)c1c([nH]c2ccc(cc12)C1CCN(CC1)C(=O)CCNCC(C)(C)C)-c1cn2ncnc2c(C)c1C	Toll-like receptor 7	5.3	US Patent	7CYN
COc1cc(cn2ncnc12)-c1[nH]c2ccc(nc2c1C(C)C)N1CCN(CC1)C1COC1	Toll-like receptor 7	5.3	US Patent	7CYN
CC(C)c1c([nH]c2ccc(cc12)C1CCNCC1)-c1cc(C(C)O)c2ncnn2c1	Toll-like receptor 7	5.3	US Patent	7CYN
CC(C)c1c([nH]c2ccc(nc12)C1CCC(CC1)N(C)CCC#N)-c1cn2ncnc2c(C)c1C	Toll-like receptor 7	5.3	US Patent	7CYN
COCc1cc(cn2ncnc12)-c1[nH]c2ccc(cc2c1C(C)C)C1CCN(CC2(C)COC2)CC1	Toll-like receptor 7	5.3	US Patent	7CYN
CC(C)c1c([nH]c2ccc(cc12)C1CCN(CC(N)=O)CC1)-c1cc(C)ncc1C	Toll-like receptor 7	5.3	US Patent	7CYN
CC(C)c1c([nH]c2ccc(cc12)C1CCN(CC1)C(=O)CCn1ccc(C)n1)-c1cc(C)nc(C)c1	Toll-like receptor 7	5.3	US Patent	7CYN
CC(C)c1c([nH]c2ccc(cc12)C1CCN(CC1)C(=O)CN1CCOCC1)-c1cc(C)nc(C)c1	Toll-like receptor 7	5.3	US Patent	7CYN
CC(C)c1c([nH]c2ccc(cc12)C1CCN(CC1)C(=O)CN1CCC(C)CC1)-c1cc(C)nc(C)c1	Toll-like receptor 7	5.3	US Patent	7CYN
CC(C)c1c([nH]c2ccc(cc12)C1CCN(Cc2cnn(C)c2)CC1)-c1cc(C)nc(C)c1	Toll-like receptor 7	5.3	US Patent	7CYN
CC(C)c1c([nH]c2ccc(cc12)C1CCN(Cc2cn(C)nn2)CC1)-c1cc(C)nc(C)c1	Toll-like receptor 7	5.3	US Patent	7CYN
CC(C)c1c([nH]c2ccc(nc12)N1CCN(CCC(N)=O)[C@@H](C)C1)-c1cn2ncnc2c(C)c1C	Toll-like receptor 7	5.3	US Patent	7CYN
CC(C)c1c([nH]c2ccc(nc12)C1CCC(CC1)N(C)CCC#N)-c1cn2ncnc2c(C)c1C	Toll-like receptor 7	5.3	US Patent	7CYN
COc1cc(cn2ncnc12)-c1[nH]c2ccc(nc2c1C(C)C)N1CCN(CC1)C1COC1	Toll-like receptor 7	5.3	US Patent	7CYN
COc1cc(cn2ncnc12)-c1[nH]c2cnc(C3CCC(CC3)NC3(C)COC3)c(F)c2c1C(C)C	Toll-like receptor 7	5.3	US Patent	7CYN
CC(C)c1c([nH]c2ccc(nc12)C1CCC(CC1)N(C)CCC#N)-c1cn2ncnc2c(C)c1C	Toll-like receptor 7	5.3	US Patent	7CYN
COc1cc(cn2ncnc12)-c1[nH]c2ccc(nc2c1C(C)C)N1CCN(CC1)C1COC1	Toll-like receptor 7	5.3	US Patent	7CYN
COCCN1CCN([C@H](C)C1)c1ncc2[nH]c(c(C(C)C)c2c1F)-c1cn2ncnc2c(C)c1C	Toll-like receptor 7	5.3	US Patent	7CYN
CC(C)c1c([nH]c2ccc(nc12)N1CCN(CCC(N)=O)[C@@H](C)C1)-c1cn2ncnc2c(C)c1C	Toll-like receptor 7	5.3	US Patent	7CYN
COc1cc(cn2ncnc12)-c1[nH]c2cnc(C3CCC(CC3)NC3CCOCC3)c(F)c2c1C(C)C	Toll-like receptor 7	5.3	US Patent	7CYN
COc1cc(cn2ncnc12)-c1[nH]c2cnc(C3CCC(CC3)NCC(C)(C)OC)c(C)c2c1C(C)C	Toll-like receptor 7	5.3	US Patent	7CYN
CC(C)c1c([nH]c2cnc(N3CCC(CC3)N(C)CC(F)F)c(F)c12)-c1cc(C)c2ncnn2c1	Toll-like receptor 7	5.3	US Patent	7CYN
CCOc1cc(cn2nc(C)nc12)-c1[nH]c2ccc(cc2c1C(C)C)C1CCN(CC(=O)N(C)C)CC1	Toll-like receptor 7	5.4	US Patent	7CYN
CNC(=O)CN1CCC(CC1)c1ccc2[nH]c(c(C(C)C)c2c1)-c1cc(C)c2nc(nn2c1)C(F)(F)F	Toll-like receptor 7	5.4	US Patent	7CYN
CC(C)c1c([nH]c2ccc(cc12)C1CCN(CC1)C1CCCC1(C)[N+]#[C-])-c1cc(C)c2ncnn2c1	Toll-like receptor 7	5.4	US Patent	7CYN
CC(C)c1c([nH]c2ccc(cc12)C1CCN(CC1)C(C)c1ccc(C)nn1)-c1cc(C)c2ncnn2c1	Toll-like receptor 7	5.4	US Patent	7CYN
CCc1cc(cn2nc(C)nc12)-c1[nH]c2ccc(cc2c1C(C)C)C1CCN(CC1)C1COC1	Toll-like receptor 7	5.4	US Patent	7CYN
CC(C)c1c([nH]c2ccc(nc12)N1C[C@H]2C[C@@H]1CCN2CCC(=O)N(C)C)-c1cn2ncnc2c(C)c1C	Toll-like receptor 7	5.4	US Patent	7CYN
CCc1cc(cn2nc(C)nc12)-c1[nH]c2ccc(cc2c1C(C)C)C1CCN(CC1)C1COC1	Toll-like receptor 7	5.4	US Patent	7CYN
CC(C)c1c([nH]c2ccc(nc12)C1CCC(CC1)NC(C)(C)C)-c1cn2ncnc2c(C)c1C	Toll-like receptor 7	5.4	US Patent	7CYN
COc1cc(cn2ncnc12)-c1[nH]c2ccc(nc2c1C(C)C)N1CCN(CC(=O)N(C)C)CC1	Toll-like receptor 7	5.4	US Patent	7CYN
COc1cc(cn2ncnc12)-c1[nH]c2ccc(nc2c1C(C)C)C1CCC(CC1)N(C)C1COC1	Toll-like receptor 7	5.4	US Patent	7CYN
CC(C)c1c([nH]c2ccc(nc12)C1CCC(CC1)NCC(=O)N(C)C)-c1cn2ncnc2c(C)c1C	Toll-like receptor 7	5.4	US Patent	7CYN
CCOc1cc(cn2nc(C)nc12)-c1[nH]c2ccc(cc2c1C(C)C)C1CCN(CC(=O)N(C)C)CC1	Toll-like receptor 7	5.4	US Patent	7CYN
CNC(=O)CN1CCC(CC1)c1ccc2[nH]c(c(C(C)C)c2c1)-c1cc(C)c2nc(nn2c1)C(F)(F)F	Toll-like receptor 7	5.4	US Patent	7CYN
CC(C)c1c([nH]c2ccc(cc12)C1CCN(CC1)C1CCCC1(C)C#N)-c1cc(C)c2ncnn2c1	Toll-like receptor 7	5.4	US Patent	7CYN
CC(C)c1c([nH]c2ccc(cc12)C1CCN(CC1)C(C)c1ccc(C)nn1)-c1cc(C)c2ncnn2c1	Toll-like receptor 7	5.4	US Patent	7CYN
COc1cc(cn2ncnc12)-c1[nH]c2ccc(nc2c1C(C)C)C1CC(C1)N(C)CC1(C)COC1	Toll-like receptor 7	5.4	US Patent	7CYN
COCC(=O)N1CCC(CC1)c1ccc2[nH]c(c(C(C)C)c2c1)-c1cc(C)nc(C)c1	Toll-like receptor 7	5.4	US Patent	7CYN
CC(C)c1c([nH]c2ccc(cc12)C1CCN(CC1)C(=O)C1CCNCC1)-c1cc(C)nc(C)c1	Toll-like receptor 7	5.4	US Patent	7CYN
CCC(=O)N1CCC(CC1)c1ccc2[nH]c(c(C(C)C)c2c1)-c1cc(C)nc(C)c1	Toll-like receptor 7	5.4	US Patent	7CYN
COC1CN(C1)C(=O)CN1CCC(CC1)c1ccc2[nH]c(c(C(C)C)c2c1)-c1cc(C)nc(C)c1	Toll-like receptor 7	5.4	US Patent	7CYN
CC(C)c1c([nH]c2ccc(cc12)C1CCN(CC#N)CC1)-c1cc(C)nc(C)c1	Toll-like receptor 7	5.4	US Patent	7CYN
CC(C)c1c([nH]c2ccc(cc12)C1CCN(CC1)C(=O)CN(C)CCF)-c1cc(C)nc(C)c1	Toll-like receptor 7	5.4	US Patent	7CYN
COc1cc(OC)nc(CN2CCC(CC2)c2ccc3[nH]c(c(C(C)C)c3c2)-c2cc(C)nc(C)c2)n1	Toll-like receptor 7	5.4	US Patent	7CYN
CC(C)c1c([nH]c2ccc(nc12)N1C[C@H]2C[C@@H]1CN2CCC(=O)N(C)C)-c1cn2ncnc2c(C)c1C	Toll-like receptor 7	5.4	US Patent	7CYN
COc1cc(cn2ncnc12)-c1[nH]c2ccc(nc2c1C(C)C)C1CCC(CC1)N(C)C1COC1	Toll-like receptor 7	5.4	US Patent	7CYN
CC(C)c1c([nH]c2ccc(nc12)C1CCC(CC1)NCC(=O)N(C)C)-c1cn2ncnc2c(C)c1C	Toll-like receptor 7	5.4	US Patent	7CYN
COc1cc(cn2ncnc12)-c1[nH]c2ccc(nc2c1C(C)C)C1CC(C1)N(C)CC1(C)COC1	Toll-like receptor 7	5.4	US Patent	7CYN
CC(C)c1c([nH]c2ccc(nc12)C1CCC(CC1)NC(C)(C)C)-c1cn2ncnc2c(C)c1C	Toll-like receptor 7	5.4	US Patent	7CYN
COc1cc(cn2ncnc12)-c1[nH]c2ccc(nc2c1C(C)C)N1CCN(CC(=O)N(C)C)CC1	Toll-like receptor 7	5.4	US Patent	7CYN
CC(C)c1c([nH]c2ccc(nc12)C1CCC(CC1)NC(C)(C)C)-c1cn2ncnc2c(C)c1C	Toll-like receptor 7	5.4	US Patent	7CYN
CC(C)N1CCN([C@H](C)C1)c1ncc2[nH]c(c(C(C)C)c2c1F)-c1cn2ncnc2c(C)c1C	Toll-like receptor 7	5.4	US Patent	7CYN
CC(C)c1c([nH]c2ccc(N[C@@H]3C[C@H](C)N(CCC(=O)N(C)C)C3)nc12)-c1cn2ncnc2c(C)c1C	Toll-like receptor 7	5.4	US Patent	7CYN
COc1cc(cn2ncnc12)-c1[nH]c2ccc(nc2c1C(C)C)C1CC(C1)N(C)CC1(C)COC1	Toll-like receptor 7	5.4	US Patent	7CYN
CC(C)N1CCC[C@H](C1)c1nnc(o1)-c1ccc2[nH]c(c(C(C)C)c2c1)-c1cc(C)nc(C)c1	Toll-like receptor 7	5.4	US Patent	7CYN
COc1cc(cn2ncnc12)-c1[nH]c2cnc(cc2c1C(C)C)N1CCC(CC1)NCC(=O)N(C)C	Toll-like receptor 7	5.4	US Patent	7CYN
COc1cc(cn2ncnc12)-c1[nH]c2ccc(nc2c1C(C)C)C1CCC(CC1)N(C)C1COC1	Toll-like receptor 7	5.4	US Patent	7CYN
CC(C)c1c([nH]c2ccc(nc12)C1CCC(CC1)NCC(=O)N(C)C)-c1cn2ncnc2c(C)c1C	Toll-like receptor 7	5.4	US Patent	7CYN
CC(C)c1c([nH]c2cnc(N3CCN(CC(=O)N4CCOCC4)CC3)c(F)c12)-c1cn2ncnc2c(C)c1C	Toll-like receptor 7	5.4	US Patent	7CYN
COc1cc(cn2ncnc12)-c1[nH]c2ccc(nc2c1C(C)C)N1CCN(CC(=O)N(C)C)CC1	Toll-like receptor 7	5.4	US Patent	7CYN
CCOc1cc(cn2ncnc12)-c1[nH]c2ccc(cc2c1C(C)C)C1CCN(CC1)C(=O)CNC	Toll-like receptor 7	5.5	US Patent	7CYN
CC(C)c1c([nH]c2ccc(cc12)C1CCN(CC1)C(=O)CN1CCS(=O)(=O)CC1)-c1cc(C)c2ncnn2c1	Toll-like receptor 7	5.5	US Patent	7CYN
CC(C)c1c([nH]c2ccc(cc12)C1CCN(CC(=O)N(C)C)CC1)-c1cc(NCc2ccccc2)c2ncnn2c1	Toll-like receptor 7	5.5	US Patent	7CYN
CC(C)c1c([nH]c2ccc(cc12)C1CCN(CC1)C1CCC(O)CC1)-c1cc(C)c2ncnn2c1	Toll-like receptor 7	5.5	US Patent	7CYN
CC(C)c1c([nH]c2ccc(cc12)C1CCN(Cc2ncccn2)CC1)-c1cc(c2ncnn2c1)C(C)(C)O	Toll-like receptor 7	5.5	US Patent	7CYN
CC(C)c1c([nH]c2ccc(cc12)C1CCN(CC1)C1CCS(=O)(=O)CC1)-c1cn2nc(C)nc2cc1C	Toll-like receptor 7	5.5	US Patent	7CYN
CC(C)c1c([nH]c2ccc(cc12)C1CCN(CC1)C1CCS(=O)(=O)CC1)-c1cn2nc(C)nc2cc1C	Toll-like receptor 7	5.5	US Patent	7CYN
CCOc1cc(cn2ncnc12)-c1[nH]c2ccc(cc2c1C(C)C)C1CCN(CC1)C(=O)CNC	Toll-like receptor 7	5.5	US Patent	7CYN
CC(C)c1c([nH]c2ccc(cc12)C1CCN(CC1)C(=O)CN1CCS(=O)(=O)CC1)-c1cc(C)c2ncnn2c1	Toll-like receptor 7	5.5	US Patent	7CYN
CC(C)c1c([nH]c2ccc(cc12)C1CCN(CC(=O)N(C)C)CC1)-c1cc(NCc2ccccc2)c2ncnn2c1	Toll-like receptor 7	5.5	US Patent	7CYN
CC(C)c1c([nH]c2ccc(cc12)C1CCN(CC1)C1CCC(O)CC1)-c1cc(C)c2ncnn2c1	Toll-like receptor 7	5.5	US Patent	7CYN
CC(C)c1c([nH]c2ccc(nc12)C1CN(CCS(C)(=O)=O)C1)-c1cn2ncnc2c(C)c1C	Toll-like receptor 7	5.5	US Patent	7CYN
CC(C)c1c([nH]c2ccc(cc12)C1CCN(Cc2ncccn2)CC1)-c1cc(c2ncnn2c1)C(C)(C)O	Toll-like receptor 7	5.5	US Patent	7CYN
CC(C)c1c([nH]c2ccc(cc12)C1CCN(CC1)C(C)=O)-c1cc(C)nc(C)c1	Toll-like receptor 7	5.5	US Patent	7CYN
CC(C)c1c([nH]c2ccc(cc12)C1CCN(CC1)C(=O)CN(C)CC(F)F)-c1cc(C)nc(C)c1	Toll-like receptor 7	5.5	US Patent	7CYN
CC(C)c1c([nH]c2ccc(cc12)C1CCN(CC1)C(=O)CN(C)C)-c1cc(C)nc(F)c1	Toll-like receptor 7	5.5	US Patent	7CYN
CC(C)c1c([nH]c2ccc(nc12)C1CN(CCS(C)(=O)=O)C1)-c1cn2ncnc2c(C)c1C	Toll-like receptor 7	5.5	US Patent	7CYN
CC(C)NC1CCC(CC1)c1ncc2[nH]c(c(C(C)C)c2c1C)-c1cn2ncnc2c(C)c1C	Toll-like receptor 7	5.5	US Patent	7CYN
CC(C)c1c([nH]c2ccc(nc12)C1CN(CCS(C)(=O)=O)C1)-c1cn2ncnc2c(C)c1C	Toll-like receptor 7	5.5	US Patent	7CYN
CC(C)c1c([nH]c2ccc(cc12)C1CCN(C)CC1)-c1ccc2ncnn2c1	Toll-like receptor 7	5.6	US Patent	7CYN
CC(C)c1c([nH]c2ccc(cc12)C1CCN(Cc2c[nH]nn2)CC1)-c1ccc2ncnn2c1	Toll-like receptor 7	5.6	US Patent	7CYN
CC(C)c1c([nH]c2ccc(cc12)C1CCN(CC1)C1COC1)-c1cc(c2ncnn2c1)C(C)(C)O	Toll-like receptor 7	5.6	US Patent	7CYN
CC(C)c1c([nH]c2ccc(cc12)C1CCN(CC1)C(=O)CN(C)C)-c1ccc2nc(C)nn2c1	Toll-like receptor 7	5.6	US Patent	7CYN
CC(C)c1c([nH]c2ccc(nc12)N1C[C@H]2C[C@@H]1CCN2CCCS(C)(=O)=O)-c1cn2ncnc2c(C)c1C	Toll-like receptor 7	5.6	US Patent	7CYN
CC(C)c1c([nH]c2ccc(cc12)C1CCN(CC1)C(=O)CN(C)C)-c1ccc2nc(C)nn2c1	Toll-like receptor 7	5.6	US Patent	7CYN
CC(C)N1C[C@@H](C)N(C[C@@H]1C)c1ccc2[nH]c(c(C(C)C)c2n1)-c1cn2ncnc2c(C)c1C	Toll-like receptor 7	5.6	US Patent	7CYN
CC(C)c1c([nH]c2ccc(nc12)N1CCC(CC1)N(C)Cc1ncccn1)-c1cn2ncnc2c(C)c1C	Toll-like receptor 7	5.6	US Patent	7CYN
COc1cc(cn2ncnc12)-c1[nH]c2ccc(nc2c1C(C)C)N1CCN(CCC(N)=O)CC1	Toll-like receptor 7	5.6	US Patent	7CYN
CC(C)c1c([nH]c2ccc(nc12)N1CCN(CC1)C(=O)CN1CCC1)-c1cn2ncnc2c(C)c1C	Toll-like receptor 7	5.6	US Patent	7CYN
CC(C)c1c([nH]c2ccc(nc12)C1CCC(CC1)NCC(=O)N(C)C)-c1cn(C)c2ncccc12	Toll-like receptor 7	5.6	US Patent	7CYN
CC(C)c1c([nH]c2ccc(cc12)C1CCN(C)CC1)-c1ccc2ncnn2c1	Toll-like receptor 7	5.6	US Patent	7CYN
CC(C)c1c([nH]c2ccc(cc12)C1CCN(Cc2c[nH]nn2)CC1)-c1ccc2ncnn2c1	Toll-like receptor 7	5.6	US Patent	7CYN
CC(C)c1c([nH]c2ccc(cc12)C1CCN(CC1)C1COC1)-c1cc(c2ncnn2c1)C(C)(C)O	Toll-like receptor 7	5.6	US Patent	7CYN
CC(C)c1c([nH]c2ccc(cc12)C1CCN(C)CC1)-c1cc(C)ncc1F	Toll-like receptor 7	5.6	US Patent	7CYN
CC(C)c1c([nH]c2ccc(cc12)C1CCN(CC1)C(=O)CNC1(C)CCOCC1)-c1ccnc(C)c1	Toll-like receptor 7	5.6	US Patent	7CYN
CC(C)c1c([nH]c2ccc(cc12)C1CCN(Cc2ccon2)CC1)-c1cc(C)nc(C)c1	Toll-like receptor 7	5.6	US Patent	7CYN
CC(C)c1c([nH]c2ccc(nc12)N1CCN(CC1)C(=O)CN1CCC1)-c1cn2ncnc2c(C)c1C	Toll-like receptor 7	5.6	US Patent	7CYN
CC(C)c1c([nH]c2ccc(nc12)C1CCC(CC1)NCC(=O)N(C)C)-c1cn(C)c2ncccc12	Toll-like receptor 7	5.6	US Patent	7CYN
CC(C)c1c([nH]c2ccc(nc12)N1C[C@H]2C[C@@H]1CN2CCCS(C)(=O)=O)-c1cn2ncnc2c(C)c1C	Toll-like receptor 7	5.6	US Patent	7CYN
CC(C)N1C[C@@H](C)N(C[C@@H]1C)c1ccc2[nH]c(c(C(C)C)c2n1)-c1cn2ncnc2c(C)c1C	Toll-like receptor 7	5.6	US Patent	7CYN
CC(C)c1c([nH]c2ccc(nc12)N1CCC(CC1)N(C)Cc1ncccn1)-c1cn2ncnc2c(C)c1C	Toll-like receptor 7	5.6	US Patent	7CYN
COc1cc(cn2ncnc12)-c1[nH]c2ccc(nc2c1C(C)C)N1CCN(CCC(N)=O)CC1	Toll-like receptor 7	5.6	US Patent	7CYN
CC(C)N1C[C@@H](C)N(C[C@@H]1C)c1ccc2[nH]c(c(C(C)C)c2n1)-c1cn2ncnc2c(C)c1C	Toll-like receptor 7	5.6	US Patent	7CYN
COc1cc(cn2ncnc12)-c1[nH]c2ccc(nc2c1C(C)C)N1CCN(CCC(N)=O)CC1	Toll-like receptor 7	5.6	US Patent	7CYN
CC(C)c1c([nH]c2ccc(N[C@@H]3C[C@H](C)N(CCCS(C)(=O)=O)C3)nc12)-c1cn2ncnc2c(C)c1C	Toll-like receptor 7	5.6	US Patent	7CYN
CNCC(=O)N1CCC(CC1)c1ncc2[nH]c(c(C(C)C)c2c1F)-c1cc(OC)c2ncnn2c1	Toll-like receptor 7	5.6	US Patent	7CYN
CCCN1CC2(C1)CN(C2)c1ncc2[nH]c(c(C(C)C)c2c1F)-c1cc(OC)c2ncnn2c1	Toll-like receptor 7	5.6	US Patent	7CYN
CC(C)c1c([nH]c2ccc(nc12)C1CCC(CC1)NCC(=O)N(C)C)-c1cn(C)c2ncccc12	Toll-like receptor 7	5.6	US Patent	7CYN
CC(C)c1c([nH]c2ccc(nc12)N1CCN(CC1)C(=O)CN1CCC1)-c1cn2ncnc2c(C)c1C	Toll-like receptor 7	5.6	US Patent	7CYN
CC(C)c1c([nH]c2ccc(nc12)N1CCC(CC1)N(C)Cc1ncccn1)-c1cn2ncnc2c(C)c1C	Toll-like receptor 7	5.6	US Patent	7CYN
COCCC(=O)N1CCC(CC1)c1ccc2[nH]c(c(C(C)C)c2c1)-c1cc(c2ncnn2c1)C(F)(F)F	Toll-like receptor 7	5.7	US Patent	7CYN
CC(C)c1c([nH]c2ccc(cc12)C1CCNCC1)-c1cc(N2CCOCC2)c2ncnn2c1	Toll-like receptor 7	5.7	US Patent	7CYN
CC(C)c1c([nH]c2ccc(cc12)C1CCN(CC(=O)N(C)C)CC1)-c1cc(F)c2ncnn2c1	Toll-like receptor 7	5.7	US Patent	7CYN
CC(C)c1c([nH]c2ccc(cc12)C1CCN(CC(=O)N(C)C)CC1)-c1cc(C)c2nc(nn2c1)C(F)(F)F	Toll-like receptor 7	5.7	US Patent	7CYN
CC(C)c1c([nH]c2ccc(cc12)C1CCN(Cc2cncnc2)CC1)-c1cc(CO)c2ncnn2c1	Toll-like receptor 7	5.7	US Patent	7CYN
COCCC(=O)N1CCC(CC1)c1ccc2[nH]c(c(C(C)C)c2c1)-c1cc(c2ncnn2c1)C(F)(F)F	Toll-like receptor 7	5.7	US Patent	7CYN
COc1cc(cn2ncnc12)-c1[nH]c2ccc(nc2c1C(C)C)N1CCN(CCC(=O)N(C)C)CC1	Toll-like receptor 7	5.7	US Patent	7CYN
CC(C(F)F)c1c([nH]c2ccc(cc12)C1CCNCC1)-c1cc(N2CCOCC2)c2ncnn2c1	Toll-like receptor 7	5.7	US Patent	7CYN
CC(C)c1c([nH]c2ccc(cc12)C1CCN(CC(=O)N(C)C)CC1)-c1cc(F)c2ncnn2c1	Toll-like receptor 7	5.7	US Patent	7CYN
CC(C)c1c([nH]c2ccc(nc12)C1CCC(CC1)N(C)C1COC1)-c1cn2ncnc2c(C)c1C	Toll-like receptor 7	5.7	US Patent	7CYN
CC(C)c1c([nH]c2ccc(cc12)C1CCN(CC(=O)N(C)C)CC1)-c1cc(C)c2nc(nn2c1)C(F)(F)F	Toll-like receptor 7	5.7	US Patent	7CYN
CC(C)c1c([nH]c2ccc(nc12)C1CC(C1)NC1CCOCC1)-c1cn2ncnc2c(C)c1C	Toll-like receptor 7	5.7	US Patent	7CYN
CC(C)c1c([nH]c2ccc(cc12)C1CCN(Cc2cncnc2)CC1)-c1cc(CO)c2ncnn2c1	Toll-like receptor 7	5.7	US Patent	7CYN
CC(C)c1c([nH]c2ccc(cc12)C1CCN(CC1)C(=O)Cc1cc(C)n[nH]1)-c1cc(C)nc(C)c1	Toll-like receptor 7	5.7	US Patent	7CYN
CNC(=O)C(=O)N1CCC(CC1)c1ccc2[nH]c(c(C(C)C)c2c1)-c1cc(C)nc(C)c1	Toll-like receptor 7	5.7	US Patent	7CYN
CC(C)c1c([nH]c2ccc(cc12)C1CCN(CC(=O)N2C(C)CCC2C)CC1)-c1cc(C)nc(C)c1	Toll-like receptor 7	5.7	US Patent	7CYN
CC(C)c1c([nH]c2ccc(nc12)C1CCC(CC1)N(C)C1COC1)-c1cn2ncnc2c(C)c1C	Toll-like receptor 7	5.7	US Patent	7CYN
CC(C)c1c([nH]c2ccc(nc12)C1CC(C1)NC1CCOCC1)-c1cn2ncnc2c(C)c1C	Toll-like receptor 7	5.7	US Patent	7CYN
COc1cc(cn2ncnc12)-c1[nH]c2ccc(nc2c1C(C)C)N1CCN(CCC(=O)N(C)C)CC1	Toll-like receptor 7	5.7	US Patent	7CYN
CC(C)c1c([nH]c2ccc(nc12)C1CCC(CC1)N(C)C1COC1)-c1cn2ncnc2c(C)c1C	Toll-like receptor 7	5.7	US Patent	7CYN
CC(C)c1c([nH]c2cnc(N3CCN(C[C@H]3C)C3CCOCC3)c(F)c12)-c1cn2ncnc2c(C)c1C	Toll-like receptor 7	5.7	US Patent	7CYN
COc1cc(cn2ncnc12)-c1[nH]c2ccc(nc2c1C(C)C)N1CCN(CCC(=O)N(C)C)CC1	Toll-like receptor 7	5.7	US Patent	7CYN
CC(C)c1c([nH]c2ccc(nc12)C1CC(C1)NC1CCOCC1)-c1cn2ncnc2c(C)c1C	Toll-like receptor 7	5.7	US Patent	7CYN
CCN(C)C1CCC(C1)c1cc2c(C(C)C)c([nH]c2cn1)-c1cc(OC)c2ncnn2c1	Toll-like receptor 7	5.7	US Patent	7CYN
CNCCN1CCC(CC1)c1ccc2[nH]c(c(C(C)C)c2c1)-c1ccc(OC)c(OC)c1	Toll-like receptor 7	5.7	ChEMBL	7CYN
CC(C)c1c([nH]c2ccc(cc12)C1CCN(CC1)C(=O)CN(C)C)-c1cn2nc(C)nc2cc1C	Toll-like receptor 7	5.8	US Patent	7CYN
COc1cc(cn2ncnc12)-c1[nH]c2ccc(cc2c1C(C)C)C1CCN(CC1)C(=O)CC1CCOCC1	Toll-like receptor 7	5.8	US Patent	7CYN
CC(C)c1c([nH]c2ccc(cc12)C1CCN(CC1)C(=O)C1CCN(C)CC1)-c1cc(C)c2nc(nn2c1)C(F)(F)F	Toll-like receptor 7	5.8	US Patent	7CYN
CC(C)c1c([nH]c2ccc(cc12)C1CCN(CC(=O)N2CCOCC2)CC1)-c1cc(c2ncnn2c1)C(C)(C)O	Toll-like receptor 7	5.8	US Patent	7CYN
CC(C)c1c([nH]c2ccc(cc12)C1CCN(CC1)C(=O)CN(C)C)-c1cn2nc(C)nc2cc1C	Toll-like receptor 7	5.8	US Patent	7CYN
COc1cc(cn2ncnc12)-c1[nH]c2ccc(cc2c1C(C)C)C1CCN(CC1)C(=O)CC1CCOCC1	Toll-like receptor 7	5.8	US Patent	7CYN
CC(C)c1c([nH]c2ccc(cc12)C1CCN(CC1)C(=O)C1CCN(C)CC1)-c1cc(C)c2nc(nn2c1)C(F)(F)F	Toll-like receptor 7	5.8	US Patent	7CYN
CC(C)c1c([nH]c2ccc(cc12)C1CCN(CC(=O)N2CCOCC2)CC1)-c1cc(c2ncnn2c1)C(C)(C)O	Toll-like receptor 7	5.8	US Patent	7CYN
CC(C)c1c([nH]c2ccc(nc12)C1CCC(CC1)NCC(=O)N(C)C)-c1cc(CO)c2ncnn2c1	Toll-like receptor 7	5.8	US Patent	7CYN
CCN(CCS(C)(=O)=O)C1CCC(CC1)c1nc2c(C(C)C)c([nH]c2cc1F)-c1cn2ncnc2c(C)c1C	Toll-like receptor 7	5.8	US Patent	7CYN
CC(C)CN1CCC(CC1)c1ccc2[nH]c(c(C(C)C)c2c1)-c1cc(C)ncc1C	Toll-like receptor 7	5.8	US Patent	7CYN
CC(C)CNCC(=O)N1CCC(CC1)c1ccc2[nH]c(c(C(C)C)c2c1)-c1cc(C)nc(C)c1	Toll-like receptor 7	5.8	US Patent	7CYN
CC(C)c1c([nH]c2ccc(nc12)C1CCC(CC1)NCC(=O)N(C)C)-c1cc(CO)c2ncnn2c1	Toll-like receptor 7	5.8	US Patent	7CYN
CCN(CCS(C)(=O)=O)C1CCC(CC1)c1nc2c(C(C)C)c([nH]c2cc1F)-c1cn2ncnc2c(C)c1C	Toll-like receptor 7	5.8	US Patent	7CYN
CCN(CCS(C)(=O)=O)C1CCC(CC1)c1nc2c(C(C)C)c([nH]c2cc1F)-c1cn2ncnc2c(C)c1C	Toll-like receptor 7	5.8	US Patent	7CYN
CC(C)c1c([nH]c2ccc(nc12)C1CCC(CC1)NCC(=O)N(C)C)-c1cc(CO)c2ncnn2c1	Toll-like receptor 7	5.8	US Patent	7CYN
CC(C)c1c([nH]c2ccc(cc12)C1CCN(Cc2cocn2)CC1)-c1ccc2ncnn2c1	Toll-like receptor 7	5.9	US Patent	7CYN
CC(C)c1c([nH]c2ccc(cc12)C1CCN(Cc2c(F)cc(cc2F)[N+]#[C-])CC1)-c1cc(C)c2ncnn2c1	Toll-like receptor 7	5.9	US Patent	7CYN
CC(C)N1CCN(C[C@H]1C)c1ccc2[nH]c(c(C(C)C)c2n1)-c1cn2ncnc2c(C)c1C	Toll-like receptor 7	5.9	US Patent	7CYN
CC(C)N1CCN(CC1)c1ccc2[nH]c(-c3cn(C)c4ncncc34)c(C(C)C)c2n1	Toll-like receptor 7	5.9	US Patent	7CYN
CCN(CCS(C)(=O)=O)C1CCC(CC1)c1nc2c(C(C)C)c([nH]c2cc1F)-c1cn2ncnc2c(C)c1C	Toll-like receptor 7	5.9	US Patent	7CYN
CC(C)c1c([nH]c2ccc(cc12)C1CCN(Cc2cocn2)CC1)-c1ccc2ncnn2c1	Toll-like receptor 7	5.9	US Patent	7CYN
CC(C)c1c([nH]c2ccc(cc12)C1CCN(Cc2c(F)cc(cc2F)C#N)CC1)-c1cc(C)c2ncnn2c1	Toll-like receptor 7	5.9	US Patent	7CYN
CC(C)c1c([nH]c2ccc(cc12)C1CCN(CC1)C(=O)CCN1CCOCC1)-c1cc(C)ncc1F	Toll-like receptor 7	5.9	US Patent	7CYN
CC(C)c1c([nH]c2ccc(cc12)C1CCN(CC1)C(=O)c1ccncc1)-c1cc(C)nc(C)c1	Toll-like receptor 7	5.9	US Patent	7CYN
CC(C)c1c([nH]c2ccc(cc12)C1CCN(CC1)C(=O)CN1CCCC1=O)-c1cc(C)nc(C)c1	Toll-like receptor 7	5.9	US Patent	7CYN
CC(C)c1c([nH]c2ccc(cc12)C1CCN(CC1)C(=O)CN1CCCCS1(=O)=O)-c1cc(C)nc(C)c1	Toll-like receptor 7	5.9	US Patent	7CYN
CC(C)c1c([nH]c2ccc(cc12)C1CCN(Cc2ncn(C)n2)CC1)-c1cc(C)nc(C)c1	Toll-like receptor 7	5.9	US Patent	7CYN
CC(C)c1c([nH]c2ccc(cc12)C1CCN(CC(C)(C)C)CC1)-c1cc(C)nc(C)c1	Toll-like receptor 7	5.9	US Patent	7CYN
CC(C)c1c([nH]c2ccc(cc12)C1CCN(CC(=O)N(C)C)CC1)-c1cc(C)nc(c1)C1CC1	Toll-like receptor 7	5.9	US Patent	7CYN
CC(C)N1CCN(C[C@H]1C)c1ccc2[nH]c(c(C(C)C)c2n1)-c1cn2ncnc2c(C)c1C	Toll-like receptor 7	5.9	US Patent	7CYN
CCN(CCS(C)(=O)=O)C1CCC(CC1)c1nc2c(C(C)C)c([nH]c2cc1F)-c1cn2ncnc2c(C)c1C	Toll-like receptor 7	5.9	US Patent	7CYN
CC(C)N1CCN(CC1)c1ccc2[nH]c(-c3cn(C)c4ncncc34)c(C(C)C)c2n1	Toll-like receptor 7	5.9	US Patent	7CYN
CC(C)c1c([nH]c2cnc(C3CCC(CC3)NC3(C)COC3)c(F)c12)-c1cc(C)c2ncnn2c1	Toll-like receptor 7	5.9	US Patent	7CYN
CC(C)N1CCN(CC1)c1ccc2[nH]c(-c3cn(C)c4ncncc34)c(C(C)C)c2n1	Toll-like receptor 7	5.9	US Patent	7CYN
CC(C)c1c([nH]c2cnc(N3CCN(CC4CC4)CC3)c(F)c12)-c1cn2ncnc2c(C)c1C	Toll-like receptor 7	5.9	US Patent	7CYN
CCN(CCS(C)(=O)=O)C1CCC(CC1)c1nc2c(C(C)C)c([nH]c2cc1F)-c1cn2ncnc2c(C)c1C	Toll-like receptor 7	5.9	US Patent	7CYN
CC(C)N1CCN(C[C@H]1C)c1ccc2[nH]c(c(C(C)C)c2n1)-c1cn2ncnc2c(C)c1C	Toll-like receptor 7	5.9	US Patent	7CYN
CN(C)CC(=O)N1CCC(CC1)c1ccc2[nH]c(c(CC(F)F)c2c1)-c1cc(C)c2nc(C)nn2c1	Toll-like receptor 7	6	US Patent	7CYN
COCc1cc(cn2ncnc12)-c1[nH]c2ccc(cc2c1C(C)C)C1CCN(CC(=O)N(C)C2CCOC2)CC1	Toll-like receptor 7	6	US Patent	7CYN
CC(C)c1c([nH]c2ccc(cc12)C1CCN(CC(=O)N2CCC2)CC1)-c1cn2ncnc2c(C)c1C	Toll-like receptor 7	6	US Patent	7CYN
CC(C)c1c([nH]c2ccc(cc12)C1CCN(CC1)C(=O)NCCN)-c1cn2ncnc2c(C)c1C	Toll-like receptor 7	6	US Patent	7CYN
COCc1cc(cn2ncnc12)-c1[nH]c2ccc(cc2c1C(C)C)C1CCN(CC1)C1COC1	Toll-like receptor 7	6	US Patent	7CYN
CC(C)c1c([nH]c2ccc(nc12)N1C[C@@H]2C[C@H]1CCN2CCC(=O)N(C)C)-c1cn2ncnc2c(C)c1C	Toll-like receptor 7	6	US Patent	7CYN
CC(C)c1c([nH]c2ccc(nc12)N1C[C@@H](C)N(C[C@H]1C)C(=O)CN(C)C)-c1cn2ncnc2c(C)c1C	Toll-like receptor 7	6	US Patent	7CYN
CN(C)CC(=O)N1CCC(CC1)c1ccc2[nH]c(c(CC(F)F)c2c1)-c1cc(C)c2nc(C)nn2c1	Toll-like receptor 7	6	US Patent	7CYN
COCc1cc(cn2ncnc12)-c1[nH]c2ccc(cc2c1C(C)C)C1CCN(CC(=O)N(C)C2CCOC2)CC1	Toll-like receptor 7	6	US Patent	7CYN
CC(C)c1c([nH]c2ccc(cc12)C1CCN(CC(=O)N2CCC2)CC1)-c1cn2ncnc2c(C)c1C	Toll-like receptor 7	6	US Patent	7CYN
CC(C)c1c([nH]c2ccc(cc12)C1CCN(CC1)C(=O)NCCN)-c1cn2ncnc2c(C)c1C	Toll-like receptor 7	6	US Patent	7CYN
CC(C)c1c([nH]c2ccc(nc12)C1CCC(CC1)NC1COC1)-c1cc(CO)c2ncnn2c1	Toll-like receptor 7	6	US Patent	7CYN
CC(C)c1c([nH]c2ccc(nc12)C1CCC(CC1)NCC#C)-c1cn2ncnc2c(C)c1C	Toll-like receptor 7	6	US Patent	7CYN
CCCN1CCC(CC1)c1ccc2[nH]c(c(C(C)C)c2n1)-c1cn(C)c(=O)c(Cl)c1C	Toll-like receptor 7	6	US Patent	7CYN
COCc1cc(cn2ncnc12)-c1[nH]c2ccc(cc2c1C(C)C)C1CCN(CC1)C1COC1	Toll-like receptor 7	6	US Patent	7CYN
CC(C)c1c([nH]c2ccc(cc12)C1CCN(CC1)C(=O)Cn1ccnn1)-c1cc(C)nc(C)c1	Toll-like receptor 7	6	US Patent	7CYN
CC(C)c1c([nH]c2ccc(cc12)C1CCN(CC1)C(=O)C1(N)CC1)-c1cc(C)nc(C)c1	Toll-like receptor 7	6	US Patent	7CYN
CC(C)c1c([nH]c2ccc(cc12)C1CCN(CC(=O)N(C)C2CCOC2)CC1)-c1cc(C)nc(C)c1	Toll-like receptor 7	6	US Patent	7CYN
COc1nc(C)c2nc(-c3cncc(F)c3)n(Cc3ccc([C@H]4CN5CCC4CC5)c(c3)C#N)c2n1	Toll-like receptor 7	6	US Patent	7CYN
CC(C)c1c([nH]c2ccc(nc12)N1C[C@@H]2C[C@H]1CN2CCC(=O)N(C)C)-c1cn2ncnc2c(C)c1C	Toll-like receptor 7	6	US Patent	7CYN
CC(C)c1c([nH]c2ccc(nc12)N1C[C@@H](C)N(C[C@H]1C)C(=O)CN(C)C)-c1cn2ncnc2c(C)c1C	Toll-like receptor 7	6	US Patent	7CYN
CC(C)c1c([nH]c2ccc(nc12)C1CCC(CC1)NC1COC1)-c1cc(CO)c2ncnn2c1	Toll-like receptor 7	6	US Patent	7CYN
CC(C)c1c([nH]c2ccc(nc12)C1CCC(CC1)NCC#C)-c1cn2ncnc2c(C)c1C	Toll-like receptor 7	6	US Patent	7CYN
CCCN1CCC(CC1)c1ccc2[nH]c(c(C(C)C)c2n1)-c1cn(C)c(=O)c(Cl)c1C	Toll-like receptor 7	6	US Patent	7CYN
CCCN1CCC(CC1)c1ccc2[nH]c(c(C(C)C)c2n1)-c1cn(C)c(=O)c(Cl)c1C	Toll-like receptor 7	6	US Patent	7CYN
CC(C)c1c([nH]c2ccc(cc12)-c1cc2CCN(C)Cc2s1)-c1cc(C)nc(C)c1	Toll-like receptor 7	6	US Patent	7CYN
Cn1nc(-c2ccc(OCC34CCC(N)(CC3)CC4)c(F)c2)c2cnc(N)nc12	Toll-like receptor 7	6	ChEMBL	7CYN
COc1cc(cn2ncnc12)-c1[nH]c2cnc(N3CC4(CN(CC5CC5)C4)C3)c(F)c2c1C(C)C	Toll-like receptor 7	6	US Patent	7CYN
CC(C)c1c([nH]c2ccc(nc12)C1CCC(CC1)NCC#C)-c1cn2ncnc2c(C)c1C	Toll-like receptor 7	6	US Patent	7CYN
CC(C)c1c([nH]c2ccc(nc12)N1C[C@@H](C)N(C[C@H]1C)C(=O)CN(C)C)-c1cn2ncnc2c(C)c1C	Toll-like receptor 7	6	US Patent	7CYN
C[C@@H]1CN(C[C@@H]2CN(CCc3ccc(nc3)N3C[C@@H](N)[C@@H](F)C3)CCN12)c1ccc(C#N)c2ncccc12	Toll-like receptor 7	6	ChEMBL	7CYN
CC(C)c1c([nH]c2ccc(nc12)C1CCC(CC1)NC1COC1)-c1cc(CO)c2ncnn2c1	Toll-like receptor 7	6	US Patent	7CYN
CC(C)c1c([nH]c2ccc(N[C@H]3C[C@@H](C)N(CCC(=O)N(C)C)C3)nc12)-c1cn2ncnc2c(C)c1C	Toll-like receptor 7	6	US Patent	7CYN
CN(C)CC(=O)NC12CCC(Cn3nc(C)c4CN(CCc34)c3cc(C)nc4n(C)ncc34)(CC1)CC2	Toll-like receptor 7	6	ChEMBL	7CYN
C[C@@H]1CN(C[C@H]2CN(CCN12)c1cncc2CNCCc12)c1ccc(C#N)c2ncccc12	Toll-like receptor 7	6	ChEMBL	7CYN
COc1cc(cn2ncnc12)-c1[nH]c2cnc(N3CC4(CN(C)C4)C3)c(F)c2c1C(C)C	Toll-like receptor 7	6	US Patent	7CYN
CC(C)NC1CCC(CC1)c1cc2c(C(C)C)c([nH]c2cn1)-c1cn2ncnc2c(C)c1C	Toll-like receptor 7	6	US Patent	7CYN
CC(C)c1c([nH]c2ccc(cc12)C1CCN(CC1)C(=O)CN1CCOCC1)-c1cn2ncnc2c(C)c1C	Toll-like receptor 7	6.1	US Patent	7CYN
CC(C)c1c([nH]c2ccc(nc12)C1CCC(CC1)NC1(CO)COC1)-c1cn2ncnc2c(C)c1C	Toll-like receptor 7	6.1	US Patent	7CYN
CC(C)c1c([nH]c2ccc(cc12)C1CCN(CC1)C(=O)CN1CCOCC1)-c1cn2ncnc2c(C)c1C	Toll-like receptor 7	6.1	US Patent	7CYN
CC(C)c1c([nH]c2ccc(cc12)C1CCNCC1)-c1ccnc(C)c1	Toll-like receptor 7	6.1	US Patent	7CYN
CC(C)c1c([nH]c2ccc(cc12)C1CCN(CC(=O)N(C)C2CCCCC2)CC1)-c1cc(C)nc(C)c1	Toll-like receptor 7	6.1	US Patent	7CYN
CC(C)c1c([nH]c2ccc(cc12)C1CCN(CC1)C(=O)CN(C)CC(O)c1ccccc1)-c1cc(C)nc(C)c1	Toll-like receptor 7	6.1	US Patent	7CYN
CC(C)c1c([nH]c2ccc(cc12)C1CCN(Cc2c[nH]c(C)n2)CC1)-c1cc(C)nc(C)c1	Toll-like receptor 7	6.1	US Patent	7CYN
CC(C)c1c([nH]c2ccc(nc12)C1CCC(CC1)NC1(CO)COC1)-c1cn2ncnc2c(C)c1C	Toll-like receptor 7	6.1	US Patent	7CYN
CC(C)c1c([nH]c2ccc(nc12)C1CCC(CC1)NC1(CO)COC1)-c1cn2ncnc2c(C)c1C	Toll-like receptor 7	6.1	US Patent	7CYN
CC(C)c1c([nH]c2ccc(cc12)C1CCNCC1)-c1ccnc(C)c1	Toll-like receptor 7	6.1	ChEMBL	7CYN
COc1cc(cn2nc(nc12)C(F)(F)F)-c1[nH]c2ccc(cc2c1C(C)C)C1CCN(CC1)C(=O)CN(C)C	Toll-like receptor 7	6.2	US Patent	7CYN
CC(C)c1c([nH]c2ccc(cc12)C1CCN(CC1)C(=O)CCN1CC(C)OC(C)C1)-c1cn2ncnc2c(C)c1C	Toll-like receptor 7	6.2	US Patent	7CYN
CC(C)c1c([nH]c2ccc(cc12)C1CCN(CC1)C(=O)OCC1CCNCC1)-c1cn2ncnc2c(C)c1C	Toll-like receptor 7	6.2	US Patent	7CYN
COc1cc(cn2ncnc12)-c1[nH]c2ccc(nc2c1C(C)C)C1CCC(C1)N(CC#N)CC#N	Toll-like receptor 7	6.2	US Patent	7CYN
COc1cc(cn2nc(nc12)C(F)(F)F)-c1[nH]c2ccc(cc2c1C(C)C)C1CCN(CC1)C(=O)CN(C)C	Toll-like receptor 7	6.2	US Patent	7CYN
CC(C)c1c([nH]c2ccc(cc12)C1CCN(CC1)C(=O)CCN1CC(C)OC(C)C1)-c1cn2ncnc2c(C)c1C	Toll-like receptor 7	6.2	US Patent	7CYN
CC(C)c1c([nH]c2ccc(cc12)C1CCN(CC1)C(=O)OCC1CCNCC1)-c1cn2ncnc2c(C)c1C	Toll-like receptor 7	6.2	US Patent	7CYN
CNC1CCC(CC1)c1ccc2[nH]c(-c3cn(CC#N)c4ncccc34)c(C(C)C)c2n1	Toll-like receptor 7	6.2	US Patent	7CYN
CC(C)c1c([nH]c2ccc(nc12)C1CCC(CC1)N(CC#N)CC(=O)N(C)C)-c1cn2ncnc2c(C)c1C	Toll-like receptor 7	6.2	US Patent	7CYN
CC(C)c1c([nH]c2ccc(nc12)C1CNC1)-c1cn2ncnc2c(C)c1C	Toll-like receptor 7	6.2	US Patent	7CYN
CC(C)c1c([nH]c2cc(F)c(cc12)C1CCN(CC1)C1CCOCC1)-c1cc(C)nc(C)c1	Toll-like receptor 7	6.2	US Patent	7CYN
CC(C)c1c([nH]c2cc(F)c(cc12)C1CCN(Cc2ncn(C)n2)CC1)-c1cc(C)nc(C)c1	Toll-like receptor 7	6.2	US Patent	7CYN
CC(C)c1c([nH]c2ccc(cc12)C1CCN(CC1)C(=O)c1cccnc1)-c1cc(C)nc(C)c1	Toll-like receptor 7	6.2	US Patent	7CYN
CC(C)c1c([nH]c2ccc(cc12)C1CCN(CC1)C(=O)C(C)(C)O)-c1cc(C)nc(C)c1	Toll-like receptor 7	6.2	US Patent	7CYN
CC(C)c1c([nH]c2ccc(cc12)C1CCN(CC(=O)NCC(F)(F)F)CC1)-c1cc(C)nc(C)c1	Toll-like receptor 7	6.2	US Patent	7CYN
CC(C)c1c([nH]c2ccc(cc12)C1CCN(CC(=O)NC(C)(C)C)CC1)-c1cc(C)nc(C)c1	Toll-like receptor 7	6.2	US Patent	7CYN
CC(C)c1c([nH]c2ccc(cc12)C1CCN(CC(=O)N2CCC3(COC3)CC2)CC1)-c1cc(C)nc(C)c1	Toll-like receptor 7	6.2	US Patent	7CYN
CC(C)c1c([nH]c2ccc(cc12)C1CCN(Cc2ncccn2)CC1)-c1cc(C)nc(C)c1	Toll-like receptor 7	6.2	US Patent	7CYN
CNC1CCC(CC1)c1ccc2[nH]c(-c3cn(CC#N)c4ncccc34)c(C(C)C)c2n1	Toll-like receptor 7	6.2	US Patent	7CYN
CC(C)c1c([nH]c2ccc(nc12)C1CCC(CC1)N(CC#N)CC(=O)N(C)C)-c1cn2ncnc2c(C)c1C	Toll-like receptor 7	6.2	US Patent	7CYN
CC(C)c1c([nH]c2ccc(nc12)C1CNC1)-c1cn2ncnc2c(C)c1C	Toll-like receptor 7	6.2	US Patent	7CYN
COc1cc(cn2ncnc12)-c1[nH]c2ccc(nc2c1C(C)C)C1CCC(C1)N(CC#N)CC#N	Toll-like receptor 7	6.2	US Patent	7CYN
COc1cc(cn2ncnc12)-c1[nH]c2ccc(nc2c1C(C)C)C1CCC(C1)N(CC#N)CC#N	Toll-like receptor 7	6.2	US Patent	7CYN
CC(C)c1c([nH]c2cnc(C3CCC(CC3)NCC(C)(C)O)c(F)c12)-c1cc(C)c2ncnn2c1	Toll-like receptor 7	6.2	US Patent	7CYN
CC(C)c1c([nH]c2ccc(cc12)-c1nnc(o1)C1CN2CCC1CC2)-c1cc(C)nc(C)c1	Toll-like receptor 7	6.2	US Patent	7CYN
CNC1CCC(CC1)c1ccc2[nH]c(-c3cn(CC#N)c4ncccc34)c(C(C)C)c2n1	Toll-like receptor 7	6.2	US Patent	7CYN
CC(C)c1c([nH]c2cnc(C3CCN(CC(=O)N(C)C)CC3)c(F)c12)-c1cn2ncnc2c(C)c1C	Toll-like receptor 7	6.2	US Patent	7CYN
CC(C)c1c([nH]c2ccc(nc12)C1CCC(CC1)N(CC#N)CC(=O)N(C)C)-c1cn2ncnc2c(C)c1C	Toll-like receptor 7	6.2	US Patent	7CYN
CC(C)c1c([nH]c2cnc(C3CCN(CC3)C(=O)CN(C)C)c(F)c12)-c1cc(C)nc(C)c1	Toll-like receptor 7	6.2	US Patent	7CYN
CC(C)c1c([nH]c2ccc(nc12)C1CNC1)-c1cn2ncnc2c(C)c1C	Toll-like receptor 7	6.2	US Patent	7CYN
C[C@H](O)CC(=O)N1CCC(CC1)c1ccc2[nH]c(c(CC(F)F)c2c1)-c1cc(C)c2nc(C)nn2c1	Toll-like receptor 7	6.3	US Patent	7CYN
CCN(C)C(=O)CN1CCC(CC1)c1ccc2[nH]c(c(C(C)C)c2c1)-c1cc(COC)c2ncnn2c1	Toll-like receptor 7	6.3	US Patent	7CYN
CC(C)c1c([nH]c2ccc(cc12)C1CCN(Cc2c(F)cccc2F)CC1)-c1cc(C)c2ncnn2c1	Toll-like receptor 7	6.3	US Patent	7CYN
CC(C)c1c([nH]c2ccc(cc12)C1CCN(Cc2nnn(C)n2)CC1)-c1cc(C)c2ncnn2c1	Toll-like receptor 7	6.3	US Patent	7CYN
C[C@H](O)CC(=O)N1CCC(CC1)c1ccc2[nH]c(c(CC(F)F)c2c1)-c1cc(C)c2nc(C)nn2c1	Toll-like receptor 7	6.3	US Patent	7CYN
CCN(C)C(=O)CN1CCC(CC1)c1ccc2[nH]c(c(C(C)C)c2c1)-c1cc(COC)c2ncnn2c1	Toll-like receptor 7	6.3	US Patent	7CYN
CC(C)c1c([nH]c2ccc(nc12)C1CCC(CC1)N(C)Cc1c[nH]nn1)-c1cn2ncnc2c(C)c1C	Toll-like receptor 7	6.3	US Patent	7CYN
CCN(CC)C1CCC(CC1)c1ccc2[nH]c(c(C(C)C)c2n1)-c1cn2ncnc2c(C)c1C	Toll-like receptor 7	6.3	US Patent	7CYN
CC(C)c1c([nH]c2ccc(nc12)C1CCC(CC1)N(C)CC(N)=O)-c1cn2ncnc2c(C)c1C	Toll-like receptor 7	6.3	US Patent	7CYN
CC(C)c1c([nH]c2ccc(cc12)C1CCN(Cc2c(F)cccc2F)CC1)-c1cc(C)c2ncnn2c1	Toll-like receptor 7	6.3	US Patent	7CYN
CC(C)c1c([nH]c2ccc(cc12)C1CCN(Cc2nnn(C)n2)CC1)-c1cc(C)c2ncnn2c1	Toll-like receptor 7	6.3	US Patent	7CYN
CC(C)c1c([nH]c2ccc(cc12)C1CCN(CC(=O)NC2(C)COC2)CC1)-c1cc(C)nc(C)c1	Toll-like receptor 7	6.3	US Patent	7CYN
CC(C)C[C@@H](CO)NC(=O)CN1CCC(CC1)c1ccc2[nH]c(c(C(C)C)c2c1)-c1cc(C)nc(C)c1	Toll-like receptor 7	6.3	US Patent	7CYN
CC(C)c1c([nH]c2ccc(cc12)C1CCN(Cc2nncn2C)CC1)-c1cc(C)nc(C)c1	Toll-like receptor 7	6.3	US Patent	7CYN
CC(C)c1c([nH]c2ccc(cc12)C1CCN(CC(=O)N(C)C)CC1)-c1cc(C)nc(F)c1	Toll-like receptor 7	6.3	US Patent	7CYN
CC(C)c1c([nH]c2ccc(nc12)C1CCC(CC1)N(C)Cc1c[nH]nn1)-c1cn2ncnc2c(C)c1C	Toll-like receptor 7	6.3	US Patent	7CYN
CCN(CC)C1CCC(CC1)c1ccc2[nH]c(c(C(C)C)c2n1)-c1cn2ncnc2c(C)c1C	Toll-like receptor 7	6.3	US Patent	7CYN
CC(C)c1c([nH]c2ccc(nc12)C1CCC(CC1)N(C)CC(N)=O)-c1cn2ncnc2c(C)c1C	Toll-like receptor 7	6.3	US Patent	7CYN
CC(C)c1c([nH]c2ccc(nc12)C1CCC(CC1)N(C)Cc1c[nH]nn1)-c1cn2ncnc2c(C)c1C	Toll-like receptor 7	6.3	US Patent	7CYN
CC(C)c1c([nH]c2ccc(nc12)C1CCC(CC1)N(C)CC(N)=O)-c1cn2ncnc2c(C)c1C	Toll-like receptor 7	6.3	US Patent	7CYN
CCN(CC)C1CCC(CC1)c1ccc2[nH]c(c(C(C)C)c2n1)-c1cn2ncnc2c(C)c1C	Toll-like receptor 7	6.3	US Patent	7CYN
COc1cc(cn2ncnc12)-c1[nH]c2cnc(C3CCC(CC3)N3CC4(COC4)C3)c(C)c2c1C(C)C	Toll-like receptor 7	6.3	US Patent	7CYN
CC(C)c1c([nH]c2ccc(cc12)-c1nnc(CCCN(C)C)o1)-c1cc(C)nc(C)c1	Toll-like receptor 7	6.3	US Patent	7CYN
CC(C)c1c([nH]c2ccc(cc12)C(C)(C)C(=O)N1CCCCC1CN)-c1ccnc(C)c1	Toll-like receptor 7	6.3	US Patent	7CYN
COCCN1CCN(CC1)c1ncc2[nH]c(c(C(C)C)c2c1F)-c1cn2ncnc2c(C)c1C	Toll-like receptor 7	6.3	US Patent	7CYN
CC(C)c1c([nH]c2ccc(cc12)C1CCNCC1)-c1cc(c2nc(C)nn2c1)C(F)(F)F	Toll-like receptor 7	6.4	US Patent	7CYN
CC(C)c1c([nH]c2ccc(cc12)C1CCN(CC1)C1CCS(=O)(=O)CC1)-c1cc(c2ncnn2c1)C(C)(C)O	Toll-like receptor 7	6.4	US Patent	7CYN
CC(C)c1c([nH]c2ccc(cc12)C1CCN(CC1)C1COC1)-c1cc(C(C)C)c2ncnn2c1	Toll-like receptor 7	6.4	US Patent	7CYN
CC(C)c1c([nH]c2ccc(cc12)C1CCN(CC1)C1COC1)-c1cc(C(C)C)c2ncnn2c1	Toll-like receptor 7	6.4	US Patent	7CYN
CC(C)c1c([nH]c2ccc(nc12)N1C[C@H]2C[C@@H]1CCN2C1COC1)-c1cn2ncnc2c(C)c1C	Toll-like receptor 7	6.4	US Patent	7CYN
CC(C)CN(CC(=O)N1CCN(CC1)c1ccc2[nH]c(c(C(C)C)c2n1)-c1cn2ncnc2c(C)c1C)C(C)C	Toll-like receptor 7	6.4	US Patent	7CYN
CC(C)c1c([nH]c2ccc(cc12)C1CCNCC1)-c1cc(c2nc(C)nn2c1)C(F)(F)F	Toll-like receptor 7	6.4	US Patent	7CYN
CC(C)c1c([nH]c2ccc(nc12)C1CCC(CC1)N(C)C(C)=O)-c1cn2ncnc2c(C)c1C	Toll-like receptor 7	6.4	US Patent	7CYN
CC(C)c1c([nH]c2ccc(nc12)C1CN(CC(C)(C)O)C1)-c1cn2ncnc2c(C)c1C	Toll-like receptor 7	6.4	US Patent	7CYN
CC(C)c1c([nH]c2ccc(cc12)C1CCN(CC1)C1CCS(=O)(=O)CC1)-c1cc(c2ncnn2c1)C(C)(C)O	Toll-like receptor 7	6.4	US Patent	7CYN
CC(C)c1c([nH]c2ccc(cc12)C1CCN(CC(=O)N2CC(O)C2)CC1)-c1ccnc(C)c1	Toll-like receptor 7	6.4	US Patent	7CYN
CC(C)c1c([nH]c2ccc(cc12)C1CCN(CC(=O)N2CCCCC2)CC1)-c1cc(C)nc(C)c1	Toll-like receptor 7	6.4	US Patent	7CYN
CC(C)c1c([nH]c2ccc(cc12)C1CCN(CC(=O)N2CCCCC2C)CC1)-c1cc(C)nc(C)c1	Toll-like receptor 7	6.4	US Patent	7CYN
CC(C)c1c([nH]c2ccc(nc12)N1C[C@H]2C[C@@H]1CN2C1COC1)-c1cn2ncnc2c(C)c1C	Toll-like receptor 7	6.4	US Patent	7CYN
CC(C)c1c([nH]c2ccc(nc12)C1CCC(CC1)N(C)C(C)=O)-c1cn2ncnc2c(C)c1C	Toll-like receptor 7	6.4	US Patent	7CYN
CC(C)CN(CC(=O)N1CCN(CC1)c1ccc2[nH]c(c(C(C)C)c2n1)-c1cn2ncnc2c(C)c1C)C(C)C	Toll-like receptor 7	6.4	US Patent	7CYN
CC(C)c1c([nH]c2ccc(nc12)C1CN(CC(C)(C)O)C1)-c1cn2ncnc2c(C)c1C	Toll-like receptor 7	6.4	US Patent	7CYN
COc1cc(cn2ncnc12)-c1[nH]c2cnc(N3CCN(CC(=O)N(C)C)CC3)c(C)c2c1C(C)C	Toll-like receptor 7	6.4	US Patent	7CYN
CC(C)c1c([nH]c2ccc(cc12)-c1cc2CCN(Cc2s1)C(=O)CN(C)C)-c1cc(C)nc(C)c1	Toll-like receptor 7	6.4	US Patent	7CYN
CC(C)c1c([nH]c2ccc(nc12)C1CCC(CC1)N(C)C(C)=O)-c1cn2ncnc2c(C)c1C	Toll-like receptor 7	6.4	US Patent	7CYN
CC(C)c1c([nH]c2ccc(cc12)-c1nc2CCN(Cc2s1)C(C)=O)-c1cc(C)nc(C)c1	Toll-like receptor 7	6.4	US Patent	7CYN
CC(C)c1c([nH]c2ccc(nc12)C1CN(CC(C)(C)O)C1)-c1cn2ncnc2c(C)c1C	Toll-like receptor 7	6.4	US Patent	7CYN
CC(C)c1c([nH]c2ccc(N[C@@H]3C[C@H](C)N(C3)C3COC3)nc12)-c1cn2ncnc2c(C)c1C	Toll-like receptor 7	6.4	US Patent	7CYN
CC(C)CN(CC(=O)N1CCN(CC1)c1ccc2[nH]c(c(C(C)C)c2n1)-c1cn2ncnc2c(C)c1C)C(C)C	Toll-like receptor 7	6.4	US Patent	7CYN
CNCC(=O)N1CCC(CC1)c1ncc2[nH]c(c(C(C)C)c2c1F)-c1cc(C)c2ncnn2c1	Toll-like receptor 7	6.4	US Patent	7CYN
CC(C)c1c([nH]c2ccc(cc12)C1CCN(CC[N+]#[C-])CC1)-c1cn2ncnc2cc1C	Toll-like receptor 7	6.5	US Patent	7CYN
CC(C)c1c([nH]c2ccc(cc12)C1CCN(CCNS(C)(=O)=O)CC1)-c1cn2ncnc2cc1C	Toll-like receptor 7	6.5	US Patent	7CYN
CC(C)c1c([nH]c2ccc(cc12)C1CCN(CCC(F)(F)F)CC1)-c1cn2ncnc2c(C)c1C	Toll-like receptor 7	6.5	US Patent	7CYN
CC(C)c1c([nH]c2ccc(cc12)C1CCN(CCN2CCCS2(=O)=O)CC1)-c1cc(c2ncnn2c1)C(C)(C)O	Toll-like receptor 7	6.5	US Patent	7CYN
CCc1c([nH]c2ccc(cc12)C1CCN(CC1)C1COC1)-c1cc(OC)c2ncnn2c1	Toll-like receptor 7	6.5	US Patent	7CYN
COc1cc(cn2ncnc12)-c1[nH]c2ccc(nc2c1C(C)C)C1CCC(C1)N(CC(=O)N(C)C)CC(=O)N(C)C	Toll-like receptor 7	6.5	US Patent	7CYN
CCc1c([nH]c2ccc(cc12)C1CCN(CC1)C1COC1)-c1cc(OC)c2ncnn2c1	Toll-like receptor 7	6.5	US Patent	7CYN
CC(C)c1c([nH]c2ccc(nc12)N1CCN(CC1)C(=O)CN1CC2(C1)CS(=O)(=O)C2)-c1cn2ncnc2c(C)c1C	Toll-like receptor 7	6.5	US Patent	7CYN
CC(C)c1c([nH]c2ccc(nc12)N1CC(C1)NC1CCOCC1)-c1cn(C)c2ncccc12	Toll-like receptor 7	6.5	US Patent	7CYN
CC(C)c1c([nH]c2ccc(cc12)C1CCN(CCC#N)CC1)-c1cn2ncnc2cc1C	Toll-like receptor 7	6.5	US Patent	7CYN
CC(C)c1c([nH]c2ccc(cc12)C1CCN(CCNS(C)(=O)=O)CC1)-c1cn2ncnc2cc1C	Toll-like receptor 7	6.5	US Patent	7CYN
COc1cc(cn2ncnc12)-c1[nH]c2ccc(CCC3CN(CC(C)(C)O)C3)nc2c1C(C)C	Toll-like receptor 7	6.5	US Patent	7CYN
CC(C)c1c([nH]c2ccc(cc12)C1CCN(CCC(F)(F)F)CC1)-c1cn2ncnc2c(C)c1C	Toll-like receptor 7	6.5	US Patent	7CYN
CC(C)c1c([nH]c2ccc(cc12)C1CCN(CCN2CCCS2(=O)=O)CC1)-c1cc(c2ncnn2c1)C(C)(C)O	Toll-like receptor 7	6.5	US Patent	7CYN
CC(C)N1CCC(CC1)N1CCC(CC1)c1ccc2[nH]c(c(C(C)C)c2c1)-c1ccnc(C)c1	Toll-like receptor 7	6.5	US Patent	7CYN
CC(C)c1c([nH]c2ccc(cc12)C1CCN(CC2CCN(C)CC2)CC1)-c1ccnc(C)c1	Toll-like receptor 7	6.5	US Patent	7CYN
CC(C)N1CCC(CC1)N1CCC(CC1)c1cc2c(C(C)C)c([nH]c2cc1F)-c1ccnc(C)c1	Toll-like receptor 7	6.5	US Patent	7CYN
CC(C)c1c([nH]c2ccc(cc12)C1CCN(CC1)C(=O)c1conc1C)-c1cc(C)nc(C)c1	Toll-like receptor 7	6.5	US Patent	7CYN
CC(C)c1c([nH]c2ccc(cc12)C1CCN(CC1)C(=O)CNCC1(C)CC1)-c1ccnc(C)c1	Toll-like receptor 7	6.5	US Patent	7CYN
CC(O)CNCC(=O)N1CCC(CC1)c1ccc2[nH]c(c(C(C)C)c2c1)-c1ccnc(C)c1	Toll-like receptor 7	6.5	US Patent	7CYN
CC(C)c1c([nH]c2ccc(cc12)C1CCN(CC2CCNC2)CC1)-c1cc(C)nc(C)c1	Toll-like receptor 7	6.5	US Patent	7CYN
CC(C)c1c([nH]c2ccc(nc12)N1CCN(CC1)C(=O)CN1CC2(C1)CS(=O)(=O)C2)-c1cn2ncnc2c(C)c1C	Toll-like receptor 7	6.5	US Patent	7CYN
CC(C)c1c([nH]c2ccc(nc12)N1CC(C1)NC1CCOCC1)-c1cn(C)c2ncccc12	Toll-like receptor 7	6.5	US Patent	7CYN
COc1cc(cn2ncnc12)-c1[nH]c2ccc(CCC3CN(CC(C)(C)O)C3)nc2c1C(C)C	Toll-like receptor 7	6.5	US Patent	7CYN
COc1cc(cn2ncnc12)-c1[nH]c2ccc(nc2c1C(C)C)C1CCC(C1)N(CC(=O)N(C)C)CC(=O)N(C)C	Toll-like receptor 7	6.5	US Patent	7CYN
COC1C=C(C=[N]2N=CN=C12)c1[nH]c2ccc(CCC3CN(CC(C)(C)O)C3)nc2c1C(C)C	Toll-like receptor 7	6.5	US Patent	7CYN
[2H]c1ccc2c(ccc(C#N)c2n1)N1C[C@H]2N(Cc3nc(ccc23)N2CCC3(CNC3)C2)[C@H](C)C1	Toll-like receptor 7	6.5	ChEMBL	7CYN
COc1cc(cn2ncnc12)-c1[nH]c2ccc(nc2c1C(C)C)C1CCC(C1)N(CC(=O)N(C)C)CC(=O)N(C)C	Toll-like receptor 7	6.5	US Patent	7CYN
CC(C)c1c([nH]c2ccc(nc12)N1CC(C1)NC1CCOCC1)-c1cn(C)c2ncccc12	Toll-like receptor 7	6.5	US Patent	7CYN
CC(C)c1c([nH]c2cnc(C3CCNCC3)c(F)c12)-c1cn2ncnc2c(C)c1C	Toll-like receptor 7	6.5	US Patent	7CYN
CC(C)c1c([nH]c2ccc(nc12)N1CCN(CC1)C(=O)CN1CC2(C1)CS(=O)(=O)C2)-c1cn2ncnc2c(C)c1C	Toll-like receptor 7	6.5	US Patent	7CYN
COc1cc(cn2ncnc12)-c1[nH]c2cnc(C3CCC(CC3)NC[C@@H](F)C(C)(C)O)c(C)c2c1C(C)C	Toll-like receptor 7	6.5	US Patent	7CYN
CNCC(=O)N1CCC(CC1)c1ccc2[nH]c(c(C(C)C)c2c1)-c1cc(C)c2nc(nn2c1)C(F)(F)F	Toll-like receptor 7	6.6	US Patent	7CYN
C[C@@H](O)CC(=O)N1CCC(CC1)c1ccc2[nH]c(c(CC(F)F)c2c1)-c1cc(C)c2ncnn2c1	Toll-like receptor 7	6.6	US Patent	7CYN
CC(C)c1c([nH]c2ccc(cc12)C1CCN(CC(=O)N(C)CCO)CC1)-c1cn2ncnc2cc1C	Toll-like receptor 7	6.6	US Patent	7CYN
CNC(=O)CN1CCC(CC1)c1ccc2[nH]c(c(C(C)C)c2c1)-c1ccc2ncnn2c1	Toll-like receptor 7	6.6	US Patent	7CYN
CC(C)CN(C)CC(=O)N1CCN(CC1)c1ccc2[nH]c(c(C(C)C)c2n1)-c1cn2ncnc2c(C)c1C	Toll-like receptor 7	6.6	US Patent	7CYN
CNCC(=O)N1CCC(CC1)c1ccc2[nH]c(c(C(C)C)c2c1)-c1cc(C)c2nc(nn2c1)C(F)(F)F	Toll-like receptor 7	6.6	US Patent	7CYN
C[C@@H](O)CC(=O)N1CCC(CC1)c1ccc2[nH]c(c(CC(F)F)c2c1)-c1cc(C)c2ncnn2c1	Toll-like receptor 7	6.6	US Patent	7CYN
CC(C)c1c([nH]c2ccc(cc12)C1CCN(CC(=O)N(C)CCO)CC1)-c1cn2ncnc2cc1C	Toll-like receptor 7	6.6	US Patent	7CYN
COc1cc(cn2ncnc12)-c1[nH]c2cc(C)c(nc2c1C(C)C)C1CCC(CC1)NCC(F)F	Toll-like receptor 7	6.6	US Patent	7CYN
CNC(=O)CN1CCC(CC1)c1ccc2[nH]c(c(C(C)C)c2c1)-c1ccc2ncnn2c1	Toll-like receptor 7	6.6	US Patent	7CYN
CC(C)c1c([nH]c2ccc(cc12)C1CCN(CC1)C(=O)CCO)-c1cc(C)nc(C)c1	Toll-like receptor 7	6.6	US Patent	7CYN
CC(C)c1c([nH]c2ccc(cc12)C1CCN(CCC#N)CC1)-c1cc(C)nc(C)c1	Toll-like receptor 7	6.6	US Patent	7CYN
CCc1c([nH]c2ccc(cc12)C1CCN(CC1)C(=O)CNC)-c1cc(C)nc(C)c1	Toll-like receptor 7	6.6	US Patent	7CYN
COc1cc(cn2ncnc12)-c1[nH]c2cc(C)c(nc2c1C(C)C)C1CCC(CC1)NCC(F)F	Toll-like receptor 7	6.6	US Patent	7CYN
CC(C)CN(C)CC(=O)N1CCN(CC1)c1ccc2[nH]c(c(C(C)C)c2n1)-c1cn2ncnc2c(C)c1C	Toll-like receptor 7	6.6	US Patent	7CYN
COc1cc(cn2ncnc12)-c1[nH]c2cc(C)c(nc2c1C(C)C)C1CCC(CC1)NCC(F)F	Toll-like receptor 7	6.6	US Patent	7CYN
CC(C)c1c([nH]c2cnc(C3CCC(CC3)NCC3(C)COC3)c(C)c12)-c1cn2ncnc2c(C)c1C	Toll-like receptor 7	6.6	US Patent	7CYN
CC(C)c1c([nH]c2ccc(cc12)-c1cn2cc(C)nc2cc1C)-c1cc(C)nc(C)c1	Toll-like receptor 7	6.6	US Patent	7CYN
CC(C)c1c([nH]c2ccc(cc12)-c1nnc(o1)C(=O)NCCN(C)C)-c1cc(C)nc(C)c1	Toll-like receptor 7	6.6	US Patent	7CYN
CC(C)CN(C)CC(=O)N1CCN(CC1)c1ccc2[nH]c(c(C(C)C)c2n1)-c1cn2ncnc2c(C)c1C	Toll-like receptor 7	6.6	US Patent	7CYN
COCc1cc(cn2ncnc12)-c1[nH]c2ccc(cc2c1C(C)C)C1CCN(CC(=O)N(C)[C@H]2CCOC2)CC1	Toll-like receptor 7	6.7	US Patent	7CYN
COCc1cc(cn2ncnc12)-c1[nH]c2ccc(cc2c1C(C)C)C1CCN(CC(=O)N2CCC(F)(F)CC2)CC1	Toll-like receptor 7	6.7	US Patent	7CYN
CC(C)c1c([nH]c2ccc(cc12)C1CCN(Cc2c[nH]nc2C)CC1)-c1ccc2ncnn2c1	Toll-like receptor 7	6.7	US Patent	7CYN
CC(C)c1c([nH]c2ccc(nc12)N1CC2CCC(C1)N2)-c1cn2ncnc2c(C)c1C	Toll-like receptor 7	6.7	US Patent	7CYN
COCc1cc(cn2ncnc12)-c1[nH]c2ccc(cc2c1C(C)C)C1CCN(CC(=O)N(C)[C@H]2CCOC2)CC1	Toll-like receptor 7	6.7	US Patent	7CYN
COCc1cc(cn2ncnc12)-c1[nH]c2ccc(cc2c1C(C)C)C1CCN(CC(=O)N2CCC(F)(F)CC2)CC1	Toll-like receptor 7	6.7	US Patent	7CYN
COc1cc(cn2ncnc12)-c1[nH]c2ccc(nc2c1C(C)C)N1CCN(Cc2cn(C)nn2)CC1	Toll-like receptor 7	6.7	US Patent	7CYN
CC(C)c1c([nH]c2ccc(nc12)C1CCC(CC1)NC1COC1)-c1cc(CO)c2ncnn2c1	Toll-like receptor 7	6.7	US Patent	7CYN
CC(C)c1c([nH]c2ccc(cc12)C1CCN(Cc2c[nH]nc2C)CC1)-c1ccc2ncnn2c1	Toll-like receptor 7	6.7	US Patent	7CYN
CC(C)c1c([nH]c2ccc(nc12)C1CN(C1)C(=O)CN(C)C)-c1cn2ncnc2c(C)c1C	Toll-like receptor 7	6.7	US Patent	7CYN
CC(C)c1c([nH]c2ccc(cc12)C1CCN(CC1)C1CCOC1)-c1cc(C)ncc1C	Toll-like receptor 7	6.7	US Patent	7CYN
CC(C)c1c([nH]c2ccc(cc12)C1CCN(CC1)C(=O)CC1N(C)C(=O)N(C)C1=O)-c1cc(C)nc(C)c1	Toll-like receptor 7	6.7	US Patent	7CYN
CC(C)c1c([nH]c2ccc(cc12)C1CCN(CC1)C(=O)CN(C)C1CCS(=O)(=O)C1)-c1cc(C)nc(C)c1	Toll-like receptor 7	6.7	US Patent	7CYN
CC(C)c1c([nH]c2ccc(cc12)C1CCN(CC(=O)NCC#N)CC1)-c1cc(C)nc(C)c1	Toll-like receptor 7	6.7	US Patent	7CYN
CC(C)c1c([nH]c2ccc(cc12)C1CCN(CC1)C(=O)CNCC(C)(C)C)-c1cc(C)nc(C)c1	Toll-like receptor 7	6.7	US Patent	7CYN
CC(C)c1c([nH]c2ccc(nc12)C1CCC(CC1)NC1COC1)-c1cc(CO)c2ncnn2c1	Toll-like receptor 7	6.7	US Patent	7CYN
CC(C)c1c([nH]c2ccc(nc12)N1CC2CCC(C1)N2)-c1cn2ncnc2c(C)c1C	Toll-like receptor 7	6.7	US Patent	7CYN
CC(C)c1c([nH]c2ccc(nc12)C1CN(C1)C(=O)CN(C)C)-c1cn2ncnc2c(C)c1C	Toll-like receptor 7	6.7	US Patent	7CYN
COc1cc(cn2ncnc12)-c1[nH]c2ccc(nc2c1C(C)C)N1CCN(Cc2cn(C)nn2)CC1	Toll-like receptor 7	6.7	US Patent	7CYN
CC(C)N1CCN(CC1)c1ncc2[nH]c(c(C(C)C)c2c1F)-c1cn2ncnc2c(C)c1C	Toll-like receptor 7	6.7	US Patent	7CYN
CC(C)c1c([nH]c2ccc(nc12)N1CC2CCC(C1)N2)-c1cn2ncnc2c(C)c1C	Toll-like receptor 7	6.7	US Patent	7CYN
CC(C)c1c([nH]c2ccc(nc12)C1CCC(CC1)NC1COC1)-c1cc(CO)c2ncnn2c1	Toll-like receptor 7	6.7	US Patent	7CYN
CC(C)c1c([nH]c2ccc(cc12)-c1ccc(nc1)N1CCC(CC1)N(C)C)-c1cc(C)nc(C)c1	Toll-like receptor 7	6.7	US Patent	7CYN
CC(C)c1c([nH]c2ccc(nc12)C1CN(C1)C(=O)CN(C)C)-c1cn2ncnc2c(C)c1C	Toll-like receptor 7	6.7	US Patent	7CYN
COc1cc(cn2ncnc12)-c1[nH]c2ccc(nc2c1C(C)C)N1CCN(Cc2cn(C)nn2)CC1	Toll-like receptor 7	6.7	US Patent	7CYN
COc1cc(cn2nc(nc12)C(F)(F)F)-c1[nH]c2ccc(cc2c1C(C)C)C1CCN(CC(=O)N(C)C)CC1	Toll-like receptor 7	6.8	US Patent	7CYN
COc1ncc(CN2CCC(CC2)c2ccc3[nH]c(c(C(C)C)c3c2)-c2ccc3ncnn3c2)cn1	Toll-like receptor 7	6.8	US Patent	7CYN
COc1cc(cn2nc(nc12)C(F)(F)F)-c1[nH]c2ccc(cc2c1C(C)C)C1CCN(CC(=O)N(C)C)CC1	Toll-like receptor 7	6.8	US Patent	7CYN
COc1ncc(CN2CCC(CC2)c2ccc3[nH]c(c(C(C)C)c3c2)-c2ccc3ncnn3c2)cn1	Toll-like receptor 7	6.8	US Patent	7CYN
CC(C)CNC(=O)CN1CCC(CC1)c1ccc2[nH]c(c(C(C)C)c2c1)-c1cc(C)nc(C)c1	Toll-like receptor 7	6.8	US Patent	7CYN
CCN(CC(=O)N(C)C)C1CCC(CC1)c1ccc2[nH]c(c(C(C)C)c2n1)-c1cn2ncnc2c(C)c1C	Toll-like receptor 7	6.9	US Patent	7CYN
CC(C)c1c([nH]c2ccc(cc12)C1CCN(CC1)C(=O)c1c(C)noc1C)-c1cc(C)nc(C)c1	Toll-like receptor 7	6.9	US Patent	7CYN
CC(C)c1c([nH]c2ccc(cc12)C1CCN(CC(=O)NCC2(C)CC2)CC1)-c1cc(C)nc(C)c1	Toll-like receptor 7	6.9	US Patent	7CYN
CCN(CC(=O)N(C)C)C1CCC(CC1)c1ccc2[nH]c(c(C(C)C)c2n1)-c1cn2ncnc2c(C)c1C	Toll-like receptor 7	6.9	US Patent	7CYN
CCN(CC(=O)N(C)C)C1CCC(CC1)c1ccc2[nH]c(c(C(C)C)c2n1)-c1cn2ncnc2c(C)c1C	Toll-like receptor 7	6.9	US Patent	7CYN
CC(C)c1c([nH]c2cnc(C3CCC(CC3)NC3COC3)c(F)c12)-c1cn2ncnc2c(C)c1C	Toll-like receptor 7	6.9	US Patent	7CYN
CC(C)c1c([nH]c2ccc(cc12)C1CCNCC1)-c1cn2ncnc2c(CO)c1C	Toll-like receptor 7	7	US Patent	7CYN
CC(C)c1c([nH]c2ccc(cc12)C1CCNCC1)-c1cc(NCc2ccccc2)c2ncnn2c1	Toll-like receptor 7	7	US Patent	7CYN
CC(C)c1c([nH]c2ccc(cc12)C1CCNCC1)-c1cn2ncnc2c(CO)c1C	Toll-like receptor 7	7	US Patent	7CYN
CC(C)c1c([nH]c2ccc(cc12)C1CCNCC1)-c1cc(NCc2ccccc2)c2ncnn2c1	Toll-like receptor 7	7	US Patent	7CYN
CC(C)c1c([nH]c2ccc(nc12)C1CC(C1)N(C)CCS(C)(=O)=O)-c1cn2ncnc2c(C)c1C	Toll-like receptor 7	7	US Patent	7CYN
CC(C)c1c([nH]c2ccc(cc12)C1CCN(Cc2c[nH]nn2)CC1)-c1cc(C)ncc1F	Toll-like receptor 7	7	US Patent	7CYN
CC(C)c1c([nH]c2ccc(cc12)C1CCN(CC1)C(=O)[C@@H]1CC(F)(F)CN1)-c1cc(C)nc(C)c1	Toll-like receptor 7	7	US Patent	7CYN
CC(C)c1c([nH]c2ccc(cc12)C1CCN(CC1)C(=O)CN(CCO)Cc1ccc(F)cc1)-c1cc(C)nc(C)c1	Toll-like receptor 7	7	US Patent	7CYN
CC(C)N1CCC(CN2CCC(CC2)c2ccc3[nH]c(c(C(C)C)c3c2)-c2cc(C)nc(C)c2)C1	Toll-like receptor 7	7	US Patent	7CYN
CCOc1nc(C)c2nc(-c3cncc(F)c3)n(Cc3ccc(cc3)C3CN4CCC3CC4)c2n1	Toll-like receptor 7	7	US Patent	7CYN
COc1nc(C)c2nc(-c3cccnc3)n(Cc3ccc(cc3F)C3CN4CCC3CC4)c2n1	Toll-like receptor 7	7	US Patent	7CYN
CCOc1nc(C)c2nc(-c3cncc(F)c3)n(Cc3ccc(C4CN5CCC4CC5)c(c3)C#N)c2n1	Toll-like receptor 7	7	US Patent	7CYN
COc1nc(C)c2nc(-c3cncc(F)c3)n(Cc3ccc(C4CN5CCC4CC5)c(c3)C#N)c2n1	Toll-like receptor 7	7	US Patent	7CYN
COc1nc(C)c2nc(-c3cncc(F)c3)n(Cc3ccc(C4CN5CCC4CC5)c(F)c3)c2n1	Toll-like receptor 7	7	US Patent	7CYN
CCOc1nc(C)c2nc(-c3cncc(F)c3)n(Cc3ccc(CN4C[C@@H]5C[C@H]4CN5CC)cc3)c2n1	Toll-like receptor 7	7	US Patent	7CYN
CC(C)c1c([nH]c2ccc(nc12)C1CC(C1)N(C)CCS(C)(=O)=O)-c1cn2ncnc2c(C)c1C	Toll-like receptor 7	7	US Patent	7CYN
CCN(C)C1CCC(C1)c1cc2c(C(C)C)c([nH]c2cn1)-c1cc(OC)c2ncnn2c1	Toll-like receptor 7	7	US Patent	7CYN
[2H]c1ccc2c(ccc(C#N)c2n1)N1C[C@H](C)N2CCN(CC2C1)c1ncc(cc1C)N1CCOC[C@H](N)C1	Toll-like receptor 7	7	ChEMBL	7CYN
Cc1cc(cc(C)n1)-c1cc2[nH]nc(N[C@@H]3CCNC[C@H]3F)c2cc1C1CC1	Toll-like receptor 7	7	ChEMBL	7CYN
COc1cc(cn2ncnc12)-c1[nH]c2cnc(cc2c1C(C)C)C1CCC(C1)NC1COC1	Toll-like receptor 7	7	US Patent	7CYN
CC(C)c1c([nH]c2ccc(nc12)C1CC(C1)N(C)CCS(C)(=O)=O)-c1cn2ncnc2c(C)c1C	Toll-like receptor 7	7	US Patent	7CYN
C[C@@H]1CN(C[C@@H]2CN(CCN12)c1cccc2CNCCc12)c1ccc(C#N)c2ncccc12	Toll-like receptor 7	7	ChEMBL	7CYN
CNC12CCC(Cn3nc(C)c4CN(CCc34)c3cc(C)nc4n(C)ncc34)(CC1)CC2	Toll-like receptor 7	7	ChEMBL	7CYN
CNC(=O)CN1CCC(CC1)c1cc2c(C(C)C)c([nH]c2cn1)-c1cc(OC)c2ncnn2c1	Toll-like receptor 7	7	US Patent	7CYN
Cc1nn(CC23CCC(CC2)(CC3)NC(=O)[C@@H]2COCCN2)c2CCN(Cc12)c1cc(C)nc2n(C)ncc12	Toll-like receptor 7	7	ChEMBL	7CYN
CC(C)c1c([nH]c2ccc(cc12)C1CCN(CC1)C1COC1)-c1cc(C)c2ncnn2c1C	Toll-like receptor 7	7.1	US Patent	7CYN
CC(C)c1c([nH]c2ccc(cc12)C1CCN(CC1)C1CCOCC1)-c1cc(c2ncnn2c1)C(C)(C)O	Toll-like receptor 7	7.1	US Patent	7CYN
CC(C)c1c([nH]c2ccc(nc12)C1CCC(CC1)NC1(C)COC1)-c1cn2ncnc2c(C)c1C	Toll-like receptor 7	7.1	US Patent	7CYN
CNC(=O)CN1CCC(CC1)c1ccc2[nH]c(c(C(C)C)c2n1)-c1cc(C)c(=O)n(C)c1	Toll-like receptor 7	7.1	US Patent	7CYN
CC(C)c1c([nH]c2ccc(cc12)C1CCN(CC1)C1COC1)-c1cc(C)c2ncnn2c1C	Toll-like receptor 7	7.1	US Patent	7CYN
CC(C)c1c([nH]c2ccc(cc12)C1CCN(CC1)C1CCOCC1)-c1cc(c2ncnn2c1)C(C)(C)O	Toll-like receptor 7	7.1	US Patent	7CYN
CC(C)c1c([nH]c2ccc(cc12)C1CCN(CC1)C(=O)CN1C(=O)CN(C)C1=O)-c1cc(C)nc(C)c1	Toll-like receptor 7	7.1	US Patent	7CYN
CC(C)c1c([nH]c2ccc(cc12)C1CCN(CC(=O)NC2CCC2)CC1)-c1cc(C)nc(C)c1	Toll-like receptor 7	7.1	US Patent	7CYN
CC(C)c1c([nH]c2ccc(cc12)C1CCN(CC1)C(=O)CN(C)C(C)(C)C)-c1cc(C)nc(C)c1	Toll-like receptor 7	7.1	US Patent	7CYN
CC(C)c1c([nH]c2ccc(cc12)C1CCN(CC1)C(=O)CCN(C)C)-c1ccnc(C)c1	Toll-like receptor 7	7.1	US Patent	7CYN
CC(C)c1c([nH]c2ccc(nc12)C1CCC(CC1)NC1(C)COC1)-c1cn2ncnc2c(C)c1C	Toll-like receptor 7	7.1	US Patent	7CYN
CNC(=O)CN1CCC(CC1)c1ccc2[nH]c(c(C(C)C)c2n1)-c1cc(C)c(=O)n(C)c1	Toll-like receptor 7	7.1	US Patent	7CYN
CC(C)c1c([nH]c2ccc(nc12)C1CCC(CC1)NC1(C)COC1)-c1cn2ncnc2c(C)c1C	Toll-like receptor 7	7.1	US Patent	7CYN
CC(C)c1c([nH]c2cnc(cc12)C1CCC(CC1)NC1CCOC1)-c1cn2ncnc2c(C)c1C	Toll-like receptor 7	7.1	US Patent	7CYN
CNC(=O)CN1CCC(CC1)c1ccc2[nH]c(c(C(C)C)c2n1)-c1cc(C)c(=O)n(C)c1	Toll-like receptor 7	7.1	US Patent	7CYN
CC(C)c1c([nH]c2ccc(cc12)-c1ccnc(c1)N1CCN(C)CC1)-c1cc(C)nc(C)c1	Toll-like receptor 7	7.1	US Patent	7CYN
COc1cc(cn2ncnc12)-c1[nH]c2cnc(N3CCN(C[C@H]3C)C(=O)CN(C)C)c(F)c2c1C(C)C	Toll-like receptor 7	7.1	US Patent	7CYN
CC(C)c1c([nH]c2ccc(nc12)N1C[C@H](C)N(CCCS(C)(=O)=O)C[C@H]1C)-c1cn2ncnc2c(C)c1C	Toll-like receptor 7	7.2	US Patent	7CYN
CC(C)c1c([nH]c2ccc(nc12)N1CCN(CC1)C(=O)CN1CCOCC1(C)C)-c1cn2ncnc2c(C)c1C	Toll-like receptor 7	7.2	US Patent	7CYN
CCN(C1COC1)C1CCC(CC1)c1ccc2[nH]c(c(C(C)C)c2n1)-c1cn2ncnc2c(C)c1C	Toll-like receptor 7	7.2	US Patent	7CYN
CC(C)c1c([nH]c2ccc(nc12)C1CCC(CC1)N(C)C1CC1)-c1cn2ncnc2c(C)c1C	Toll-like receptor 7	7.2	US Patent	7CYN
CC(C)c1c([nH]c2ccc(nc12)C1CCC(CC1)N1CCCC1)-c1cn2ncnc2c(C)c1C	Toll-like receptor 7	7.2	US Patent	7CYN
CC(C)c1c([nH]c2ccc(cc12)C1CCNCC1)-c1cc(F)ncc1C	Toll-like receptor 7	7.2	US Patent	7CYN
CC(C)c1c([nH]c2ccc(cc12)C1CCNCC1)-c1cc(C)nc(C)c1C	Toll-like receptor 7	7.2	US Patent	7CYN
CC(C)c1c([nH]c2ccc(cc12)C1CCN(CC1)C(=O)CN)-c1cc(C)nc(C)c1	Toll-like receptor 7	7.2	US Patent	7CYN
CC(C)c1c([nH]c2ccc(nc12)C1CCC(CC1)N(C)C1CC1)-c1cn2ncnc2c(C)c1C	Toll-like receptor 7	7.2	US Patent	7CYN
CC(C)c1c([nH]c2ccc(nc12)C1CCC(CC1)N1CCCC1)-c1cn2ncnc2c(C)c1C	Toll-like receptor 7	7.2	US Patent	7CYN
CC(C)c1c([nH]c2ccc(nc12)N1C[C@H](C)N(CCCS(C)(=O)=O)C[C@H]1C)-c1cn2ncnc2c(C)c1C	Toll-like receptor 7	7.2	US Patent	7CYN
CC(C)c1c([nH]c2ccc(nc12)N1CCN(CC1)C(=O)CN1CCOCC1(C)C)-c1cn2ncnc2c(C)c1C	Toll-like receptor 7	7.2	US Patent	7CYN
CCN(C1COC1)C1CCC(CC1)c1ccc2[nH]c(c(C(C)C)c2n1)-c1cn2ncnc2c(C)c1C	Toll-like receptor 7	7.2	US Patent	7CYN
CC(C)c1c([nH]c2ccc(cc12)C1CCNCC1)-c1cc(C)nc(C)c1C	Toll-like receptor 7	7.2	ChEMBL	7CYN
CC(C)c1c([nH]c2ccc(nc12)N1C[C@H](C)N(CCCS(C)(=O)=O)C[C@H]1C)-c1cn2ncnc2c(C)c1C	Toll-like receptor 7	7.2	US Patent	7CYN
CCN(C1COC1)C1CCC(CC1)c1ccc2[nH]c(c(C(C)C)c2n1)-c1cn2ncnc2c(C)c1C	Toll-like receptor 7	7.2	US Patent	7CYN
CC(C)c1c([nH]c2cnc(N3CCN(CCS(C)(=O)=O)CC3)c(F)c12)-c1cn2ncnc2c(C)c1C	Toll-like receptor 7	7.2	US Patent	7CYN
CC(C)c1c([nH]c2ccc(nc12)C1CCC(CC1)N1CCCC1)-c1cn2ncnc2c(C)c1C	Toll-like receptor 7	7.2	US Patent	7CYN
CC(C)c1c([nH]c2ccc(nc12)N1CCN(CC1)C(=O)CN1CCOCC1(C)C)-c1cn2ncnc2c(C)c1C	Toll-like receptor 7	7.2	US Patent	7CYN
CC(C)c1c([nH]c2ccc(nc12)C1CCC(CC1)N(C)C1CC1)-c1cn2ncnc2c(C)c1C	Toll-like receptor 7	7.2	US Patent	7CYN
CC(C)c1c([nH]c2ccc(cc12)C1CCN(CC1)C1CCS(=O)(=O)CC1)-c1cn2ncnc2cc1C	Toll-like receptor 7	7.3	US Patent	7CYN
CC(C)c1c([nH]c2ccc(cc12)C1CCN(CC1)C1CCS(=O)(=O)C1)-c1cn2ncnc2cc1C	Toll-like receptor 7	7.3	US Patent	7CYN
CC(C)c1c([nH]c2ccc(nc12)N1C[C@@H]2C[C@H]1CCN2C1COC1)-c1cn2ncnc2c(C)c1C	Toll-like receptor 7	7.3	US Patent	7CYN
CC(C)c1c([nH]c2ccc(nc12)N1CCN(CCCS(C)(=O)=O)[C@H](C)C1)-c1cn2ncnc2c(C)c1C	Toll-like receptor 7	7.3	US Patent	7CYN
CC(C)c1c([nH]c2ccc(nc12)N1CC(C1)NC(=O)CN(C)C)-c1cn2ncnc2c(C)c1C	Toll-like receptor 7	7.3	US Patent	7CYN
CC(C)c1c([nH]c2ccc(nc12)N1CC(N)C1)-c1cn(C)c2ncccc12	Toll-like receptor 7	7.3	US Patent	7CYN
COc1cc(cn2ncnc12)-c1[nH]c2ccc(nc2c1C(C)C)N1CCN(CC1)C1CCOC1	Toll-like receptor 7	7.3	US Patent	7CYN
CC(C)c1c([nH]c2ccc(nc12)C1CCN(CC1)C1CCOCC1)-c1cc(C)c(=O)n(C)c1	Toll-like receptor 7	7.3	US Patent	7CYN
CC(C)c1c([nH]c2ccc(cc12)C1CCN(CC1)C1CCS(=O)(=O)CC1)-c1cn2ncnc2cc1C	Toll-like receptor 7	7.3	US Patent	7CYN
CC(C)c1c([nH]c2ccc(cc12)C1CCN(CC1)C1CCS(=O)(=O)C1)-c1cn2ncnc2cc1C	Toll-like receptor 7	7.3	US Patent	7CYN
CC(C)c1c([nH]c2ccc(cc12)C1CCN(CC1)C1CCCOC1)-c1cc(C)ncc1F	Toll-like receptor 7	7.3	US Patent	7CYN
CCc1c([nH]c2ccc(C3CCNCC3)c(C)c12)-c1ccnc(C)c1	Toll-like receptor 7	7.3	US Patent	7CYN
CC(C)c1c([nH]c2ccc(cc12)C1CCN(CC1)C(=O)CNS(C)(=O)=O)-c1cc(C)nc(C)c1	Toll-like receptor 7	7.3	US Patent	7CYN
CC(C)c1c([nH]c2ccc(nc12)N1C[C@@H]2C[C@H]1CN2C1COC1)-c1cn2ncnc2c(C)c1C	Toll-like receptor 7	7.3	US Patent	7CYN
CC(C)c1c([nH]c2ccc(nc12)N1CCN(CCCS(C)(=O)=O)[C@H](C)C1)-c1cn2ncnc2c(C)c1C	Toll-like receptor 7	7.3	US Patent	7CYN
CC(C)c1c([nH]c2ccc(nc12)C1CCN(CC1)C1CCOCC1)-c1cc(C)c(=O)n(C)c1	Toll-like receptor 7	7.3	US Patent	7CYN
CC(C)c1c([nH]c2ccc(nc12)N1CC(C1)NC(=O)CN(C)C)-c1cn2ncnc2c(C)c1C	Toll-like receptor 7	7.3	US Patent	7CYN
CC(C)c1c([nH]c2ccc(nc12)N1CC(N)C1)-c1cn(C)c2ncccc12	Toll-like receptor 7	7.3	US Patent	7CYN
COc1cc(cn2ncnc12)-c1[nH]c2ccc(nc2c1C(C)C)N1CCN(CC1)C1CCOC1	Toll-like receptor 7	7.3	US Patent	7CYN
CC(C)c1c([nH]c2ccc(nc12)N1CC(N)C1)-c1cn(C)c2ncccc12	Toll-like receptor 7	7.3	US Patent	7CYN
CC(C)c1c([nH]c2ccc(nc12)C1CCN(CC1)C1CCOCC1)-c1cc(C)c(=O)n(C)c1	Toll-like receptor 7	7.3	US Patent	7CYN
CC(C)c1c([nH]c2ccc(cc12)-c1cnc(NC(=O)CN(C)C)cn1)-c1ccnc(C)c1	Toll-like receptor 7	7.3	US Patent	7CYN
COc1cc(cn2ncnc12)-c1[nH]c2cnc(N3CCN(CC(N)=O)CC3)c(C)c2c1C(C)C	Toll-like receptor 7	7.3	US Patent	7CYN
CC(C)c1c([nH]c2cnc(N3CCN(CC(N)=O)C[C@H]3C)c(F)c12)-c1cn2ncnc2c(C)c1C	Toll-like receptor 7	7.3	US Patent	7CYN
CC(C)c1c([nH]c2ccc(nc12)N1CC(C1)NC(=O)CN(C)C)-c1cn2ncnc2c(C)c1C	Toll-like receptor 7	7.3	US Patent	7CYN
CC(C)c1c([nH]c2ccc(cc12)C(=O)N1CCNCC1)-c1cc(C)nc(C)c1	Toll-like receptor 7	7.3	US Patent	7CYN
COc1cc(cn2ncnc12)-c1[nH]c2cnc(cc2c1C(C)C)C1CCC(CC1)N1CC2(COC2)C1	Toll-like receptor 7	7.3	US Patent	7CYN
CC(C)c1c([nH]c2ccc(nc12)N1CCN(CCCS(C)(=O)=O)[C@H](C)C1)-c1cn2ncnc2c(C)c1C	Toll-like receptor 7	7.3	US Patent	7CYN
CC(C)c1c([nH]c2ccc(N[C@H]3C[C@@H](C)N(C3)C3COC3)nc12)-c1cn2ncnc2c(C)c1C	Toll-like receptor 7	7.3	US Patent	7CYN
COc1cc(cn2ncnc12)-c1[nH]c2ccc(nc2c1C(C)C)N1CCN(CC1)C1CCOC1	Toll-like receptor 7	7.3	US Patent	7CYN
CC(C)c1c([nH]c2ccc(cc12)C1CCN(CC(=O)N(C)C)CC1)-c1cn2nc(C)nc2cc1C	Toll-like receptor 7	7.4	US Patent	7CYN
CC(C)N(CC(=O)N1CCN(CC1)c1ccc2[nH]c(c(C(C)C)c2n1)-c1cn2ncnc2c(C)c1C)C(C)C	Toll-like receptor 7	7.4	US Patent	7CYN
CC(C)c1c([nH]c2ccc(nc12)N1CCC(CC1)N(Cc1c[nH]nn1)Cc1c[nH]nn1)-c1cn2ncnc2c(C)c1C	Toll-like receptor 7	7.4	US Patent	7CYN
CC(C)c1c([nH]c2ccc(nc12)N1CCC(CC1)NC1CCC1)-c1cn2ncnc2c(C)c1C	Toll-like receptor 7	7.4	US Patent	7CYN
CC(C)c1c([nH]c2ccc(nc12)N1CCC(CC1)N(C)Cc1ncnn1C)-c1cn2ncnc2c(C)c1C	Toll-like receptor 7	7.4	US Patent	7CYN
COc1ncc(CN(C)C2CCC(CC2)c2ccc3[nH]c(c(C(C)C)c3n2)-c2cn3ncnc3c(C)c2C)cn1	Toll-like receptor 7	7.4	US Patent	7CYN
CC(C)c1c([nH]c2ccc(nc12)C1CCC(CC1)N(CCC#N)C1CC1)-c1cn2ncnc2c(C)c1C	Toll-like receptor 7	7.4	US Patent	7CYN
CC(C)c1c([nH]c2ccc(cc12)C1CCN(CC(=O)N(C)C)CC1)-c1cn2nc(C)nc2cc1C	Toll-like receptor 7	7.4	US Patent	7CYN
CC(C)c1c([nH]c2ccc(nc12)C1CCC(CC1)N(CCO)CC(=O)N(C)C)-c1cn2ncnc2c(C)c1C	Toll-like receptor 7	7.4	US Patent	7CYN
CC(C)c1c([nH]c2ccc(nc12)C1CNCCO1)-c1cc(C)c(=O)n(C)c1	Toll-like receptor 7	7.4	US Patent	7CYN
CC(C)c1c([nH]c2ccc(cc12)C1CCN(CC1)C(=O)C1CC1(F)F)-c1cc(C)nc(C)c1	Toll-like receptor 7	7.4	US Patent	7CYN
CC(C)c1c([nH]c2ccc(cc12)C1CCN(CC1)C(=O)CCNc1ncccn1)-c1cc(C)nc(C)c1	Toll-like receptor 7	7.4	US Patent	7CYN
COCCOCCN1CCC(CC1)c1ccc2[nH]c(c(C(C)C)c2c1)-c1cc(C)nc(C)c1	Toll-like receptor 7	7.4	US Patent	7CYN
COc1ncc(CN(C)C2CCC(CC2)c2ccc3[nH]c(c(C(C)C)c3n2)-c2cn3ncnc3c(C)c2C)cn1	Toll-like receptor 7	7.4	US Patent	7CYN
CC(C)c1c([nH]c2ccc(nc12)C1CCC(CC1)N(CCC#N)C1CC1)-c1cn2ncnc2c(C)c1C	Toll-like receptor 7	7.4	US Patent	7CYN
CC(C)c1c([nH]c2ccc(nc12)C1CCC(CC1)N(CCO)CC(=O)N(C)C)-c1cn2ncnc2c(C)c1C	Toll-like receptor 7	7.4	US Patent	7CYN
CC(C)N(CC(=O)N1CCN(CC1)c1ccc2[nH]c(c(C(C)C)c2n1)-c1cn2ncnc2c(C)c1C)C(C)C	Toll-like receptor 7	7.4	US Patent	7CYN
CC(C)c1c([nH]c2ccc(nc12)N1CCC(CC1)N(Cc1c[nH]nn1)Cc1c[nH]nn1)-c1cn2ncnc2c(C)c1C	Toll-like receptor 7	7.4	US Patent	7CYN
CC(C)c1c([nH]c2ccc(nc12)N1CCC(CC1)NC1CCC1)-c1cn2ncnc2c(C)c1C	Toll-like receptor 7	7.4	US Patent	7CYN
CC(C)c1c([nH]c2ccc(nc12)N1CCC(CC1)N(C)Cc1ncnn1C)-c1cn2ncnc2c(C)c1C	Toll-like receptor 7	7.4	US Patent	7CYN
CC(C)c1c([nH]c2ccc(nc12)C1CNCCO1)-c1cc(C)c(=O)n(C)c1	Toll-like receptor 7	7.4	US Patent	7CYN
CC(C)N(CC(=O)N1CCN(CC1)c1ccc2[nH]c(c(C(C)C)c2n1)-c1cn2ncnc2c(C)c1C)C(C)C	Toll-like receptor 7	7.4	US Patent	7CYN
CC(C)c1c([nH]c2ccc(nc12)C1CCC(CC1)N(CCC#N)C1CC1)-c1cn2ncnc2c(C)c1C	Toll-like receptor 7	7.4	US Patent	7CYN
CC(C)c1c([nH]c2ccc(nc12)C1CCC(CC1)N(CCO)CC(=O)N(C)C)-c1cn2ncnc2c(C)c1C	Toll-like receptor 7	7.4	US Patent	7CYN
CC(C)c1c([nH]c2ccc(nc12)N1CCC(CC1)N(Cc1c[nH]nn1)Cc1c[nH]nn1)-c1cn2ncnc2c(C)c1C	Toll-like receptor 7	7.4	US Patent	7CYN
COc1ncc(CN(C)C2CCC(CC2)c2ccc3[nH]c(c(C(C)C)c3n2)-c2cn3ncnc3c(C)c2C)cn1	Toll-like receptor 7	7.4	US Patent	7CYN
CC(C)c1c([nH]c2ccc(nc12)N1CCC(CC1)NC1CCC1)-c1cn2ncnc2c(C)c1C	Toll-like receptor 7	7.4	US Patent	7CYN
CC(C)c1c([nH]c2ccc(nc12)N1CCC(CC1)N(C)Cc1ncnn1C)-c1cn2ncnc2c(C)c1C	Toll-like receptor 7	7.4	US Patent	7CYN
CC(C)c1c([nH]c2ccc(nc12)C1CNCCO1)-c1cc(C)c(=O)n(C)c1	Toll-like receptor 7	7.4	US Patent	7CYN
CC(C)c1c([nH]c2ccc(nc12)N1[C@H]2CC[C@@H]1CN(CCS(C)(=O)=O)C2)-c1cn2ncnc2c(C)c1C	Toll-like receptor 7	7.5	US Patent	7CYN
CC(C)NC1CN(C1)c1ccc2[nH]c(c(C(C)C)c2n1)-c1cn2ncnc2c(C)c1C	Toll-like receptor 7	7.5	US Patent	7CYN
CC(C)c1c([nH]c2ccc(nc12)N1CCCC(C1)NC1COC1)-c1cn2ncnc2c(C)c1C	Toll-like receptor 7	7.5	US Patent	7CYN
CC(C)c1c([nH]c2ccc(nc12)C1CCC(CC1)N1CC(C1)S(C)(=O)=O)-c1cn2ncnc2c(C)c1C	Toll-like receptor 7	7.5	US Patent	7CYN
CC(C)c1c([nH]c2ccc(nc12)C1CCC(CC1)NC(C)(C)C(=O)N1CCOCC1)-c1cn2ncnc2c(C)c1C	Toll-like receptor 7	7.5	US Patent	7CYN
CC(C)c1c([nH]c2ccc(nc12)C1CCN(CC(C)(C)O)CC1)-c1cn(C)c(=O)c(Cl)c1C	Toll-like receptor 7	7.5	US Patent	7CYN
CC(C)c1c([nH]c2ccc(cc12)C1CCN(Cc2ccn[nH]2)CC1)-c1cc(C)ncc1F	Toll-like receptor 7	7.5	US Patent	7CYN
CC(C)c1c([nH]c2ccc(cc12)C1CCN(CC1)C(=O)[C@@H]1CN(C)C(=O)C1)-c1cc(C)nc(C)c1	Toll-like receptor 7	7.5	US Patent	7CYN
CC(C)c1c([nH]c2ccc(cc12)C1CCN(CC1)C(C)CF)-c1cc(C)nc(C)c1	Toll-like receptor 7	7.5	US Patent	7CYN
CC(C)c1c([nH]c2ccc(nc12)N1[C@H]2CC[C@@H]1CN(CCS(C)(=O)=O)C2)-c1cn2ncnc2c(C)c1C	Toll-like receptor 7	7.5	US Patent	7CYN
CC(C)c1c([nH]c2ccc(nc12)C1CCC(CC1)N1CC(C1)S(C)(=O)=O)-c1cn2ncnc2c(C)c1C	Toll-like receptor 7	7.5	US Patent	7CYN
CC(C)c1c([nH]c2ccc(nc12)C1CCC(CC1)NC(C)(C)C(=O)N1CCOCC1)-c1cn2ncnc2c(C)c1C	Toll-like receptor 7	7.5	US Patent	7CYN
CC(C)c1c([nH]c2ccc(nc12)C1CCN(CC(C)(C)O)CC1)-c1cn(C)c(=O)c(Cl)c1C	Toll-like receptor 7	7.5	US Patent	7CYN
CC(C)NC1CN(C1)c1ccc2[nH]c(c(C(C)C)c2n1)-c1cn2ncnc2c(C)c1C	Toll-like receptor 7	7.5	US Patent	7CYN
CC(C)c1c([nH]c2ccc(nc12)N1CCCC(C1)NC1COC1)-c1cn2ncnc2c(C)c1C	Toll-like receptor 7	7.5	US Patent	7CYN
CC(C)c1c([nH]c2ccc(nc12)N1[C@H]2CC[C@@H]1CN(CCS(C)(=O)=O)C2)-c1cn2ncnc2c(C)c1C	Toll-like receptor 7	7.5	US Patent	7CYN
CC(C)NC1CN(C1)c1ccc2[nH]c(c(C(C)C)c2n1)-c1cn2ncnc2c(C)c1C	Toll-like receptor 7	7.5	US Patent	7CYN
CNCC(=O)N1CCC(CC1)c1ncc2[nH]c(c(C(C)C)c2c1F)-c1cc(C)nc(C)c1	Toll-like receptor 7	7.5	US Patent	7CYN
CC(C)c1c([nH]c2ccc(nc12)C1CCN(CC(C)(C)O)CC1)-c1cn(C)c(=O)c(Cl)c1C	Toll-like receptor 7	7.5	US Patent	7CYN
CNC(=O)CNC1CCN(CC1)c1cc2c(C(C)C)c([nH]c2cn1)-c1cc(OC)c2ncnn2c1	Toll-like receptor 7	7.5	US Patent	7CYN
CC(C)c1c([nH]c2ccc(nc12)N1CCCC(C1)NC1COC1)-c1cn2ncnc2c(C)c1C	Toll-like receptor 7	7.5	US Patent	7CYN
CC(C)c1c([nH]c2ccc(nc12)C1CCC(CC1)NC(C)(C)C(=O)N1CCOCC1)-c1cn2ncnc2c(C)c1C	Toll-like receptor 7	7.5	US Patent	7CYN
CC(C)c1c([nH]c2ccc(nc12)C1CCC(CC1)N1CC(C1)S(C)(=O)=O)-c1cn2ncnc2c(C)c1C	Toll-like receptor 7	7.5	US Patent	7CYN
CC(C)NC(=O)CN1CCC(CC1)c1ccc2[nH]c(c(C(C)C)c2c1)-c1cn2ncnc2cc1C	Toll-like receptor 7	7.6	US Patent	7CYN
CC(C)NC(=O)CN1CCC(CC1)c1ccc2[nH]c(c(C(C)C)c2c1)-c1cn2ncnc2cc1C	Toll-like receptor 7	7.6	US Patent	7CYN
CC(C)c1c([nH]c2ccc(nc12)C1CC2(C1)CN(CC(C)(C)O)C2)-c1cn2ncnc2c(C)c1C	Toll-like receptor 7	7.6	US Patent	7CYN
CC(C)c1c([nH]c2ccc(nc12)C1CCC(CC1)NC1CC1)-c1cn(C)c2ncccc12	Toll-like receptor 7	7.6	US Patent	7CYN
CC(C)N1CCCC(C1)N1CCC(CC1)c1ccc2[nH]c(c(C(C)C)c2c1)-c1ccnc(C)c1	Toll-like receptor 7	7.6	US Patent	7CYN
CC(C)c1c([nH]c2ccc(cc12)C1CCN(CC1)C(=O)c1ccc(C)n(C)c1=O)-c1cc(C)nc(C)c1	Toll-like receptor 7	7.6	US Patent	7CYN
CC(C)c1c([nH]c2ccc(cc12)C1CCN(CC(=O)N2CCCC(F)C2)CC1)-c1cc(C)nc(C)c1	Toll-like receptor 7	7.6	US Patent	7CYN
CC(C)CC(CO)NCC(=O)N1CCC(CC1)c1ccc2[nH]c(c(C(C)C)c2c1)-c1cc(C)nc(C)c1	Toll-like receptor 7	7.6	US Patent	7CYN
CC(C)c1c([nH]c2ccc(cc12)C1CCN(CC1)C(=O)CN(C)CCC1(O)CCCC1)-c1cc(C)nc(C)c1	Toll-like receptor 7	7.6	US Patent	7CYN
CC(C)c1c([nH]c2ccc(nc12)C1CCC(CC1)NC1CC1)-c1cn(C)c2ncccc12	Toll-like receptor 7	7.6	US Patent	7CYN
CC(C)c1c([nH]c2ccc(nc12)C1CC2(C1)CN(CC(C)(C)O)C2)-c1cn2ncnc2c(C)c1C	Toll-like receptor 7	7.6	US Patent	7CYN
CC(C)c1c([nH]c2ccc(nc12)C1CCC(CC1)NC1CC1)-c1cn(C)c2ncccc12	Toll-like receptor 7	7.6	US Patent	7CYN
CC(C)c1c([nH]c2ccc(nc12)C1CC2(C1)CN(CC(C)(C)O)C2)-c1cn2ncnc2c(C)c1C	Toll-like receptor 7	7.6	US Patent	7CYN
COc1cc(cn2ncnc12)-c1[nH]c2cnc(cc2c1C(C)C)C1CCC(CC1)NC(C)C	Toll-like receptor 7	7.6	US Patent	7CYN
CC(C)c1c([nH]c2ccc(cc12)C1CCN(CCS(=O)(=O)N(C)C)CC1)-c1cn2ncnc2cc1C	Toll-like receptor 7	7.7	US Patent	7CYN
CC(C)c1c([nH]c2ccc(cc12)C1CCN(Cc2cc(C)on2)CC1)-c1cc(C)c2ncnn2c1	Toll-like receptor 7	7.7	US Patent	7CYN
CC(C)c1c([nH]c2ccc(cc12)C1CCN(Cc2ncc(o2)C2CC2)CC1)-c1cc(C)c2ncnn2c1	Toll-like receptor 7	7.7	US Patent	7CYN
CC(C)N1CC[C@H]2C[C@@H]1CN2c1ccc2[nH]c(c(C(C)C)c2n1)-c1cn2ncnc2c(C)c1C	Toll-like receptor 7	7.7	US Patent	7CYN
CC(C)c1c([nH]c2ccc(nc12)C1CCC(=O)CC1)-c1cn2ncnc2c(C)c1C	Toll-like receptor 7	7.7	US Patent	7CYN
CC(C)c1c([nH]c2ccc(cc12)C1CCN(CCS(=O)(=O)N(C)C)CC1)-c1cn2ncnc2cc1C	Toll-like receptor 7	7.7	US Patent	7CYN
CNC(=O)CN(C)C1CCC(CC1)c1ccc2[nH]c(c(C(C)C)c2n1)-c1cn2ncnc2c(C)c1C	Toll-like receptor 7	7.7	US Patent	7CYN
CC(C)c1c([nH]c2ccc(cc12)C1CCN(Cc2cc(C)on2)CC1)-c1cc(C)c2ncnn2c1	Toll-like receptor 7	7.7	US Patent	7CYN
CC(C)c1c([nH]c2ccc(cc12)C1CCN(Cc2ncc(o2)C2CC2)CC1)-c1cc(C)c2ncnn2c1	Toll-like receptor 7	7.7	US Patent	7CYN
CC(C)c1c([nH]c2ccc(cc12)C1CCN(CC(=O)N(C)C)CC1)-c1cc(C)nc(C)c1Cl	Toll-like receptor 7	7.7	US Patent	7CYN
CC(C)c1c([nH]c2ccc(cc12)C1CCN(CC1)C(=O)CN1CCNC(=O)C1)-c1cc(C)nc(C)c1	Toll-like receptor 7	7.7	US Patent	7CYN
CC(C)c1c([nH]c2ccc(cc12)C1CCN(Cc2c[nH]nc2C)CC1)-c1cc(C)nc(C)c1	Toll-like receptor 7	7.7	US Patent	7CYN
CC(C)N1C[C@H]2C[C@@H]1CN2c1ccc2[nH]c(c(C(C)C)c2n1)-c1cn2ncnc2c(C)c1C	Toll-like receptor 7	7.7	US Patent	7CYN
CC(C)c1c([nH]c2ccc(nc12)C1CCC(=O)CC1)-c1cn2ncnc2c(C)c1C	Toll-like receptor 7	7.7	US Patent	7CYN
CNC(=O)CN(C)C1CCC(CC1)c1ccc2[nH]c(c(C(C)C)c2n1)-c1cn2ncnc2c(C)c1C	Toll-like receptor 7	7.7	US Patent	7CYN
COc1cc(cn2ncnc12)-c1[nH]c2cnc(cc2c1C(C)C)C1CCC(CC1)N1CCC1	Toll-like receptor 7	7.7	US Patent	7CYN
CNC(=O)CN(C)C1CCC(CC1)c1ccc2[nH]c(c(C(C)C)c2n1)-c1cn2ncnc2c(C)c1C	Toll-like receptor 7	7.7	US Patent	7CYN
CC(C)c1c([nH]c2ccc(cc12)-c1ccc(nc1)C(N)=O)-c1cc(C)nc(C)c1	Toll-like receptor 7	7.7	US Patent	7CYN
CC(C)N1C[C@H]2C[C@@H]1CN2c1ccc2[nH]c(c(C(C)C)c2n1)-c1cn2ncnc2c(C)c1C	Toll-like receptor 7	7.7	US Patent	7CYN
COc1cc(cn2ncnc12)-c1[nH]c2cnc(cc2c1C(C)C)C1CCC(C1)NCC1(C)COC1	Toll-like receptor 7	7.7	US Patent	7CYN
CC(C)c1c([nH]c2ccc(nc12)C1CCC(=O)CC1)-c1cn2ncnc2c(C)c1C	Toll-like receptor 7	7.7	US Patent	7CYN
COc1cc(cn2ncnc12)-c1[nH]c2ccc(cc2c1C(C)C)C1CCN(CC1)C(=O)C1CCN(C)C1	Toll-like receptor 7	7.8	US Patent	7CYN
COCc1cc(cn2ncnc12)-c1[nH]c2ccc(cc2c1C(C)C)C1CCN(CC(=O)N2CCS(=O)(=O)NC2)CC1	Toll-like receptor 7	7.8	US Patent	7CYN
CC(C)c1c([nH]c2ccc(cc12)C1CCN(Cc2ccn(C)n2)CC1)-c1ccc2ncnn2c1	Toll-like receptor 7	7.8	US Patent	7CYN
CC(C)c1c([nH]c2ccc(cc12)C1CCN(CC(F)F)CC1)-c1cc(C)c2ncnn2c1	Toll-like receptor 7	7.8	US Patent	7CYN
CC(C)c1c([nH]c2ccc(cc12)C1CCN(Cc2ccn[nH]2)CC1)-c1cn2ncnc2cc1C	Toll-like receptor 7	7.8	US Patent	7CYN
CC(C)c1c([nH]c2ccc(cc12)C1CCN(Cc2nnco2)CC1)-c1cn2ncnc2cc1C	Toll-like receptor 7	7.8	US Patent	7CYN
COc1cc(cn2ncnc12)-c1[nH]c2ccc(cc2c1C(C)C)C1CCN(CC1)C(=O)C1CCN(C)C1	Toll-like receptor 7	7.8	US Patent	7CYN
COCc1cc(cn2ncnc12)-c1[nH]c2ccc(cc2c1C(C)C)C1CCN(CC(=O)N2CCS(=O)(=O)NC2)CC1	Toll-like receptor 7	7.8	US Patent	7CYN
CC(C)c1c([nH]c2ccc(nc12)N1CCN(CC1)C(=O)CN1CCOCC1)-c1cn2ncnc2c(C)c1C	Toll-like receptor 7	7.8	US Patent	7CYN
CC(C)c1c([nH]c2ccc(nc12)C1CCC(CC1)N1CCS(=O)(=O)CC1)-c1cn2ncnc2c(C)c1C	Toll-like receptor 7	7.8	US Patent	7CYN
CC(C)c1c([nH]c2ccc(cc12)C1CCN(Cc2ccn(C)n2)CC1)-c1ccc2ncnn2c1	Toll-like receptor 7	7.8	US Patent	7CYN
CC(C)c1c([nH]c2ccc(cc12)C1CCN(CC(F)F)CC1)-c1cc(C)c2ncnn2c1	Toll-like receptor 7	7.8	US Patent	7CYN
CC(C)c1c([nH]c2ccc(cc12)C1CCN(Cc2ccn[nH]2)CC1)-c1cn2ncnc2cc1C	Toll-like receptor 7	7.8	US Patent	7CYN
CC(C)c1c([nH]c2ccc(cc12)C1CCN(Cc2nnco2)CC1)-c1cn2ncnc2cc1C	Toll-like receptor 7	7.8	US Patent	7CYN
CC(C)c1c([nH]c2ccc(cc12)C1CCN(CC(=O)N(C)CCC2(O)CCCC2)CC1)-c1cc(C)nc(C)c1	Toll-like receptor 7	7.8	US Patent	7CYN
CC(C)c1c([nH]c2ccc(cc12)C1CCN(CC1)C(=O)CNC1(C)CCC1)-c1cc(C)nc(C)c1	Toll-like receptor 7	7.8	US Patent	7CYN
CCC(C)CN(CCO)CC(=O)N1CCC(CC1)c1ccc2[nH]c(c(C(C)C)c2c1)-c1cc(C)nc(C)c1	Toll-like receptor 7	7.8	US Patent	7CYN
CC(C)c1c([nH]c2ccc(cc12)C1CCN(CC1)C1CCOCC1)-c1cc(C)nc(C)c1	Toll-like receptor 7	7.8	US Patent	7CYN
CC(C)c1c([nH]c2ccc(nc12)N1CCN(CC1)C(=O)CN1CCOCC1)-c1cn2ncnc2c(C)c1C	Toll-like receptor 7	7.8	US Patent	7CYN
CC(C)c1c([nH]c2ccc(nc12)C1CCC(CC1)N1CCS(=O)(=O)CC1)-c1cn2ncnc2c(C)c1C	Toll-like receptor 7	7.8	US Patent	7CYN
CCC[C@@H](C)Nc1nc(N)nc2cnn(Cc3ccc(CNC4CCOCC4)cc3OC)c12	Toll-like receptor 7	7.8	ChEMBL	
CC(C)c1c([nH]c2ccc(nc12)C1CCC(CC1)N1CCS(=O)(=O)CC1)-c1cn2ncnc2c(C)c1C	Toll-like receptor 7	7.8	US Patent	7CYN
CC(C)c1c([nH]c2ccc(nc12)N1CCN(CC1)C(=O)CN1CCOCC1)-c1cn2ncnc2c(C)c1C	Toll-like receptor 7	7.8	US Patent	7CYN
CC(C)c1c([nH]c2ccc(cc12)C1CCN(CC1)C(=O)C1COC1)-c1cc(c2ncnn2c1)C(F)(F)F	Toll-like receptor 7	7.9	US Patent	7CYN
CC(C)c1c([nH]c2ccc(cc12)C1CCN(CC1)C(=O)C1COC1)-c1cc(c2ncnn2c1)C(F)(F)F	Toll-like receptor 7	7.9	US Patent	7CYN
CC(C)c1c([nH]c2ccc(nc12)N1CCN(CC1)C(=O)CN(C)C1COC1)-c1cn2ncnc2c(C)c1C	Toll-like receptor 7	7.9	US Patent	7CYN
CC(C)c1c([nH]c2ccc(nc12)N1CCC(CC1)N(CC#N)CC#N)-c1cn(C)c2ncccc12	Toll-like receptor 7	7.9	US Patent	7CYN
CC(C)c1c([nH]c2ccc(nc12)C1CCNCC1)-c1cc(C)c(=O)n(C)c1	Toll-like receptor 7	7.9	US Patent	7CYN
CC(C)c1c([nH]c2ccc(nc12)C1CCN(CC1)C1CCOCC1)-c1cn(C)c(=O)c(Cl)c1C	Toll-like receptor 7	7.9	US Patent	7CYN
COc1cc(cn2ncnc12)-c1[nH]c2ccc(nc2c1C(C)C)C1CC(C1)N(C)CC(=O)N(C)C	Toll-like receptor 7	7.9	US Patent	7CYN
CC(C)c1c([nH]c2ccc(cc12)C1CCN(CC1)C(=O)CN1CCOCC1=O)-c1cc(C)nc(C)c1	Toll-like receptor 7	7.9	US Patent	7CYN
CC(C)c1c([nH]c2ccc(cc12)C1CCN(CC1)C(=O)C1(CC1)N(C)C)-c1cc(C)nc(C)c1	Toll-like receptor 7	7.9	US Patent	7CYN
CC(C)CCNCC(=O)N1CCC(CC1)c1ccc2[nH]c(c(C(C)C)c2c1)-c1ccnc(C)c1	Toll-like receptor 7	7.9	US Patent	7CYN
CC(C)N(CCO)CC(=O)N1CCC(CC1)c1ccc2[nH]c(c(C(C)C)c2c1)-c1cc(C)nc(C)c1	Toll-like receptor 7	7.9	US Patent	7CYN
CC(C)c1c([nH]c2ccc(nc12)C1CCNCC1)-c1cc(C)c(=O)n(C)c1	Toll-like receptor 7	7.9	US Patent	7CYN
CC(C)c1c([nH]c2ccc(nc12)C1CCN(CC1)C1CCOCC1)-c1cn(C)c(=O)c(Cl)c1C	Toll-like receptor 7	7.9	US Patent	7CYN
CC(C)c1c([nH]c2ccc(nc12)N1CCN(CC1)C(=O)CN(C)C1COC1)-c1cn2ncnc2c(C)c1C	Toll-like receptor 7	7.9	US Patent	7CYN
COc1cc(cn2ncnc12)-c1[nH]c2ccc(nc2c1C(C)C)C1CC(C1)N(C)CC(=O)N(C)C	Toll-like receptor 7	7.9	US Patent	7CYN
CC(C)c1c([nH]c2ccc(nc12)N1CCC(CC1)N(CC#N)CC#N)-c1cn(C)c2ncccc12	Toll-like receptor 7	7.9	US Patent	7CYN
CC(C)c1c([nH]c2ccc(nc12)N1CCN(CC1)C(=O)CN(C)C1COC1)-c1cn2ncnc2c(C)c1C	Toll-like receptor 7	7.9	US Patent	7CYN
CC(C)c1c([nH]c2ccc(nc12)N1CCC(CC1)N(CC#N)CC#N)-c1cn(C)c2ncccc12	Toll-like receptor 7	7.9	US Patent	7CYN
COc1cc(cn2ncnc12)-c1[nH]c2ccc(nc2c1C(C)C)C1CC(C1)N(C)CC(=O)N(C)C	Toll-like receptor 7	7.9	US Patent	7CYN
COc1cc(cn2ncnc12)-c1[nH]c2cnc(N3CC4(CN(CC(C)C)C4)C3)c(F)c2c1C(C)C	Toll-like receptor 7	7.9	US Patent	7CYN
COc1cc(cn2ncnc12)-c1[nH]c2cnc(cc2c1C(C)C)C1CCC(CC1)NC1COC1	Toll-like receptor 7	7.9	US Patent	7CYN
CC(C)c1c([nH]c2ccc(nc12)C1CCN(CC1)C1CCOCC1)-c1cn(C)c(=O)c(Cl)c1C	Toll-like receptor 7	7.9	US Patent	7CYN
CC(C)c1c([nH]c2ccc(nc12)C1CCNCC1)-c1cc(C)c(=O)n(C)c1	Toll-like receptor 7	7.9	US Patent	7CYN
COCc1cc(cn2ncnc12)-c1[nH]c2ccc(cc2c1C(C)C)C1CCN(CCS(C)(=O)=O)CC1	Toll-like receptor 7	8	US Patent	7CYN
CC(C)N1CCC(CC1)c1ccc2[nH]c(c(C(C)C)c2c1)-c1ccc2nc(C)nn2c1	Toll-like receptor 7	8	US Patent	7CYN
CC(C)c1c([nH]c2ccc(nc12)N1C[C@@H]2C[C@H]1CCN2C(=O)CCN(C)C)-c1cn2ncnc2c(C)c1C	Toll-like receptor 7	8	US Patent	7CYN
CC(C)c1c([nH]c2ccc(nc12)C1CCC(CC1)N(C)C1COC1)-c1cc(CO)c2ncnn2c1	Toll-like receptor 7	8	US Patent	7CYN
COCc1cc(cn2ncnc12)-c1[nH]c2ccc(cc2c1C(C)C)C1CCN(CCS(C)(=O)=O)CC1	Toll-like receptor 7	8	US Patent	7CYN
CC(C)N1CCC(CC1)c1ccc2[nH]c(c(C(C)C)c2c1)-c1ccc2nc(C)nn2c1	Toll-like receptor 7	8	US Patent	7CYN
CC(C)c1c([nH]c2ccc(cc12)C1CCN(CC1)C1CCOCC1)-c1ccnc(C)c1	Toll-like receptor 7	8	US Patent	7CYN
CC(C)c1c([nH]c2ccc(cc12)C1CCN(CC1)C(=O)[C@H]1CN(C)C(=O)C1)-c1cc(C)nc(C)c1	Toll-like receptor 7	8	US Patent	7CYN
COc1nc(C)c2nc(-c3cncc(F)c3)n(Cc3ccc(cc3F)C3CCN(C)CC3)c2n1	Toll-like receptor 7	8	US Patent	7CYN
CCOc1nc(C)c2nc(-c3cncc(F)c3)n(Cc3ccc(CN4CC5CC4CN5C)cc3F)c2n1	Toll-like receptor 7	8	US Patent	7CYN
COc1nc(C)c2nc(-c3cncc(F)c3)n(Cc3ccc(cc3F)C3CN4CCC3CC4)c2n1	Toll-like receptor 7	8	US Patent	7CYN
COc1nc(C)c2nc(-c3cncc(F)c3)n(Cc3ccc(cc3F)C3CCNCC3)c2n1	Toll-like receptor 7	8	US Patent	7CYN
CC(C)c1c([nH]c2ccc(nc12)N1C[C@@H]2C[C@H]1CN2C(=O)CCN(C)C)-c1cn2ncnc2c(C)c1C	Toll-like receptor 7	8	US Patent	7CYN
CC(C)c1c([nH]c2ccc(nc12)C1CCC(CC1)N(C)C1COC1)-c1cc(CO)c2ncnn2c1	Toll-like receptor 7	8	US Patent	7CYN
Cc1nn(CC23CCC(CC2)(CC3)NS(C)(=O)=O)c2CCN(Cc12)c1cc(C)nc2n(C)ncc12	Toll-like receptor 7	8	ChEMBL	7CYN
CC(C)c1c([nH]c2ccc(nc12)C1CCC(CC1)N(C)C1COC1)-c1cc(CO)c2ncnn2c1	Toll-like receptor 7	8	US Patent	7CYN
C[C@@H]1CN(C[C@@H](O1)C(=O)NC1CCN(C)CC1)c1ccc(C#N)n2ncc(F)c12	Toll-like receptor 7	8	ChEMBL	7CYN
[2H]c1ccc2c(ccc(C#N)c2n1)N1C[C@@H](C)O[C@@H](CN2CC3(C2)OCc2cc(ccc32)N2CC3(C2)CNCCO3)C1	Toll-like receptor 7	8	ChEMBL	7CYN
CC(C)c1c([nH]c2ccc(nc12)N1C[C@@H]2C[C@H]1CN2C(=O)CCN(C)C)-c1cn2ncnc2c(C)c1C	Toll-like receptor 7	8	US Patent	7CYN
CC(C)c1c([nH]c2ccc(cc12)C1CCN(CC1)C(=O)NCCN1CCOCC1)-c1cn2ncnc2c(C)c1C	Toll-like receptor 7	8.1	US Patent	7CYN
CC(C)c1c([nH]c2ccc(cc12)C1CCN(CC1)C(=O)NCCN1CCOCC1)-c1cn2ncnc2c(C)c1C	Toll-like receptor 7	8.1	US Patent	7CYN
CNCC(=O)N1CCC(CC1)c1ccc2[nH]c(c(C(C)C)c2c1)-c1cc(C)ncc1F	Toll-like receptor 7	8.1	US Patent	7CYN
CC(C)c1c([nH]c2ccc(cc12)C1CCN(CC1)C1CCNC(C)C1)-c1ccnc(C)c1	Toll-like receptor 7	8.1	US Patent	7CYN
COc1cc(cn2ncnc12)-c1[nH]c2cnc(N3CC4(CN(C4)C(C)C)C3)c(F)c2c1C(C)C	Toll-like receptor 7	8.1	US Patent	7CYN
CC(C)c1c([nH]c2cnc(C3CCC(CC3)NC3CCOCC3)c(C)c12)-c1cn2ncnc2c(C)c1C	Toll-like receptor 7	8.1	US Patent	7CYN
COCc1cc(cn2ncnc12)-c1[nH]c2ccc(cc2c1C(C)C)C1CCN(CC(=O)NC(C)C)CC1	Toll-like receptor 7	8.2	US Patent	7CYN
CC(C)c1c([nH]c2ccc(cc12)C1CCN(CC(=O)N(C)C)CC1)-c1cc(c2ncnn2c1)C(C)(C)O	Toll-like receptor 7	8.2	US Patent	7CYN
CNC(=O)CN1CCC(CC1)c1ccc2[nH]c(c(C(C)C)c2c1)-c1cc(N2CCOCC2)c2ncnn2c1	Toll-like receptor 7	8.2	US Patent	7CYN
COCc1cc(cn2ncnc12)-c1[nH]c2ccc(cc2c1C(C)C)C1CCN(Cc2cn(C)nn2)CC1	Toll-like receptor 7	8.2	US Patent	7CYN
COCc1cc(cn2ncnc12)-c1[nH]c2ccc(cc2c1C(C)C)C1CCN(CC(=O)NC(C)C)CC1	Toll-like receptor 7	8.2	US Patent	7CYN
CC(C)c1c([nH]c2ccc(cc12)C1CCN(CC(=O)N(C)C)CC1)-c1cc(c2ncnn2c1)C(C)(C)O	Toll-like receptor 7	8.2	US Patent	7CYN
CNC(=O)CN1CCC(CC1)c1ccc2[nH]c(c(C(C)C)c2c1)-c1cc(N2CCOCC2)c2ncnn2c1	Toll-like receptor 7	8.2	US Patent	7CYN
COCc1cc(cn2ncnc12)-c1[nH]c2ccc(cc2c1C(C)C)C1CCN(Cc2cn(C)nn2)CC1	Toll-like receptor 7	8.2	US Patent	7CYN
CC(C)c1c([nH]c2ccc(cc12)C1CCN(CC1)C(=O)CC1CCOCC1)-c1cc(C)nc(C)c1	Toll-like receptor 7	8.2	US Patent	7CYN
CC(C)c1c([nH]c2ccc(cc12)C1CCN(CC1)C(=O)Cc1cn(C)cn1)-c1cc(C)nc(C)c1	Toll-like receptor 7	8.2	US Patent	7CYN
CC(C)N(C)C(=O)CN1CCC(CC1)c1ccc2[nH]c(c(C(C)C)c2c1)-c1ccnc(C)c1	Toll-like receptor 7	8.2	US Patent	7CYN
CC(C)c1c([nH]c2ccc(cc12)C1CCN(CC(=O)N2CCC[C@@H]2CO)CC1)-c1cc(C)nc(C)c1	Toll-like receptor 7	8.2	US Patent	7CYN
CC(C)c1c([nH]c2cc(C)c(cc12)C1CCNCC1)-c1ccnc(C)c1	Toll-like receptor 7	8.2	ChEMBL	7CYN
COCCN1CCN(CC1)c1ncc2[nH]c(c(C(C)C)c2c1C)-c1cc(OC)c2ncnn2c1	Toll-like receptor 7	8.2	US Patent	7CYN
COc1cc(cn2ncnc12)-c1[nH]c2ccc(cc2c1C(C)C)C1CCN(CC1)C(=O)[C@@H]1CCCN1C(C)=O	Toll-like receptor 7	8.3	US Patent	7CYN
CC(C)c1c([nH]c2ccc(cc12)C1CCN(CC(=O)N2C[C@H](C)C[C@@H]2CO)CC1)-c1cc(C)c2ncnn2c1	Toll-like receptor 7	8.3	US Patent	7CYN
CC(C)c1c([nH]c2ccc(cc12)C1CCN(CC1)C1CCOC1)-c1ccc2ncnn2c1	Toll-like receptor 7	8.3	US Patent	7CYN
CC(C)c1c([nH]c2ccc(cc12)C1CCN(CC1)C1COC1)-c1cc(CCO)c2ncnn2c1	Toll-like receptor 7	8.3	US Patent	7CYN
COc1cc(cn2ncnc12)-c1[nH]c2ccc(cc2c1C(C)C)C1CCN(CC1)C(=O)[C@@H]1CCCN1C(C)=O	Toll-like receptor 7	8.3	US Patent	7CYN
CC(C)c1c([nH]c2ccc(cc12)C1CCN(CC(=O)N2C[C@H](C)C[C@@H]2CO)CC1)-c1cc(C)c2ncnn2c1	Toll-like receptor 7	8.3	US Patent	7CYN
CC(C)c1c([nH]c2ccc(nc12)C1CCC(CC1)NCC1(C)COC1)-c1cn2ncnc2c(C)c1C	Toll-like receptor 7	8.3	US Patent	7CYN
CC(C)c1c([nH]c2ccc(nc12)C1CCNCC1)-c1cn(C)c(=O)c(C)c1C	Toll-like receptor 7	8.3	US Patent	7CYN
CC(C)c1c([nH]c2ccc(cc12)C1CCN(CC1)C1CCOC1)-c1ccc2ncnn2c1	Toll-like receptor 7	8.3	US Patent	7CYN
CC(C)c1c([nH]c2ccc(cc12)C1CCN(CC1)C1COC1)-c1cc(CCO)c2ncnn2c1	Toll-like receptor 7	8.3	US Patent	7CYN
CC(C)c1c([nH]c2ccc(cc12)C1CCN(CC(=O)NN2CCCCC2)CC1)-c1cc(C)nc(C)c1	Toll-like receptor 7	8.3	US Patent	7CYN
CC(C)c1c([nH]c2ccc(cc12)C1CCN(CC(=O)N[C@H](C)C(F)(F)F)CC1)-c1cc(C)nc(C)c1	Toll-like receptor 7	8.3	US Patent	7CYN
CC(C)c1c([nH]c2ccc(cc12)C1CCN(CC1)C(=O)CN1CCCC(F)C1)-c1cc(C)nc(C)c1	Toll-like receptor 7	8.3	US Patent	7CYN
COc1ccc(CN2CCC(CC2)c2ccc3[nH]c(c(C(C)C)c3c2)-c2cc(C)nc(C)c2)cn1	Toll-like receptor 7	8.3	US Patent	7CYN
CC(C)N1CCC(CC1)N1CCC(CC1)c1ccc2[nH]c(c(C(C)C)c2c1)-c1cc(C)nc(C)c1	Toll-like receptor 7	8.3	US Patent	7CYN
CC(C)c1c([nH]c2ccc(cc12)C1CCN(Cc2ncon2)CC1)-c1cc(C)nc(C)c1	Toll-like receptor 7	8.3	US Patent	7CYN
CC(C)c1c([nH]c2ccc(nc12)C1CCC(CC1)NCC1(C)COC1)-c1cn2ncnc2c(C)c1C	Toll-like receptor 7	8.3	US Patent	7CYN
CC(C)c1c([nH]c2ccc(nc12)C1CCNCC1)-c1cn(C)c(=O)c(C)c1C	Toll-like receptor 7	8.3	US Patent	7CYN
CC(C)c1c([nH]c2ccc(cc12)-c1ccc(nc1)N1CCN(CCO)CC1)-c1cc(C)nc(C)c1	Toll-like receptor 7	8.3	US Patent	7CYN
CC(C)c1c([nH]c2cnc(N3CCC(CC3)N3CCNC(=O)C3)c(C)c12)-c1cc(C)c2ncnn2c1	Toll-like receptor 7	8.3	US Patent	7CYN
CC(C)c1c([nH]c2ccc(nc12)C1CCC(CC1)NCC1(C)COC1)-c1cn2ncnc2c(C)c1C	Toll-like receptor 7	8.3	US Patent	7CYN
CC(C)c1c([nH]c2ccc(nc12)C1CCNCC1)-c1cn(C)c(=O)c(C)c1C	Toll-like receptor 7	8.3	US Patent	7CYN
CC(C)c1c([nH]c2ccc(cc12)C1CCN(CCS(N)(=O)=O)CC1)-c1cn2ncnc2cc1C	Toll-like receptor 7	8.4	US Patent	7CYN
CC(C)N1CCC(CC1)c1ccc2[nH]c(c(C(C)C)c2c1)-c1ccc2ncnn2c1	Toll-like receptor 7	8.4	US Patent	7CYN
CC(C)N1CCC(CC1)c1ccc2[nH]c(c(C(C)C)c2c1)-c1ccc2ncnn2c1	Toll-like receptor 7	8.4	US Patent	7CYN
CC(C)c1c([nH]c2ccc(nc12)N1CCN(CC(=O)N(C)C)CC1)-c1cn2ncnc2c(C)c1C	Toll-like receptor 7	8.4	US Patent	7CYN
CNC1CCC(CC1)c1ccc2[nH]c(-c3cn(C)c4nccnc34)c(C(C)C)c2n1	Toll-like receptor 7	8.4	US Patent	7CYN
CC(C)c1c([nH]c2ccc(cc12)C1CCN(CCS(N)(=O)=O)CC1)-c1cn2ncnc2cc1C	Toll-like receptor 7	8.4	US Patent	7CYN
CCCN(CCC)C1CCC(CC1)Oc1ccc2[nH]c(c(C(C)C)c2n1)-c1cc(OC)c2ncnn2c1	Toll-like receptor 7	8.4	US Patent	7CYN
COc1cc(cn2ncnc12)-c1[nH]c2ccc(CCC3CN(Cc4c[nH]nn4)C3)nc2c1C(C)C	Toll-like receptor 7	8.4	US Patent	7CYN
CC(C)c1c([nH]c2ccc(cc12)C1CCN(Cc2ccccn2)CC1)-c1cc(C)nc(C)c1	Toll-like receptor 7	8.4	US Patent	7CYN
CC(C)c1c([nH]c2ccc(nc12)N1CCN(CC(=O)N(C)C)CC1)-c1cn2ncnc2c(C)c1C	Toll-like receptor 7	8.4	US Patent	7CYN
CNC1CCC(CC1)c1ccc2[nH]c(-c3cn(C)c4nccnc34)c(C(C)C)c2n1	Toll-like receptor 7	8.4	US Patent	7CYN
CCCN(CCC)C1CCC(CC1)Oc1ccc2[nH]c(c(C(C)C)c2n1)-c1cc(OC)c2ncnn2c1	Toll-like receptor 7	8.4	US Patent	7CYN
COc1cc(cn2ncnc12)-c1[nH]c2ccc(CCC3CN(Cc4c[nH]nn4)C3)nc2c1C(C)C	Toll-like receptor 7	8.4	US Patent	7CYN
CNC1CCC(CC1)c1ccc2[nH]c(-c3cn(C)c4nccnc34)c(C(C)C)c2n1	Toll-like receptor 7	8.4	US Patent	7CYN
COc1cc(cn2ncnc12)-c1[nH]c2ccc(CCC3CN(Cc4c[nH]nn4)C3)nc2c1C(C)C	Toll-like receptor 7	8.4	US Patent	7CYN
CCCN(CCC)C1CCC(CC1)Oc1ccc2[nH]c(c(C(C)C)c2n1)-c1cc(OC)c2ncnn2c1	Toll-like receptor 7	8.4	US Patent	7CYN
CC(C)c1c([nH]c2ccc(nc12)N1CCN(CC(=O)N(C)C)CC1)-c1cn2ncnc2c(C)c1C	Toll-like receptor 7	8.4	US Patent	7CYN
CC(C)N1CCC(CC1)N1CC2(C1)CN(C2)c1ncc2[nH]c(c(C(C)C)c2c1F)-c1cn2ncnc2c(C)c1C	Toll-like receptor 7	8.4	US Patent	7CYN
CCC(C)CN(CCO)C(=O)CN1CCC(CC1)c1ccc2[nH]c(c(C(C)C)c2c1)-c1cc(C)c2ncnn2c1	Toll-like receptor 7	8.5	US Patent	7CYN
CCN(CC)C(=O)CN1CCC(CC1)c1ccc2[nH]c(c(C(C)C)c2c1)-c1cn2ncnc2cc1C	Toll-like receptor 7	8.5	US Patent	7CYN
CC(C)c1c([nH]c2ccc(cc12)C1CCN(Cc2nnc[nH]2)CC1)-c1cc(C)c2ncnn2c1	Toll-like receptor 7	8.5	US Patent	7CYN
CC(C)c1c([nH]c2ccc(cc12)C1CCN(CC1)C1COC1)-c1cn2ncnc2cc1C	Toll-like receptor 7	8.5	US Patent	7CYN
COCc1cc(cn2ncnc12)-c1[nH]c2ccc(cc2c1C(C)C)C1CCN(Cc2cnc(C)nc2)CC1	Toll-like receptor 7	8.5	US Patent	7CYN
COc1cc(cn2ncnc12)-c1[nH]c2ccc(CCC3CN(CC4(C)COC4)C3)nc2c1C(C)C	Toll-like receptor 7	8.5	US Patent	7CYN
CCC(C)CN(CCO)C(=O)CN1CCC(CC1)c1ccc2[nH]c(c(C(C)C)c2c1)-c1cc(C)c2ncnn2c1	Toll-like receptor 7	8.5	US Patent	7CYN
CCN(CC)C(=O)CN1CCC(CC1)c1ccc2[nH]c(c(C(C)C)c2c1)-c1cn2ncnc2cc1C	Toll-like receptor 7	8.5	US Patent	7CYN
CC(C)c1c([nH]c2ccc(nc12)C1CCC(CC1)NCc1c[nH]nn1)-c1cc(CO)c2ncnn2c1	Toll-like receptor 7	8.5	US Patent	7CYN
CC(C)c1c([nH]c2ccc(cc12)C1CCN(Cc2nnc[nH]2)CC1)-c1cc(C)c2ncnn2c1	Toll-like receptor 7	8.5	US Patent	7CYN
CC(C)c1c([nH]c2ccc(nc12)C1CCC(CC1)NC1CCCOC1)-c1cn(CC#N)c2ncccc12	Toll-like receptor 7	8.5	US Patent	7CYN
CC(C)c1c([nH]c2ccc(cc12)C1CCN(CC1)C1COC1)-c1cn2ncnc2cc1C	Toll-like receptor 7	8.5	US Patent	7CYN
COCc1cc(cn2ncnc12)-c1[nH]c2ccc(cc2c1C(C)C)C1CCN(Cc2cnc(C)nc2)CC1	Toll-like receptor 7	8.5	US Patent	7CYN
CC(C)c1c([nH]c2ccc(cc12)C1CCN(CC1)C1CCOC(C)(C)C1)-c1cc(C)nc(C)c1	Toll-like receptor 7	8.5	US Patent	7CYN
CC(C)c1c([nH]c2ccc(nc12)C1CCC(CC1)NCc1c[nH]nn1)-c1cc(CO)c2ncnn2c1	Toll-like receptor 7	8.5	US Patent	7CYN
CC(C)c1c([nH]c2ccc(nc12)C1CCC(CC1)NC1CCOCC1)-c1cn(CC#N)c2ncccc12	Toll-like receptor 7	8.5	US Patent	7CYN
COc1cc(cn2ncnc12)-c1[nH]c2ccc(CCC3CN(CC4(C)COC4)C3)nc2c1C(C)C	Toll-like receptor 7	8.5	US Patent	7CYN
COc1cc(cn2ncnc12)-c1[nH]c2cnc(cc2c1C(C)C)C1CCNCC1	Toll-like receptor 7	8.5	US Patent	7CYN
CC(C)c1c([nH]c2ccc(nc12)C1CCC(CC1)NCc1c[nH]nn1)-c1cc(CO)c2ncnn2c1	Toll-like receptor 7	8.5	US Patent	7CYN
COc1cc(cn2ncnc12)-c1[nH]c2ccc(CCC3CN(CC4(C)COC4)C3)nc2c1C(C)C	Toll-like receptor 7	8.5	US Patent	7CYN
CC(C)c1c([nH]c2ccc(nc12)C1CCC(CC1)NC1CCOCC1)-c1cn(CC#N)c2ncccc12	Toll-like receptor 7	8.5	US Patent	7CYN
CNC(=O)CN1CCN([C@H](C)C1)c1ncc2[nH]c(c(C(C)C)c2c1F)-c1cn2ncnc2c(C)c1C	Toll-like receptor 7	8.5	US Patent	7CYN
CC(C)c1c([nH]c2ccc(cc12)C1CCNCC1)-c1cc(c2ncnn2c1)C(C)(C)O	Toll-like receptor 7	8.6	US Patent	7CYN
COc1cc(cn2ncnc12)-c1[nH]c2ccc(nc2c1C(C)C)C1CCC(CC1)N1CCOCC1	Toll-like receptor 7	8.6	US Patent	7CYN
CC(C)c1c([nH]c2ccc(nc12)C1CCC(CC1)NCCS(C)(=O)=O)-c1cn(C)c2ncccc12	Toll-like receptor 7	8.6	US Patent	7CYN
CC(C)c1c([nH]c2ccc(cc12)C1CCNCC1)-c1cc(c2ncnn2c1)C(C)(C)O	Toll-like receptor 7	8.6	US Patent	7CYN
CC(C)c1c([nH]c2ccc(nc12)C1CCC(CC1)N1CC(F)(F)C1)-c1cn2ncnc2c(C)c1C	Toll-like receptor 7	8.6	US Patent	7CYN
CC(C)c1c([nH]c2ccc(nc12)C1CCC(CC1)NCCC(F)(F)F)-c1cn2ncnc2c(C)c1C	Toll-like receptor 7	8.6	US Patent	7CYN
CC(C)c1c([nH]c2ccc(cc12)C1CCN(CC1)C(=O)C1CCCO1)-c1cc(C)nc(C)c1	Toll-like receptor 7	8.6	US Patent	7CYN
CC(C)c1c([nH]c2ccc(cc12)C1CCN(CC(=O)N2CCCCC2)CC1)-c1cc(C)nc(C)c1	Toll-like receptor 7	8.6	US Patent	7CYN
COCCNC(=O)CN1CCC(CC1)c1ccc2[nH]c(c(C(C)C)c2c1)-c1cc(C)nc(C)c1	Toll-like receptor 7	8.6	US Patent	7CYN
CC(C)c1c([nH]c2ccc(cc12)C1CCN(Cc2ccc(C)nc2)CC1)-c1cc(C)nc(C)c1	Toll-like receptor 7	8.6	US Patent	7CYN
COc1cc(cn2ncnc12)-c1[nH]c2ccc(nc2c1C(C)C)C1CCC(CC1)N1CCOCC1	Toll-like receptor 7	8.6	US Patent	7CYN
CC(C)c1c([nH]c2ccc(nc12)C1CCC(CC1)NCCS(C)(=O)=O)-c1cn(C)c2ncccc12	Toll-like receptor 7	8.6	US Patent	7CYN
CC(C)c1c([nH]c2ccc(nc12)C1CCC(CC1)N1CC(F)(F)C1)-c1cn2ncnc2c(C)c1C	Toll-like receptor 7	8.6	US Patent	7CYN
CC(C)c1c([nH]c2ccc(nc12)C1CCC(CC1)NCCC(F)(F)F)-c1cn2ncnc2c(C)c1C	Toll-like receptor 7	8.6	US Patent	7CYN
CC(C)c1c([nH]c2ccc(nc12)C1CCC(CC1)NCCS(C)(=O)=O)-c1cn(C)c2ncccc12	Toll-like receptor 7	8.6	US Patent	7CYN
CC(C)c1c([nH]c2ccc(cc12)-c1nc(co1)C(=O)NCCCCN1CCCC1)-c1cc(C)nc(C)c1	Toll-like receptor 7	8.6	US Patent	7CYN
CC(C)c1c([nH]c2ccc(cc12)-c1ccc(N)nn1)-c1cc(C)nc(C)c1	Toll-like receptor 7	8.6	US Patent	7CYN
CC(C)c1c([nH]c2ccc(nc12)C1CCC(CC1)NCCC(F)(F)F)-c1cn2ncnc2c(C)c1C	Toll-like receptor 7	8.6	US Patent	7CYN
COc1cc(cn2ncnc12)-c1[nH]c2cnc(cc2c1C(C)C)C1CCC(C1)N1CC2(COC2)C1	Toll-like receptor 7	8.6	US Patent	7CYN
CC(C)c1c([nH]c2ccc(nc12)C1CCC(CC1)N1CC(F)(F)C1)-c1cn2ncnc2c(C)c1C	Toll-like receptor 7	8.6	US Patent	7CYN
COc1cc(cn2ncnc12)-c1[nH]c2ccc(nc2c1C(C)C)C1CCC(CC1)N1CCOCC1	Toll-like receptor 7	8.6	US Patent	7CYN
COc1cc(cn2ncnc12)-c1[nH]c2cnc(cc2c1C(C)C)C1CCC(C1)NC1COC1	Toll-like receptor 7	8.6	US Patent	7CYN
CC(C)c1c([nH]c2ccc(cc12)C1CCN(CC1)C(=O)[C@@H]1[C@H](O)CCN1C(=O)OC(C)(C)C)-c1cc(C)c2nc(C)nn2c1	Toll-like receptor 7	8.7	US Patent	7CYN
CC(C)c1c([nH]c2ccc(cc12)C1CCN(CC(N)=O)CC1)-c1cn2ncnc2cc1C	Toll-like receptor 7	8.7	US Patent	7CYN
CC(C)c1c([nH]c2ccc(cc12)C1CCN(CC1)C(=O)[C@@H]1[C@H](O)CCN1C(=O)OC(C)(C)C)-c1cc(C)c2nc(C)nn2c1	Toll-like receptor 7	8.7	US Patent	7CYN
CC(C)c1c([nH]c2ccc(cc12)C1CCN(CC(N)=O)CC1)-c1cn2ncnc2cc1C	Toll-like receptor 7	8.7	US Patent	7CYN
CCN(C)C1CCC(C1)c1cc2c(C(C)C)c([nH]c2cn1)-c1cc(OC)c2ncnn2c1	Toll-like receptor 7	8.7	US Patent	7CYN
COc1cc(cn2ncnc12)-c1[nH]c2cnc(C3CCC(CC3)NCC(C)(C)C)c(F)c2c1C(C)C	Toll-like receptor 7	8.7	US Patent	7CYN
CC1(N)CCN(CC1)c1ccc2[C@@H]3CN(CCN3Cc2n1)c1ccc(C#N)c2ncccc12	Toll-like receptor 7	8.7	ChEMBL	7CYN
Cc1cc(cn2ncnc12)-c1[nH]c2ccc(cc2c1CC(F)F)C1CCN(CC1)C1COC1	Toll-like receptor 7	8.8	US Patent	7CYN
Cc1cc(cn2ncnc12)-c1[nH]c2ccc(cc2c1CC(F)F)C1CCN(CC1)C1COC1	Toll-like receptor 7	8.8	US Patent	7CYN
CC(C)c1c([nH]c2ccc(nc12)C1CCC(CC1)NC1COC1)-c1cn(C)c2ncccc12	Toll-like receptor 7	8.8	US Patent	7CYN
COc1ccc(cc1OC)-c1[nH]c2ccc(nc2c1C(C)C)C1CCNCC1	Toll-like receptor 7	8.8	US Patent	7CYN
CNC(=O)CN1CCC(CC1)c1ccc2[nH]c(c(C(C)C)c2n1)-c1cn(C)c(=O)c(Cl)c1C	Toll-like receptor 7	8.8	US Patent	7CYN
CC(C)c1c([nH]c2ccc(cc12)C1CCN(CC1)C1CCCNC1)-c1ccnc(C)c1	Toll-like receptor 7	8.8	US Patent	7CYN
CC(C)CN(C)CC(=O)N1CCC(CC1)c1ccc2[nH]c(c(C(C)C)c2c1)-c1cc(C)nc(C)c1	Toll-like receptor 7	8.8	US Patent	7CYN
CNCC(=O)N1CCC(CC1)c1ccc2[nH]c(c(C(C)C)c2c1)-c1cc(C)nc(c1)C1CC1	Toll-like receptor 7	8.8	US Patent	7CYN
CNCC(=O)N1CCC(CC1)c1ccc2[nH]c(c(C(C)C)c2c1)-c1ccnc(C)c1	Toll-like receptor 7	8.8	US Patent	7CYN
CC(C)c1c([nH]c2ccc(nc12)C1CCC(CC1)NC1COC1)-c1cn(C)c2ncccc12	Toll-like receptor 7	8.8	US Patent	7CYN
COc1ccc(cc1OC)-c1[nH]c2ccc(nc2c1C(C)C)C1CCNCC1	Toll-like receptor 7	8.8	US Patent	7CYN
CNC(=O)CN1CCC(CC1)c1ccc2[nH]c(c(C(C)C)c2n1)-c1cn(C)c(=O)c(Cl)c1C	Toll-like receptor 7	8.8	US Patent	7CYN
CC(C)c1c([nH]c2cnc(C3CCN(CC(=O)N(C)C)CC3)c(F)c12)-c1cc(C)nc(C)c1	Toll-like receptor 7	8.8	US Patent	7CYN
CC(C)c1c([nH]c2ccc(nc12)C1CCC(CC1)NC1COC1)-c1cn(C)c2ncccc12	Toll-like receptor 7	8.8	US Patent	7CYN
CNC(=O)CN1CCC(CC1)c1ccc2[nH]c(c(C(C)C)c2n1)-c1cn(C)c(=O)c(Cl)c1C	Toll-like receptor 7	8.8	US Patent	7CYN
COc1ccc(cc1OC)-c1[nH]c2ccc(nc2c1C(C)C)C1CCNCC1	Toll-like receptor 7	8.8	US Patent	7CYN
CC(C)c1c([nH]c2cnc(cc12)C1CCC(CC1)NCC(F)F)-c1cn2ncnc2c(C)c1C	Toll-like receptor 7	8.8	US Patent	7CYN
CC(C)c1c([nH]c2ccc(cc12)C1CCN(CC1)C(=O)CNCC(F)(F)F)-c1cn2ncnc2c(C)c1C	Toll-like receptor 7	8.9	US Patent	7CYN
CC(C)c1c([nH]c2ccc(cc12)C1CCN(CC(=O)N(C)C)CC1)-c1cn2ncnc2c(CO)c1C	Toll-like receptor 7	8.9	US Patent	7CYN
CC(C)c1c([nH]c2ccc(cc12)C1CCN(CC(=O)N(C)C)CC1)-c1ccc2nc(C)nn2c1	Toll-like receptor 7	8.9	US Patent	7CYN
CC(C)c1c([nH]c2ccc(CCC3CN(C3)C(=O)CN(C)C)nc12)-c1cn(C)c2ncccc12	Toll-like receptor 7	8.9	US Patent	7CYN
CC(C)c1c([nH]c2ccc(cc12)C1CCN(CC1)C(=O)CNCC(F)(F)F)-c1cn2ncnc2c(C)c1C	Toll-like receptor 7	8.9	US Patent	7CYN
CC(C)c1c([nH]c2ccc(nc12)C1CCC(CC1)N1CC(C)(C)C1)-c1cn2ncnc2c(C)c1C	Toll-like receptor 7	8.9	US Patent	7CYN
CC(C)c1c([nH]c2ccc(nc12)C1CCC(CC1)NCC(=O)N(C)C)-c1cn(CC#N)c2ncccc12	Toll-like receptor 7	8.9	US Patent	7CYN
CC(C)c1c([nH]c2ccc(nc12)C1CCC(CC1)N1CC(C1)C#N)-c1cn2ncnc2c(C)c1C	Toll-like receptor 7	8.9	US Patent	7CYN
CC(C)c1c([nH]c2ccc(cc12)C1CCN(CC(=O)N(C)C)CC1)-c1cn2ncnc2c(CO)c1C	Toll-like receptor 7	8.9	US Patent	7CYN
CC(C)c1c([nH]c2ccc(cc12)C1CCN(CC(=O)N(C)C)CC1)-c1ccc2nc(C)nn2c1	Toll-like receptor 7	8.9	US Patent	7CYN
COc1ncc(CN2CCC(CC2)c2ccc3[nH]c(c(C(C)C)c3c2)-c2ccnc(C)c2F)cn1	Toll-like receptor 7	8.9	US Patent	7CYN
CC(C)c1c([nH]c2ccc(cc12)C1CCN(CC1)C(=O)C1CCOCC1)-c1cc(C)nc(C)c1	Toll-like receptor 7	8.9	US Patent	7CYN
CC(C)c1c([nH]c2ccc(nc12)C1CCC(CC1)NCC(=O)N(C)C)-c1cn(CC#N)c2ncccc12	Toll-like receptor 7	8.9	US Patent	7CYN
CC(C)c1c([nH]c2ccc(nc12)C1CCC(CC1)N1CC(C1)C#N)-c1cn2ncnc2c(C)c1C	Toll-like receptor 7	8.9	US Patent	7CYN
CC(C)c1c([nH]c2ccc(nc12)C1CCC(CC1)N1CC(C)(C)C1)-c1cn2ncnc2c(C)c1C	Toll-like receptor 7	8.9	US Patent	7CYN
CC(C)c1c([nH]c2ccc(CCC3CN(C3)C(=O)CN(C)C)nc12)-c1cn(C)c2ncccc12	Toll-like receptor 7	8.9	US Patent	7CYN
CC(C)c1c([nH]c2ccc(nc12)C1CCC(CC1)NCC(=O)N(C)C)-c1cn(CC#N)c2ncccc12	Toll-like receptor 7	8.9	US Patent	7CYN
CC(C)c1c([nH]c2ccc(nc12)C1CCC(CC1)N1CC(C1)C#N)-c1cn2ncnc2c(C)c1C	Toll-like receptor 7	8.9	US Patent	7CYN
CC(C)c1c([nH]c2ccc(nc12)C1CCC(CC1)N1CC(C)(C)C1)-c1cn2ncnc2c(C)c1C	Toll-like receptor 7	8.9	US Patent	7CYN
COc1cc(cn2ncnc12)-c1[nH]c2cnc(C3CCC(CC3)NCC(C)(C)F)c(C)c2c1C(C)C	Toll-like receptor 7	8.9	US Patent	7CYN
CC(C)c1c([nH]c2ccc(CCC3CN(C3)C(=O)CN(C)C)nc12)-c1cn(C)c2ncccc12	Toll-like receptor 7	8.9	US Patent	7CYN
CC(C)c1c([nH]c2ccc(cc12)C1CCN(CC(=O)N(C)C)CC1)-c1ccc2ncnn2c1	Toll-like receptor 7	9	US Patent	7CYN
CC(C)c1c([nH]c2ccc(cc12)C1CCN(Cc2cncs2)CC1)-c1ccc2ncnn2c1	Toll-like receptor 7	9	US Patent	7CYN
CC(C)c1c([nH]c2ccc(nc12)N1C[C@H](C)N([C@@H](C)C1)C(=O)CCN(C)C)-c1cn2ncnc2c(C)c1C	Toll-like receptor 7	9	US Patent	7CYN
CC(C)c1c([nH]c2ccc(nc12)C1CCC(CC1)N1CCC2(CCOC2)C1)-c1cn2ncnc2c(C)c1C	Toll-like receptor 7	9	US Patent	7CYN
CC(C)c1c([nH]c2ccc(cc12)C1CCN(CC(=O)N(C)C)CC1)-c1ccc2ncnn2c1	Toll-like receptor 7	9	US Patent	7CYN
CC(C)c1c([nH]c2ccc(cc12)C1CCN(Cc2cncs2)CC1)-c1ccc2ncnn2c1	Toll-like receptor 7	9	US Patent	7CYN
COc1cc(-c2[nH]c3ccc(cc3c2C(C)C)C2CCNCC2)c(F)cn1	Toll-like receptor 7	9	US Patent	7CYN
COCCN(C)C(=O)CN1CCC(CC1)c1ccc2[nH]c(c(C(C)C)c2c1)-c1ccnc(C)c1	Toll-like receptor 7	9	US Patent	7CYN
CC(C)c1c([nH]c2ccc(cc12)C1CCN(CC1)C(=O)CN(C)CC(C)(C)O)-c1cc(C)nc(C)c1	Toll-like receptor 7	9	US Patent	7CYN
COc1nc(C)c2nc(-c3cncc(F)c3)n(Cc3ccc(O[C@H]4CN5CCC4CC5)cc3F)c2n1	Toll-like receptor 7	9	US Patent	7CYN
COc1nc(C)c2nc(-c3cncc(F)c3)n(Cc3ccc(O[C@@H]4C[C@@H]5CC[C@H](C4)N5)cc3F)c2n1	Toll-like receptor 7	9	US Patent	7CYN
CC(C)c1c([nH]c2ccc(nc12)N1C[C@H](C)N([C@@H](C)C1)C(=O)CCN(C)C)-c1cn2ncnc2c(C)c1C	Toll-like receptor 7	9	US Patent	7CYN
CC(C)c1c([nH]c2ccc(nc12)C1CCC(CC1)N1CCC2(CCOC2)C1)-c1cn2ncnc2c(C)c1C	Toll-like receptor 7	9	US Patent	7CYN
CC(C)c1c([nH]c2ccc(nc12)C1CCC(CC1)N1CCC2(CCOC2)C1)-c1cn2ncnc2c(C)c1C	Toll-like receptor 7	9	US Patent	7CYN
COc1cc(cn2ncnc12)-c1[nH]c2cnc(N3CC4(CN(CC5CCOCC5)C4)C3)c(F)c2c1C(C)C	Toll-like receptor 7	9	US Patent	7CYN
Cc1cc(cc(C)n1)-c1cc2[nH]nc(N[C@H]3CCNC[C@@H]3F)c2cc1C1CC1	Toll-like receptor 7	9	ChEMBL	7CYN
CN(C)C12CCC(Cn3nc(C)c4CN(CCc34)c3cc(C)nc4n(C)ncc34)(CC1)CC2	Toll-like receptor 7	9	ChEMBL	7CYN
Cc1nn(CC23CCC(CC2)(CC3)NC(=O)[C@@H]2COCCN2)c2CCN(Cc12)c1cc(C)nc2n(C)ncc12	Toll-like receptor 7	9	ChEMBL	
CC(C)c1c([nH]c2ccc(nc12)N1C[C@H](C)N([C@@H](C)C1)C(=O)CCN(C)C)-c1cn2ncnc2c(C)c1C	Toll-like receptor 7	9	US Patent	7CYN
CC(C)c1c([nH]c2cnc(N3CCN(CCS(C)(=O)=O)C[C@H]3C)c(F)c12)-c1cn2ncnc2c(C)c1C	Toll-like receptor 7	9	US Patent	7CYN
CC(C)c1c([nH]c2ccc(cc12)C1CCN(CC1)C(N)=N)-c1cc(C)c2ncnn2c1	Toll-like receptor 7	9.1	US Patent	7CYN
COc1ncc(CN2CCC(CC2)c2ccc3[nH]c(c(C(C)C)c3c2)-c2cn3ncnc3cc2C)cn1	Toll-like receptor 7	9.1	US Patent	7CYN
CNCC(=O)N1CCC(CC1)c1ccc2[nH]c(c(C(C)C)c2c1)-c1ccc2nc(C)nn2c1	Toll-like receptor 7	9.1	US Patent	7CYN
CNCC(=O)N1CCC(CC1)c1ccc2[nH]c(c(C(C)C)c2c1)-c1ccc2nc(C)nn2c1	Toll-like receptor 7	9.1	US Patent	7CYN
CC(C)c1c([nH]c2ccc(cc12)C1CCN(CC1)C(N)=N)-c1cc(C)c2ncnn2c1	Toll-like receptor 7	9.1	US Patent	7CYN
CC(C)c1c([nH]c2ccc(nc12)C1CCC(CC1)NCc1cnc(C)cn1)-c1cn2ncnc2c(C)c1C	Toll-like receptor 7	9.1	US Patent	7CYN
COc1ncc(CN2CCC(CC2)c2ccc3[nH]c(c(C(C)C)c3c2)-c2cn3ncnc3cc2C)cn1	Toll-like receptor 7	9.1	US Patent	7CYN
Cc1cc(cc(C)n1)-c1[nH]c2ccc(cc2c1C(C)(C)C)C1CCNCC1	Toll-like receptor 7	9.1	US Patent	7CYN
CC(C)c1c([nH]c2ccc(cc12)C1CCN(Cc2ccncc2)CC1)-c1cc(C)nc(C)c1	Toll-like receptor 7	9.1	US Patent	7CYN
CC(C)c1c([nH]c2ccc(nc12)C1CCC(CC1)NCc1cnc(C)cn1)-c1cn2ncnc2c(C)c1C	Toll-like receptor 7	9.1	US Patent	7CYN
CC(C)c1c([nH]c2ccc(nc12)C1CCC(CC1)NCc1cnc(C)cn1)-c1cn2ncnc2c(C)c1C	Toll-like receptor 7	9.1	US Patent	7CYN
COc1cc(cn2ncnc12)-c1[nH]c2cnc(N3CCC(CC3)NCC3(C)COC3)c(F)c2c1C(C)C	Toll-like receptor 7	9.1	US Patent	7CYN
COc1cc(cn2ncnc12)-c1[nH]c2cnc(cc2c1C(C)C)C1CCC(C1)N(C)C(C)C	Toll-like receptor 7	9.1	US Patent	7CYN
COCc1cc(cn2ncnc12)-c1[nH]c2ccc(cc2c1C(C)C)C1CCN(CC(=O)N(C)C2CCOCC2)CC1	Toll-like receptor 7	9.2	US Patent	7CYN
CC(C)c1c([nH]c2ccc(cc12)C1CCN(CC1)C(=O)CCN1CCNC(=O)C1)-c1cn2ncnc2c(C)c1C	Toll-like receptor 7	9.2	US Patent	7CYN
CC(C)c1c([nH]c2ccc(cc12)C1CCN(Cc2c(C)n[nH]c2C)CC1)-c1ccc2ncnn2c1	Toll-like receptor 7	9.2	US Patent	7CYN
CC(C)c1c([nH]c2ccc(nc12)N1C[C@@H]2C[C@H]1CCN2CCS(C)(=O)=O)-c1cn2ncnc2c(C)c1C	Toll-like receptor 7	9.2	US Patent	7CYN
COCc1cc(cn2ncnc12)-c1[nH]c2ccc(cc2c1C(C)C)C1CCN(CC(=O)N(C)C2CCOCC2)CC1	Toll-like receptor 7	9.2	US Patent	7CYN
CC(C)c1c([nH]c2ccc(cc12)C1CCN(CC1)C(=O)CCN1CCNC(=O)C1)-c1cn2ncnc2c(C)c1C	Toll-like receptor 7	9.2	US Patent	7CYN
CC(C)c1c([nH]c2ccc(cc12)C1CCN(Cc2c(C)n[nH]c2C)CC1)-c1ccc2ncnn2c1	Toll-like receptor 7	9.2	US Patent	7CYN
CC(C)c1c([nH]c2ccc(nc12)C1CC(C1)N(C)CC(C)(C)O)-c1cn2ncnc2c(C)c1C	Toll-like receptor 7	9.2	US Patent	7CYN
CC(C)c1c([nH]c2ccc(cc12)C1CCN(CC1)C1COC1)-c1ccnc(C)c1F	Toll-like receptor 7	9.2	US Patent	7CYN
CC(C)N1CCC(CN2CCC(CC2)c2ccc3[nH]c(c(C(C)C)c3c2)-c2ccnc(C)c2)CC1	Toll-like receptor 7	9.2	US Patent	7CYN
CC(C)c1c([nH]c2ccc(nc12)N1C[C@@H]2C[C@H]1CN2CCS(C)(=O)=O)-c1cn2ncnc2c(C)c1C	Toll-like receptor 7	9.2	US Patent	7CYN
CC(C)c1c([nH]c2ccc(nc12)C1CC(C1)N(C)CC(C)(C)O)-c1cn2ncnc2c(C)c1C	Toll-like receptor 7	9.2	US Patent	7CYN
COc1cc(cn2ncnc12)-c1[nH]c2cnc(C3CCC(CC3)NCC(C)(C)OC)c(C)c2c1C(C)C	Toll-like receptor 7	9.2	US Patent	7CYN
CC(C)c1c([nH]c2ccc(N[C@H]3C[C@@H](C)N(CCS(C)(=O)=O)C3)nc12)-c1cn2ncnc2c(C)c1C	Toll-like receptor 7	9.2	US Patent	7CYN
CC(C)c1c([nH]c2ccc(nc12)C1CC(C1)N(C)CC(C)(C)O)-c1cn2ncnc2c(C)c1C	Toll-like receptor 7	9.2	US Patent	7CYN
CC(C)N1CCC(CC1)NC(=O)c1ccc2[nH]c(c(C(C)C)c2c1)-c1cc(C)nc(C)c1	Toll-like receptor 7	9.2	US Patent	7CYN
CC(C)c1c([nH]c2ccc(nc12)N1CCN(CCC(N)=O)CC1)-c1cn2ncnc2c(C)c1C	Toll-like receptor 7	9.3	US Patent	7CYN
CC(C)c1c([nH]c2ccc(cc12)C1CCN(CCC#N)CC1)-c1cc(C)ncc1F	Toll-like receptor 7	9.3	US Patent	7CYN
CC(C)c1c([nH]c2ccc(cc12)C1CCN(CC1)C(=O)[C@H]1CN(C)C(=O)C1)-c1cc(C)nc(C)c1	Toll-like receptor 7	9.3	US Patent	7CYN
CC(C)c1c([nH]c2ccc(cc12)C1CCN(Cc2ccnn2C)CC1)-c1cc(C)nc(C)c1	Toll-like receptor 7	9.3	US Patent	7CYN
CC(C)c1c([nH]c2ccc(nc12)N1CCN(CCC(N)=O)CC1)-c1cn2ncnc2c(C)c1C	Toll-like receptor 7	9.3	US Patent	7CYN
CC(C)c1c([nH]c2cnc(N3CCN(CC(N)=O)CC3)c(F)c12)-c1cn2ncnc2c(C)c1C	Toll-like receptor 7	9.3	US Patent	7CYN
CC(C)c1c([nH]c2ccc(nc12)N1CCN(CCC(N)=O)CC1)-c1cn2ncnc2c(C)c1C	Toll-like receptor 7	9.3	US Patent	7CYN
CC(C)c1c([nH]c2ccc(cc12)C1CCN(CC1)C(=O)CN(C)C)-c1cc(N2CCOCC2)c2ncnn2c1	Toll-like receptor 7	9.4	US Patent	7CYN
CC(C)c1c([nH]c2ccc(nc12)N1C[C@@H]2C[C@H]1CCN2Cc1cn(C)nn1)-c1cn2ncnc2c(C)c1C	Toll-like receptor 7	9.4	US Patent	7CYN
CC(C)c1c([nH]c2ccc(cc12)C1CCN(CC1)C(=O)CN(C)C)-c1cc(N2CCOCC2)c2ncnn2c1	Toll-like receptor 7	9.4	US Patent	7CYN
CC(C)c1c([nH]c2cc(F)c(cc12)C1CCN(CC1)C1CC(C)OC(C)C1)-c1cc(C)nc(C)c1	Toll-like receptor 7	9.4	US Patent	7CYN
CC(C)c1c([nH]c2ccc(nc12)N1C[C@@H]2C[C@H]1CN2Cc1cn(C)nn1)-c1cn2ncnc2c(C)c1C	Toll-like receptor 7	9.4	US Patent	7CYN
CC(C)c1c([nH]c2ccc(nc12)N1C[C@@H]2C[C@H]1CN2Cc1cn(C)nn1)-c1cn2ncnc2c(C)c1C	Toll-like receptor 7	9.4	US Patent	7CYN
COCc1cc(cn2ncnc12)-c1[nH]c2ccc(cc2c1C(C)C)C1CCN(CC(=O)N2CC(C)(C)C2)CC1	Toll-like receptor 7	9.5	US Patent	7CYN
CC(C)c1c([nH]c2ccc(cc12)C1CCN(CC1)C(=O)OCCN1CCS(=O)(=O)CC1)-c1cn2ncnc2c(C)c1C	Toll-like receptor 7	9.5	US Patent	7CYN
CC(C)c1c([nH]c2ccc(cc12)C1CCN(Cc2cnn(C)c2)CC1)-c1ccc2ncnn2c1	Toll-like receptor 7	9.5	US Patent	7CYN
COCc1cc(cn2ncnc12)-c1[nH]c2ccc(cc2c1C(C)C)C1CCN(CC(=O)N2CC(C)(C)C2)CC1	Toll-like receptor 7	9.5	US Patent	7CYN
CC(C)c1c([nH]c2ccc(cc12)C1CCN(CC1)C(=O)OCCN1CCS(=O)(=O)CC1)-c1cn2ncnc2c(C)c1C	Toll-like receptor 7	9.5	US Patent	7CYN
COc1cc(cn2ncnc12)-c1[nH]c2ccc(nc2c1C(C)C)C1CCC(CC1)NCc1cnco1	Toll-like receptor 7	9.5	US Patent	7CYN
COCc1cc(cn2ncnc12)-c1[nH]c2ccc(nc2c1C(C)C)C1CCC(CC1)NCC(=O)N(C)C	Toll-like receptor 7	9.5	US Patent	7CYN
CC(C)c1c([nH]c2ccc(nc12)C1CCN(CC(C)(C)O)CC1)-c1cn(C)c(=O)c(C)c1C	Toll-like receptor 7	9.5	US Patent	7CYN
CC(C)c1c([nH]c2ccc(cc12)C1CCN(Cc2cnn(C)c2)CC1)-c1ccc2ncnn2c1	Toll-like receptor 7	9.5	US Patent	7CYN
COc1cc(cn2ncnc12)-c1[nH]c2ccc(nc2c1C(C)C)C1CCC(CC1)NCc1cnco1	Toll-like receptor 7	9.5	US Patent	7CYN
COCc1cc(cn2ncnc12)-c1[nH]c2ccc(nc2c1C(C)C)C1CCC(CC1)NCC(=O)N(C)C	Toll-like receptor 7	9.5	US Patent	7CYN
CC(C)c1c([nH]c2ccc(nc12)C1CCN(CC(C)(C)O)CC1)-c1cn(C)c(=O)c(C)c1C	Toll-like receptor 7	9.5	US Patent	7CYN
CC(C)c1c([nH]c2cnc(cc12)C1CCN(CC1)C(=O)CN(C)C)-c1cc(C)c2ncnn2c1	Toll-like receptor 7	9.5	US Patent	7CYN
CCN(C)C1CCC(CC1)c1cc2c(C(C)C)c([nH]c2cn1)-c1cc(OC)c2ncnn2c1	Toll-like receptor 7	9.5	US Patent	7CYN
COc1cc(cn2ncnc12)-c1[nH]c2cnc(N3CC4(CN(CC5(C)COC5)C4)C3)c(F)c2c1C(C)C	Toll-like receptor 7	9.5	US Patent	7CYN
CC(C)c1c([nH]c2ccc(nc12)C1CCN(CC(C)(C)O)CC1)-c1cn(C)c(=O)c(C)c1C	Toll-like receptor 7	9.5	US Patent	7CYN
COc1cc(cn2ncnc12)-c1[nH]c2ccc(nc2c1C(C)C)C1CCC(CC1)NCc1cnco1	Toll-like receptor 7	9.5	US Patent	7CYN
COCc1cc(cn2ncnc12)-c1[nH]c2ccc(nc2c1C(C)C)C1CCC(CC1)NCC(=O)N(C)C	Toll-like receptor 7	9.5	US Patent	7CYN
CC(C)c1c([nH]c2ccc(cc12)C1CCNCC1)-c1ccc2nc(C)nn2c1	Toll-like receptor 7	9.6	US Patent	7CYN
COc1cc(cn2ncnc12)-c1[nH]c2ccc(nc2c1C(C)C)C1CCC(C1)NCC1(C)COC1	Toll-like receptor 7	9.6	US Patent	7CYN
CC(C)c1c([nH]c2ccc(cc12)C1CCNCC1)-c1ccc2nc(C)nn2c1	Toll-like receptor 7	9.6	US Patent	7CYN
CC(C)CN(C)C(=O)CN1CCC(CC1)c1ccc2[nH]c(c(C(C)C)c2c1)-c1cc(C)nc(C)c1	Toll-like receptor 7	9.6	US Patent	7CYN
CC(C)c1c([nH]c2ccc(cc12)C1CCN(CC1)C(=O)CN(C)C1CCOC1)-c1cc(C)nc(C)c1	Toll-like receptor 7	9.6	US Patent	7CYN
COc1cc(cn2ncnc12)-c1[nH]c2ccc(nc2c1C(C)C)C1CCC(C1)NCC1(C)COC1	Toll-like receptor 7	9.6	US Patent	7CYN
COc1cc(cn2ncnc12)-c1[nH]c2ccc(nc2c1C(C)C)C1CCC(C1)NCC1(C)COC1	Toll-like receptor 7	9.6	US Patent	7CYN
CC(C)c1c([nH]c2ccc(cc12)-c1ccnc(N)c1)-c1ccnc(C)c1	Toll-like receptor 7	9.6	US Patent	7CYN
CC(C)c1c([nH]c2cnc(N3CCN(CC4CCOCC4)CC3)c(F)c12)-c1cn2ncnc2c(C)c1C	Toll-like receptor 7	9.6	US Patent	7CYN
COc1cc(cn2ncnc12)-c1[nH]c2ccc(nc2c1C(C)C)N1CCN(CCC(F)(F)F)CC1	Toll-like receptor 7	9.7	US Patent	7CYN
CC(C)c1c([nH]c2ccc(nc12)N1CCCN(CC(=O)N(C)C)CC1)-c1cn2ncnc2c(C)c1C	Toll-like receptor 7	9.7	US Patent	7CYN
CC(C)c1c([nH]c2ccc(nc12)C1CNCCO1)-c1cc(C)c(=O)n(C)c1	Toll-like receptor 7	9.7	US Patent	7CYN
CC(C)c1c([nH]c2ccc(cc12)C1CCN(CC1)C(=O)C(=O)NCCc1ccncc1)-c1cc(C)nc(C)c1	Toll-like receptor 7	9.7	US Patent	7CYN
CO[C@@H]1C[C@H](CO)N(CC(=O)N2CCC(CC2)c2ccc3[nH]c(c(C(C)C)c3c2)-c2cc(C)nc(C)c2)C1	Toll-like receptor 7	9.7	US Patent	7CYN
CC(C)c1c([nH]c2ccc(nc12)N1CCCN(CC(=O)N(C)C)CC1)-c1cn2ncnc2c(C)c1C	Toll-like receptor 7	9.7	US Patent	7CYN
CC(C)c1c([nH]c2ccc(nc12)C1CNCCO1)-c1cc(C)c(=O)n(C)c1	Toll-like receptor 7	9.7	US Patent	7CYN
COc1cc(cn2ncnc12)-c1[nH]c2ccc(nc2c1C(C)C)N1CCN(CCC(F)(F)F)CC1	Toll-like receptor 7	9.7	US Patent	7CYN
COc1cc(cn2ncnc12)-c1[nH]c2cnc(C3CCN(CC(=O)N(C)C)CC3)c(C)c2c1C(C)C	Toll-like receptor 7	9.7	US Patent	7CYN
CC(C)c1c([nH]c2ccc(cc12)-c1ccc(NC(=O)CN(C)C)nc1)-c1cc(C)nc(C)c1	Toll-like receptor 7	9.7	US Patent	7CYN
COc1cc(cn2ncnc12)-c1[nH]c2ccc(nc2c1C(C)C)N1CCN(CCC(F)(F)F)CC1	Toll-like receptor 7	9.7	US Patent	7CYN
CC(C)c1c([nH]c2ccc(nc12)C1CNCCO1)-c1cc(C)c(=O)n(C)c1	Toll-like receptor 7	9.7	US Patent	7CYN
CC(C)c1c([nH]c2ccc(nc12)N1CCCN(CC(=O)N(C)C)CC1)-c1cn2ncnc2c(C)c1C	Toll-like receptor 7	9.7	US Patent	7CYN
COCc1cc(cn2ncnc12)-c1[nH]c2ccc(cc2c1C(C)C)C1CCN(CC(=O)N2C[C@@H](C[C@@H]2CO)OC)CC1	Toll-like receptor 7	9.8	US Patent	7CYN
CC(C)c1c([nH]c2ccc(cc12)C1CCN(CC1)C(=O)Cc1nnn[nH]1)-c1cc(C)c2ncnn2c1	Toll-like receptor 7	9.8	US Patent	7CYN
CC(C)c1c([nH]c2ccc(nc12)N1CCNCC11CC1)-c1cn2ncnc2c(C)c1C	Toll-like receptor 7	9.8	US Patent	7CYN
COCc1cc(cn2ncnc12)-c1[nH]c2ccc(cc2c1C(C)C)C1CCN(CC(=O)N2C[C@@H](C[C@@H]2CO)OC)CC1	Toll-like receptor 7	9.8	US Patent	7CYN
CNC1CCC(CC1)c1ccc2[nH]c(-c3cn(C)c4ncncc34)c(C(C)C)c2n1	Toll-like receptor 7	9.8	US Patent	7CYN
CC(C)c1c([nH]c2ccc(cc12)C1CCN(CC1)C(=O)Cc1nnn[nH]1)-c1cc(C)c2ncnn2c1	Toll-like receptor 7	9.8	US Patent	7CYN
CC(C)c1c([nH]c2ccc(cc12)C1CCN(C)CC1)-c1cc(C)ncc1C	Toll-like receptor 7	9.8	US Patent	7CYN
CC(C)c1c([nH]c2ccc(cc12)C1CCN(CC(=O)N2CCC(F)(F)CC2)CC1)-c1cc(C)nc(C)c1	Toll-like receptor 7	9.8	US Patent	7CYN
CC(C)c1c([nH]c2ccc(cc12)C1CCN(CC1)C(=O)CNC12CC3CC(CC(O)(C3)C1)C2)-c1cc(C)nc(C)c1	Toll-like receptor 7	9.8	US Patent	7CYN
CC(C)c1c([nH]c2ccc(nc12)N1CCNCC11CC1)-c1cn2ncnc2c(C)c1C	Toll-like receptor 7	9.8	US Patent	7CYN
CNC1CCC(CC1)c1ccc2[nH]c(-c3cn(C)c4ncncc34)c(C(C)C)c2n1	Toll-like receptor 7	9.8	US Patent	7CYN
CC(C)c1c([nH]c2ccc(nc12)N1CCNCC11CC1)-c1cn2ncnc2c(C)c1C	Toll-like receptor 7	9.8	US Patent	7CYN
CNC1CCC(CC1)c1ccc2[nH]c(-c3cn(C)c4ncncc34)c(C(C)C)c2n1	Toll-like receptor 7	9.8	US Patent	7CYN
CNC(=O)c1c2CNCCn2nc1-c1ccc2[nH]c(c(C(C)C)c2c1)-c1ccnc(C)c1	Toll-like receptor 7	9.8	US Patent	7CYN
COCc1cc(cn2ncnc12)-c1[nH]c2ccc(cc2c1C(C)C)C1CCN(CC(=O)N2CCC[C@@H]2CO)CC1	Toll-like receptor 7	9.9	US Patent	7CYN
CC(C)c1c([nH]c2ccc(cc12)C1CCNCC1)-c1cc(NCC(F)(F)F)c2ncnn2c1	Toll-like receptor 7	9.9	US Patent	7CYN
CC(C)c1c([nH]c2ccc(cc12)C1CCN(CC(=O)N(C)C)CC1)-c1cc(C(C)O)c2ncnn2c1	Toll-like receptor 7	9.9	US Patent	7CYN
COCc1cc(cn2ncnc12)-c1[nH]c2ccc(cc2c1C(C)C)C1CCN(CC(=O)N2CCC[C@@H]2CO)CC1	Toll-like receptor 7	9.9	US Patent	7CYN
CC(C)c1c([nH]c2ccc(cc12)C1CCNCC1)-c1cc(NCC(F)(F)F)c2ncnn2c1	Toll-like receptor 7	9.9	US Patent	7CYN
CC(C)c1c([nH]c2ccc(cc12)C1CCN(CC(=O)N(C)C)CC1)-c1cc(C(C)O)c2ncnn2c1	Toll-like receptor 7	9.9	US Patent	7CYN
CC(C)N(CC(=O)N1CCC(CC1)c1ccc2[nH]c(c(C(C)C)c2c1)-c1cc(C)nc(C)c1)C(C)C	Toll-like receptor 7	9.9	US Patent	7CYN
CNC(=O)CN1CCN(CC1)c1ncc2[nH]c(c(C(C)C)c2c1C)-c1cc(OC)c2ncnn2c1	Toll-like receptor 7	9.9	US Patent	7CYN
COc1cc(cn2ncnc12)-c1[nH]c2cnc(N3CC4(CN(C4)C4CCC4)C3)c(F)c2c1C(C)C	Toll-like receptor 7	9.9	US Patent	7CYN
COc1cc(cn2ncnc12)-c1[nH]c2cc(C)c(nc2c1C(C)C)C(=O)N(C)CCN(C)C	Toll-like receptor 7	10	US Patent	7CYN
CC(C)c1c([nH]c2ccc(nc12)N1C[C@@H](C)N(C[C@H]1C)C(=O)CCN(C)C)-c1cn2ncnc2c(C)c1C	Toll-like receptor 7	10	US Patent	7CYN
CC(C)c1c([nH]c2ccc(NCCNC(=O)CN(C)C)nc12)-c1cn2ncnc2c(C)c1C	Toll-like receptor 7	10	US Patent	7CYN
CC(C)N1CC2(C1)CN(C2)c1ccc2[nH]c(c(C(C)C)c2n1)-c1cn2ncnc2c(C)c1C	Toll-like receptor 7	10	US Patent	7CYN
CC(C)c1c([nH]c2ccc(nc12)N1CC(C1)N(C)C)-c1cn2ncnc2c(C)c1C	Toll-like receptor 7	10	US Patent	7CYN
CC(C)c1c([nH]c2ccc(nc12)C1CCC(CC1)N1CCC2(COC2)C1)-c1cn2ncnc2c(C)c1C	Toll-like receptor 7	10	US Patent	7CYN
CNC1CCC(CC1)c1ccc2[nH]c(-c3cn(CCO)c4ncccc34)c(C(C)C)c2n1	Toll-like receptor 7	10	US Patent	7CYN
CC(C)c1c([nH]c2ccc(nc12)C1CCN(CC1)C(=O)CN(C)C)-c1cn(C)c(=O)c(Cl)c1C	Toll-like receptor 7	10	US Patent	7CYN
CC(C)c1c([nH]c2ccc(cc12)C1CCN(CC2CC2)CC1)-c1cc(C)ncc1C	Toll-like receptor 7	10	US Patent	7CYN
CC(C)c1c([nH]c2ccc(cc12)C1CCN(CC(=O)NC2(C)CCC2)CC1)-c1cc(C)nc(C)c1	Toll-like receptor 7	10	US Patent	7CYN
CC(C)c1c([nH]c2ccc(cc12)C1CCN(CC(=O)N(C)CCCO)CC1)-c1cc(C)nc(C)c1	Toll-like receptor 7	10	US Patent	7CYN
CNCC(=O)N1CCC(CC1)c1ccc2[nH]c(c(CC(F)F)c2c1)-c1cc(C)nc(C)c1	Toll-like receptor 7	10	US Patent	7CYN
CCOc1nc(C)c2nc(-c3cncc(F)c3)n(Cc3cnn(CC4CN5CCC4CC5)c3)c2n1	Toll-like receptor 7	10	US Patent	7CYN
COc1nc(C)c2nc(-c3cncc(F)c3)n(Cc3ccc(cc3)[C@H]3CN4CCC3CC4)c2n1	Toll-like receptor 7	10	US Patent	7CYN
CCOc1nc(C)c2nc(-c3cncc(F)c3)n(Cc3ccc(CN4C[C@@H]5C[C@H]4CN5C)cc3)c2n1	Toll-like receptor 7	10	US Patent	7CYN
COc1cc(cn2ncnc12)-c1[nH]c2cc(C)c(nc2c1C(C)C)C(=O)N(C)CCN(C)C	Toll-like receptor 7	10	US Patent	7CYN
CNC1CCC(CC1)c1ccc2[nH]c(-c3cn(CCO)c4ncccc34)c(C(C)C)c2n1	Toll-like receptor 7	10	US Patent	7CYN
CC(C)c1c([nH]c2ccc(nc12)N1C[C@@H](C)N(C[C@H]1C)C(=O)CCN(C)C)-c1cn2ncnc2c(C)c1C	Toll-like receptor 7	10	US Patent	7CYN
CC(C)c1c([nH]c2ccc(nc12)C1CCN(CC1)C(=O)CN(C)C)-c1cn(C)c(=O)c(Cl)c1C	Toll-like receptor 7	10	US Patent	7CYN
CC(C)c1c([nH]c2ccc(NCCNC(=O)CN(C)C)nc12)-c1cn2ncnc2c(C)c1C	Toll-like receptor 7	10	US Patent	7CYN
CC(C)N1CC2(CC(C2)c2ccc3[nH]c(c(C(C)C)c3n2)-c2cn3ncnc3c(C)c2C)C1	Toll-like receptor 7	10	US Patent	7CYN
CC(C)c1c([nH]c2ccc(nc12)N1CC(C1)N(C)C)-c1cn2ncnc2c(C)c1C	Toll-like receptor 7	10	US Patent	7CYN
CC(C)c1c([nH]c2ccc(nc12)C1CCC(CC1)N1CCC2(COC2)C1)-c1cn2ncnc2c(C)c1C	Toll-like receptor 7	10	US Patent	7CYN
CCN(C)C1CCC(CC1)c1ncc2[nH]c(c(C(C)C)c2c1C)-c1cc(OC)c2ncnn2c1	Toll-like receptor 7	10	US Patent	7CYN
CC(C)c1c([nH]c2ccc(nc12)C1CCC(CC1)N1CCC2(COC2)C1)-c1cn2ncnc2c(C)c1C	Toll-like receptor 7	10	US Patent	7CYN
CC(C)c1c([nH]c2ccc(nc12)N1C[C@@H](C)N(C[C@H]1C)C(=O)CCN(C)C)-c1cn2ncnc2c(C)c1C	Toll-like receptor 7	10	US Patent	7CYN
CC(C)c1c([nH]c2cnc(N3CCN(CC3)C(=O)CN(C)C)c(C)c12)-c1cn2ncnc2c(C)c1C	Toll-like receptor 7	10	US Patent	7CYN
CC(C)c1c([nH]c2ccc(cc12)-c1sc(nc1C)C1CCNCC1)-c1ccnc(C)c1	Toll-like receptor 7	10	US Patent	7CYN
CC(C)c1c([nH]c2ccc(NCCNC(=O)CN(C)C)nc12)-c1cn2ncnc2c(C)c1C	Toll-like receptor 7	10	US Patent	7CYN
CC(C)N1CC2(CC(C2)c2ccc3[nH]c(c(C(C)C)c3n2)-c2cn3ncnc3c(C)c2C)C1	Toll-like receptor 7	10	US Patent	7CYN
CC(C)c1c([nH]c2ccc(nc12)N1CC(C1)N(C)C)-c1cn2ncnc2c(C)c1C	Toll-like receptor 7	10	US Patent	7CYN
CNC1CCC(CC1)c1ccc2[nH]c(-c3cn(CCO)c4ncccc34)c(C(C)C)c2n1	Toll-like receptor 7	10	US Patent	7CYN
COCCNC12CCC(Cn3nc(C)c4CN(CCc34)c3cc(C)nc4n(C)ncc34)(CC1)CC2	Toll-like receptor 7	10	ChEMBL	7CYN
CC(C)c1c([nH]c2ccc(cc12)-c1nnc(CCN(C)C)o1)-c1cc(C)nc(C)c1	Toll-like receptor 7	10	US Patent	7CYN
CC(C)CN1CCN([C@H](C)C1)c1ncc2[nH]c(c(C(C)C)c2c1F)-c1cn2ncnc2c(C)c1C	Toll-like receptor 7	10	US Patent	7CYN
C[C@H]1CN(C[C@@H](C)O1)C12CCC(Cn3nc(C)c4CN(CCc34)c3cc(C)nc4n(C)ncc34)(CC1)CC2	Toll-like receptor 7	10	ChEMBL	7CYN
CNCCN1CCC(CC1)c1ccc2[nH]c(c(C(C)C)c2c1)-c1ccc(OC)c(OC)c1	Toll-like receptor 7	10	ChEMBL	7CYN
CNCC(=O)Nc1cnc(cn1)-c1ccc2[nH]c(c(C(C)C)c2c1)-c1cc(C)nc(C)c1	Toll-like receptor 7	10	US Patent	7CYN
CC(C)c1c([nH]c2ccc(nc12)C1CCN(CC1)C(=O)CN(C)C)-c1cn(C)c(=O)c(Cl)c1C	Toll-like receptor 7	10	US Patent	7CYN
COc1cc(cn2ncnc12)-c1[nH]c2cc(C)c(nc2c1C(C)C)C(=O)N(C)CCN(C)C	Toll-like receptor 7	10	US Patent	7CYN
CCN(CCN(C)C)C(=O)c1nnc(o1)-c1ccc2[nH]c(c(C(C)C)c2c1)-c1cc(C)nc(C)c1	Toll-like receptor 7	10	US Patent	7CYN
CC(C)c1c([nH]c2ccc(cc12)C1CCN(CC1)C(=O)CNCC(C)(C)C)-c1cn2ncnc2c(C)c1C	Toll-like receptor 7	10.1	US Patent	7CYN
CCC(CC)C(=O)N1CCC(CC1)c1ccc2[nH]c(c(C(C)C)c2c1)-c1cc(C)c2ncnn2c1	Toll-like receptor 7	10.1	US Patent	7CYN
CC(C)c1c([nH]c2ccc(cc12)C1CCN(CC1)C1CCCC1(C)[N+]#[C-])-c1cc(C)c2ncnn2c1	Toll-like receptor 7	10.1	US Patent	7CYN
CC(C)c1c([nH]c2ccc(cc12)C1CCN(CC1)C(=O)CNCC(C)(C)C)-c1cn2ncnc2c(C)c1C	Toll-like receptor 7	10.1	US Patent	7CYN
CCC(CC)C(=O)N1CCC(CC1)c1ccc2[nH]c(c(C(C)C)c2c1)-c1cc(C)c2ncnn2c1	Toll-like receptor 7	10.1	US Patent	7CYN
CC(C)c1c([nH]c2ccc(cc12)C1CCN(CC1)C1CCCC1(C)C#N)-c1cc(C)c2ncnn2c1	Toll-like receptor 7	10.1	US Patent	7CYN
CC(C)c1c([nH]c2ccc(cc12)C1CCN(CC2=C[N](C)=NN2)CC1)-c1cc(C)ncc1C	Toll-like receptor 7	10.1	US Patent	7CYN
CC(C)c1c([nH]c2ccc(cc12)C1CCN(CC1)C1COC1)-c1cc(C)nc(C)c1F	Toll-like receptor 7	10.1	US Patent	7CYN
COc1ncc(CN2CCC(CC2)c2ccc3[nH]c(c(C(C)C)c3c2)-c2cc(C)nc(C)c2)cn1	Toll-like receptor 7	10.1	US Patent	7CYN
CC(C)c1c([nH]c2ccc(cc12)C1CCN(CC1)C(CF)CF)-c1cc(C)nc(C)c1	Toll-like receptor 7	10.1	US Patent	7CYN
CCC(O)CN1CCC(CC1)c1ccc2[nH]c(c(C(C)C)c2c1)-c1ccnc(C)c1	Toll-like receptor 7	10.2	US Patent	7CYN
CC(C)c1c([nH]c2ccc(cc12)C1CCNCC1)-c1cc(C)nc(c1)C1CC1	Toll-like receptor 7	10.2	US Patent	7CYN
CC(C)c1c([nH]c2ccc(cc12)C1CCN(Cc2cnc(C)nc2)CC1)-c1cc(c2ncnn2c1)C(C)(C)O	Toll-like receptor 7	10.3	US Patent	7CYN
CC(C)c1c([nH]c2ccc(cc12)C1CCN(Cc2cnc(C)nc2)CC1)-c1cc(c2ncnn2c1)C(C)(C)O	Toll-like receptor 7	10.3	US Patent	7CYN
CC(C)c1c([nH]c2ccc(cc12)C1CCN(Cc2ccn(C)n2)CC1)-c1cc(C)ncc1F	Toll-like receptor 7	10.3	US Patent	7CYN
CC(C)c1c([nH]c2ccc(cc12)C1CCN(CC(=O)N2CCOC[C@H]2CO)CC1)-c1cc(C)nc(C)c1	Toll-like receptor 7	10.3	US Patent	7CYN
CC(O)CCNCC(=O)N1CCC(CC1)c1ccc2[nH]c(c(C(C)C)c2c1)-c1cc(C)nc(C)c1	Toll-like receptor 7	10.3	US Patent	7CYN
CC(C)c1c([nH]c2ccc(cc12)C1CCN(CC1)C(=O)CN1CC2CCC(C1)O2)-c1cc(C)nc(C)c1	Toll-like receptor 7	10.3	US Patent	7CYN
CC(C)c1c([nH]c2ccc(cc12)C1CCN(CC1)C(=O)CN(C)Cc1cc(C)on1)-c1cc(C)nc(C)c1	Toll-like receptor 7	10.3	US Patent	7CYN
COCc1cc(cn2ncnc12)-c1[nH]c2ccc(cc2c1C(C)C)C1CCN(CC(=O)N2C[C@H](C)C[C@@H]2CO)CC1	Toll-like receptor 7	10.4	US Patent	7CYN
COc1cc(cn2nc(nc12)C(F)(F)F)-c1[nH]c2ccc(cc2c1C(C)C)C1CCNCC1	Toll-like receptor 7	10.4	US Patent	7CYN
CCOc1cc(cn2nc(C)nc12)-c1[nH]c2ccc(cc2c1C(C)C)C1CCN(CC(=O)NC)CC1	Toll-like receptor 7	10.4	US Patent	7CYN
COCc1cc(cn2ncnc12)-c1[nH]c2ccc(cc2c1C(C)C)C1CCN(CC(=O)N2C[C@H](C)C[C@@H]2CO)CC1	Toll-like receptor 7	10.4	US Patent	7CYN
COc1cc(cn2nc(nc12)C(F)(F)F)-c1[nH]c2ccc(cc2c1C(C)C)C1CCNCC1	Toll-like receptor 7	10.4	US Patent	7CYN
CCOc1cc(cn2nc(C)nc12)-c1[nH]c2ccc(cc2c1C(C)C)C1CCN(CC(=O)NC)CC1	Toll-like receptor 7	10.4	US Patent	7CYN
CC(C)c1c([nH]c2ccc(cc12)C1CCN(CC(C)(C)O)CC1)-c1cc(C)ncc1C	Toll-like receptor 7	10.4	US Patent	7CYN
CC(C)c1c([nH]c2ccc(cc12)C1CCN(CC1)C1COC1)-c1cc(OCCO)c2ncnn2c1	Toll-like receptor 7	10.5	US Patent	7CYN
CC(C)c1c([nH]c2ccc(cc12)C1CCN(CC1)C1COC1)-c1cc(OCCO)c2ncnn2c1	Toll-like receptor 7	10.5	US Patent	7CYN
CC(C)c1c([nH]c2ccc(cc12)C1CCN(CC(=O)N(C)CC(O)c2ccccc2)CC1)-c1cc(C)nc(C)c1	Toll-like receptor 7	10.5	US Patent	7CYN
CCc1c([nH]c2ccc(cc12)C1CCN(CC(=O)N(C)C)CC1)-c1cc(C)nc(C)c1	Toll-like receptor 7	10.5	US Patent	7CYN
COCc1cc(cn2ncnc12)-c1[nH]c2ccc(cc2c1C(C)C)C1CCN(CC(=O)N(C)CCc2cn[nH]c2)CC1	Toll-like receptor 7	10.6	US Patent	7CYN
CC(C)c1c([nH]c2ccc(cc12)C1CCN(CC#N)CC1)-c1cc(c2ncnn2c1)C(C)(C)O	Toll-like receptor 7	10.6	US Patent	7CYN
COCc1cc(cn2ncnc12)-c1[nH]c2ccc(cc2c1C(C)C)C1CCN(CC(=O)N(C)CCc2cn[nH]c2)CC1	Toll-like receptor 7	10.6	US Patent	7CYN
CC(C)c1c([nH]c2ccc(cc12)C1CCN(CC#N)CC1)-c1cc(c2ncnn2c1)C(C)(C)O	Toll-like receptor 7	10.6	US Patent	7CYN
CC(C)c1c([nH]c2ccc(cc12)C1CCN(CC1)C(=O)[C@@H]1C[C@H](O)CCN1)-c1ccnc(C)c1	Toll-like receptor 7	10.6	US Patent	7CYN
CCc1cc(-c2[nH]c3ccc(cc3c2C(C)C)C2CCNCC2)c(F)cn1	Toll-like receptor 7	10.6	US Patent	7CYN
CC(C)c1c([nH]c2ccc(cc12)C1CCN(CC1)C(=O)CN(C)CCC#N)-c1cn2ncnc2c(C)c1C	Toll-like receptor 7	10.7	US Patent	7CYN
CC(C)c1c([nH]c2ccc(cc12)C1CCN(CC1)C(=O)CN(C)CCC#N)-c1cn2ncnc2c(C)c1C	Toll-like receptor 7	10.7	US Patent	7CYN
C[C@H](O)CC(=O)N1CCC(CC1)c1ccc2[nH]c(c(C(C)C)c2c1)-c1cc(C)nc(C)c1	Toll-like receptor 7	10.7	US Patent	7CYN
CC(C)c1c([nH]c2ccc(cc12)C1CCN(CC1)C(=O)CN(C)Cc1ncn(C)n1)-c1cc(C)nc(C)c1	Toll-like receptor 7	10.7	US Patent	7CYN
CC(C)c1c([nH]c2ccc(cc12)C1CCN(CC1)C(=O)CN(C)C)-c1cc(C)c2nc(nn2c1)C(F)(F)F	Toll-like receptor 7	10.8	US Patent	7CYN
CC(C)c1c([nH]c2ccc(cc12)C1CCN(CC(=O)N(C)C)CC1)-c1cc(C)c2ncnn2c1C	Toll-like receptor 7	10.8	US Patent	7CYN
CNC(=O)CN1CCC(CC1)c1ccc2[nH]c(c(C(C)C)c2c1)-c1ccc2nc(C)nn2c1	Toll-like receptor 7	10.8	US Patent	7CYN
CC(C)c1c([nH]c2ccc(cc12)C1CCN(CC(=O)N(C)C)CC1)-c1cc(NCC(F)(F)F)c2ncnn2c1	Toll-like receptor 7	10.8	US Patent	7CYN
CC(C)c1c([nH]c2ccc(cc12)C1CCN(CC1)C1COC1)-c1cc(C2CC2)c2nc(C)nn2c1	Toll-like receptor 7	10.8	US Patent	7CYN
CC(C)c1c([nH]c2ccc(cc12)C1CCN(CC1)C1COC1)-c1cc(C2CC2)c2nc(C)nn2c1	Toll-like receptor 7	10.8	US Patent	7CYN
CC(C)c1c([nH]c2ccc(cc12)C1CCN(CC1)C(=O)CN(C)C)-c1cc(C)c2nc(nn2c1)C(F)(F)F	Toll-like receptor 7	10.8	US Patent	7CYN
CC(C)c1c([nH]c2ccc(cc12)C1CCN(CC(=O)N(C)C)CC1)-c1cc(C)c2ncnn2c1C	Toll-like receptor 7	10.8	US Patent	7CYN
CNC(=O)CN1CCC(CC1)c1ccc2[nH]c(c(C(C)C)c2c1)-c1ccc2nc(C)nn2c1	Toll-like receptor 7	10.8	US Patent	7CYN
CC(C)c1c([nH]c2ccc(cc12)C1CCN(CC(=O)N(C)C)CC1)-c1cc(NCC(F)(F)F)c2ncnn2c1	Toll-like receptor 7	10.8	US Patent	7CYN
CC(C)c1c([nH]c2ccc(cc12)C1CCN(CC1)C(=O)CN(C)C)-c1cc(C)ncc1C	Toll-like receptor 7	10.8	US Patent	7CYN
CNC(=O)CN1CCC(CC1)c1ccc2[nH]c(c(C(C)C)c2c1)-c1cc(C)nc(c1)C1CC1	Toll-like receptor 7	10.8	US Patent	7CYN
COCc1c(C)c(cn2ncnc12)-c1[nH]c2ccc(cc2c1C(C)C)C1CCNCC1	Toll-like receptor 7	10.9	US Patent	7CYN
COCc1c(C)c(cn2ncnc12)-c1[nH]c2ccc(cc2c1C(C)C)C1CCNCC1	Toll-like receptor 7	10.9	US Patent	7CYN
CC(C)c1c([nH]c2ccc(cc12)C1CCN(CC1)C1CC(C)OC(C)C1)-c1cc(C)nc(C)c1	Toll-like receptor 7	10.9	US Patent	7CYN
CC(C)c1c([nH]c2ccc(cc12)C1CCN(Cc2cncnc2)CC1)-c1cn2ncnc2cc1C	Toll-like receptor 7	11	US Patent	7CYN
CC(C)c1c([nH]c2ccc(CCC3CN(Cc4c[nH]nn4)C3)nc12)-c1cn(C)c2ncccc12	Toll-like receptor 7	11	US Patent	7CYN
CC(C)c1c([nH]c2ccc(nc12)N1C[C@H]2C[C@@H]1CCN2C1CCS(=O)(=O)CC1)-c1cn2ncnc2c(C)c1C	Toll-like receptor 7	11	US Patent	7CYN
CC(C)c1c([nH]c2ccc(nc12)N1C[C@@H]2C[C@H]1CCN2C1CCS(=O)(=O)CC1)-c1cn2ncnc2c(C)c1C	Toll-like receptor 7	11	US Patent	7CYN
CC(C)c1c([nH]c2ccc(nc12)N1CCN(CC1)C(=O)C1(CC1)N(C)C)-c1cn2ncnc2c(C)c1C	Toll-like receptor 7	11	US Patent	7CYN
CC(C)c1c([nH]c2ccc(nc12)N1C2CC1CNC2)-c1cn2ncnc2c(C)c1C	Toll-like receptor 7	11	US Patent	7CYN
CC(C)c1c([nH]c2ccc(nc12)N1CC2(CN(C2)C2COC2)C1)-c1cn2ncnc2c(C)c1C	Toll-like receptor 7	11	US Patent	7CYN
COCCN1CC2(C1)CN(C2)c1ccc2[nH]c(c(C(C)C)c2n1)-c1cn2ncnc2c(C)c1C	Toll-like receptor 7	11	US Patent	7CYN
CC(C)c1c([nH]c2ccc(nc12)N1CC(N)C1)-c1cn2ncnc2c(C)c1C	Toll-like receptor 7	11	US Patent	7CYN
CNC(=O)CN1CCN(CC1)c1ccc2[nH]c(c(C(C)C)c2n1)-c1cc(OC)c2ncnn2c1	Toll-like receptor 7	11	US Patent	7CYN
CC(C)c1c([nH]c2ccc(nc12)N1CCC(C1)NCC1(CC1)S(C)(=O)=O)-c1cn2ncnc2c(C)c1C	Toll-like receptor 7	11	US Patent	7CYN
CC(C)c1c([nH]c2ccc(nc12)C1CCC(CC1)NC1COC1)-c1cn2cnnc2c(C)c1C	Toll-like receptor 7	11	US Patent	7CYN
CNC1CCC(CC1)c1ccc2[nH]c(-c3cn(CCO)c4ncccc34)c(C(C)C)c2n1	Toll-like receptor 7	11	US Patent	7CYN
CC(C)c1c([nH]c2ccc(nc12)C1CCC(CC1)NCCC(F)(F)F)-c1cc(CO)c2ncnn2c1	Toll-like receptor 7	11	US Patent	7CYN
COCCN(C)C(=O)CNC1CCC(CC1)c1ccc2[nH]c(c(C(C)C)c2n1)-c1cn2ncnc2c(C)c1C	Toll-like receptor 7	11	US Patent	7CYN
CNC(=O)CN1CCC(CC1)c1ccc2[nH]c(c(C(C)C)c2n1)-c1cn(C)c(=O)c(C)c1C	Toll-like receptor 7	11	US Patent	7CYN
CC(C)CN1CCC(CC1)c1ccc2[nH]c(c(C(C)C)c2n1)-c1cn(C)c(=O)c(Cl)c1C	Toll-like receptor 7	11	US Patent	7CYN
CC(C)c1c([nH]c2ccc(cc12)C1CCN(Cc2cncnc2)CC1)-c1cn2ncnc2cc1C	Toll-like receptor 7	11	US Patent	7CYN
COc1cc(cn2ncnc12)-c1[nH]c2ccc(CCC3CN(CC(=O)N(C)C)C3)nc2c1C(C)C	Toll-like receptor 7	11	US Patent	7CYN
CC(C)c1c([nH]c2ccc(CCC3CN(CC4(C)COC4)C3)nc12)-c1cn(C)c2ncccc12	Toll-like receptor 7	11	US Patent	7CYN
CC(C)c1c([nH]c2ccc(cc12)C1CCN(Cc2c[nH]nn2)CC1)-c1cc(C)ncc1C	Toll-like receptor 7	11	US Patent	7CYN
CC(C)c1c([nH]c2ccc(cc12)C1CCN(CC1)C1COC1)-c1ccnc(C)c1	Toll-like receptor 7	11	US Patent	7CYN
CCc1c([nH]c2cc(F)c(C3CCNCC3)c(F)c12)-c1ccnc(C)c1	Toll-like receptor 7	11	US Patent	7CYN
CC(C)c1c([nH]c2ccc(cc12)C1CCN(CC1)C1CC(C)OC(C)C1)-c1cc(C)nc(C)c1	Toll-like receptor 7	11	US Patent	7CYN
CCOc1nc(C)c2nc(-c3cncc(F)c3)n(Cc3ccc(cc3)[C@H]3CN4CCC3CC4)c2n1	Toll-like receptor 7	11	US Patent	7CYN
CCOc1nc(C)c2nc(-c3cncc(c3)C#N)n(Cc3ccc(CN4CC5CC4CN5C)cc3F)c2n1	Toll-like receptor 7	11	US Patent	7CYN
COc1nc(C)c2nc(-c3cncc(F)c3)n(Cc3cccc(c3)C3=CN4CCC3CC4)c2n1	Toll-like receptor 7	11	US Patent	7CYN
CCOc1nc(C)c2nc(-c3cncc(F)c3)n(Cc3ccc(cc3OC)C3CN4CCC3CC4)c2n1	Toll-like receptor 7	11	US Patent	7CYN
CC(C)c1c([nH]c2ccc(nc12)N1CCC(C1)NCC1(CC1)S(C)(=O)=O)-c1cn2ncnc2c(C)c1C	Toll-like receptor 7	11	US Patent	7CYN
CC(C)c1c([nH]c2ccc(nc12)N1C[C@H]2C[C@@H]1CN2C1CCS(=O)(=O)CC1)-c1cn2ncnc2c(C)c1C	Toll-like receptor 7	11	US Patent	7CYN
CC(C)c1c([nH]c2ccc(nc12)N1C[C@@H]2C[C@H]1CN2C1CCS(=O)(=O)CC1)-c1cn2ncnc2c(C)c1C	Toll-like receptor 7	11	US Patent	7CYN
CC(C)c1c([nH]c2ccc(nc12)C1CCC(CC1)NC1COC1)-c1cn2cnnc2c(C)c1C	Toll-like receptor 7	11	US Patent	7CYN
CNC1CCC(CC1)c1ccc2[nH]c(-c3cn(CCO)c4ncccc34)c(C(C)C)c2n1	Toll-like receptor 7	11	US Patent	7CYN
CC(C)c1c([nH]c2ccc(nc12)C1CCC(CC1)NCCC(F)(F)F)-c1cc(CO)c2ncnn2c1	Toll-like receptor 7	11	US Patent	7CYN
CC(C)c1c([nH]c2ccc(nc12)N1CCN(CC1)C(=O)C1(CC1)N(C)C)-c1cn2ncnc2c(C)c1C	Toll-like receptor 7	11	US Patent	7CYN
COCCN(C)C(=O)CNC1CCC(CC1)c1ccc2[nH]c(c(C(C)C)c2n1)-c1cn2ncnc2c(C)c1C	Toll-like receptor 7	11	US Patent	7CYN
CNC(=O)CN1CCC(CC1)c1ccc2[nH]c(c(C(C)C)c2n1)-c1cn(C)c(=O)c(C)c1C	Toll-like receptor 7	11	US Patent	7CYN
CC(C)CN1CCC(CC1)c1ccc2[nH]c(c(C(C)C)c2n1)-c1cn(C)c(=O)c(Cl)c1C	Toll-like receptor 7	11	US Patent	7CYN
CC(C)c1c([nH]c2ccc(nc12)N1C2CC1CNC2)-c1cn2ncnc2c(C)c1C	Toll-like receptor 7	11	US Patent	7CYN
CC(C)c1c([nH]c2ccc(nc12)N1CC2(CN(C2)C2COC2)C1)-c1cn2ncnc2c(C)c1C	Toll-like receptor 7	11	US Patent	7CYN
COCCN1CC2(C1)CN(C2)c1ccc2[nH]c(c(C(C)C)c2n1)-c1cn2ncnc2c(C)c1C	Toll-like receptor 7	11	US Patent	7CYN
CC(C)c1c([nH]c2ccc(nc12)N1CC(N)C1)-c1cn2ncnc2c(C)c1C	Toll-like receptor 7	11	US Patent	7CYN
COc1cc(cn2ncnc12)-c1[nH]c2ccc(CCC3CN(CC(=O)N(C)C)C3)nc2c1C(C)C	Toll-like receptor 7	11	US Patent	7CYN
CC(C)c1c([nH]c2ccc(CCC3CN(CC4(C)COC4)C3)nc12)-c1cn(C)c2ncccc12	Toll-like receptor 7	11	US Patent	7CYN
CC(C)c1c([nH]c2ccc(CCC3CN(Cc4c[nH]nn4)C3)nc12)-c1cn(C)c2ncccc12	Toll-like receptor 7	11	US Patent	7CYN
CNC(=O)CN1CCN(CC1)c1ccc2[nH]c(c(C(C)C)c2n1)-c1cc(OC)c2ncnn2c1	Toll-like receptor 7	11	US Patent	7CYN
CC(C)CN1CCC(CC1)c1ccc2[nH]c(c(C(C)C)c2n1)-c1cn(C)c(=O)c(Cl)c1C	Toll-like receptor 7	11	US Patent	7CYN
CNC(=O)CN(C)C1CCC(CC1)c1cc2c(C(C)C)c([nH]c2cn1)-c1cc(OC)c2ncnn2c1	Toll-like receptor 7	11	US Patent	7CYN
CC(C)c1c([nH]c2ccc(nc12)C1CCC(CC1)NC1COC1)-c1cn2cnnc2c(C)c1C	Toll-like receptor 7	11	US Patent	7CYN
CNCCN1CCC(CC1)c1ccc2[nH]c(c(C(C)C)c2c1)-c1ccc(OC)c(OC)c1	Toll-like receptor 7	11	ChEMBL	7CYN
CC(C)c1c([nH]c2ccc(CCC3CN(Cc4c[nH]nn4)C3)nc12)-c1cn(C)c2ncccc12	Toll-like receptor 7	11	US Patent	7CYN
CC(C)c1c([nH]c2ccc(cc12)-c1nnc(o1)C1CCCN(C)C1)-c1ccnc(C)c1	Toll-like receptor 7	11	US Patent	7CYN
COCCN1CC2(C1)CN(C2)c1ccc2[nH]c(c(C(C)C)c2n1)-c1cn2ncnc2c(C)c1C	Toll-like receptor 7	11	US Patent	7CYN
COc1cc(cn2ncnc12)-c1[nH]c2cnc(N3CCN(CC(N)=O)C[C@H]3C)c(F)c2c1C(C)C	Toll-like receptor 7	11	US Patent	7CYN
CC(C)N1CCc2cc(sc2C1)-c1ccc2[nH]c(c(C(C)C)c2c1)-c1cc(C)nc(C)c1	Toll-like receptor 7	11	US Patent	7CYN
CC(C)c1c([nH]c2ccc(nc12)N1CC(N)C1)-c1cn2ncnc2c(C)c1C	Toll-like receptor 7	11	US Patent	7CYN
CNC(=O)CN1CCN(CC1)c1ccc2[nH]c(c(C(C)C)c2n1)-c1cc(OC)c2ncnn2c1	Toll-like receptor 7	11	US Patent	7CYN
CC(C)c1c([nH]c2ccc(cc12)-c1ccc(NC(=O)C(F)(F)F)nc1)-c1ccnc(C)c1	Toll-like receptor 7	11	US Patent	7CYN
CC(C)c1c([nH]c2ccc(cc12)-c1nnc(o1)[C@@H]1CCCNC1)-c1cc(C)nc(C)c1	Toll-like receptor 7	11	US Patent	7CYN
COc1cc(ccn1)-c1cc2[nH]nc(NC3CCN(C)CC3)c2cc1OC	Toll-like receptor 7	11	ChEMBL	7CYN
CNC(=O)CN1CCC(CC1)c1ccc2[nH]c(c(C(C)C)c2n1)-c1cn(C)c(=O)c(C)c1C	Toll-like receptor 7	11	US Patent	7CYN
CC(C)c1c([nH]c2ccc(nc12)N1CCN(CC1)C(=O)C1(CC1)N(C)C)-c1cn2ncnc2c(C)c1C	Toll-like receptor 7	11	US Patent	7CYN
CNCCNc1ccc(cn1)-c1ccc2[nH]c(c(C(C)C)c2c1)-c1ccnc(C)c1	Toll-like receptor 7	11	US Patent	7CYN
COc1cc(cn2ncnc12)-c1[nH]c2cnc(cc2c1C(C)C)C1CCC(C1)N(C)C(C)C	Toll-like receptor 7	11	US Patent	7CYN
CC(C)c1c([nH]c2ccc(cc12)C(C)(C)C(=O)N[C@H]1CCCC[C@H]1N)-c1ccnc(C)c1	Toll-like receptor 7	11	US Patent	7CYN
COc1cc(cn2ncnc12)-c1[nH]c2cnc(C3CCC(CC3)NC3COC3)c(C)c2c1C(C)C	Toll-like receptor 7	11	US Patent	7CYN
COCCN(C)C(=O)CNC1CCC(CC1)c1ccc2[nH]c(c(C(C)C)c2n1)-c1cn2ncnc2c(C)c1C	Toll-like receptor 7	11	US Patent	7CYN
CC(C)c1c([nH]c2ccc(nc12)N1C2CC1CNC2)-c1cn2ncnc2c(C)c1C	Toll-like receptor 7	11	US Patent	7CYN
CC(C)c1c([nH]c2ccc(nc12)C1CCC(CC1)NCCC(F)(F)F)-c1cc(CO)c2ncnn2c1	Toll-like receptor 7	11	US Patent	7CYN
CC(C)c1c([nH]c2cnc(C3CCC(CC3)NC3CCOCC3)c(F)c12)-c1cn2ncnc2c(C)c1C	Toll-like receptor 7	11	US Patent	7CYN
CC(C)c1c([nH]c2ccc(nc12)N1CC2(CN(C2)C2COC2)C1)-c1cn2ncnc2c(C)c1C	Toll-like receptor 7	11	US Patent	7CYN
CNC1CCC(CC1)c1ccc2[nH]c(-c3cn(CCO)c4ncccc34)c(C(C)C)c2n1	Toll-like receptor 7	11	US Patent	7CYN
COc1cc(cn2ncnc12)-c1[nH]c2cnc(N3CCN(C[C@H]3C)C3COC3)c(F)c2c1C(C)C	Toll-like receptor 7	11	US Patent	7CYN
CC(C)c1c([nH]c2ccc(cc12)-c1nnc(o1)C(=O)NCCCN(C)C)-c1cc(C)nc(C)c1	Toll-like receptor 7	11	US Patent	7CYN
CC(C)c1c([nH]c2ccc(CCC3CN(CC4(C)COC4)C3)nc12)-c1cn(C)c2ncccc12	Toll-like receptor 7	11	US Patent	7CYN
CC(C)c1c([nH]c2cnc(cc12)C1CCC(CC1)NCC(C)(C)C)-c1cn2ncnc2c(C)c1C	Toll-like receptor 7	11	US Patent	7CYN
CC(C)c1c([nH]c2ccc(N[C@@H]3C[C@H](C)N(C3)C3CCS(=O)(=O)CC3)nc12)-c1cn2ncnc2c(C)c1C	Toll-like receptor 7	11	US Patent	7CYN
CC(C)c1c([nH]c2ccc(N[C@H]3C[C@@H](C)N(C3)C3CCS(=O)(=O)CC3)nc12)-c1cn2ncnc2c(C)c1C	Toll-like receptor 7	11	US Patent	7CYN
CC(C)c1c([nH]c2ccc(cc12)-c1cnc(N)cn1)-c1cc(C)nc(C)c1	Toll-like receptor 7	11	US Patent	7CYN
COc1cc(cn2ncnc12)-c1[nH]c2ccc(CCC3CN(CC(=O)N(C)C)C3)nc2c1C(C)C	Toll-like receptor 7	11	US Patent	7CYN
COc1cc(cn2ncnc12)-c1[nH]c2cnc(cc2c1C(C)C)N1CCC(CC1)NCC(N)=O	Toll-like receptor 7	11	US Patent	7CYN
CC(C)c1c([nH]c2ccc(nc12)N1CCC(C1)NCC1(CC1)S(C)(=O)=O)-c1cn2ncnc2c(C)c1C	Toll-like receptor 7	11	US Patent	7CYN
CC(C)c1c([nH]c2ccc(cc12)C1CCN(Cc2coc(C)n2)CC1)-c1ccc2ncnn2c1	Toll-like receptor 7	11.1	US Patent	7CYN
CC(C)c1c([nH]c2ccc(cc12)C1CCN(Cc2coc(C)n2)CC1)-c1ccc2ncnn2c1	Toll-like receptor 7	11.1	US Patent	7CYN
COc1ncc(CN2CCC(CC2)c2ccc3[nH]c(c(C(C)C)c3c2)-c2cc(C)ncc2F)cn1	Toll-like receptor 7	11.1	US Patent	7CYN
CC(C)c1c([nH]c2ccc(cc12)C1CCN(CC1)C(=O)C1(C)CCN(C)CC1)-c1cc(C)nc(C)c1	Toll-like receptor 7	11.1	US Patent	7CYN
CC(C)c1c([nH]c2ccc(cc12)C1CCN(CC1)C(=O)CN(C)C1CCOC1)-c1cc(C)nc(C)c1	Toll-like receptor 7	11.1	US Patent	7CYN
CC(C)c1c([nH]c2ccc(cc12)C1CCN(CC1)C(=O)CN(C)C)-c1cc(C)nc(c1)C1CC1	Toll-like receptor 7	11.1	US Patent	7CYN
CC(C)c1c([nH]c2ccc(cc12)C1CCN(C[C@@H]2CCNC2)CC1)-c1ccnc(C)c1	Toll-like receptor 7	11.2	US Patent	7CYN
COCc1cc(cn2ncnc12)-c1[nH]c2ccc(cc2c1C(C)C)C1CCN(CC(=O)NCCC(F)(F)F)CC1	Toll-like receptor 7	11.3	US Patent	7CYN
COCc1cc(cn2ncnc12)-c1[nH]c2ccc(cc2c1C(C)C)C1CCN(CC(=O)NCCC(F)(F)F)CC1	Toll-like receptor 7	11.3	US Patent	7CYN
CC(C)c1c([nH]c2ccc(cc12)C1CCN(CC1)C(=O)NCC1CCNCC1)-c1cn2ncnc2c(C)c1C	Toll-like receptor 7	11.4	US Patent	7CYN
CC(C)c1c([nH]c2ccc(cc12)C1CCN(CC1)C(=O)NCC1CCNCC1)-c1cn2ncnc2c(C)c1C	Toll-like receptor 7	11.4	US Patent	7CYN
CC(C)c1c([nH]c2ccc(cc12)C1CCN(CC1)C(=O)CCN(C)C(C)=O)-c1cc(C)nc(C)c1	Toll-like receptor 7	11.4	US Patent	7CYN
CCC(C)NC(=O)CN1CCC(CC1)c1ccc2[nH]c(c(C(C)C)c2c1)-c1cc(C)nc(C)c1	Toll-like receptor 7	11.4	US Patent	7CYN
CCNC(=O)CN1CCC(CC1)c1ccc2[nH]c(c(C(C)C)c2c1)-c1cn2ncnc2cc1C	Toll-like receptor 7	11.5	US Patent	7CYN
CCN(CCO)C(=O)CN1CCC(CC1)c1ccc2[nH]c(c(C(C)C)c2c1)-c1cc(COC)c2ncnn2c1	Toll-like receptor 7	11.5	US Patent	7CYN
CC(C)c1c([nH]c2ccc(cc12)C1CCN(CC(C)(C)O)CC1)-c1cn2nc(C)nc2cc1C	Toll-like receptor 7	11.5	US Patent	7CYN
CC(C)c1c([nH]c2ccc(cc12)C1CCN(Cc2ccn(C)n2)CC1)-c1cc(c2ncnn2c1)C(C)(C)O	Toll-like receptor 7	11.5	US Patent	7CYN
CCNC(=O)CN1CCC(CC1)c1ccc2[nH]c(c(C(C)C)c2c1)-c1cn2ncnc2cc1C	Toll-like receptor 7	11.5	US Patent	7CYN
CCN(CCO)C(=O)CN1CCC(CC1)c1ccc2[nH]c(c(C(C)C)c2c1)-c1cc(COC)c2ncnn2c1	Toll-like receptor 7	11.5	US Patent	7CYN
CC(C)c1c([nH]c2ccc(cc12)C1CCN(CC(C)(C)O)CC1)-c1cn2nc(C)nc2cc1C	Toll-like receptor 7	11.5	US Patent	7CYN
CC(C)c1c([nH]c2ccc(cc12)C1CCN(Cc2ccn(C)n2)CC1)-c1cc(c2ncnn2c1)C(C)(C)O	Toll-like receptor 7	11.5	US Patent	7CYN
CCN(CC)C(=O)CN1CCC(CC1)c1ccc2[nH]c(c(C(C)C)c2c1)-c1cc(C)nc(C)c1	Toll-like receptor 7	11.5	US Patent	7CYN
CNCCN1CCC(CC1)c1ccc2[nH]c(c(CC(F)F)c2c1)-c1cc(C)nc(C)c1	Toll-like receptor 7	11.5	US Patent	7CYN
CC(C)c1c([nH]c2ccc(cc12)C1CCN(CC1)C(=O)CN1CCNC(=O)C1)-c1cn2ncnc2c(C)c1C	Toll-like receptor 7	11.6	US Patent	7CYN
CC(C)c1c([nH]c2ccc(cc12)C1CCN(CC#N)CC1)-c1cn2ncnc2c(CO)c1C	Toll-like receptor 7	11.6	US Patent	7CYN
CC(C)c1c([nH]c2ccc(cc12)C1CCN(Cc2cnn(c2)C(C)C)CC1)-c1ccc2ncnn2c1	Toll-like receptor 7	11.6	US Patent	7CYN
CC(C)c1c([nH]c2ccc(cc12)C1CCN(CC1)C(=O)CN1CCNC(=O)C1)-c1cn2ncnc2c(C)c1C	Toll-like receptor 7	11.6	US Patent	7CYN
CC(C)c1c([nH]c2ccc(cc12)C1CCN(CC#N)CC1)-c1cn2ncnc2c(CO)c1C	Toll-like receptor 7	11.6	US Patent	7CYN
CC(C)c1c([nH]c2ccc(cc12)C1CCN(Cc2cnn(c2)C(C)C)CC1)-c1ccc2ncnn2c1	Toll-like receptor 7	11.6	US Patent	7CYN
CC(C)c1c([nH]c2ccc(cc12)C1CCN(CC(=O)NC23CC4CC(CC(O)(C4)C2)C3)CC1)-c1cc(C)nc(C)c1	Toll-like receptor 7	11.6	US Patent	7CYN
CC(C)c1c([nH]c2ccc(cc12)C1CCN(CC1)C(=O)CN1C[C@@H](O)CC1=O)-c1cc(C)nc(C)c1	Toll-like receptor 7	11.7	US Patent	7CYN
CC(C)c1c([nH]c2ccc(cc12)C1CCN(CC(=O)N(C)C(C)(C)C)CC1)-c1cc(C)nc(C)c1	Toll-like receptor 7	11.7	US Patent	7CYN
COc1cc(ccn1)-c1[nH]c2ccc(cc2c1C(C)C)C1CCNCC1	Toll-like receptor 7	11.8	US Patent	7CYN
CC(C)N1CCC(CC1)N1CCC(CC1)c1ccc2[nH]c(c(CC(F)F)c2c1)-c1cc(C)nc(C)c1	Toll-like receptor 7	11.8	US Patent	7CYN
CC(C)c1c([nH]c2ccc(cc12)C1CCN(CC(C)(C)O)CC1)-c1cc(C)c2nc(nn2c1)C(F)(F)F	Toll-like receptor 7	11.9	US Patent	7CYN
CC(C)c1c([nH]c2ccc(cc12)C1CCN(Cc2cn(C)nn2)CC1)-c1cc(C(C)O)c2ncnn2c1	Toll-like receptor 7	11.9	US Patent	7CYN
CC(C)c1c([nH]c2ccc(cc12)C1CCN(CC(C)(C)O)CC1)-c1cc(C)c2nc(nn2c1)C(F)(F)F	Toll-like receptor 7	11.9	US Patent	7CYN
CC(C)c1c([nH]c2ccc(cc12)C1CCN(Cc2cn(C)nn2)CC1)-c1cc(C(C)O)c2ncnn2c1	Toll-like receptor 7	11.9	US Patent	7CYN
Cc1cc(ccn1)-c1[nH]c2ccc(cc2c1C1CC1)C1CCNCC1	Toll-like receptor 7	11.9	US Patent	7CYN
CC(C)c1c([nH]c2ccc(cc12)C1CCN(CC(O)C(F)(F)F)CC1)-c1cc(C)nc(C)c1	Toll-like receptor 7	11.9	US Patent	7CYN
CC(C)c1c([nH]c2ccc(cc12)C1CCN(CC1)C(=O)CCC1CCNCC1)-c1ccnc(C)c1	Toll-like receptor 7	11.9	US Patent	7CYN
CC(C)c1c([nH]c2ccc(cc12)C1CCN(CC2(CC2)C#N)CC1)-c1cn2ncnc2cc1C	Toll-like receptor 7	12	US Patent	7CYN
COc1cc(cn2ncnc12)-c1[nH]c2ccc(nc2c1C(C)C)C1CCC(C1)N(CC(N)=O)CC(N)=O	Toll-like receptor 7	12	US Patent	7CYN
CC(C)c1c([nH]c2ccc(nc12)N1C[C@H](C)N(CCCS(C)(=O)=O)C[C@@H]1C)-c1cn2ncnc2c(C)c1C	Toll-like receptor 7	12	US Patent	7CYN
CC(C)c1c([nH]c2ccc(nc12)N1C[C@H](C)N(CCCS(C)(=O)=O)[C@H](C)C1)-c1cn2ncnc2c(C)c1C	Toll-like receptor 7	12	US Patent	7CYN
CC(C)C[C@H]1CN(CCN1)c1ccc2[nH]c(c(C(C)C)c2n1)-c1cn2ncnc2c(C)c1C	Toll-like receptor 7	12	US Patent	7CYN
CC(C)c1c([nH]c2ccc(nc12)N1CC2(C1)CCN(CC(=O)N(C)C)CC2)-c1cn2ncnc2c(C)c1C	Toll-like receptor 7	12	US Patent	7CYN
COc1cc(cn2ncnc12)-c1[nH]c2ccc(nc2c1C(C)C)N1CCN(CC2(C)COC2)CC1	Toll-like receptor 7	12	US Patent	7CYN
CC(C)c1c([nH]c2ccc(nc12)N1CCNC(=O)C1)-c1cn2ncnc2c(C)c1C	Toll-like receptor 7	12	US Patent	7CYN
CC(C)c1c([nH]c2ccc(cc12)C1CCN(CC2(CC2)C#N)CC1)-c1cn2ncnc2cc1C	Toll-like receptor 7	12	US Patent	7CYN
COc1cc(cn2ncnc12)-c1[nH]c2ccc(nc2c1C(C)C)C1CN(CCO1)C1CCOCC1	Toll-like receptor 7	12	US Patent	7CYN
CC(C)c1c([nH]c2ccc(nc12)C1CNCCN1)-c1cn2ncnc2c(C)c1C	Toll-like receptor 7	12	US Patent	7CYN
CC(C)c1c([nH]c2ccc(CCC3CN(CC(=O)N(C)C)C3)nc12)-c1cn(C)c2ncccc12	Toll-like receptor 7	12	US Patent	7CYN
COc1cc(cn2ncnc12)-c1[nH]c2ccc(CCC3CN(CCS(C)(=O)=O)C3)nc2c1C(C)C	Toll-like receptor 7	12	US Patent	7CYN
COc1cc(cn2ncnc12)-c1[nH]c2ccc(CCC3CN(C3)C(=O)CN(C)C)nc2c1C(C)C	Toll-like receptor 7	12	US Patent	7CYN
CC(C)c1c([nH]c2ccc(cc12)C1CCN(CC2COC2)CC1)-c1cc(C)ncc1F	Toll-like receptor 7	12	US Patent	7CYN
CC(C)c1c([nH]c2ccc(cc12)C1CCN(CC1)C(=O)c1c(C)nn(C)c1C)-c1cc(C)nc(C)c1	Toll-like receptor 7	12	US Patent	7CYN
CC(C)c1c([nH]c2ccc(cc12)C1CCN(CC(=O)N2C[C@H](C)C[C@@H]2CO)CC1)-c1cc(C)nc(C)c1	Toll-like receptor 7	12	US Patent	7CYN
COc1nc(C)c2nc(-c3cccc(c3)C#N)n(Cc3ccc(cc3F)C3CN4CCC3CC4)c2n1	Toll-like receptor 7	12	US Patent	7CYN
CC(C)c1c([nH]c2ccc(nc12)N1CCNC(=O)C1)-c1cn2ncnc2c(C)c1C	Toll-like receptor 7	12	US Patent	7CYN
CC(C)c1c([nH]c2ccc(nc12)N1C[C@H](C)N(CCCS(C)(=O)=O)C[C@@H]1C)-c1cn2ncnc2c(C)c1C	Toll-like receptor 7	12	US Patent	7CYN
CC(C)c1c([nH]c2ccc(nc12)N1C[C@H](C)N(CCCS(C)(=O)=O)[C@H](C)C1)-c1cn2ncnc2c(C)c1C	Toll-like receptor 7	12	US Patent	7CYN
CC(C)C[C@H]1CN(CCN1)c1ccc2[nH]c(c(C(C)C)c2n1)-c1cn2ncnc2c(C)c1C	Toll-like receptor 7	12	US Patent	7CYN
COc1cc(cn2ncnc12)-c1[nH]c2ccc(nc2c1C(C)C)C1CN(CCO1)C1CCOCC1	Toll-like receptor 7	12	US Patent	7CYN
CC(C)c1c([nH]c2ccc(nc12)N1CC2(C1)CCN(CC(=O)N(C)C)CC2)-c1cn2ncnc2c(C)c1C	Toll-like receptor 7	12	US Patent	7CYN
CC(C)c1c([nH]c2ccc(nc12)C1CNCCN1)-c1cn2ncnc2c(C)c1C	Toll-like receptor 7	12	US Patent	7CYN
CC(C)c1c([nH]c2ccc(CCC3CN(CC(=O)N(C)C)C3)nc12)-c1cn(C)c2ncccc12	Toll-like receptor 7	12	US Patent	7CYN
COc1cc(cn2ncnc12)-c1[nH]c2ccc(CCC3CN(CCS(C)(=O)=O)C3)nc2c1C(C)C	Toll-like receptor 7	12	US Patent	7CYN
COc1cc(cn2ncnc12)-c1[nH]c2ccc(CCC3CN(C3)C(=O)CN(C)C)nc2c1C(C)C	Toll-like receptor 7	12	US Patent	7CYN
COc1cc(cn2ncnc12)-c1[nH]c2ccc(nc2c1C(C)C)C1CCC(C1)N(CC(N)=O)CC(N)=O	Toll-like receptor 7	12	US Patent	7CYN
COc1cc(cn2ncnc12)-c1[nH]c2ccc(nc2c1C(C)C)N1CCN(CC2(C)COC2)CC1	Toll-like receptor 7	12	US Patent	7CYN
CCN(C)C1CCC(C1)c1cc2c(C(C)C)c([nH]c2cn1)-c1cc(OC)c2ncnn2c1	Toll-like receptor 7	12	US Patent	7CYN
COc1cc(cn2ncnc12)-c1[nH]c2ccc(CCC3CN(CCS(C)(=O)=O)C3)nc2c1C(C)C	Toll-like receptor 7	12	US Patent	7CYN
CC(C)c1c([nH]c2ccc(cc12)C(C)C(=O)N1CCCC2(CCCCC2N)C1)-c1ccnc(C)c1	Toll-like receptor 7	12	US Patent	7CYN
CC(C)c1c([nH]c2ccc(nc12)N1CC2(C1)CCN(CC(=O)N(C)C)CC2)-c1cn2ncnc2c(C)c1C	Toll-like receptor 7	12	US Patent	7CYN
COc1cc(cn2ncnc12)-c1[nH]c2ccc(CCC3CN(C3)C(=O)CN(C)C)nc2c1C(C)C	Toll-like receptor 7	12	US Patent	7CYN
COc1cc(cn2ncnc12)-c1[nH]c2ccc(nc2c1C(C)C)N1CCN(CC2(C)COC2)CC1	Toll-like receptor 7	12	US Patent	7CYN
COc1cc(cn2ncnc12)-c1[nH]c2ccc(nc2c1C(C)C)C1CCC(C1)N(CC(N)=O)CC(N)=O	Toll-like receptor 7	12	US Patent	7CYN
CC(C)c1c([nH]c2ccc(cc12)-c1nc(co1)C(=O)NCCCN1CCN(C)CC1)-c1cc(C)nc(C)c1	Toll-like receptor 7	12	US Patent	7CYN
CCC[C@@H](CCO)Nc1nc(N)nc2cnn(Cc3ccc(CNC4CCOCC4)cc3OC)c12	Toll-like receptor 7	12	ChEMBL	7CYN
CC(C)c1c([nH]c2cnc(N3CCN(CC(=O)N(C)C)CC3)c(F)c12)-c1cn2ncnc2c(C)c1C	Toll-like receptor 7	12	US Patent	7CYN
CC(C)c1c([nH]c2ccc(nc12)N1C[C@H](C)N(CCCS(C)(=O)=O)[C@H](C)C1)-c1cn2ncnc2c(C)c1C	Toll-like receptor 7	12	US Patent	7CYN
CC(C)c1c([nH]c2ccc(nc12)N1C[C@H](C)N(CCCS(C)(=O)=O)C[C@@H]1C)-c1cn2ncnc2c(C)c1C	Toll-like receptor 7	12	US Patent	7CYN
COc1cc(cn2ncnc12)-c1[nH]c2cnc(N3CCN(CCS(C)(=O)=O)CC3)c(C)c2c1C(C)C	Toll-like receptor 7	12	US Patent	7CYN
CNCC(=O)NC1CCN(CC1)c1cc2c(C(C)C)c([nH]c2cn1)-c1cc(OC)c2ncnn2c1	Toll-like receptor 7	12	US Patent	7CYN
CC(C)C[C@H]1CN(CCN1)c1ccc2[nH]c(c(C(C)C)c2n1)-c1cn2ncnc2c(C)c1C	Toll-like receptor 7	12	US Patent	7CYN
CC(C)c1c([nH]c2ccc(nc12)N1CCNC(=O)C1)-c1cn2ncnc2c(C)c1C	Toll-like receptor 7	12	US Patent	7CYN
CC(C)c1c([nH]c2ccc(cc12)-c1nc(co1)C(=O)NCCCN1CCCC1)-c1cc(C)nc(C)c1	Toll-like receptor 7	12	US Patent	7CYN
CC(C)c1c([nH]c2ccc(CCC3CN(CC(=O)N(C)C)C3)nc12)-c1cn(C)c2ncccc12	Toll-like receptor 7	12	US Patent	7CYN
CC(C)c1c([nH]c2ccc(cc12)-c1ccc(nc1)N1CCNCC1)-c1ccnc(C)c1	Toll-like receptor 7	12	US Patent	7CYN
Cc1nn(CC23CCC(CC2)(CC3)NCC(F)F)c2CCN(Cc12)c1cc(C)nc2n(C)ncc12	Toll-like receptor 7	12	ChEMBL	7CYN
COc1cc(cn2ncnc12)-c1[nH]c2cnc(cc2c1C(C)C)C1CCC(C1)N1CC2(COC2)C1	Toll-like receptor 7	12	US Patent	7CYN
CC(C)c1c([nH]c2cnc(C3CCC(CC3)NCC(C)(C)C)c(F)c12)-c1cc(C)c2ncnn2c1	Toll-like receptor 7	12	US Patent	7CYN
COc1cc(cn2ncnc12)-c1[nH]c2ccc(nc2c1C(C)C)C1CN(CCO1)C1CCOCC1	Toll-like receptor 7	12	US Patent	7CYN
CC(C)c1c([nH]c2ccc(nc12)C1CNCCN1)-c1cn2ncnc2c(C)c1C	Toll-like receptor 7	12	US Patent	7CYN
COc1cc(cn2ncnc12)-c1[nH]c2cnc(cc2c1C(C)C)N1CCN(CC(N)=O)CC1	Toll-like receptor 7	12	US Patent	7CYN
COc1cc(cn2ncnc12)-c1[nH]c2cnc(N3CCN(CCS(C)(=O)=O)C[C@H]3C)c(F)c2c1C(C)C	Toll-like receptor 7	12	US Patent	7CYN
CC(C)c1c([nH]c2ccc(cc12)C1CCN(CC1)C(=O)CCN1CCS(=O)(=O)CC1)-c1cc(C)c2ncnn2c1	Toll-like receptor 7	12.1	US Patent	7CYN
CC(C)c1c([nH]c2ccc(cc12)C1CCN(CC1)C(=O)NC1CCNC1)-c1cn2ncnc2c(C)c1C	Toll-like receptor 7	12.1	US Patent	7CYN
CC(C)c1c([nH]c2ccc(cc12)C1CCN(CC1)C(=O)CCN1CCS(=O)(=O)CC1)-c1cc(C)c2ncnn2c1	Toll-like receptor 7	12.1	US Patent	7CYN
CC(C)c1c([nH]c2ccc(cc12)C1CCN(CC1)C(=O)NC1CCNC1)-c1cn2ncnc2c(C)c1C	Toll-like receptor 7	12.1	US Patent	7CYN
CC(C)c1c([nH]c2ccc(cc12)C1CCN(Cc2cncs2)CC1)-c1cc(C)ncc1F	Toll-like receptor 7	12.1	US Patent	7CYN
CC(C)c1c([nH]c2ccc(cc12)C1CCN(CC1)C(=O)Cn1cncn1)-c1cc(C)nc(C)c1	Toll-like receptor 7	12.1	US Patent	7CYN
CC(C)c1c([nH]c2ccc(cc12)C1CCN(CC1)C(=O)CN(C)C)-c1cc(ncc1F)C1CC1	Toll-like receptor 7	12.1	US Patent	7CYN
CC(C)N1CCC(CC1)c1ccc2[nH]c(c(CC(F)F)c2c1)-c1cc(C)nc(C)c1	Toll-like receptor 7	12.1	US Patent	7CYN
CC(C)c1c([nH]c2ccc(cc12)C1CCN(CC1)C(=O)CN1CCC(F)(F)CC1)-c1cn2ncnc2c(C)c1C	Toll-like receptor 7	12.2	US Patent	7CYN
CC(C)c1c([nH]c2ccc(cc12)C1CCN(CC1)C(=O)CN(C)C)-c1ccc2ncnn2c1	Toll-like receptor 7	12.2	US Patent	7CYN
CC(C)c1c([nH]c2ccc(cc12)C1CCN(CC(=O)N(C)C)CC1)-c1cc(c2nc(C)nn2c1)C(F)(F)F	Toll-like receptor 7	12.2	US Patent	7CYN
CC(C)c1c([nH]c2ccc(cc12)C1CCN(CC1)C(=O)CN1CCC(F)(F)CC1)-c1cn2ncnc2c(C)c1C	Toll-like receptor 7	12.2	US Patent	7CYN
CC(C)c1c([nH]c2ccc(cc12)C1CCN(CC1)C(=O)CN(C)C)-c1ccc2ncnn2c1	Toll-like receptor 7	12.2	US Patent	7CYN
CC(C)c1c([nH]c2ccc(cc12)C1CCN(CC(=O)N(C)C)CC1)-c1cc(c2nc(C)nn2c1)C(F)(F)F	Toll-like receptor 7	12.2	US Patent	7CYN
CC(C)c1c([nH]c2ccc(cc12)C1CCN(CC1)C(=O)CN(C)C1COC1)-c1cc(C)ncc1F	Toll-like receptor 7	12.3	US Patent	7CYN
CCC(CC)NCC(=O)N1CCC(CC1)c1ccc2[nH]c(c(C(C)C)c2c1)-c1cc(C)nc(C)c1	Toll-like receptor 7	12.3	US Patent	7CYN
C[C@H](O)CC(=O)N1CCC(CC1)c1ccc2[nH]c(c(C(C)C)c2c1)-c1cc(Cl)c2ncnn2c1	Toll-like receptor 7	12.4	US Patent	7CYN
CC(C)c1c([nH]c2ccc(cc12)C1CCN(CC1)C1COC1)-c1cn2ncnc2c(CO)c1C	Toll-like receptor 7	12.4	US Patent	7CYN
C[C@H](O)CC(=O)N1CCC(CC1)c1ccc2[nH]c(c(C(C)C)c2c1)-c1cc(Cl)c2ncnn2c1	Toll-like receptor 7	12.4	US Patent	7CYN
CC(C)c1c([nH]c2ccc(cc12)C1CCN(CC1)C1COC1)-c1cn2ncnc2c(CO)c1C	Toll-like receptor 7	12.4	US Patent	7CYN
CC(C)c1c([nH]c2ccc(cc12)C1CCN(CC1)C(=O)C1(CC1)C(N)=O)-c1cc(C)nc(C)c1	Toll-like receptor 7	12.4	US Patent	7CYN
CC(C)c1c([nH]c2ccc(cc12)C1CCN(CC1)C(=O)[C@@H]1C[C@@H](O)CN1)-c1ccc2nc(C)nn2c1	Toll-like receptor 7	12.5	US Patent	7CYN
CC(C)c1c([nH]c2ccc(cc12)C1CCN(CC1)C(=O)[C@@H]1C[C@@H](O)CN1)-c1ccc2nc(C)nn2c1	Toll-like receptor 7	12.5	US Patent	7CYN
CC(C)c1c([nH]c2ccc(cc12)C1CCN(CC1)C(=O)CCNS(=O)(=O)c1ccccc1)-c1cc(C)nc(C)c1	Toll-like receptor 7	12.5	US Patent	7CYN
CC(C)c1c([nH]c2ccc(cc12)C1CCN(CC(C)(C)O)CC1)-c1cn2ncnc2cc1C	Toll-like receptor 7	12.6	US Patent	7CYN
CC(C)c1c([nH]c2ccc(cc12)C1CCN(CC(C)(C)O)CC1)-c1cn2ncnc2cc1C	Toll-like receptor 7	12.6	US Patent	7CYN
CC(C)c1c([nH]c2ccc(cc12)C1CCN(CC1)C(=O)CN(C)CCC#N)-c1cc(C)ncc1F	Toll-like receptor 7	12.7	US Patent	7CYN
CC(C)c1c([nH]c2ccc(cc12)C1CCN(CC1)C1CCN(CC1)C(C)=O)-c1ccnc(C)c1	Toll-like receptor 7	12.7	US Patent	7CYN
CC(C)c1c([nH]c2ccc(cc12)C1CCNCC1)-c1cc(N2CCS(=O)(=O)CC2)c2ncnn2c1	Toll-like receptor 7	12.8	US Patent	7CYN
CC(C)c1c([nH]c2ccc(cc12)C1CCN(CC1)C(=O)[C@H]1NCC[C@H]1O)-c1ccc2nc(C)nn2c1	Toll-like receptor 7	12.8	US Patent	7CYN
CC(C)c1c([nH]c2ccc(cc12)C1CCN(CC1)C(=O)[C@H]1NCC[C@H]1O)-c1ccc2nc(C)nn2c1	Toll-like receptor 7	12.8	US Patent	7CYN
CC(C)c1c([nH]c2ccc(cc12)C1CCNCC1)-c1cc(N2CCS(=O)(=O)CC2)c2ncnn2c1	Toll-like receptor 7	12.8	US Patent	7CYN
CC(C)c1c([nH]c2ccc(cc12)C1CCN(CC1)C(=O)CN1CCCC(C)(C)C1)-c1cc(C)nc(C)c1	Toll-like receptor 7	12.9	US Patent	7CYN
CC(C)c1c([nH]c2ccc(cc12)C1CCN(CC1)C(=O)C1CCNCC1)-c1ccnc(C)c1	Toll-like receptor 7	12.9	US Patent	7CYN
COCc1cc(cn2ncnc12)-c1[nH]c2ccc(cc2c1C(C)C)C1CCN(CC(=O)N2CCC(F)(F)C2)CC1	Toll-like receptor 7	13	US Patent	7CYN
COc1cc(cn2ncnc12)-c1[nH]c2ccc(nc2c1C(C)C)C1CCC(C1)N(CC(N)=O)CC(N)=O	Toll-like receptor 7	13	US Patent	7CYN
CC(C)c1c([nH]c2ccc(nc12)N1CC[N]2(CCS(C)(=O)=O)CCCC[C@H]2C1)-c1cn2ncnc2c(C)c1C	Toll-like receptor 7	13	US Patent	7CYN
CC(C)c1c([nH]c2ccc(nc12)N1CCN[C@H](CO)C1)-c1cn2ncnc2c(C)c1C	Toll-like receptor 7	13	US Patent	7CYN
COCc1cc(cn2ncnc12)-c1[nH]c2ccc(cc2c1C(C)C)C1CCN(CC(=O)N2CCC(F)(F)C2)CC1	Toll-like receptor 7	13	US Patent	7CYN
CNC1CN(C1)c1ccc2[nH]c(c(C(C)C)c2n1)-c1cc(OC)c2ncnn2c1	Toll-like receptor 7	13	US Patent	7CYN
CC(C)c1c([nH]c2ccc(nc12)C1CCC(CC1)N1CCC(F)C1)-c1cn2ncnc2c(C)c1C	Toll-like receptor 7	13	US Patent	7CYN
CC(C)c1c([nH]c2ccc(nc12)C1CCC(CC1)N1CC2(COC2)C1)-c1cn(CCS(C)(=O)=O)c2ncccc12	Toll-like receptor 7	13	US Patent	7CYN
CC(C)c1c([nH]c2ccc(nc12)C1CCC(CC1)N(C)Cc1ccc(F)cc1)-c1cc(CO)c2ncnn2c1	Toll-like receptor 7	13	US Patent	7CYN
CC(C)c1c([nH]c2ccc(nc12)C1CCC(CC1)NCCC#N)-c1cn2ncnc2c(C)c1C	Toll-like receptor 7	13	US Patent	7CYN
CC(C)c1c([nH]c2ccc(nc12)C1CCC(CC1)N(C)C1COC1)-c1cn2ncnc2c(C)c1C	Toll-like receptor 7	13	US Patent	7CYN
CC(C)c1c([nH]c2ccc(nc12)C1CCC(CC1)N(CC#N)CC1(CC1)S(C)(=O)=O)-c1cn2ncnc2c(C)c1C	Toll-like receptor 7	13	US Patent	7CYN
COc1cc(cn2ncnc12)-c1[nH]c2ccc(OC3CN(C)C3)nc2c1C(C)C	Toll-like receptor 7	13	US Patent	7CYN
CCCC(CCC)N1CCC(CC1)Oc1ccc2[nH]c(c(C(C)C)c2n1)-c1cc(OC)c2ncnn2c1	Toll-like receptor 7	13	US Patent	7CYN
COc1cc(cn2ncnc12)-c1[nH]c2ccc(OC3CN(C3)C(C)C)nc2c1C(C)C	Toll-like receptor 7	13	US Patent	7CYN
CC(C)c1c([nH]c2ccc(cc12)C1CCN(CC(=O)N(C)C)CC1)-c1ccnc(C)c1	Toll-like receptor 7	13	US Patent	7CYN
COc1nc(C)c2nc(-c3cncc(c3)C#N)n(Cc3ccc(OC4CC5CCC(C4)N5C)cc3F)c2n1	Toll-like receptor 7	13	US Patent	7CYN
COc1nc(C)c2nc(-c3cncc(c3)C#N)n(Cc3ccc(OC4CN5CCC4CC5)cc3F)c2n1	Toll-like receptor 7	13	US Patent	7CYN
COc1nc(C)c2nc(-c3cncc(F)c3)n(Cc3cccc(c3)C3CN4CCC3CC4)c2n1	Toll-like receptor 7	13	US Patent	7CYN
COc1nc(C)c2nc(-c3cncc(F)c3)n(Cc3ccc(cc3F)[C@@H]3CN4CCC3CC4)c2n1	Toll-like receptor 7	13	US Patent	7CYN
CCCN1C[C@@H]2C[C@H]1CN2Cc1ccc(Cn2c(nc3c(C)nc(OC)nc23)-c2cncc(F)c2)cc1	Toll-like receptor 7	13	US Patent	7CYN
CC(C)c1c([nH]c2ccc(nc12)N1C[C@@H]2CCC[C@H](C1)N2CCS(C)(=O)=O)-c1cn2ncnc2c(C)c1C	Toll-like receptor 7	13	US Patent	7CYN
CC(C)c1c([nH]c2ccc(nc12)C1CCC(CC1)N1CC2(COC2)C1)-c1cn(CCS(C)(=O)=O)c2ncccc12	Toll-like receptor 7	13	US Patent	7CYN
CC(C)c1c([nH]c2ccc(nc12)C1CCC(CC1)N(C)Cc1ccc(F)cc1)-c1cc(CO)c2ncnn2c1	Toll-like receptor 7	13	US Patent	7CYN
CC(C)c1c([nH]c2ccc(nc12)C1CCC(CC1)NCCC#N)-c1cn2ncnc2c(C)c1C	Toll-like receptor 7	13	US Patent	7CYN
CC(C)c1c([nH]c2ccc(nc12)C1CCC(CC1)N(C)C1COC1)-c1cn2ncnc2c(C)c1C	Toll-like receptor 7	13	US Patent	7CYN
CC(C)c1c([nH]c2ccc(nc12)C1CCC(CC1)N(CC#N)CC1(CC1)S(C)(=O)=O)-c1cn2ncnc2c(C)c1C	Toll-like receptor 7	13	US Patent	7CYN
COc1cc(cn2ncnc12)-c1[nH]c2ccc(OC3CN(C)C3)nc2c1C(C)C	Toll-like receptor 7	13	US Patent	7CYN
CCCN(CCC)C1CCC(CC1)Oc1ccc2[nH]c(c(C(C)C)c2n1)-c1cc(OC)c2ncnn2c1	Toll-like receptor 7	13	US Patent	7CYN
COc1cc(cn2ncnc12)-c1[nH]c2ccc(OC3CN(C3)C(C)C)nc2c1C(C)C	Toll-like receptor 7	13	US Patent	7CYN
CC(C)c1c([nH]c2ccc(nc12)N1CCN[C@H](CO)C1)-c1cn2ncnc2c(C)c1C	Toll-like receptor 7	13	US Patent	7CYN
CNC1CN(C1)c1ccc2[nH]c(c(C(C)C)c2n1)-c1cc(OC)c2ncnn2c1	Toll-like receptor 7	13	US Patent	7CYN
COc1cc(cn2ncnc12)-c1[nH]c2ccc(nc2c1C(C)C)C1CCC(C1)N(CC(N)=O)CC(N)=O	Toll-like receptor 7	13	US Patent	7CYN
CC(C)c1c([nH]c2ccc(nc12)C1CCC(CC1)N1CCC(F)C1)-c1cn2ncnc2c(C)c1C	Toll-like receptor 7	13	US Patent	7CYN
COc1cc(cn2ncnc12)-c1[nH]c2ccc(OC3CN(C)C3)nc2c1C(C)C	Toll-like receptor 7	13	US Patent	7CYN
CC(C)c1c([nH]c2ccc(nc12)N1CCN[C@H](CO)C1)-c1cn2ncnc2c(C)c1C	Toll-like receptor 7	13	US Patent	7CYN
CC(C)c1c([nH]c2cnc(C3CCC(CC3)N3CC4(COC4)C3)c(C)c12)-c1cn2ncnc2c(C)c1C	Toll-like receptor 7	13	US Patent	7CYN
CNC1CN(C1)c1ccc2[nH]c(c(C(C)C)c2n1)-c1cc(OC)c2ncnn2c1	Toll-like receptor 7	13	US Patent	7CYN
CCc1c([nH]c2cc(F)c(C3CCNCC3)c(F)c12)-c1ccnc(C)c1	Toll-like receptor 7	13	ChEMBL	7CYN
CC(C)c1c([nH]c2ccc(nc12)C1CCC(CC1)N(C)Cc1ccc(F)cc1)-c1cc(CO)c2ncnn2c1	Toll-like receptor 7	13	US Patent	7CYN
CCCN(CCC)C1CCC(CC1)Oc1ccc2[nH]c(c(C(C)C)c2n1)-c1cc(OC)c2ncnn2c1	Toll-like receptor 7	13	US Patent	7CYN
CC(C)c1c([nH]c2ccc(nc12)C1CCC(CC1)N1CCC(F)C1)-c1cn2ncnc2c(C)c1C	Toll-like receptor 7	13	US Patent	7CYN
COc1cc(cn2ncnc12)-c1[nH]c2cnc(cc2c1C(C)C)C1CCC(CC1)NCC(C)(C)C	Toll-like receptor 7	13	US Patent	7CYN
COc1cc(cn2ncnc12)-c1[nH]c2cnc(cc2c1C(C)C)N1CCN(CC(=O)N(C)C)CC1	Toll-like receptor 7	13	US Patent	7CYN
CC(C)c1c([nH]c2cnc(C3CCC(CC3)NCC(C)(C)C)c(F)c12)-c1cn2ncnc2c(C)c1C	Toll-like receptor 7	13	US Patent	7CYN
COc1cc(cn2ncnc12)-c1[nH]c2ccc(nc2c1C(C)C)C1CCC(C1)N(CC(N)=O)CC(N)=O	Toll-like receptor 7	13	US Patent	7CYN
CC(C)c1c([nH]c2cnc(cc12)C1CCNCC1)-c1cn2ncnc2c(C)c1C	Toll-like receptor 7	13	US Patent	7CYN
CC(C)c1c([nH]c2cnc(N3CCN(CC3)S(C)(=O)=O)c(F)c12)-c1cn2ncnc2c(C)c1C	Toll-like receptor 7	13	US Patent	7CYN
COc1cc(cn2ncnc12)-c1[nH]c2ccc(OC3CN(C3)C(C)C)nc2c1C(C)C	Toll-like receptor 7	13	US Patent	7CYN
CC(C)c1c([nH]c2ccc(cc12)-c1ccc(cc1)C(=O)N1CCC(CC1)N(C)C)-c1ccnc(C)c1	Toll-like receptor 7	13	US Patent	7CYN
Cc1nn(CC23CCC(CC2)(CC3)NC(=O)[C@H]2COCCN2)c2CCN(Cc12)c1cc(C)nc2n(C)ncc12	Toll-like receptor 7	13	ChEMBL	7CYN
CC(C)c1c([nH]c2ccc(nc12)C1CCC(CC1)NCCC#N)-c1cn2ncnc2c(C)c1C	Toll-like receptor 7	13	US Patent	7CYN
CC(C)c1c([nH]c2cnc(N3CCN(CC(=O)N4CCOCC4)C[C@H]3C)c(F)c12)-c1cn2ncnc2c(C)c1C	Toll-like receptor 7	13	US Patent	7CYN
CC(C)c1c([nH]c2ccc(cc12)-c1ccc(N)nc1)-c1cc(C)nc(C)c1	Toll-like receptor 7	13	US Patent	7CYN
CC(C)c1c([nH]c2ccc(nc12)C1CCC(CC1)N1CC2(COC2)C1)-c1cn(CCS(C)(=O)=O)c2ncccc12	Toll-like receptor 7	13	US Patent	7CYN
CC(C)c1c([nH]c2ccc(cc12)-c1ccc(CO)nc1)-c1cc(C)nc(C)c1	Toll-like receptor 7	13	US Patent	7CYN
CC(C)c1c([nH]c2ccc(nc12)C1CCC(CC1)N(CC#N)CC1(CC1)S(C)(=O)=O)-c1cn2ncnc2c(C)c1C	Toll-like receptor 7	13	US Patent	7CYN
CC(C)c1c([nH]c2ccc(cc12)-c1nnc([nH]1)C1CCCNC1)-c1cc(C)nc(C)c1	Toll-like receptor 7	13	US Patent	7CYN
CNC(=O)CN1CCN([C@H](C)C1)c1ncc2[nH]c(c(C(C)C)c2c1F)-c1cc(OC)c2ncnn2c1	Toll-like receptor 7	13	US Patent	7CYN
CC(C)c1c([nH]c2cnc(C3CCC(CC3)NCC(C)(C)C)c(F)c12)-c1cn2ncnc2c(C)c1C	Toll-like receptor 7	13	US Patent	7CYN
CC(C)c1c([nH]c2ccc(nc12)N1C[C@@H]2CCC[C@H](C1)N2CCS(C)(=O)=O)-c1cn2ncnc2c(C)c1C	Toll-like receptor 7	13	US Patent	7CYN
CC(C)N1CCC(CC1)c1cc(ccn1)-c1ccc2[nH]c(c(C(C)C)c2c1)-c1cc(C)nc(C)c1	Toll-like receptor 7	13	US Patent	7CYN
CC(C)c1c([nH]c2ccc(nc12)C1CCC(CC1)N(C)C1COC1)-c1cn2ncnc2c(C)c1C	Toll-like receptor 7	13	US Patent	7CYN
CC(C)c1c([nH]c2cc(c(cc12)C1CCNCC1)C(F)(F)F)-c1ccnc(C)c1	Toll-like receptor 7	13.1	US Patent	7CYN
CC(C)N1CCC(C)(CC1)C(=O)N1CCC(CC1)c1ccc2[nH]c(c(C(C)C)c2c1)-c1cc(C)nc(C)c1	Toll-like receptor 7	13.1	US Patent	7CYN
CC(C)c1c([nH]c2ccc(cc12)C1CCN(CC1)C(=O)CNCC(C)(C)O)-c1cc(C)nc(C)c1	Toll-like receptor 7	13.1	US Patent	7CYN
CNCCC(=O)N1CCC(CC1)c1ccc2[nH]c(c(C(C)C)c2c1)-c1ccnc(C)c1	Toll-like receptor 7	13.1	US Patent	7CYN
CC(C)N1CCC(CC1)c1ccc2[nH]c(c(C(C)C)c2c1)-c1ccnc(C)c1	Toll-like receptor 7	13.2	US Patent	7CYN
CC(C)c1c([nH]c2ccc(cc12)C1CCN(CC1)C(=O)Cn1cnnn1)-c1cc(C)nc(C)c1	Toll-like receptor 7	13.3	US Patent	7CYN
COCc1cc(cn2ncnc12)-c1[nH]c2ccc(cc2c1C(C)C)C1CCN(CC(=O)N2CC(C2)S(C)(=O)=O)CC1	Toll-like receptor 7	13.4	US Patent	7CYN
COCc1cc(cn2ncnc12)-c1[nH]c2ccc(cc2c1C(C)C)C1CCN(CC(=O)N2CC(C2)S(C)(=O)=O)CC1	Toll-like receptor 7	13.4	US Patent	7CYN
CCC(C)CN(CCO)C(=O)CN1CCC(CC1)c1ccc2[nH]c(c(C(C)C)c2c1)-c1cc(C)nc(C)c1	Toll-like receptor 7	13.4	US Patent	7CYN
CC(C)c1c([nH]c2ccc(cc12)C1CCN(CC1)C(=O)C(=O)NCC1CCNCC1)-c1cc(C)nc(C)c1	Toll-like receptor 7	13.5	US Patent	7CYN
CC(C)c1c([nH]c2cc(c(cc12)C1CCN(CC2CCNC2)CC1)C(F)(F)F)-c1ccnc(C)c1	Toll-like receptor 7	13.5	US Patent	7CYN
CC(C)c1c([nH]c2ccc(cc12)C1CCN(Cc2ncco2)CC1)-c1cc(C)nc(C)c1	Toll-like receptor 7	13.5	US Patent	7CYN
CNC(=O)CN1CCC(CC1)c1ccc2[nH]c(c(C(C)C)c2c1)-c1ccnc(C)c1	Toll-like receptor 7	13.5	US Patent	7CYN
CC(C)c1c([nH]c2ccc(cc12)C1CCN(CC2COC2)CC1)-c1ccc2ncnn2c1	Toll-like receptor 7	13.6	US Patent	7CYN
CC(C)c1c([nH]c2ccc(cc12)C1CCN(Cc2ccn(C)n2)CC1)-c1cn2ncnc2cc1C	Toll-like receptor 7	13.6	US Patent	7CYN
CC(C)c1c([nH]c2ccc(cc12)C1CCN(Cc2cn(C)nn2)CC1)-c1cn2ncnc2cc1C	Toll-like receptor 7	13.6	US Patent	7CYN
CC(C)c1c([nH]c2ccc(cc12)C1CCN(CC2COC2)CC1)-c1ccc2ncnn2c1	Toll-like receptor 7	13.6	US Patent	7CYN
CC(C)c1c([nH]c2ccc(cc12)C1CCN(Cc2ccn(C)n2)CC1)-c1cn2ncnc2cc1C	Toll-like receptor 7	13.6	US Patent	7CYN
CC(C)c1c([nH]c2ccc(cc12)C1CCN(Cc2cn(C)nn2)CC1)-c1cn2ncnc2cc1C	Toll-like receptor 7	13.6	US Patent	7CYN
CC(C)c1c([nH]c2ccc(cc12)C1CCN(CCC#N)CC1)-c1cc(C)ncc1C	Toll-like receptor 7	13.6	US Patent	7CYN
Cc1cc(ccn1)-c1[nH]c2ccc(cc2c1CC1CC1)C1CCNCC1	Toll-like receptor 7	13.6	US Patent	7CYN
CC(C)c1c([nH]c2ccc(cc12)C1CCN(CC(O)C(F)(F)F)CC1)-c1cc(C)nc(C)c1	Toll-like receptor 7	13.7	US Patent	7CYN
CC(C)c1c([nH]c2ccc(cc12)C1CCN(CC1)C1COC1)-c1cc(C)ncc1F	Toll-like receptor 7	13.8	US Patent	7CYN
CC(C)c1c([nH]c2ccc(cc12)C1CCN(Cc2ncn(C)n2)CC1)-c1cc(C)ncc1F	Toll-like receptor 7	13.8	US Patent	7CYN
CC(C)c1c([nH]c2ccc(cc12)C1CCN(Cc2ncon2)CC1)-c1cc(C)ncc1C	Toll-like receptor 7	13.8	US Patent	7CYN
CC(C)c1c([nH]c2ccc(cc12)C1CCN(Cc2cnc[nH]2)CC1)-c1cc(C)ncc1N	Toll-like receptor 7	13.8	US Patent	7CYN
CNC(=O)CN1CCC(CC1)c1ccc2[nH]c(c(C(C)C)c2c1)-c1cc(C)ncc1C	Toll-like receptor 7	13.9	US Patent	7CYN
CC(C)c1c([nH]c2ccc(cc12)C1CCNCC1)-c1ccnc(C)c1Cl	Toll-like receptor 7	13.9	US Patent	7CYN
CCC(CC)NC(=O)CN1CCC(CC1)c1ccc2[nH]c(c(C(C)C)c2c1)-c1cc(C)nc(C)c1	Toll-like receptor 7	13.9	US Patent	7CYN
CC(C)c1c([nH]c2ccc(cc12)C1CCN(CC1)C(=O)CN(C)C1CC1)-c1cc(C)nc(C)c1	Toll-like receptor 7	13.9	US Patent	7CYN
COc1cc(cn2ncnc12)-c1[nH]c2ccc(nc2c1C(C)C)N1CC(C1)NCC(=O)N(C)C	Toll-like receptor 7	14	US Patent	7CYN
CC(C)c1c([nH]c2ccc(nc12)C1CCC(CC1)NCCS(C)(=O)=O)-c1cn(CC#N)c2ncccc12	Toll-like receptor 7	14	US Patent	7CYN
CC(C)c1c([nH]c2ccc(nc12)C1CCC(CC1)NCC(C)(C)S(C)(=O)=O)-c1cn2ncnc2c(C)c1C	Toll-like receptor 7	14	US Patent	7CYN
CC(C)c1c([nH]c2ccc(nc12)C1CCN(CC1)C1CCOCC1)-c1cn(C)c(=O)c(C)c1C	Toll-like receptor 7	14	US Patent	7CYN
COc1cc(cn2ncnc12)-c1[nH]c2ccc(nc2c1C(C)C)C1CC(C1)N(C)CCS(C)(=O)=O	Toll-like receptor 7	14	US Patent	7CYN
CC(C)c1c([nH]c2ccc(CCC3CN(CCS(C)(=O)=O)C3)nc12)-c1cn(C)c2ncccc12	Toll-like receptor 7	14	US Patent	7CYN
CC(C)c1c([nH]c2ccc(nc12)C1CCC(CC1)NCCS(C)(=O)=O)-c1cn(CC#N)c2ncccc12	Toll-like receptor 7	14	US Patent	7CYN
CC(C)c1c([nH]c2ccc(nc12)C1CCC(CC1)NCC(C)(C)S(C)(=O)=O)-c1cn2ncnc2c(C)c1C	Toll-like receptor 7	14	US Patent	7CYN
CC(C)c1c([nH]c2ccc(nc12)C1CCN(CC1)C1CCOCC1)-c1cn(C)c(=O)c(C)c1C	Toll-like receptor 7	14	US Patent	7CYN
COc1cc(cn2ncnc12)-c1[nH]c2ccc(nc2c1C(C)C)C1CC(C1)N(C)CCS(C)(=O)=O	Toll-like receptor 7	14	US Patent	7CYN
COc1cc(cn2ncnc12)-c1[nH]c2ccc(nc2c1C(C)C)N1CC(C1)NCC(=O)N(C)C	Toll-like receptor 7	14	US Patent	7CYN
CC(C)c1c([nH]c2ccc(CCC3CN(CCS(C)(=O)=O)C3)nc12)-c1cn(C)c2ncccc12	Toll-like receptor 7	14	US Patent	7CYN
CC(C)c1c([nH]c2ccc(nc12)C1CCC(CC1)NCCS(C)(=O)=O)-c1cn(CC#N)c2ncccc12	Toll-like receptor 7	14	US Patent	7CYN
COc1cc(cn2ncnc12)-c1[nH]c2cnc(cc2c1C(C)C)C1CCC(C1)NCC(C)(C)C	Toll-like receptor 7	14	US Patent	7CYN
COc1cc(cn2ncnc12)-c1[nH]c2ccc(nc2c1C(C)C)N1CC(C1)NCC(=O)N(C)C	Toll-like receptor 7	14	US Patent	7CYN
CC(C)NC1CCC(CC1)c1cc2c(C(C)C)c([nH]c2cn1)-c1cn2ncnc2c(C)c1C	Toll-like receptor 7	14	US Patent	7CYN
CNCCCNC(=O)c1coc(n1)-c1ccc2[nH]c(c(C(C)C)c2c1)-c1cc(C)nc(C)c1	Toll-like receptor 7	14	US Patent	7CYN
CC(C)c1c([nH]c2ccc(cc12)-c1ccc(nc1)N1CCN(C)CC1)-c1ccc2nc(C)cn2c1	Toll-like receptor 7	14	US Patent	7CYN
CC(C)c1c([nH]c2ccc(cc12)-c1ccc(NC(=O)C2CN(C)C(=O)C2)nc1)-c1ccnc(C)c1	Toll-like receptor 7	14	US Patent	7CYN
CC(C)c1c([nH]c2ccc(nc12)C1CCC(CC1)NCC(C)(C)S(C)(=O)=O)-c1cn2ncnc2c(C)c1C	Toll-like receptor 7	14	US Patent	7CYN
COc1cc(cn2ncnc12)-c1[nH]c2cnc(cc2c1C(C)C)C1CCN(CC(=O)N(C)C)CC1	Toll-like receptor 7	14	US Patent	7CYN
CC(C)c1c([nH]c2ccc(CCC3CN(CCS(C)(=O)=O)C3)nc12)-c1cn(C)c2ncccc12	Toll-like receptor 7	14	US Patent	7CYN
COCCN1CCC(CC1)c1ncc2[nH]c(c(C(C)C)c2c1F)-c1cc(C)nc(C)c1	Toll-like receptor 7	14	US Patent	7CYN
CC(C)c1c([nH]c2ccc(nc12)C1CCN(CC1)C1CCOCC1)-c1cn(C)c(=O)c(C)c1C	Toll-like receptor 7	14	US Patent	7CYN
Cc1cc(=O)n(C)cc1-c1cc(C)c2nn(cc2c1)C1CCNCC1	Toll-like receptor 7	14	ChEMBL	7CYN
CC(C)c1c([nH]c2cnc(C3CCC(CC3)NCC(C)(C)O)c(C)c12)-c1cn2ncnc2c(C)c1C	Toll-like receptor 7	14	US Patent	7CYN
CC(C)c1c([nH]c2cnc(N3CCN(CC(=O)N(C)C)CC3)c(C)c12)-c1cn2ncnc2c(C)c1C	Toll-like receptor 7	14	US Patent	7CYN
CCc1c([nH]c2ccc(C3CCNCC3)c(C)c12)-c1ccnc(C)c1	Toll-like receptor 7	14	ChEMBL	7CYN
CC(C)c1c([nH]c2ccc(cc12)C(=O)N1CCC(CC1)N(C)C)-c1cc(C)nc(C)c1	Toll-like receptor 7	14	US Patent	7CYN
COc1cc(cn2ncnc12)-c1[nH]c2ccc(nc2c1C(C)C)C1CC(C1)N(C)CCS(C)(=O)=O	Toll-like receptor 7	14	US Patent	7CYN
CC(C)c1c([nH]c2ccc(cc12)C1CCN(Cc2cnccn2)CC1)-c1cn2ncnc2cc1C	Toll-like receptor 7	14.1	US Patent	7CYN
CC(C)c1c([nH]c2ccc(cc12)C1CCN(Cc2cnccn2)CC1)-c1cn2ncnc2cc1C	Toll-like receptor 7	14.1	US Patent	7CYN
CCN(CCO)C(=O)CN1CCC(CC1)c1ccc2[nH]c(c(C(C)C)c2c1)-c1cc(C)nc(C)c1	Toll-like receptor 7	14.1	US Patent	7CYN
CC(C)c1c([nH]c2ccc(cc12)C1CCN(CC1)C(=O)CC#N)-c1cn2ncnc2cc1C	Toll-like receptor 7	14.2	US Patent	7CYN
CC(C)c1c([nH]c2ccc(cc12)C1CCN(Cc2ncn(C)n2)CC1)-c1cc(C)c2ncnn2c1C	Toll-like receptor 7	14.2	US Patent	7CYN
CC(C)c1c([nH]c2ccc(cc12)C1CCN(CC1)C(=O)CC#N)-c1cn2ncnc2cc1C	Toll-like receptor 7	14.2	US Patent	7CYN
CC(C)c1c([nH]c2ccc(cc12)C1CCN(Cc2ncn(C)n2)CC1)-c1cc(C)c2ncnn2c1C	Toll-like receptor 7	14.2	US Patent	7CYN
CC(C)c1c([nH]c2ccc(cc12)C1CCN(CC1)C1CCCOC1)-c1cc(C)ncc1C	Toll-like receptor 7	14.2	US Patent	7CYN
CC(C)c1c([nH]c2ccc(cc12)C1CCN(CC(=O)N(C)C)CC1)-c1cc(C)[n+](O)c(C)c1	Toll-like receptor 7	14.2	US Patent	7CYN
Cc1cc(cc(C)n1)-c1[nH]c2ccc(cc2c1C1CC1)C1CCN(CC(C)(C)O)CC1	Toll-like receptor 7	14.3	US Patent	7CYN
CC(C)c1c([nH]c2ccc(cc12)C1CCN(Cc2cc(C)on2)CC1)-c1ccc2ncnn2c1	Toll-like receptor 7	14.4	US Patent	7CYN
CC(C)c1c([nH]c2ccc(cc12)C1CCN(Cc2ncn[nH]2)CC1)-c1cn2ncnc2cc1C	Toll-like receptor 7	14.4	US Patent	7CYN
CC(C)c1c([nH]c2ccc(cc12)C1CCN(Cc2ncn(C)n2)CC1)-c1cc(c2ncnn2c1)C(C)(C)O	Toll-like receptor 7	14.4	US Patent	7CYN
CC(C)c1c([nH]c2ccc(cc12)C1CCN(Cc2cc(C)on2)CC1)-c1ccc2ncnn2c1	Toll-like receptor 7	14.4	US Patent	7CYN
CC(C)c1c([nH]c2ccc(cc12)C1CCN(Cc2ncn[nH]2)CC1)-c1cn2ncnc2cc1C	Toll-like receptor 7	14.4	US Patent	7CYN
CC(C)c1c([nH]c2ccc(cc12)C1CCN(Cc2ncn(C)n2)CC1)-c1cc(c2ncnn2c1)C(C)(C)O	Toll-like receptor 7	14.4	US Patent	7CYN
CC(C)c1c([nH]c2ccc(cc12)C1CCN(CC1)C1CCCNC1O)-c1ccnc(C)c1	Toll-like receptor 7	14.4	US Patent	7CYN
CC(C)c1c([nH]c2ccc(cc12)C1CCN(CC1)C(=O)CN(C)C1CCCCC1)-c1cc(C)nc(C)c1	Toll-like receptor 7	14.4	US Patent	7CYN
CC(C)c1c([nH]c2ccc(cc12)C1CCN(CC1)C(=O)[C@H]1CCC[C@@]1(C)N)-c1ccnc(C)c1	Toll-like receptor 7	14.4	US Patent	7CYN
CC(C)c1c([nH]c2ccc(cc12)C1CCN(Cc2cnn[nH]2)CC1)-c1cn2ncnc2cc1C	Toll-like receptor 7	14.5	US Patent	7CYN
CC(C)c1c([nH]c2ccc(cc12)C1CCN(Cc2cnn[nH]2)CC1)-c1cn2ncnc2cc1C	Toll-like receptor 7	14.5	US Patent	7CYN
CC(C)c1c([nH]c2ccc(cc12)C1CCN(Cc2nncn2C)CC1)-c1cc(C)ncc1F	Toll-like receptor 7	14.5	US Patent	7CYN
CC(C)c1c([nH]c2ccc(cc12)C1CCN(CC1)C(=O)C1(O)CC1)-c1cc(C)nc(C)c1	Toll-like receptor 7	14.6	US Patent	7CYN
CC(C)c1c([nH]c2ccc(cc12)C1CCN(CC1)C(=O)CN1C[C@H](C[C@H]1CO)C(F)(F)F)-c1cc(C)nc(C)c1	Toll-like receptor 7	14.6	US Patent	7CYN
CC(C)c1c([nH]c2ccc(cc12)C1CCN(CC1)C(=O)CN1CC(F)(F)C[C@H]1CO)-c1cc(C)nc(C)c1	Toll-like receptor 7	14.6	US Patent	7CYN
CC(C)c1c([nH]c2ccc(cc12)C1CCN(CC1)C(=O)CC(F)(F)F)-c1cc(c2ncnn2c1)C(F)(F)F	Toll-like receptor 7	14.7	US Patent	7CYN
CC(C)c1c([nH]c2ccc(cc12)C1CCN(CC1)C(=O)CC(F)(F)F)-c1cc(c2ncnn2c1)C(F)(F)F	Toll-like receptor 7	14.7	US Patent	7CYN
CC(C)c1c([nH]c2ccc(cc12)C1CCN(CC1)C(=O)CN1CC(F)(F)C1)-c1cc(C)nc(C)c1	Toll-like receptor 7	14.7	US Patent	7CYN
CC(C)c1c([nH]c2ccc(cc12)C1CCN(CC1)C(=O)NCC1CCCCN1)-c1cn2ncnc2c(C)c1C	Toll-like receptor 7	14.8	US Patent	7CYN
CC(C)c1c([nH]c2ccc(cc12)C1CCN(CC(=O)N(C)C)CC1)-c1cn2ncnc2cc1C	Toll-like receptor 7	14.8	US Patent	7CYN
CC(C)c1c([nH]c2ccc(cc12)C1CCN(CCC#N)CC1)-c1cc(c2ncnn2c1)C(C)(C)O	Toll-like receptor 7	14.8	US Patent	7CYN
CC(C)c1c([nH]c2ccc(cc12)C1CCN(CC1)C(=O)NCC1CCCCN1)-c1cn2ncnc2c(C)c1C	Toll-like receptor 7	14.8	US Patent	7CYN
CC(C)c1c([nH]c2ccc(cc12)C1CCN(CC(=O)N(C)C)CC1)-c1cn2ncnc2cc1C	Toll-like receptor 7	14.8	US Patent	7CYN
CC(C)c1c([nH]c2ccc(cc12)C1CCN(CCC#N)CC1)-c1cc(c2ncnn2c1)C(C)(C)O	Toll-like receptor 7	14.8	US Patent	7CYN
CCC(CC)C(=O)N1CCC(CC1)c1ccc2[nH]c(c(C(C)C)c2c1)-c1cc(C)nc(C)c1	Toll-like receptor 7	14.9	US Patent	7CYN
CC(C)c1c([nH]c2ccc(nc12)N1CC2(CN(CC#N)C2)C1)-c1cn2ncnc2c(C)c1C	Toll-like receptor 7	15	US Patent	7CYN
CNC(=O)CN(C)C1CCC(CC1)c1ccc2[nH]c(c(C(C)C)c2n1)-c1cn2ncnc2c(C)c1C	Toll-like receptor 7	15	US Patent	7CYN
CC(C)c1c([nH]c2ccc(nc12)C1CCC(CC1)N1CCN(C)C(=O)C1)-c1cn2ncnc2c(C)c1C	Toll-like receptor 7	15	US Patent	7CYN
CC(C)c1c([nH]c2ccc(CCC3CNC3)nc12)-c1cn(C)c2ncccc12	Toll-like receptor 7	15	US Patent	7CYN
CC(C)c1c([nH]c2ccc(cc12)C1CCN(CC1)C(=O)CN1CC(=O)NC1=O)-c1cc(C)nc(C)c1	Toll-like receptor 7	15	US Patent	7CYN
CNC(=O)CN(C)C1CCC(CC1)c1ccc2[nH]c(c(C(C)C)c2n1)-c1cn2ncnc2c(C)c1C	Toll-like receptor 7	15	US Patent	7CYN
CC(C)c1c([nH]c2ccc(nc12)C1CCC(CC1)N1CCN(C)C(=O)C1)-c1cn2ncnc2c(C)c1C	Toll-like receptor 7	15	US Patent	7CYN
CC(C)c1c([nH]c2ccc(nc12)N1CC2(CN(CC#N)C2)C1)-c1cn2ncnc2c(C)c1C	Toll-like receptor 7	15	US Patent	7CYN
CC(C)c1c([nH]c2ccc(CCC3CNC3)nc12)-c1cn(C)c2ncccc12	Toll-like receptor 7	15	US Patent	7CYN
COc1cc(cn2ncnc12)-c1[nH]c2cnc(cc2c1C(C)C)C1CCC(C1)NCC1(C)COC1	Toll-like receptor 7	15	US Patent	7CYN
CC(C)N1CCC(CC1)NC(=O)c1nnc(o1)-c1ccc2[nH]c(c(C(C)C)c2c1)-c1cc(C)nc(C)c1	Toll-like receptor 7	15	US Patent	7CYN
CC(C)c1c([nH]c2ccc(nc12)C1CCC(CC1)N1CCN(C)C(=O)C1)-c1cn2ncnc2c(C)c1C	Toll-like receptor 7	15	US Patent	7CYN
CC(C)c1c([nH]c2ccc(cc12)-c1nnc(o1)C1CCNC1)-c1ccnc(C)c1	Toll-like receptor 7	15	US Patent	7CYN
CC(C)c1c([nH]c2cnc(N3CCN(CC4(C)COC4)CC3)c(F)c12)-c1cn2ncnc2c(C)c1C	Toll-like receptor 7	15	US Patent	7CYN
CNC(=O)CN(C)C1CCC(CC1)c1ccc2[nH]c(c(C(C)C)c2n1)-c1cn2ncnc2c(C)c1C	Toll-like receptor 7	15	US Patent	7CYN
CC(C)c1c([nH]c2ccc(nc12)N1CC2(CN(CC#N)C2)C1)-c1cn2ncnc2c(C)c1C	Toll-like receptor 7	15	US Patent	7CYN
CNC(=O)CN1CC2(C1)CN(C2)c1ncc2[nH]c(c(C(C)C)c2c1F)-c1cc(OC)c2ncnn2c1	Toll-like receptor 7	15	US Patent	7CYN
CC(C)c1c([nH]c2ccc(cc12)C(C)(C)C(=O)N1CCCCC1C1CCNCC1)-c1ccnc(C)c1	Toll-like receptor 7	15	US Patent	7CYN
CC(C)c1c([nH]c2cnc(C3CCN(CC3)C3COC3)c(F)c12)-c1cc(C)nc(C)c1	Toll-like receptor 7	15	US Patent	7CYN
CC(C)c1c([nH]c2ccc(CCC3CNC3)nc12)-c1cn(C)c2ncccc12	Toll-like receptor 7	15	US Patent	7CYN
CCOc1nc(C)c2nc(-c3cncc(F)c3)n(Cc3ccc(CN4C[C@@H]5C[C@H]4CN5C)cc3)c2n1	Toll-like receptor 7	15	ChEMBL	7CYN
CC(C)c1c([nH]c2ccc(cc12)C1CCNCC1)-c1cc(C)nc(C)c1[N+]([O-])=O	Toll-like receptor 7	15.1	US Patent	7CYN
CNCC(=O)N1CCC(CC1)c1ccc2[nH]c(c(C(C)C)c2c1)-c1cc(ncc1F)C1CC1	Toll-like receptor 7	15.1	US Patent	7CYN
CC(C)c1c([nH]c2ccc(cc12)C1CCN(CC1)C(=O)[C@@H]1CCC[C@H](N)C1)-c1ccnc(C)c1	Toll-like receptor 7	15.1	US Patent	7CYN
CC(C)N1CCC(CN2CCC(CC2)c2ccc3[nH]c(c(C(C)C)c3c2F)-c2ccnc(C)c2)CC1	Toll-like receptor 7	15.4	US Patent	7CYN
CC(C)c1c([nH]c2ccc(cc12)C1CCN(CC(=O)N2CCCC(C)(C)C2)CC1)-c1cc(C)nc(C)c1	Toll-like receptor 7	15.4	US Patent	7CYN
COCc1cc(cn2ncnc12)-c1[nH]c2ccc(cc2c1C(C)C)C1CCN(CC(=O)N2CCS(=O)(=O)CC2)CC1	Toll-like receptor 7	15.5	US Patent	7CYN
CC(C)c1c([nH]c2ccc(cc12)C1CCN(CCNS(C)(=O)=O)CC1)-c1cc(c2ncnn2c1)C(C)(C)O	Toll-like receptor 7	15.5	US Patent	7CYN
COCc1cc(cn2ncnc12)-c1[nH]c2ccc(cc2c1C(C)C)C1CCN(CC(=O)N2CCS(=O)(=O)CC2)CC1	Toll-like receptor 7	15.5	US Patent	7CYN
CC(C)c1c([nH]c2ccc(cc12)C1CCN(CCNS(C)(=O)=O)CC1)-c1cc(c2ncnn2c1)C(C)(C)O	Toll-like receptor 7	15.5	US Patent	7CYN
CC(C)c1c([nH]c2ccc(cc12)C1CCN(Cc2ccn[nH]2)CC1)-c1cc(C)ncc1C	Toll-like receptor 7	15.5	US Patent	7CYN
CC(C)c1c([nH]c2ccc(cc12)C1CCN(CC1)C(=O)C1CN(C)C(=O)C1)-c1cc(C)ncc1F	Toll-like receptor 7	15.6	US Patent	7CYN
COc1cc(ccn1)-c1[nH]c2ccc(cc2c1C(C)C)C1CCN(C)CC1	Toll-like receptor 7	15.6	US Patent	7CYN
CC(C)c1c([nH]c2ccc(cc12)C1CCN(CC(F)F)CC1)-c1cc(C)nc(C)c1	Toll-like receptor 7	15.6	US Patent	7CYN
CN(C)C(=O)CN1CCC(CC1)c1ccc2[nH]c(c(CC(F)F)c2c1)-c1cc(C)nc(C)c1	Toll-like receptor 7	15.7	US Patent	7CYN
CC(C)c1c([nH]c2ccc(cc12)C1CCN(Cc2cncs2)CC1)-c1cn2ncnc2cc1C	Toll-like receptor 7	15.8	US Patent	7CYN
CC(C)c1c([nH]c2ccc(cc12)C1CCN(Cc2cncs2)CC1)-c1cn2ncnc2cc1C	Toll-like receptor 7	15.8	US Patent	7CYN
CC(C)c1c([nH]c2ccc(cc12)C1CCN(CC1)C1CCOC1)-c1ccnc(C)c1	Toll-like receptor 7	15.8	US Patent	7CYN
Cc1cc(cc(C)n1)-c1[nH]c2ccc(cc2c1CC(F)F)C1CCNCC1	Toll-like receptor 7	15.8	US Patent	7CYN
COCCNC1CCC(CC1)c1ccc2[nH]c(c(C(C)C)c2n1)-c1cn2ncnc2c(C)c1C	Toll-like receptor 7	16	US Patent	7CYN
CC(C)c1c([nH]c2ccc(nc12)C1CCC(CC1)N(CCO)C1COC1)-c1cn2ncnc2c(C)c1C	Toll-like receptor 7	16	US Patent	7CYN
CC(C)c1c([nH]c2ccc(nc12)C1CNCCO1)-c1cc(C)c(=O)n(C)c1	Toll-like receptor 7	16	US Patent	7CYN
COc1cc(cn2ncnc12)-c1[nH]c2ccc(CCN3CCCCC3)nc2c1C(C)C	Toll-like receptor 7	16	US Patent	7CYN
CC(C)c1c([nH]c2ccc(cc12)C1CCNCC1)-c1cc(ncc1F)C1CC1	Toll-like receptor 7	16	US Patent	7CYN
CCc1c([nH]c2ccc(cc12)C1CCN(CC1)C(=O)CN(C)C)-c1cc(C)nc(C)c1	Toll-like receptor 7	16	US Patent	7CYN
COc1nc(C)c2nc(-c3cncc(F)c3)n(Cc3ccc(cc3)C3CN4CCC3CC4)c2n1	Toll-like receptor 7	16	US Patent	7CYN
COc1nc(C)c2nc(-c3cncc(F)c3)n(Cc3ccc(O[C@H]4CCN(C)C4)cc3F)c2n1	Toll-like receptor 7	16	US Patent	7CYN
COc1nc(C)c2nc(-c3cncc(F)c3)n(Cc3ccc(O[C@@H]4CCN(C)C4)cc3F)c2n1	Toll-like receptor 7	16	US Patent	7CYN
COc1nc(C)c2nc(-c3cccnc3)n(Cc3ccc(O[C@@H]4C[C@@H]5CC[C@H](C4)N5)cc3F)c2n1	Toll-like receptor 7	16	US Patent	7CYN
CCOc1nc(N)c2nc(-c3cncc(F)c3)n(Cc3ccc(cc3)C3CCN(CC3)C(=O)CN(C)C)c2n1	Toll-like receptor 7	16	US Patent	7CYN
COCCNC1CCC(CC1)c1ccc2[nH]c(c(C(C)C)c2n1)-c1cn2ncnc2c(C)c1C	Toll-like receptor 7	16	US Patent	7CYN
CC(C)c1c([nH]c2ccc(nc12)C1CCC(CC1)N(CCO)C1COC1)-c1cn2ncnc2c(C)c1C	Toll-like receptor 7	16	US Patent	7CYN
CC(C)c1c([nH]c2ccc(nc12)C1CNCCO1)-c1cc(C)c(=O)n(C)c1	Toll-like receptor 7	16	US Patent	7CYN
COc1cc(cn2ncnc12)-c1[nH]c2ccc(CCN3CCCCC3)nc2c1C(C)C	Toll-like receptor 7	16	US Patent	7CYN
CC(C)c1c([nH]c2ccc(nc12)C1CNCCO1)-c1cc(C)c(=O)n(C)c1	Toll-like receptor 7	16	US Patent	7CYN
CC(C)c1c([nH]c2cnc(N3CCN(CC(=O)N(C)C)C[C@H]3C)c(F)c12)-c1cn2ncnc2c(C)c1C	Toll-like receptor 7	16	US Patent	7CYN
CC(C)c1c([nH]c2ccc(cc12)-c1nnc(o1)[C@H]1CCCNC1)-c1ccnc(C)c1	Toll-like receptor 7	16	US Patent	7CYN
CC(C)c1c([nH]c2ccc(cc12)C(C)(C)C(=O)N[C@@H]1CCCC[C@H]1N)-c1ccnc(C)c1	Toll-like receptor 7	16	US Patent	7CYN
CC(C)c1c([nH]c2cnc(C3CCC(CC3)NCC(C)(C)C)c(C)c12)-c1cn2ncnc2c(C)c1C	Toll-like receptor 7	16	US Patent	7CYN
CC(C)c1c([nH]c2ccc(nc12)C1CCC(CC1)N(CCO)C1COC1)-c1cn2ncnc2c(C)c1C	Toll-like receptor 7	16	US Patent	7CYN
COc1cc(cn2ncnc12)-c1[nH]c2ccc(CCN3CCCCC3)nc2c1C(C)C	Toll-like receptor 7	16	US Patent	7CYN
CC(C)c1c([nH]c2cnc(N3CCN(CC3)C3COC3)c(C)c12)-c1cn2ncnc2c(C)c1C	Toll-like receptor 7	16	US Patent	7CYN
COc1cc(cn2ncnc12)-c1[nH]c2cnc(C3CCC(CC3)NC3CCOCC3)c(C)c2c1C(C)C	Toll-like receptor 7	16	US Patent	7CYN
COCCNC1CCC(CC1)c1ccc2[nH]c(c(C(C)C)c2n1)-c1cn2ncnc2c(C)c1C	Toll-like receptor 7	16	US Patent	7CYN
CC(C)c1c([nH]c2cnc(N3CCC(CC3)N3CCS(=O)(=O)CC3)c(C)c12)-c1cc(C)c2ncnn2c1	Toll-like receptor 7	16	US Patent	7CYN
CC(C)c1c([nH]c2ccc(cc12)C(C)(C)C(=O)NC1CN2CCC1CC2)-c1ccnc(C)c1	Toll-like receptor 7	16	US Patent	7CYN
CC(C)c1c([nH]c2cnc(N3CCN(CC3)C(=O)CN3CCOCC3)c(F)c12)-c1cn2ncnc2c(C)c1C	Toll-like receptor 7	16	US Patent	7CYN
COc1cc(cn2ncnc12)-c1[nH]c2cnc(N3CC4(CN(C4)C4CCN(CC4)C(C)C)C3)c(F)c2c1C(C)C	Toll-like receptor 7	16	US Patent	7CYN
CCN1CC2(C1)CN(C2)c1ncc2[nH]c(c(C(C)C)c2c1F)-c1cn2ncnc2c(C)c1C	Toll-like receptor 7	16	US Patent	7CYN
COc1cc(cn2ncnc12)-c1[nH]c2cnc(N3CCN(CC(C)C)C[C@H]3C)c(F)c2c1C(C)C	Toll-like receptor 7	16	US Patent	7CYN
CCN(CCN(C)C)C(=O)c1ccc2[nH]c(c(CC)c2c1)-c1ccnc2[nH]ccc12	Toll-like receptor 7	16	US Patent	7CYN
CC(C)c1c([nH]c2ccc(cc12)-c1cc2CCNCc2s1)-c1ccnc(C)c1	Toll-like receptor 7	16	US Patent	7CYN
CC(C)c1c([nH]c2ccc(cc12)C1CCN(CC(=O)N(C)C)CC1)-c1cc(C)ncc1C	Toll-like receptor 7	16.1	US Patent	7CYN
CC(C)c1c([nH]c2ccc(cc12)C1CCNCC1)-c1ccnc(C)c1N	Toll-like receptor 7	16.1	US Patent	7CYN
CC(C)c1c([nH]c2ccc(cc12)C1CCN(CC1)C1CCCC1)-c1cc(C)nc(C)c1	Toll-like receptor 7	16.1	US Patent	7CYN
Cc1nc2c(C)cc(cn2n1)-c1[nH]c2ccc(cc2c1CC(F)F)C1CCN(CC1)C(=O)CC(C)(C)O	Toll-like receptor 7	16.2	US Patent	7CYN
Cc1nc2c(C)cc(cn2n1)-c1[nH]c2ccc(cc2c1CC(F)F)C1CCN(CC1)C(=O)CC(C)(C)O	Toll-like receptor 7	16.2	US Patent	7CYN
CC(C)c1c([nH]c2ccc(cc12)C1CCN(CC1)C(=O)C1C(C)(C)C1(C)C)-c1cc(C)c2ncnn2c1	Toll-like receptor 7	16.3	US Patent	7CYN
CC(C)c1c([nH]c2ccc(cc12)C1CCN(CC1)C(=O)Cc1csc(C)n1)-c1cc(c2ncnn2c1)C(F)(F)F	Toll-like receptor 7	16.3	US Patent	7CYN
COCc1cc(cn2ncnc12)-c1[nH]c2ccc(cc2c1C(C)C)C1CCN(CC(=O)N2C[C@@H](C[C@@H]2CO)C(F)(F)F)CC1	Toll-like receptor 7	16.3	US Patent	7CYN
COCc1cc(cn2ncnc12)-c1[nH]c2ccc(cc2c1C(C)C)C1CCN(CC(=O)N(C)CC(C)(C)O)CC1	Toll-like receptor 7	16.3	US Patent	7CYN
CC(C)c1c([nH]c2ccc(cc12)C1CCN(CC1)C(=O)N[C@@H]1CCNC1)-c1cn2ncnc2c(C)c1C	Toll-like receptor 7	16.3	US Patent	7CYN
CC(C)c1c([nH]c2ccc(cc12)C1CCN(Cc2cn(C)nn2)CC1)-c1ccc2ncnn2c1	Toll-like receptor 7	16.3	US Patent	7CYN
CC(C)c1c([nH]c2ccc(cc12)C1CCN(CC1)C(=O)C1C(C)(C)C1(C)C)-c1cc(C)c2ncnn2c1	Toll-like receptor 7	16.3	US Patent	7CYN
CC(C)c1c([nH]c2ccc(cc12)C1CCN(CC1)C(=O)Cc1csc(C)n1)-c1cc(c2ncnn2c1)C(F)(F)F	Toll-like receptor 7	16.3	US Patent	7CYN
COCc1cc(cn2ncnc12)-c1[nH]c2ccc(cc2c1C(C)C)C1CCN(CC(=O)N2C[C@@H](C[C@@H]2CO)C(F)(F)F)CC1	Toll-like receptor 7	16.3	US Patent	7CYN
COCc1cc(cn2ncnc12)-c1[nH]c2ccc(cc2c1C(C)C)C1CCN(CC(=O)N(C)CC(C)(C)O)CC1	Toll-like receptor 7	16.3	US Patent	7CYN
CC(C)c1c([nH]c2ccc(cc12)C1CCN(CC1)C(=O)N[C@@H]1CCNC1)-c1cn2ncnc2c(C)c1C	Toll-like receptor 7	16.3	US Patent	7CYN
CC(C)c1c([nH]c2ccc(cc12)C1CCN(Cc2cn(C)nn2)CC1)-c1ccc2ncnn2c1	Toll-like receptor 7	16.3	US Patent	7CYN
CC(C)c1c([nH]c2ccc(cc12)C1CCN(CC2(C)COC2)CC1)-c1ccnc(C)c1	Toll-like receptor 7	16.3	US Patent	7CYN
CC(C)c1c([nH]c2ccc(cc12)C1CCN(Cc2ncn(C)n2)CC1)-c1cn2ncnc2cc1C	Toll-like receptor 7	16.4	US Patent	7CYN
CC(C)c1c([nH]c2ccc(cc12)C1CCN(Cc2ncn(C)n2)CC1)-c1cn2ncnc2cc1C	Toll-like receptor 7	16.4	US Patent	7CYN
CC(C)c1c([nH]c2ccc(cc12)C1CCN(CC1)C(=O)Cc1csc(C)n1)-c1cc(C)nc(C)c1	Toll-like receptor 7	16.4	US Patent	7CYN
CC(C)c1c([nH]c2ccc(cc12)C1CCNCC1)-c1cc(C)nc(C)c1Br	Toll-like receptor 7	16.5	US Patent	7CYN
CC(C)c1c([nH]c2ccc(cc12)C1CCN(CC1)C(=O)Cn1ccccc1=O)-c1cc(C)nc(C)c1	Toll-like receptor 7	16.5	US Patent	7CYN
CC(C)N1CCC(CC1)C(=O)N1CCC(CC1)c1ccc2[nH]c(c(C(C)C)c2c1)-c1ccnc(C)c1	Toll-like receptor 7	16.5	US Patent	7CYN
CC(C)c1c([nH]c2ccc(cc12)C1CCN(CC1)C1CCOC2CCCC12)-c1cc(C)nc(C)c1	Toll-like receptor 7	16.6	US Patent	7CYN
CC(C)c1c([nH]c2ccc(cc12)C1CCN(CC1)C(C)CF)-c1ccnc(C)c1	Toll-like receptor 7	16.7	US Patent	7CYN
COCc1cc(cn2ncnc12)-c1[nH]c2ccc(cc2c1C(C)C)C1CCN(CC(=O)N2C[C@H](C[C@H]2CO)C(F)(F)F)CC1	Toll-like receptor 7	16.9	US Patent	7CYN
CC(C)c1c([nH]c2ccc(cc12)C1CC2CCC(C1)N2C[N+]#[C-])-c1cn2ncnc2c(C)c1C	Toll-like receptor 7	16.9	US Patent	7CYN
COCc1cc(cn2ncnc12)-c1[nH]c2ccc(cc2c1C(C)C)C1CCN(CC(=O)N2C[C@H](C[C@H]2CO)C(F)(F)F)CC1	Toll-like receptor 7	16.9	US Patent	7CYN
CC(C)c1c([nH]c2ccc(cc12)C1CC2CCC(C1)N2CC#N)-c1cn2ncnc2c(C)c1C	Toll-like receptor 7	16.9	US Patent	7CYN
COCc1cc(cn2ncnc12)-c1[nH]c2ccc(cc2c1C(C)C)C1CCN(CC(=O)N2CC(F)(F)C2)CC1	Toll-like receptor 7	17	US Patent	7CYN
CC(C)c1c([nH]c2ccc(cc12)C1CCN(Cc2cn(C)nc2C)CC1)-c1ccc2ncnn2c1	Toll-like receptor 7	17	US Patent	7CYN
COCc1cc(cn2ncnc12)-c1[nH]c2ccc(cc2c1C(C)C)C1CCN(CC(=O)N2CC(F)(F)C2)CC1	Toll-like receptor 7	17	US Patent	7CYN
CC(C)c1c([nH]c2ccc(nc12)N1CC(C1)NCC(=O)N(C)C)-c1cn(C)c2ncccc12	Toll-like receptor 7	17	US Patent	7CYN
CC(C)c1c([nH]c2ccc(nc12)C1CCC(CC1)NCc1cnco1)-c1cn2ncnc2c(C)c1C	Toll-like receptor 7	17	US Patent	7CYN
CCN(CC(=O)N(C)C)C1CCC(CC1)c1nc2c(C(C)C)c([nH]c2cc1F)-c1cn2ncnc2c(C)c1C	Toll-like receptor 7	17	US Patent	7CYN
CC(C)c1c([nH]c2ccc(cc12)C1CCN(Cc2cn(C)nc2C)CC1)-c1ccc2ncnn2c1	Toll-like receptor 7	17	US Patent	7CYN
CC(C)c1c([nH]c2ccc(nc12)C1CN(CCO1)C(=O)CN(C)C)-c1cc(C)c(=O)n(C)c1	Toll-like receptor 7	17	US Patent	7CYN
CCN1CCC(C1)c1ccc(Cn2c(nc3c(C)nc(OC)nc23)-c2cncc(F)c2)c(F)c1	Toll-like receptor 7	17	US Patent	7CYN
COc1nc(C)c2nc(-c3cncc(F)c3)n(Cc3cc(ccc3F)C3CN4CCC3CC4)c2n1	Toll-like receptor 7	17	US Patent	7CYN
CC(C)c1c([nH]c2ccc(nc12)C1CCC(CC1)NCc1cnco1)-c1cn2ncnc2c(C)c1C	Toll-like receptor 7	17	US Patent	7CYN
CCN(CC(=O)N(C)C)C1CCC(CC1)c1nc2c(C(C)C)c([nH]c2cc1F)-c1cn2ncnc2c(C)c1C	Toll-like receptor 7	17	US Patent	7CYN
CC(C)c1c([nH]c2ccc(nc12)N1CC(C1)NCC(=O)N(C)C)-c1cn(C)c2ncccc12	Toll-like receptor 7	17	US Patent	7CYN
CC(C)c1c([nH]c2ccc(nc12)C1CN(CCO1)C(=O)CN(C)C)-c1cc(C)c(=O)n(C)c1	Toll-like receptor 7	17	US Patent	7CYN
CC(C)c1c([nH]c2ccc(cc12)-c1cnc(N)cn1)-c1ccnc(C)c1	Toll-like receptor 7	17	US Patent	7CYN
CCN(CC(=O)N(C)C)C1CCC(CC1)c1nc2c(C(C)C)c([nH]c2cc1F)-c1cn2ncnc2c(C)c1C	Toll-like receptor 7	17	US Patent	7CYN
CC(C)c1c([nH]c2ccc(nc12)C1CCC(CC1)NCc1cnco1)-c1cn2ncnc2c(C)c1C	Toll-like receptor 7	17	US Patent	7CYN
CCNCC(=O)NC12CCC(Cn3nc(C)c4CN(CCc34)c3cc(C)nc4n(C)ncc34)(CC1)CC2	Toll-like receptor 7	17	ChEMBL	7CYN
CC(C)c1c([nH]c2ccc(cc12)-c1nc(co1)C(=O)NCC1CCCCN1)-c1cc(C)nc(C)c1	Toll-like receptor 7	17	US Patent	7CYN
COc1cc(cn2ncnc12)-c1[nH]c2cnc(N3CC4(CN(CC5CCC5)C4)C3)c(F)c2c1C(C)C	Toll-like receptor 7	17	US Patent	7CYN
CC(C)c1c([nH]c2ccc(cc12)C(C)(C)C(=O)N1CC2CN(C)CC2C1)-c1ccnc(C)c1	Toll-like receptor 7	17	US Patent	7CYN
CC(C)c1c([nH]c2ccc(nc12)C1CN(CCO1)C(=O)CN(C)C)-c1cc(C)c(=O)n(C)c1	Toll-like receptor 7	17	US Patent	7CYN
CC(C)c1c([nH]c2ccc(nc12)N1CC(C1)NCC(=O)N(C)C)-c1cn(C)c2ncccc12	Toll-like receptor 7	17	US Patent	7CYN
CC(C)c1c([nH]c2cc(c(cc12)C1CCNCC1)C(F)(F)F)-c1ccnc(C)c1	Toll-like receptor 7	17	ChEMBL	7CYN
CC(C)c1c([nH]c2ccc(cc12)C1CCN(CC(C)(C)C(O)=O)CC1)-c1cc(C)nc(C)c1	Toll-like receptor 7	17.1	US Patent	7CYN
CC(C)c1c([nH]c2ccc(cc12)C1CCN(CC(=O)N2CCOCC2)CC1)-c1cn2ncnc2cc1C	Toll-like receptor 7	17.3	US Patent	7CYN
CC(C)c1c([nH]c2ccc(cc12)C1CCN(CC(=O)N2CCOCC2)CC1)-c1cn2ncnc2cc1C	Toll-like receptor 7	17.3	US Patent	7CYN
CC(C)c1c([nH]c2ccc(cc12)C1CCN(CC1)C(=O)CNCCC(C)(C)C)-c1cc(C)nc(C)c1	Toll-like receptor 7	17.4	US Patent	7CYN
CNC(=O)CN1CCC(CC1)c1ccc2[nH]c(c(CC(F)F)c2c1)-c1cc(C)nc(C)c1	Toll-like receptor 7	17.4	US Patent	7CYN
CC(C)c1c([nH]c2cc(F)c(cc12)C1CCN(CC1)C(C)=O)-c1cc(C)nc(C)c1	Toll-like receptor 7	17.5	US Patent	7CYN
CC(C)c1c([nH]c2ccc(cc12)C1CCN(CC(=O)N(C)[C@H]2CCOC2)CC1)-c1cc(C)nc(C)c1	Toll-like receptor 7	17.7	US Patent	7CYN
CC(C)c1c([nH]c2ccc(cc12)C1CCN(CC2CCCC2)CC1)-c1cc(C)nc(C)c1	Toll-like receptor 7	17.8	US Patent	7CYN
CC(C)c1c([nH]c2ccc(cc12)C1CCN(CC1)C(=O)CN1CCCC(F)(F)C1)-c1cc(C)nc(C)c1	Toll-like receptor 7	17.9	US Patent	7CYN
CC(C)c1c([nH]c2ccc(CCC3CN(Cc4c[nH]nn4)C3)nc12)-c1cn2ncnc2c(C)c1C	Toll-like receptor 7	18	US Patent	7CYN
COC1CN(CC(=O)N2CCN(CC2)c2ccc3[nH]c(c(C(C)C)c3n2)-c2cn3ncnc3c(C)c2C)C1	Toll-like receptor 7	18	US Patent	7CYN
COCCNC1CN(C1)c1ccc2[nH]c(c(C(C)C)c2n1)-c1cn2ncnc2c(C)c1C	Toll-like receptor 7	18	US Patent	7CYN
COCCN1CC2(CC(C2)c2ccc3[nH]c(c(C(C)C)c3n2)-c2cn3ncnc3c(C)c2C)C1	Toll-like receptor 7	18	US Patent	7CYN
CC(C)c1c([nH]c2ccc(nc12)C1CCC(CC1)N1CC2(CCS2(=O)=O)C1)-c1cn2ncnc2c(C)c1C	Toll-like receptor 7	18	US Patent	7CYN
COc1ncc(CN(Cc2cnc(OC)nc2)C2CCN(CC2)c2ccc3[nH]c(c(C(C)C)c3n2)-c2cn3ncnc3c(C)c2C)cn1	Toll-like receptor 7	18	US Patent	7CYN
CC(C)c1c([nH]c2ccc(nc12)C1CCC(CC1)N(C)CC(=O)N(C)C)-c1cn2ncnc2c(C)c1C	Toll-like receptor 7	18	US Patent	7CYN
CC(C)c1c([nH]c2ccc(nc12)C1CCN(CC(=O)N(C)C)CC1)-c1cn(C)c(=O)c(Cl)c1C	Toll-like receptor 7	18	US Patent	7CYN
CCOc1nc(C)c2nc(-c3cncc(F)c3)n(Cc3ccc(nc3)C3CN4CCC3CC4)c2n1	Toll-like receptor 7	18	US Patent	7CYN
COc1nc(C)c2nc(-c3cncc(F)c3)n(Cc3ccc(CN4CCC4)cc3F)c2n1	Toll-like receptor 7	18	US Patent	7CYN
CCN1CCC(CC1)c1ccc(Cn2c(nc3c(C)nc(OC)nc23)-c2cccnc2)c(F)c1	Toll-like receptor 7	18	US Patent	7CYN
Cc1nc(O)nc2n(Cc3ccc(C4=CN5CCC4CC5)c(F)c3)c(nc12)-c1cncc(F)c1	Toll-like receptor 7	18	US Patent	7CYN
COc1nc(C)c2nc(-c3cncc(F)c3)n(Cc3ccc(cc3F)C3CCNC3)c2n1	Toll-like receptor 7	18	US Patent	7CYN
CC(C)c1c([nH]c2ccc(nc12)C1CCC(CC1)N(C)CC(=O)N(C)C)-c1cn2ncnc2c(C)c1C	Toll-like receptor 7	18	US Patent	7CYN
COC1CN(CC(=O)N2CCN(CC2)c2ccc3[nH]c(c(C(C)C)c3n2)-c2cn3ncnc3c(C)c2C)C1	Toll-like receptor 7	18	US Patent	7CYN
CC(C)c1c([nH]c2ccc(nc12)C1CCN(CC(=O)N(C)C)CC1)-c1cn(C)c(=O)c(Cl)c1C	Toll-like receptor 7	18	US Patent	7CYN
COCCNC1CN(C1)c1ccc2[nH]c(c(C(C)C)c2n1)-c1cn2ncnc2c(C)c1C	Toll-like receptor 7	18	US Patent	7CYN
COCCN1CC2(CC(C2)c2ccc3[nH]c(c(C(C)C)c3n2)-c2cn3ncnc3c(C)c2C)C1	Toll-like receptor 7	18	US Patent	7CYN
CC(C)c1c([nH]c2ccc(CCC3CN(Cc4c[nH]nn4)C3)nc12)-c1cn2ncnc2c(C)c1C	Toll-like receptor 7	18	US Patent	7CYN
CC(C)c1c([nH]c2ccc(nc12)C1CCC(CC1)N1CC2(CCS2(=O)=O)C1)-c1cn2ncnc2c(C)c1C	Toll-like receptor 7	18	US Patent	7CYN
COc1ncc(CN(Cc2cnc(OC)nc2)C2CCN(CC2)c2ccc3[nH]c(c(C(C)C)c3n2)-c2cn3ncnc3c(C)c2C)cn1	Toll-like receptor 7	18	US Patent	7CYN
CC(C)c1c([nH]c2ccc(nc12)C1CCN(CC(=O)N(C)C)CC1)-c1cn(C)c(=O)c(Cl)c1C	Toll-like receptor 7	18	US Patent	7CYN
CC(C)c1c([nH]c2ccc(cc12)-c1nc(co1)C(=O)NCCCN1CCCCC1)-c1cc(C)nc(C)c1	Toll-like receptor 7	18	US Patent	7CYN
CC(C)c1c([nH]c2ccc(cc12)-c1nnc(s1)C(=O)NCCN(C)C)-c1ccnc2[nH]ncc12	Toll-like receptor 7	18	US Patent	7CYN
COCCNC1CN(C1)c1ccc2[nH]c(c(C(C)C)c2n1)-c1cn2ncnc2c(C)c1C	Toll-like receptor 7	18	US Patent	7CYN
COCCN1CC2(CC(C2)c2ccc3[nH]c(c(C(C)C)c3n2)-c2cn3ncnc3c(C)c2C)C1	Toll-like receptor 7	18	US Patent	7CYN
CC(C)c1c([nH]c2ccc(cc12)C(=O)N(C)C)-c1cc(C)nc(C)c1	Toll-like receptor 7	18	US Patent	7CYN
COC1CN(CC(=O)N2CCN(CC2)c2ccc3[nH]c(c(C(C)C)c3n2)-c2cn3ncnc3c(C)c2C)C1	Toll-like receptor 7	18	US Patent	7CYN
COc1cc(cn2ncnc12)-c1[nH]c2cnc(cc2c1C(C)C)C1CCC(C1)NC1COC1	Toll-like receptor 7	18	US Patent	7CYN
CC(C)c1c([nH]c2ccc(nc12)C1CCC(CC1)N(C)CC(=O)N(C)C)-c1cn2ncnc2c(C)c1C	Toll-like receptor 7	18	US Patent	7CYN
COc1ncc(CN(Cc2cnc(OC)nc2)C2CCN(CC2)c2ccc3[nH]c(c(C(C)C)c3n2)-c2cn3ncnc3c(C)c2C)cn1	Toll-like receptor 7	18	US Patent	7CYN
CC(C)c1c([nH]c2ccc(cc12)C(=O)N1CC2CN(C)CC2C1)-c1cc(C)nc(C)c1	Toll-like receptor 7	18	US Patent	7CYN
CC(C)c1c([nH]c2ccc(nc12)C1CCC(CC1)N1CC2(CCS2(=O)=O)C1)-c1cn2ncnc2c(C)c1C	Toll-like receptor 7	18	US Patent	7CYN
CC(C)c1c([nH]c2ccc(cc12)-c1nnc(s1)C(=O)NCCN(C)C)-c1ccnc(C)c1	Toll-like receptor 7	18	US Patent	7CYN
COc1cc(cn2ncnc12)-c1[nH]c2cnc(N3CCN(CC(=O)N(C)C)C[C@H]3C)c(F)c2c1C(C)C	Toll-like receptor 7	18	US Patent	7CYN
CC(C)c1c([nH]c2ccc(CCC3CN(Cc4c[nH]nn4)C3)nc12)-c1cn2ncnc2c(C)c1C	Toll-like receptor 7	18	US Patent	7CYN
CC(C)c1c([nH]c2ccc(cc12)-c1ccc(nc1)N1CCC1)-c1cc(C)nc(C)c1	Toll-like receptor 7	18	US Patent	7CYN
CC(C)c1c([nH]c2ccc(cc12)C1CCN(CC1)C(=O)CC1CC(=O)NC(=O)N1)-c1cc(C)nc(C)c1	Toll-like receptor 7	18.1	US Patent	7CYN
CC(C)c1c([nH]c2ccc(cc12)C1CCN(CC(=O)N2C[C@H](C[C@H]2CO)C(F)(F)F)CC1)-c1cc(C)nc(C)c1	Toll-like receptor 7	18.1	US Patent	7CYN
CC(C)c1c([nH]c2ccc(cc12)C1CCN(CC1)C1CCCOC1)-c1ccc2ncnn2c1	Toll-like receptor 7	18.2	US Patent	7CYN
CC(C)c1c([nH]c2ccc(cc12)C1CCN(CC1)C1CCCOC1)-c1ccc2ncnn2c1	Toll-like receptor 7	18.2	US Patent	7CYN
CC(C)c1c([nH]c2ccc(cc12)C1CCN(CC1)C(=O)CC(=O)Nc1nccs1)-c1cc(C)nc(C)c1	Toll-like receptor 7	18.2	US Patent	7CYN
CC(C)c1c([nH]c2ccc(cc12)C1CCN(CC2CN(Cc3ccccc3)CCO2)CC1)-c1cc(C)nc(C)c1	Toll-like receptor 7	18.2	US Patent	7CYN
CC(C)c1c([nH]c2ccc(cc12)C1CCN(CC(=O)N(C)C)CC1)-c1cc(N2CCOCC2)c2ncnn2c1	Toll-like receptor 7	18.3	US Patent	7CYN
CC(C)c1c([nH]c2ccc(cc12)C1CCN(CC(=O)N(C)C)CC1)-c1cc(N2CCOCC2)c2ncnn2c1	Toll-like receptor 7	18.3	US Patent	7CYN
CC(C)c1c([nH]c2ccc(cc12)C1CCN(Cc2ccnc(C)n2)CC1)-c1cn2ncnc2cc1C	Toll-like receptor 7	18.5	US Patent	7CYN
CC(C)c1c([nH]c2ccc(cc12)C1CCN(Cc2ccnc(C)n2)CC1)-c1cn2ncnc2cc1C	Toll-like receptor 7	18.5	US Patent	7CYN
CC(C)c1c([nH]c2ccc(cc12)C1CCN(CC1)C(=O)C1CCOC1)-c1ccnc(C)c1	Toll-like receptor 7	18.5	US Patent	7CYN
CC(C)c1c([nH]c2ccc(cc12)C1CCN(CC1)C(=O)Cn1ccc(n1)C1CC1)-c1cc(C)nc(C)c1	Toll-like receptor 7	18.5	US Patent	7CYN
CC(C)c1c([nH]c2ccc(cc12)C1CCN(Cc2nnn[nH]2)CC1)-c1cc(C)c2ncnn2c1	Toll-like receptor 7	18.6	US Patent	7CYN
CCN(CC)CCOC(=O)N1CCC(CC1)c1ccc2[nH]c(c(C(C)C)c2c1)-c1cn2ncnc2c(C)c1C	Toll-like receptor 7	18.6	US Patent	7CYN
CCN(CC)CCOC(=O)N1CCC(CC1)c1ccc2[nH]c(c(C(C)C)c2c1)-c1cn2ncnc2c(C)c1C	Toll-like receptor 7	18.6	US Patent	7CYN
CC(C)c1c([nH]c2ccc(cc12)C1CCN(Cc2nnn[nH]2)CC1)-c1cc(C)c2ncnn2c1	Toll-like receptor 7	18.6	US Patent	7CYN
CC(C)c1c([nH]c2ccc(cc12)C1CCNCC1)-c1cc(F)c2nc(C)nn2c1	Toll-like receptor 7	18.7	US Patent	7CYN
CC(C)c1c([nH]c2ccc(cc12)C1CCNCC1)-c1cc(F)c2nc(C)nn2c1	Toll-like receptor 7	18.7	US Patent	7CYN
CC(C)c1c([nH]c2ccc(cc12)C1CCN(CC(C)(C)O)CC1)-c1ccc2ncnn2c1	Toll-like receptor 7	18.9	US Patent	7CYN
CC(C)c1c([nH]c2ccc(cc12)C1CCN(CC(C)(C)O)CC1)-c1ccc2ncnn2c1	Toll-like receptor 7	18.9	US Patent	7CYN
COCc1cc(cn2ncnc12)-c1[nH]c2ccc(nc2c1C(C)C)C1CCC(CC1)NC1COC1	Toll-like receptor 7	19	US Patent	7CYN
CC(C)c1c([nH]c2ccc(nc12)C1CCC(CC1)NCC1(CC1)S(C)(=O)=O)-c1cn(CCS(C)(=O)=O)c2ncccc12	Toll-like receptor 7	19	US Patent	7CYN
COCCN(C1CCC(CC1)c1ccc2[nH]c(c(C(C)C)c2n1)-c1cn2ncnc2c(C)c1C)C1(CO)COC1	Toll-like receptor 7	19	US Patent	7CYN
CC(C)c1c([nH]c2ccc(nc12)C1CCN(CC1)C(=O)CN(C)C)-c1cc(C)c(=O)n(C)c1	Toll-like receptor 7	19	US Patent	7CYN
Cc1cc(cc(C)n1)-c1[nH]c2ccc(cc2c1C1CC1)C1CCN(CC2CC2)CC1	Toll-like receptor 7	19	US Patent	7CYN
CC(C)c1c([nH]c2ccc(cc12)C1CCN(CCC(F)(F)F)CC1)-c1ccnc(C)c1	Toll-like receptor 7	19	US Patent	7CYN
CCOc1nc(C)c2nc(-c3cncc(F)c3)n(Cc3cnn(CC4CCCNC4)c3)c2n1	Toll-like receptor 7	19	US Patent	7CYN
COc1nc(C)c2nc(-c3cncnc3)n(Cc3ccc(OC4CC5CCC(C4)N5C)cc3F)c2n1	Toll-like receptor 7	19	US Patent	7CYN
COc1nc(C)c2nc(-c3cncnc3)n(Cc3ccc(cc3F)C3CN4CCC3CC4)c2n1	Toll-like receptor 7	19	US Patent	7CYN
COc1nc(C)c2nc(-c3cncc(F)c3)n(Cc3ccc(O[C@H]4C[C@@H]5CC[C@H](C4)N5C)cc3F)c2n1	Toll-like receptor 7	19	US Patent	7CYN
CCOc1nc(N)c2nc(-c3cncc(F)c3)n(Cc3ccc(CN4C[C@@H]5C[C@H]4CN5CC)cc3)c2n1	Toll-like receptor 7	19	US Patent	7CYN
CCN1C[C@@H]2C[C@H]1CN2Cc1ccc(Cn2c(nc3c(C)nc(OC)nc23)-c2cncc(F)c2)cc1	Toll-like receptor 7	19	US Patent	7CYN
COCc1cc(cn2ncnc12)-c1[nH]c2ccc(nc2c1C(C)C)C1CCC(CC1)NC1COC1	Toll-like receptor 7	19	US Patent	7CYN
CC(C)c1c([nH]c2ccc(nc12)C1CCC(CC1)NCC1(CC1)S(C)(=O)=O)-c1cn(CCS(C)(=O)=O)c2ncccc12	Toll-like receptor 7	19	US Patent	7CYN
COCCN(C1CCC(CC1)c1ccc2[nH]c(c(C(C)C)c2n1)-c1cn2ncnc2c(C)c1C)C1(CO)COC1	Toll-like receptor 7	19	US Patent	7CYN
CC(C)c1c([nH]c2ccc(nc12)C1CCN(CC1)C(=O)CN(C)C)-c1cc(C)c(=O)n(C)c1	Toll-like receptor 7	19	US Patent	7CYN
COc1cc(cn2ncnc12)-c1[nH]c2cnc(cc2c1C(C)C)N1CCN(CC1)C1COC1	Toll-like receptor 7	19	US Patent	7CYN
CC(C)c1c([nH]c2ccc(nc12)C1CCN(CC1)C(=O)CN(C)C)-c1cc(C)c(=O)n(C)c1	Toll-like receptor 7	19	US Patent	7CYN
CCN(CCN(C)C)C(=O)c1ccc2[nH]c(c(CC(F)F)c2c1)-c1cc(C)nc(C)c1	Toll-like receptor 7	19	US Patent	7CYN
CC(C)c1c([nH]c2ccc(cc12)-c1cc2CCN(CC(=O)N(C)C)Cc2s1)-c1cc(C)nc(C)c1	Toll-like receptor 7	19	US Patent	7CYN
CC(C)c1c([nH]c2cnc(cc12)C1CCN(CC1)C(=O)CN(C)C)-c1cn2ncnc2c(C)c1C	Toll-like receptor 7	19	US Patent	7CYN
CC(C)c1c([nH]c2cnc(N3CCN(CC3)C3CCOCC3)c(C)c12)-c1cn2ncnc2c(C)c1C	Toll-like receptor 7	19	US Patent	7CYN
CN1CCN(C(=O)C1)C12CCC(Cn3nc(C)c4CN(CCc34)c3cc(C)nc4n(C)ncc34)(CC1)CC2	Toll-like receptor 7	19	ChEMBL	7CYN
COCc1cc(cn2ncnc12)-c1[nH]c2ccc(nc2c1C(C)C)C1CCC(CC1)NC1COC1	Toll-like receptor 7	19	US Patent	7CYN
COc1cc(cn2ncnc12)-c1[nH]c2cnc(N3CC4(CN(C4)C4CCOCC4)C3)c(F)c2c1C(C)C	Toll-like receptor 7	19	US Patent	7CYN
CC(C)c1c([nH]c2ccc(nc12)C1CCC(CC1)NCC1(CC1)S(C)(=O)=O)-c1cn(CCS(C)(=O)=O)c2ncccc12	Toll-like receptor 7	19	US Patent	7CYN
CC(C)c1c([nH]c2ccc(cc12)-c1nnc(o1)[C@@H]1CCCNC1)-c1ccnc(C)c1	Toll-like receptor 7	19	US Patent	7CYN
CC(C)c1c([nH]c2ccc(cc12)-c1nnc(o1)C(=O)N1CCC(C)CC1)-c1cc(C)nc(C)c1	Toll-like receptor 7	19	US Patent	7CYN
COCCN(C1CCC(CC1)c1ccc2[nH]c(c(C(C)C)c2n1)-c1cn2ncnc2c(C)c1C)C1(CO)COC1	Toll-like receptor 7	19	US Patent	7CYN
COc1ccc(cc1OC)-c1[nH]c2ccc(cc2c1C(C)C)-c1nnc(o1)N1CCNCC1	Toll-like receptor 7	19	US Patent	7CYN
CC(C)c1c([nH]c2ccc(cc12)C1CCN(Cc2sc(C)nc2C)CC1)-c1ccc2ncnn2c1	Toll-like receptor 7	19.2	US Patent	7CYN
CC(C)c1c([nH]c2ccc(cc12)C1CCN(Cc2sc(C)nc2C)CC1)-c1ccc2ncnn2c1	Toll-like receptor 7	19.2	US Patent	7CYN
CC(C)c1c([nH]c2ccc(cc12)C1CCN(CC1)C(=O)CS(C)(=O)=O)-c1ccc2ncnn2c1	Toll-like receptor 7	19.3	US Patent	7CYN
CC(C)c1c([nH]c2ccc(cc12)C1CCN(CC1)C(=O)CS(C)(=O)=O)-c1ccc2ncnn2c1	Toll-like receptor 7	19.3	US Patent	7CYN
CCCn1cc(CN2CCC(CC2)c2ccc3[nH]c(c(C(C)C)c3c2)-c2ccc3ncnn3c2)cn1	Toll-like receptor 7	19.4	US Patent	7CYN
CCCn1cc(CN2CCC(CC2)c2ccc3[nH]c(c(C(C)C)c3c2)-c2ccc3ncnn3c2)cn1	Toll-like receptor 7	19.4	US Patent	7CYN
CC(C)c1c([nH]c2ccc(cc12)C1CCN(CC2=C[N](C)=NN2)CC1)-c1cc(C)ncc1F	Toll-like receptor 7	19.5	US Patent	7CYN
CC(C)c1c([nH]c2ccc(cc12)C1CCN(CC(=O)N(C)C)CC1)-c1cc(OCCO)c2ncnn2c1	Toll-like receptor 7	19.6	US Patent	7CYN
CC(C)c1c([nH]c2ccc(cc12)C1CCN(CC(=O)N(C)C)CC1)-c1cc(OCCO)c2ncnn2c1	Toll-like receptor 7	19.6	US Patent	7CYN
CC(C)c1c([nH]c2ccc(cc12)C1CCN(CC(=O)N2C[C@@H](C[C@@H]2CO)C(F)(F)F)CC1)-c1cc(C)nc(C)c1	Toll-like receptor 7	19.6	US Patent	7CYN
CC(C)c1c([nH]c2ccc(cc12)C1CCN(CC1)C1CCOCC1)-c1cn2ncnc2cc1C	Toll-like receptor 7	19.7	US Patent	7CYN
CC(C)c1c([nH]c2ccc(cc12)C1CCN(CC1)C1CCOCC1)-c1cn2ncnc2cc1C	Toll-like receptor 7	19.7	US Patent	7CYN
CC(C)c1c([nH]c2ccc(cc12)C1CCN(CC1)C(=O)C1(CC1)C#N)-c1ccnc(C)c1	Toll-like receptor 7	19.7	US Patent	7CYN
CC(C)c1c([nH]c2ccc(cc12)C1CCN(CC1)C(C)CF)-c1cc(C)ncc1C	Toll-like receptor 7	19.7	US Patent	7CYN
CC(C)N(C(C)C)C(=O)CN1CCC(CC1)c1ccc2[nH]c(c(C(C)C)c2c1)-c1cc(C)nc(C)c1	Toll-like receptor 7	19.7	US Patent	7CYN
CNC(=O)CN1CCC(CC1)c1ccc2[nH]c(c(C(C)C)c2c1)-c1cc(OC)c2nc(nn2c1)C(F)(F)F	Toll-like receptor 7	19.8	US Patent	7CYN
CNC(=O)CN1CCC(CC1)c1ccc2[nH]c(c(C(C)C)c2c1)-c1cc(OC)c2nc(nn2c1)C(F)(F)F	Toll-like receptor 7	19.8	US Patent	7CYN
CC(C)c1c([nH]c2ccc(cc12)C1CCNCC1)-c1cc(C)nc(N)c1	Toll-like receptor 7	19.8	US Patent	7CYN
CC(C)c1c([nH]c2ccc(cc12)C1CCN(CC(=O)N(C)C)CC1)-c1cc(ncc1F)C1CC1	Toll-like receptor 7	19.8	US Patent	7CYN
CCn1ccc(CN2CCC(CC2)c2ccc3[nH]c(c(C(C)C)c3c2)-c2ccc3ncnn3c2)n1	Toll-like receptor 7	19.9	US Patent	7CYN
CCn1ccc(CN2CCC(CC2)c2ccc3[nH]c(c(C(C)C)c3c2)-c2ccc3ncnn3c2)n1	Toll-like receptor 7	19.9	US Patent	7CYN
COCc1cc(cn2ncnc12)-c1[nH]c2ccc(cc2c1C(C)C)C1CCN(CC(=O)NC(CCO)C2CC2)CC1	Toll-like receptor 7	20	US Patent	7CYN
CC(C)c1c([nH]c2ccc(nc12)N1C[C@@H](C)N(CC(N)=O)C[C@H]1C)-c1cn2ncnc2c(C)c1C	Toll-like receptor 7	20	US Patent	7CYN
COCc1cc(cn2ncnc12)-c1[nH]c2ccc(cc2c1C(C)C)C1CCN(CC(=O)NC(CCO)C2CC2)CC1	Toll-like receptor 7	20	US Patent	7CYN
CC(C)c1c([nH]c2ccc(nc12)N1CC(C1)NC1CCOCC1)-c1cn2ncnc2c(C)c1C	Toll-like receptor 7	20	US Patent	7CYN
CC(C)c1c([nH]c2ccc(nc12)C1CCC(CC1)N(C1CC1)C1COC1)-c1cn2cnnc2c(C)c1C	Toll-like receptor 7	20	US Patent	7CYN
CC(C)c1c([nH]c2ccc(nc12)C1CCC(CC1)NCC(=O)NC(C)(C)C)-c1cn2ncnc2c(C)c1C	Toll-like receptor 7	20	US Patent	7CYN
COc1cc(cn2ncnc12)-c1[nH]c2ccc(CCC3CNC3)nc2c1C(C)C	Toll-like receptor 7	20	US Patent	7CYN
CC(C)c1c([nH]c2ccc(cc12)C1CCN(CC1)C(=O)c1ccc2CCCn2c1=O)-c1cc(C)nc(C)c1	Toll-like receptor 7	20	US Patent	7CYN
CC(C)c1c([nH]c2ccc(cc12)C1CCN(CC1)C(=O)CN(C)C)-c1ccnc(C)c1	Toll-like receptor 7	20	US Patent	7CYN
CCN1CC2CC1CN2Cc1ccc(Cn2c(nc3c(C)nc(OC)nc23)-c2cncc(c2)C#N)c(F)c1	Toll-like receptor 7	20	US Patent	7CYN
CCOc1nc(N)c2nc(-c3cncc(F)c3)n(Cc3ccc(CN4C[C@@H]5C[C@H]4CN5C)cc3)c2n1	Toll-like receptor 7	20	US Patent	7CYN
CCOc1nc(N)c2nc(-c3cncc(F)c3)n(Cc3ccc(cc3)C3CCN(C)C3)c2n1	Toll-like receptor 7	20	US Patent	7CYN
CC(C)c1c([nH]c2ccc(nc12)C1CCC(CC1)N(C1CC1)C1COC1)-c1cn2cnnc2c(C)c1C	Toll-like receptor 7	20	US Patent	7CYN
CC(C)c1c([nH]c2ccc(nc12)N1C[C@@H](C)N(CC(N)=O)C[C@H]1C)-c1cn2ncnc2c(C)c1C	Toll-like receptor 7	20	US Patent	7CYN
CC(C)c1c([nH]c2ccc(nc12)C1CCC(CC1)NCC(=O)NC(C)(C)C)-c1cn2ncnc2c(C)c1C	Toll-like receptor 7	20	US Patent	7CYN
CC(C)c1c([nH]c2ccc(nc12)N1CC(C1)NC1CCOCC1)-c1cn2ncnc2c(C)c1C	Toll-like receptor 7	20	US Patent	7CYN
COc1cc(cn2ncnc12)-c1[nH]c2ccc(CCC3CNC3)nc2c1C(C)C	Toll-like receptor 7	20	US Patent	7CYN
COc1cc(cn2ncnc12)-c1[nH]c2cnc(N3CCC(CC3)N(C)CC(F)F)c(F)c2c1C(C)C	Toll-like receptor 7	20	US Patent	7CYN
COc1cc(cn2ncnc12)-c1[nH]c2cnc(cc2c1C(C)C)N1CCN(CCS(C)(=O)=O)CC1	Toll-like receptor 7	20	US Patent	7CYN
CC(C)c1c([nH]c2ccc(nc12)C1CCC(CC1)N(C1CC1)C1COC1)-c1cn2cnnc2c(C)c1C	Toll-like receptor 7	20	US Patent	7CYN
CC(C)Nc1ccc(cn1)-c1ccc2[nH]c(c(C(C)C)c2c1)-c1cc(C)nc(C)c1	Toll-like receptor 7	20	US Patent	7CYN
Cc1nn(CC23CCC(N)(CC2)CC3)c2CCN(Cc12)c1cc(C)nc2n(C)ncc12	Toll-like receptor 7	20	ChEMBL	7CYN
CC(C)c1c([nH]c2ccc(cc12)-c1nc2CCN(Cc2s1)C(=O)C1CN(C)C(=O)C1)-c1cc(C)nc(C)c1	Toll-like receptor 7	20	US Patent	7CYN
COc1ccc(cc1OC)-c1[nH]c2ccc(cc2c1C(C)C)-c1nnc(o1)C1CCNCC1	Toll-like receptor 7	20	US Patent	7CYN
COc1cc(cn2ncnc12)-c1[nH]c2ccc(CCC3CNC3)nc2c1C(C)C	Toll-like receptor 7	20	US Patent	7CYN
CC(C)c1c([nH]c2ccc(nc12)C1CCC(CC1)NCC(=O)NC(C)(C)C)-c1cn2ncnc2c(C)c1C	Toll-like receptor 7	20	US Patent	7CYN
COc1cc(cn2ncnc12)-c1[nH]c2cnc(cc2c1C(C)C)C1CCC(C1)NCC(C)(C)OC	Toll-like receptor 7	20	US Patent	7CYN
CC(C)c1c([nH]c2ccc(nc12)N1CC(C1)NC1CCOCC1)-c1cn2ncnc2c(C)c1C	Toll-like receptor 7	20	US Patent	7CYN
CC(C)c1c([nH]c2ccc(nc12)N1C[C@@H](C)N(CC(N)=O)C[C@H]1C)-c1cn2ncnc2c(C)c1C	Toll-like receptor 7	20	US Patent	7CYN
CC(C)c1c([nH]c2cnc(C3CCC(CC3)N(C)C)c(C)c12)-c1cn2ncnc2c(C)c1C	Toll-like receptor 7	20	US Patent	7CYN
CC(C)c1c([nH]c2ccc(cc12)-c1nc2CN(CC(=O)N(C)C)CCc2s1)-c1cc(C)nc(C)c1	Toll-like receptor 7	20	US Patent	7CYN
CCc1c([nH]c2ccc(cc12)C1CCNCC1)-c1ccc2ncnn2c1	Toll-like receptor 7	20.1	US Patent	7CYN
CCc1c([nH]c2ccc(cc12)C1CCNCC1)-c1ccc2ncnn2c1	Toll-like receptor 7	20.1	US Patent	7CYN
CCOc1cc(cn2ncnc12)-c1[nH]c2ccc(cc2c1C(C)C)C1CCN(CC1)C1COC1	Toll-like receptor 7	20.3	US Patent	7CYN
CCOc1cc(cn2ncnc12)-c1[nH]c2ccc(cc2c1C(C)C)C1CCN(CC1)C1COC1	Toll-like receptor 7	20.3	US Patent	7CYN
CC(C)c1c([nH]c2ccc(cc12)C1CCN(CC1)C(=O)c1cccn(C2CC2)c1=O)-c1cc(C)nc(C)c1	Toll-like receptor 7	20.5	US Patent	7CYN
CC(C)c1c([nH]c2ccc(cc12)C1CCN(CC2(C)COC2)CC1)-c1cc(C)ncc1C	Toll-like receptor 7	20.6	US Patent	7CYN
CC(C)c1c([nH]c2ccc(cc12)C1CCN(CC1)C(=O)CCN1CCOCC1)-c1cn2ncnc2cc1C	Toll-like receptor 7	20.7	US Patent	7CYN
CC(C)c1c([nH]c2ccc(cc12)C1CCN(CC1)C(=O)CCN1CCOCC1)-c1cn2ncnc2cc1C	Toll-like receptor 7	20.7	US Patent	7CYN
COc1cc(OC)nc(CN2CCC(CC2)c2ccc3[nH]c(c(C(C)C)c3c2)-c2cc(C)ncc2F)n1	Toll-like receptor 7	20.7	US Patent	7CYN
CC(C)c1c([nH]c2ccc(cc12)C1CCN(CC1)C1CCOCC1)-c1cc(C)ncc1F	Toll-like receptor 7	20.7	US Patent	7CYN
CC(C)c1c([nH]c2ccc(cc12)C1CCN(CC1)C(=O)NC1CCNC1)-c1cn2ncnc2c(C)c1C	Toll-like receptor 7	20.9	US Patent	7CYN
CC(C)c1c([nH]c2ccc(cc12)C1CCN(Cc2cc(C)on2)CC1)-c1cn2ncnc2cc1C	Toll-like receptor 7	20.9	US Patent	7CYN
CC(C)c1c([nH]c2ccc(cc12)C1CCN(CC1)C(=O)NC1CCNC1)-c1cn2ncnc2c(C)c1C	Toll-like receptor 7	20.9	US Patent	7CYN
CC(C)c1c([nH]c2ccc(cc12)C1CCN(Cc2cc(C)on2)CC1)-c1cn2ncnc2cc1C	Toll-like receptor 7	20.9	US Patent	7CYN
COC(=O)C1CC(CCN1)N1CCC(CC1)c1ccc2[nH]c(c(C(C)C)c2c1)-c1ccnc(C)c1	Toll-like receptor 7	20.9	US Patent	7CYN
CC(C)c1c([nH]c2ccc(nc12)N1CC2(CN(CCC#N)C2)C1)-c1cn2ncnc2c(C)c1C	Toll-like receptor 7	21	US Patent	7CYN
CC(C)c1c([nH]c2ccc(nc12)N1CC(O)C1)-c1cn2ncnc2c(C)c1C	Toll-like receptor 7	21	US Patent	7CYN
COc1cc(cn2ncnc12)-c1[nH]c2cc(C)c(nc2c1C(C)C)C1CCC(CC1)N1CC(F)(F)C1	Toll-like receptor 7	21	US Patent	7CYN
COc1cc(cn2ncnc12)-c1[nH]c2ccc(nc2c1C(C)C)C1CN(CC(N)=O)C1	Toll-like receptor 7	21	US Patent	7CYN
COc1nc(C)c2nc(-c3cncc(F)c3)n(Cc3ccc(CC4CCN(C)CC4)cc3F)c2n1	Toll-like receptor 7	21	US Patent	7CYN
CCN1C2CCC1CC(C2)Oc1ccc(Cn2c(nc3c(C)nc(OC)nc23)-c2cncc(c2)C#N)c(F)c1	Toll-like receptor 7	21	US Patent	7CYN
CCOc1nc(C)c2nc(-c3cncc(F)c3)n(Cc3cnn(C[C@@H]4CN5CC[C@H]4CC5)c3)c2n1	Toll-like receptor 7	21	US Patent	7CYN
COc1nc(C)c2nc(-c3cncc(F)c3)n(Cc3ccc(cc3F)[C@H]3CN4CCC3CC4)c2n1	Toll-like receptor 7	21	US Patent	7CYN
COc1nc(C)c2nc(-c3cncnc3)n(Cc3ccc(cc3F)[C@H]3CN4CCC3CC4)c2n1	Toll-like receptor 7	21	US Patent	7CYN
CCOc1nc(N)c2nc(-c3cncc(F)c3)n(Cc3ccc(O[C@@H]4CN5CCC4CC5)cc3)c2n1	Toll-like receptor 7	21	US Patent	7CYN
COc1cc(cn2ncnc12)-c1[nH]c2cc(C)c(nc2c1C(C)C)C1CCC(CC1)N1CC(F)(F)C1	Toll-like receptor 7	21	US Patent	7CYN
COc1cc(cn2ncnc12)-c1[nH]c2ccc(nc2c1C(C)C)C1CN(CC(N)=O)C1	Toll-like receptor 7	21	US Patent	7CYN
CC(C)c1c([nH]c2ccc(nc12)N1CC2(CN(CCC#N)C2)C1)-c1cn2ncnc2c(C)c1C	Toll-like receptor 7	21	US Patent	7CYN
CC(C)c1c([nH]c2ccc(nc12)N1CC(O)C1)-c1cn2ncnc2c(C)c1C	Toll-like receptor 7	21	US Patent	7CYN
COc1cc(cn2ncnc12)-c1[nH]c2cc(C)c(nc2c1C(C)C)C1CCC(CC1)N1CC(F)(F)C1	Toll-like receptor 7	21	US Patent	7CYN
COc1cc(cn2ncnc12)-c1[nH]c2cnc(N3CC4(CN(CCS(C)(=O)=O)C4)C3)c(F)c2c1C(C)C	Toll-like receptor 7	21	US Patent	7CYN
CC(C)c1c([nH]c2ccc(cc12)-c1nnc(CC(C)(C)N)o1)-c1ccnc(C)c1	Toll-like receptor 7	21	US Patent	7CYN
COc1ccc(cc1OC)-c1[nH]c2ccc(cc2c1C(C)C)-c1nc(co1)C(=O)N1CC2CNCC2C1	Toll-like receptor 7	21	US Patent	7CYN
CC(CN)CNC(=O)c1coc(n1)-c1ccc2[nH]c(c(C(C)C)c2c1)-c1cc(C)nc(C)c1	Toll-like receptor 7	21	US Patent	7CYN
CC(C)c1c([nH]c2ccc(nc12)N1CC2(CN(CCC#N)C2)C1)-c1cn2ncnc2c(C)c1C	Toll-like receptor 7	21	US Patent	7CYN
COc1cc(cn2ncnc12)-c1[nH]c2ccc(nc2c1C(C)C)C1CN(CC(N)=O)C1	Toll-like receptor 7	21	US Patent	7CYN
CC(C)c1c([nH]c2ccc(nc12)N1CC(O)C1)-c1cn2ncnc2c(C)c1C	Toll-like receptor 7	21	US Patent	7CYN
CC(C)c1c([nH]c2ccc(cc12)-c1cc2CCN(Cc2s1)C(=O)CN(C)C)-c1ccnc(C)c1	Toll-like receptor 7	21	US Patent	7CYN
CC(C)C(O)CN1CCC(CC1)c1ccc2[nH]c(c(C(C)C)c2c1)-c1cc(C)nc(C)c1	Toll-like receptor 7	21.1	US Patent	7CYN
CC(C)c1c([nH]c2ccc(cc12)C1CCN(Cc2cc(C)nn2C)CC1)-c1ccc2ncnn2c1	Toll-like receptor 7	21.4	US Patent	7CYN
CC(C)c1c([nH]c2ccc(cc12)C1CCN(Cc2cc(C)nn2C)CC1)-c1ccc2ncnn2c1	Toll-like receptor 7	21.4	US Patent	7CYN
CC(C)c1c([nH]c2ccc(cc12)C1CCN(CC1)C(=O)Cn1nnc(n1)N1CCOCC1)-c1cc(C)nc(C)c1	Toll-like receptor 7	21.6	US Patent	7CYN
CC(C)c1c([nH]c2ccc(cc12)C1CCN(Cc2cnc(C)cn2)CC1)-c1cn2ncnc2cc1C	Toll-like receptor 7	21.7	US Patent	7CYN
CC(C)c1c([nH]c2ccc(cc12)C1CCN(Cc2cnc(C)cn2)CC1)-c1cn2ncnc2cc1C	Toll-like receptor 7	21.7	US Patent	7CYN
CC(C)c1c([nH]c2ccc(cc12)C1CCN(CC1)C1CCNCC1F)-c1ccnc(C)c1	Toll-like receptor 7	21.9	US Patent	7CYN
CC(C)c1c([nH]c2ccc(nc12)N1C[C@@H](C)N([C@H](C)C1)C(=O)CN(CCO)C(C)(C)C)-c1cn2ncnc2c(C)c1C	Toll-like receptor 7	22	US Patent	7CYN
CC(C)c1c([nH]c2ccc(nc12)N1CC2(C1)CCN(CCS(C)(=O)=O)CC2)-c1cn2ncnc2c(C)c1C	Toll-like receptor 7	22	US Patent	7CYN
CC(C)c1c([nH]c2ccc(nc12)C1CCC(CC1)N1CCC(F)(F)CC1)-c1cn2ncnc2c(C)c1C	Toll-like receptor 7	22	US Patent	7CYN
CC(C)c1c([nH]c2ccc(nc12)C1CCN(CC(=O)N(C)C)CC1)-c1cn(C)c(=O)c(C)c1C	Toll-like receptor 7	22	US Patent	7CYN
CC(C)c1c([nH]c2ccc(nc12)C1CN(CCO1)C1CCOCC1)-c1cn2ncnc2c(C)c1C	Toll-like receptor 7	22	US Patent	7CYN
CCc1c([nH]c2ccc(cc12)C1CCNCC1)-c1ccnc(Cl)c1	Toll-like receptor 7	22	US Patent	7CYN
COc1nc(C)c2nc(-c3cncc(F)c3)n(Cc3ccc(cc3F)C3CCN(C)C3)c2n1	Toll-like receptor 7	22	US Patent	7CYN
CC(C)c1c([nH]c2ccc(nc12)C1CCC(CC1)N1CCC(F)(F)CC1)-c1cn2ncnc2c(C)c1C	Toll-like receptor 7	22	US Patent	7CYN
CC(C)c1c([nH]c2ccc(nc12)C1CCN(CC(=O)N(C)C)CC1)-c1cn(C)c(=O)c(C)c1C	Toll-like receptor 7	22	US Patent	7CYN
CC(C)c1c([nH]c2ccc(nc12)N1C[C@@H](C)N([C@H](C)C1)C(=O)CN(CCO)C(C)(C)C)-c1cn2ncnc2c(C)c1C	Toll-like receptor 7	22	US Patent	7CYN
CC(C)c1c([nH]c2ccc(nc12)C1CN(CCO1)C1CCOCC1)-c1cn2ncnc2c(C)c1C	Toll-like receptor 7	22	US Patent	7CYN
CC(C)c1c([nH]c2ccc(nc12)N1CC2(C1)CCN(CCS(C)(=O)=O)CC2)-c1cn2ncnc2c(C)c1C	Toll-like receptor 7	22	US Patent	7CYN
CC(C)c1c([nH]c2ccc(cc12)C(=O)N(C)CCN(C)C)-c1cn(C)c(=O)c(Cl)c1C	Toll-like receptor 7	22	US Patent	7CYN
CNCC(=O)N1CCc2cc(sc2C1)-c1ccc2[nH]c(c(C(C)C)c2c1)-c1ccnc(C)c1	Toll-like receptor 7	22	US Patent	7CYN
Cc1cc(cc(C)n1)-c1ccc2c(c1)[nH]c1ccc(cc21)C1CCNCC1	Toll-like receptor 7	22	ChEMBL	7CYN
CC(C)c1c([nH]c2ccc(cc12)-c1nc(co1)C(=O)NCCN1CCCCC1)-c1cc(C)nc(C)c1	Toll-like receptor 7	22	US Patent	7CYN
CC(C)c1c([nH]c2ccc(nc12)C1CCC(CC1)N1CCC(F)(F)CC1)-c1cn2ncnc2c(C)c1C	Toll-like receptor 7	22	US Patent	7CYN
CC(C)c1c([nH]c2ccc(nc12)C1CN(CCO1)C1CCOCC1)-c1cn2ncnc2c(C)c1C	Toll-like receptor 7	22	US Patent	7CYN
CC(C)c1c([nH]c2ccc(nc12)C1CCN(CC(=O)N(C)C)CC1)-c1cn(C)c(=O)c(C)c1C	Toll-like receptor 7	22	US Patent	7CYN
CC(C)c1c([nH]c2ccc(cc12)-c1nnc(o1)C(=O)NCCN(C)C)-c1ccc2nccn2c1	Toll-like receptor 7	22	US Patent	7CYN
COc1ccc(cc1OC)-c1[nH]c2ccc(cc2c1C(C)C)-c1ccnc(c1)C(=O)NC1CCN(CC1)C(C)C	Toll-like receptor 7	22	US Patent	7CYN
CC(C)c1c([nH]c2ccc(cc12)C(C)(C)C(=O)NC1C[C@@H]2CC[C@H](C1)N2C)-c1ccnc(C)c1	Toll-like receptor 7	22	US Patent	7CYN
CC(C)c1c([nH]c2ccc(nc12)N1CC2(C1)CCN(CCS(C)(=O)=O)CC2)-c1cn2ncnc2c(C)c1C	Toll-like receptor 7	22	US Patent	7CYN
CC(C)c1c([nH]c2ccc(cc12)C(C)(C)C(=O)N1CCC2(CCN(C)C2)CC1)-c1ccnc(C)c1	Toll-like receptor 7	22	US Patent	7CYN
CC(C)c1c([nH]c2ccc(nc12)N1C[C@@H](C)N([C@H](C)C1)C(=O)CN(CCO)C(C)(C)C)-c1cn2ncnc2c(C)c1C	Toll-like receptor 7	22	US Patent	7CYN
CC(C)c1c([nH]c2ccc(cc12)C1CCNCC1)-c1cc(C)nc(c1)C1CC1	Toll-like receptor 7	22	ChEMBL	7CYN
CC(C)c1c([nH]c2ccc(cc12)C1CCN(Cc2ncon2)CC1)-c1cc(C)ncc1F	Toll-like receptor 7	22.3	US Patent	7CYN
CC(C)c1c([nH]c2ccc(cc12)C1CCN(CC(C)(C)O)CC1)-c1ccc2nc(C)nn2c1	Toll-like receptor 7	22.5	US Patent	7CYN
CC(C)c1c([nH]c2ccc(cc12)C1CCN(CC(C)(C)O)CC1)-c1ccc2nc(C)nn2c1	Toll-like receptor 7	22.5	US Patent	7CYN
CC(C)c1c([nH]c2ccc(cc12)C1CCN(Cc2ncn(C)n2)CC1)-c1ccnc(C)c1F	Toll-like receptor 7	22.5	US Patent	7CYN
CC(C)c1c([nH]c2ccc(cc12)C1CCN(CC(=O)NCC(C)(C)C)CC1)-c1ccnc(C)c1	Toll-like receptor 7	22.5	US Patent	7CYN
CC(C)c1c([nH]c2ccc(cc12)C1CCN(CC1)C(=O)CN1CCC(F)(F)C1)-c1cc(C)nc(C)c1	Toll-like receptor 7	22.7	US Patent	7CYN
CC(C)c1c([nH]c2ccc(cc12)C1CCN(CC1)C1CCCOC1)-c1ccnc(C)c1	Toll-like receptor 7	22.8	US Patent	7CYN
CC(C)c1c([nH]c2ccc(cc12)C1CCN(CC(=O)N(CCO)Cc2ccccc2)CC1)-c1cc(C)nc(C)c1	Toll-like receptor 7	22.8	US Patent	7CYN
CC(C)c1c([nH]c2ccc(cc12)C1CCN(Cc2cc(C)on2)CC1)-c1cc(C)nc(C)c1	Toll-like receptor 7	22.9	US Patent	7CYN
CC(C)c1c([nH]c2ccc(nc12)N1CCN(CC1)C(=O)CN1CCC(F)(F)C1)-c1cn2ncnc2c(C)c1C	Toll-like receptor 7	23	US Patent	7CYN
CC(C)N1CCC(C(F)C1)N1CCC(CC1)c1ccc2[nH]c(c(C(C)C)c2c1)-c1ccnc(C)c1	Toll-like receptor 7	23	US Patent	7CYN
CCOc1nc(C)c2nc(-c3cncc(F)c3)n(Cc3cnn(CC4CCCN(C)C4)c3)c2n1	Toll-like receptor 7	23	US Patent	7CYN
CCOc1nc(C)c2nc(-c3cncc(F)c3)n(Cc3ccc(nc3OC)C3CN4CCC3CC4)c2n1	Toll-like receptor 7	23	US Patent	7CYN
CC(C)c1c([nH]c2ccc(nc12)N1CCN(CC1)C(=O)CN1CCC(F)(F)C1)-c1cn2ncnc2c(C)c1C	Toll-like receptor 7	23	US Patent	7CYN
CC(C)c1c([nH]c2ccc(nc12)N1CCN(CC1)C(=O)CN1CCC(F)(F)C1)-c1cn2ncnc2c(C)c1C	Toll-like receptor 7	23	US Patent	7CYN
CC(C)c1c([nH]c2cnc(C3CCC(CC3)NC[C@@H](F)C(C)(C)O)c(F)c12)-c1cn2ncnc2c(C)c1C	Toll-like receptor 7	23	US Patent	7CYN
CNC(=O)CN1CCc2cc(sc2C1)-c1ccc2[nH]c(c(C(C)C)c2c1)-c1cc(C)nc(C)c1	Toll-like receptor 7	23	US Patent	7CYN
CC(C)N1CCN(CC1)c1cc(ccn1)-c1ccc2[nH]c(c(C(C)C)c2c1)-c1cc(C)nc(C)c1	Toll-like receptor 7	23	US Patent	7CYN
CNC(=O)CN1CCC(CC1)c1ccc2[nH]c(c(C(C)C)c2c1)-c1ccnc(OC)c1	Toll-like receptor 7	23.1	US Patent	7CYN
CC(C)c1c([nH]c2ccc(cc12)C1CCN(Cc2ccn(C)n2)CC1)-c1cc(C)ncc1C	Toll-like receptor 7	23.2	US Patent	7CYN
CC(C)c1c([nH]c2ccc(cc12)C1CCN(CC1)C(=O)Cc1cc(C)nn1C)-c1cc(C)nc(C)c1	Toll-like receptor 7	23.3	US Patent	7CYN
CN1CCC(CC1)c1ccc2[nH]c(c(CC(F)F)c2c1)-c1cc(C)nc(C)c1	Toll-like receptor 7	23.3	US Patent	7CYN
CC(C)c1c([nH]c2ccc(cc12)C1CCN(Cc2c(C)noc2C)CC1)-c1ccc2ncnn2c1	Toll-like receptor 7	23.4	US Patent	7CYN
CC(C)c1c([nH]c2ccc(cc12)C1CCN(Cc2c(C)noc2C)CC1)-c1ccc2ncnn2c1	Toll-like receptor 7	23.4	US Patent	7CYN
CC(C)c1c([nH]c2ccc(cc12)C1CCN(CC1)C(=O)CN(C)C)-c1ccnc(F)c1	Toll-like receptor 7	23.6	US Patent	7CYN
CC(C)c1c([nH]c2ccc(cc12)C1CCN(CC1)C1CCOC(C)(C)C1)-c1ccnc(C)c1	Toll-like receptor 7	23.9	US Patent	7CYN
CC(C)c1c([nH]c2ccc(cc12)C1CCN(CC1)C(=O)C1(CC1)C(F)(F)F)-c1cc(c2ncnn2c1)C(F)(F)F	Toll-like receptor 7	24	US Patent	7CYN
CC(C)c1c([nH]c2ccc(cc12)C1CCN(CC1)C(=O)C1(CC1)C(F)(F)F)-c1cc(c2ncnn2c1)C(F)(F)F	Toll-like receptor 7	24	US Patent	7CYN
CC(C)c1c([nH]c2ccc(nc12)N1CC(C1)N1CCC(O)CC1)-c1cn2ncnc2c(C)c1C	Toll-like receptor 7	24	US Patent	7CYN
CC(C)c1c([nH]c2ccc(nc12)C1CCN(CC1)C1COC1)-c1cn(C)c(=O)c(C)c1C	Toll-like receptor 7	24	US Patent	7CYN
CC(C)c1c([nH]c2ccc(nc12)C1CCN(CC1)C1COC1)-c1cn(C)c(=O)c(Cl)c1C	Toll-like receptor 7	24	US Patent	7CYN
CC(C)N(CCO)C(=O)CN1CCC(CC1)c1ccc2[nH]c(c(C(C)C)c2c1)-c1cc(C)nc(C)c1	Toll-like receptor 7	24	US Patent	7CYN
CCOc1nc(C)c2nc(-c3cncc(F)c3)n(Cc3cnn(CC4CCCN(C)C4)c3)c2n1	Toll-like receptor 7	24	US Patent	7CYN
CC(C)c1c([nH]c2ccc(nc12)C1CCN(CC1)C1COC1)-c1cn(C)c(=O)c(C)c1C	Toll-like receptor 7	24	US Patent	7CYN
CC(C)c1c([nH]c2ccc(nc12)C1CCN(CC1)C1COC1)-c1cn(C)c(=O)c(Cl)c1C	Toll-like receptor 7	24	US Patent	7CYN
CC(C)c1c([nH]c2ccc(nc12)N1CC(C1)N1CCC(O)CC1)-c1cn2ncnc2c(C)c1C	Toll-like receptor 7	24	US Patent	7CYN
CC(C)c1c([nH]c2cnc(N3CC4(CNC4)C3)c(F)c12)-c1cn2ncnc2c(C)c1C	Toll-like receptor 7	24	US Patent	7CYN
COc1cc(cn2ncnc12)-c1[nH]c2cnc(cc2c1C(C)C)C1CCC(C1)NCC(C)(C)OC	Toll-like receptor 7	24	US Patent	7CYN
CCc1c([nH]c2ccc(cc12)C1CCNCC1)-c1ccnc(C)c1	Toll-like receptor 7	24	ChEMBL	7CYN
CC(C)c1c([nH]c2ccc(nc12)C1CCN(CC1)C1COC1)-c1cn(C)c(=O)c(C)c1C	Toll-like receptor 7	24	US Patent	7CYN
CC(C)c1c([nH]c2ccc(cc12)-c1nnc(o1)C1CCCN(C)C1)-c1ccnc(C)c1	Toll-like receptor 7	24	US Patent	7CYN
CC(C)c1c([nH]c2ccc(nc12)N1CC(C1)N1CCC(O)CC1)-c1cn2ncnc2c(C)c1C	Toll-like receptor 7	24	US Patent	7CYN
CC(C)N1CCC(CC1)c1cc(ccn1)-c1ccc2[nH]c(c(C(C)C)c2c1)-c1ccnc(C)c1	Toll-like receptor 7	24	US Patent	7CYN
CC(C)c1c([nH]c2ccc(cc12)-c1nc2CCN(CC(=O)N(C)C)Cc2s1)-c1cc(C)nc(C)c1	Toll-like receptor 7	24	US Patent	7CYN
CC(C)c1c([nH]c2ccc(cc12)C(C)(C)C(=O)N(C)C1CN2CCC1CC2)-c1ccnc(C)c1	Toll-like receptor 7	24	US Patent	7CYN
CC(C)c1c([nH]c2ccc(nc12)C1CCN(CC1)C1COC1)-c1cn(C)c(=O)c(Cl)c1C	Toll-like receptor 7	24	US Patent	7CYN
CC(C)c1c([nH]c2ccc(cc12)C1CCN(CC1)C(=O)OCCN1CCCC1)-c1cn2ncnc2c(C)c1C	Toll-like receptor 7	24.3	US Patent	7CYN
CC(C)c1c([nH]c2ccc(cc12)C1CCN(CC1)C(=O)OCCN1CCCC1)-c1cn2ncnc2c(C)c1C	Toll-like receptor 7	24.3	US Patent	7CYN
CC(CC(=O)N1CCC(CC1)c1ccc2[nH]c(c(C(C)C)c2c1)-c1ccc2ncnn2c1)C1COC1	Toll-like receptor 7	24.4	US Patent	7CYN
CC(CC(=O)N1CCC(CC1)c1ccc2[nH]c(c(C(C)C)c2c1)-c1ccc2ncnn2c1)C1COC1	Toll-like receptor 7	24.4	US Patent	7CYN
CC(C)c1c([nH]c2ccc(cc12)C1CCN(CC1)C1COC1)-c1cc(C)ncc1C	Toll-like receptor 7	24.4	US Patent	7CYN
CC(C)C(=O)N1CCC(CC1)c1ccc2[nH]c(c(C(C)C)c2c1)-c1ccnc(C)c1	Toll-like receptor 7	24.7	US Patent	7CYN
CC(C)c1c([nH]c2ccc(cc12)C1CCN(CC1)C(=O)c1ccon1)-c1ccnc(C)c1	Toll-like receptor 7	24.9	US Patent	7CYN
CC(C)CCNC(=O)CN1CCC(CC1)c1ccc2[nH]c(c(C(C)C)c2c1)-c1cc(C)nc(C)c1	Toll-like receptor 7	24.9	US Patent	7CYN
CC(C)c1c([nH]c2ccc(nc12)-c1cnn(c1)C1CCNCC1)-c1cc(C)c2ncnn2c1	Toll-like receptor 7	25	US Patent	7CYN
CC(C)CN(CC(C)C)CC(=O)N1CCN(CC1)c1ccc2[nH]c(c(C(C)C)c2n1)-c1cn2ncnc2c(C)c1C	Toll-like receptor 7	25	US Patent	7CYN
CC(C)c1c([nH]c2ccc(nc12)C1CCC(CC1)N(C)C1COC1)-c1cn(C)c(=O)c(C)c1C	Toll-like receptor 7	25	US Patent	7CYN
CC(C)c1c([nH]c2ccc(nc12)C1CCC(CC1)NC1COC1)-c1cc(C)nc(C)c1	Toll-like receptor 7	25	US Patent	7CYN
CCOc1nc(C)c2nc(-c3cncnc3)n(Cc3ccc(CN4CC5CC4CN5C)cc3F)c2n1	Toll-like receptor 7	25	US Patent	7CYN
CCOc1nc(N)c2nc(-c3cncc(F)c3)n(Cc3ccc(cc3)C3CN4CCC3CC4)c2n1	Toll-like receptor 7	25	US Patent	7CYN
CC(C)c1c([nH]c2ccc(nc12)-c1cnn(c1)C1CCNCC1)-c1cc(C)c2ncnn2c1	Toll-like receptor 7	25	US Patent	7CYN
CC(C)c1c([nH]c2ccc(nc12)C1CCC(CC1)N(C)C1COC1)-c1cn(C)c(=O)c(C)c1C	Toll-like receptor 7	25	US Patent	7CYN
CC(C)c1c([nH]c2ccc(nc12)C1CCC(CC1)NC1COC1)-c1cc(C)nc(C)c1	Toll-like receptor 7	25	US Patent	7CYN
CC(C)CN(CC(C)C)CC(=O)N1CCN(CC1)c1ccc2[nH]c(c(C(C)C)c2n1)-c1cn2ncnc2c(C)c1C	Toll-like receptor 7	25	US Patent	7CYN
CC(C)N1CCC(CC1)NC(=O)C(C)(C)c1ccc2[nH]c(c(C(C)C)c2c1)-c1ccnc(C)c1	Toll-like receptor 7	25	US Patent	7CYN
CC(C)N1CC2(C1)CN(C2)c1ncc2[nH]c(c(C(C)C)c2c1F)-c1cn2ncnc2c(C)c1C	Toll-like receptor 7	25	US Patent	7CYN
CCOc1nc(N)c2nc(-c3cncc(F)c3)n(Cc3ccc(CN4C[C@@H]5C[C@H]4CN5C)cc3)c2n1	Toll-like receptor 7	25	ChEMBL	7CYN
CNCCc1nnc(o1)-c1ccc2[nH]c(c(C(C)C)c2c1)-c1ccnc(C)c1	Toll-like receptor 7	25	US Patent	7CYN
COc1cc(cn2ncnc12)-c1[nH]c2cnc(N3CCN(C[C@H]3C)C(=O)CN3CCOCC3)c(F)c2c1C(C)C	Toll-like receptor 7	25	US Patent	7CYN
COc1cc(cn2ncnc12)-c1[nH]c2ccc(nc2c1C(C)C)-c1cnn(c1)C1CCNCC1	Toll-like receptor 7	25	US Patent	7CYN
CC(C)CN(CC(C)C)CC(=O)N1CCN(CC1)c1ccc2[nH]c(c(C(C)C)c2n1)-c1cn2ncnc2c(C)c1C	Toll-like receptor 7	25	US Patent	7CYN
CC(C)N1CCCC(C1)c1nnc(o1)-c1ccc2[nH]c(c(C(C)C)c2c1)-c1ccnc(C)c1	Toll-like receptor 7	25	US Patent	7CYN
CC(C)c1c([nH]c2ccc(cc12)-c1nn2CCNCc2c1C(N)=O)-c1ccnc(C)c1	Toll-like receptor 7	25	US Patent	7CYN
CC(C)c1c([nH]c2ccc(nc12)C1CCC(CC1)N(C)C1COC1)-c1cn(C)c(=O)c(C)c1C	Toll-like receptor 7	25	US Patent	7CYN
CCN(CCN(C)C)C(=O)c1ccc2[nH]c(c(CC)c2c1)-c1ccc(OC)c(OC)c1	Toll-like receptor 7	25	US Patent	7CYN
CC(C)c1c([nH]c2ccc(nc12)C1CCC(CC1)NC1COC1)-c1cc(C)nc(C)c1	Toll-like receptor 7	25	US Patent	7CYN
Cn1nc(-c2ccc(OC[C@H]3CC[C@H](N)CC3)c(F)c2)c2cnc(N)nc12	Toll-like receptor 7	25	ChEMBL	7CYN
CC(C)c1c([nH]c2ccc(cc12)C1CCN(Cc2ccccc2)CC1)-c1cc(C)nc(C)c1	Toll-like receptor 7	25.4	US Patent	7CYN
CC(C)c1c([nH]c2ccc(cc12)C1CCN(Cc2cncs2)CC1)-c1cc(C)ncc1C	Toll-like receptor 7	25.6	US Patent	7CYN
CCCCN(CCO)C(=O)CN1CCC(CC1)c1ccc2[nH]c(c(C(C)C)c2c1)-c1cc(C)nc(C)c1	Toll-like receptor 7	25.6	US Patent	7CYN
CC(C)c1c([nH]c2ccc(cc12)C1CCN(CC1)C1CCN(C)CC1)-c1ccnc(F)c1	Toll-like receptor 7	25.8	US Patent	7CYN
COc1cc(cn2ncnc12)-c1[nH]c2cc(C)c(nc2c1C(C)C)C(=O)N(C)CCC(F)(F)F	Toll-like receptor 7	26	US Patent	7CYN
CC(C)c1c([nH]c2ccc(nc12)C1CCC(CC1)N(C)C1COC1)-c1cc(C)c(=O)n(C)c1	Toll-like receptor 7	26	US Patent	7CYN
COc1cc(cn2ncnc12)-c1[nH]c2ccc(CCC3CN(C3)C3COC3)nc2c1C(C)C	Toll-like receptor 7	26	US Patent	7CYN
CCOc1nc(C)c2nc(-c3cncc(F)c3)n(Cc3ccc(CN4CCN5CC[C@@H]4C5)cc3)c2n1	Toll-like receptor 7	26	US Patent	7CYN
COc1nc(C)c2nc(-c3cncc(F)c3)n(Cc3ccc(OCC4CN(C)C4)cc3F)c2n1	Toll-like receptor 7	26	US Patent	7CYN
COc1nc(C)c2nc(-c3cncc(c3)C#N)n(Cc3ccc(cc3F)C3CN4CCC3CC4)c2n1	Toll-like receptor 7	26	US Patent	7CYN
COc1nc(C)c2nc(-c3cncc(F)c3)n(Cc3ccc(OC4CCN(C)CC4)cc3F)c2n1	Toll-like receptor 7	26	US Patent	7CYN
COc1cc(cn2ncnc12)-c1[nH]c2cc(C)c(nc2c1C(C)C)C(=O)N(C)CCC(F)(F)F	Toll-like receptor 7	26	US Patent	7CYN
CC(C)c1c([nH]c2ccc(nc12)C1CCC(CC1)N(C)C1COC1)-c1cc(C)c(=O)n(C)c1	Toll-like receptor 7	26	US Patent	7CYN
COc1cc(cn2ncnc12)-c1[nH]c2ccc(CCC3CN(C3)C3COC3)nc2c1C(C)C	Toll-like receptor 7	26	US Patent	7CYN
COc1cc(cn2ncnc12)-c1[nH]c2cnc(N3CCN(CC3)C3CCCOC3)c(F)c2c1C(C)C	Toll-like receptor 7	26	US Patent	7CYN
CC(C)c1c([nH]c2ccc(nc12)C1CCC(CC1)N(C)C1COC1)-c1cc(C)c(=O)n(C)c1	Toll-like receptor 7	26	US Patent	7CYN
CC(C)c1c([nH]c2ccc(cc12)-c1nnc(CC2CCCCN2)o1)-c1ccnc(C)c1	Toll-like receptor 7	26	US Patent	7CYN
COc1cc(cn2ncnc12)-c1[nH]c2cnc(cc2c1C(C)C)C1CCC(C1)NCC(C)(C)OC	Toll-like receptor 7	26	US Patent	7CYN
CC(C)c1c([nH]c2ccc(cc12)C(C)(C)C(=O)NC1CCC2CNCC12)-c1ccnc(C)c1	Toll-like receptor 7	26	US Patent	7CYN
CC(N)Cc1nnc(o1)-c1ccc2[nH]c(c(C(C)C)c2c1)-c1ccnc(C)c1	Toll-like receptor 7	26	US Patent	7CYN
CC(C)c1c([nH]c2cnc(C3CCC(CC3)N3CC(CO)(CO)C3)c(F)c12)-c1cn2ncnc2c(C)c1C	Toll-like receptor 7	26	US Patent	7CYN
COc1cc(cn2ncnc12)-c1[nH]c2ccc(CCC3CN(C3)C3COC3)nc2c1C(C)C	Toll-like receptor 7	26	US Patent	7CYN
CC(C)c1c([nH]c2ccc(cc12)-c1ccc(NC(=O)CN(C)C)nc1)-c1ccnc(C)c1	Toll-like receptor 7	26	US Patent	7CYN
COc1ccc(cc1OC)-c1[nH]c2ccc(cc2c1C(C)C)-c1nnc(o1)[C@H]1CCCNC1	Toll-like receptor 7	26	US Patent	7CYN
COc1cc(cn2ncnc12)-c1[nH]c2cc(C)c(nc2c1C(C)C)C(=O)N(C)CCC(F)(F)F	Toll-like receptor 7	26	US Patent	7CYN
CC(C)c1c([nH]c2cnc(N3CCN(CCS(C)(=O)=O)CC3)c(C)c12)-c1cn2ncnc2c(C)c1C	Toll-like receptor 7	26	US Patent	7CYN
CC(C)N1CCCC(C1)c1nnc(o1)-c1ccc2[nH]c(c(CC(F)F)c2c1)-c1cc(C)nc(C)c1	Toll-like receptor 7	26	US Patent	7CYN
CC(C)c1c([nH]c2ccc(cc12)C1CCN(CC1)C(=O)CNC12CC3CC(CC(C3)C1)C2)-c1cc(C)nc(C)c1	Toll-like receptor 7	26.2	US Patent	7CYN
CNC(=O)CN1CCC(CC1)c1ccc2[nH]c(c(C(C)C)c2c1)-c1cc(NCC(F)(F)F)c2ncnn2c1	Toll-like receptor 7	26.3	US Patent	7CYN
CNC(=O)CN1CCC(CC1)c1ccc2[nH]c(c(C(C)C)c2c1)-c1cc(NCC(F)(F)F)c2ncnn2c1	Toll-like receptor 7	26.3	US Patent	7CYN
CC(C)c1c([nH]c2ccc(cc12)C1CCNCC1)-c1ccnc(Cl)c1C	Toll-like receptor 7	26.7	US Patent	7CYN
CC(C)c1c([nH]c2ccc(cc12)C1CCN(CC1)C(=O)C1CCN(Cc2ccccc2)CC1)-c1ccnc(C)c1	Toll-like receptor 7	26.7	US Patent	7CYN
CCOc1nc(C)c2nc(-c3cncc(F)c3)n(Cc3ccc(CN4CCN(C)CC4)cc3)c2n1	Toll-like receptor 7	27	US Patent	7CYN
CCOc1nc(C)c2nc(-c3cncc(F)c3)n(Cc3cnn(CC4CCCNC4)c3)c2n1	Toll-like receptor 7	27	US Patent	7CYN
COc1nc(C)c2nc(-c3cncc(c3)C#N)n(Cc3ccc(CN4CC5CC4CN5C)cc3F)c2n1	Toll-like receptor 7	27	US Patent	7CYN
COc1nc(C)c2nc(-c3cncc(F)c3)n(Cc3ccc(CN4C[C@@H]5C[C@H]4CN5C)cc3)c2n1	Toll-like receptor 7	27	US Patent	7CYN
CC(C)c1c([nH]c2ccc(cc12)-c1cccc(c1)C(=O)N1CC2CNCC2C1)-c1ccnc(C)c1	Toll-like receptor 7	27	US Patent	7CYN
CNC(=O)CN1CCN(CC1)c1cc2c(C(C)C)c([nH]c2cn1)-c1cc(OC)c2ncnn2c1	Toll-like receptor 7	27	US Patent	7CYN
CC(C)c1c([nH]c2ccc(cc12)-c1noc(n1)C1CCN(CC1)C(=O)CN(C)C)-c1ccnc2[nH]ncc12	Toll-like receptor 7	27	US Patent	7CYN
CC(C)c1c([nH]c2cnc(N3CCN(C[C@H]3C)C(=O)CN3CCOCC3)c(F)c12)-c1cn2ncnc2c(C)c1C	Toll-like receptor 7	27	US Patent	7CYN
COc1cc(cn2ncnc12)-c1[nH]c2cnc(cc2c1C(C)C)C1CCC(C1)N1CC2(COC2)C1	Toll-like receptor 7	27	US Patent	7CYN
CC(C)N1CCC(CC1)NC(=O)c1coc(n1)-c1ccc2[nH]c(c(C(C)C)c2c1)-c1cc(C)nc(C)c1	Toll-like receptor 7	27	US Patent	7CYN
CC(C)c1c([nH]c2ccc(cc12)-c1nnc(o1)C1CCCN(C)C1)-c1ccnc(C)c1	Toll-like receptor 7	27	US Patent	7CYN
CCC[C@@H](CCO)Nc1nc(N)nc2cnn(Cc3ccc(CNC4CCOCC4)cc3OC)c12	Toll-like receptor 7	27	ChEMBL	
CNC(=O)CN1CCC(CC1)c1nnc([nH]1)-c1ccc2[nH]c(c(C(C)C)c2c1)-c1ccc(OC)c(OC)c1	Toll-like receptor 7	27	US Patent	7CYN
CC(C)c1c([nH]c2cnc(N3CC4(CN(C4)C4CCOCC4)C3)c(F)c12)-c1cn2ncnc2c(C)c1C	Toll-like receptor 7	27	US Patent	7CYN
CC(C)c1c([nH]c2cnc(C3CCC(CC3)NCC3(C)COC3)c(C)c12)-c1cn2ncnc2c(C)c1C	Toll-like receptor 7	27	US Patent	7CYN
COc1cc(cn2ncnc12)-c1[nH]c2cnc(N3CC4(CN(C4)C4COC4)C3)c(F)c2c1C(C)C	Toll-like receptor 7	27	US Patent	7CYN
CC(C)c1c([nH]c2ccc(cc12)C1CCNCC1)-c1cc(NCC(C)(C)O)c2ncnn2c1	Toll-like receptor 7	27.1	US Patent	7CYN
CC(C)c1c([nH]c2ccc(cc12)C1CCNCC1)-c1cc(NCC(C)(C)O)c2ncnn2c1	Toll-like receptor 7	27.1	US Patent	7CYN
CC(C)c1c([nH]c2ccc(cc12)C1CCN(CC1)C(=O)CNCC1CCCCC1)-c1cn2ncnc2c(C)c1C	Toll-like receptor 7	27.4	US Patent	7CYN
CC(C)c1c([nH]c2ccc(cc12)C1CCN(CC1)C1COC1)-c1ccc2nc(C)nn2c1	Toll-like receptor 7	27.4	US Patent	7CYN
CC(C)c1c([nH]c2ccc(cc12)C1CCN(CC1)C1COC1)-c1ccc2nc(C)nn2c1	Toll-like receptor 7	27.4	US Patent	7CYN
CC(C)c1c([nH]c2ccc(cc12)C1CCN(CC1)C(=O)CNCC1CCCCC1)-c1cn2ncnc2c(C)c1C	Toll-like receptor 7	27.4	US Patent	7CYN
CCc1c([nH]c2ccc(cc12)C1CCNCC1)-c1ccnc(C)c1	Toll-like receptor 7	27.7	US Patent	7CYN
CC(C)c1c([nH]c2ccc(nc12)N1CCN(CC2(C)COC2)CC1)-c1cn2ncnc2c(C)c1C	Toll-like receptor 7	28	US Patent	7CYN
CC(C)c1c([nH]c2ccc(nc12)C1CCC(CC1)N1CC2(COC2)C1)-c1cc(C)c2ncnn2c1	Toll-like receptor 7	28	US Patent	7CYN
COc1nc(C)c2nc(-c3cncc(F)c3)n(Cc3cnn(CCCN4CCN(C)CC4)c3)c2n1	Toll-like receptor 7	28	US Patent	7CYN
COc1nc(C)c2nc(-c3cncc(F)c3)n(Cc3ccc(CN(C)C)cc3F)c2n1	Toll-like receptor 7	28	US Patent	7CYN
CCOc1nc(C)c2nc(-c3cncc(F)c3)n(Cc3cnn(CCN4CCN(C)CC4)c3)c2n1	Toll-like receptor 7	28	US Patent	7CYN
COc1nc(C)c2nc(-c3cccnc3)n(Cc3ccc(CN4CC5CC4CN5C)cc3F)c2n1	Toll-like receptor 7	28	US Patent	7CYN
CCOc1nc(C)c2nc(-c3cncc(F)c3)n(Cc3cnn(CC4COCCN4)c3)c2n1	Toll-like receptor 7	28	US Patent	7CYN
CCOc1nc(C)c2nc(-c3cncc(F)c3)n(Cc3ccc(CN4CCN5CCC4C5)cc3)c2n1	Toll-like receptor 7	28	US Patent	7CYN
COc1nc(N)c2nc(-c3cncc(F)c3)n(Cc3ccc(CN4C[C@@H]5C[C@H]4CN5C)cc3)c2n1	Toll-like receptor 7	28	US Patent	7CYN
CC(C)c1c([nH]c2ccc(nc12)C1CCC(CC1)N1CC2(COC2)C1)-c1cc(C)c2ncnn2c1	Toll-like receptor 7	28	US Patent	7CYN
CC(C)c1c([nH]c2ccc(nc12)N1CCN(CC2(C)COC2)CC1)-c1cn2ncnc2c(C)c1C	Toll-like receptor 7	28	US Patent	7CYN
COc1cc(cn2ncnc12)-c1[nH]c2cnc(cc2c1C(C)C)C1CCN(CC1)C(=O)CN(C)C	Toll-like receptor 7	28	US Patent	7CYN
CC(C)N1CCCC(C1)c1nnc([nH]1)-c1ccc2[nH]c(c(C(C)C)c2c1)-c1ccnc(C)c1	Toll-like receptor 7	28	US Patent	7CYN
CNC(=O)c1ccc(cn1)-c1ccc2[nH]c(c(C(C)C)c2c1)-c1cc(C)nc(C)c1	Toll-like receptor 7	28	US Patent	7CYN
COc1cc(cn2ncnc12)-c1[nH]c2cnc(N3CCN(CC(=O)N4CCOCC4)C[C@H]3C)c(F)c2c1C(C)C	Toll-like receptor 7	28	US Patent	7CYN
CC(C)c1c([nH]c2ccc(cc12)-c1nnc(o1)C1CCNC1)-c1ccnc(C)c1	Toll-like receptor 7	28	US Patent	7CYN
COc1cc(cn2ncnc12)-c1[nH]c2cnc(C3CCC(CC3)NC[C@@H](F)C(C)(C)O)c(C)c2c1C(C)C	Toll-like receptor 7	28	US Patent	7CYN
CC(C)c1c([nH]c2ccc(cc12)C1CCNCC1)-c1ccnc(c1)C(F)(F)F	Toll-like receptor 7	28	ChEMBL	7CYN
CC(C)c1c([nH]c2ccc(cc12)C1CCNCC1)-c1ccnc(C)c1C	Toll-like receptor 7	28	ChEMBL	7CYN
Cc1cc(cc2cn(nc12)C1CCNCC1)-c1ccc(=O)n(C)c1C	Toll-like receptor 7	28	ChEMBL	7CYN
CC(C)c1c([nH]c2ccc(nc12)N1CCN(CC2(C)COC2)CC1)-c1cn2ncnc2c(C)c1C	Toll-like receptor 7	28	US Patent	7CYN
CC(C)c1c([nH]c2ccc(nc12)C1CCC(CC1)N1CC2(COC2)C1)-c1cc(C)c2ncnn2c1	Toll-like receptor 7	28	US Patent	7CYN
COc1ccc(cc1OC)-c1[nH]c2ccc(cc2c1C(C)C)-c1nnc(o1)C1CCN(CC1)C(=O)CN(C)C	Toll-like receptor 7	28	US Patent	7CYN
CC(C)NC1CCC(CC1)c1ncc2[nH]c(c(C(C)C)c2c1C)-c1cn2ncnc2c(C)c1C	Toll-like receptor 7	28	US Patent	7CYN
CC(C)c1c([nH]c2ccc(cc12)-c1nnc([nH]1)C1CCN(CC1)C(=O)CN(C)C)-c1ccnc(C)c1	Toll-like receptor 7	28	US Patent	7CYN
CC(C)c1c([nH]c2ccc(cc12)C1CCN(Cc2[nH]cnc2C)CC1)-c1ccnc(C)c1	Toll-like receptor 7	28.1	US Patent	7CYN
CC(C)c1c([nH]c2ccc(cc12)C1CCNCC1)-c1ccnc(c1)C(F)(F)F	Toll-like receptor 7	28.2	US Patent	7CYN
CC(C)c1c([nH]c2ccc(cc12)C1CCN(CC1)C(=O)C1CN(C)C(=O)C1)-c1cc(C)nc(F)c1	Toll-like receptor 7	28.4	US Patent	7CYN
CC(C)c1c([nH]c2ccc(cc12)C1CCNCC1)-c1ccnc(C)c1C	Toll-like receptor 7	28.5	US Patent	7CYN
CC(C)c1c([nH]c2ccc(cc12)C1CCN(CC1)C(=O)C1CN(C)C(=O)C1)-c1ccc2ncnn2c1	Toll-like receptor 7	28.7	US Patent	7CYN
CC(C)c1c([nH]c2ccc(cc12)C1CCN(CC1)C(=O)C1CN(C)C(=O)C1)-c1ccc2ncnn2c1	Toll-like receptor 7	28.7	US Patent	7CYN
CC(C)c1c([nH]c2ccc(cc12)C1CCN(CC1)C(=O)c1ccc2ccccn2c1=O)-c1cc(C)nc(C)c1	Toll-like receptor 7	28.7	US Patent	7CYN
CC(C)c1c([nH]c2ccc(cc12)C1CCN(CC(=O)N(CCO)Cc2ccc(F)cc2)CC1)-c1cc(C)nc(C)c1	Toll-like receptor 7	28.8	US Patent	7CYN
CC(C)c1c([nH]c2ccc(cc12)C1CCNCC1)-c1ccc2ncnn2c1C	Toll-like receptor 7	28.9	US Patent	7CYN
CC(C)c1c([nH]c2ccc(cc12)C1CCNCC1)-c1ccc2ncnn2c1C	Toll-like receptor 7	28.9	US Patent	7CYN
CC(C)c1c([nH]c2ccc(cc12)C1CCN(CC(=O)N(C)C)CC1)-c1cc(NCC(C)(C)C)c2ncnn2c1	Toll-like receptor 7	29	US Patent	7CYN
CC(C)c1c([nH]c2ccc(cc12)C1CCN(Cc2ccn(CC3CC3)n2)CC1)-c1ccc2ncnn2c1	Toll-like receptor 7	29	US Patent	7CYN
CC(C)c1c([nH]c2ccc(nc12)N1CCC(CC1)N(Cc1cn(C)nn1)Cc1cn(C)nn1)-c1cn2ncnc2c(C)c1C	Toll-like receptor 7	29	US Patent	7CYN
CC(C)c1c([nH]c2ccc(cc12)C1CCN(CC(=O)N(C)C)CC1)-c1cc(NCC(C)(C)O)c2ncnn2c1	Toll-like receptor 7	29	US Patent	7CYN
CC(C)c1c([nH]c2ccc(cc12)C1CCN(Cc2ccn(CC3CC3)n2)CC1)-c1ccc2ncnn2c1	Toll-like receptor 7	29	US Patent	7CYN
CC(C)c1c([nH]c2ccc(nc12)C1CC(C1)N(C)CC1(C)COC1)-c1cn2ncnc2c(C)c1C	Toll-like receptor 7	29	US Patent	7CYN
CCOc1nc(C)c2nc(-c3cncc(F)c3)n(Cc3ccc(CN(CC)CC)cc3)c2n1	Toll-like receptor 7	29	US Patent	7CYN
CCN1CC(COc2ccc(Cn3c(nc4c(C)nc(OC)nc34)-c3cncc(F)c3)c(F)c2)C1	Toll-like receptor 7	29	US Patent	7CYN
CC(C)c1c([nH]c2ccc(nc12)C1CC(C1)N(C)CC1(C)COC1)-c1cn2ncnc2c(C)c1C	Toll-like receptor 7	29	US Patent	7CYN
CC(C)c1c([nH]c2ccc(nc12)N1CCC(CC1)N(Cc1cn(C)nn1)Cc1cn(C)nn1)-c1cn2ncnc2c(C)c1C	Toll-like receptor 7	29	US Patent	7CYN
CNC(=O)CN1CCN(CC1)c1ncc2[nH]c(c(C(C)C)c2c1C)-c1cn2ncnc2c(C)c1C	Toll-like receptor 7	29	US Patent	7CYN
CC(C)c1c([nH]c2ccc(nc12)C1CC(C1)N(C)CC1(C)COC1)-c1cn2ncnc2c(C)c1C	Toll-like receptor 7	29	US Patent	7CYN
CC(C)c1c([nH]c2ccc(nc12)N1CCC(CC1)N(Cc1cn(C)nn1)Cc1cn(C)nn1)-c1cn2ncnc2c(C)c1C	Toll-like receptor 7	29	US Patent	7CYN
COc1cc(cn2ncnc12)-c1[nH]c2ccc(cc2c1C(C)C)C(=O)N1CC2CNCC2C1	Toll-like receptor 7	29	US Patent	7CYN
CC(C)c1c([nH]c2ccc(cc12)C1CCNCC1)-c1ccncc1	Toll-like receptor 7	29	ChEMBL	7CYN
COc1ccc(cc1OC)-c1[nH]c2ccc(cc2c1C(C)C)-c1nnc([nH]1)C1CCN(CC1)C(=O)CN(C)C	Toll-like receptor 7	29	US Patent	7CYN
CC(C)c1c([nH]c2ccc(cc12)-c1nnc(CCCN(C)C)o1)-c1ccnc(C)c1	Toll-like receptor 7	29	US Patent	7CYN
COc1cc(cn2ncnc12)-c1[nH]c2cnc(cc2c1C(C)C)C1CCC(C1)N1CC2(COC2)C1	Toll-like receptor 7	29	US Patent	7CYN
CC(C)c1c([nH]c2ccc(cc12)-c1nnc(s1)C(=O)NC1CCNC1)-c1ccnc(C)c1	Toll-like receptor 7	29	US Patent	7CYN
CCOCc1cc(cn2ncnc12)-c1[nH]c2ccc(cc2c1C(C)C)C1CCNCC1	Toll-like receptor 7	29.3	US Patent	7CYN
CCOCc1cc(cn2ncnc12)-c1[nH]c2ccc(cc2c1C(C)C)C1CCNCC1	Toll-like receptor 7	29.3	US Patent	7CYN
CC(C)c1c([nH]c2ccc(cc12)C1CCN(CC1)C1COC1)-c1ccc2ncnn2c1	Toll-like receptor 7	29.5	US Patent	7CYN
CC(C)c1c([nH]c2ccc(cc12)C1CCN(CC1)C1COC1)-c1ccc2ncnn2c1	Toll-like receptor 7	29.5	US Patent	7CYN
CC(C)c1c([nH]c2ccc(cc12)C1CCN(CC1)C(=O)CC1N(C)C(=O)NC1=O)-c1cc(C)nc(C)c1	Toll-like receptor 7	29.7	US Patent	7CYN
CC(C)c1c([nH]c2ccc(cc12)C1CCN(CC1)C1CCOCC1)-c1ccc2nc(C)nn2c1	Toll-like receptor 7	29.9	US Patent	7CYN
CC(C)c1c([nH]c2ccc(cc12)C1CCN(CC1)C1CCOCC1)-c1ccc2nc(C)nn2c1	Toll-like receptor 7	29.9	US Patent	7CYN
CC(C)c1c([nH]c2ccc(cc12)C1CCN(CC1)C(=O)Cn1ccc(n1)C(F)(F)F)-c1cc(C)nc(C)c1	Toll-like receptor 7	29.9	US Patent	7CYN
CC(C)c1c([nH]c2ccc(nc12)C1CC(C1)N(C)CC(=O)N(C)C)-c1cn2ncnc2c(C)c1C	Toll-like receptor 7	30	US Patent	7CYN
CC(C)c1c([nH]c2ccc(cc12)C1CCN(CC1)C(=O)c1c(C)n[nH]c1C)-c1cc(C)nc(C)c1	Toll-like receptor 7	30	US Patent	7CYN
CCCN(CCO)C(=O)CN1CCC(CC1)c1ccc2[nH]c(c(C(C)C)c2c1)-c1cc(C)nc(C)c1	Toll-like receptor 7	30	US Patent	7CYN
CCN1CCC(CC1)c1ccc(Cn2c(nc3c(C)nc(OC)nc23)-c2cncc(c2)C#N)c(F)c1	Toll-like receptor 7	30	US Patent	7CYN
CCOc1nc(N)c2nc(-c3cncc(F)c3)n(Cc3ccc(OCCN4CCCC4)cc3)c2n1	Toll-like receptor 7	30	US Patent	7CYN
CC(C)c1c([nH]c2ccc(nc12)C1CC(C1)N(C)CC(=O)N(C)C)-c1cn2ncnc2c(C)c1C	Toll-like receptor 7	30	US Patent	7CYN
CC(C)c1c([nH]c2ccc(cc12)-c1nnc(o1)[C@@H]1CCC[C@@H]1N)-c1ccnc(C)c1	Toll-like receptor 7	30	US Patent	7CYN
CC(C)c1c([nH]c2ccc(cc12)C(C)(C)C(=O)N1CC2CNCC2C1)-c1ccnc(C)c1	Toll-like receptor 7	30	US Patent	7CYN
CC(C)c1c([nH]c2ccc(nc12)C1CC(C1)N(C)CC(=O)N(C)C)-c1cn2ncnc2c(C)c1C	Toll-like receptor 7	30	US Patent	7CYN
CC(C)c1c([nH]c2ccc(cc12)-c1ccc(N)nc1)-c1ccnc(C)c1	Toll-like receptor 7	30	US Patent	7CYN
CC(C)c1c([nH]c2ccc(cc12)-c1nnc(N)o1)-c1cc(C)nc(C)c1	Toll-like receptor 7	30	US Patent	7CYN
Cc1nn(CC23CCC(CC2)(CC3)NC2COC2)c2CCN(Cc12)c1cc(C)nc2n(C)ncc12	Toll-like receptor 7	30	ChEMBL	7CYN
CC(C)c1c([nH]c2cnc(N3CCN(CC(C)(C)O)CC3)c(F)c12)-c1cn2ncnc2c(C)c1C	Toll-like receptor 7	30	US Patent	7CYN
COc1ccc(cc1OC)-c1[nH]c2ccc(cc2c1C(C)C)-c1nnc(o1)C(=O)NCCN(C)C	Toll-like receptor 7	30	US Patent	7CYN
COc1ccc(cc1OC)-c1[nH]c2ccc(cc2c1C(C)C)C(=O)N1CC2CNCC2C1	Toll-like receptor 7	30	US Patent	7CYN
CC(C)CN1CC2(C1)CN(C2)c1ncc2[nH]c(c(C(C)C)c2c1F)-c1cn2ncnc2c(C)c1C	Toll-like receptor 7	30	US Patent	7CYN
CC(C)c1c([nH]c2ccc(cc12)C1CCN(CC1)C(=O)C1CN(C)C(=O)C1)-c1ccnc(C)c1F	Toll-like receptor 7	30.1	US Patent	7CYN
CCc1c([nH]c2ccc(cc12)C1CCN(CC1)C(=O)CCN(C)C)-c1ccnc(C)c1	Toll-like receptor 7	30.2	US Patent	7CYN
CCc1c([nH]c2ccc(cc12)C1CCN(CC(O)CN(C)C(C)C)CC1)-c1ccnc(C)c1	Toll-like receptor 7	30.6	US Patent	7CYN
CC(C)c1c([nH]c2ccc(cc12)C1CCN(CC1)C1COC1)-c1cc(OCCOC(C)=O)c2ncnn2c1	Toll-like receptor 7	30.8	US Patent	7CYN
CC(C)c1c([nH]c2ccc(cc12)C1CCN(CC1)C1COC1)-c1cc(OCCOC(C)=O)c2ncnn2c1	Toll-like receptor 7	30.8	US Patent	7CYN
CC(C)c1c([nH]c2ccc(cc12)C1CCN(CC(O)C(F)(F)F)CC1)-c1ccnc(C)c1	Toll-like receptor 7	30.9	US Patent	7CYN
CC(C)c1c([nH]c2ccc(nc12)C1CCC(CC1)N(C)Cc1cnc(C)nc1)-c1cn2ncnc2c(C)c1C	Toll-like receptor 7	31	US Patent	7CYN
CC(C)c1c([nH]c2ccc(cc12)C1CCN(CC(O)=O)CC1)-c1cc(C)nc(C)c1	Toll-like receptor 7	31	US Patent	7CYN
CCOc1nc(C)c2nc(-c3cncc(F)c3)n(Cc3ccc(nc3C)[C@H]3CN4CCC3CC4)c2n1	Toll-like receptor 7	31	US Patent	7CYN
CC(C)c1c([nH]c2ccc(nc12)C1CCC(CC1)N(C)Cc1cnc(C)nc1)-c1cn2ncnc2c(C)c1C	Toll-like receptor 7	31	US Patent	7CYN
COc1ccc(cc1OC)-c1[nH]c2ccc(cc2c1C(C)C)-c1nnc(o1)C1CCN(C)CC1	Toll-like receptor 7	31	US Patent	7CYN
COc1ccc(cc1OC)-c1[nH]c2ccc(cc2c1CC(F)(F)F)-c1nnc(o1)[C@H]1CCCNC1	Toll-like receptor 7	31	US Patent	7CYN
CC(C)c1c([nH]c2ccc(cc12)-c1nnc(o1)C1CCN(CC1)C(=O)CN(C)C)-c1ccnc(C)c1	Toll-like receptor 7	31	US Patent	7CYN
CC(C)c1c([nH]c2ccc(cc12)-c1nnc(C[C@@H]2CCCN2)o1)-c1ccnc2[nH]ncc12	Toll-like receptor 7	31	US Patent	7CYN
CC(C)c1c([nH]c2ccc(cc12)-c1nnc([nH]1)C1CCCN(CC(=O)N(C)C)C1)-c1ccnc(C)c1	Toll-like receptor 7	31	US Patent	7CYN
CC(C)c1c([nH]c2ccc(nc12)C1CCC(CC1)N(C)Cc1cnc(C)nc1)-c1cn2ncnc2c(C)c1C	Toll-like receptor 7	31	US Patent	7CYN
CC(C)c1c([nH]c2ccc(cc12)C(C)(C)C(=O)N1CCCC2(CCCCC2N)C1)-c1ccnc(C)c1	Toll-like receptor 7	31	US Patent	7CYN
CC(C)c1c([nH]c2ccc(cc12)C1CCNCC1)-c1ccnc(c1)C(C)(C)O	Toll-like receptor 7	31.2	US Patent	7CYN
CC(C)c1c([nH]c2ccc(cc12)C1CCN(CC1)C1CCOCC1)-c1cc(C)ncc1C	Toll-like receptor 7	31.4	US Patent	7CYN
CC(C)c1c([nH]c2ccc(cc12)C1CCN(CC1)C1COC1)-c1cc(N2CCOCC2)c2ncnn2c1	Toll-like receptor 7	31.5	US Patent	7CYN
CC(C)c1c([nH]c2ccc(cc12)C1CCN(CC1)C1COC1)-c1cc(N2CCOCC2)c2ncnn2c1	Toll-like receptor 7	31.5	US Patent	7CYN
CCOCCN1CCC(CC1)c1ccc2[nH]c(c(C(C)C)c2c1)-c1ccnc(C)c1	Toll-like receptor 7	31.7	US Patent	7CYN
CC(C)c1c([nH]c2ccc(nc12)C1CN(CCS(C)(=O)=O)CCO1)-c1cn2ncnc2c(C)c1C	Toll-like receptor 7	32	US Patent	7CYN
CC(C)c1c([nH]c2ccc(CCC3CN(C3)C(=O)CN(C)C)nc12)-c1cn2ncnc2c(C)c1C	Toll-like receptor 7	32	US Patent	7CYN
CC(C)c1c([nH]c2ccc(nc12)C1CN(CCS(C)(=O)=O)CCO1)-c1cn2ncnc2c(C)c1C	Toll-like receptor 7	32	US Patent	7CYN
CC(C)c1c([nH]c2ccc(CCC3CN(C3)C(=O)CN(C)C)nc12)-c1cn2ncnc2c(C)c1C	Toll-like receptor 7	32	US Patent	7CYN
CC(C)c1c([nH]c2ccc(CCC3CN(C3)C(=O)CN(C)C)nc12)-c1cn2ncnc2c(C)c1C	Toll-like receptor 7	32	US Patent	7CYN
CC(C)c1c([nH]c2ccc(cc12)C(=O)N1CCCN(C)CC1)-c1cc(C)nc(C)c1	Toll-like receptor 7	32	US Patent	7CYN
CC(C)N1CCCC(C1)c1nnc([nH]1)-c1ccc2[nH]c(c(C(C)C)c2c1)-c1ccnc(C)c1	Toll-like receptor 7	32	US Patent	7CYN
CC(C)c1c([nH]c2cnc(N3CC4(CN(CC5CCC5)C4)C3)c(F)c12)-c1cn2ncnc2c(C)c1C	Toll-like receptor 7	32	US Patent	7CYN
CC(C)c1c([nH]c2cnc(N3CCN(CC4CCOCC4)CC3)c(C)c12)-c1cn2ncnc2c(C)c1C	Toll-like receptor 7	32	US Patent	7CYN
CC(C)c1c([nH]c2ccc(nc12)C1CN(CCS(C)(=O)=O)CCO1)-c1cn2ncnc2c(C)c1C	Toll-like receptor 7	32	US Patent	7CYN
CC(C)c1c([nH]c2ccc(cc12)-c1cc2CCNCc2s1)-c1ccnc2[nH]ncc12	Toll-like receptor 7	32	US Patent	7CYN
COc1ccc(cc1OC)-c1[nH]c2ccc(cc2c1C(C)C)-c1nnc(o1)[C@@H]1CCCNC1	Toll-like receptor 7	32	US Patent	7CYN
COc1ccc(cc1OC)-c1[nH]c2ccc(cc2c1C(C)C)-c1ccc(nc1)N1CCN(C)CC1	Toll-like receptor 7	32	US Patent	7CYN
C[C@H](O)CC(=O)N1CCC(CC1)c1ccc2[nH]c(c(C(C)C)c2c1)-c1ccc2ncnn2c1	Toll-like receptor 7	32.2	US Patent	7CYN
CC(C)c1c([nH]c2ccc(cc12)C1CCN(Cc2nccs2)CC1)-c1ccc2ncnn2c1	Toll-like receptor 7	32.2	US Patent	7CYN
C[C@H](O)CC(=O)N1CCC(CC1)c1ccc2[nH]c(c(C(C)C)c2c1)-c1ccc2ncnn2c1	Toll-like receptor 7	32.2	US Patent	7CYN
CC(C)c1c([nH]c2ccc(cc12)C1CCN(Cc2nccs2)CC1)-c1ccc2ncnn2c1	Toll-like receptor 7	32.2	US Patent	7CYN
CC(C)c1c([nH]c2ccc(cc12)C1CCN(CC1)C1CCNCC1C)-c1ccnc(C)c1	Toll-like receptor 7	32.4	US Patent	7CYN
CC(C)c1c([nH]c2ccc(cc12)C1CCN(CC1)C(=O)CNC[C@@H](O)CO)-c1ccnc(C)c1	Toll-like receptor 7	32.6	US Patent	7CYN
C[C@H](O)CC(=O)N1CCC(CC1)c1ccc2[nH]c(c(C(C)C)c2c1)-c1ccc2nc(C)nn2c1	Toll-like receptor 7	32.7	US Patent	7CYN
C[C@H](O)CC(=O)N1CCC(CC1)c1ccc2[nH]c(c(C(C)C)c2c1)-c1ccc2nc(C)nn2c1	Toll-like receptor 7	32.7	US Patent	7CYN
CC(C)N1CCN(CC1)C(=O)N1CCC(CC1)c1ccc2[nH]c(c(C(C)C)c2c1)-c1cn2ncnc2c(C)c1C	Toll-like receptor 7	32.8	US Patent	7CYN
CC(C)N1CCN(CC1)C(=O)N1CCC(CC1)c1ccc2[nH]c(c(C(C)C)c2c1)-c1cn2ncnc2c(C)c1C	Toll-like receptor 7	32.8	US Patent	7CYN
CC(C)c1c([nH]c2ccc(nc12)N1CCC(C1)NC1COC1)-c1cn2ncnc2c(C)c1C	Toll-like receptor 7	33	US Patent	7CYN
CC(C)c1c([nH]c2ccc(nc12)C1CCC(CC1)N1CCS(=O)(=O)CC1)-c1cn2ncnc2c(C)c1C	Toll-like receptor 7	33	US Patent	7CYN
CC(C)N1CCC(CC1)c1ccc2[nH]c(c(C(C)C)c2c1)-c1cc(C)ncc1C	Toll-like receptor 7	33	US Patent	7CYN
CCOc1nc(C)c2nc(-c3cncc(F)c3)n(Cc3cnn(CC4CCN(C)CC4)c3)c2n1	Toll-like receptor 7	33	US Patent	7CYN
CCOc1nc(C)c2nc(-c3cncc(F)c3)n(Cc3ccc(CN4C[C@@H]5C[C@H]4CN5)cc3)c2n1	Toll-like receptor 7	33	US Patent	7CYN
CC(C)c1c([nH]c2ccc(nc12)N1CCC(C1)NC1COC1)-c1cn2ncnc2c(C)c1C	Toll-like receptor 7	33	US Patent	7CYN
CC(C)c1c([nH]c2ccc(nc12)C1CCC(CC1)N1CCS(=O)(=O)CC1)-c1cn2ncnc2c(C)c1C	Toll-like receptor 7	33	US Patent	7CYN
CC(C)c1c([nH]c2ccc(nc12)C1CCC(CC1)N1CCS(=O)(=O)CC1)-c1cn2ncnc2c(C)c1C	Toll-like receptor 7	33	US Patent	7CYN
CCN(C)C1CCC(CC1)c1ncc2[nH]c(c(C(C)C)c2c1C)-c1cn2ncnc2c(C)c1C	Toll-like receptor 7	33	US Patent	7CYN
COc1cc(cn2ncnc12)-c1[nH]c2cnc(N3CC4(CNC4)C3)c(F)c2c1C(C)C	Toll-like receptor 7	33	US Patent	7CYN
CC(C)c1c([nH]c2ccc(nc12)N1CCC(C1)NC1COC1)-c1cn2ncnc2c(C)c1C	Toll-like receptor 7	33	US Patent	7CYN
CC(C)c1c([nH]c2ccc(cc12)-c1nc(co1)C(=O)NCCCN)-c1cc(C)nc(C)c1	Toll-like receptor 7	33	US Patent	7CYN
COc1cc(cn2ncnc12)-c1[nH]c2cnc(N3CCN(CC3)C3CCCOC3)c(F)c2c1C(C)C	Toll-like receptor 7	33	US Patent	7CYN
CC(C)c1c([nH]c2ccc(cc12)-c1nnc([nH]1)C1CCN(Cc2ccccc2)CC1)-c1ccnc(C)c1	Toll-like receptor 7	33	US Patent	7CYN
CC(C)c1c([nH]c2ccc(cc12)C(=O)N(C)CCO)-c1cc(C)nc(C)c1	Toll-like receptor 7	33	US Patent	7CYN
COc1cc(OC)nc(CN2CCC(CC2)c2ccc3[nH]c(c(C(C)C)c3c2)-c2cc(C)ncc2C)n1	Toll-like receptor 7	33.1	US Patent	7CYN
CC(C)c1c([nH]c2ccc(cc12)C1CCN(CC1)C(=O)c1cc(C)n[nH]c1=O)-c1cc(C)nc(C)c1	Toll-like receptor 7	33.1	US Patent	7CYN
CC(C)c1c([nH]c2ccc(cc12)C1CCN(Cc2ncon2)CC1)-c1cc(C)c2ncnn2c1	Toll-like receptor 7	33.2	US Patent	7CYN
CC(C)c1c([nH]c2ccc(cc12)C1CCN(Cc2ncon2)CC1)-c1cc(C)c2ncnn2c1	Toll-like receptor 7	33.2	US Patent	7CYN
CC(C)c1c([nH]c2ccc(cc12)C1CCN(Cc2c[nH]c(C)n2)CC1)-c1ccc2nc(C)nn2c1	Toll-like receptor 7	33.3	US Patent	7CYN
CC(C)c1c([nH]c2ccc(cc12)C1CCN(Cc2c[nH]c(C)n2)CC1)-c1ccc2nc(C)nn2c1	Toll-like receptor 7	33.3	US Patent	7CYN
CC(C)c1c([nH]c2ccc(cc12)C1CCN(CC1)C(=O)C1(C)COC1)-c1ccnc(C)c1	Toll-like receptor 7	33.3	US Patent	7CYN
CCc1cc(cc(OC)n1)-c1[nH]c2ccc(cc2c1C(C)C)C1CCNCC1	Toll-like receptor 7	33.4	US Patent	7CYN
CC(C)c1c([nH]c2ccc(cc12)C1CCN(CCS(C)(=O)=O)CC1)-c1cn2ncnc2cc1C	Toll-like receptor 7	33.6	US Patent	7CYN
CC(C)c1c([nH]c2ccc(cc12)C1CCN(CCS(C)(=O)=O)CC1)-c1cn2ncnc2cc1C	Toll-like receptor 7	33.6	US Patent	7CYN
CC(C)c1c([nH]c2ccc(cc12)C1CCN(CC1)C(=O)CN1CCC(F)(F)CC1)-c1cc(C)nc(C)c1	Toll-like receptor 7	33.6	US Patent	7CYN
CC(C)c1c([nH]c2ccc(cc12)C1CCN(CC1)C(=O)CN(C)C)-c1ccncc1	Toll-like receptor 7	33.6	US Patent	7CYN
CC(C)c1c([nH]c2ccc(cc12)C1CCN(CC1)C(=O)CNCC#N)-c1cn2ncnc2c(C)c1C	Toll-like receptor 7	33.7	US Patent	7CYN
CC(C)c1c([nH]c2ccc(cc12)C1CCN(CC1)C1COC1)-c1cc(OCCO)c2ncnn2c1	Toll-like receptor 7	33.7	US Patent	7CYN
CC(C)c1c([nH]c2ccc(cc12)C1CCN(CC1)C(=O)CNCC#N)-c1cn2ncnc2c(C)c1C	Toll-like receptor 7	33.7	US Patent	7CYN
CC(C)c1c([nH]c2ccc(cc12)C1CCN(CC1)C1COC1)-c1cc(OCCO)c2ncnn2c1	Toll-like receptor 7	33.7	US Patent	7CYN
CC(C)c1c([nH]c2ccc(cc12)C1CCN(CC1)C(=O)CC#N)-c1ccnc(C)c1	Toll-like receptor 7	33.7	US Patent	7CYN
C[C@H](O)CC(=O)N1CCC(CC1)c1ccc2[nH]c(c(C(C)C)c2c1)-c1cn2nc(C)nc2cc1C	Toll-like receptor 7	34	US Patent	7CYN
COCc1c(C)c(cn2ncnc12)-c1[nH]c2ccc(cc2c1C(C)C)C1CCN(CC(=O)N(C)C)CC1	Toll-like receptor 7	34	US Patent	7CYN
C[C@H](O)CC(=O)N1CCC(CC1)c1ccc2[nH]c(c(C(C)C)c2c1)-c1cn2nc(C)nc2cc1C	Toll-like receptor 7	34	US Patent	7CYN
CC(C)c1c([nH]c2ccc(nc12)N1CCC(CC1)N(Cc1ncnn1C)Cc1ncnn1C)-c1cn2ncnc2c(C)c1C	Toll-like receptor 7	34	US Patent	7CYN
COCc1c(C)c(cn2ncnc12)-c1[nH]c2ccc(cc2c1C(C)C)C1CCN(CC(=O)N(C)C)CC1	Toll-like receptor 7	34	US Patent	7CYN
CC(C)c1c([nH]c2ccc(nc12)C1CN(C)CCO1)-c1cc(C)c(=O)n(C)c1	Toll-like receptor 7	34	US Patent	7CYN
CC(C)c1c([nH]c2ccc(cc12)C1CCN(CC1)C(=O)C1CCN(Cc2ccccc2)C1)-c1ccnc(C)c1	Toll-like receptor 7	34	US Patent	7CYN
CC(C)c1c([nH]c2ccc(nc12)C1CN(C)CCO1)-c1cc(C)c(=O)n(C)c1	Toll-like receptor 7	34	US Patent	7CYN
CC(C)c1c([nH]c2ccc(nc12)N1CCC(CC1)N(Cc1ncnn1C)Cc1ncnn1C)-c1cn2ncnc2c(C)c1C	Toll-like receptor 7	34	US Patent	7CYN
Cc1cc(cc2cn(nc12)C1CCNCC1)-c1cc(C)c(=O)n(C)c1	Toll-like receptor 7	34	ChEMBL	7CYN
CC(C)c1c([nH]c2ccc(nc12)C1CN(C)CCO1)-c1cc(C)c(=O)n(C)c1	Toll-like receptor 7	34	US Patent	7CYN
CC(C)c1c([nH]c2ccc(cc12)-c1nc(co1)C(=O)NCCN1CCOCC1)-c1cc(C)nc(C)c1	Toll-like receptor 7	34	US Patent	7CYN
COc1ccc(cc1OC)-c1[nH]c2ccc(cc2c1C(C)C)-c1ccc(OC2CCN(C)CC2)cc1	Toll-like receptor 7	34	US Patent	7CYN
COc1ccc(cc1OC)-c1[nH]c2ccc(cc2c1C(C)C)-c1nnc(o1)C1CCNC1	Toll-like receptor 7	34	US Patent	7CYN
COc1cc(cn2ncnc12)-c1[nH]c2cnc(cc2c1C(C)C)C1CCC(C1)NCC(C)(C)C	Toll-like receptor 7	34	US Patent	7CYN
COc1ccc(cc1OC)-c1[nH]c2ccc(cc2c1C(C)C)-c1ccc(OCCN2CCCC2)cc1	Toll-like receptor 7	34	US Patent	7CYN
CC(C)c1c([nH]c2cnc(C3CCC(CC3)NCC(C)(C)O)c(C)c12)-c1cn2ncnc2c(C)c1C	Toll-like receptor 7	34	US Patent	7CYN
CC(C)c1c([nH]c2ccc(cc12)-c1nnc(o1)C1CN2CCC1CC2)-c1ccnc(C)c1	Toll-like receptor 7	34	US Patent	7CYN
CC(C)c1c([nH]c2ccc(cc12)-c1nnc(C[C@H]2CCCN2)o1)-c1ccnc(C)c1	Toll-like receptor 7	34	US Patent	7CYN
CC(C)c1c([nH]c2ccc(nc12)N1CCC(CC1)N(Cc1ncnn1C)Cc1ncnn1C)-c1cn2ncnc2c(C)c1C	Toll-like receptor 7	34	US Patent	7CYN
CC(C)c1c([nH]c2ccc(cc12)C1CCNCC1)-c1ccnc(N)c1	Toll-like receptor 7	34.4	US Patent	7CYN
CC(C)c1c([nH]c2ccc(cc12)C1CCNCC1)-c1ccc2ncnn2c1	Toll-like receptor 7	34.5	US Patent	7CYN
CC(C)c1c([nH]c2ccc(cc12)C1CCNCC1)-c1ccc2ncnn2c1	Toll-like receptor 7	34.5	US Patent	7CYN
CC(C)c1c([nH]c2ccc(cc12)C1CCN(CC1)C1COC1)-c1cc(NCC(F)(F)F)c2ncnn2c1	Toll-like receptor 7	34.6	US Patent	7CYN
CC(C)c1c([nH]c2ccc(cc12)C1CCN(CC1)C1COC1)-c1cc(NCC(F)(F)F)c2ncnn2c1	Toll-like receptor 7	34.6	US Patent	7CYN
CC(C)c1c([nH]c2ccc(cc12)C1CCN(CC1)S(=O)(=O)C1CC1)-c1ccnc(C)c1	Toll-like receptor 7	34.9	US Patent	7CYN
CC(C)c1c([nH]c2ccc(nc12)C1CCC(CC1)NCC(=O)N(C)C)-c1cn(CCS(C)(=O)=O)c2ncccc12	Toll-like receptor 7	35	US Patent	7CYN
COc1nc(C)c2nc(-c3ccncc3)n(Cc3ccc(cc3F)C3CN4CCC3CC4)c2n1	Toll-like receptor 7	35	US Patent	7CYN
CC(C)c1c([nH]c2ccc(nc12)C1CCC(CC1)NCC(=O)N(C)C)-c1cn(CCS(C)(=O)=O)c2ncccc12	Toll-like receptor 7	35	US Patent	7CYN
CC(C)c1c([nH]c2ccc(nc12)C1CCC(CC1)NCC(=O)N(C)C)-c1cn(CCS(C)(=O)=O)c2ncccc12	Toll-like receptor 7	35	US Patent	7CYN
CC(C)c1c([nH]c2ccc(cc12)C(C)(C)C(=O)N1CC2(C1)CCNCC2)-c1ccnc(C)c1	Toll-like receptor 7	35	US Patent	7CYN
CC(C)c1c([nH]c2ccc(cc12)C(C)(C)C(=O)NC1CCNCC1)-c1ccnc(C)c1	Toll-like receptor 7	35	US Patent	7CYN
CC(C)c1c([nH]c2ccc(cc12)-c1cc2CCN(C)Cc2s1)-c1ccnc(C)c1	Toll-like receptor 7	35	US Patent	7CYN
COc1cc(cn2ncnc12)-c1[nH]c2cnc(cc2c1C(C)C)C1CCC(C1)NCC1(C)COC1	Toll-like receptor 7	35	US Patent	7CYN
COc1ccc(cc1OC)-c1[nH]c2ccc(cc2c1C(C)C)-c1ccnc(c1)C(=O)N1CCCN(C)CC1	Toll-like receptor 7	35	US Patent	7CYN
CC(C)c1c([nH]c2cnc(N3CCN(CC3)C(C)=O)c(F)c12)-c1cn2ncnc2c(C)c1C	Toll-like receptor 7	35	US Patent	7CYN
CC(C)c1c([nH]c2ccc(cc12)C1CCN(Cc2cc(C)on2)CC1)-c1cc(C)ncc1F	Toll-like receptor 7	35.2	US Patent	7CYN
CC(C)c1c([nH]c2ccc(cc12)C1CCN(Cc2cncnc2)CC1)-c1ccnc(C)c1	Toll-like receptor 7	35.3	US Patent	7CYN
CC(C)c1c([nH]c2ccc(nc12)C1CCC(CC1)N1CC(F)(F)C1)-c1cn2ncnc2c(C)c1C	Toll-like receptor 7	36	US Patent	7CYN
CC(C)N1CCOC(C1)c1ccc2[nH]c(c(C(C)C)c2n1)-c1cc(C)c(=O)n(C)c1	Toll-like receptor 7	36	US Patent	7CYN
COc1nc(C)c2nc(-c3cccnc3)n(Cc3ccc(cc3F)C3CCNCC3)c2n1	Toll-like receptor 7	36	US Patent	7CYN
CCOc1nc(C)c2nc(-c3cncc(F)c3)n(Cc3ccc(cc3OC)C3=CN4CCC3CC4)c2n1	Toll-like receptor 7	36	US Patent	7CYN
CC(C)c1c([nH]c2ccc(nc12)C1CCC(CC1)N1CC(F)(F)C1)-c1cn2ncnc2c(C)c1C	Toll-like receptor 7	36	US Patent	7CYN
CC(C)N1CCOC(C1)c1ccc2[nH]c(c(C(C)C)c2n1)-c1cc(C)c(=O)n(C)c1	Toll-like receptor 7	36	US Patent	7CYN
CC(C)N1CCOC(C1)c1ccc2[nH]c(c(C(C)C)c2n1)-c1cc(C)c(=O)n(C)c1	Toll-like receptor 7	36	US Patent	7CYN
CC(C)c1c([nH]c2cnc(C3CCN(CC(F)(F)F)CC3)c(F)c12)-c1cc(C)c2ncnn2c1	Toll-like receptor 7	36	US Patent	7CYN
CC(C)c1c([nH]c2ccc(nc12)C1CCC(CC1)N1CC(F)(F)C1)-c1cn2ncnc2c(C)c1C	Toll-like receptor 7	36	US Patent	7CYN
COc1ccc(cc1OC)-c1[nH]c2ccc(cc2c1C(C)C)-c1nnc(o1)C1CCN(CC1)C1CCN(CC1)C(C)C	Toll-like receptor 7	36	US Patent	7CYN
CC(C)N1CCCC(C1)c1nnc(o1)-c1ccc2[nH]c(c(C(C)C)c2c1)-c1ccnc(C)c1	Toll-like receptor 7	36	US Patent	7CYN
CC(C)c1c([nH]c2ccc(cc12)C1CCN(Cc2cnc[nH]2)CC1)-c1cc(C)ncc1N	Toll-like receptor 7	36.2	US Patent	7CYN
Cc1cc(cc(C)n1)-c1[nH]c2ccc(cc2c1CC(F)F)C1CCN(Cc2c[nH]cn2)CC1	Toll-like receptor 7	36.2	US Patent	7CYN
CC(C)c1c([nH]c2ccc(cc12)C1CCN(Cc2cnc(C)[nH]2)CC1)-c1ccnc(C)c1	Toll-like receptor 7	36.3	US Patent	7CYN
CC(C)c1c([nH]c2ccc(cc12)C1CCN(C)CC1)-c1ccnc(C)c1C	Toll-like receptor 7	36.4	US Patent	7CYN
FC(F)Cc1c([nH]c2ccc(cc12)C1CCNCC1)-c1ccnc(Cl)c1	Toll-like receptor 7	36.5	US Patent	7CYN
CC(C)c1c([nH]c2ccc(cc12)C1CCN(CC1)C(CF)CF)-c1ccnc(C)c1	Toll-like receptor 7	36.7	US Patent	7CYN
CC(C)c1c([nH]c2ccc(cc12)C1CCN(CC1)C1CC(C)OC(C)C1)-c1ccnc(C)c1	Toll-like receptor 7	36.8	US Patent	7CYN
CC(C)c1c([nH]c2ccc(nc12)N1CCNCC1=O)-c1cn2ncnc2c(C)c1C	Toll-like receptor 7	37	US Patent	7CYN
CNC(=O)C(=O)N1CCC(CC1)c1ccc2[nH]c(c(C(C)C)c2c1)-c1ccnc(C)c1	Toll-like receptor 7	37	US Patent	7CYN
COc1nc(C)c2nc(-c3cncc(c3)C#N)n(Cc3ccc(O[C@@H]4C[C@@H]5CC[C@H](C4)N5)cc3F)c2n1	Toll-like receptor 7	37	US Patent	7CYN
CC(C)c1c([nH]c2ccc(nc12)N1CCNCC1=O)-c1cn2ncnc2c(C)c1C	Toll-like receptor 7	37	US Patent	7CYN
COc1cc(cn2ncnc12)-c1[nH]c2cnc(N3CCN(CC(F)(F)F)C[C@H]3C)c(F)c2c1C(C)C	Toll-like receptor 7	37	US Patent	7CYN
CC(C)NC1CCN(CC1)C(=O)c1ccc(cc1)-c1ccc2[nH]c(c(C(C)C)c2c1)-c1ccnc(C)c1	Toll-like receptor 7	37	US Patent	7CYN
CC(C)c1c([nH]c2ccc(cc12)-c1cnc(s1)C1CCNCC1)-c1ccnc(C)c1	Toll-like receptor 7	37	US Patent	7CYN
CC(C)c1c([nH]c2ccc(nc12)N1CCNCC1=O)-c1cn2ncnc2c(C)c1C	Toll-like receptor 7	37	US Patent	7CYN
CC(C)c1c([nH]c2ccc(cc12)C1CCN(Cc2nc(C)oc2C)CC1)-c1ccc2ncnn2c1	Toll-like receptor 7	37.1	US Patent	7CYN
CC(C)c1c([nH]c2ccc(cc12)C1CCN(Cc2nc(C)oc2C)CC1)-c1ccc2ncnn2c1	Toll-like receptor 7	37.1	US Patent	7CYN
CC(C)c1c([nH]c2ccc(nc12)C1CCC(CC1)NC1COC1)-c1cn(C)c2ncccc12	Toll-like receptor 7	38	US Patent	7CYN
COCc1cc(cn2ncnc12)-c1[nH]c2ccc(nc2c1C(C)C)C1CCC(CC1)NCC(=O)N(C)C	Toll-like receptor 7	38	US Patent	7CYN
CNC1CCC(CC1)c1ccc2[nH]c(-c3cn(CC#N)c4ncccc34)c(C(C)C)c2n1	Toll-like receptor 7	38	US Patent	7CYN
CC(C)c1c([nH]c2ccc(nc12)C1CCNCC1)-c1cc(C)c(=O)n(C)n1	Toll-like receptor 7	38	US Patent	7CYN
CCOc1nc(C)c2nc(-c3cncc(F)c3)n(Cc3ccc(nc3)[C@H]3CN4CCC3CC4)c2n1	Toll-like receptor 7	38	US Patent	7CYN
CC(C)c1c([nH]c2ccc(nc12)C1CCC(CC1)NC1COC1)-c1cn(C)c2ncccc12	Toll-like receptor 7	38	US Patent	7CYN
COCc1cc(cn2ncnc12)-c1[nH]c2ccc(nc2c1C(C)C)C1CCC(CC1)NCC(=O)N(C)C	Toll-like receptor 7	38	US Patent	7CYN
CNC1CCC(CC1)c1ccc2[nH]c(-c3cn(CC#N)c4ncccc34)c(C(C)C)c2n1	Toll-like receptor 7	38	US Patent	7CYN
CC(C)c1c([nH]c2ccc(nc12)C1CCNCC1)-c1cc(C)c(=O)n(C)n1	Toll-like receptor 7	38	US Patent	7CYN
CC(C)c1c([nH]c2ccc(nc12)C1CCNCC1)-c1cc(C)c(=O)n(C)n1	Toll-like receptor 7	38	US Patent	7CYN
CNC1CCC(CC1)c1ccc2[nH]c(-c3cn(CC#N)c4ncccc34)c(C(C)C)c2n1	Toll-like receptor 7	38	US Patent	7CYN
CC(C)c1c([nH]c2ccc(cc12)-c1nnc(o1)[C@@H]1CCCC[C@@H]1N)-c1ccnc(C)c1	Toll-like receptor 7	38	US Patent	7CYN
CC(C)c1c([nH]c2ccc(cc12)-c1nnc(o1)C1CNCCO1)-c1ccnc(C)c1	Toll-like receptor 7	38	US Patent	7CYN
COc1ccc(cc1OC)-c1[nH]c2ccc(cc2c1C(C)C)-c1nnc(CNCCOCCO)o1	Toll-like receptor 7	38	US Patent	7CYN
COCc1cc(cn2ncnc12)-c1[nH]c2ccc(nc2c1C(C)C)C1CCC(CC1)NCC(=O)N(C)C	Toll-like receptor 7	38	US Patent	7CYN
CC(C)c1c([nH]c2ccc(nc12)C1CCC(CC1)NC1COC1)-c1cn(C)c2ncccc12	Toll-like receptor 7	38	US Patent	7CYN
CC(C)c1c([nH]c2ccc(cc12)-c1nc(co1)C(=O)NC1CCCNC1)-c1cc(C)nc(C)c1	Toll-like receptor 7	38	US Patent	7CYN
Cn1nc(-c2ccc(OCC34CCC(N)(CC3)CC4)c(F)c2)c2cnc(N)nc12	Toll-like receptor 7	38	ChEMBL	
CC(C)c1c([nH]c2ccc(cc12)C1CCN(CC2CC2)CC1)-c1ccnc(C)c1	Toll-like receptor 7	38.1	US Patent	7CYN
CC(C)c1c([nH]c2ccc(cc12)C1CCN(CC1)C(=O)c1cscn1)-c1ccnc(C)c1	Toll-like receptor 7	38.2	US Patent	7CYN
CC(C)c1c([nH]c2ccc(cc12)C1CCNCC1)-c1ccncc1	Toll-like receptor 7	38.4	US Patent	7CYN
CC(C)c1c([nH]c2ccc(cc12)C1CCN(Cc2ncn(C)n2)CC1)-c1ccc2ncnn2c1	Toll-like receptor 7	38.5	US Patent	7CYN
CC(C)c1c([nH]c2ccc(cc12)C1CCN(Cc2ncn(C)n2)CC1)-c1ccc2ncnn2c1	Toll-like receptor 7	38.5	US Patent	7CYN
CC(C)c1c([nH]c2ccc(cc12)C1CCN(Cc2ncco2)CC1)-c1cc(C)ncc1C	Toll-like receptor 7	38.7	US Patent	7CYN
CC(C)c1c([nH]c2ccc(cc12)C1CCN(Cc2ncccn2)CC1)-c1cn2ncnc2cc1C	Toll-like receptor 7	38.9	US Patent	7CYN
CC(C)c1c([nH]c2ccc(cc12)C1CCN(Cc2ncccn2)CC1)-c1cn2ncnc2cc1C	Toll-like receptor 7	38.9	US Patent	7CYN
CC(C)c1c([nH]c2ccc(CCC3CN(C3)C3COC3)nc12)-c1cn2ncnc2c(C)c1C	Toll-like receptor 7	39	US Patent	7CYN
CCc1c([nH]c2ccc(cc12)C1CCN(CC1)C(=O)C1CCNC1)-c1ccnc(C)c1	Toll-like receptor 7	39	US Patent	7CYN
CC(C)c1c([nH]c2ccc(cc12)C1CCN(CC1)S(C)(=O)=O)-c1ccnc(C)c1	Toll-like receptor 7	39	US Patent	7CYN
COc1nc(C)c2nc(-c3cccnc3)n(Cc3ccc(cc3F)C3CCN(C)CC3)c2n1	Toll-like receptor 7	39	US Patent	7CYN
CCOc1nc(C)c2nc(-c3cncc(F)c3)n(Cc3cnn(C[C@H]4CN5CC[C@H]4CC5)c3)c2n1	Toll-like receptor 7	39	US Patent	7CYN
CC(C)c1c([nH]c2ccc(CCC3CN(C3)C3COC3)nc12)-c1cn2ncnc2c(C)c1C	Toll-like receptor 7	39	US Patent	7CYN
CC(C)c1c([nH]c2ccc(cc12)-c1nnc(C[C@@H]2CCCN2)o1)-c1ccnc(C)c1	Toll-like receptor 7	39	US Patent	7CYN
COc1ccc(cc1OC)-c1[nH]c2ccc(cc2c1C(C)C)-c1nnc(o1)C1CCCN(C)C1	Toll-like receptor 7	39	US Patent	7CYN
CC(C)NC1CCN(CC1)C(=O)c1nnc(o1)-c1ccc2[nH]c(c(C(C)C)c2c1)-c1cc(C)nc(C)c1	Toll-like receptor 7	39	US Patent	7CYN
CC(C)c1c([nH]c2ccc(CCC3CN(C3)C3COC3)nc12)-c1cn2ncnc2c(C)c1C	Toll-like receptor 7	39	US Patent	7CYN
CCc1c([nH]c2ccc(cc12)C1CCN(CC1)C(=O)C1CCCCN1)-c1ccnc(C)c1	Toll-like receptor 7	39.2	US Patent	7CYN
Cc1nc(CN2CCC(CC2)c2ccc3[nH]c(c(CC(F)F)c3c2)-c2cc(C)nc(C)c2)c[nH]1	Toll-like receptor 7	39.6	US Patent	7CYN
CC(C)c1c([nH]c2ccc(cc12)C1CCN(CC1)C1CCOCC1)-c1ccc2ncnn2c1	Toll-like receptor 7	39.9	US Patent	7CYN
CC(C)c1c([nH]c2ccc(cc12)C1CCN(CC1)C1CCOCC1)-c1ccc2ncnn2c1	Toll-like receptor 7	39.9	US Patent	7CYN
CC(C)c1c([nH]c2ccc(cc12)C1CCN(CC(O)C(F)(F)F)CC1)-c1cc(C)nc(C)c1	Toll-like receptor 7	39.9	US Patent	7CYN
CNC(=O)CN1CCC(CC1)c1ccc2[nH]c(c(C(C)C)c2c1)-c1cc(N2CCS(=O)(=O)CC2)c2ncnn2c1	Toll-like receptor 7	40	US Patent	7CYN
CC(C)c1c([nH]c2ccc(nc12)N1CC(C1)N(C)C1CCOCC1)-c1cn2ncnc2c(C)c1C	Toll-like receptor 7	40	US Patent	7CYN
CC(C)c1c([nH]c2ccc(nc12)N1CC(C1)N1CCOCC1)-c1cn2ncnc2c(C)c1C	Toll-like receptor 7	40	US Patent	7CYN
CNC(=O)CN1CCC(CC1)c1ccc2[nH]c(c(C(C)C)c2c1)-c1cc(N2CCS(=O)(=O)CC2)c2ncnn2c1	Toll-like receptor 7	40	US Patent	7CYN
CC(C)c1c([nH]c2ccc(nc12)C1CC(C1)N(CC1(C)COC1)CC1(C)COC1)-c1cn2ncnc2c(C)c1C	Toll-like receptor 7	40	US Patent	7CYN
CCOc1nc(C)c2nc(-c3cncc(F)c3)n(Cc3cnn(CC4CCN(C)C4)c3)c2n1	Toll-like receptor 7	40	US Patent	7CYN
COc1nc(C)c2nc(-c3ccc(C)nc3)n(Cc3ccc(cc3F)C3CN4CCC3CC4)c2n1	Toll-like receptor 7	40	US Patent	7CYN
CC(C)c1c([nH]c2ccc(nc12)C1CC(C1)N(CC1(C)COC1)CC1(C)COC1)-c1cn2ncnc2c(C)c1C	Toll-like receptor 7	40	US Patent	7CYN
CC(C)c1c([nH]c2ccc(nc12)N1CC(C1)N(C)C1CCOCC1)-c1cn2ncnc2c(C)c1C	Toll-like receptor 7	40	US Patent	7CYN
CC(C)c1c([nH]c2ccc(nc12)N1CC(C1)N1CCOCC1)-c1cn2ncnc2c(C)c1C	Toll-like receptor 7	40	US Patent	7CYN
COc1cc(cn2ncnc12)-c1[nH]c2cnc(C3CCN(CC3)C(=O)CN(C)C)c(C)c2c1C(C)C	Toll-like receptor 7	40	US Patent	7CYN
COc1ccc(cc1OC)-c1[nH]c2ccc(cc2c1C(C)C)-c1nnc(CCN(C)C)o1	Toll-like receptor 7	40	US Patent	7CYN
CC(C)c1c([nH]c2ccc(nc12)C1CC(C1)N(CC1(C)COC1)CC1(C)COC1)-c1cn2ncnc2c(C)c1C	Toll-like receptor 7	40	US Patent	7CYN
CC(C)c1c([nH]c2ccc(nc12)N1CC(C1)N(C)C1CCOCC1)-c1cn2ncnc2c(C)c1C	Toll-like receptor 7	40	US Patent	7CYN
CC(C)c1c([nH]c2ccc(cc12)C(C)(C)C(=O)N[C@@H]1CCCNC1)-c1ccnc(C)c1	Toll-like receptor 7	40	US Patent	7CYN
CC(C)c1c([nH]c2ccc(nc12)N1CC(C1)N1CCOCC1)-c1cn2ncnc2c(C)c1C	Toll-like receptor 7	40	US Patent	7CYN
CC(C)c1c([nH]c2cnc(C3CCC(CC3)NC3COC3)c(C)c12)-c1cn2ncnc2c(C)c1C	Toll-like receptor 7	40	US Patent	7CYN
COc1ccc(cc1OC)-c1[nH]c2ccc(cc2c1C(C)C)C(=O)N1CC2CN(CC2C1)C(C)C	Toll-like receptor 7	40	US Patent	7CYN
CC(C)c1c([nH]c2ccc(CCC3CN(CC4(C)COC4)C3)nc12)-c1cn2ncnc2c(C)c1C	Toll-like receptor 7	41	US Patent	7CYN
CC(C)c1c([nH]c2ccc(CCC3CN(CC4(C)COC4)C3)nc12)-c1cn2ncnc2c(C)c1C	Toll-like receptor 7	41	US Patent	7CYN
CC(C)c1c([nH]c2cnc(N3CCN(CC(N)=O)CC3)c(C)c12)-c1cn2ncnc2c(C)c1C	Toll-like receptor 7	41	US Patent	7CYN
CC(C)c1c([nH]c2ccc(CCC3CN(CC4(C)COC4)C3)nc12)-c1cn2ncnc2c(C)c1C	Toll-like receptor 7	41	US Patent	7CYN
CN(C)C(=O)CNC12CCC(Cn3nc(C)c4CN(CCc34)c3cc(C)nc4n(C)ncc34)(CC1)CC2	Toll-like receptor 7	41	ChEMBL	7CYN
CC(C)c1c([nH]c2ccc(cc12)-c1ccc(nc1)N1CCCC1)-c1cc(C)nc(C)c1	Toll-like receptor 7	41	US Patent	7CYN
COc1cc(cn2ncnc12)-c1[nH]c2cnc(cc2c1C(C)C)C1CCC(C1)NCC(C)(C)C	Toll-like receptor 7	41	US Patent	7CYN
COc1cc(cn2ncnc12)-c1[nH]c2cnc(cc2c1C(C)C)C1CCC(C1)NCC(C)(C)OC	Toll-like receptor 7	41	US Patent	7CYN
CC(C)c1c([nH]c2ccc(cc12)C1CCN(Cc2cnc(C)nc2)CC1)-c1cn2ncnc2cc1C	Toll-like receptor 7	41.4	US Patent	7CYN
CC(C)c1c([nH]c2ccc(cc12)C1CCN(Cc2cnc(C)nc2)CC1)-c1cn2ncnc2cc1C	Toll-like receptor 7	41.4	US Patent	7CYN
CC(C)c1c([nH]c2ccc(cc12)C1CCN(Cc2ncco2)CC1)-c1cn2ncnc2cc1C	Toll-like receptor 7	41.5	US Patent	7CYN
CC(C)c1c([nH]c2ccc(cc12)C1CCN(Cc2ncco2)CC1)-c1cn2ncnc2cc1C	Toll-like receptor 7	41.5	US Patent	7CYN
COc1cc(ccn1)-c1[nH]c2ccc(cc2c1C(C)C)C1CCN(CC1)C(=O)CN(C)C	Toll-like receptor 7	41.6	US Patent	7CYN
CC(C)c1c([nH]c2ccc(nc12)C1CCC(CC1)N(CCC#N)C1CC1)-c1cn2ncnc2c(C)c1C	Toll-like receptor 7	42	US Patent	7CYN
CC(C)c1c([nH]c2ccc(CCC3CN(CCS(C)(=O)=O)C3)nc12)-c1cn2ncnc2c(C)c1C	Toll-like receptor 7	42	US Patent	7CYN
CC(C)c1c([nH]c2ccc(nc12)C1CCC(CC1)N(CCC#N)C1CC1)-c1cn2ncnc2c(C)c1C	Toll-like receptor 7	42	US Patent	7CYN
CC(C)c1c([nH]c2ccc(CCC3CN(CCS(C)(=O)=O)C3)nc12)-c1cn2ncnc2c(C)c1C	Toll-like receptor 7	42	US Patent	7CYN
CC(C)c1c([nH]c2ccc(cc12)C(C)(C)C(=O)N(C)C1CCCNC1)-c1ccnc(C)c1	Toll-like receptor 7	42	US Patent	7CYN
CC(C)c1c([nH]c2ccc(nc12)C1CCC(CC1)N(CCC#N)C1CC1)-c1cn2ncnc2c(C)c1C	Toll-like receptor 7	42	US Patent	7CYN
COc1cc(cn2ncnc12)-c1[nH]c2cnc(cc2c1C(C)C)C1CCC(C1)NC1COC1	Toll-like receptor 7	42	US Patent	7CYN
CC(C)c1c([nH]c2ccc(CCC3CN(CCS(C)(=O)=O)C3)nc12)-c1cn2ncnc2c(C)c1C	Toll-like receptor 7	42	US Patent	7CYN
CNCC(=O)N1CCC(CC1)c1nnc(o1)-c1ccc2[nH]c(c(C(C)C)c2c1)-c1ccc(OC)c(OC)c1	Toll-like receptor 7	42	US Patent	7CYN
CC(C)COc1cc(cn2ncnc12)-c1[nH]c2ccc(cc2c1C(C)C)C1CCNCC1	Toll-like receptor 7	42.1	US Patent	7CYN
CC(C)c1c([nH]c2ccc(cc12)C1CCN(Cc2ccnn2C)CC1)-c1cn2ncnc2cc1C	Toll-like receptor 7	42.1	US Patent	7CYN
CC(C)COc1cc(cn2ncnc12)-c1[nH]c2ccc(cc2c1C(C)C)C1CCNCC1	Toll-like receptor 7	42.1	US Patent	7CYN
CC(C)c1c([nH]c2ccc(cc12)C1CCN(Cc2ccnn2C)CC1)-c1cn2ncnc2cc1C	Toll-like receptor 7	42.1	US Patent	7CYN
CC(C)c1c([nH]c2ccc(cc12)C1CCN(Cc2nncn2C)CC1)-c1cc(C)ncc1C	Toll-like receptor 7	42.3	US Patent	7CYN
CC(C)c1c([nH]c2ccc(cc12)C1CCN(CC1)C1COC1)-c1cn2nc(C)nc2cc1C	Toll-like receptor 7	42.4	US Patent	7CYN
CC(C)c1c([nH]c2ccc(cc12)C1CCN(CC1)C1COC1)-c1cn2nc(C)nc2cc1C	Toll-like receptor 7	42.4	US Patent	7CYN
CC(C)c1c([nH]c2ccc(cc12)C1CCN(CC1)C(C)=O)-c1ccnc(C)c1	Toll-like receptor 7	42.6	US Patent	7CYN
COc1cc(ccn1)-c1[nH]c2ccc(cc2c1C(C)C)C1CCN(Cc2c[nH]c(C)n2)CC1	Toll-like receptor 7	42.7	US Patent	7CYN
CC(C)c1c([nH]c2ccc(CCC3CNC3)nc12)-c1cn2ncnc2c(C)c1C	Toll-like receptor 7	43	US Patent	7CYN
CC(C)c1c([nH]c2ccc(cc12)C1CCN(CC1)C(C)=O)-c1cc(C)ncc1C	Toll-like receptor 7	43	US Patent	7CYN
CCc1c([nH]c2ccc(cc12)C1CCN(CC1)C(=O)C1CCN(C)CC1)-c1ccnc(C)c1	Toll-like receptor 7	43	US Patent	7CYN
COc1nc(C)c2nc(-c3cnccn3)n(Cc3ccc(cc3F)C3CN4CCC3CC4)c2n1	Toll-like receptor 7	43	US Patent	7CYN
CCOc1nc(N)c2nc(-c3cncc(F)c3)n(Cc3ccc(CN4C[C@@H]5C[C@H]4CN5C4CC4)cc3)c2n1	Toll-like receptor 7	43	US Patent	7CYN
CC(C)c1c([nH]c2ccc(CCC3CNC3)nc12)-c1cn2ncnc2c(C)c1C	Toll-like receptor 7	43	US Patent	7CYN
CC(C)c1c([nH]c2cnc(N3CCN(CC(F)(F)F)C[C@H]3C)c(F)c12)-c1cn2ncnc2c(C)c1C	Toll-like receptor 7	43	US Patent	7CYN
CNCCN1CCC(CC1)c1ccc2[nH]c(c(C(C)C)c2c1)-c1ccc(OC)c(OC)c1	Toll-like receptor 7	43	ChEMBL	
CC(C)N1CCCC(C1)c1nnc(o1)-c1ccc2[nH]c(c(CC(F)F)c2c1)-c1cc(C)nc(C)c1	Toll-like receptor 7	43	US Patent	7CYN
CC(C)N1CCC(CC1)NC(=O)c1nnc(o1)-c1ccc2[nH]c(c(C(C)C)c2c1)-c1ccc2nccn2c1	Toll-like receptor 7	43	US Patent	7CYN
CC(C)c1c([nH]c2ccc(CCC3CNC3)nc12)-c1cn2ncnc2c(C)c1C	Toll-like receptor 7	43	US Patent	7CYN
COc1ccc(cc1OC)-c1[nH]c2ccc(cc2c1C(C)C)C(=O)N1C[C@@H]2C[C@H]1CN2	Toll-like receptor 7	43	US Patent	7CYN
CC(C)c1c([nH]c2ccc(cc12)C1CCN(CC(=O)N(C)C)CC1)-c1cc(N2CCS(=O)(=O)CC2)c2ncnn2c1	Toll-like receptor 7	43.1	US Patent	7CYN
CC(C)c1c([nH]c2ccc(cc12)C1CCN(CC(=O)N(C)C)CC1)-c1cc(N2CCS(=O)(=O)CC2)c2ncnn2c1	Toll-like receptor 7	43.1	US Patent	7CYN
CC(C)N1CCCC(C1)c1nnc(o1)-c1ccc2[nH]c(c(C(C)C)c2c1)-c1ccnc(C)c1	Toll-like receptor 7	44	US Patent	7CYN
COc1ccc(cc1OC)-c1[nH]c2ccc(cc2c1C(C)C)-c1nnc(C[C@@H]2CCCCN2)o1	Toll-like receptor 7	44	US Patent	7CYN
CC(C)N1CCC(CC1)NC(=O)c1nnc(s1)-c1ccc2[nH]c(c(C(C)C)c2c1)-c1ccnc(C)c1	Toll-like receptor 7	44	US Patent	7CYN
CNC(=O)CN1CC2(C1)CN(C2)c1ncc2[nH]c(c(C(C)C)c2c1F)-c1cn2ncnc2c(C)c1C	Toll-like receptor 7	44	US Patent	7CYN
CC(C)c1c([nH]c2ccc(cc12)C1CCN(CC1)C(=O)C(O)=O)-c1cc(C)nc(C)c1	Toll-like receptor 7	44.1	US Patent	7CYN
CC(C)c1c([nH]c2ccc(cc12)C1CCN(CC1)C1CCN(C)CC1)-c1ccncc1	Toll-like receptor 7	44.3	US Patent	7CYN
CC(C)C1CC(CCO1)C(=O)N1CCC(CC1)c1ccc2[nH]c(c(C(C)C)c2c1)-c1cc(C)nc(C)c1	Toll-like receptor 7	44.4	US Patent	7CYN
CCc1c([nH]c2ccc(cc12)C1CCN(CC2CCN(CC2)C(C)C)CC1)-c1ccnc(C)c1	Toll-like receptor 7	44.7	US Patent	7CYN
CC(C)c1c([nH]c2ccc(nc12)C1CCC(CC1)NC1CCOCC1)-c1cn(CCS(C)(=O)=O)c2ncccc12	Toll-like receptor 7	45	US Patent	7CYN
CC(C)c1c([nH]c2ccc(nc12)C1CCC(CC1)NC1CCOCC1)-c1cn(CCS(C)(=O)=O)c2ncccc12	Toll-like receptor 7	45	US Patent	7CYN
CNC(=O)c1ccc2[nH]c(c(C(C)C)c2c1)-c1cc(C)nc(C)c1	Toll-like receptor 7	45	US Patent	7CYN
CC(C)c1c([nH]c2ccc(nc12)C1CCC(CC1)NC1CCOCC1)-c1cn(CCS(C)(=O)=O)c2ncccc12	Toll-like receptor 7	45	US Patent	7CYN
CC(C)c1c([nH]c2ccc(cc12)-c1ccnc2[nH]ncc12)-c1ccnc2[nH]ncc12	Toll-like receptor 7	45	US Patent	7CYN
COc1ccc(cc1OC)-c1[nH]c2ccc(cc2c1C(C)C)C(=O)N1CCCN(C)CC1	Toll-like receptor 7	45	US Patent	7CYN
CC(C)c1c([nH]c2ccc(cc12)-c1ccnc(c1)N1CCNCC1)-c1ccnc(C)c1	Toll-like receptor 7	45	US Patent	7CYN
CC(C)c1c([nH]c2ccc(cc12)-c1nnc([nH]1)C1CCCNC1)-c1ccnc(C)c1	Toll-like receptor 7	45	US Patent	7CYN
Cn1ncc2c(nc(N)nc12)-c1ccc(OCC23CCC(N)(CC2)CC3)c(F)c1	Toll-like receptor 7	45	ChEMBL	7CYN
CC(C)c1c([nH]c2ccc(cc12)-c1nnc(o1)[C@H]1CCCNC1)-c1ccnc2[nH]ncc12	Toll-like receptor 7	45	US Patent	7CYN
CC(C)c1c([nH]c2ccc(cc12)-c1ccc(nc1)N1CCN(C)CC1)-c1ccnc(C)c1	Toll-like receptor 7	45	US Patent	7CYN
CC(C)c1c([nH]c2ccc(cc12)-c1ccc(nc1)N1CCNCC1)-c1ccc2nc(C)cn2c1	Toll-like receptor 7	45	US Patent	7CYN
CC(C)c1c([nH]c2ccc(cc12)C1CCN(CC1)C(=O)C1CCOCC1)-c1ccnc(C)c1	Toll-like receptor 7	45.6	US Patent	7CYN
CC(C)c1c([nH]c2ccc(cc12)C1CCN(CC(F)F)CC1)-c1cc(C)ncc1F	Toll-like receptor 7	45.7	US Patent	7CYN
CC(C)c1c([nH]c2ccc(nc12)C1CCC(CC1)N(CCO)CC(=O)N(C)C)-c1cn2ncnc2c(C)c1C	Toll-like receptor 7	46	US Patent	7CYN
COc1ccc2[nH]c(c(C(C)C)c2n1)-c1cc(OC)c2ncnn2c1	Toll-like receptor 7	46	US Patent	7CYN
CC(C)c1c([nH]c2ccc(nc12)C1CC(C1)N(C)CCS(C)(=O)=O)-c1cn2ncnc2c(C)c1C	Toll-like receptor 7	46	US Patent	7CYN
CC(C)c1c([nH]c2ccc(nc12)C1CCC(CC1)N(CCO)CC(=O)N(C)C)-c1cn2ncnc2c(C)c1C	Toll-like receptor 7	46	US Patent	7CYN
COc1ccc2[nH]c(c(C(C)C)c2n1)-c1cc(OC)c2ncnn2c1	Toll-like receptor 7	46	US Patent	7CYN
CC(C)c1c([nH]c2ccc(nc12)C1CC(C1)N(C)CCS(C)(=O)=O)-c1cn2ncnc2c(C)c1C	Toll-like receptor 7	46	US Patent	7CYN
CC(C)c1c([nH]c2ccc(nc12)C1CC(C1)N(C)CCS(C)(=O)=O)-c1cn2ncnc2c(C)c1C	Toll-like receptor 7	46	US Patent	7CYN
CC(C)c1c([nH]c2ccc(nc12)C1CCC(CC1)N(CCO)CC(=O)N(C)C)-c1cn2ncnc2c(C)c1C	Toll-like receptor 7	46	US Patent	7CYN
Cc1cc(-c2ccc(OCC34CCC(N)(CC3)CC4)c(F)c2)c2cnc(N)nn12	Toll-like receptor 7	46	ChEMBL	7CYN
CNCCc1nnc(o1)-c1ccc2[nH]c(c(C(C)C)c2c1)-c1ccc2ncnn2c1	Toll-like receptor 7	46	US Patent	7CYN
CC(C)N1CCC(CC1)NC(=O)c1coc(n1)-c1ccc2[nH]c(c(C(C)C)c2c1)-c1ccnc(C)c1	Toll-like receptor 7	46	US Patent	7CYN
CC(C)c1c([nH]c2ccc(cc12)C(=O)N(C)Cc1cccnc1)-c1cc(C)nc(C)c1	Toll-like receptor 7	46	US Patent	7CYN
CC(C)c1c([nH]c2cnc(N3CC4(CN(CC5(C)COC5)C4)C3)c(F)c12)-c1cn2ncnc2c(C)c1C	Toll-like receptor 7	46	US Patent	7CYN
COc1ccc2[nH]c(c(C(C)C)c2n1)-c1cc(OC)c2ncnn2c1	Toll-like receptor 7	46	US Patent	7CYN
CC(C)c1c([nH]c2ccc(cc12)C(C)C(=O)N1CCC2(CCN(C)C2)CC1)-c1ccnc(C)c1	Toll-like receptor 7	46	US Patent	7CYN
CC(C)c1c([nH]c2ccc(cc12)C1CCNCC1)-c1ccnc(c1)C1CC1	Toll-like receptor 7	46.2	US Patent	7CYN
CC(C)c1c([nH]c2ccc(cc12)C1CCN(CC(=O)NCCC(C)(C)C)CC1)-c1cc(C)nc(C)c1	Toll-like receptor 7	46.5	US Patent	7CYN
CC(C)c1c([nH]c2ccc(cc12)-c1nnc(CCN(C)C)o1)-c1ccnc(C)c1	Toll-like receptor 7	47	US Patent	7CYN
CC(C)c1c([nH]c2cnc(N3CC4(CN(C)C4)C3)c(F)c12)-c1cn2ncnc2c(C)c1C	Toll-like receptor 7	47	US Patent	7CYN
COc1ccc(cc1OC)-c1[nH]c2ccc(cc2c1CC(F)(F)F)-c1nnc(o1)[C@@H]1CCCNC1	Toll-like receptor 7	47	US Patent	7CYN
CC(C)c1c([nH]c2ccc(cc12)-c1nnc(o1)C1CN2CCC1CC2)-c1ccnc(C)c1	Toll-like receptor 7	47	US Patent	7CYN
COc1cc(cn2ncnc12)-c1[nH]c2cnc(C3CCN(CC(F)(F)F)CC3)c(F)c2c1C(C)C	Toll-like receptor 7	47	US Patent	7CYN
CC(C)c1c([nH]c2ccc(cc12)C1CCNCC1)-c1cc(N2CCN(C)CC2)c2ncnn2c1	Toll-like receptor 7	47.3	US Patent	7CYN
CC(C)c1c([nH]c2ccc(cc12)C1CCNCC1)-c1cc(N2CCN(C)CC2)c2ncnn2c1	Toll-like receptor 7	47.3	US Patent	7CYN
CC(C)c1c([nH]c2ccc(cc12)C1CCN(CC1)C(=O)CCn1nc(C)cc1C)-c1cc(C)nc(C)c1	Toll-like receptor 7	47.4	US Patent	7CYN
CNC1CCC(CC1)c1ccc2[nH]c(-c3cn(C)c4nccnc34)c(C(C)C)c2n1	Toll-like receptor 7	48	US Patent	7CYN
CNC1CCC(CC1)c1ccc2[nH]c(-c3cn(C)c4nccnc34)c(C(C)C)c2n1	Toll-like receptor 7	48	US Patent	7CYN
CC(C)c1c([nH]c2cnc(N3CC4(CN(CC#N)C4)C3)c(F)c12)-c1cn2ncnc2c(C)c1C	Toll-like receptor 7	48	US Patent	7CYN
CNC1CCC(CC1)c1ccc2[nH]c(-c3cn(C)c4nccnc34)c(C(C)C)c2n1	Toll-like receptor 7	48	US Patent	7CYN
CC(C)c1c([nH]c2ccc(cc12)-c1cn2CCNCc2n1)-c1cc(C)nc(C)c1	Toll-like receptor 7	48	US Patent	7CYN
CC(C)N1CCCC(C1)c1nnc(o1)-c1ccc2[nH]c(c(CC(F)F)c2c1)-c1cc(C)nc(C)c1	Toll-like receptor 7	48	US Patent	7CYN
CNC(=O)CN1CCC(CC1)c1ccc2[nH]c(c(C(C)C)c2c1)-c1cc(NS(=O)(=O)C2CC2)c2ncnn2c1	Toll-like receptor 7	48.2	US Patent	7CYN
CNC(=O)CN1CCC(CC1)c1ccc2[nH]c(c(C(C)C)c2c1)-c1cc(NS(=O)(=O)C2CC2)c2ncnn2c1	Toll-like receptor 7	48.2	US Patent	7CYN
CC(C)c1c([nH]c2ccc(cc12)C1CCN(CC1)C(=O)C1(C)CC1)-c1ccnc(C)c1	Toll-like receptor 7	48.6	US Patent	7CYN
C[C@@H](O)CC(=O)N1CCC(CC1)c1ccc2[nH]c(c(C(C)C)c2c1)-c1ccc2nc(C)nn2c1	Toll-like receptor 7	48.8	US Patent	7CYN
C[C@@H](O)CC(=O)N1CCC(CC1)c1ccc2[nH]c(c(C(C)C)c2c1)-c1ccc2nc(C)nn2c1	Toll-like receptor 7	48.8	US Patent	7CYN
CC(C)c1c([nH]c2ccc(CCC3CN(CC(C)(C)O)C3)nc12)-c1cn2ncnc2c(C)c1C	Toll-like receptor 7	49	US Patent	7CYN
CCC(=O)N1CCC(CC1)c1ccc2[nH]c(c(C(C)C)c2c1)-c1ccnc(C)c1	Toll-like receptor 7	49	US Patent	7CYN
COc1cc(cc(n1)C1CC1)-c1[nH]c2ccc(cc2c1C(C)C)C1CCNCC1	Toll-like receptor 7	49	US Patent	7CYN
CCOc1nc(C)c2nc(-c3cncc(F)c3)n(Cc3ccc(cc3)C3CCN(C)C3)c2n1	Toll-like receptor 7	49	US Patent	7CYN
CC(C)c1c([nH]c2ccc(CCC3CN(CC(C)(C)O)C3)nc12)-c1cn2ncnc2c(C)c1C	Toll-like receptor 7	49	US Patent	7CYN
CC(C)N1CC2CN(CC2C1)C(=O)c1ccc2[nH]c(c(C(C)C)c2c1)-c1cc(C)nc(C)c1	Toll-like receptor 7	49	US Patent	7CYN
COc1ccc(cc1OC)-c1[nH]c2ccc(cc2c1C(C)C)-c1ccc(nc1)N1CCNCC1	Toll-like receptor 7	49	US Patent	7CYN
CC(C)c1c([nH]c2ccc(CCC3CN(CC(C)(C)O)C3)nc12)-c1cn2ncnc2c(C)c1C	Toll-like receptor 7	49	US Patent	7CYN
CC(C)c1c([nH]c2ccc(cc12)-c1nc(co1)C(=O)N1CC2CNCC2C1)-c1ccnc(C)c1	Toll-like receptor 7	49	US Patent	7CYN
CCN(CCN(C)C)C(=O)c1ccc2[nH]c(c(CC)c2c1)-c1ccnc(C)c1	Toll-like receptor 7	49	US Patent	7CYN
CC(C)c1c([nH]c2ccc(cc12)-c1nc(co1)C(=O)NCC1CCNC1)-c1cc(C)nc(C)c1	Toll-like receptor 7	49	US Patent	7CYN
COc1ccc(cc1OC)-c1[nH]c2ccc(cc2c1C(C)C)-c1nnc(o1)C(=O)N(C)CCCN(C)C	Toll-like receptor 7	49	US Patent	7CYN
CNC(=O)CN1CCC(CC1)c1cc2c(C(C)C)c([nH]c2cn1)-c1cn2ncnc2c(C)c1C	Toll-like receptor 7	49	US Patent	7CYN
CC(C)c1c([nH]c2ccc(cc12)C1CCN(CC2CCCCC2)CC1)-c1cc(C)nc(C)c1	Toll-like receptor 7	49.8	US Patent	7CYN
CCOc1nc(C)c2nc(-c3cncc(F)c3)n(Cc3cnn(c3)C3CCN(C)CC3)c2n1	Toll-like receptor 7	50	US Patent	7CYN
COc1nc(C)c2nc(-c3cccnc3)n(Cc3ccc(OC4CC5CCC(C4)N5C)cc3F)c2n1	Toll-like receptor 7	50	US Patent	7CYN
COc1nc(C)c2nc(-c3cncc(F)c3)n(Cc3ccc(OC4CN(C)C4)cc3F)c2n1	Toll-like receptor 7	50	US Patent	7CYN
CCOc1nc(N)c2nc(-c3cncc(F)c3)n(Cc3ccc(CN4[C@H]5CC[C@@H]4CN(C)C5)cc3)c2n1	Toll-like receptor 7	50	US Patent	7CYN
Nc1nc2ccccc2c2n(Cc3ccccc3)c(CCCc3nc4c(N)nc5ccccc5c4n3Cc3ccccc3)nc12	Toll-like receptor 7	50	ChEMBL	7CYN
CC(C)N1CCc2cc(sc2C1)-c1ccc2[nH]c(c(C(C)C)c2c1)-c1ccnc(C)c1	Toll-like receptor 7	50	US Patent	7CYN
CC(C)c1c([nH]c2ccc(cc12)C(=O)NCCCN(C)C)-c1cc(C)nc(C)c1	Toll-like receptor 7	50	US Patent	7CYN
CC(C)N1CCC(CC1)NC(=O)c1nnc(o1)-c1ccc2[nH]c(c(C(C)C)c2c1)-c1ccnc(C)c1	Toll-like receptor 7	50	US Patent	7CYN
Nc1nc2ccccc2c2n(Cc3ccccc3)c(CCCc3nc4c(N)nc5ccccc5c4n3Cc3ccccc3)nc12	Toll-like receptor 7	50	ChEMBL	7CYN
Nc1nc2ccccc2c2n(Cc3ccccc3)c(CCCc3nc4c(N)nc5ccccc5c4n3Cc3ccccc3)nc12	Toll-like receptor 7	50	ChEMBL	7CYN
CC(C)N1CCC(CC1)NC(=O)c1ccc2[nH]c(c(C(C)C)c2c1)-c1ccnc(C)c1	Toll-like receptor 7	50	US Patent	7CYN
Nc1nc2ccccc2c2n(Cc3ccccc3)c(CCCc3nc4c(N)nc5ccccc5c4n3Cc3ccccc3)nc12	Toll-like receptor 7	50	ChEMBL	7CYN
Nc1nc2ccccc2c2n(Cc3ccccc3)c(CCCc3nc4c(N)nc5ccccc5c4n3Cc3ccccc3)nc12	Toll-like receptor 7	50	ChEMBL	7CYN
Nc1nc2ccccc2c2n(Cc3ccccc3)c(CCCc3nc4c(N)nc5ccccc5c4n3Cc3ccccc3)nc12	Toll-like receptor 7	50	ChEMBL	7CYN
CC(C)c1c([nH]c2ccc(cc12)-c1nnc(o1)C(C)CN)-c1ccnc(C)c1	Toll-like receptor 7	50	US Patent	7CYN
COc1ccc(cc1OC)-c1[nH]c2ccc(cc2c1C(C)C)-c1cnc(cc1C)N1CCNCC1	Toll-like receptor 7	50	US Patent	7CYN
CC(C)c1c([nH]c2ccc(cc12)C(C)C(=O)N(C)C1CN2CCC1CC2)-c1ccnc(C)c1	Toll-like receptor 7	50	US Patent	7CYN
CC(C)c1c([nH]c2ccc(cc12)C1CCN(CC1)c1ccccn1)-c1cn2ncnc2c(C)c1C	Toll-like receptor 7	50.5	US Patent	7CYN
CC(C)c1c([nH]c2ccc(cc12)C1CCN(CC1)c1ccccn1)-c1cn2ncnc2c(C)c1C	Toll-like receptor 7	50.5	US Patent	7CYN
CC(C)c1c([nH]c2ccc(cc12)C1CCN(CC1)C(=O)CN(C)C)-c1cc(N2CCS(=O)(=O)CC2)c2ncnn2c1	Toll-like receptor 7	50.6	US Patent	7CYN
CC(C)c1c([nH]c2ccc(cc12)C1CCN(CC1)C(=O)CN(C)C)-c1cc(N2CCS(=O)(=O)CC2)c2ncnn2c1	Toll-like receptor 7	50.6	US Patent	7CYN
CC(C)N1CCC(CC1)N1CCC(CC1)c1ccc2[nH]c(c(C)c2c1)-c1cc(C)ncc1C	Toll-like receptor 7	50.7	US Patent	7CYN
CC(C)c1c([nH]c2ccc(cc12)C1CCN(CC1)C1COC1)-c1cn2ncnc2cc1CO	Toll-like receptor 7	51	US Patent	7CYN
CC(C)c1c([nH]c2ccc(cc12)C1CCN(CC1)C1COC1)-c1cn2ncnc2cc1CO	Toll-like receptor 7	51	US Patent	7CYN
COc1cc(ccn1)-c1[nH]c2ccc(cc2c1C(C)C)C1CCN(CC1)C1CCOCC1	Toll-like receptor 7	51	US Patent	7CYN
CCOc1nc(N)c2nc(-c3cncc(F)c3)n(Cc3ccc(O[C@H]4CN5CCC4CC5)cc3)c2n1	Toll-like receptor 7	51	US Patent	7CYN
CCOc1nc(N)c2nc(-c3cncc(F)c3)n(Cc3ccc(CN4CCN5CCC4C5)cc3)c2n1	Toll-like receptor 7	51	US Patent	7CYN
CC(C)c1c([nH]c2ccc(cc12)C(C)C(=O)N[C@@H]1CCCNC1)-c1ccnc(C)c1	Toll-like receptor 7	51	US Patent	7CYN
Cc1nn(CC23CCC(CC2)(CC3)NC(=O)[C@@H]2COCCN2)c2CCN(Cc12)c1cc(C)nc2n(C)ncc12	Toll-like receptor 7	51	ChEMBL	
COCCN(C)C(=O)c1ccc2[nH]c(c(C(C)C)c2c1)-c1cc(C)nc(C)c1	Toll-like receptor 7	51	US Patent	7CYN
COc1ccc(cc1OC)-c1[nH]c2ccc(cc2c1C(C)C)-c1nnc(o1)C(=O)N1CC2CNCC2C1	Toll-like receptor 7	51	US Patent	7CYN
CC(C)c1c([nH]c2ccc(cc12)-c1nnc([nH]1)C1CCCN(C1)C(=O)CN(C)C)-c1ccnc(C)c1	Toll-like receptor 7	51	US Patent	7CYN
CC(C)c1c([nH]c2ccc(cc12)C1CCN(CC1)C(=O)C1CN(C)C(=O)C1)-c1ccnc(C)c1	Toll-like receptor 7	51.1	US Patent	7CYN
CC(C)c1c([nH]c2ccc(cc12)C1CCN(Cc2nnc(o2)C2CC2)CC1)-c1cc(C)nc(C)c1	Toll-like receptor 7	51.2	US Patent	7CYN
CC(C)c1c([nH]c2ccc(cc12)C1CCN(CC1)C(=O)CS(C)(=O)=O)-c1ccnc(C)c1	Toll-like receptor 7	51.4	US Patent	7CYN
CC(C)c1c([nH]c2ccc(nc12)C1CCC(CC1)NC1(CCCC1)C(=O)N(C)C)-c1cn2ncnc2c(C)c1C	Toll-like receptor 7	52	US Patent	7CYN
CC(C)c1c([nH]c2ccc(cc12)C1CCN(CC1)C(=O)C1CN(C)C(=O)C1)-c1cc(C)nc(c1)C1CC1	Toll-like receptor 7	52	US Patent	7CYN
CC(C)c1c([nH]c2ccc(nc12)C1CCC(CC1)NC1(CCCC1)C(=O)N(C)C)-c1cn2ncnc2c(C)c1C	Toll-like receptor 7	52	US Patent	7CYN
CC(C)c1c([nH]c2ccc(cc12)C(C)(C)C(=O)N[C@H]1CCNC1)-c1ccnc(C)c1	Toll-like receptor 7	52	US Patent	7CYN
CC(C)c1c([nH]c2ccc(cc12)-c1nnc(o1)C1CCCN(C)C1)-c1ccnc2[nH]ncc12	Toll-like receptor 7	52	US Patent	7CYN
CC(C)c1c([nH]c2ccc(nc12)C1CCC(CC1)NC1(CCCC1)C(=O)N(C)C)-c1cn2ncnc2c(C)c1C	Toll-like receptor 7	52	US Patent	7CYN
CCc1c([nH]c2ccc(cc12)C1CCN(CC1)C(=O)C1CN(C)C(=O)C1)-c1cc(C)nc(C)c1	Toll-like receptor 7	52.2	US Patent	7CYN
CC(C)c1c([nH]c2ccc(cc12)C1CCNCC1)-c1cc(C)ncc1CO	Toll-like receptor 7	52.7	US Patent	7CYN
COc1cc(cn2ncnc12)-c1[nH]c2cc(C)c(nc2c1C(C)C)C(=O)N1CCN(CC1)C(C)=O	Toll-like receptor 7	53	US Patent	7CYN
CCOc1nc(C)c2nc(-c3cncc(F)c3)n(Cc3ccc(nc3C)C3CN4CCC3CC4)c2n1	Toll-like receptor 7	53	US Patent	7CYN
CCOc1nc(N)c2nc(-c3cncc(F)c3)n(Cc3ccc(cc3)C3CCN(C)CC3)c2n1	Toll-like receptor 7	53	US Patent	7CYN
COc1cc(cn2ncnc12)-c1[nH]c2cc(C)c(nc2c1C(C)C)C(=O)N1CCN(CC1)C(C)=O	Toll-like receptor 7	53	US Patent	7CYN
Cn1nc(-c2ccc(OCCCC3CCNCC3)c(F)c2)c2cnc(N)nc12	Toll-like receptor 7	53	ChEMBL	7CYN
CC(C)c1c([nH]c2ccc(cc12)C(C)(C)C(=O)N1CCCC(CN)C1)-c1ccnc(C)c1	Toll-like receptor 7	53	US Patent	7CYN
CC(C)c1c([nH]c2ccc(cc12)-c1cc2CCN(Cc2s1)C(=O)CS(C)(=O)=O)-c1cc(C)nc(C)c1	Toll-like receptor 7	53	US Patent	7CYN
CC(C)c1c([nH]c2ccc(cc12)-c1nnc(N)o1)-c1ccnc(C)c1	Toll-like receptor 7	53	US Patent	7CYN
CNCC(=O)N1CCC(CC1)c1ncc2[nH]c(c(C(C)C)c2c1C)-c1cc(OC)c2ncnn2c1	Toll-like receptor 7	53	US Patent	7CYN
COc1cc(cn2ncnc12)-c1[nH]c2cc(C)c(nc2c1C(C)C)C(=O)N1CCN(CC1)C(C)=O	Toll-like receptor 7	53	US Patent	7CYN
CC(C)c1c([nH]c2ccc(cc12)-c1nnc(o1)C1CCNCC1)-c1ccnc(C)c1	Toll-like receptor 7	53	US Patent	7CYN
CC(C)c1c([nH]c2ccc(cc12)C1CCN(CC2CCCCC2)CC1)-c1ccnc(C)c1	Toll-like receptor 7	53.5	US Patent	7CYN
CCC[C@@H](CO)Nc1nc(N)nc2cnn(Cc3ccc(CNC4CCOCC4)cc3OC)c12	Toll-like receptor 7	54	ChEMBL	7CYN
CC(C)c1c([nH]c2ccc(cc12)C(=O)N(C)Cc1cccc(N)c1)-c1cc(C)nc(C)c1	Toll-like receptor 7	54	US Patent	7CYN
CC(C)c1c([nH]c2ccc(cc12)-c1nnc(o1)[C@@H]1CCCNC1)-c1ccnc2[nH]ncc12	Toll-like receptor 7	54	US Patent	7CYN
CC(C)c1c([nH]c2ccc(cc12)C(C)(C)C(=O)NCC1(O)CN2CCC1CC2)-c1ccnc(C)c1	Toll-like receptor 7	54	US Patent	7CYN
CCc1c([nH]c2ccc(cc12)C1CCN(CC(=O)NC)CC1)-c1cc(C)nc(C)c1	Toll-like receptor 7	54.1	US Patent	7CYN
CC(C)c1c([nH]c2ccc(cc12)C1CCN(Cc2nnc(o2)C2CC2)CC1)-c1cc(C)ncc1F	Toll-like receptor 7	54.2	US Patent	7CYN
CNC(=O)CN1CCC(CC1)c1ccc2[nH]c(c(C(C)C)c2c1)-c1cc(NCC(C)(C)C)c2ncnn2c1	Toll-like receptor 7	54.5	US Patent	7CYN
CNC(=O)CN1CCC(CC1)c1ccc2[nH]c(c(C(C)C)c2c1)-c1cc(NCC(C)(C)O)c2ncnn2c1	Toll-like receptor 7	54.5	US Patent	7CYN
COCc1c(C)c(cn2ncnc12)-c1[nH]c2ccc(cc2c1C(C)C)C1CCN(CC1)C1COC1	Toll-like receptor 7	55	US Patent	7CYN
CNC1CCC(CC1)c1ccc2[nH]c(-c3cn(CCS(C)(=O)=O)c4ncccc34)c(C(C)C)c2n1	Toll-like receptor 7	55	US Patent	7CYN
COCc1c(C)c(cn2ncnc12)-c1[nH]c2ccc(cc2c1C(C)C)C1CCN(CC1)C1COC1	Toll-like receptor 7	55	US Patent	7CYN
CNC1CCC(CC1)c1ccc2[nH]c(-c3cn(CCS(C)(=O)=O)c4ncccc34)c(C(C)C)c2n1	Toll-like receptor 7	55	US Patent	7CYN
COc1ccc(cc1OC)-c1[nH]c2ccc(cc2c1C(C)C)-c1nnc(o1)C(=O)NC1CCN(CC1)C(C)C	Toll-like receptor 7	55	US Patent	7CYN
COc1ccc(cc1OC)-c1[nH]c2ccc(cc2c1C(C)C)-c1nnc(o1)C(=O)NCCCn1ccnc1	Toll-like receptor 7	55	US Patent	7CYN
Cc1cc(cnc1OCC12CCC(O)(CC1)CC2)-c1ccnc2[nH]ncc12	Toll-like receptor 7	55	ChEMBL	
CNC1CCC(CC1)c1ccc2[nH]c(-c3cn(CCS(C)(=C)=O)c4ncccc34)c(C(C)C)c2n1	Toll-like receptor 7	55	US Patent	7CYN
CC(C)c1c([nH]c2ccc(cc12)C1CCN(CC1)C(=O)C1CN(C(=O)C1)C(C)(C)C)-c1ccnc(C)c1	Toll-like receptor 7	55.1	US Patent	7CYN
CNCCN1CCC(CC1)c1ccc2[nH]c(c(C(C)C)c2c1)-c1ccnc(OC)c1	Toll-like receptor 7	55.1	US Patent	7CYN
CC(C)c1c([nH]c2ccc(cc12)C1CCN(CC1)C(=O)C(=O)N(C)C)-c1ccnc(C)c1	Toll-like receptor 7	55.1	US Patent	7CYN
CCS(=O)(=O)N1CCC(CC1)c1ccc2[nH]c(c(C(C)C)c2c1)-c1ccnc(C)c1	Toll-like receptor 7	55.6	US Patent	7CYN
CC(C)c1c([nH]c2ccc(cc12)C1CCN(Cc2nncn2C)CC1)-c1cn2ncnc2cc1C	Toll-like receptor 7	55.8	US Patent	7CYN
CC(C)c1c([nH]c2ccc(cc12)C1CCN(Cc2nncn2C)CC1)-c1cn2ncnc2cc1C	Toll-like receptor 7	55.8	US Patent	7CYN
CC(C)c1c([nH]c2ccc(cc12)C1CCN(Cc2ncco2)CC1)-c1cc(C)ncc1F	Toll-like receptor 7	55.8	US Patent	7CYN
CC(C)c1c([nH]c2ccc(nc12)N1CC(C1)NCC(=O)N(C)C)-c1cn2ncnc2c(C)c1C	Toll-like receptor 7	56	US Patent	7CYN
CC(C)c1c([nH]c2ccc(nc12)C1CN(CC#N)CCO1)-c1cc(C)c(=O)n(C)c1	Toll-like receptor 7	56	US Patent	7CYN
CCOc1nc(N)c2nc(-c3cncc(F)c3)n(Cc3ccc(CN4CC(F)(F)C4)cc3)c2n1	Toll-like receptor 7	56	US Patent	7CYN
CC(C)c1c([nH]c2ccc(nc12)N1CC(C1)NCC(=O)N(C)C)-c1cn2ncnc2c(C)c1C	Toll-like receptor 7	56	US Patent	7CYN
CC(C)c1c([nH]c2ccc(nc12)C1CN(CC#N)CCO1)-c1cc(C)c(=O)n(C)c1	Toll-like receptor 7	56	US Patent	7CYN
CC(C)N1CCC(CC1)NC(=O)c1nnc(s1)-c1ccc2[nH]c(c(C(C)C)c2c1)-c1ccnc2[nH]ncc12	Toll-like receptor 7	56	US Patent	7CYN
CC(C)c1c([nH]c2ccc(nc12)C1CN(CC#N)CCO1)-c1cc(C)c(=O)n(C)c1	Toll-like receptor 7	56	US Patent	7CYN
CC(C)c1c([nH]c2ccc(cc12)-c1ccc(nc1)N(C)C)-c1ccnc(C)c1	Toll-like receptor 7	56	US Patent	7CYN
CCc1c([nH]c2ccc(cc12)C(=O)N(C)CCN(C)C)-c1ccc(OC)c(OC)c1	Toll-like receptor 7	56	US Patent	7CYN
CN1CCN(CC1=O)C12CCC(Cn3nc(C)c4CN(CCc34)c3cc(C)nc4n(C)ncc34)(CC1)CC2	Toll-like receptor 7	56	ChEMBL	7CYN
CC(C)c1c([nH]c2ccc(nc12)N1CC(C1)NCC(=O)N(C)C)-c1cn2ncnc2c(C)c1C	Toll-like receptor 7	56	US Patent	7CYN
CNCCN1CCC(CC1)c1nnc(o1)-c1ccc2[nH]c(c(C(C)C)c2c1)-c1ccc(OC)c(OC)c1	Toll-like receptor 7	56	US Patent	7CYN
CC(C)c1c([nH]c2ccc(cc12)C1CCN(CC1)C(=O)CC(C)(C)O)-c1ccc2nc(C)nn2c1	Toll-like receptor 7	56.3	US Patent	7CYN
CC(C)c1c([nH]c2ccc(cc12)C1CCN(CC1)C(=O)CC(C)(C)O)-c1ccc2nc(C)nn2c1	Toll-like receptor 7	56.3	US Patent	7CYN
CC(C)c1c([nH]c2ccc(cc12)C1CCN(CC1)C(=O)C1CC1)-c1ccnc(C)c1	Toll-like receptor 7	56.5	US Patent	7CYN
COc1c(CN2CCC(CC2)c2ccc3[nH]c(c(C(C)C)c3c2)-c2ccc3ncnn3c2)c(C)nn1C	Toll-like receptor 7	57	US Patent	7CYN
COc1c(CN2CCC(CC2)c2ccc3[nH]c(c(C(C)C)c3c2)-c2ccc3ncnn3c2)c(C)nn1C	Toll-like receptor 7	57	US Patent	7CYN
CCOc1nc(C)c2nc(-c3cncc(F)c3)n(Cc3ccc(CN4[C@H]5CC[C@@H]4CN(C)C5)cc3)c2n1	Toll-like receptor 7	57	US Patent	7CYN
CCOc1nc(C)c2nc(-c3cncc(F)c3)n(Cc3ccc(cc3F)C3CN(C)CCO3)c2n1	Toll-like receptor 7	57	US Patent	7CYN
COc1ccc(cc1OC)-c1[nH]c2ccc(cc2c1C(C)C(F)(F)F)-c1ccc2CNCCc2c1	Toll-like receptor 7	57	US Patent	7CYN
CC(C)c1c([nH]c2ccc(cc12)C(C)(C)C(=O)NCC1(O)CCN(C)CC1)-c1ccnc(C)c1	Toll-like receptor 7	57	US Patent	7CYN
CC(C)c1c([nH]c2ccc(cc12)-c1ccn2ncnc2c1C)-c1cc(C)nc(C)c1	Toll-like receptor 7	57	US Patent	7CYN
CCc1cc(cc(C)n1)-c1[nH]c2ccc(cc2c1C(C)C)C1CCNCC1	Toll-like receptor 7	57	ChEMBL	7CYN
CC(C)c1c([nH]c2ccc(cc12)-c1ccc(NC(=O)CCN(C)C)nc1)-c1ccnc(C)c1	Toll-like receptor 7	57	US Patent	7CYN
CC(C)COc1cc(cn2ncnc12)-c1[nH]c2ccc(cc2c1C(C)C)C1CCN(CC1)C(=O)CN(C)C	Toll-like receptor 7	57.2	US Patent	7CYN
CC(C)COc1cc(cn2ncnc12)-c1[nH]c2ccc(cc2c1C(C)C)C1CCN(CC1)C(=O)CN(C)C	Toll-like receptor 7	57.2	US Patent	7CYN
CCOc1nc(C)c2nc(-c3cncc(F)c3)n(Cc3ccc(O[C@@H]4CN5CCC4CC5)nc3)c2n1	Toll-like receptor 7	58	US Patent	7CYN
CC(C)c1c([nH]c2ccc(cc12)C(C)(C)C(=O)NC[C@H]1CC[C@H](N)CC1)-c1ccnc(C)c1	Toll-like receptor 7	58	US Patent	7CYN
CC(C)c1c([nH]c2ccc(cc12)C(C)(C)C(=O)N[C@@H]1CCNC1)-c1ccnc(C)c1	Toll-like receptor 7	58	US Patent	7CYN
CC(C)c1c([nH]c2ccc(cc12)C(C)(C)C(=O)N1CCCC(CCN)C1)-c1ccnc(C)c1	Toll-like receptor 7	58	US Patent	7CYN
CC(C)c1c([nH]c2ccc(cc12)-c1ccc(N)nn1)-c1ccnc(C)c1	Toll-like receptor 7	58	US Patent	7CYN
COCc1cc(cn2ncnc12)-c1[nH]c2ccc(cc2c1C(C)C)C1CCN(CC(=O)NCCC#N)CC1	Toll-like receptor 7	58.2	US Patent	7CYN
COCc1cc(cn2ncnc12)-c1[nH]c2ccc(cc2c1C(C)C)C1CCN(CC(=O)NCCC#N)CC1	Toll-like receptor 7	58.2	US Patent	7CYN
Cc1nc2ccc(cn2n1)-c1[nH]c2ccc(cc2c1CC(F)F)C1CCNCC1	Toll-like receptor 7	58.4	US Patent	7CYN
Cc1nc2ccc(cn2n1)-c1[nH]c2ccc(cc2c1CC(F)F)C1CCNCC1	Toll-like receptor 7	58.4	US Patent	7CYN
CC(C)c1c([nH]c2ccc(nc12)C1CCC(N)CC1)-c1cn2ncnc2c(C)c1C	Toll-like receptor 7	59	US Patent	7CYN
CCOc1nc(N)c2nc(-c3cncc(F)c3)n(Cc3cccc(OCCN4CCCC4)c3)c2n1	Toll-like receptor 7	59	US Patent	7CYN
CCOc1nc(N)c2nc(-c3cncc(F)c3)n(Cc3ccc(CN4CC(C4)C(F)F)cc3)c2n1	Toll-like receptor 7	59	US Patent	7CYN
CC(C)c1c([nH]c2ccc(nc12)C1CCC(N)CC1)-c1cn2ncnc2c(C)c1C	Toll-like receptor 7	59	US Patent	7CYN
CC(C)c1c([nH]c2ccc(nc12)C1CCC(N)CC1)-c1cn2ncnc2c(C)c1C	Toll-like receptor 7	59	US Patent	7CYN
CC(C)c1c([nH]c2ccc(cc12)C1CCN(Cc2cn(C)nn2)CC1)-c1cn2ncnc2cc1CO	Toll-like receptor 7	59.8	US Patent	7CYN
CC(C)c1c([nH]c2ccc(cc12)C1CCN(Cc2cn(C)nn2)CC1)-c1cn2ncnc2cc1CO	Toll-like receptor 7	59.8	US Patent	7CYN
CCOc1nc(N)c2nc(-c3cncc(F)c3)n(Cc3cccc(OCCCN(C)C)c3)c2n1	Toll-like receptor 7	60	US Patent	7CYN
CCOc1nc(N)c2nc(-c3cncc(F)c3)n(Cc3ccc(CN4CCN(C)CC4)cc3)c2n1	Toll-like receptor 7	60	US Patent	7CYN
COc1ccc(cc1OC)-c1[nH]c2ccc(cc2c1C(C)C)-c1nnc(o1)C1CCN(CC1)C1CCN(C)CC1	Toll-like receptor 7	60	US Patent	7CYN
COc1ccc(cc1OC)-c1[nH]c2ccc(cc2c1C(C)C)-c1nnc(C[C@@H]2CCCN2)o1	Toll-like receptor 7	60	US Patent	7CYN
COc1ccc(cc1OC)-c1[nH]c2ccc(cc2c1C(C)C)-c1ccc(nc1)N1CCN(CC1)C(C)C	Toll-like receptor 7	60	US Patent	7CYN
COc1ccc(cc1OC)-c1[nH]c2ccc(cc2c1C(C)C)-c1nnc([nH]1)C1CCN(CC(=O)N(C)C)CC1	Toll-like receptor 7	60	US Patent	7CYN
CC(C)c1c([nH]c2cnc(C3CCC(CC3)NCC(C)(C)C)c(C)c12)-c1cn2ncnc2c(C)c1C	Toll-like receptor 7	60	US Patent	7CYN
CC(C)c1c([nH]c2ccc(cc12)C1CCN(CC1)C(=O)CC1COCCN1C(=O)CC(C)(C)C)-c1cc(C)nc(C)c1	Toll-like receptor 7	60.1	US Patent	7CYN
CNC(=O)CN1CCC(CC1)c1ccc2[nH]c(c(C(C)C)c2c1)-c1cc(ncc1F)C1CC1	Toll-like receptor 7	60.3	US Patent	7CYN
CCc1c([nH]c2ccc(cc12)C1CCN(CC1)C(=O)C1CCCN1)-c1ccnc(C)c1	Toll-like receptor 7	60.4	US Patent	7CYN
CC(C)c1c([nH]c2ccc(cc12)C1CCN(CC(O)c2ccccc2)CC1)-c1ccnc(C)c1	Toll-like receptor 7	60.6	US Patent	7CYN
CCOc1nc(C)c2nc(-c3cncc(F)c3)n(Cc3ccc(nc3C)[C@@H]3CN4CCC3CC4)c2n1	Toll-like receptor 7	61	US Patent	7CYN
CC(C)c1c([nH]c2ccc(cc12)-c1nnc(o1)[C@@H]1CCCNC1)-c1ccc2ncnn2c1	Toll-like receptor 7	61	US Patent	7CYN
CC(C)c1c([nH]c2ccc(cc12)C(C)(C)C(=O)N1CCC2(CCNC2)C1)-c1ccnc(C)c1	Toll-like receptor 7	61	US Patent	7CYN
COc1ccc(cc1OC)-c1[nH]c2ccc(cc2c1C(C)C)C(=O)N1CC2CN(C)CC2C1	Toll-like receptor 7	61	US Patent	7CYN
CC(C)c1c([nH]c2ccc(cc12)C(C)(C)C(=O)N(C)C1CCNCC1)-c1ccnc(C)c1	Toll-like receptor 7	61	US Patent	7CYN
CNC(=O)CN1CCC(CC1)c1ccc2[nH]c(c(C(C)C)c2c1)-c1cc(OCC(C)C)c2ncnn2c1	Toll-like receptor 7	61.7	US Patent	7CYN
CNC(=O)CN1CCC(CC1)c1ccc2[nH]c(c(C(C)C)c2c1)-c1cc(OCC(C)C)c2ncnn2c1	Toll-like receptor 7	61.7	US Patent	7CYN
CC(C)c1c([nH]c2ccc(cc12)C1CCN(CC1)c1cccnc1)-c1ccnc(C)c1	Toll-like receptor 7	61.9	US Patent	7CYN
COc1nc(C)c2nc(-c3cncc(c3)C#N)n(Cc3ccc(cc3F)C3CCN(C)CC3)c2n1	Toll-like receptor 7	62	US Patent	7CYN
COc1nc(C)c2nc(-c3cncc(F)c3)n(Cc3ccc(C4=CN5CCC4CC5)c(F)c3)c2n1	Toll-like receptor 7	62	US Patent	7CYN
COc1nc(C)c2nc(-c3cncc(F)c3)n(Cc3ccc(CC4CCNCC4)cc3F)c2n1	Toll-like receptor 7	62	US Patent	7CYN
CCOc1nc(N)c2nc(-c3cncc(F)c3)n(Cc3ccc(CN4CC(C)(O)C4)cc3)c2n1	Toll-like receptor 7	62	US Patent	7CYN
CC(C)c1c([nH]c2cnc(C3CCC(CC3)NC34CC(C3)C4)c(F)c12)-c1cn2ncnc2c(C)c1C	Toll-like receptor 7	62	US Patent	7CYN
CC(C)c1c([nH]c2ccc(cc12)C1CCN(Cc2cc(C)on2)CC1)-c1cc(C)ncc1C	Toll-like receptor 7	62.5	US Patent	7CYN
CCc1c([nH]c2ccc(cc12)C1CCN(CC1)C(=O)C1(C)CCNCC1)-c1ccnc(C)c1	Toll-like receptor 7	62.6	US Patent	7CYN
CCOc1nc(C)c2nc(-c3cncc(F)c3)n(Cc3ccc(CN4CCN5CC[C@H]4C5)cc3)c2n1	Toll-like receptor 7	63	US Patent	7CYN
CCOc1nc(C)c2nc(-c3cncc(F)c3)n(Cc3ccc(CN4CCCCC4)cc3)c2n1	Toll-like receptor 7	63	US Patent	7CYN
CC(C)c1c([nH]c2ccc(cc12)-c1cc(F)c2nc(C)cn2c1)-c1cc(C)nc(C)c1	Toll-like receptor 7	63	US Patent	7CYN
COc1ccc(cc1OC)-c1[nH]c2ccc(cc2c1C(C)C)-c1ccc(OCCCN(C)C)nc1	Toll-like receptor 7	63	US Patent	7CYN
CC(C)c1c([nH]c2ccc(cc12)C(C)(C)C(=O)NCCN)-c1ccnc(C)c1	Toll-like receptor 7	63	US Patent	7CYN
CC(C)c1c([nH]c2ccc(cc12)C(C)(C)C(=O)NC1CCC(N)CC1)-c1ccnc(C)c1	Toll-like receptor 7	63	US Patent	7CYN
CC(C)c1c([nH]c2ccc(cc12)-c1cccnc1)-c1cc(C)nc(C)c1	Toll-like receptor 7	63	US Patent	7CYN
CN1CC(CC1=O)C(=O)N1CCC(CC1)c1ccc2[nH]c(c(CC(F)F)c2c1)-c1cc(C)nc(C)c1	Toll-like receptor 7	63.8	US Patent	7CYN
C[C@H](O)CC(=O)N1CCc2cc(sc2C1)-c1ccc2[nH]c(c(C(C)C)c2c1)-c1cc(C)nc(C)c1	Toll-like receptor 7	64	US Patent	7CYN
CC(C)c1c([nH]c2ccc(cc12)C1CCN(CC1)C(C)=O)-c1cc(C)nc(c1)C1CC1	Toll-like receptor 7	64.2	US Patent	7CYN
CC(C)c1c([nH]c2ccc(cc12)C1CCN(CC1)C(=O)CN1CC(C[C@@H]1CO)C(F)(F)F)-c1cc(C)nc(C)c1	Toll-like receptor 7	64.5	US Patent	7CYN
CC(C)c1c([nH]c2ccc(cc12)-c1nnc(CN2CCN(C)CC2)o1)-c1ccnc(C)c1	Toll-like receptor 7	65	US Patent	7CYN
COc1ccc(cc1OC)-c1[nH]c2ccc(cc2c1C(C)C)-c1cnc(nc1)N1CCN(C)CC1	Toll-like receptor 7	65	US Patent	7CYN
CC(C)c1c([nH]c2ccc(cc12)-c1nnc(o1)C1CCCN(C)C1)-c1ccnc2[nH]ncc12	Toll-like receptor 7	66	US Patent	7CYN
COc1cncc(c1)-c1nc2c(C)nc(OC)nc2n1Cc1ccc(cc1F)C1CN2CCC1CC2	Toll-like receptor 7	67	US Patent	7CYN
COc1nc(C)c2nc(-c3cncc(c3)C#N)n(Cc3ccc(cc3F)C3CCNCC3)c2n1	Toll-like receptor 7	67	US Patent	7CYN
CCOc1nc(N)c2nc(-c3cncc(F)c3)n(Cc3ccc(OCCN4CCN(C)CC4)cc3)c2n1	Toll-like receptor 7	67	US Patent	7CYN
CC(C)c1c([nH]c2ccc(cc12)C(C)(C)C(=O)NCCC1CCCNC1)-c1ccnc(C)c1	Toll-like receptor 7	67	US Patent	7CYN
CC(C)c1c([nH]c2ccc(cc12)-c1nc(co1)C(=O)NCCC1CCCN1)-c1cc(C)nc(C)c1	Toll-like receptor 7	67	US Patent	7CYN
CC(C)c1c([nH]c2ccc(cc12)-c1nnc(CN2CCNCC2)o1)-c1ccnc(C)c1	Toll-like receptor 7	67	US Patent	7CYN
CNc1ccc(cn1)-c1ccc2[nH]c(c(C(C)C)c2c1)-c1ccnc(C)c1	Toll-like receptor 7	67	US Patent	7CYN
CC(C)N1CCCC(C1)c1nnc([nH]1)-c1ccc2[nH]c(c(C(C)C)c2c1)-c1ccnc(C)c1	Toll-like receptor 7	67	US Patent	7CYN
CC(C)c1c([nH]c2ccc(cc12)C1CCN(CC1)C(=O)[C@@H]1C[C@@H]2CC[C@H](C1)N2)-c1ccnc(C)c1	Toll-like receptor 7	67.2	US Patent	7CYN
CCc1c([nH]c2ccc(cc12)C1CCN(CC2CCCN2)CC1)-c1ccnc(C)c1	Toll-like receptor 7	67.9	US Patent	7CYN
CC(C)c1c([nH]c2ccc(nc12)N1CCNCC1)-c1cc(C)c2ncnn2c1	Toll-like receptor 7	68	US Patent	7CYN
CC(C)c1c([nH]c2ccc(nc12)N1CCNCC1)-c1cc(C)c2ncnn2c1	Toll-like receptor 7	68	US Patent	7CYN
CC(C)c1c([nH]c2ccc(nc12)N1CCNCC1)-c1cc(C)c2ncnn2c1	Toll-like receptor 7	68	US Patent	7CYN
COc1ccc(cc1OC)-c1[nH]c2ccc(cc2c1C(C)C)-c1nnc(o1)C(=O)N1CC[C@@H](C1)N(C)C	Toll-like receptor 7	68	US Patent	7CYN
CC(C)c1c([nH]c2ccc(cc12)C1CCN(CC#N)CC1)-c1cn2ncnc2cc1CO	Toll-like receptor 7	68.1	US Patent	7CYN
CC(C)c1c([nH]c2ccc(cc12)C1CCN(CC#N)CC1)-c1cn2ncnc2cc1CO	Toll-like receptor 7	68.1	US Patent	7CYN
CCc1c([nH]c2ccc(cc12)C1CCN(C)CC1)-c1ccnc(C)c1	Toll-like receptor 7	68.1	US Patent	7CYN
CC(C)c1c([nH]c2ccc(cc12)-c1nc(co1)C(=O)NCC1CNC1)-c1cc(C)nc(C)c1	Toll-like receptor 7	69	US Patent	7CYN
COc1ccc(cc1OC)-c1[nH]c2ccc(cc2c1C(C)C)-c1ccnc(c1)C(=O)NC1CCC(N)CC1	Toll-like receptor 7	69	US Patent	7CYN
CC(C)c1c([nH]c2ccc(cc12)-c1nnc(o1)C1CN2CCC1CC2)-c1ccnc(C)c1	Toll-like receptor 7	69	US Patent	7CYN
CC(C)c1c([nH]c2ccc(cc12)C1CC2CCC(C1)N2CC(=O)N(C)C)-c1cn2ncnc2c(C)c1C	Toll-like receptor 7	69.2	US Patent	7CYN
CC(C)c1c([nH]c2ccc(cc12)C1CC2CCC(C1)N2CC(=O)N(C)C)-c1cn2ncnc2c(C)c1C	Toll-like receptor 7	69.2	US Patent	7CYN
CC(C)c1c([nH]c2ccc(cc12)C1CCN(CC1)C(=O)OC(C)(C)C)-c1cn2ncnc2c(C)c1C	Toll-like receptor 7	69.6	US Patent	7CYN
CC(C)c1c([nH]c2ccc(cc12)C1CCN(CC1)C(=O)OC(C)(C)C)-c1cn2ncnc2c(C)c1C	Toll-like receptor 7	69.6	US Patent	7CYN
CC(C)c1c([nH]c2ccc(cc12)C1CCN(CC1)C(=O)NCCCN)-c1cn2ncnc2c(C)c1C	Toll-like receptor 7	69.8	US Patent	7CYN
CC(C)c1c([nH]c2ccc(cc12)C1CCN(CC1)C(=O)NCCCN)-c1cn2ncnc2c(C)c1C	Toll-like receptor 7	69.8	US Patent	7CYN
CC(C)c1c([nH]c2ccc(NCCN)nc12)-c1cn2ncnc2c(C)c1C	Toll-like receptor 7	70	US Patent	7CYN
COc1cc(cn2ncnc12)-c1[nH]c2ccc(nc2c1C(C)C)N1CC(C1)NCC1(C)COC1	Toll-like receptor 7	70	US Patent	7CYN
COc1nc(C)c2nc(-c3cncnc3)n(Cc3ccc(OC4CN5CCC4CC5)cc3F)c2n1	Toll-like receptor 7	70	US Patent	7CYN
COc1nc(C)c2nc(-c3cccnc3)n(Cc3ccc(O[C@@H]4CN5CCC4CC5)cc3F)c2n1	Toll-like receptor 7	70	US Patent	7CYN
CC(C)c1c([nH]c2ccc(NCCN)nc12)-c1cn2ncnc2c(C)c1C	Toll-like receptor 7	70	US Patent	7CYN
COc1cc(cn2ncnc12)-c1[nH]c2ccc(nc2c1C(C)C)N1CC(C1)NCC1(C)COC1	Toll-like receptor 7	70	US Patent	7CYN
COc1cc(cn2ncnc12)-c1[nH]c2ccc(nc2c1C(C)C)N1CC(C1)NCC1(C)COC1	Toll-like receptor 7	70	US Patent	7CYN
CC(C)c1c([nH]c2ccc(NCCN)nc12)-c1cn2ncnc2c(C)c1C	Toll-like receptor 7	70	US Patent	7CYN
CC(C)N1CCC(CC1)c1nnc([nH]1)-c1ccc2[nH]c(c(C(C)C)c2c1)-c1ccnc(C)c1	Toll-like receptor 7	70	US Patent	7CYN
CNCCN1CCC(CC1)c1ccc2[nH]c(c(CC(F)(F)F)c2c1)-c1ccc(OC)c(OC)c1	Toll-like receptor 7	70	ChEMBL	7CYN
CCc1c([nH]c2ccc(cc12)C1CCN(CC1)C(=O)C1CNC1)-c1ccnc(C)c1	Toll-like receptor 7	70.4	US Patent	7CYN
CC(C)c1c([nH]c2ccc(cc12)C1CCN(Cc2nn[nH]n2)CC1)-c1cc(C)nc(C)c1	Toll-like receptor 7	70.4	US Patent	7CYN
CCc1c([nH]c2ccc(cc12)C1CCN(CCCN(C)C)CC1)-c1ccnc(C)c1	Toll-like receptor 7	70.5	US Patent	7CYN
CCOc1nc(N)c2nc(-c3cncc(F)c3)n(Cc3ccc(CN4CCCCC4)cc3)c2n1	Toll-like receptor 7	71	US Patent	7CYN
CCOc1nc(N)c2nc(-c3cncc(F)c3)n(Cc3ccc(CN4C[C@@H]5C[C@H]4CN5C4COC4)cc3)c2n1	Toll-like receptor 7	71	US Patent	7CYN
CC(C)c1c([nH]c2ccc(cc12)C(C)(C)C(=O)N1CC2CNC2C1)-c1ccnc(C)c1	Toll-like receptor 7	71	US Patent	7CYN
CC(C)c1c([nH]c2ccc(cc12)-c1nnc([nH]1)C1CCCNC1)-c1ccnc(C)c1	Toll-like receptor 7	71	US Patent	7CYN
Cn1nc(-c2ccc(OC[C@@H]3CC[C@H](N)CC3)c(F)c2)c2cnc(N)nc12	Toll-like receptor 7	71	ChEMBL	7CYN
CC(C)c1c([nH]c2ccc(cc12)C(C)C(=O)NC1CN2CCC1CC2)-c1ccnc(C)c1	Toll-like receptor 7	71	US Patent	7CYN
CC(C)c1c([nH]c2ccc(cc12)-c1ccnc(c1)N1CCNCC1)-c1cc(C)nc(C)c1	Toll-like receptor 7	71	US Patent	7CYN
CC(C)c1c([nH]c2ccc(cc12)C1CCN(Cc2cnc[nH]2)CC1)-c1ccnc(C)c1	Toll-like receptor 7	71.5	US Patent	7CYN
CC(C)c1c([nH]c2ccc(cc12)C1CCN(CC1)C1CCOCC1)-c1cn2nc(C)nc2cc1C	Toll-like receptor 7	71.6	US Patent	7CYN
CC(C)c1c([nH]c2ccc(cc12)C1CCN(CC1)C1CCOCC1)-c1cn2nc(C)nc2cc1C	Toll-like receptor 7	71.6	US Patent	7CYN
CC(C)c1c([nH]c2ccc(nc12)C1CCC(CC1)N(C)C1COC1)-c1cn(C)c(=O)c(C)c1C	Toll-like receptor 7	72	US Patent	7CYN
CCOc1nc(C)c2nc(-c3cncc(F)c3)n(Cc3cnn(CC4CCN(C)C4)c3)c2n1	Toll-like receptor 7	72	US Patent	7CYN
CC(C)c1c([nH]c2ccc(nc12)C1CCC(CC1)N(C)C1COC1)-c1cn(C)c(=O)c(C)c1C	Toll-like receptor 7	72	US Patent	7CYN
CC(C)c1c([nH]c2ccc(cc12)-c1nc(co1)C(=O)N[C@H]1CC[C@H](N)CC1)-c1cc(C)nc(C)c1	Toll-like receptor 7	72	US Patent	7CYN
CC(C)c1c([nH]c2ccc(cc12)C(C)(C)C(=O)N1CCC(CN)C1)-c1ccnc(C)c1	Toll-like receptor 7	72	US Patent	7CYN
CC(C)c1c([nH]c2ccc(nc12)C1CCC(CC1)N(C)C1COC1)-c1cn(C)c(=O)c(C)c1C	Toll-like receptor 7	72	US Patent	7CYN
CC(C)c1c([nH]c2ccc(cc12)C1CCN(CC1)C(=O)C1CNC(=O)C1)-c1ccnc(C)c1	Toll-like receptor 7	73	US Patent	7CYN
COc1nc(C)c2nc(-c3cncc(F)c3)n(Cc3ccc(OCCCN(C)C)cc3F)c2n1	Toll-like receptor 7	73	US Patent	7CYN
CC(C)c1c([nH]c2ccc(cc12)C(=O)N1CC2CC(CC2C1)[I]=N)-c1cc(C)nc(C)c1	Toll-like receptor 7	73	US Patent	7CYN
CC(C)c1c([nH]c2ccc(cc12)C1CCN(CC1)C(=O)C1(N)COC1)-c1ccnc(C)c1	Toll-like receptor 7	73.5	US Patent	7CYN
CC(C)c1c([nH]c2ccc(cc12)-c1ccnc(c1)N1CCN(C)CC1)-c1ccnc(C)c1	Toll-like receptor 7	74	US Patent	7CYN
CC(C)c1c([nH]c2ccc(cc12)C(C)C(=O)N1CCCC2(CCCCC2N)C1)-c1ccnc(C)c1	Toll-like receptor 7	74	US Patent	7CYN
COc1cc(ccn1)-c1[nH]c2ccc(cc2c1C(C)C)C1CCNCC1	Toll-like receptor 7	74	ChEMBL	7CYN
CC(C)c1c([nH]c2ccc(cc12)C(C)C(=O)N1CCC[C@H](N)C1)-c1ccnc(C)c1	Toll-like receptor 7	74	US Patent	7CYN
Cc1nn(CC23CCC(N)(CC2)CC3)c2CCN(Cc12)c1cc(C)nc2n(C)ncc12	Toll-like receptor 7	74	ChEMBL	
CC(C)c1c([nH]c2ccc(cc12)C1CCN(CC1)c1ncccn1)-c1cn2ncnc2c(C)c1C	Toll-like receptor 7	74.2	US Patent	7CYN
CC(C)c1c([nH]c2ccc(cc12)C1CCN(CC1)c1ncccn1)-c1cn2ncnc2c(C)c1C	Toll-like receptor 7	74.2	US Patent	7CYN
CC(C)c1c([nH]c2ccc(cc12)C1CCN(CC1)S(=O)(=O)c1cn(C)c(C)n1)-c1ccnc(C)c1	Toll-like receptor 7	74.2	US Patent	7CYN
CC(C)c1c([nH]c2ccc(nc12)C1CCC(CC1)NCCS(C)(=O)=O)-c1cn(CC#N)c2ncccc12	Toll-like receptor 7	75	US Patent	7CYN
CCn1cc(-c2[nH]c3ccc(nc3c2C(C)C)C2CCC(O)CC2)c2cccnc12	Toll-like receptor 7	75	US Patent	7CYN
CC(C)c1c([nH]c2ccc(CCC3CN(CC(=O)N(C)C)C3)nc12)-c1cn2ncnc2c(C)c1C	Toll-like receptor 7	75	US Patent	7CYN
CC(C)c1c([nH]c2ccc(nc12)C1CCC(CC1)NCCS(C)(=O)=O)-c1cn(CC#N)c2ncccc12	Toll-like receptor 7	75	US Patent	7CYN
CCn1cc(-c2[nH]c3ccc(nc3c2C(C)C)C2CCC(O)CC2)c2cccnc12	Toll-like receptor 7	75	US Patent	7CYN
CC(C)c1c([nH]c2ccc(CCC3CN(CC(=O)N(C)C)C3)nc12)-c1cn2ncnc2c(C)c1C	Toll-like receptor 7	75	US Patent	7CYN
CC(C)c1c([nH]c2ccc(nc12)C1CCC(CC1)NCCS(C)(=O)=O)-c1cn(CC#N)c2ncccc12	Toll-like receptor 7	75	US Patent	7CYN
COc1ccc(cc1OC)-c1[nH]c2ccc(cc2c1C(C)C)-c1nnc(C[C@H]2CCCCN2)o1	Toll-like receptor 7	75	US Patent	7CYN
CCn1cc(-c2[nH]c3ccc(nc3c2C(C)C)C2CCC(O)CC2)c2cccnc12	Toll-like receptor 7	75	US Patent	7CYN
CC(C)c1c([nH]c2ccc(cc12)C(=O)NCCN(C)C)-c1cc(C)nc(C)c1	Toll-like receptor 7	75	US Patent	7CYN
CC(C)c1c([nH]c2ccc(CCC3CN(CC(=O)N(C)C)C3)nc12)-c1cn2ncnc2c(C)c1C	Toll-like receptor 7	75	US Patent	7CYN
CC(C)c1c([nH]c2ccc(cc12)C1CCNCC1)-c1cc(N)ncc1C	Toll-like receptor 7	75.1	US Patent	7CYN
CCc1c([nH]c2ccc(cc12)C1CCN(CC1)C(=O)C1CC2(C1)CCNCC2)-c1ccnc(C)c1	Toll-like receptor 7	75.6	US Patent	7CYN
Cc1cc(ccn1)-c1[nH]c2ccc(cc2c1CC(F)F)C1CCNCC1	Toll-like receptor 7	75.9	US Patent	7CYN
CC(C)c1c([nH]c2ccc(cc12)C1CCN(CC1)C(=O)CCCN(C)C)-c1cc(C)nc(C)c1	Toll-like receptor 7	75.9	US Patent	7CYN
CC(C)c1c([nH]c2ccc(nc12)C1CCC(CC1)NCC(=O)N(C)C)-c1cn(CC#N)c2ncccc12	Toll-like receptor 7	76	US Patent	7CYN
CC(C)c1c([nH]c2ccc(nc12)C1CCC(CC1)NCC(=O)N(C)C)-c1cn(CC#N)c2ncccc12	Toll-like receptor 7	76	US Patent	7CYN
CC(C)c1c([nH]c2ccc(cc12)C(C)(C)C(=O)N1CCC2(CCNC2)CC1)-c1ccnc(C)c1	Toll-like receptor 7	76	US Patent	7CYN
CC(C)c1c([nH]c2ccc(cc12)-c1nnc(o1)C1CN2CCC1CC2)-c1ccnc2[nH]ncc12	Toll-like receptor 7	76	US Patent	7CYN
CC(C)c1c([nH]c2ccc(nc12)C1CCC(CC1)NCC(=O)N(C)C)-c1cn(CC#N)c2ncccc12	Toll-like receptor 7	76	US Patent	7CYN
COc1ccc(cc1OC)-c1[nH]c2ccc(cc2c1C(C)C)C(=O)N1CC2CN(CC2C1)C(=O)CN(C)C	Toll-like receptor 7	76	US Patent	7CYN
CCOc1nc(N)c2nc(-c3cncc(F)c3)n(Cc3cccc(OCCN(C)C)c3)c2n1	Toll-like receptor 7	77	US Patent	7CYN
CC(C)c1c([nH]c2ccc(cc12)C1CCN(Cc2c[nH]c(C)n2)CC1)-c1ccnc(c1)C1CC1	Toll-like receptor 7	77.6	US Patent	7CYN
CC(C)c1c([nH]c2ccc(cc12)C1CCN(CC1)C(=O)C1(CC1)C(F)(F)F)-c1ccnc(C)c1	Toll-like receptor 7	77.7	US Patent	7CYN
CN(C)CC(=O)N1CCC(CC1)c1ccc2[nH]c(c(CC(F)F)c2c1)-c1cc(C)nc(C)c1	Toll-like receptor 7	77.8	US Patent	7CYN
COc1ccc(cc1OC)-c1[nH]c2ccc(cc2c1C(C)C)-c1nnc(o1)C1CCN(CC1)C(C)C	Toll-like receptor 7	78	US Patent	7CYN
CCc1c([nH]c2ccc(cc12)-c1noc(n1)C1CCNC1)-c1ccnc(C)c1	Toll-like receptor 7	78	US Patent	7CYN
CC(C)c1c([nH]c2ccc(cc12)C1CCN(CC(=O)N(C)C)CC1)-c1cc(CC#N)c2ncnn2c1	Toll-like receptor 7	78.3	US Patent	7CYN
CC(C)c1c([nH]c2ccc(cc12)C1CCN(CC(=O)N(C)C)CC1)-c1cc(CC#N)c2ncnn2c1	Toll-like receptor 7	78.3	US Patent	7CYN
CC(C)c1c([nH]c2ccc(cc12)C1CCN(Cc2ncn(C)n2)CC1)-c1cc(C)ncc1C	Toll-like receptor 7	78.4	US Patent	7CYN
CC(C)c1c([nH]c2ccc(cc12)C1CCN(CC1)C(=O)C1CN(C)C(=O)C1)-c1ccnc(C)c1	Toll-like receptor 7	78.8	US Patent	7CYN
CC(C)c1c([nH]c2ccc(cc12)C(C)(C)C(=O)N1CCC(CN)CC1)-c1ccnc(C)c1	Toll-like receptor 7	79	US Patent	7CYN
COCCC(=O)N1CCC(CC1)c1ccc2[nH]c(c(C(C)C)c2c1)-c1ccnc(C)c1	Toll-like receptor 7	79.3	US Patent	7CYN
CC(C)c1c([nH]c2ccc(cc12)C1CCNCC1)-c1cn2ncnc2cc1CO	Toll-like receptor 7	79.7	US Patent	7CYN
CC(C)c1c([nH]c2ccc(cc12)C1CCNCC1)-c1cn2ncnc2cc1CO	Toll-like receptor 7	79.7	US Patent	7CYN
COc1cc(ccn1)-c1[nH]c2ccc(cc2c1C(C)C)C1CCN(CC1)C1CCN(CC(C)C)CC1	Toll-like receptor 7	79.7	US Patent	7CYN
CC(C)c1c([nH]c2ccc(cc12)C1CCN(Cc2ncc(C)s2)CC1)-c1ccc2ncnn2c1	Toll-like receptor 7	79.8	US Patent	7CYN
CC(C)c1c([nH]c2ccc(cc12)C1CCN(Cc2ncc(C)s2)CC1)-c1ccc2ncnn2c1	Toll-like receptor 7	79.8	US Patent	7CYN
CCOc1nc(N)c2nc(-c3cncc(F)c3)n(Cc3ccc(CN4C[C@@H]5C[C@H]4CO5)cc3)c2n1	Toll-like receptor 7	80	US Patent	7CYN
CC(C)c1c([nH]c2ccc(cc12)C1CCNCC1)-c1ccnc(CO)c1	Toll-like receptor 7	80.6	US Patent	7CYN
CC(C)c1c([nH]c2ccc(cc12)C1CCN(CC1)C(=O)C(C)(C)C#N)-c1ccnc(C)c1	Toll-like receptor 7	80.9	US Patent	7CYN
COc1cc(cn2ncnc12)-c1[nH]c2cc(C)c(nc2c1C(C)C)C1CCC(CC1)N1CC(F)(F)C1	Toll-like receptor 7	81	US Patent	7CYN
CCOc1nc(C)c2nc(-c3cncc(F)c3)n(Cc3ccc(O[C@H]4CN5CCC4CC5)nc3)c2n1	Toll-like receptor 7	81	US Patent	7CYN
COc1cc(cn2ncnc12)-c1[nH]c2cc(C)c(nc2c1C(C)C)C1CCC(CC1)N1CC(F)(F)C1	Toll-like receptor 7	81	US Patent	7CYN
CC(C)c1c([nH]c2ccc(cc12)-c1nnc(o1)C1CCCN(C)C1)-c1ccnc2[nH]ncc12	Toll-like receptor 7	81	US Patent	7CYN
COc1cc(cn2ncnc12)-c1[nH]c2cc(C)c(nc2c1C(C)C)C1CCC(CC1)N1CC(F)(F)C1	Toll-like receptor 7	81	US Patent	7CYN
CC(C)c1c([nH]c2ccc(cc12)C1CCNCC1)-c1ccnc(CO)c1	Toll-like receptor 7	81	ChEMBL	7CYN
CC(C)c1c([nH]c2ccc(cc12)C1CCNCC1)-c1cn2nc(C)nc2cc1F	Toll-like receptor 7	81.5	US Patent	7CYN
CC(C)c1c([nH]c2ccc(cc12)C1CCNCC1)-c1cn2nc(C)nc2cc1F	Toll-like receptor 7	81.5	US Patent	7CYN
CCOc1nc(C)c2nc(-c3cncc(F)c3)n(Cc3ccc(cc3)C3CCCN3C)c2n1	Toll-like receptor 7	82	US Patent	7CYN
CC(C)c1c([nH]c2cnc(N3CC4(CN(C4)C(=O)CN4CCOCC4)C3)c(F)c12)-c1cn2ncnc2c(C)c1C	Toll-like receptor 7	82	US Patent	7CYN
CC(C)c1c([nH]c2ccc(cc12)C(=O)N1CCN(Cc2ncn(C)n2)CC1)-c1cc(C)nc(C)c1	Toll-like receptor 7	82	US Patent	7CYN
CC(C)NCC(=O)N1CCC(CC1)c1ccc2[nH]c(c(C(C)C)c2c1)-c1cc(C)c2ncnn2c1	Toll-like receptor 7	82.4	US Patent	7CYN
CC(C)NCC(=O)N1CCC(CC1)c1ccc2[nH]c(c(C(C)C)c2c1)-c1cc(C)c2ncnn2c1	Toll-like receptor 7	82.4	US Patent	7CYN
CC(C)c1c([nH]c2ccc(cc12)C1CCN(CC1)C(=O)[C@@H](N)Cc1c[nH]cn1)-c1ccnc(C)c1	Toll-like receptor 7	82.9	US Patent	7CYN
CCOc1nc(C)c2nc(-c3cncc(F)c3)n(Cc3cnc(C4CN5CCC4CC5)c(F)c3)c2n1	Toll-like receptor 7	83	US Patent	7CYN
CC(C)c1c([nH]c2ccc(cc12)-c1ccc(NC(=O)[C@H]2CCNC2)nc1)-c1ccnc(C)c1	Toll-like receptor 7	83	US Patent	7CYN
CC(C)N1CCC(CC1)NC(=O)c1ccc2[nH]c(c(CC(F)F)c2c1)-c1cc(C)nc(C)c1	Toll-like receptor 7	83	US Patent	7CYN
CCOc1nc(C)c2nc(-c3cncc(F)c3)n(Cc3ccc(cc3OCC)C3CN4CCC3CC4)c2n1	Toll-like receptor 7	84	US Patent	7CYN
COc1nc(C)c2nc(-c3ccc4ncccc4c3)n(Cc3ccc(OC4CN5CCC4CC5)cc3F)c2n1	Toll-like receptor 7	84	US Patent	7CYN
COc1nc(C)c2nc(-c3cncc(F)c3)n(Cc3ccc(cc3)C3CCN(C)C3)c2n1	Toll-like receptor 7	84	US Patent	7CYN
CC(C)c1c([nH]c2ccc(cc12)-c1nnc([nH]1)C1CCN(CC(=O)N(C)C)CC1)-c1ccnc(C)c1	Toll-like receptor 7	84	US Patent	7CYN
CC(C)c1c([nH]c2ccc(cc12)-c1nnc(CNCCN(C)C)o1)-c1ccnc2[nH]ncc12	Toll-like receptor 7	84	US Patent	7CYN
CC(C)Nc1ccc(cn1)-c1ccc2[nH]c(c(C(C)C)c2c1)-c1ccnc(C)c1	Toll-like receptor 7	84	US Patent	7CYN
CCc1c([nH]c2ccc(cc12)C1CCN(CC1)C(=O)C1CCNCC1)-c1ccnc(C)c1	Toll-like receptor 7	84.5	US Patent	7CYN
CC(N1CCC(CC1)c1ccc2[nH]c(c(CC(F)F)c2c1)-c1cc(C)nc(C)c1)C(=O)N(C)C	Toll-like receptor 7	84.5	US Patent	7CYN
CCc1c([nH]c2ccc(cc12)C1CCN(CC1)C(=O)C1CCNC1)-c1ccnc(C)c1	Toll-like receptor 7	84.7	US Patent	7CYN
CCn1cc(-c2[nH]c3ccc(nc3c2C(C)C)C2CCC(CC2)N2CC3(COC3)C2)c2cccnc12	Toll-like receptor 7	85	US Patent	7CYN
CCOc1nc(C)c2nc(-c3cncc(F)c3)n(Cc3cnn(CCCN4CCCC4)c3)c2n1	Toll-like receptor 7	85	US Patent	7CYN
COc1nc(C)c2nc(-c3cncc(F)c3)n(Cc3ccc(CN4C[C@@H]5C[C@H]4CN5)cc3)c2n1	Toll-like receptor 7	85	US Patent	7CYN
CCOc1nc(N)c2nc(-c3cncc(F)c3)n(Cc3ccc(cc3)C3CCN(CC3)C3COC3)c2n1	Toll-like receptor 7	85	US Patent	7CYN
CCn1cc(-c2[nH]c3ccc(nc3c2C(C)C)C2CCC(CC2)N2CC3(COC3)C2)c2cccnc12	Toll-like receptor 7	85	US Patent	7CYN
CC(C)c1c([nH]c2ccc(cc12)-c1nnc(o1)C1CCN(CC1)C(=O)CN(C)C)-c1ccnc2[nH]ncc12	Toll-like receptor 7	85	US Patent	7CYN
CCn1cc(-c2[nH]c3ccc(nc3c2C(C)C)C2CCC(CC2)N2CC3(COC3)C2)c2cccnc12	Toll-like receptor 7	85	US Patent	7CYN
COc1ccc(cc1OC)-c1[nH]c2ccc(cc2c1C(C)C)-c1nnc(o1)C(=O)N1CCCN(C)CC1	Toll-like receptor 7	86	US Patent	7CYN
CCOCc1cc(cn2ncnc12)-c1[nH]c2ccc(cc2c1C(C)C)C1CCN(CC(=O)N(C)C)CC1	Toll-like receptor 7	86.4	US Patent	7CYN
CCOCc1cc(cn2ncnc12)-c1[nH]c2ccc(cc2c1C(C)C)C1CCN(CC(=O)N(C)C)CC1	Toll-like receptor 7	86.4	US Patent	7CYN
CC(C)N1CCC(CC1)NC(=O)c1nnc(o1)-c1ccc2[nH]c(c(C(C)C)c2c1)-c1ccnc2[nH]ncc12	Toll-like receptor 7	87	US Patent	7CYN
CC(C)c1c([nH]c2ccc(cc12)-c1cnc([nH]1)C1CCNCC1)-c1ccnc(C)c1	Toll-like receptor 7	88	US Patent	7CYN
CC(C)c1c([nH]c2ccc(cc12)C(C)(C)C(=O)N1CC2CC(C1)C2N)-c1ccnc(C)c1	Toll-like receptor 7	88	US Patent	7CYN
CCOc1nc(N)c2nc(-c3cncc(F)c3)n(Cc3ccc(OCCCN(C)C)cc3)c2n1	Toll-like receptor 7	89	US Patent	7CYN
COc1nc(C)c2nc(-c3cncc(F)c3)n(Cc3ccc(OCC4CNC4)cc3F)c2n1	Toll-like receptor 7	90	US Patent	7CYN
CC(C)c1c([nH]c2cnc(N3CC4(CN(CC(F)(F)F)C4)C3)c(F)c12)-c1cn2ncnc2c(C)c1C	Toll-like receptor 7	90	US Patent	7CYN
CNC(=O)CN1CCC(CC1)c1ccc2[nH]c(c(C(C)C)c2c1)-c1cc(N2CCN(C)CC2)c2ncnn2c1	Toll-like receptor 7	90.5	US Patent	7CYN
CNC(=O)CN1CCC(CC1)c1ccc2[nH]c(c(C(C)C)c2c1)-c1cc(N2CCN(C)CC2)c2ncnn2c1	Toll-like receptor 7	90.5	US Patent	7CYN
CC(C)c1c([nH]c2ccc(nc12)N1CC(C1)N(C)CC(=O)N(C)C)-c1cn2ncnc2c(C)c1C	Toll-like receptor 7	91	US Patent	7CYN
CC(C)c1c([nH]c2ccc(nc12)N1CC(C1)N(C)CC(=O)N(C)C)-c1cn2ncnc2c(C)c1C	Toll-like receptor 7	91	US Patent	7CYN
CC(C)c1c([nH]c2ccc(cc12)C(C)(C)C(=O)N1CCCC2(CCNC2)C1)-c1ccnc(C)c1	Toll-like receptor 7	91	US Patent	7CYN
CC(C)c1c([nH]c2ccc(nc12)N1CC(C1)N(C)CC(=O)N(C)C)-c1cn2ncnc2c(C)c1C	Toll-like receptor 7	91	US Patent	7CYN
CCc1c([nH]c2ccc(cc12)C1CCN(CC1)C(=O)CCC1CCNCC1)-c1ccnc(C)c1	Toll-like receptor 7	91.8	US Patent	7CYN
COc1nc(C)c2nc(-c3cnc(C)nc3)n(Cc3ccc(cc3F)C3CN4CCC3CC4)c2n1	Toll-like receptor 7	92	US Patent	7CYN
CC(C)c1c([nH]c2ccc(cc12)C1CCNCC1)-c1ccnc(c1)C1CC1	Toll-like receptor 7	92	ChEMBL	7CYN
CC(C)c1c([nH]c2ccc(cc12)C1CCNCC1)-c1cc(NS(=O)(=O)C2CC2)c2ncnn2c1	Toll-like receptor 7	92.1	US Patent	7CYN
CC(C)c1c([nH]c2ccc(cc12)C1CCNCC1)-c1cc(NS(=O)(=O)C2CC2)c2ncnn2c1	Toll-like receptor 7	92.1	US Patent	7CYN
CCOc1nc(C)c2nc(-c3cncc(F)c3)n(Cc3cnn(CC4CNCCO4)c3)c2n1	Toll-like receptor 7	93	US Patent	7CYN
COc1ccc(cc1OC)-c1[nH]c2ccc(cc2c1C(C)C)-c1ncc[nH]1	Toll-like receptor 7	93	US Patent	7CYN
Cc1cc(-c2ccc(OCC34CCC(N)(CC3)CC4)c(F)c2)c2cnc(N)nn12	Toll-like receptor 7	93	ChEMBL	
CCc1c([nH]c2ccc(cc12)-c1nnc(o1)C(=O)NC1CCN(CC1)C(C)C)-c1ccc(OC)c(OC)c1	Toll-like receptor 7	93	US Patent	7CYN
CNC(=O)CN1CCc2cc(sc2C1)-c1ccc2[nH]c(c(C(C)C)c2c1)-c1ccnc(C)c1	Toll-like receptor 7	93	US Patent	7CYN
CC(C)c1c([nH]c2ccc(nc12)C1CCC(CC1)NC1CCOCC1)-c1cn(CC#N)c2ncccc12	Toll-like receptor 7	94	US Patent	7CYN
CC(C)c1c([nH]c2ccc(cc12)C1CCN(CC1)C(=O)C1CCN(C)C(=O)C1)-c1ccnc(C)c1	Toll-like receptor 7	94	US Patent	7CYN
CNCCN1CCC(CC1)c1ccc2[nH]c(c(CC3CC3)c2c1)-c1ccnc(OC)c1	Toll-like receptor 7	94	US Patent	7CYN
CCOc1nc(C)c2nc(-c3cncc(F)c3)n(Cc3ccc(cc3)[C@@H]3CN4CCC3CC4)c2n1	Toll-like receptor 7	94	US Patent	7CYN
COc1nc(C)c2nc(-c3cncc(F)c3)n(Cc3ccc(cc3F)C3CCN(CC3)C(=O)OC(C)(C)C)c2n1	Toll-like receptor 7	94	US Patent	7CYN
CC(C)c1c([nH]c2ccc(nc12)C1CCC(CC1)NC1CCOCC1)-c1cn(CC#N)c2ncccc12	Toll-like receptor 7	94	US Patent	7CYN
CNCCNc1cncc(c1)-c1ccc2[nH]c(c(C(C)C)c2c1)-c1ccnc(C)c1	Toll-like receptor 7	94	US Patent	7CYN
CC(C)c1c([nH]c2ccc(nc12)C1CCC(CC1)NC1CCOCC1)-c1cn(CC#N)c2ncccc12	Toll-like receptor 7	94	US Patent	7CYN
CNC(=O)CN1CCC(CC1)c1ccc2[nH]c(c(CC(F)F)c2c1)-c1ccc2nc(C)nn2c1	Toll-like receptor 7	95	US Patent	7CYN
CNC(=O)CN1CCC(CC1)c1ccc2[nH]c(c(CC(F)F)c2c1)-c1ccc2nc(C)nn2c1	Toll-like receptor 7	95	US Patent	7CYN
Cn1nc(-c2ccc(OCC3C[C@@H]4CC[C@H](C3)N4)c(F)c2)c2cnc(N)nc12	Toll-like receptor 7	95	ChEMBL	7CYN
CCc1c([nH]c2ccc(cc12)C1CCNCC1)-c1ccnc(c1)C#N	Toll-like receptor 7	95.6	US Patent	7CYN
CC(C)c1c([nH]c2ccc(nc12)C1CCC(CC1)N(CCO)CC1(CC1)S(C)(=O)=O)-c1cn2ncnc2c(C)c1C	Toll-like receptor 7	96	US Patent	7CYN
CCOc1nc(N)c2nc(-c3cncc(F)c3)n(Cc3ccc(CN4CCC4)cc3)c2n1	Toll-like receptor 7	96	US Patent	7CYN
CC(C)c1c([nH]c2ccc(nc12)C1CCC(CC1)N(CCO)CC1(CC1)S(C)(=O)=O)-c1cn2ncnc2c(C)c1C	Toll-like receptor 7	96	US Patent	7CYN
CC(C)c1c([nH]c2ccc(cc12)C(C)(C)C(=O)NC1CCCC(N)C1)-c1ccnc(C)c1	Toll-like receptor 7	96	US Patent	7CYN
CC(C)c1c([nH]c2ccc(nc12)C1CCC(CC1)N(CCO)CC1(CC1)S(C)(=O)=O)-c1cn2ncnc2c(C)c1C	Toll-like receptor 7	96	US Patent	7CYN
CCc1c([nH]c2ccc(cc12)C1CCNCC1)-c1ccncc1	Toll-like receptor 7	96.3	US Patent	7CYN
CC(C)c1c([nH]c2ccc(nc12)N1CCN(CCC#N)CC1)-c1cn2ncnc2c(C)c1C	Toll-like receptor 7	97	US Patent	7CYN
CC(C)c1c([nH]c2ccc(cc12)C1CCNCC1)-c1ccncc1C	Toll-like receptor 7	97	US Patent	7CYN
CC(C)c1c([nH]c2ccc(nc12)N1CCN(CCC#N)CC1)-c1cn2ncnc2c(C)c1C	Toll-like receptor 7	97	US Patent	7CYN
Cn1nc(-c2ccc(OCCCC3CCNCC3)c(F)c2)c2cnc(N)nc12	Toll-like receptor 7	97	ChEMBL	
CC(C)c1c([nH]c2ccc(nc12)N1CCN(CCC#N)CC1)-c1cn2ncnc2c(C)c1C	Toll-like receptor 7	97	US Patent	7CYN
CC(C)c1c([nH]c2ccc(cc12)-c1nnc(o1)C1CCN(CC(=O)N(C)C)CC1)-c1ccnc(C)c1	Toll-like receptor 7	97	US Patent	7CYN
CC(C)c1c([nH]c2ccc(cc12)C1CCNCC1)-c1ccncc1C	Toll-like receptor 7	97	ChEMBL	7CYN
COc1nc(C)c2nc(-c3cncnc3)n(Cc3ccc(cc3F)[C@@H]3CN4CCC3CC4)c2n1	Toll-like receptor 7	98	US Patent	7CYN
CCc1cc(cc(C)n1)-c1[nH]c2ccc(cc2c1C(C)C)C1CCNCC1	Toll-like receptor 7	98.4	US Patent	7CYN
COc1cc(OC)nc(CN2CCC(CC2)c2ccc3[nH]c(c(C(C)C)c3c2)-c2cn3ncnc3cc2C)n1	Toll-like receptor 7	98.6	US Patent	7CYN
COc1cc(OC)nc(CN2CCC(CC2)c2ccc3[nH]c(c(C(C)C)c3c2)-c2cn3ncnc3cc2C)n1	Toll-like receptor 7	98.6	US Patent	7CYN
COc1ncnc(OC)c1CN(Cc1c(OC)ncnc1OC)C1CCN(CC1)c1ccc2[nH]c(c(C(C)C)c2n1)-c1cn2ncnc2c(C)c1C	Toll-like receptor 7	99	US Patent	7CYN
CCn1cc(-c2[nH]c3ccc(nc3c2C(C)C)C2CCC(CC2)NC2CCOCC2)c2cccnc12	Toll-like receptor 7	99	US Patent	7CYN
CCOc1nc(C)c2nc(-c3cncc(F)c3)n(Cc3cnn(CC4CCNC4)c3)c2n1	Toll-like receptor 7	99	US Patent	7CYN
CCOc1nc(N)c2nc(-c3cncc(F)c3)n(Cc3ccc(OCCN(C)C)cc3)c2n1	Toll-like receptor 7	99	US Patent	7CYN
CCn1cc(-c2[nH]c3ccc(nc3c2C(C)C)C2CCC(CC2)NC2CCOCC2)c2cccnc12	Toll-like receptor 7	99	US Patent	7CYN
COc1ncnc(OC)c1CN(Cc1c(OC)ncnc1OC)C1CCN(CC1)c1ccc2[nH]c(c(C(C)C)c2n1)-c1cn2ncnc2c(C)c1C	Toll-like receptor 7	99	US Patent	7CYN
COc1ncnc(OC)c1CN(Cc1c(OC)ncnc1OC)C1CCN(CC1)c1ccc2[nH]c(c(C(C)C)c2n1)-c1cn2ncnc2c(C)c1C	Toll-like receptor 7	99	US Patent	7CYN
COc1ccc(cc1OC)-c1[nH]c2ccc(cc2c1C(C)C)-c1nnc(o1)C(=O)N1CCC(CC1)N1CCCC1	Toll-like receptor 7	99	US Patent	7CYN
COc1ccc(cc1OC)-c1[nH]c2ccc(cc2c1C(C)C)C(=O)N1CC2CN(CC2C1)C1CCN(C)CC1	Toll-like receptor 7	99	US Patent	7CYN
CC(C)c1c([nH]c2ccc(cc12)-c1ccc(NC(C)=O)nc1)-c1ccnc(C)c1	Toll-like receptor 7	99	US Patent	7CYN
CCn1cc(-c2[nH]c3ccc(nc3c2C(C)C)C2CCC(CC2)NC2CCOCC2)c2cccnc12	Toll-like receptor 7	99	US Patent	7CYN
CC(C)c1c([nH]c2cnc(N3CC4(CN(CCS(C)(=O)=O)C4)C3)c(F)c12)-c1cn2ncnc2c(C)c1C	Toll-like receptor 7	99	US Patent	7CYN
CC(C)c1c([nH]c2ccc(cc12)C1CCN(CC1)C(=O)C(C)(C)C)-c1ccnc(C)c1	Toll-like receptor 7	99.2	US Patent	7CYN
CC(C)C1CC(CCO1)C(=O)N1CCC(CC1)c1ccc2[nH]c(c(C(C)C)c2c1)-c1ccnc(C)c1	Toll-like receptor 7	99.6	US Patent	7CYN
CC(C)c1c([nH]c2ccc(cc12)C1CCN(Cc2cnc[nH]2)CC1)-c1ccnc(C)c1C	Toll-like receptor 7	99.9	US Patent	7CYN
CCOc1nc(C)c2nc(-c3cncc(F)c3)n(Cc3cnn(CCCN4CCOCC4)c3)c2n1	Toll-like receptor 7	100	US Patent	7CYN
CCOc1nc(C)c2nc(-c3cncc(F)c3)n(Cc3cnn(CC4COCCN4C)c3)c2n1	Toll-like receptor 7	100	US Patent	7CYN
CCOc1nc(C)c2nc(-c3cncc(F)c3)n(Cc3cnn(CC4CNCCO4)c3)c2n1	Toll-like receptor 7	100	US Patent	7CYN
CCOc1nc(N)c2nc(-c3cncc(F)c3)n(Cc3ccc(CN4CCOCC4)cc3)c2n1	Toll-like receptor 7	100	US Patent	7CYN
CCCCOc1nc(C)c2nc(-c3cncc(F)c3)n(Cc3ccc(CN4CCOCC4)cc3)c2n1	Toll-like receptor 7	100	US Patent	7CYN
COCCOc1nc(C)c2nc(-c3cncc(F)c3)n(Cc3ccc(CN4CCN(C)CC4)cc3)c2n1	Toll-like receptor 7	100	US Patent	7CYN
CC(C)c1c([nH]c2ccc(cc12)-c1nc(co1)C(=O)NCC(C)(C)N1CCOCC1)-c1cc(C)nc(C)c1	Toll-like receptor 7	100	US Patent	7CYN
CC(C)COc1cc(cn2ncnc12)-c1[nH]c2ccc(cc2c1C(C)C)C1CCN(CC(=O)N(C)C)CC1	Toll-like receptor 7	101	US Patent	7CYN
CC(C)COc1cc(cn2ncnc12)-c1[nH]c2ccc(cc2c1C(C)C)C1CCN(CC(=O)N(C)C)CC1	Toll-like receptor 7	101	US Patent	7CYN
CCCS(=O)(=O)N1CCC(CC1)c1ccc2[nH]c(c(C(C)C)c2c1)-c1ccnc(C)c1	Toll-like receptor 7	102	US Patent	7CYN
CCOc1nc(C)c2nc(-c3cncc(F)c3)n(Cc3ccc(CN4CCCC4)cc3)c2n1	Toll-like receptor 7	102	US Patent	7CYN
CC(C)c1c([nH]c2cnc(N3CCN(CC(C)(C)C)CC3)c(F)c12)-c1cn2ncnc2c(C)c1C	Toll-like receptor 7	102	US Patent	7CYN
COc1cc2ncnn2cc1-c1[nH]c2ccc(cc2c1C(C)C)C1CCN(CC(=O)N(C)C)CC1	Toll-like receptor 7	103	US Patent	7CYN
COc1cc2ncnn2cc1-c1[nH]c2ccc(cc2c1C(C)C)C1CCN(CC(=O)N(C)C)CC1	Toll-like receptor 7	103	US Patent	7CYN
CC(C)c1c([nH]c2ccc(cc12)C(C)C(=O)N(C)C1CCCNC1)-c1ccnc(C)c1	Toll-like receptor 7	103	US Patent	7CYN
CC(C)c1c([nH]c2ccc(CCN3CCCCC3)nc12)-c1cc(C)c2ncnn2c1	Toll-like receptor 7	104	US Patent	7CYN
CC(C)c1c([nH]c2ccc(cc12)C1CCN(CC(F)F)CC1)-c1ccnc(C)c1	Toll-like receptor 7	104	US Patent	7CYN
CC(C)c1c([nH]c2ccc(CCN3CCCCC3)nc12)-c1cc(C)c2ncnn2c1	Toll-like receptor 7	104	US Patent	7CYN
CC(C)c1c([nH]c2ccc(CCN3CCCCC3)nc12)-c1cc(C)c2ncnn2c1	Toll-like receptor 7	104	US Patent	7CYN
CCc1c([nH]c2ccc(cc12)C(=O)NC1CCC(CC1)N(C)C)-c1ccc(OC)c(OC)c1	Toll-like receptor 7	104	US Patent	7CYN
CC(C)c1c([nH]c2ccc(nc12)C1CCC(CC1)N(C1CC1)C1COC1)-c1cn2cnnc2c(C)c1C	Toll-like receptor 7	106	US Patent	7CYN
CC(C)c1c([nH]c2ccc(nc12)C1CCC(CC1)N(C1CC1)C1COC1)-c1cn2cnnc2c(C)c1C	Toll-like receptor 7	106	US Patent	7CYN
CC(C)c1c([nH]c2ccc(nc12)C1CCC(CC1)N(C1CC1)C1COC1)-c1cn2cnnc2c(C)c1C	Toll-like receptor 7	106	US Patent	7CYN
COc1ccc(cc1OC)-c1[nH]c2ccc(cc2c1C(C)C)-c1nnc(CN2CCCN(CC2)C(C)=O)o1	Toll-like receptor 7	106	US Patent	7CYN
CC(C)c1c([nH]c2ccc(nc12)N1CCN(C)CC1=O)-c1cn2ncnc2c(C)c1C	Toll-like receptor 7	107	US Patent	7CYN
CC(C)c1c([nH]c2ccc(nc12)N1CCN(C)CC1=O)-c1cn2ncnc2c(C)c1C	Toll-like receptor 7	107	US Patent	7CYN
CC(C)c1c([nH]c2ccc(nc12)N1CCN(C)CC1=O)-c1cn2ncnc2c(C)c1C	Toll-like receptor 7	107	US Patent	7CYN
COc1ccc(cc1OC)-c1[nH]c2ccc(cc2c1C(C)C)-c1cccc(c1)C(=O)N1CCNCC1	Toll-like receptor 7	107	US Patent	7CYN
CC(C)c1c([nH]c2ccc(cc12)C(C)C(=O)NC1C[C@@H]2CC[C@H](C1)N2C)-c1ccnc(C)c1	Toll-like receptor 7	107	US Patent	7CYN
COc1ccc(cc1OC)-c1[nH]c2ccc(cc2c1C(C)C)-c1cccc(c1)C(=O)N1CC2CNCC2C1	Toll-like receptor 7	108	US Patent	7CYN
COc1ccc(cc1OC)-c1[nH]c2ccc(cc2c1C(C)C)-c1nnc(o1)C1CCN(CC(=O)N(C)C)CC1	Toll-like receptor 7	108	US Patent	7CYN
COCCN(C)Cc1nnc(o1)-c1ccc2[nH]c(c(C(C)C)c2c1)-c1ccc(OC)c(OC)c1	Toll-like receptor 7	108	US Patent	7CYN
COc1cc2ncnn2cc1-c1[nH]c2ccc(cc2c1C(C)C)C1CCNCC1	Toll-like receptor 7	109	US Patent	7CYN
COc1cc2ncnn2cc1-c1[nH]c2ccc(cc2c1C(C)C)C1CCNCC1	Toll-like receptor 7	109	US Patent	7CYN
CC(C)c1c([nH]c2ccc(cc12)C(C)(C)C(=O)NC1CCC2CNCC12)-c1ccnc(C)c1	Toll-like receptor 7	109	US Patent	7CYN
COc1ccc(cc1OC)-c1[nH]c2ccc(CCC(=O)N3CC4CNCC4C3)cc2c1C(C)C	Toll-like receptor 7	109	US Patent	7CYN
CCOc1nc(C)c2nc(-c3cncc(F)c3)n(Cc3cnn(c3)C3CN4CCC3CC4)c2n1	Toll-like receptor 7	110	US Patent	7CYN
COc1nc(C)c2nc(-c3cncc(F)c3)n(Cc3ccc(O[C@H]4CN5CCC4CC5)nc3)c2n1	Toll-like receptor 7	110	US Patent	7CYN
CCCCc1nc2c(N)nc3ccccc3c2n1Cc1ccc(CNC(=O)CCCCC(=O)NCc2ccc(Cn3c(CCCC)nc4c(N)nc5ccccc5c34)cc2)cc1	Toll-like receptor 7	110	ChEMBL	7CYN
Cn1nc(-c2ccc(OC[C@H]3CC[C@H](N)CC3)c(F)c2)c2cnc(N)nc12	Toll-like receptor 7	110	ChEMBL	
CCN(CC)C(=O)C1CCCN(CC(=O)N2CC3CN(CC3C2)C(=O)c2ccc3[nH]c(c(C(C)C)c3c2)-c2ccc(OC)c(OC)c2)C1	Toll-like receptor 7	111	US Patent	7CYN
CC(C)c1c([nH]c2ccc(cc12)C1CCN(CCOc2ccccc2)CC1)-c1ccnc(C)c1	Toll-like receptor 7	112	US Patent	7CYN
CC(C)c1c([nH]c2ccc(cc12)-c1nc(C(=O)NCC2CCNC2)c(C)o1)-c1ccnc(C)c1	Toll-like receptor 7	112	US Patent	7CYN
CCc1c([nH]c2ccc(cc12)C(=O)N1CCC(CC1)N1CCCCC1)-c1ccc(OC)c(OC)c1	Toll-like receptor 7	112	US Patent	7CYN
CC(C)c1c([nH]c2ccc(cc12)C(C)(C)C(=O)N1CCC[C@H](N)C1)-c1ccnc(C)c1	Toll-like receptor 7	113	US Patent	7CYN
CC(C)N1CCC(CC1)NC(=O)c1nc(oc1C)-c1ccc2[nH]c(c(C(C)C)c2c1)-c1ccnc(C)c1	Toll-like receptor 7	113	US Patent	7CYN
CCOc1nc(C)c2nc(-c3cncc(F)c3)n(Cc3ccc([C@@H]4CN5CCC4CC5)c(c3)C#N)c2n1	Toll-like receptor 7	114	US Patent	7CYN
COc1ccc(cc1OC)-c1[nH]c2ccc(cc2c1C(C)C)-c1cccc(c1)C(=O)NC1CCN(CC1)C(C)C	Toll-like receptor 7	114	US Patent	7CYN
CCc1c([nH]c2ccc(cc12)C(=O)NCCN(C)C)-c1ccc(OC)c(OC)c1	Toll-like receptor 7	115	US Patent	7CYN
CC(C)c1c([nH]c2ccc(cc12)C1CCNCC1)-c1cn2ncnc2c(F)c1C	Toll-like receptor 7	117	US Patent	7CYN
CC(C)c1c([nH]c2ccc(cc12)C1CCNCC1)-c1cn2ncnc2c(F)c1C	Toll-like receptor 7	117	US Patent	7CYN
CC(C)N1CCC(CC1)N1CCC(CC1)c1ccc2[nH]c(c(C)c2c1)-c1ccnc(C)c1	Toll-like receptor 7	117	US Patent	7CYN
CCOc1nc(C)c2nc(-c3cncc(F)c3)n(Cc3ccc(cn3)C3CN4CCC3CC4)c2n1	Toll-like receptor 7	117	US Patent	7CYN
CC(C)N1CC2CN(CC2C1)C(=O)c1ccc2[nH]c(c(C(C)C)c2c1)-c1ccnc(C)c1	Toll-like receptor 7	117	US Patent	7CYN
CC(C)c1c([nH]c2ccc(cc12)C1CCN(CC1)C(=O)C(F)(F)F)-c1ccnc(C)c1	Toll-like receptor 7	119	US Patent	7CYN
CC(C)c1c([nH]c2ccc(cc12)C1CCN(CC1)S(=O)(=O)c1cccnc1)-c1ccnc(C)c1	Toll-like receptor 7	119	US Patent	7CYN
CC(C)c1c([nH]c2ccc(cc12)C1CCN(CC1)S(=O)(=O)C(C)C)-c1ccnc(C)c1	Toll-like receptor 7	119	US Patent	7CYN
CC(C)N1CCN(CC1)c1cc(ccn1)-c1ccc2[nH]c(c(C(C)C)c2c1)-c1ccnc(C)c1	Toll-like receptor 7	119	US Patent	7CYN
CC(C)c1c([nH]c2ccc(nc12)C1CCC(CC1)NC1CCCOC1)-c1cn(CCS(C)(=O)=O)c2ncccc12	Toll-like receptor 7	120	US Patent	7CYN
CC(C)c1c([nH]c2ccc(cc12)C1CCN(CC1)C(=O)CC(F)(F)F)-c1ccnc(C)c1	Toll-like receptor 7	120	US Patent	7CYN
CCc1c([nH]c2ccc(cc12)C1CCN(C[C@@H]2CCNC2)CC1)-c1ccnc(C)c1	Toll-like receptor 7	120	US Patent	7CYN
CCc1c([nH]c2ccc(cc12)C1CCNCC1)-c1ccnc(C)c1C	Toll-like receptor 7	120	US Patent	7CYN
COc1nc(C)c2nc(-c3cnc(C)nc3)n(Cc3ccc(OC4CN5CCC4CC5)cc3F)c2n1	Toll-like receptor 7	120	US Patent	7CYN
CCOc1nc(N)c2nc(-c3cncc(F)c3)n(Cc3ccc(O[C@@H]4CN5CCC4CC5)nc3)c2n1	Toll-like receptor 7	120	US Patent	7CYN
CCOc1nc(N)c2nc(-c3cncc(F)c3)n(Cc3ccc(COS(C)(=O)=O)cc3)c2n1	Toll-like receptor 7	120	US Patent	7CYN
CC(C)c1c([nH]c2ccc(nc12)C1CCC(CC1)NC1CCOCC1)-c1cn(CCS(C)(=O)=O)c2ncccc12	Toll-like receptor 7	120	US Patent	7CYN
CC(C)N1CCC(CC1)NC(=O)c1coc(n1)-c1ccc2[nH]c(c(C(C)C)c2c1)-c1ccnc(N)c1	Toll-like receptor 7	120	US Patent	7CYN
Cn1nc(-c2ccc(OCC3C[C@@H]4CC[C@H](C3)N4)c(F)c2)c2cnc(N)nc12	Toll-like receptor 7	120	ChEMBL	
CC(C)c1c([nH]c2ccc(nc12)C1CCC(CC1)NC1CCOCC1)-c1cn(CCS(C)(=O)=O)c2ncccc12	Toll-like receptor 7	120	US Patent	7CYN
CC(C)c1c([nH]c2ccc(cc12)C1CCN(CC1)C(=O)[C@@H](N)CCCN)-c1ccnc(C)c1	Toll-like receptor 7	121	US Patent	7CYN
COc1ccc(cc1OC)-c1[nH]c2ccc(cc2c1C(C)C)-c1cccc(c1)C(=O)N[C@H]1CC[C@H](N)CC1	Toll-like receptor 7	121	US Patent	7CYN
COc1ccc(cc1OC)-c1[nH]c2ccc(cc2c1C(C)C)-c1cccc(c1)C(=O)N1CCCN(C)CC1	Toll-like receptor 7	121	US Patent	7CYN
CCc1c([nH]c2ccc(cc12)-c1noc(n1)C1CCNC1)-c1ccc(OC)c(OC)c1	Toll-like receptor 7	121	US Patent	7CYN
COc1cc(cn2ncnc12)-c1[nH]c2ccc(OC3CN(C3)C3CCOCC3)nc2c1C(C)C	Toll-like receptor 7	122	US Patent	7CYN
COc1cc(cn2ncnc12)-c1[nH]c2ccc(OC3CN(C3)C3CCOCC3)nc2c1C(C)C	Toll-like receptor 7	122	US Patent	7CYN
COc1cc(cn2ncnc12)-c1[nH]c2ccc(OC3CN(C3)C3CCOCC3)nc2c1C(C)C	Toll-like receptor 7	122	US Patent	7CYN
CNCCN1CCC(CC1)c1ccc2[nH]c(c(C)c2c1)-c1ccnc(C)c1	Toll-like receptor 7	124	US Patent	7CYN
CC(C)c1c([nH]c2ccc(cc12)C1CCNCC1)-c1ccncc1CO	Toll-like receptor 7	124	US Patent	7CYN
COc1cc(cnc1OC)-c1ccc2[nH]c(c(C(C)C)c2c1)-c1ccnc2[nH]ncc12	Toll-like receptor 7	124	US Patent	7CYN
CCc1c([nH]c2ccc(cc12)C(=O)NCCCN(C)C)-c1ccc(OC)c(OC)c1	Toll-like receptor 7	124	US Patent	7CYN
CC(C)c1c([nH]c2ccc(nc12)N1CC(C1)N(C)C(=O)CN(C)C)-c1cn2ncnc2c(C)c1C	Toll-like receptor 7	125	US Patent	7CYN
CC(C)c1c([nH]c2ccc(nc12)N1CC(C1)N(C)C(=O)CN(C)C)-c1cn2ncnc2c(C)c1C	Toll-like receptor 7	125	US Patent	7CYN
CC(C)c1c([nH]c2ccc(nc12)N1CC(C1)N(C)C(=O)CN(C)C)-c1cn2ncnc2c(C)c1C	Toll-like receptor 7	125	US Patent	7CYN
CC(C)c1c([nH]c2ccc(cc12)-c1nnc(o1)C1CCNCC1)-c1cccc2[nH]ncc12	Toll-like receptor 7	125	US Patent	7CYN
CC(C)c1c([nH]c2ccc(cc12)C1CCNCC1)-c1cn2ncnc2c(F)c1C	Toll-like receptor 7	126	US Patent	7CYN
CC(C)c1c([nH]c2ccc(cc12)C1CCNCC1)-c1cn2ncnc2c(F)c1C	Toll-like receptor 7	126	US Patent	7CYN
CC(C)c1c([nH]c2ccc(nc12)N1CCN(CC1=O)C1COC1)-c1cn2ncnc2c(C)c1C	Toll-like receptor 7	127	US Patent	7CYN
CC(C)c1c([nH]c2ccc(nc12)N1CCN(CC1=O)C1COC1)-c1cn2ncnc2c(C)c1C	Toll-like receptor 7	127	US Patent	7CYN
CC(C)c1c([nH]c2ccc(nc12)N1CCN(CC1=O)C1COC1)-c1cn2ncnc2c(C)c1C	Toll-like receptor 7	127	US Patent	7CYN
CCc1c([nH]c2ccc(cc12)C1CCN(CC1)C(=O)C1CCCNC1)-c1ccnc(C)c1	Toll-like receptor 7	128	US Patent	7CYN
CN1CCCN(CC1)C(=O)c1ccc2[nH]c(c(CC(F)F)c2c1)-c1cc(C)nc(C)c1	Toll-like receptor 7	128	US Patent	7CYN
CC(C)c1c([nH]c2ccc(cc12)C(C)(C)C(=O)N1CCC(CC1)OC1CCNCC1)-c1ccnc(C)c1	Toll-like receptor 7	128	US Patent	7CYN
COc1cc(ccn1)-c1[nH]c2ccc(cc2c1C(C)C)C1CCN(CC1)C1CCN(C)CC1	Toll-like receptor 7	129	US Patent	7CYN
CCN(CC)C(=O)C1CCCN(CC(=O)N2CC3CN(CC3C2)C(=O)c2ccc3[nH]c(c(C(C)C)c3c2)-c2ccc(OC)c(OC)c2)C1	Toll-like receptor 7	129	US Patent	7CYN
CC(C)c1c([nH]c2ccc(cc12)C1CCN(CC1)S(=O)(=O)c1ccc(NC(C)=O)cc1)-c1ccnc(C)c1	Toll-like receptor 7	130	US Patent	7CYN
COc1nc(C)c2nc(-c3cncc(F)c3)n(Cc3ccc(O[C@@H]4CN5CCC4CC5)nc3)c2n1	Toll-like receptor 7	130	US Patent	7CYN
CCc1c([nH]c2ccc(cc12)C1CCN(CCNC)CC1)-c1ccc(OC)c(OC)c1	Toll-like receptor 7	130	ChEMBL	7CYN
CC(C)c1c([nH]c2ccc(cc12)C(C)C(=O)N[C@@H]1CCCC[C@H]1N)-c1ccnc(C)c1	Toll-like receptor 7	131	US Patent	7CYN
CN(C)CC(=O)N1CCC(CC1)c1ccc2[nH]c(c(CC(F)F)c2c1)-c1ccc2nc(C)nn2c1	Toll-like receptor 7	132	US Patent	7CYN
CN(C)CC(=O)N1CCC(CC1)c1ccc2[nH]c(c(CC(F)F)c2c1)-c1ccc2nc(C)nn2c1	Toll-like receptor 7	132	US Patent	7CYN
COc1nc(C)c2nc(-c3cncc(F)c3)n(Cc3ccc(cc3F)[C@@H]3CN4CCC3CC4)c2n1	Toll-like receptor 7	132	US Patent	7CYN
CC(C)c1c([nH]c2ccc(cc12)-c1nnc(Cc2cccnc2)o1)-c1ccnc(C)c1	Toll-like receptor 7	132	US Patent	7CYN
CC(C)c1c([nH]c2ccc(cc12)-c1nnc(CCN2CCCCC2)o1)-c1ccnc(C)c1	Toll-like receptor 7	133	US Patent	7CYN
CC(C)c1c([nH]c2ccc(nc12)N1CCN(CC(=O)N(C)C)CC1=O)-c1cn2ncnc2c(C)c1C	Toll-like receptor 7	134	US Patent	7CYN
COc1nc(C)c2nc(-c3ccc(nc3)C(N)=O)n(Cc3ccc(OC4CN5CCC4CC5)cc3F)c2n1	Toll-like receptor 7	134	US Patent	7CYN
CC(C)c1c([nH]c2ccc(nc12)N1CCN(CC(=O)N(C)C)CC1=O)-c1cn2ncnc2c(C)c1C	Toll-like receptor 7	134	US Patent	7CYN
CC(C)c1c([nH]c2ccc(nc12)N1CCN(CC(=O)N(C)C)CC1=O)-c1cn2ncnc2c(C)c1C	Toll-like receptor 7	134	US Patent	7CYN
CC(C)c1c([nH]c2ccc(cc12)-c1noc(C[C@@H]2CCCN2)n1)-c1ccnc2[nH]ncc12	Toll-like receptor 7	134	US Patent	7CYN
CC(C)c1c([nH]c2ccc(cc12)C(=O)N1CCCN(C)CC1)-c1ccnc(C)c1	Toll-like receptor 7	135	US Patent	7CYN
COc1ccc(cc1OC)-c1[nH]c2ccc(cc2c1C(C)C)-c1ccc(cc1)N1CCN[C@H](C)C1	Toll-like receptor 7	136	US Patent	7CYN
CC(C)c1c([nH]c2ccc(cc12)C(C)C(=O)N[C@H]1CCNC1)-c1ccnc(C)c1	Toll-like receptor 7	137	US Patent	7CYN
CC(C)N1CCC(CC1)NC(=O)c1coc(n1)-c1ccc2[nH]c(c(C(C)C)c2c1)-c1ccnc2n[nH]cc12	Toll-like receptor 7	137	US Patent	7CYN
CCc1c([nH]c2ccc(cc12)C(=O)N1CCN(CC1)C1CCN(C)CC1)-c1ccc(OC)c(OC)c1	Toll-like receptor 7	138	US Patent	7CYN
COc1ccc(cc1OC)-c1[nH]c2ccc(cc2c1C(C)C)-c1nnc([nH]1)C1CCN(Cc2ccccc2)CC1	Toll-like receptor 7	138	US Patent	7CYN
COc1nc(C)c2nc(-c3cncc(F)c3)n(Cc3ccc(OCCN(C)C)cc3F)c2n1	Toll-like receptor 7	139	US Patent	7CYN
CC(C)c1c([nH]c2ccc(cc12)C(C)(C)C(=O)NCC1CCCCN1)-c1ccnc(C)c1	Toll-like receptor 7	139	US Patent	7CYN
CC(C)c1c([nH]c2ccc(cc12)-c1cc(ncn1)N1CCC(N)CC1)-c1ccnc2[nH]ncc12	Toll-like receptor 7	139	US Patent	7CYN
CCOc1nc(N)c2nc(-c3cncc(F)c3)n(Cc3ccc(O[C@H]4CN5CCC4CC5)nc3)c2n1	Toll-like receptor 7	140	US Patent	7CYN
Cc1cc(cc2cn(nc12)C1CCNCC1)-c1ccc(=O)n(C)c1	Toll-like receptor 7	140	ChEMBL	7CYN
COc1cc(ccn1)-c1[nH]c2ccc(cc2c1C(C)C)C1CCN(CC1)C1CCN(CC1)C(C)C	Toll-like receptor 7	141	US Patent	7CYN
CC(C)c1c([nH]c2ccc(cc12)C(=O)N1CCN(C)CC1)-c1cn(C)c(=O)c(Cl)c1C	Toll-like receptor 7	141	US Patent	7CYN
CC(C)c1c([nH]c2ccc(cc12)C1CCNCC1)-c1cc(N2CCOCC2)c2nc(C)nn2c1	Toll-like receptor 7	142	US Patent	7CYN
CC(C)c1c([nH]c2ccc(cc12)C1CCNCC1)-c1cc(N2CCOCC2)c2nc(C)nn2c1	Toll-like receptor 7	142	US Patent	7CYN
CCOc1nc(C)c2nc(-c3cncc(F)c3)n(Cc3cnc(CC4CCN(C)CC4)cc3OC)c2n1	Toll-like receptor 7	142	US Patent	7CYN
CC(C)c1c([nH]c2ccc(cc12)-c1cc2CCN(Cc2s1)C(=O)C1CN(C)C(=O)C1)-c1cc(C)nc(C)c1	Toll-like receptor 7	143	US Patent	7CYN
CC(C)c1c([nH]c2ccc(cc12)C1CCN(CC1)C1CCOCC1)-c1ccnc(C)c1C	Toll-like receptor 7	144	US Patent	7CYN
CC(C)c1c([nH]c2ccc(cc12)C1CCN(CC1)C(=O)C1CN(C)C(=O)C1)-c1cc(ncc1F)C1CC1	Toll-like receptor 7	144	US Patent	7CYN
CCc1c([nH]c2ccc(cc12)C(=O)NCCN1CCCCC1)-c1ccc(OC)c(OC)c1	Toll-like receptor 7	144	US Patent	7CYN
CCc1c([nH]c2ccc(cc12)C(=O)NCCN1CCCC1)-c1ccc(OC)c(OC)c1	Toll-like receptor 7	144	US Patent	7CYN
CC(C)c1c([nH]c2ccc(nc12)C1CN(CCO1)C1COC1)-c1cc(C)c(=O)n(C)c1	Toll-like receptor 7	145	US Patent	7CYN
CC(C)CN1CCC(CC1)N1CCC(CC1)c1ccc2[nH]c(c(C)c2c1)-c1ccnc(C)c1	Toll-like receptor 7	145	US Patent	7CYN
CC(C)c1c([nH]c2ccc(nc12)C1CN(CCO1)C1COC1)-c1cc(C)c(=O)n(C)c1	Toll-like receptor 7	145	US Patent	7CYN
CCc1c([nH]c2ccc(cc12)-c1ccc(cc1)N1CCN(C)CC1)-c1ccnc2[nH]ncc12	Toll-like receptor 7	145	US Patent	7CYN
COc1ccc(cc1OC)-c1[nH]c2ccc(cc2c1C(C)C)-c1cnc(nc1)N1CCN(CCC(C)O)CC1	Toll-like receptor 7	145	US Patent	7CYN
CC(C)c1c([nH]c2ccc(nc12)C1CN(CCO1)C1COC1)-c1cc(C)c(=O)n(C)c1	Toll-like receptor 7	145	US Patent	7CYN
COc1ccc(cc1OC)-c1[nH]c2ccc(cc2c1C(C)C)-c1cnc(N2CCN(CC(C)C)CC2)n1C	Toll-like receptor 7	145	US Patent	7CYN
CNC(=O)c1ccc2[nH]c(c(C(C)C)c2c1)-c1ccc(OC)c(OC)c1	Toll-like receptor 7	145	US Patent	7CYN
CCOc1nc(N)c2nc(-c3cncc(F)c3)n(Cc3ccc(CN4CCC(F)(F)CC4)cc3)c2n1	Toll-like receptor 7	146	US Patent	7CYN
CC(C)c1c([nH]c2ccc(cc12)C(C)C(=O)NC1CCC2CNCC12)-c1ccnc(C)c1	Toll-like receptor 7	146	US Patent	7CYN
CC(C)c1c([nH]c2ccc(cc12)-c1cc2CCN(CC(=O)N(C)C)Cc2s1)-c1ccnc(C)c1	Toll-like receptor 7	146	US Patent	7CYN
CC(C)c1c([nH]c2ccc(cc12)C(=O)N1CC2CN(C)CC2C1)-c1ccnc(C)c1	Toll-like receptor 7	147	US Patent	7CYN
CC(C)c1c([nH]c2ccc(cc12)C(C)(C)C(=O)N1CCCC2(CNC2)C1)-c1ccnc(C)c1	Toll-like receptor 7	147	US Patent	7CYN
CCOC(=O)N1CCC(CC1)NC(=O)c1coc(n1)-c1ccc2[nH]c(c(C(C)C)c2c1)-c1cc(C)nc(C)c1	Toll-like receptor 7	147	US Patent	7CYN
CCc1c([nH]c2ccc(cc12)C1CCN(CC1)C(=O)NC1CCNCC1)-c1ccnc(C)c1	Toll-like receptor 7	148	US Patent	7CYN
CC(C)c1c([nH]c2ccc(cc12)C(C)C(=O)N[C@@H]1CCCC[C@H]1N)-c1ccnc(C)c1	Toll-like receptor 7	148	US Patent	7CYN
CC(C)N1CCC(CC1)NC(=O)c1cccc(c1)-c1ccc2[nH]c(c(C(C)C)c2c1)-c1ccnc(C)c1	Toll-like receptor 7	149	US Patent	7CYN
CCOc1nc(N)c2nc(-c3cncc(F)c3)n(Cc3ccc(CN4C[C@@H]5C[C@H]4CN5C(C)=O)cc3)c2n1	Toll-like receptor 7	150	US Patent	7CYN
CCc1c([nH]c2ccc(cc12)C(=O)N[C@H]1CC[C@H](N)CC1)-c1ccc(OC)c(OC)c1	Toll-like receptor 7	150	US Patent	7CYN
Cn1nc(-c2ccc(OC[C@@H]3CC[C@H](N)CC3)c(F)c2)c2cnc(N)nc12	Toll-like receptor 7	150	ChEMBL	
CC(C)C1CCC(CC1)NC(=O)C(C)c1ccc2[nH]c(c(C(C)C)c2c1)-c1ccnc(C)c1	Toll-like receptor 7	152	US Patent	7CYN
CCc1c([nH]c2ccc(cc12)C1CCNCC1)-c1ccc2nc(N)nn2c1	Toll-like receptor 7	153	US Patent	7CYN
CCc1c([nH]c2ccc(cc12)C1CCNCC1)-c1ccc2nc(N)nn2c1	Toll-like receptor 7	153	US Patent	7CYN
CC(C)c1c([nH]c2ccc(cc12)-c1nnc(o1)[C@@H]1CCCNC1)-c1ccc2nccn2c1	Toll-like receptor 7	153	US Patent	7CYN
COc1ccc(cc1OC)-c1[nH]c2ccc(cc2c1C(C)C)C(=O)N(C)C	Toll-like receptor 7	153	US Patent	7CYN
COc1cc(ccn1)-c1[nH]c2ccc(cc2c1C(C)C)C1CCN(CC1)C1CCN(CC2CC2)CC1	Toll-like receptor 7	154	US Patent	7CYN
CCc1c([nH]c2ccc(cc12)-c1nnc(o1)C(=O)N1CC2CNCC2C1)-c1ccc(OC)c(OC)c1	Toll-like receptor 7	154	US Patent	7CYN
COc1ccc(cc1OC)-c1[nH]c2ccc(cc2c1C(C)C)-c1nnc(Cc2c[nH]cn2)o1	Toll-like receptor 7	154	US Patent	7CYN
CCc1c([nH]c2ccc(cc12)[C@@H]1CCNC[C@@H]1F)-c1ccnc(N)c1	Toll-like receptor 7	156	US Patent	7CYN
CC(C)c1c([nH]c2ccc(cc12)-c1noc(n1)[C@@H]1CCCNC1)-c1ccnc2[nH]ncc12	Toll-like receptor 7	156	US Patent	7CYN
CCc1c([nH]c2ccc(cc12)C(=O)N(C)CCCN(C)C)-c1ccc(OC)c(OC)c1	Toll-like receptor 7	156	US Patent	7CYN
CCOCCNCc1nnc(o1)-c1ccc2[nH]c(c(C(C)C)c2c1)-c1ccc(OC)c(OC)c1	Toll-like receptor 7	157	US Patent	7CYN
COc1ccc(cc1OC)-c1[nH]c2ccc(cc2c1C(C)C)-c1ccc(cc1)N1CCN(CC1)C(C)C	Toll-like receptor 7	157	US Patent	7CYN
CNc1nnc(o1)-c1ccc2[nH]c(c(C(C)C)c2c1)-c1ccnc(C)c1	Toll-like receptor 7	158	US Patent	7CYN
COc1ccc(cc1OC)-c1[nH]c2ccc(cc2c1CC(F)(F)F)-c1nnc(o1)C1CCN(CC(=O)N(C)C)CC1	Toll-like receptor 7	158	US Patent	7CYN
CC(C)c1c([nH]c2ccc(cc12)-c1nccs1)-c1ccnc(C)c1	Toll-like receptor 7	159	US Patent	7CYN
CC(C)c1c([nH]c2ccc(cc12)C(C)(C)C(=O)N1CCC(N)CC1)-c1ccnc(C)c1	Toll-like receptor 7	159	US Patent	7CYN
COc1cc(cn2ncnc12)-c1[nH]c2cnc(N3CC4(CN(C4)C(=O)CN4CCOCC4)C3)c(F)c2c1C(C)C	Toll-like receptor 7	159	US Patent	7CYN
CCOc1nc(C)c2nc(-c3cncc(F)c3)n(Cc3ccc(Br)cc3C#N)c2n1	Toll-like receptor 7	160	US Patent	7CYN
CCOc1nc(C)c2nc(-c3cncc(F)c3)n(Cc3ccc(OCC4CN5CCC4CC5)nc3)c2n1	Toll-like receptor 7	160	US Patent	7CYN
COc1nc(C)c2nc(-c3cncc(F)c3)n(Cc3ccc(CN(C)C)cc3)c2n1	Toll-like receptor 7	160	US Patent	7CYN
CCOc1nc(C)c2nc(-c3cncc(F)c3)n(Cc3ccc(CN4CC(C4)C#N)cc3)c2n1	Toll-like receptor 7	160	US Patent	7CYN
CC(C)c1c([nH]c2ccc(cc12)C(C)(C)C(=O)NC1CCC2CNCC12)-c1ccnc(C)c1	Toll-like receptor 7	160	US Patent	7CYN
CC(C)c1c([nH]c2ccc(cc12)-c1nnc(o1)[C@@H]1CCCN1)-c1ccnc(C)c1	Toll-like receptor 7	162	US Patent	7CYN
CNCCN1CCn2nc(c(C(=O)NC)c2C1)-c1ccc2[nH]c(c(C(C)C)c2c1)-c1ccnc(C)c1	Toll-like receptor 7	163	US Patent	7CYN
CCc1c([nH]c2ccc(cc12)-c1noc(n1)C1CNC1)-c1ccnc(C)c1	Toll-like receptor 7	163	US Patent	7CYN
CC(C)c1c([nH]c2ccc(cc12)C1CCN(CC1)S(=O)(=O)CC(F)(F)F)-c1ccnc(C)c1	Toll-like receptor 7	164	US Patent	7CYN
CC(C)c1c([nH]c2ccc(cc12)C(C)(C)C(=O)NC[C@H]1CCNC1)-c1ccnc(C)c1	Toll-like receptor 7	164	US Patent	7CYN
COc1ccc(cc1OC)-c1[nH]c2ccc(cc2c1C(C)C)-c1ccc(NCCCN(C)C)cc1	Toll-like receptor 7	165	US Patent	7CYN
CC(C)c1c([nH]c2ccc(cc12)-c1ccc(nc1)N1CC(C)OC(C)C1)-c1cc(C)nc(C)c1	Toll-like receptor 7	166	US Patent	7CYN
COc1cc(ccn1)-c1[nH]c2ccc(cc2c1C(C)C)C1CCN(CC1)C1CCNCC1	Toll-like receptor 7	167	US Patent	7CYN
CC(C)c1c([nH]c2ccc(cc12)C(C)C(=O)NC1CCC(N)CC1)-c1ccnc(C)c1	Toll-like receptor 7	167	US Patent	7CYN
CC(C)c1c([nH]c2ccc(cc12)C(C)(C)C(=O)N1CCNCC1)-c1ccnc(C)c1	Toll-like receptor 7	167	US Patent	7CYN
COc1nc(C)c2nc(-c3cncc(F)c3)n(Cc3ccc(CO)cc3F)c2n1	Toll-like receptor 7	169	US Patent	7CYN
CC(C)c1c([nH]c2ccc(cc12)-c1ccc(NC(=O)[C@@H]2CCNC2)nc1)-c1ccnc(C)c1	Toll-like receptor 7	169	US Patent	7CYN
CN[C@@H](C)c1nnc(o1)-c1ccc2[nH]c(c(C(C)C)c2c1)-c1ccc(OC)c(OC)c1	Toll-like receptor 7	169	US Patent	7CYN
COc1ccc(cc1OC)-c1[nH]c2ccc(cc2c1C(C)C)-c1ccc(NCC2CCN(C)C2)cc1	Toll-like receptor 7	169	US Patent	7CYN
CC(C)c1c([nH]c2ccc(nc12)C1CCC(CC1)NCC1(CC1)S(C)(=O)=O)-c1cn(CCS(C)(=O)=O)c2ncccc12	Toll-like receptor 7	170	US Patent	7CYN
CCOc1nc(C)c2nc(-c3cncc(F)c3)n(Cc3cnn(c3)C3CCN(C)C3)c2n1	Toll-like receptor 7	170	US Patent	7CYN
CCN1C[C@@H]2C[C@H]1CN2Cc1ccc(Cn2c(nc3c(N)nc(OC)nc23)-c2cncc(F)c2)cc1	Toll-like receptor 7	170	US Patent	7CYN
CC(C)c1c([nH]c2ccc(nc12)C1CCC(CC1)NCC1(CC1)S(C)(=O)=O)-c1cn(CCS(C)(=O)=O)c2ncccc12	Toll-like receptor 7	170	US Patent	7CYN
CC(C)c1c([nH]c2ccc(nc12)C1CCC(CC1)NCC1(CC1)S(C)(=O)=O)-c1cn(CCS(C)(=O)=O)c2ncccc12	Toll-like receptor 7	170	US Patent	7CYN
Cn1nc(-c2ccc(OCC3CCNCC3)c(F)c2)c2cnc(N)nc12	Toll-like receptor 7	170	ChEMBL	7CYN
CN1CCN(CCCOc2ccc(cc2F)-c2nn(C)c3nc(N)ncc23)CC1	Toll-like receptor 7	170	ChEMBL	
CCCCc1nc2c(N)nc3ccccc3c2n1Cc1ccc(CNC(=O)CCCCCCCCCCC(=O)NCc2ccc(Cn3c(CCCC)nc4c(N)nc5ccccc5c34)cc2)cc1	Toll-like receptor 7	170	ChEMBL	7CYN
CC(C)c1c([nH]c2ccc(cc12)C(=O)N1CC2CN(CC2C1)C(=O)CN(C)C)-c1cc(C)nc(C)c1	Toll-like receptor 7	171	US Patent	7CYN
CCc1c([nH]c2ccc(cc12)C1CCN(C[C@@H]2CCCN2C(C)C)CC1)-c1ccnc(C)c1	Toll-like receptor 7	172	US Patent	7CYN
CC(C)c1c([nH]c2ccc(cc12)-c1cc(NC(=O)OC(C)(C)C)c2nccn2c1)-c1cc(C)nc(C)c1	Toll-like receptor 7	172	US Patent	7CYN
CC(C)c1c([nH]c2ccc(cc12)C(C)C(=O)N(C)C1CCNCC1)-c1ccnc(C)c1	Toll-like receptor 7	172	US Patent	7CYN
CC(C)c1c([nH]c2ccc(cc12)C1CCN(CC1)C1COC1)-c1cc(NS(=O)(=O)C2CC2)c2ncnn2c1	Toll-like receptor 7	173	US Patent	7CYN
CC(C)c1c([nH]c2ccc(cc12)C1CCN(CC1)C1COC1)-c1cc(NS(=O)(=O)C2CC2)c2ncnn2c1	Toll-like receptor 7	173	US Patent	7CYN
CC(C)c1c([nH]c2ccc(cc12)C1CCN(CC1)C(=O)[C@H]1CC[C@H](N)CC1)-c1ccnc(C)c1	Toll-like receptor 7	174	US Patent	7CYN
CC(C)c1c([nH]c2ccc(cc12)C(C)C(=O)N1CCC(CN)CC1)-c1ccnc(C)c1	Toll-like receptor 7	174	US Patent	7CYN
CC(C)c1c([nH]c2ccc(nc12)C1CCC(CC1)NCCS(=O)(=O)C(F)(F)F)-c1cn2ncnc2c(C)c1C	Toll-like receptor 7	175	US Patent	7CYN
CC(C)c1c([nH]c2ccc(nc12)C1CCC(CC1)NCCS(=O)(=O)C(F)(F)F)-c1cn2ncnc2c(C)c1C	Toll-like receptor 7	175	US Patent	7CYN
CC(C)c1c([nH]c2ccc(cc12)-c1nc(c[nH]1)C1CCNCC1)-c1ccnc(C)c1	Toll-like receptor 7	175	US Patent	7CYN
CC(C)c1c([nH]c2ccc(nc12)C1CCC(CC1)NCCS(=O)(=O)C(F)(F)F)-c1cn2ncnc2c(C)c1C	Toll-like receptor 7	175	US Patent	7CYN
CC(C)c1c([nH]c2ccc(cc12)C(C)C(=O)NC1CN2CCC1CC2)-c1ccnc(C)c1	Toll-like receptor 7	175	US Patent	7CYN
COc1nc(C)c2nc(-c3cccnn3)n(Cc3ccc(OC4CN5CCC4CC5)cc3F)c2n1	Toll-like receptor 7	176	US Patent	7CYN
CC(C)c1c([nH]c2ccc(cc12)C1CCNCC1)-c1cc(F)ncc1Cl	Toll-like receptor 7	177	US Patent	7CYN
CCc1c([nH]c2ccc(cc12)C(=O)N1CCN(CC1)C1CCN(CC1)C(C)C)-c1ccc(OC)c(OC)c1	Toll-like receptor 7	177	US Patent	7CYN
COC(=O)N1CCN(CC1)C1CN(C1)c1ccc2[nH]c(c(C(C)C)c2n1)-c1cn2ncnc2c(C)c1C	Toll-like receptor 7	178	US Patent	7CYN
COC(=O)N1CCN(CC1)C1CN(C1)c1ccc2[nH]c(c(C(C)C)c2n1)-c1cn2ncnc2c(C)c1C	Toll-like receptor 7	178	US Patent	7CYN
COC(=O)N1CCN(CC1)C1CN(C1)c1ccc2[nH]c(c(C(C)C)c2n1)-c1cn2ncnc2c(C)c1C	Toll-like receptor 7	178	US Patent	7CYN
CCc1c([nH]c2ccc(cc12)C1CCN(CC(=O)N(C)C)CC1)-c1ccc2nc(C)nn2c1	Toll-like receptor 7	179	US Patent	7CYN
CN(C)C(=O)CN1CCC(CC1)c1ccc2[nH]c(c(CC(F)F)c2c1)-c1ccc2nc(C)nn2c1	Toll-like receptor 7	179	US Patent	7CYN
CC(C)c1c([nH]c2ccc(cc12)C1CCN(CC1)C1COC1)-c1cc(N2CCS(=O)(=O)CC2)c2ncnn2c1	Toll-like receptor 7	180	US Patent	7CYN
CC(C)c1c([nH]c2ccc(cc12)C1CCN(CC1)C1COC1)-c1cc(N2CCS(=O)(=O)CC2)c2ncnn2c1	Toll-like receptor 7	180	US Patent	7CYN
COc1nc(C)c2nc(-c3cncc(F)c3)n(Cc3cnn(CCCN(C)C)c3)c2n1	Toll-like receptor 7	180	US Patent	7CYN
CCOc1nc(N=CN(C)C)c2nc(-c3cncc(F)c3)n(Cc3ccc(cc3)N3CCN(C)CC3)c2n1	Toll-like receptor 7	180	US Patent	7CYN
F[C@H]1CNCC[C@@H]1n1cc2cc(cc(c2n1)C(F)(F)F)-c1ccc(=O)n2CCCc12	Toll-like receptor 7	180	ChEMBL	
COc1ccc(cc1OC)-c1[nH]c2ccc(cc2c1C(C)C)C(=O)N1CC2CN(CC(=O)N(C)C)CC2C1	Toll-like receptor 7	180	US Patent	7CYN
CC(C)c1c([nH]c2ccc(cc12)C1CCN(CCS(C)(=O)=O)CC1)-c1cc(N2CCN(C)CC2)c2ncnn2c1	Toll-like receptor 7	181	US Patent	7CYN
CC(C)c1c([nH]c2ccc(nc12)N1CC(C1)N(C)C(=O)CN(C)C)-c1cn2ncnc2c(C)c1C	Toll-like receptor 7	181	US Patent	7CYN
CC(C)c1c([nH]c2ccc(cc12)C1CCN(CCS(C)(=O)=O)CC1)-c1cc(N2CCN(C)CC2)c2ncnn2c1	Toll-like receptor 7	181	US Patent	7CYN
CC(C)c1c([nH]c2ccc(nc12)N1CC(C1)N(C)C(=O)CN(C)C)-c1cn2ncnc2c(C)c1C	Toll-like receptor 7	181	US Patent	7CYN
COc1ccc(cc1OC)-c1[nH]c2ccc(cc2c1C(C)C)-c1ccc(NC2CCN(CC2)C(C)C)cc1	Toll-like receptor 7	181	US Patent	7CYN
CC(C)c1c([nH]c2ccc(nc12)N1CC(C1)N(C)C(=O)CN(C)C)-c1cn2ncnc2c(C)c1C	Toll-like receptor 7	181	US Patent	7CYN
COc1ccc(cc1OC)-c1[nH]c2ccc(cc2c1C(C)C)-c1nnc(o1)C(=O)N(C)CCc1ccccn1	Toll-like receptor 7	181	US Patent	7CYN
COc1ccc(cc1OC)-c1[nH]c2ccc(cc2c1C(C)C)-c1nnc([nH]1)C1CCNCC1	Toll-like receptor 7	182	US Patent	7CYN
CC(C)c1c([nH]c2ccc(cc12)-c1nnc(o1)C(=O)N1CCCN(C)CC1)-c1ccnc2[nH]ncc12	Toll-like receptor 7	183	US Patent	7CYN
CC(C)c1c([nH]c2ccc(cc12)C(=O)N(C)CCc1ccccc1)-c1cc(C)nc(C)c1	Toll-like receptor 7	185	US Patent	7CYN
CC(C)c1c([nH]c2ccc(cc12)C1CCNC(=O)C1)-c1ccnc(C)c1	Toll-like receptor 7	186	US Patent	7CYN
CCc1c([nH]c2ccc(cc12)C(=O)N1CCC(CC1)N1CCN(C)CC1)-c1ccc(OC)c(OC)c1	Toll-like receptor 7	186	US Patent	7CYN
CCc1c([nH]c2ccc(cc12)C(=O)N1CC[C@H](C1)N(C)C)-c1ccc(OC)c(OC)c1	Toll-like receptor 7	188	US Patent	7CYN
COc1ccc(cc1OC)-c1[nH]c2ccc(cc2c1CC(F)(F)F)-c1cccc(c1)C(=O)NCCC1CCCN1C	Toll-like receptor 7	190	US Patent	7CYN
CC(C)c1c([nH]c2ccc(cc12)-c1nnc(Cn2ccnc2)o1)-c1ccnc(C)c1	Toll-like receptor 7	192	US Patent	7CYN
COc1ccc(cc1OC)-c1[nH]c2ccc(cc2c1C(C)C)-c1nc(cs1)C(=O)NC1CCN(CC1)C(C)C	Toll-like receptor 7	192	US Patent	7CYN
CC(C)c1c([nH]c2ccc(cc12)-c1nnc(o1)C(=O)N1CC2CNCC2C1)-c1ccnc(C)c1	Toll-like receptor 7	194	US Patent	7CYN
CCc1c([nH]c2ccc(cc12)C(=O)N1CCN(CC1)c1cnccn1)-c1ccc(OC)c(OC)c1	Toll-like receptor 7	194	US Patent	7CYN
COc1ccc(cc1OC)-c1[nH]c2ccc(cc2c1C(C)C)-c1nnc(CCn2ccnc2)o1	Toll-like receptor 7	194	US Patent	7CYN
CC(C)c1c([nH]c2ccc(cc12)-c1ccnn1C)-c1ccnc2[nH]ncc12	Toll-like receptor 7	194	US Patent	7CYN
CC(C)c1c([nH]c2ccc(cc12)-c1nc(co1)C(=O)N1CCCN(C)CC1)-c1ccnc2[nH]ncc12	Toll-like receptor 7	195	US Patent	7CYN
CC(C)c1c([nH]c2ccc(cc12)C1CCN(CC1)c1ccc(CN(C)C)cn1)-c1cn2ncnc2c(C)c1C	Toll-like receptor 7	197	US Patent	7CYN
CC(C)c1c([nH]c2ccc(cc12)C1CCN(CC1)c1ccc(CN(C)C)cn1)-c1cn2ncnc2c(C)c1C	Toll-like receptor 7	197	US Patent	7CYN
CCC[C@@H](CCNC(C)=O)Nc1nc(N)nc2cnn(Cc3ccc(CNC4CCOCC4)cc3OC)c12	Toll-like receptor 7	197	ChEMBL	7CYN
CCOc1nc(C)c2nc(-c3cncc(F)c3)n(Cc3cnn(CCCN(C)C)c3)c2n1	Toll-like receptor 7	198	US Patent	7CYN
CC(C)c1c([nH]c2ccc(cc12)C1CCNCC1)-c1cc(Cl)ncc1C#N	Toll-like receptor 7	199	US Patent	7CYN
CCOc1nc(C)c2nc(-c3cncc(F)c3)n(Cc3cnc(cc3OC)C3CCN(C)CC3)c2n1	Toll-like receptor 7	199	US Patent	7CYN
COc1nc(C)c2nc(-c3cncc(F)c3)n(Cc3cnn(CCN(C)C)c3)c2n1	Toll-like receptor 7	200	US Patent	7CYN
CCOc1nc(C)c2nc(-c3cncc(F)c3)n(Cc3cnn(CC4CN(C)CCO4)c3)c2n1	Toll-like receptor 7	200	US Patent	7CYN
CCOc1nc(C)c2nc(-c3cncc(F)c3)n(Cc3cnn(CC4COCCN4)c3)c2n1	Toll-like receptor 7	200	US Patent	7CYN
CCCOc1nc(C)c2nc(-c3cncc(F)c3)n(Cc3ccc(O[C@@H]4CN5CCC4CC5)nc3)c2n1	Toll-like receptor 7	200	US Patent	7CYN
CCCCOc1nc(C)c2nc(-c3cncc(F)c3)n(Cc3ccc(CN(C)C)cc3)c2n1	Toll-like receptor 7	200	US Patent	7CYN
COc1ccc(cc1OC)-c1[nH]c2ccc(cc2c1C(C)C)-c1ccc(NC2CCCNC2)cc1	Toll-like receptor 7	200	US Patent	7CYN
CC(C)c1c([nH]c2ccc(cc12)C1CCNCC1)-c1ccncc1CO	Toll-like receptor 7	200	ChEMBL	7CYN
Cn1nc(-c2ccc(OCC34CCC(O)(CC3)CC4)c(F)c2)c2cnc(N)nc12	Toll-like receptor 7	200	ChEMBL	7CYN
CC(C)c1c([nH]c2ccc(cc12)C(C)C(=O)N1CC2CN(C)CC2C1)-c1ccnc(C)c1	Toll-like receptor 7	200	US Patent	7CYN
CCc1c([nH]c2ccc(cc12)C1CCN(CC1)C(=O)[C@H]1CC(F)(F)CN1)-c1ccnc(C)c1	Toll-like receptor 7	201	US Patent	7CYN
CC(C)c1c([nH]c2ccc(cc12)C1CCN(CC1)C(=O)[C@@H](N)CCCCN)-c1ccnc(C)c1	Toll-like receptor 7	201	US Patent	7CYN
CC(C)c1c([nH]c2ccc(cc12)C(=O)N(C)Cc1ccccc1)-c1cc(C)nc(C)c1	Toll-like receptor 7	201	US Patent	7CYN
COCCOC(=O)N1CCC(CC1)c1ccc2[nH]c(c(C(C)C)c2c1)-c1ccnc(C)c1	Toll-like receptor 7	202	US Patent	7CYN
CC(C)c1c([nH]c2ccc(cc12)C1CCN(CC1)C(=O)[C@@H](N)CCCNC(N)=O)-c1ccnc(C)c1	Toll-like receptor 7	202	US Patent	7CYN
CC(C)c1c([nH]c2ccc(cc12)C(C)(C)C(=O)NCCC(C)(C)O)-c1ccnc(C)c1	Toll-like receptor 7	202	US Patent	7CYN
CC(C)CN1CCC(CC1)NC(=O)c1nnc(o1)-c1ccc2[nH]c(c(C(C)C)c2c1)-c1ccnc2[nH]ncc12	Toll-like receptor 7	203	US Patent	7CYN
CC(C)c1c([nH]c2ccc(cc12)C(C)C(=O)NC1CCNCC1)-c1ccnc(C)c1	Toll-like receptor 7	203	US Patent	7CYN
CCc1c([nH]c2ccc(cc12)C(=O)N1CCN(CC1)C(=O)c1ccco1)-c1ccc(OC)c(OC)c1	Toll-like receptor 7	206	US Patent	7CYN
CCc1c([nH]c2ccc(cc12)C(=O)NCCC1CCCN1C)-c1ccc(OC)c(OC)c1	Toll-like receptor 7	206	US Patent	7CYN
CCc1c([nH]c2ccc(cc12)C1CCNCC1)-c1ccnc(OC)c1	Toll-like receptor 7	207	US Patent	7CYN
CNC(=O)CN1CCC(CC1)c1nnc(o1)-c1ccc2[nH]c(c(C(C)C)c2c1)-c1ccc(OC)c(OC)c1	Toll-like receptor 7	207	US Patent	7CYN
CC(C)c1c([nH]c2ccc(cc12)-c1cccnc1)-c1ccnc2[nH]ncc12	Toll-like receptor 7	208	US Patent	7CYN
CCOc1nc(C)c2nc(-c3cncc(F)c3)n(Cc3ccccc3OC)c2n1	Toll-like receptor 7	209	US Patent	7CYN
CCOc1nc(C)c2nc(-c3cncc(F)c3)n(Cc3cnn(CC4CCNCC4)c3)c2n1	Toll-like receptor 7	210	US Patent	7CYN
CCCOc1nc(N)c2nc(-c3cncc(F)c3)n(Cc3ccc(CN(C)C)cc3)c2n1	Toll-like receptor 7	210	US Patent	7CYN
CCc1c([nH]c2ccc(cc12)C1CCN(CC1)C1CCN(CC1)C(C)C)-c1ccncc1	Toll-like receptor 7	212	US Patent	7CYN
CCOc1nc(C)c2nc(-c3cncc(F)c3)n(Cc3cnc(cc3C)C3CN4CCC3CC4)c2n1	Toll-like receptor 7	213	US Patent	7CYN
CC(C)c1c([nH]c2ccc(cc12)-c1nnc(o1)[C@@H](N)C1CC1)-c1ccnc(C)c1	Toll-like receptor 7	214	US Patent	7CYN
CC(C)c1c([nH]c2ccc(cc12)C1CCN(Cc2[nH]cnc2C)CC1)-c1ccnc(N)c1	Toll-like receptor 7	215	US Patent	7CYN
CC(C)N1CCC(CC1)N1CCn2nc(nc2C1)-c1ccc2[nH]c(c(C(C)C)c2c1)-c1ccnc2[nH]ncc12	Toll-like receptor 7	216	US Patent	7CYN
COc1ccc(cc1OC)-c1[nH]c2ccc(cc2c1C(C)C)-c1nnc(CNCCS(O)(=O)=O)o1	Toll-like receptor 7	219	US Patent	7CYN
CC(C)c1c([nH]c2ccc(cc12)C1CCN(CC1)S(=O)(=O)Cc1ccccc1)-c1ccnc(C)c1	Toll-like receptor 7	220	US Patent	7CYN
CCOc1nc(N)c2nc(-c3cncc(F)c3)n(Cc3ccc(CN4C[C@@H]5C[C@H]4CN5)cc3)c2n1	Toll-like receptor 7	220	US Patent	7CYN
Cn1nc(-c2ccc(OCC3CCNCC3)c(F)c2)c2cnc(N)nc12	Toll-like receptor 7	220	ChEMBL	
COc1cc2c(n[nH]c2cc1-c1ccncc1)C(=O)N1CCN(C)CC1	Toll-like receptor 7	220	ChEMBL	7CYN
CC(C)c1c([nH]c2ccc(cc12)-c1nnc([nH]1)C1CCCNC1)-c1ccnc(C)c1	Toll-like receptor 7	220	US Patent	7CYN
CNC1CCC(CC1)c1ccc2[nH]c(-c3cn(CCS(C)(=O)=O)c4ncccc34)c(C(C)C)c2n1	Toll-like receptor 7	223	US Patent	7CYN
CC(C)c1c([nH]c2ccc(cc12)C1CCN(Cc2nnc(o2)C2CC2)CC1)-c1cc(C)ncc1C	Toll-like receptor 7	223	US Patent	7CYN
CNC1CCC(CC1)c1ccc2[nH]c(-c3cn(CCS(C)(=O)=O)c4ncccc34)c(C(C)C)c2n1	Toll-like receptor 7	223	US Patent	7CYN
CC(C)c1c([nH]c2ccc(cc12)C(C)C(=O)NC1CCC2CNCC12)-c1ccnc(C)c1	Toll-like receptor 7	223	US Patent	7CYN
CNC1CCC(CC1)c1ccc2[nH]c(-c3cn(CCS(C)(=O)=O)c4ncccc34)c(C(C)C)c2n1	Toll-like receptor 7	223	US Patent	7CYN
CC(C)c1c([nH]c2ccc(cc12)C1CCN(Cc2cnc[nH]2)CC1)-c1ccnc(N)c1	Toll-like receptor 7	224	US Patent	7CYN
CC(C)c1c([nH]c2ccc(cc12)-c1ccnc(c1)-c1cn[nH]c1)-c1ccnc(C)c1	Toll-like receptor 7	224	US Patent	7CYN
COc1nc(C)c2nc(-c3cccnc3)n(Cc3ccc(C4CN5CCC4CC5)c(F)c3)c2n1	Toll-like receptor 7	225	US Patent	7CYN
COc1ccc(cc1OC)-c1[nH]c2ccc(cc2c1C(C)C)-c1nnc(CN2CCC[C@H]2C(N)=O)o1	Toll-like receptor 7	225	US Patent	7CYN
CCc1c([nH]c2ccc(cc12)C1CCN(CC1)C1CC(C)(C)NC(C)(C)C1)-c1ccncc1	Toll-like receptor 7	226	US Patent	7CYN
COCCN(CCOC)Cc1nnc(o1)-c1ccc2[nH]c(c(C(C)C)c2c1)-c1ccc(OC)c(OC)c1	Toll-like receptor 7	227	US Patent	7CYN
CCc1c([nH]c2ccc(cc12)-c1noc(n1)C1CCCNC1)-c1ccnc(C)c1	Toll-like receptor 7	228	US Patent	7CYN
COc1ccc(cc1OC)-c1[nH]c2ccc(cc2c1C(C)C)-c1nnc(CN2CC3CNCC3C2)o1	Toll-like receptor 7	228	US Patent	7CYN
CC(C)c1c([nH]c2ccc(cc12)-c1nc(co1)C(=O)NCCN(C)C)-c1ccnc2[nH]ncc12	Toll-like receptor 7	229	US Patent	7CYN
CC(C)c1c([nH]c2ccc(cc12)C1CCN(CC(F)(F)F)CC1)-c1cc(C)nc(C)c1	Toll-like receptor 7	230	US Patent	7CYN
CCOc1nc(N)c2nc(-c3cncc(F)c3)n(Cc3ccc(OC4CCN(C)CC4)nc3)c2n1	Toll-like receptor 7	230	US Patent	7CYN
CCOc1nc(C)c2nc(-c3cncc(F)c3)n(Cc3ccc(CN4C[C@@H]5C[C@H]4CN5CC)nc3)c2n1	Toll-like receptor 7	230	US Patent	7CYN
CNCCN1CCC(CC1)c1ccc2[nH]c(c(C)c2c1)-c1ccnc(c1)C(=O)OC	Toll-like receptor 7	231	US Patent	7CYN
CC(C)c1c([nH]c2ccc(cc12)C(C)(C)C(=O)NCC1CCCNC1)-c1ccnc(C)c1	Toll-like receptor 7	238	US Patent	7CYN
CCc1c([nH]c2ccc(cc12)-c1noc(CCC2CCN(CC2)C(C)C)n1)-c1ccnc(C)c1	Toll-like receptor 7	239	US Patent	7CYN
CCCCc1nc2c(N)nc3ccccc3c2n1Cc1ccc(CNC(=O)CCCCCCC(=O)NCc2ccc(Cn3c(CCCC)nc4c(N)nc5ccccc5c34)cc2)cc1	Toll-like receptor 7	240	ChEMBL	7CYN
CNCCN1CCC(CC1)c1nnc(o1)-c1ccc2[nH]c(c(CC(F)(F)F)c2c1)-c1ccc(OC)c(OC)c1	Toll-like receptor 7	244	US Patent	7CYN
CNCCNc1ccc(cc1)-c1ccc2[nH]c(c(C(C)C)c2c1)-c1ccc(OC)c(OC)c1	Toll-like receptor 7	246	US Patent	7CYN
CCOC(=O)N1CCC(CC1)c1ccc2[nH]c(c(C(C)C)c2c1)-c1ccnc(C)c1	Toll-like receptor 7	247	US Patent	7CYN
CCOc1nc(C)c2nc(-c3cncc(F)c3)n(Cc3cnn(CCN4CCOCC4)c3)c2n1	Toll-like receptor 7	248	US Patent	7CYN
COCCOc1nc(N)c2nc(-c3cncc(F)c3)n(Cc3ccc(CN4CCCCC4)cc3)c2n1	Toll-like receptor 7	250	US Patent	7CYN
CNCCN1CCC(CC1)c1ccc2[nH]c(c(C)c2c1)-c1ccc(OC)c(OC)c1	Toll-like receptor 7	250	ChEMBL	7CYN
CC(C)c1c([nH]c2ccc(cc12)-c1ccc(cc1)C(C)N1CCOCC1)-c1ccnc2[nH]ncc12	Toll-like receptor 7	250	US Patent	7CYN
CNCCN1CCC(CC1)c1ccc2[nH]c(c(C)c2c1)-c1ccc(OC)c(OC)c1	Toll-like receptor 7	250	ChEMBL	7CYN
CCc1c([nH]c2ccc(cc12)C1CCN(CC1)C(=O)c1ccncc1)-c1ccnc(C)c1	Toll-like receptor 7	251	US Patent	7CYN
CC(C)c1c([nH]c2ccc(cc12)C1CCN(CC1)C(=O)CC(C)=C)-c1ccnc(C)c1	Toll-like receptor 7	251	US Patent	7CYN
CC(C)c1c([nH]c2ccc(cc12)-c1nnc(CCCCN)o1)-c1ccnc(C)c1	Toll-like receptor 7	251	US Patent	7CYN
CCc1c([nH]c2ccc(cc12)C1CCN(CC1)C(C)C)-c1ccnc(C)c1	Toll-like receptor 7	252	US Patent	7CYN
CC(C)c1c([nH]c2ccc(cc12)C(C)C(=O)NC1CCCC(N)C1)-c1ccnc(C)c1	Toll-like receptor 7	256	US Patent	7CYN
COc1ccc(-c2nc3cc(ccn3c2CN2CCCC2)N2CCN(CC2)C(C)C)c(OC)c1	Toll-like receptor 7	258	ChEMBL	7CYN
CC(C)c1c([nH]c2ccc(cc12)-c1nnc(Cc2c[nH]cn2)o1)-c1ccnc(C)c1	Toll-like receptor 7	258	US Patent	7CYN
CCc1c([nH]c2ccc(cc12)C(=O)NCCCN1CCCCC1)-c1ccc(OC)c(OC)c1	Toll-like receptor 7	258	US Patent	7CYN
CC(C)c1c([nH]c2ccc(cc12)-c1nnc(NC(=O)CN(C)C)o1)-c1ccnc(C)c1	Toll-like receptor 7	258	US Patent	7CYN
CC(C)c1c([nH]c2ccc(cc12)C(C)(C)C(=O)N1CC2CC1CN2)-c1ccnc(C)c1	Toll-like receptor 7	260	US Patent	7CYN
Clc1ccc(-c2nc(cs2)C(=O)NNC(=O)c2ccccn2)c(Cl)c1	Toll-like receptor 7	260	ChEMBL	7CYN
CCOc1nc(C)c2nc(-c3cncc(F)c3)n(Cc3cnn(CC4CN(C)CCO4)c3)c2n1	Toll-like receptor 7	261	US Patent	7CYN
CC(C)c1c([nH]c2ccc(nc12)C1CCC(CC1)NCC(=O)N(C)C)-c1cn(CCS(C)(=O)=O)c2ncccc12	Toll-like receptor 7	262	US Patent	7CYN
CC(C)c1c([nH]c2ccc(nc12)C1CCC(CC1)NCC(=O)N(C)C)-c1cn(CCS(C)(=O)=O)c2ncccc12	Toll-like receptor 7	262	US Patent	7CYN
CC(C)c1c([nH]c2ccc(nc12)C1CCC(CC1)NCC(=O)N(C)C)-c1cn(CCS(C)(=O)=O)c2ncccc12	Toll-like receptor 7	262	US Patent	7CYN
COc1cc(cn2ncnc12)-c1[nH]c2ccc(nc2c1C(C)C)N1CC(C1)N(C)C(=O)CN(C)C	Toll-like receptor 7	263	US Patent	7CYN
COc1nc(C)c2nc(-c3cncc(F)c3)n(Cc3ccc([C@@H]4CN5CCC4CC5)c(c3)C#N)c2n1	Toll-like receptor 7	263	US Patent	7CYN
COc1cc(cn2ncnc12)-c1[nH]c2ccc(nc2c1C(C)C)N1CC(C1)N(C)C(=O)CN(C)C	Toll-like receptor 7	263	US Patent	7CYN
COc1cc(cn2ncnc12)-c1[nH]c2ccc(nc2c1C(C)C)N1CC(C1)N(C)C(=O)CN(C)C	Toll-like receptor 7	263	US Patent	7CYN
CCN(C)C1CCC(CC1)c1cc2c(C(C)C)c([nH]c2cn1)-c1cc(OC)c2ncnn2c1	Toll-like receptor 7	263	US Patent	7CYN
CC(C)c1c([nH]c2ccc(nc12)N1CC(C1)N1CCS(=O)(=O)CC1)-c1cn2ncnc2c(C)c1C	Toll-like receptor 7	264	US Patent	7CYN
COc1nc(C)c2nc(-c3cncc(F)c3)n(Cc3ccc(cn3)C3CN4CCC3CC4)c2n1	Toll-like receptor 7	264	US Patent	7CYN
CC(C)c1c([nH]c2ccc(nc12)N1CC(C1)N1CCS(=O)(=O)CC1)-c1cn2ncnc2c(C)c1C	Toll-like receptor 7	264	US Patent	7CYN
CC(C)c1c([nH]c2ccc(cc12)-c1cnc(N)nc1)-c1ccnc(C)c1	Toll-like receptor 7	264	US Patent	7CYN
CC(C)c1c([nH]c2ccc(nc12)N1CC(C1)N1CCS(=O)(=O)CC1)-c1cn2ncnc2c(C)c1C	Toll-like receptor 7	264	US Patent	7CYN
COc1ccc(cc1OC)-c1[nH]c2ccc(cc2c1C(C)C)-c1nnc(CN(C)C)o1	Toll-like receptor 7	266	US Patent	7CYN
CC(C)c1c([nH]c2ccc(cc12)C(C)C(=O)N[C@H]1CCNC1)-c1ccnc(C)c1	Toll-like receptor 7	268	US Patent	7CYN
CC(C)c1c([nH]c2ccc(cc12)C1CCN(CC(=O)N(C)C)CC1)-c1cc(N2CCOCC2)c2nc(C)nn2c1	Toll-like receptor 7	269	US Patent	7CYN
CC(C)c1c([nH]c2ccc(cc12)C1CCN(CC(=O)N(C)C)CC1)-c1cc(N2CCOCC2)c2nc(C)nn2c1	Toll-like receptor 7	269	US Patent	7CYN
CCOc1nc(C)c2nc(-c3cncc(F)c3)n(Cc3ccc(cc3C#N)C3CN4CCC3CC4)c2n1	Toll-like receptor 7	270	US Patent	7CYN
CCOc1nc(C)c2nc(-c3cncc(F)c3)n(Cc3cnn(CC4CCNC4)c3)c2n1	Toll-like receptor 7	272	US Patent	7CYN
CC(C)c1c([nH]c2ccc(cc12)C(C)C(=O)N[C@@H]1CCCNC1)-c1ccnc(C)c1	Toll-like receptor 7	273	US Patent	7CYN
COc1ccc(cc1OC)-c1[nH]c2ccc(cc2c1C(C)C)-c1ccc(OC2CCNCC2)cc1	Toll-like receptor 7	274	US Patent	7CYN
CNCCN1CC2CN(CC2C1)C(=O)c1ccc2[nH]c(c(C(C)C)c2c1)-c1ccc(OC)c(OC)c1	Toll-like receptor 7	274	US Patent	7CYN
CCc1c([nH]c2ccc(cc12)C1CCN(CC1)C(=O)c1ccnc(F)c1)-c1ccnc(C)c1	Toll-like receptor 7	276	US Patent	7CYN
CCc1c([nH]c2ccc(cc12)C1CCNCC1)-c1ccnc(N)c1	Toll-like receptor 7	277	US Patent	7CYN
CC(C)c1c([nH]c2ccc(cc12)-c1nnc([nH]1)C1CCNCC1)-c1ccnc(C)c1	Toll-like receptor 7	277	US Patent	7CYN
CC(C)c1c([nH]c2ccc(cc12)C(C)C(=O)N1CCCC(CN)C1)-c1ccnc(C)c1	Toll-like receptor 7	277	US Patent	7CYN
CC(C)c1c([nH]c2ccc(cc12)C1CCNCC1)-c1c(C)c(C)nc(C)c1C	Toll-like receptor 7	278	US Patent	7CYN
CCOc1nc(N)c2nc(-c3cncc(F)c3)n(Cc3ccc(OCCN4CCN(C)CC4)nc3)c2n1	Toll-like receptor 7	280	US Patent	7CYN
CNCC(=O)N1CC2CN(CC2C1)C(=O)c1ccc2[nH]c(c(C(C)C)c2c1)-c1ccc(OC)c(OC)c1	Toll-like receptor 7	280	US Patent	7CYN
CC(C)c1c([nH]c2ccc(cc12)C(C)C(=O)N(C)C1CCCNC1)-c1ccnc(C)c1	Toll-like receptor 7	280	US Patent	7CYN
CCc1c([nH]c2ccc(cc12)-c1noc(n1)[C@@H]1C[C@@H]2CC[C@H](C1)N2)-c1ccc(OC)c(OC)c1	Toll-like receptor 7	282	US Patent	7CYN
CC(C)c1c([nH]c2ccc(cc12)C1CCN(Cc2cnc(C)[nH]2)CC1)-c1ccnc(N)c1	Toll-like receptor 7	283	US Patent	7CYN
CC(C)c1c([nH]c2ccc(cc12)C(C)(C)C(=O)NC[C@@H](F)C(C)(C)O)-c1ccnc(C)c1	Toll-like receptor 7	284	US Patent	7CYN
CC(C)c1c([nH]c2ccc(cc12)-c1nnc(o1)C(=O)N(C)C)-c1ccnc(N)c1	Toll-like receptor 7	284	US Patent	7CYN
CC(C)c1c([nH]c2ccc(cc12)C1CCN(CC(=O)NC23CC4CC(CC(C4)C2)C3)CC1)-c1cc(C)nc(C)c1	Toll-like receptor 7	286	US Patent	7CYN
CC(C)c1c([nH]c2ccc(cc12)-c1nnc(CCc2cccnc2)o1)-c1ccnc(C)c1	Toll-like receptor 7	286	US Patent	7CYN
COC(=O)N1CCC(CC1)c1ccc2[nH]c(c(C(C)C)c2c1)-c1ccnc(C)c1	Toll-like receptor 7	287	US Patent	7CYN
COc1ccc(cc1OC)-c1[nH]c2ccc(cc2c1CC(F)(F)F)-c1cccc(c1)C(=O)N1CCN(CC1)c1ccncc1	Toll-like receptor 7	287	US Patent	7CYN
CCOc1nc(N)c2nc(-c3cncc(F)c3)n(Cc3ccc(CN4CCN(C)C(=O)C4)cc3)c2n1	Toll-like receptor 7	290	US Patent	7CYN
COc1nc(C)c2nc(-c3cncc(F)c3)n(Cc3ccc(cc3F)C3=CCN(CC3)C(=O)OC(C)(C)C)c2n1	Toll-like receptor 7	291	US Patent	7CYN
CC(C)N1CCC(CC1)N1CCC(CC1)c1ccc2[nH]c(c(C)c2c1)-c1ccncc1	Toll-like receptor 7	292	US Patent	7CYN
CNC(=O)CN1CCC(CC1)c1nnc(o1)-c1ccc2[nH]c(c(C(C)C)c2c1)-c1ccnc2[nH]ncc12	Toll-like receptor 7	294	US Patent	7CYN
CCc1c([nH]c2ccc(cc12)C(=O)N1CCC(CC1)N(C)C)-c1ccc(OC)c(OC)c1	Toll-like receptor 7	296	US Patent	7CYN
CCc1c([nH]c2ccc(cc12)C(=O)N1CC2CNCC2C1)-c1ccc(OC)c(OC)c1	Toll-like receptor 7	296	US Patent	7CYN
CC(C)c1c([nH]c2ccc(cc12)C(C)C(=O)N1CCC(N)CC1)-c1ccnc(C)c1	Toll-like receptor 7	296	US Patent	7CYN
CCc1c([nH]c2ccc(cc12)C(=O)N1CCN(CC1)C(C)C)-c1ccc(OC)c(OC)c1	Toll-like receptor 7	299	US Patent	7CYN
CCOc1nc(C)c2nc(-c3cncc(F)c3)n(Cc3cnn(CCN4CCCC4)c3)c2n1	Toll-like receptor 7	300	US Patent	7CYN
CCCCOc1nc(N)c2nc(-c3cncc(F)c3)n(Cc3cccc(CN4CCOCC4)c3)c2n1	Toll-like receptor 7	300	US Patent	7CYN
COCCOc1nc(C)c2nc(-c3cncc(F)c3)n(Cc3ccc(CN4CCOCC4)cc3)c2n1	Toll-like receptor 7	300	US Patent	7CYN
CC(C)c1c([nH]c2ccc(cc12)C1CCNCC1)-c1c(C)c(C)nc(C)c1C	Toll-like receptor 7	300	ChEMBL	7CYN
Cn1ncc2c(nc(N)nc12)-c1ccc(OCC23CCC(N)(CC2)CC3)c(F)c1	Toll-like receptor 7	300	ChEMBL	
CC[C@@H](CCO)Nc1nc(N)nc2cnn(Cc3ccc(CNC4CCOCC4)cc3OC)c12	Toll-like receptor 7	302	ChEMBL	7CYN
CCN1CCC(CC1)N1CCC(CC1)c1ccc2[nH]c(c(CC)c2c1)-c1ccnc(OC)c1	Toll-like receptor 7	304	US Patent	7CYN
COc1ccc(cc1OC)-c1[nH]c2ccc(cc2c1C(C)C)-c1cc[nH]c1	Toll-like receptor 7	305	US Patent	7CYN
CCc1c([nH]c2ccc(cc12)-c1noc(n1)C1CCNCC1)-c1ccc(OC)c(OC)c1	Toll-like receptor 7	306	US Patent	7CYN
CCc1c([nH]c2ccc(cc12)-c1noc(CCN(C)C)n1)-c1ccc(OC)c(OC)c1	Toll-like receptor 7	306	US Patent	7CYN
COc1ccc(-c2cn3ccc(cc3n2)N2CCNCC2)c(OC)c1	Toll-like receptor 7	308	ChEMBL	7CYN
CCc1c([nH]c2ccc(cc12)C1CCN(CC1)C1CCN(CC1)C(C)C)-c1ccnc(OC)c1	Toll-like receptor 7	309	US Patent	7CYN
CCOc1nc(C)c2nc(-c3cncc(F)c3)n(Cc3ccc(nc3)[C@@H]3CN4CCC3CC4)c2n1	Toll-like receptor 7	310	US Patent	7CYN
CN1CCN(CCCOc2ccc(cc2F)-c2nn(C)c3nc(N)ncc23)CC1	Toll-like receptor 7	310	ChEMBL	7CYN
COc1cc(cn2ncnc12)-c1[nH]c2ccc(cc2c1C(C)C)C1CCN(CC1)C(=O)CC(C)(C)O	Toll-like receptor 7	311	US Patent	7CYN
COc1cc(cn2ncnc12)-c1[nH]c2ccc(cc2c1C(C)C)C1CCN(CC1)C(=O)CC(C)(C)O	Toll-like receptor 7	311	US Patent	7CYN
CC(C)c1c([nH]c2ccc(cc12)-c1nnc(CN2CC[C@H](C2)N(C)C)o1)-c1ccnc2[nH]ncc12	Toll-like receptor 7	314	US Patent	7CYN
CNC(=O)CN1CCC(CC1)c1ccc2[nH]c(c(C(C)C)c2c1)-c1cc(N2CCOCC2)c2nc(C)nn2c1	Toll-like receptor 7	319	US Patent	7CYN
CNC(=O)CN1CCC(CC1)c1ccc2[nH]c(c(C(C)C)c2c1)-c1cc(N2CCOCC2)c2nc(C)nn2c1	Toll-like receptor 7	319	US Patent	7CYN
CC(C)c1c([nH]c2ccc(nc12)C1CCNCC1)-c1ccc(=O)n(C)c1	Toll-like receptor 7	319	US Patent	7CYN
CC(C)c1c([nH]c2ccc(nc12)C1CCNCC1)-c1ccc(=O)n(C)c1	Toll-like receptor 7	319	US Patent	7CYN
CC(C)c1c([nH]c2ccc(nc12)C1CCNCC1)-c1ccc(=O)n(C)c1	Toll-like receptor 7	319	US Patent	7CYN
CC(C)c1c([nH]c2ccc(cc12)-c1nnc(o1)[C@@H]1CSCN1)-c1ccnc(C)c1	Toll-like receptor 7	320	US Patent	7CYN
CCc1c([nH]c2ccc(cc12)-c1noc(n1)C1CC2(C1)CCNCC2)-c1ccnc(C)c1	Toll-like receptor 7	321	US Patent	7CYN
CNC(=O)CN(C1COC1)C1CCC(CC1)c1ccc2[nH]c(c(C(C)C)c2n1)-c1cn2ncnc2c(C)c1C	Toll-like receptor 7	323	US Patent	7CYN
CNC(=O)CN(C1COC1)C1CCC(CC1)c1ccc2[nH]c(c(C(C)C)c2n1)-c1cn2ncnc2c(C)c1C	Toll-like receptor 7	323	US Patent	7CYN
CNC(=O)CN(C1COC1)C1CCC(CC1)c1ccc2[nH]c(c(C(C)C)c2n1)-c1cn2ncnc2c(C)c1C	Toll-like receptor 7	323	US Patent	7CYN
CC(C)c1nc(CN2CCC(CC2)c2ccc3[nH]c(c(C(C)C)c3c2)-c2ccc3ncnn3c2)cs1	Toll-like receptor 7	325	US Patent	7CYN
CC(C)c1nc(CN2CCC(CC2)c2ccc3[nH]c(c(C(C)C)c3c2)-c2ccc3ncnn3c2)cs1	Toll-like receptor 7	325	US Patent	7CYN
CCc1c([nH]c2ccc(cc12)-c1noc(CCC2CCNCC2)n1)-c1ccnc(C)c1	Toll-like receptor 7	327	US Patent	7CYN
CC(C)c1c([nH]c2ccc(cc12)-c1nnc(o1)C(=O)N1CC2CNCC2C1)-c1ccnc2[nH]ncc12	Toll-like receptor 7	328	US Patent	7CYN
CCc1c([nH]c2ccc(cc12)C1CCN(CCNC)CC1)-c1ccnc(OC)c1	Toll-like receptor 7	330	US Patent	7CYN
COc1ccc(cc1OC)-c1[nH]c2ccc(cc2c1C(C)C)-c1nnc(CN2CCN(CC2)C(C)=O)o1	Toll-like receptor 7	331	US Patent	7CYN
CC(C)c1c([nH]c2ccc(cc12)C(C)(C)C(=O)NCC1CCNCC1)-c1ccnc(C)c1	Toll-like receptor 7	331	US Patent	7CYN
CNCCN1CCC(CC1)c1ccc2[nH]c(c(C)c2c1)-c1ccnc(F)c1	Toll-like receptor 7	332	US Patent	7CYN
CC(C)c1c([nH]c2ccc(cc12)-c1nnc(CC2CCCNC2)o1)-c1ccnc2[nH]ncc12	Toll-like receptor 7	332	US Patent	7CYN
CC(C)c1c([nH]c2ccc(cc12)C1CCN(CC1)S(=O)(=O)c1ccccc1)-c1ccnc(C)c1	Toll-like receptor 7	333	US Patent	7CYN
COc1cc(CNC2CCOCC2)ccc1Cn1ncc2nc(N)nc(N[C@H](CCO)C3CC3)c12	Toll-like receptor 7	333	ChEMBL	7CYN
COc1ccc(cc1OC)-c1[nH]c2ccc(cc2c1C(C)C)-c1cnc(cc1C)N1CCN(CC1)C(C)C	Toll-like receptor 7	334	US Patent	7CYN
CC(C)c1c([nH]c2ccc(cc12)C(=O)N1CC2CC(CC2C1)[I]=N)-c1ccnc(C)c1	Toll-like receptor 7	335	US Patent	7CYN
CC(C)CS(=O)(=O)N1CCC(CC1)c1ccc2[nH]c(c(C(C)C)c2c1)-c1ccnc(C)c1	Toll-like receptor 7	336	US Patent	7CYN
COc1ccc(cc1OC)-c1[nH]c2ccc(cc2c1C(C)C)-c1ccc(OC2CCN(CC2)C(C)C)cc1	Toll-like receptor 7	338	US Patent	7CYN
CCc1c([nH]c2ccc(cc12)-c1noc(n1)C1CCN(CC1)C(C)C)-c1ccc(OC)c(OC)c1	Toll-like receptor 7	338	US Patent	7CYN
CNC(=O)CN1CC2CN(CC2C1)C(=O)c1ccc2[nH]c(c(C(C)C)c2c1)-c1ccc(OC)c(OC)c1	Toll-like receptor 7	343	US Patent	7CYN
COc1ccc(cc1OC)-c1[nH]c2ccc(cc2c1C(C)C)-c1nnc(o1)C(=O)N1CCC(O)CC1	Toll-like receptor 7	348	US Patent	7CYN
COc1nc(C)c2nc(-c3cncc(F)c3)n(Cc3ccc(CC4CCN(CC4)C(=O)OC(C)(C)C)cc3F)c2n1	Toll-like receptor 7	355	US Patent	7CYN
CCc1c([nH]c2ccc(cc12)C1CCN(CC1)C1CCN(CC1)C1CC1)-c1ccnc(OC)c1	Toll-like receptor 7	356	US Patent	7CYN
CCc1c([nH]c2ccc(cc12)C(=O)N(C)Cc1cccnc1)-c1ccc(OC)c(OC)c1	Toll-like receptor 7	356	US Patent	7CYN
CCOc1nc(N)c2nc(-c3cncc(F)c3)n(Cc3cc(F)ccc3F)c2n1	Toll-like receptor 7	357	US Patent	7CYN
CC(C)c1c([nH]c2ccc(cc12)C1CCNCC1)-c1ccnc(N)c1N	Toll-like receptor 7	358	US Patent	7CYN
CCc1c([nH]c2ccc(cc12)C(=O)N(C)Cc1csc(n1)C1CCNCC1)-c1ccc(OC)c(OC)c1	Toll-like receptor 7	362	US Patent	7CYN
CCN1CCN(CC1)C(=O)c1ccc2[nH]c(c(CC)c2c1)-c1ccc(OC)c(OC)c1	Toll-like receptor 7	367	US Patent	7CYN
COCCOc1nc(N)c2nc(-c3cncc(F)c3)n(Cc3ccc(CN4CCC(F)(F)CC4)cc3)c2n1	Toll-like receptor 7	370	US Patent	7CYN
CCc1c([nH]c2ccc(cc12)C1CCN(CC1)C1CCCN(CC1)C1CCCC1)-c1ccnc(OC)c1	Toll-like receptor 7	371	US Patent	7CYN
COc1ccc(cc1OC)-c1[nH]c2ccc(cc2c1C(C)C)-c1nnc(CN2CCNC(=O)C2)o1	Toll-like receptor 7	371	US Patent	7CYN
CC(C)c1c([nH]c2ccc(nc12)N1CCC(N)CC1)-c1cc(CO)c2ncnn2c1	Toll-like receptor 7	373	US Patent	7CYN
CC(C)c1c([nH]c2ccc(nc12)N1CCC(N)CC1)-c1cc(CO)c2ncnn2c1	Toll-like receptor 7	373	US Patent	7CYN
CC(C)c1c([nH]c2ccc(nc12)N1CCC(N)CC1)-c1cc(CO)c2ncnn2c1	Toll-like receptor 7	373	US Patent	7CYN
COc1ccc(cc1OC)-c1[nH]c2ccc(cc2c1C)C1CCNCC1	Toll-like receptor 7	380	ChEMBL	7CYN
COc1ccc(cc1OC)-c1[nH]c2ccc(cc2c1C(C)C)-c1nnc(o1)C1CNC1	Toll-like receptor 7	381	US Patent	7CYN
CCc1c([nH]c2ccc(cc12)C(=O)NCCc1ccncc1)-c1ccc(OC)c(OC)c1	Toll-like receptor 7	382	US Patent	7CYN
Cc1nc2ccc(cn2n1)-c1[nH]c2ccc(cc2c1CC(F)F)C1CCN(CC1)C(=O)CC(C)(C)O	Toll-like receptor 7	385	US Patent	7CYN
CC(C)c1c([nH]c2ccc(cc12)C1CCN(CC1)C1COC1)-c1cc(N2CCN(C)CC2)c2ncnn2c1	Toll-like receptor 7	385	US Patent	7CYN
CC(C)c1c([nH]c2ccc(cc12)C1CCN(CC1)C1COC1)-c1cc(N2CCN(C)CC2)c2ncnn2c1	Toll-like receptor 7	385	US Patent	7CYN
Cc1nc2ccc(cn2n1)-c1[nH]c2ccc(cc2c1CC(F)F)C1CCN(CC1)C(=O)CC(C)(C)O	Toll-like receptor 7	385	US Patent	7CYN
COc1ccc(cc1OC)-c1[nH]c2ccc(cc2c1C(C)C)-c1nnc(CNCCOC(C)C)o1	Toll-like receptor 7	386	US Patent	7CYN
CN1CCC(CC1)N1CCC(CC1)c1ccc2[nH]c(c(C)c2c1)-c1ccncc1	Toll-like receptor 7	388	US Patent	7CYN
COc1cc(ccn1)-c1[nH]c2ccc(cc2c1C(C)C)C1CCN(CC1)C1CCN(CC1)C1CCCC1	Toll-like receptor 7	389	US Patent	7CYN
COc1nc(C)c2nc(-c3cncc(F)c3)n(Cc3cc(Br)ccc3F)c2n1	Toll-like receptor 7	389	US Patent	7CYN
CCc1c([nH]c2ccc(cc12)C(=O)NCc1ccc(cc1)N1CCNCC1)-c1ccc(OC)c(OC)c1	Toll-like receptor 7	391	US Patent	7CYN
COc1ccc(-c2cn3ccc(NCCCN4CCCC4)cc3n2)c(OC)c1	Toll-like receptor 7	395	ChEMBL	7CYN
CCCOc1nc(C)c2nc(-c3cncc(C)c3)n(Cc3ccc(O[C@@H]4CN5CCC4CC5)nc3)c2n1	Toll-like receptor 7	400	US Patent	7CYN
CCCCOc1nc(N)c2nc(-c3cncc(F)c3)n(Cc3ccc(CN(C)C)cc3)c2n1	Toll-like receptor 7	400	US Patent	7CYN
CC(C)c1c([nH]c2ccc(nc12)N1CCN(CCN2CCOCC2)C(=O)C1)-c1cn2ncnc2c(C)c1C	Toll-like receptor 7	401	US Patent	7CYN
CC(C)c1c([nH]c2ccc(nc12)N1CCN(CCN2CCOCC2)C(=O)C1)-c1cn2ncnc2c(C)c1C	Toll-like receptor 7	401	US Patent	7CYN
CCc1c([nH]c2ccc(cc12)C(=O)N1CC2CNCC2C1)-c1ccc(OC)c(OC)c1	Toll-like receptor 7	401	US Patent	7CYN
CC(C)c1c([nH]c2ccc(nc12)N1CCN(CCN2CCOCC2)C(=O)C1)-c1cn2ncnc2c(C)c1C	Toll-like receptor 7	401	US Patent	7CYN
CC(C)N1CCC(CC1)N1CCC(CC1)c1ccc2[nH]c(c(C)c2c1)-c1ccnc(C)c1C	Toll-like receptor 7	404	US Patent	7CYN
COc1ccc(cc1OC)-c1[nH]c2ccc(cc2c1CC(F)(F)F)-c1cccc(c1)C(=O)N1CCN(CC1)C1CCN(C)CC1	Toll-like receptor 7	405	US Patent	7CYN
CC(C)c1c([nH]c2ccc(cc12)C1CCN(Cc2nnn[nH]2)CC1)-c1cc(C)ncc1F	Toll-like receptor 7	408	US Patent	7CYN
CC(C)c1c([nH]c2cnc(N3CC4(CN(C4)C(=O)CN4CCOCC4)C3)c(F)c12)-c1cn2ncnc2c(C)c1C	Toll-like receptor 7	409	US Patent	7CYN
CNCCN1CCC(CC1)c1ccc2[nH]c(c(C)c2c1)-c1ccnc(c1)C(F)(F)F	Toll-like receptor 7	410	US Patent	7CYN
CC(C)c1c([nH]c2ccc(cc12)C1CCN(CC1)C(=O)C1CCNCC1)-c1ccnc(N)c1	Toll-like receptor 7	415	US Patent	7CYN
C[C@@H](O)CC(=O)N1CCC(CC1)c1ccc2[nH]c(c(CC(F)F)c2c1)-c1ccc2nc(C)nn2c1	Toll-like receptor 7	416	US Patent	7CYN
C[C@@H](O)CC(=O)N1CCC(CC1)c1ccc2[nH]c(c(CC(F)F)c2c1)-c1ccc2nc(C)nn2c1	Toll-like receptor 7	416	US Patent	7CYN
COc1ccc(cc1OC)-c1[nH]c2ccc(cc2c1CC(F)(F)F)-c1cccc(c1)C(=O)NCCN1CCOCC1	Toll-like receptor 7	416	US Patent	7CYN
CNCCN1CCn2nc(nc2C1)-c1ccc2[nH]c(c(C(C)C)c2c1)-c1ccnc2[nH]ncc12	Toll-like receptor 7	417	US Patent	7CYN
CCc1c([nH]c2ccc(cc12)C(=O)N1CC2CN(CC2C1)C(C)C)-c1ccc(OC)c(OC)c1	Toll-like receptor 7	418	US Patent	7CYN
CCC[C@@H](CO)Nc1nc(N)nc2cnn(Cc3ccc(CNC4CCOCC4)cc3OC)c12	Toll-like receptor 7	419	ChEMBL	
CCOc1nc(N)c2nc(-c3cncc(F)c3)n(Cc3ccc(F)c(OCCN(C)C)c3)c2n1	Toll-like receptor 7	420	US Patent	7CYN
CC(C)c1c([nH]c2ccc(cc12)C1CCNCC1)-c1ccnc(CN)c1	Toll-like receptor 7	423	US Patent	7CYN
COc1ccc(cc1OC)-c1[nH]c2ccc(cc2c1C(C)C)-c1ccc(cc1)-c1cccc(CN(C)C)c1	Toll-like receptor 7	428	US Patent	7CYN
CN(C)[C@@H]1CCN(CCCOc2ccc(cc2)-c2nc3ccc(OCCCN4CC[C@H](C4)N(C)C)cc3o2)C1	Toll-like receptor 7	430	ChEMBL	7CYN
CC(C)c1c([nH]c2ccc(cc12)C1CCN(CC(F)(F)F)CC1)-c1ccnc(C)c1	Toll-like receptor 7	434	US Patent	7CYN
CC(C)c1c([nH]c2ccc(cc12)-c1nc(co1)C(=O)NCC1CCNC1)-c1ccnc(C)c1	Toll-like receptor 7	440	US Patent	7CYN
Clc1cc(Cl)cc(c1)-c1nc(cs1)C(=O)NNC(=O)c1ccccn1	Toll-like receptor 7	440	ChEMBL	7CYN
COc1ccc(cc1OC)-c1[nH]c2ccc(cc2c1C(C)C)-c1ccc(CN2CCOCC2)cc1	Toll-like receptor 7	440	US Patent	7CYN
CC(C)c1c([nH]c2ccc(cc12)C1CCN(CC1)S(=O)(=O)c1ccc(C)cc1)-c1ccnc(C)c1	Toll-like receptor 7	441	US Patent	7CYN
CCc1c([nH]c2ccc(cc12)C(=O)NCS(O)(=O)=O)-c1ccc(OC)c(OC)c1	Toll-like receptor 7	441	US Patent	7CYN
CC(C)c1c([nH]c2ccc(cc12)C(C)C(=O)N1CCC(CN)C1)-c1ccnc(C)c1	Toll-like receptor 7	443	US Patent	7CYN
CCOc1nc(C)c2nc(-c3cncc(F)c3)n(Cc3cnn(CCN(C)C)c3)c2n1	Toll-like receptor 7	445	US Patent	7CYN
COc1ccc(cc1OC)-c1[nH]c2ccc(cc2c1CC(F)(F)F)-c1cccc(c1)C(=O)N1CC2CNCC2C1	Toll-like receptor 7	448	US Patent	7CYN
CCCCc1nc2c(N)nc3ccc(N)cc3c2n1Cc1ccc(CN)cc1	Toll-like receptor 7	450	ChEMBL	7CYN
CC(C)c1c([nH]c2ccc(cc12)-c1ccc2nccnc2c1)-c1ccnc2[nH]ncc12	Toll-like receptor 7	450	US Patent	7CYN
COc1ccc(-c2cn3ccc(cc3n2)N2CCN(CC2)C2CCCC2)c(OCCCN2CCCC2)c1	Toll-like receptor 7	456	ChEMBL	7CYN
CC(C)c1c([nH]c2ccc(cc12)C(C)C(=O)N[C@@H]1CCNC1)-c1ccnc(C)c1	Toll-like receptor 7	458	US Patent	7CYN
CCc1c([nH]c2ccc(cc12)C1CCN(CC1)C1CCNCC1)-c1ccnc(OC)c1	Toll-like receptor 7	459	US Patent	7CYN
CCOc1nc(N)c2nc(-c3cncc(F)c3)n(Cc3ccc4CN(Cc4c3)C(=O)CN(C)C)c2n1	Toll-like receptor 7	460	US Patent	7CYN
C(CNCc1ccc(CN2CCOCC2)cc1)COc1nc2ccc(OCCCNCc3ccc(CN4CCOCC4)cc3)cc2o1	Toll-like receptor 7	460	ChEMBL	7CYN
CCOc1nc(C)c2nc(-c3cncc(F)c3)n(Cc3ccc(cc3OCC)C3=CN4CCC3CC4)c2n1	Toll-like receptor 7	463	US Patent	7CYN
COc1cc(ccn1)-c1[nH]c2ccc(cc2c1C)C1CCN(CC1)C1CCN(CC1)C(C)C	Toll-like receptor 7	466	US Patent	7CYN
COc1ccc(-c2cn3ccc(cc3n2)N2CCN(CC2)C(C)C)c(OC)c1	Toll-like receptor 7	466	ChEMBL	7CYN
CC(C)c1c([nH]c2ccc(cc12)C(C)C(=O)NCC1CCCNC1)-c1ccnc(C)c1	Toll-like receptor 7	466	US Patent	7CYN
CCc1c([nH]c2ccc(cc12)C1CCN(CCC(F)(F)F)CC1)-c1ccnc(C)c1	Toll-like receptor 7	469	US Patent	7CYN
CCc1c([nH]c2ccc(cc12)C(=O)N1CC2CN(CC2C1)C(C)C)-c1ccnc(C)c1	Toll-like receptor 7	469	US Patent	7CYN
COc1ccc(cc1OC)-c1[nH]c2ccc(nc2c1C)C1CCN(CC1)C1CCN(CC(C)C)CC1	Toll-like receptor 7	471	US Patent	7CYN
COc1ccc(cc1OC)-c1[nH]c2ccc(nc2c1C)C1CCN(CC1)C1CCN(CC(C)C)CC1	Toll-like receptor 7	471	US Patent	7CYN
COc1ccc(cc1OC)-c1[nH]c2ccc(nc2c1C)C1CCN(CC1)C1CCN(CC(C)C)CC1	Toll-like receptor 7	471	US Patent	7CYN
CNCCN1CCC(CC1)c1ccc2[nH]c(c(C)c2c1)-c1ccnc(Cl)c1	Toll-like receptor 7	472	US Patent	7CYN
COc1ccc(-c2cn3ccc(cc3n2)N2CCN(CC2)C2CCCC2)c(OCCCN2CCOCC2)c1	Toll-like receptor 7	478	ChEMBL	7CYN
COc1ccc(cc1OC)-c1[nH]c2ccc(cc2c1C(C)C)-c1nnc(C)o1	Toll-like receptor 7	483	US Patent	7CYN
CC(C)c1c([nH]c2ccc(cc12)C1CCN(CC1)S(=O)(=O)c1ccc(F)cc1)-c1ccnc(C)c1	Toll-like receptor 7	486	US Patent	7CYN
CC(C)c1c([nH]c2ccc(cc12)-c1ccc2n(C)ncc2c1)-c1cccc2[nH]ncc12	Toll-like receptor 7	486	US Patent	7CYN
COc1c(C)[n+]([O-])ccc1-c1[nH]c2ccc(cc2c1C(C)C)C1CCNCC1	Toll-like receptor 7	489	US Patent	7CYN
CCN1CCC(CC1)N1CCC(CC1)c1ccc2[nH]c(c(C)c2c1)-c1ccncc1	Toll-like receptor 7	492	US Patent	7CYN
CCc1c([nH]c2ccc(cc12)C(=O)N1CCNC(=O)C1)-c1ccc(OC)c(OC)c1	Toll-like receptor 7	493	US Patent	7CYN
CCc1cc(ccn1)-c1[nH]c2ccc(cc2c1C)C1CCN(CCNC)CC1	Toll-like receptor 7	495	US Patent	7CYN
CNCCN1CCn2nc(c(C(N)=O)c2C1)-c1ccc2[nH]c(c(C(C)C)c2c1)-c1ccnc(C)c1	Toll-like receptor 7	496	US Patent	7CYN
CC(C)OC(=O)N1CCC(CC1)c1ccc2[nH]c(c(C(C)C)c2c1)-c1ccnc(C)c1	Toll-like receptor 7	500	US Patent	7CYN
CCCCOc1nc(C)c2nc(-c3cncc(F)c3)n(Cc3cccc(CN(C)C)c3)c2n1	Toll-like receptor 7	500	US Patent	7CYN
CN(C)Cc1ccc(Cn2c(nc3c(N)nc(Cl)nc23)-c2cncc(F)c2)cc1	Toll-like receptor 7	500	US Patent	7CYN
Clc1cccc(-c2nc(cs2)C(=O)NNC(=O)c2ccccn2)c1Cl	Toll-like receptor 7	500	ChEMBL	7CYN
Cn1nc(-c2ccc(OCC3CC4(CNC4)C3)c(F)c2)c2cnc(N)nc12	Toll-like receptor 7	500	ChEMBL	7CYN
CN(C)CCN(C)CCCOc1ccc(cc1)-c1nc2ccc(OCCCN(C)CCN(C)C)cc2o1	Toll-like receptor 7	500	ChEMBL	7CYN
CCc1c([nH]c2ccc(cc12)C1CCN(CC1)C1CCN(CC(C)C)CC1)-c1ccnc(OC)c1	Toll-like receptor 7	502	US Patent	7CYN
COc1nc(C)c2nc(-c3cncc(F)c3)n(Cc3ccc(cn3)C3=CN4CCC3CC4)c2n1	Toll-like receptor 7	504	US Patent	7CYN
COc1nc(C)c2nc(-c3cncc(F)c3)n(Cc3ccc(cn3)C3=CN4CCC3CC4)c2n1	Toll-like receptor 7	505	US Patent	7CYN
CCOc1nc(C)c2nc(-c3cncc(F)c3)n(Cc3ncc(cc3F)C3CN4CCC3CC4)c2n1	Toll-like receptor 7	506	US Patent	7CYN
CNCCN1CCC(CC1)c1ccc2[nH]c(c(C)c2c1)-c1ccnc(OC)c1	Toll-like receptor 7	515	US Patent	7CYN
CCc1c([nH]c2ccc(cc12)C(=O)N1CC2CN(CC(=O)NC)CC2C1)-c1ccc(OC)c(OC)c1	Toll-like receptor 7	515	US Patent	7CYN
CCc1c([nH]c2ccc(cc12)-c1ccc(cc1)N1CCN(C)CC1)-c1ccc(OC)c(OC)c1	Toll-like receptor 7	517	US Patent	7CYN
CC(C)c1c([nH]c2ccc(cc12)C(C)C(=O)N1CCCC(CCN)C1)-c1ccnc(C)c1	Toll-like receptor 7	517	US Patent	7CYN
CCOc1nc(N)c2nc(-c3cncc(F)c3)n(Cc3ccc(O[C@@H]4CCN(C)C4)nc3)c2n1	Toll-like receptor 7	520	US Patent	7CYN
CNCCN1CCC(CC1)c1ccc2[nH]c(c(C)c2c1)-c1ccnc(OC)c1	Toll-like receptor 7	520	ChEMBL	7CYN
CCc1c([nH]c2ccc(cc12)[C@@H]1CCNC[C@H]1F)-c1ccnc(N)c1	Toll-like receptor 7	526	US Patent	7CYN
CC(C)c1c([nH]c2ccc(nc12)C1CCC(O)CC1)-c1cn(CCS(C)(=O)=O)c2ncccc12	Toll-like receptor 7	527	US Patent	7CYN
CC(C)c1c([nH]c2ccc(nc12)C1CCC(O)CC1)-c1cn(CCS(C)(=O)=O)c2ncccc12	Toll-like receptor 7	527	US Patent	7CYN
CC(C)c1c([nH]c2ccc(nc12)C1CCC(O)CC1)-c1cn(CCS(C)(=O)=O)c2ncccc12	Toll-like receptor 7	527	US Patent	7CYN
CCc1c([nH]c2ccc(cc12)C1CCN(CC1)C(=O)C1CCNCC1c1ccccc1)-c1ccnc(C)c1	Toll-like receptor 7	531	US Patent	7CYN
CC(C)N1CCC(CC1)N1CCC(CC1)c1ccc2[nH]c(c(C)c2c1)-c1cc(C)nc(C)c1	Toll-like receptor 7	533	US Patent	7CYN
Cc1cc(cc(C)n1)-c1cc2cc(ccc2[nH]1)C1CCNCC1	Toll-like receptor 7	536	US Patent	7CYN
CCc1c([nH]c2ccc(cc12)C1CCN(CC1)C1CCN(CC(C)C)CC1)-c1cc(Cl)ncc1F	Toll-like receptor 7	537	US Patent	7CYN
CCc1c([nH]c2ccc(cc12)-c1noc(CCNC)n1)-c1ccc(OC)c(OC)c1	Toll-like receptor 7	539	US Patent	7CYN
CCOc1nc(N)c2nc(-c3cncc(F)c3)n(Cc3ccc(CN(C)C)cc3)c2n1	Toll-like receptor 7	540	US Patent	7CYN
COc1ccc(cc1OC)-c1[nH]c2ccc(cc2c1C(C)C)-c1ccc(NCCN2CCOCC2)cc1	Toll-like receptor 7	541	US Patent	7CYN
CNCCN1CCC(CC1)c1ccc2[nH]c(c(C)c2c1)-c1ccncc1	Toll-like receptor 7	545	US Patent	7CYN
CCc1c([nH]c2ccc(cc12)C(=O)N1CCN(CCO)CC1)-c1ccc(OC)c(OC)c1	Toll-like receptor 7	545	US Patent	7CYN
CCOc1nc(C)c2nc(-c3cncc(F)c3)n(Cc3cnc(CC4CCNCC4)cc3OC)c2n1	Toll-like receptor 7	549	US Patent	7CYN
CC(C)c1c([nH]c2ccc(cc12)-c1nnc(o1)C1CCN(CC(=O)N(C)C)CC1)-c1ccnc2[nH]ncc12	Toll-like receptor 7	549	US Patent	7CYN
CCOc1nc(N)c2nc(-c3cncc(F)c3)n(Cc3ccc(OCCCN(C)C)nc3)c2n1	Toll-like receptor 7	550	US Patent	7CYN
CCOc1nc(N)c2nc(-c3cncc(F)c3)n(Cc3ccc(nc3)N3CCN(C)CC3)c2n1	Toll-like receptor 7	550	US Patent	7CYN
CNCCN1CCC(CC1)c1ccc2[nH]c(c(C)c2c1)-c1ccncc1	Toll-like receptor 7	550	ChEMBL	7CYN
COc1ccc(cc1OC)-c1[nH]c2cnc(cc2c1C)C1CCN(CC1)C1CCN(CC(C)C)CC1	Toll-like receptor 7	551	US Patent	7CYN
CC(C)c1c([nH]c2ccc(cc12)C(C)(C)C(=O)NC1CCN(CC1)C1CCNC1)-c1ccnc(C)c1	Toll-like receptor 7	554	US Patent	7CYN
COc1ccc(cc1)-c1cn2ccc(cc2n1)N1CCNCC1	Toll-like receptor 7	559	ChEMBL	7CYN
COc1ccc(cc1OC)-c1[nH]c2ccc(cc2c1C(C)C)-c1ccc(CCCN2CCOCC2)cc1	Toll-like receptor 7	559	US Patent	7CYN
COCCN1CCC(CC1)c1ccc2[nH]c(c(C(C)C)c2c1)-c1cc(OC)c2ncnn2c1	Toll-like receptor 7	560	US Patent	7CYN
COCCN1CCC(CC1)c1ccc2[nH]c(c(C(C)C)c2c1)-c1cc(OC)c2ncnn2c1	Toll-like receptor 7	560	US Patent	7CYN
CNC(=O)CN1CCCC(C1)c1nnc([nH]1)-c1ccc2[nH]c(c(C(C)C)c2c1)-c1ccnc(C)c1	Toll-like receptor 7	560	US Patent	7CYN
CCCCc1nc2c(N)nc3ccc(cc3c2n1Cc1ccc(CN)cc1)[N+]([O-])=O	Toll-like receptor 7	560	ChEMBL	7CYN
CCCCc1nc2c(NCCCCCCCCNc3nc4ccccc4c4n(Cc5ccccc5)c(CCCC)nc34)nc3ccccc3c2n1Cc1ccccc1	Toll-like receptor 7	560	ChEMBL	7CYN
CCN1CCC(CC1)N1CCC(CC1)c1ccc2[nH]c(c(C(C)C)c2c1)-c1ccnc(OC)c1	Toll-like receptor 7	561	US Patent	7CYN
COc1ccc(cc1OC)-c1[nH]c2ccc(cc2c1C(C)C)-c1nnc(o1)C(=O)N1CCN(CC1)C(C)=O	Toll-like receptor 7	561	US Patent	7CYN
COc1ccc(cc1OC)-c1[nH]c2ccc(cc2c1C(C)C)-c1nnc(o1)C(=O)N1CCC(C1)N1CCOCC1	Toll-like receptor 7	565	US Patent	7CYN
C[C@@H](O)CC(=O)N1CCC(CC1)c1ccc2[nH]c(c(C(C)C)c2c1)-c1cc(C)c2nc(C)nn2c1	Toll-like receptor 7	568	US Patent	7CYN
C[C@@H](O)CC(=O)N1CCC(CC1)c1ccc2[nH]c(c(C(C)C)c2c1)-c1cc(C)c2nc(C)nn2c1	Toll-like receptor 7	568	US Patent	7CYN
COc1ccc(cc1OC)-c1[nH]c2ccc(cc2c1C(C)C)-c1ccc(cc1)N1CCN(CC1)C1CCCC1	Toll-like receptor 7	570	US Patent	7CYN
CCOc1nc(C)c2nc(-c3cncc(F)c3)n(Cc3ccc(nc3C#N)C3CN4CCC3CC4)c2n1	Toll-like receptor 7	575	US Patent	7CYN
CC(C)c1c([nH]c2ccc(cc12)-c1nnc(CC(F)(F)F)o1)-c1ccnc(C)c1	Toll-like receptor 7	576	US Patent	7CYN
COc1cc(ccn1)-c1[nH]c2ccc(cc2c1C)C1CCN(CC1)C1CCN(CC(C)C)CC1	Toll-like receptor 7	577	US Patent	7CYN
CCc1c([nH]c2ccc(cc12)C(=O)N1CCN(CC1)c1ncccn1)-c1ccc(OC)c(OC)c1	Toll-like receptor 7	577	US Patent	7CYN
COc1ccc(cc1OC)-c1[nH]c2ccc(cc2c1C(C)C)-c1nnc(CN2CCOCC2)o1	Toll-like receptor 7	579	US Patent	7CYN
CCc1c([nH]c2ccc(cc12)C(=O)NCC(C)(C)CO)-c1ccc(OC)c(OC)c1	Toll-like receptor 7	579	US Patent	7CYN
COc1ccc(-c2nc3cc(ccn3c2CN2CCCC2)N2CCN(CC2)C2CCCC2)c(OC)c1	Toll-like receptor 7	580	ChEMBL	7CYN
COc1cc(ccn1)-c1[nH]c2ccc(cc2c1C)C1CCN(CC1)C1CCN(C)CC1	Toll-like receptor 7	581	US Patent	7CYN
COc1cc(CNC2CCOCC2)ccc1Cn1ncc2nc(N)nc(N[C@H](CCO)C(C)C)c12	Toll-like receptor 7	581	ChEMBL	
CCOc1nc(C)c2nc(-c3cncc(F)c3)n(Cc3ccc(nc3C#N)C3=CN4CCC3CC4)c2n1	Toll-like receptor 7	582	US Patent	7CYN
COc1ccc(cc1OC)-c1[nH]c2ccc(cc2c1CC(F)(F)F)-c1cccc(c1)C(=O)NCC(N)=O	Toll-like receptor 7	587	US Patent	7CYN
CC(C)c1c([nH]c2ccc(nc12)N1CC(N)C1)-c1cn(C)c2ncccc12	Toll-like receptor 7	589	US Patent	7CYN
CC(C)c1c([nH]c2ccc(nc12)N1CC(N)C1)-c1cn(C)c2ncccc12	Toll-like receptor 7	589	US Patent	7CYN
CC(C)c1c([nH]c2ccc(nc12)N1CC(N)C1)-c1cn(C)c2ncccc12	Toll-like receptor 7	589	US Patent	7CYN
CC(C)c1c([nH]c2ccc(cc12)C1CCNCC1)-c1ccncc1F	Toll-like receptor 7	590	US Patent	7CYN
CCOc1nc(C)c2nc(-c3cncc(F)c3)n(Cc3ccc(cc3C#N)C3=CN4CCC3CC4)c2n1	Toll-like receptor 7	592	US Patent	7CYN
CCc1c([nH]c2ccc(cc12)C(=O)N1CCCN(CC1)C(C)=O)-c1ccc(OC)c(OC)c1	Toll-like receptor 7	595	US Patent	7CYN
CC(C)c1c([nH]c2ccc(cc12)-c1nnc(o1)[C@H]1CSCN1)-c1ccnc(C)c1	Toll-like receptor 7	596	US Patent	7CYN
CCc1c([nH]c2ccc(cc12)C1CCN(CC1)C1CCN(CC2CC2)CC1)-c1ccnc(OC)c1	Toll-like receptor 7	599	US Patent	7CYN
CC(C)c1c([nH]c2ccc(cc12)C1CCNCC1)-c1ccc2nc(C)nn2c1C	Toll-like receptor 7	600	US Patent	7CYN
CC(C)c1c([nH]c2ccc(cc12)C1CCNCC1)-c1ccc2nc(C)nn2c1C	Toll-like receptor 7	600	US Patent	7CYN
COc1ccc(cc1OC)-c1[nH]c2ccc(cc2c1C(C)C)-c1cccc(c1)N1CCNCC1	Toll-like receptor 7	604	US Patent	7CYN
CCN(CC)C(=O)C1CCCN(CC(=O)N2CC3CN(CC3C2)C(=O)c2ccc3[nH]c(c(C(C)C)c3c2)-c2ccc(OC)c(OC)c2)C1	Toll-like receptor 7	606	US Patent	7CYN
CC(C)c1c([nH]c2ccc(cc12)-c1ccc2ncccc2c1)-c1ccnc2[nH]ncc12	Toll-like receptor 7	606	US Patent	7CYN
COCCN(C1CCC(CC1)c1ccc2[nH]c(c(C(C)C)c2n1)-c1cn2ncnc2c(C)c1C)C1(CO)COC1	Toll-like receptor 7	607	US Patent	7CYN
COCCN(C1CCC(CC1)c1ccc2[nH]c(c(C(C)C)c2n1)-c1cn2ncnc2c(C)c1C)C1(CO)COC1	Toll-like receptor 7	607	US Patent	7CYN
COCCN(C1CCC(CC1)c1ccc2[nH]c(c(C(C)C)c2n1)-c1cn2ncnc2c(C)c1C)C1(CO)COC1	Toll-like receptor 7	607	US Patent	7CYN
CCc1c([nH]c2ccc(cc12)C1CCN(Cc2cccn2C)CC1)-c1ccncc1	Toll-like receptor 7	610	US Patent	7CYN
CNCCN1CCC(CC1)c1ccc2[nH]c(c(F)c2c1)-c1ccccc1OC	Toll-like receptor 7	610	ChEMBL	7CYN
CCc1c([nH]c2c(F)cc(cc12)C1CCNCC1)-c1ccnc(C)c1	Toll-like receptor 7	610	ChEMBL	7CYN
CCc1c([nH]c2ccc(cc12)C1CCN(CC1)C1CCN(CC(C)C)CC1)-c1ccnc(N)c1	Toll-like receptor 7	613	US Patent	7CYN
CCc1c([nH]c2c(F)cc(cc12)C1CCNCC1)-c1ccnc(C)c1	Toll-like receptor 7	614	US Patent	7CYN
CCOc1nc(N)c2nc(-c3cncc(F)c3)n(Cc3ccc(F)c(OCCN4CCCC4)c3)c2n1	Toll-like receptor 7	620	US Patent	7CYN
CCOc1nc(N)c2nc(-c3cncc(F)c3)n(Cc3ccc(OCCN4CCCC4)nc3)c2n1	Toll-like receptor 7	620	US Patent	7CYN
COCc1cc(cn2ncnc12)-c1[nH]c2ccc(cc2c1C(C)C)C1CCN(CC(=O)N2CC(C2)[N+]#[C-])CC1	Toll-like receptor 7	622	US Patent	7CYN
COCc1cc(cn2ncnc12)-c1[nH]c2ccc(cc2c1C(C)C)C1CCN(CC(=O)N2CC(C2)C#N)CC1	Toll-like receptor 7	622	US Patent	7CYN
CCc1c([nH]c2ccc(cc12)C1CCN(CC1)C1C[C@@H]2CCC[C@H](C1)N2C)-c1ccnc(OC)c1	Toll-like receptor 7	624	US Patent	7CYN
CC(C)c1c([nH]c2ccc(nc12)-c1cnn(CCN2CCOCC2)c1)-c1cc(C)c2ncnn2c1	Toll-like receptor 7	631	US Patent	7CYN
CC(C)c1c([nH]c2ccc(nc12)-c1cnn(CCN2CCOCC2)c1)-c1cc(C)c2ncnn2c1	Toll-like receptor 7	631	US Patent	7CYN
CC(C)c1c([nH]c2ccc(nc12)-c1cnn(CCN2CCOCC2)c1)-c1cc(C)c2ncnn2c1	Toll-like receptor 7	631	US Patent	7CYN
CCc1c([nH]c2ccc(cc12)C(=O)N1CC[C@@H](C1)N(C)C)-c1ccc(OC)c(OC)c1	Toll-like receptor 7	632	US Patent	7CYN
CC(C)N1CCC(CC1)c1ccc2[nH]c(c(C(C)C)c2c1)-c1ccc2nc(C)nn2c1C	Toll-like receptor 7	634	US Patent	7CYN
CC(C)N1CCC(CC1)c1ccc2[nH]c(c(C(C)C)c2c1)-c1ccc2nc(C)nn2c1C	Toll-like receptor 7	634	US Patent	7CYN
COc1ccc(cc1OC)-c1[nH]c2ccc(cc2c1C(C)C)-c1ccc(OC2CCN(CC(C)C)CC2)cc1	Toll-like receptor 7	636	US Patent	7CYN
CCCCN(CC)CC(=O)N1CCN(CC1)c1ccc2[nH]c(c(C(C)C)c2n1)-c1cn2ncnc2c(C)c1C	Toll-like receptor 7	644	US Patent	7CYN
CCCCN(CC)CC(=O)N1CCN(CC1)c1ccc2[nH]c(c(C(C)C)c2n1)-c1cn2ncnc2c(C)c1C	Toll-like receptor 7	644	US Patent	7CYN
CCCCN(CC)CC(=O)N1CCN(CC1)c1ccc2[nH]c(c(C(C)C)c2n1)-c1cn2ncnc2c(C)c1C	Toll-like receptor 7	644	US Patent	7CYN
CC(C)c1c([nH]c2ccc(cc12)C1CCN(CC1)C1COC1)-c1cn2ncnc2c(F)c1C	Toll-like receptor 7	646	US Patent	7CYN
CC(C)c1c([nH]c2ccc(cc12)C1CCN(CC1)C1COC1)-c1cn2ncnc2c(F)c1C	Toll-like receptor 7	646	US Patent	7CYN
CCc1c([nH]c2ccc(cc12)-c1noc(n1)[C@@H](N)Cc1c[nH]cn1)-c1ccc(OC)c(OC)c1	Toll-like receptor 7	647	US Patent	7CYN
CNCCN1CCC(CC1)c1ccc2[nH]c(c(C)c2c1)-c1ccc2OCOc2c1	Toll-like receptor 7	650	ChEMBL	7CYN
CC(C)c1c([nH]c2ccc(cc12)C(C)C(=O)NCC(C)(C)O)-c1ccnc(C)c1	Toll-like receptor 7	657	US Patent	7CYN
COc1ccc(-c2cn3ccc(cc3n2)N2CCNCC2)c(OCCCN2CCCC2)c1	Toll-like receptor 7	659	ChEMBL	7CYN
CCOc1nc(N)c2nc(-c3cncc(F)c3)n(Cc3ccc(OCCN(C)C)cn3)c2n1	Toll-like receptor 7	660	US Patent	7CYN
CCc1c([nH]c2ccc(cc12)C1CCN(CC1)C1C[C@@H]2CC[C@H](C1)N2C)-c1ccnc(OC)c1	Toll-like receptor 7	666	US Patent	7CYN
CCOc1nc(C)c2nc(-c3cncc(F)c3)n(Cc3cnc(Cl)c(F)c3)c2n1	Toll-like receptor 7	667	US Patent	7CYN
CC(C)c1c([nH]c2ccc(cc12)-c1ccc(Cl)nc1)-c1ccnc(C)c1	Toll-like receptor 7	667	US Patent	7CYN
CCc1c([nH]c2ccc(cc12)C1CCN(CC1)C1CCCNCC1)-c1ccnc(OC)c1	Toll-like receptor 7	674	US Patent	7CYN
CCc1c([nH]c2ccc(cc12)C1CCN(CCNC)CC1)-c1ccncc1	Toll-like receptor 7	679	US Patent	7CYN
CCOc1nc(N)c2nc(-c3cncc(F)c3)n(Cc3ccc(nc3)N(C)CCN(C)C)c2n1	Toll-like receptor 7	680	US Patent	7CYN
CC(C)c1c([nH]c2ccc(cc12)-c1nccs1)-c1ccnc2n[nH]cc12	Toll-like receptor 7	680	US Patent	7CYN
CCN1CCC(CC1)N1CCC(CC1)c1ccc2[nH]c(c(C)c2c1)-c1ccnc(OC)c1	Toll-like receptor 7	689	US Patent	7CYN
CNCCN1CCC(CC1)c1ccc2[nH]c(c(F)c2c1)-c1ccccc1Cl	Toll-like receptor 7	690	ChEMBL	7CYN
COc1ccc(cc1OC)-c1[nH]c2ccc(cc2c1C(C)C)-c1ccc(cc1)N1CCCN(CCO)CC1	Toll-like receptor 7	692	US Patent	7CYN
CCOc1nc(N)c2nc(-c3cncc(F)c3)n(Cc3ccccc3)c2n1	Toll-like receptor 7	700	US Patent	7CYN
COc1cc2c(nc(nc2cc1OCCCN1CCCC1)N(C)C)N1CCN(CC2CCCC2)CC1	Toll-like receptor 7	700	ChEMBL	7CYN
COc1cc2c(nc(nc2cc1OCCCN1CCCC1)N(C)C)N1CCN(CC2CCCC2)CC1	Toll-like receptor 7	700	ChEMBL	7CYN
COc1ccc(cc1OC)-c1[nH]c2ccc(cc2c1C(C)C)-c1nnc(CN(C)CC#C)o1	Toll-like receptor 7	703	US Patent	7CYN
CCc1c([nH]c2ccc(cc12)-c1noc(CN(C)C)n1)-c1ccnc(OC)c1	Toll-like receptor 7	703	US Patent	7CYN
COc1ccc(cc1OC)-c1[nH]c2ccc(cc2c1C(C)C)-c1nnc(CN2CC[C@@H](C2)NC(C)=O)o1	Toll-like receptor 7	704	US Patent	7CYN
CCc1c([nH]c2ccc(cc12)C(=O)NCCc1cccnc1)-c1ccc(OC)c(OC)c1	Toll-like receptor 7	705	US Patent	7CYN
CCc1c([nH]c2ccc(cc12)C1CCN(CC1)C1CCN(CC(C)C)CC1)-c1ccnc(c1)C(=O)OC	Toll-like receptor 7	708	US Patent	7CYN
COc1nc(C)c2nc(-c3cncc(F)c3)n(Cc3ccc(OCC4CN(C4)C(=O)OC(C)(C)C)cc3F)c2n1	Toll-like receptor 7	712	US Patent	7CYN
CCc1c([nH]c2ccc(cc12)C(=O)N(CCOC)CCOC)-c1ccc(OC)c(OC)c1	Toll-like receptor 7	714	US Patent	7CYN
CC(C)c1c([nH]c2ccc(cc12)C(=O)N1CC2CN(CC(=O)N(C)C)CC2C1)-c1ccnc(C)c1	Toll-like receptor 7	730	US Patent	7CYN
COc1ccc(cc1OC)-c1[nH]c2ccc(cc2c1C)C1CCN(CC1)C1CCN(C)CC1	Toll-like receptor 7	730	ChEMBL	7CYN
CCc1c([nH]c2ccc(cc12)-c1noc(CCC2CCNCC2)n1)-c1ccc(OC)c(OC)c1	Toll-like receptor 7	740	US Patent	7CYN
CC(C)c1c([nH]c2ccc(cc12)-c1csc(n1)N1CCCCC1)-c1cc(C)nc(C)c1	Toll-like receptor 7	742	US Patent	7CYN
COc1ccc(cc1OC)-c1[nH]c2ccc(cc2c1CC(F)(F)F)-c1cccc(c1)C(=O)NCC#N	Toll-like receptor 7	744	US Patent	7CYN
CC(C)c1c([nH]c2ccc(cc12)C(C)C(=O)NC[C@@H](F)C(C)(C)O)-c1ccnc(C)c1	Toll-like receptor 7	748	US Patent	7CYN
CCc1c([nH]c2ccc(cc12)-c1nnc(o1)C(N)=O)-c1ccc(OC)c(OC)c1	Toll-like receptor 7	749	US Patent	7CYN
CCOc1nc(N)c2nc(-c3cncc(F)c3)n(Cc3ccccc3F)c2n1	Toll-like receptor 7	750	US Patent	7CYN
CCc1c([nH]c2ccc(cc12)C(=O)N1CCN(CCN2CCOCC2)CC1)-c1ccc(OC)c(OC)c1	Toll-like receptor 7	751	US Patent	7CYN
CCOc1nc(N)c2nc(-c3cncc(F)c3)n(Cc3ccc(CN4CCCC4)cc3)c2n1	Toll-like receptor 7	760	US Patent	7CYN
CCc1c([nH]c2ccc(cc12)C(=O)Nc1cnn(c1)C1COC1)-c1ccc(OC)c(OC)c1	Toll-like receptor 7	764	US Patent	7CYN
CC(C)c1c([nH]c2ccc(cc12)-c1cccc(CO)c1)-c1ccnc2[nH]ncc12	Toll-like receptor 7	771	US Patent	7CYN
CCc1c([nH]c2ccc(cc12)-c1noc(n1)[C@@H](N)CCCN)-c1ccc(OC)c(OC)c1	Toll-like receptor 7	772	US Patent	7CYN
CC(C)c1c([nH]c2ccc(cc12)-c1nnc(o1)[C@@H]1Cc2ccccc2CN1)-c1ccnc(C)c1	Toll-like receptor 7	774	US Patent	7CYN
CCc1c([nH]c2ccc(cc12)C(=O)N1CC2CNCC2C1)-c1ccnc(C)c1	Toll-like receptor 7	776	US Patent	7CYN
COc1ccc(cc1OC)-c1[nH]c2ccc(cc2c1CC(F)(F)F)-c1cccc(c1)C(=O)N1CC[C@@H](O)C1	Toll-like receptor 7	776	US Patent	7CYN
CCc1c([nH]c2ccc(cc12)C1CCN(CC1)C1CCN(CC1)C1CCCC1)-c1ccnc(OC)c1	Toll-like receptor 7	790	US Patent	7CYN
CNCCCN1CCC(CC1)c1ccc2[nH]c(c(C)c2c1)-c1ccc(OC)c(OC)c1	Toll-like receptor 7	790	ChEMBL	7CYN
CC(C)c1c([nH]c2ccc(cc12)-c1nnc(o1)[C@H]1Cc2ccccc2CN1)-c1ccnc(C)c1	Toll-like receptor 7	799	US Patent	7CYN
CCCCOc1nc(N)c2nc(-c3cncc(OC)c3)n(Cc3ccccc3)c2n1	Toll-like receptor 7	800	US Patent	7CYN
CCCCOc1nc(N)c2nc(-c3cncc(C)c3)n(Cc3cccc(CN(C)C)c3)c2n1	Toll-like receptor 7	800	US Patent	7CYN
CCN(CCO)CCCC(C)Nc1ccnc2cc(Cl)ccc12	Toll-like receptor 7	800	ChEMBL	7CYN
CCN(CCO)CCCC(C)Nc1ccnc2cc(Cl)ccc12	Toll-like receptor 7	800	ChEMBL	7CYN
CN(C)CCCOc1ccc2nc(oc2c1)-c1ccc(OCCCN(C)CCCN(C)C)cc1	Toll-like receptor 7	800	ChEMBL	7CYN
CCc1c([nH]c2ccc(cc12)C(=O)N1CCC(CC1)n1c2ccccc2[nH]c1=O)-c1ccc(OC)c(OC)c1	Toll-like receptor 7	801	US Patent	7CYN
CC(C)c1c([nH]c2ccc(cc12)C(C)C(=O)NC1CCCC(N)C1)-c1ccnc(C)c1	Toll-like receptor 7	803	US Patent	7CYN
CNCC(=O)N1CCC(CC1)c1ccc2[nH]c(c(CC(F)F)c2c1)-c1ccc2nc(C)nn2c1	Toll-like receptor 7	810	US Patent	7CYN
CNCC(=O)N1CCC(CC1)c1ccc2[nH]c(c(CC(F)F)c2c1)-c1ccc2nc(C)nn2c1	Toll-like receptor 7	810	US Patent	7CYN
CCOc1nc(N)c2nc(-c3cncc(F)c3)n(Cc3ccc(OCCN(C)C)nc3)c2n1	Toll-like receptor 7	810	US Patent	7CYN
CCOc1nc(N)c2nc(-c3cncc(F)c3)n(Cc3ccc(CN(C)CC(F)F)cc3)c2n1	Toll-like receptor 7	810	US Patent	7CYN
CCC[C@@H](CCNC(C)=O)Nc1nc(N)nc2cnn(Cc3ccc(CNC4CCOCC4)cc3OC)c12	Toll-like receptor 7	812	ChEMBL	
COc1nc(C)c2nc(-c3cncc(F)c3)n(Cc3ccc(OS(C)(=O)=O)cc3F)c2n1	Toll-like receptor 7	816	US Patent	7CYN
COc1ccc(-c2cn3ccc(NCCCn4ccnc4)cc3n2)c(OC)c1	Toll-like receptor 7	819	ChEMBL	7CYN
CCOc1nc(N)c2nc(-c3cncc(C)c3)n(Cc3ccc(CN(C)C)cc3)c2n1	Toll-like receptor 7	820	US Patent	7CYN
CCOc1nc(N)c2nc(-c3cncc(F)c3)n(Cc3ccc(O[C@H]4CCN(C)C4)nc3)c2n1	Toll-like receptor 7	820	US Patent	7CYN
COc1ccc(Cn2c(nc3c2c[n+](Cc2ccc(OC)cc2)c2ccccc32)-c2ccccc2)cc1	Toll-like receptor 7	820	ChEMBL	7CYN
CC(C)c1c([nH]c2ccc(cc12)-c1cccc(c1)S(N)(=O)=O)-c1ccnc2[nH]ncc12	Toll-like receptor 7	820	US Patent	7CYN
CC(C)c1c([nH]c2ccc(cc12)C(C)C(=O)NC[C@H]1CCNC1)-c1ccnc(C)c1	Toll-like receptor 7	821	US Patent	7CYN
CNC(=O)CN1CCC(CC1)c1ccc2[nH]c(c(C(C)C)c2c1)-c1cc(C)nc(F)c1	Toll-like receptor 7	834	US Patent	7CYN
COc1ccc(cc1OC)-c1[nH]c2ccc(cc2c1C(C)C)-c1ccnc(c1)N1CCN(CC1)C1CCCC1	Toll-like receptor 7	838	US Patent	7CYN
CCOc1nc(N)c2nc(-c3cncc(F)c3)n(Cc3ccc4CN(C)Cc4c3)c2n1	Toll-like receptor 7	840	US Patent	7CYN
CCc1c([nH]c2ccc(cc12)C1CCN(Cc2cnc(Nc3ccccn3)s2)CC1)-c1ccncc1	Toll-like receptor 7	841	US Patent	7CYN
COc1ccc(cc1OC)-c1[nH]c2ccc(cc2c1C(C)C)-c1nnc(o1)C(=O)NCCNC(C)=O	Toll-like receptor 7	844	US Patent	7CYN
COc1nc(C)c2nc(-c3cncc(F)c3)n(Cc3ccc(O)cc3F)c2n1	Toll-like receptor 7	846	US Patent	7CYN
COc1cc(CNC2CCOCC2)ccc1Cn1ncc2nc(N)nc(N[C@H](CCO)C(C)C)c12	Toll-like receptor 7	849	ChEMBL	7CYN
COc1ccc(cc1OC)-c1[nH]c2ccc(cc2c1C)C1CCN(CC2CCCCN2C)CC1	Toll-like receptor 7	850	ChEMBL	7CYN
CCOc1nc(C)c2nc(-c3cncc(F)c3)n(Cc3ncc(cc3F)C3=CN4CCC3CC4)c2n1	Toll-like receptor 7	855	US Patent	7CYN
COc1ccc(cc1OC)-c1[nH]c2ccc(cc2c1CC(F)(F)F)C(=O)N1CC2CN(CC(=O)N(C)C)CC2C1	Toll-like receptor 7	866	US Patent	7CYN
CNCC(=O)N1CCC(CC1)c1ccc2[nH]c(c(C(C)C)c2c1)-c1ccc2nc(C)nn2c1C	Toll-like receptor 7	868	US Patent	7CYN
CNCC(=O)N1CCC(CC1)c1ccc2[nH]c(c(C(C)C)c2c1)-c1ccc2nc(C)nn2c1C	Toll-like receptor 7	868	US Patent	7CYN
CC(C)c1c([nH]c2ccc(cc12)C(=O)N1CC2CN(CC2C1)C(=O)CN(C)C)-c1ccnc(C)c1	Toll-like receptor 7	870	US Patent	7CYN
COc1ccc(cc1OC)-c1[nH]c2ccc(cc2c1C(C)C)-c1cnc(cc1C)N1CCN(CC(C)C)CC1	Toll-like receptor 7	879	US Patent	7CYN
COc1ccc(cc1OC)-c1[nH]c2ccc(cc2c1C(C)C)-c1ccc(cc1)N1CCCN(C)CC1	Toll-like receptor 7	881	US Patent	7CYN
CCN1CCC(CC1)N1CCC(CC1)c1ccc2[nH]c(c(CC)c2c1)-c1ccncc1	Toll-like receptor 7	884	US Patent	7CYN
COc1ccc(cc1OC)-c1[nH]c2ccc(cc2c1C(C)C)-c1cccc(c1)N1CCN(CC(C)C)CC1	Toll-like receptor 7	894	US Patent	7CYN
COc1ccc(cc1OC)-c1[nH]c2ccc(cc2c1CC(F)(F)F)-c1cccc(c1)C(=O)N1CCC(O)CC1	Toll-like receptor 7	895	US Patent	7CYN
COc1ccc(cc1OC)-c1[nH]c2ccc(cc2c1C(C)C)-c1cnc(Cl)n1C	Toll-like receptor 7	896	US Patent	7CYN
COCCOc1nc(N)c2nc(-c3cncc(F)c3)n(Cc3ccc(CN4CCOCC4)cc3)c2n1	Toll-like receptor 7	900	US Patent	7CYN
Brc1cccc(c1)-c1nc(cs1)C(=O)NNC(=O)c1ccccn1	Toll-like receptor 7	900	ChEMBL	7CYN
COc1ccc(cc1OC)-c1[nH]c2ccc(cc2c1C(C)C)-c1ccc(cc1)C1=CC(C)(C)NC(C)(C)C1	Toll-like receptor 7	900	US Patent	7CYN
CCc1c([nH]c2ccc(cc12)-c1noc(n1)[C@H]1CCC[C@@]1(C)N)-c1ccc(OC)c(OC)c1	Toll-like receptor 7	903	US Patent	7CYN
COc1ccc(cc1OC)-c1[nH]c2ccc(cc2c1CC(F)(F)F)C(=O)N1CC2CN(CC2C1)C(=O)CN(C)C	Toll-like receptor 7	914	US Patent	7CYN
COc1ccc(cc1OC)-c1[nH]c2ccc(cc2c1C(C)C)-c1nnc(CNCC#C)o1	Toll-like receptor 7	917	US Patent	7CYN
CC(C)c1c([nH]c2ccc(cc12)-c1ccc2[nH]c(=O)cc(O)c2c1)-c1ccnc2[nH]ncc12	Toll-like receptor 7	919	US Patent	7CYN
COc1ccc(cc1OC)-c1[nH]c2ccc(cc2c1C)C1CCN(Cc2cncn2C)CC1	Toll-like receptor 7	920	ChEMBL	7CYN
CN(C)Cc1ccc(Cn2c(nc3c(N)nc(OCC(F)F)nc23)-c2cncc(F)c2)cc1	Toll-like receptor 7	930	US Patent	7CYN
COc1ccc(cc1OC)-c1[nH]c2ccc(cc2c1C(C)C)-c1nnc(o1)C(=O)N1CCN(CC1)c1cnccn1	Toll-like receptor 7	936	US Patent	7CYN
CC(C)c1c([nH]c2ccc(cc12)-c1nnc(CNC2CC2)o1)-c1ccnc2[nH]ncc12	Toll-like receptor 7	945	US Patent	7CYN
CC(C)c1c([nH]c2ccc(cc12)C(C)C(=O)NCCC(C)(C)O)-c1ccnc(C)c1	Toll-like receptor 7	947	US Patent	7CYN
CCc1c([nH]c2ccc(cc12)-c1ccc(cc1)N1CCNCC1)-c1ccc(OC)c(OC)c1	Toll-like receptor 7	947	US Patent	7CYN
CC(C)c1c([nH]c2ccc(cc12)-c1c[nH]nc1C(F)(F)F)-c1ccnc2[nH]ncc12	Toll-like receptor 7	947	US Patent	7CYN
CCOc1nc(N)c2nc(-c3cncc(F)c3)n(Cc3ccc(cc3)-c3cncc(F)c3)c2n1	Toll-like receptor 7	950	US Patent	7CYN
CN(C)Cc1ccc(Cn2c(nc3c(N)nc(Cl)nc23)-c2cncc(F)c2)cc1	Toll-like receptor 7	950	US Patent	7CYN
CCc1c([nH]c2ccc(cc12)C(=O)NCCCN1CCN(C)CC1)-c1ccc(OC)c(OC)c1	Toll-like receptor 7	954	US Patent	7CYN
CCc1c([nH]c2ccc(cc12)C1CCN(CC(O)=O)CC1)-c1ccnc(C)c1	Toll-like receptor 7	958	US Patent	7CYN
COc1ccc(cc1OC)-c1[nH]c2ccc(cc2c1C(C)C)-c1ccnc(c1)N1CCN(CC1)C1CCC1	Toll-like receptor 7	960	US Patent	7CYN
CCc1c([nH]c2ccc(cc12)C1CCN(CC1)C1CCN(CC(C)C)CC1)-c1ccnc(Cl)c1	Toll-like receptor 7	967	US Patent	7CYN
CCc1c([nH]c2ccc(cc12)C(=O)NCCO)-c1ccc(OC)c(OC)c1	Toll-like receptor 7	968	US Patent	7CYN
COc1ccc(cc1OC)-c1[nH]c2ccc(cc2c1C(C)C)-c1ccc(nc1)N1CCN(CC1)C(C)=O	Toll-like receptor 7	969	US Patent	7CYN
OCCN1CCN(CC1)c1ccc(cc1)-c1ncc2CCN(CCCN3CCOCC3)c2n1	Toll-like receptor 7	970	ChEMBL	7CYN
COc1ccc(cc1OC)-c1[nH]c2ccc(cc2c1CC(F)(F)F)-c1cccc(c1)C(=O)N(C)CCc1ccccn1	Toll-like receptor 7	974	US Patent	7CYN
CN(C)CCCN(C)CCCOc1ccc(cc1)-c1nc2ccc(OCCCN(C)CCCN(C)C)cc2o1	Toll-like receptor 7	980	ChEMBL	7CYN
COc1cc2c(n[nH]c2cc1-c1ccnc(C)c1F)C(=O)N1CCN(C)CC1	Toll-like receptor 7	980	ChEMBL	7CYN
CC(C)c1c([nH]c2ccc(cc12)-c1nnc(o1)C1CCCC(N)C1)-c1ccnc(C)c1	Toll-like receptor 7	980	US Patent	7CYN
COC[C@H]1CCCN1CCCOc1ccc(cc1)-c1nc2ccc(OCCCN3CCC[C@@H]3COC)cc2o1	Toll-like receptor 7	990	ChEMBL	7CYN
FC(F)(F)c1ccc(cc1)-c1nc(cs1)C(=O)NNC(=O)c1ccccn1	Toll-like receptor 7	990	ChEMBL	7CYN
CCCCOc1nc(N)c2nc(-c3cncc(COC)c3)n(Cc3ccccc3)c2n1	Toll-like receptor 7	1000	US Patent	7CYN
COCCOc1nc(N)c2nc(-c3cncc(F)c3)n(Cc3ccc(CN(C)C)cc3)c2n1	Toll-like receptor 7	1000	US Patent	7CYN
C[C@@H]1C[C@@H](CN(C1)C(=O)CN1CCN(C)CC1)c1ccc(C#N)c2ncccc12	Toll-like receptor 7	1000	ChEMBL	7CYN
C[C@H]1C[C@H](C[C@@H](C1)c1ccc(c2nccnc12)C(F)(F)F)NC(=O)[C@@H](O)C(C)(C)C	Toll-like receptor 7	1000	ChEMBL	7CYN
C[C@@H]1C[C@@H](CN(C1)C(=O)CC1C2CC1CN(C)C2)c1ccc(C#N)c2ncccc12	Toll-like receptor 7	1000	ChEMBL	7CYN
C[C@@H]1C[C@@H](CN(C1)C(=O)NC1CCN(C)CC1)c1ccc(C#N)c2ncccc12	Toll-like receptor 7	1000	ChEMBL	7CYN
Clc1cccc(c1)-c1nc(cs1)C(=O)NNC(=O)c1ccccn1	Toll-like receptor 7	1000	ChEMBL	7CYN
CC(C)c1c([nH]c2ccc(cc12)-c1nc(C)cs1)-c1ccnc(C)c1	Toll-like receptor 7	1000	US Patent	7CYN
C[C@@H]1C[C@H](N)C[C@H](C1)c1ccc(c2nccnc12)C(F)(F)F	Toll-like receptor 7	1000	ChEMBL	7CYN
C[C@@H]1C[C@H](CN(C1)C(=O)C[C@H]1[C@@H]2CNC[C@H]12)c1ccc(C#N)c2ncccc12	Toll-like receptor 7	1000	ChEMBL	7CYN
C[C@@H]1C[C@@H](CN(C1)C(=O)NC1CC1)c1ccc(c2ncccc12)C(F)(F)F	Toll-like receptor 7	1000	ChEMBL	7CYN
C[C@@H]1C[C@H](N)C[C@@H](C1)c1ccc(c2nccnc12)C(F)(F)F	Toll-like receptor 7	1000	ChEMBL	7CYN
C[C@@H]1C[C@@H](CN(C1)C(=O)CC1CCN(C)CC1)c1ccc(C)c2ncccc12	Toll-like receptor 7	1000	ChEMBL	7CYN
CC1CC(CN(CC2CCN(C)C2)C1)c1ccc(C#N)c2ncccc12	Toll-like receptor 7	1000	ChEMBL	7CYN
Fc1cccc(Br)c1C(=O)Nc1ccc(Oc2cc(cc(c2)C(F)(F)F)C(F)(F)F)cc1	Toll-like receptor 7	1000	ChEMBL	7CYN
C[C@@H]1C[C@@H](CN(C1)C(=O)CC1CCN(C)CC1)c1ccc(C#N)c2ncccc12	Toll-like receptor 7	1000	ChEMBL	7CYN
COc1ccc(cc1OC)-c1[nH]c2ccc(cc2c1CC(F)(F)F)-c1cccc(c1)C(=O)NCCNC(C)=O	Toll-like receptor 7	1003	US Patent	7CYN
COc1cc(CNC2CCOCC2)ccc1Cn1ncc2nc(N)nc(N[C@@H](C)CCO)c12	Toll-like receptor 7	1003	ChEMBL	7CYN
CCc1c([nH]c2ccc(cc12)C1CCNCC1)-c1ccnc(c1)-n1ccnc1	Toll-like receptor 7	1013	US Patent	7CYN
FC(F)(F)c1cccc(c1)-c1nc(cs1)C(=O)NNC(=O)c1ccccn1	Toll-like receptor 7	1020	ChEMBL	7CYN
CCc1c([nH]c2ccc(cc12)-c1nnc(o1)C(=O)N(C)C)-c1ccc(OC)c(OC)c1	Toll-like receptor 7	1026	US Patent	7CYN
COc1cc2c(nc(NCCCN3CCN(C)CC3)nc2cc1OC1CCCC1)N1CCN(C)CC1	Toll-like receptor 7	1030	ChEMBL	7CYN
COc1ccc(cc1OC)-c1[nH]c2ccc(cc2c1C(C)C)-c1nnc(CC(F)(F)F)o1	Toll-like receptor 7	1035	US Patent	7CYN
CC(C)c1c([nH]c2ccc(cc12)C(=O)NC1CCC(CC1)N(C)C)-c1ccnc(N)c1	Toll-like receptor 7	1049	US Patent	7CYN
CC(C)c1c([nH]c2ccc(cc12)-c1nc(C(=O)NCC2CCNC2)c(C)o1)-c1ccnc2[nH]ncc12	Toll-like receptor 7	1056	US Patent	7CYN
COc1ccc(cc1)-c1cn2ccc(NCCCN3CCOCC3)cc2n1	Toll-like receptor 7	1060	ChEMBL	7CYN
COc1cc(cn2ncnc12)-c1[nH]c2ccc(nc2c1C(C)C)C1CCC(C1)N(CCS(C)(=O)=O)CCS(C)(=O)=O	Toll-like receptor 7	1062	US Patent	7CYN
COc1cc(cn2ncnc12)-c1[nH]c2ccc(nc2c1C(C)C)C1CCC(C1)N(CCS(C)(=O)=O)CCS(C)(=O)=O	Toll-like receptor 7	1062	US Patent	7CYN
COc1cc(cn2ncnc12)-c1[nH]c2ccc(nc2c1C(C)C)C1CCC(C1)N(CCS(C)(=O)=O)CCS(C)(=O)=O	Toll-like receptor 7	1062	US Patent	7CYN
COc1ccc(cc1OC)-c1[nH]c2ccc(cc2c1C(C)C)-c1ccnc(c1)C(=O)N1CCNCC1	Toll-like receptor 7	1071	US Patent	7CYN
CC(C)c1c([nH]c2ccc(nc12)N1CCN(CC1)C(=O)CN1CC2(COC2)C1)-c1cn2ncnc2c(C)c1C	Toll-like receptor 7	1086	US Patent	7CYN
CC(C)c1c([nH]c2ccc(nc12)N1CCN(CC1)C(=O)CN1CC2(COC2)C1)-c1cn2ncnc2c(C)c1C	Toll-like receptor 7	1086	US Patent	7CYN
CC(C)c1c([nH]c2ccc(nc12)N1CCN(CC1)C(=O)CN1CC2(COC2)C1)-c1cn2ncnc2c(C)c1C	Toll-like receptor 7	1086	US Patent	7CYN
CCCCOc1nc(N)c2nc(-c3cncc(Cl)c3)n(Cc3ccccc3)c2n1	Toll-like receptor 7	1100	US Patent	7CYN
CC(C)c1c([nH]c2ccc(cc12)-c1nnc(CN2CCCC2)o1)-c1ccnc2n[nH]cc12	Toll-like receptor 7	1104	US Patent	7CYN
CCN(CC)C(=O)C1CCCN(C1)C(=O)c1ccc2[nH]c(c(CC)c2c1)-c1ccc(OC)c(OC)c1	Toll-like receptor 7	1116	US Patent	7CYN
CCOc1nc(C)c2nc(-c3cncc(F)c3)n(Cc3ccc(cc3OC)C3=CCN(C)CC3)c2n1	Toll-like receptor 7	1130	US Patent	7CYN
COc1ccc(-c2cn3ccc(cc3n2)N2CCNCC2)c(OCc2ccccc2)c1	Toll-like receptor 7	1130	ChEMBL	7CYN
C(COc1ccc(cc1)-c1nc2ccc(OCCCN3CCCCC3)cc2o1)CN1CCCCC1	Toll-like receptor 7	1140	ChEMBL	7CYN
CCc1c([nH]c2ccc(cc12)C(=O)N1CCN(CCOC)CC1)-c1ccc(OC)c(OC)c1	Toll-like receptor 7	1141	US Patent	7CYN
CCc1c([nH]c2ccc(cc12)C(=O)N1CCN(CC1)c1ccccn1)-c1ccc(OC)c(OC)c1	Toll-like receptor 7	1141	US Patent	7CYN
CCOC1CN(Cc2ccc(Cn3c(nc4c(C)nc(OC)nc34)-c3cncc(F)c3)c(F)c2)C1	Toll-like receptor 7	1160	US Patent	7CYN
CC(C)c1c([nH]c2ccc(cc12)C1CCN(CC1)S(=O)(=O)c1ccc(Cl)cc1)-c1ccnc(C)c1	Toll-like receptor 7	1164	US Patent	7CYN
CCc1c([nH]c2ccc(cc12)C(=O)N1CCC(CC1)C(N)=O)-c1ccc(OC)c(OC)c1	Toll-like receptor 7	1184	US Patent	7CYN
CCN1CCN(CC1)c1nc(NCc2ccc(F)cc2)nc2n(CCCN3CCCC3)cnc12	Toll-like receptor 7	1190	ChEMBL	7CYN
Cn1nc(-c2ccc(OCC34CCC(O)(CC3)CC4)c(F)c2)c2cnc(N)nc12	Toll-like receptor 7	1200	ChEMBL	
COc1cc2c(nc(nc2cc1OCCCN1CCCC1)N1CCN(C)CC1)N1CCN(CC1)C1CCCC1	Toll-like receptor 7	1200	ChEMBL	7CYN
COc1cc2c(nc(nc2cc1OCCCN1CCCC1)N(C)C)N1CCN(CC1)C(=O)c1ccccc1	Toll-like receptor 7	1200	ChEMBL	7CYN
COc1cc2c(nc(nc2cc1OCCCN1CCCC1)N(C)C)N1CCN(CC1)C(=O)c1ccccc1	Toll-like receptor 7	1200	ChEMBL	7CYN
COc1cc2c(nc(nc2cc1OCCCN1CCCC1)N1CCN(C)CC1)N1CCN(CC1)C1CCCC1	Toll-like receptor 7	1200	ChEMBL	7CYN
CC(C)c1c([nH]c2ccc(nc12)N1CCN(CCN(C)C)C(=O)C1)-c1cn2ncnc2c(C)c1C	Toll-like receptor 7	1206	US Patent	7CYN
CC(C)c1c([nH]c2ccc(nc12)N1CCN(CCN(C)C)C(=O)C1)-c1cn2ncnc2c(C)c1C	Toll-like receptor 7	1206	US Patent	7CYN
CC(C)c1c([nH]c2ccc(nc12)N1CCN(CCN(C)C)C(=O)C1)-c1cn2ncnc2c(C)c1C	Toll-like receptor 7	1206	US Patent	7CYN
CCc1c([nH]c2ccc(cc12)C(=O)N1CCCN(CC1)c1ccccn1)-c1ccc(OC)c(OC)c1	Toll-like receptor 7	1210	US Patent	7CYN
CCc1c([nH]c2ccc(cc12)C1CCN(CC1)C1CCN(C)CC1)-c1ccncc1	Toll-like receptor 7	1213	US Patent	7CYN
CCc1c([nH]c2ccc(cc12)C1CCNCC1)-c1ccnc(c1)-c1nnc[nH]1	Toll-like receptor 7	1227	US Patent	7CYN
COc1ccc(cc1)-c1cn2ccc(cc2n1)N1CCN(CC1)C(C)C	Toll-like receptor 7	1230	ChEMBL	7CYN
CNC(=O)CN1CCC(CC1)c1ccc2[nH]c(c(C(C)C)c2c1)-c1ccc2nc(C)nn2c1C	Toll-like receptor 7	1236	US Patent	7CYN
CNC(=O)CN1CCC(CC1)c1ccc2[nH]c(c(C(C)C)c2c1)-c1ccc2nc(C)nn2c1C	Toll-like receptor 7	1236	US Patent	7CYN
COc1ccc(cc1OC)-c1[nH]c2ccc(cc2c1C(C)C)-c1ccnc(c1)C(=O)N[C@H]1CC[C@@H](CC1)C(C)(C)O	Toll-like receptor 7	1241	US Patent	7CYN
CC[C@@H](CCO)Nc1nc(N)nc2cnn(Cc3ccc(CNC4CCOCC4)cc3OC)c12	Toll-like receptor 7	1247	ChEMBL	
COc1cc(cn2nc(C)nc12)-c1[nH]c2ccc(cc2c1C(C)C)C1CCN(CC1)C(=O)CN(C)C	Toll-like receptor 7	1261	US Patent	7CYN
COc1cc(cn2nc(C)nc12)-c1[nH]c2ccc(cc2c1C(C)C)C1CCN(CC1)C(=O)CN(C)C	Toll-like receptor 7	1261	US Patent	7CYN
CC(C)c1c([nH]c2ccc(cc12)C1CCNCC1)-c1cc(C)ncc1NC(C)=O	Toll-like receptor 7	1268	US Patent	7CYN
CC(C)c1c([nH]c2ccc(nc12)N1CC(C1)NCC(=O)N(C)C)-c1cn(C)c2ncccc12	Toll-like receptor 7	1269	US Patent	7CYN
CC(C)c1c([nH]c2ccc(cc12)C1CCNCC1)-c1ccnc(Cl)c1C#N	Toll-like receptor 7	1269	US Patent	7CYN
CC(C)c1c([nH]c2ccc(nc12)N1CC(C1)NCC(=O)N(C)C)-c1cn(C)c2ncccc12	Toll-like receptor 7	1269	US Patent	7CYN
CC(C)c1c([nH]c2ccc(nc12)N1CC(C1)NCC(=O)N(C)C)-c1cn(C)c2ncccc12	Toll-like receptor 7	1269	US Patent	7CYN
COc1cc(cn2ncnc12)-c1[nH]c2cnc(cc2c1C(C)C)C1CCC(CC1)N(C)C	Toll-like receptor 7	1274	US Patent	7CYN
COc1ccc(cc1OC)-c1[nH]c2ccc(cc2c1C(C)C)-c1cccc(c1)-c1ccc2nonc2c1	Toll-like receptor 7	1276	US Patent	7CYN
CCc1c([nH]c2ccc(cc12)C(=O)N1CCCN(CC1)c1ncccn1)-c1ccc(OC)c(OC)c1	Toll-like receptor 7	1278	US Patent	7CYN
COc1ccc(cc1OC)-c1[nH]c2ccc(cc2c1C(C)C)-c1cnc(nc1)N1CCN(Cc2ccsc2)CC1	Toll-like receptor 7	1280	US Patent	7CYN
CC(C)c1c([nH]c2ccc(cc12)C(C)C(=O)NC[C@@H]1CCNC1)-c1ccnc(C)c1	Toll-like receptor 7	1287	US Patent	7CYN
CCC(C)c1c([nH]c2ccc(cc12)C1CCN(CCNC)CC1)-c1ccc(OC)c(OC)c1	Toll-like receptor 7	1290	ChEMBL	7CYN
CCOc1nc(C)c2nc(-c3cncc(F)c3)n(Cc3ccc(CO)cc3)c2n1	Toll-like receptor 7	1300	US Patent	7CYN
CCCCOc1nc(N)c2nc(-c3cncc(F)c3)n(Cc3ccc(CN4CCOCC4)cc3)c2n1	Toll-like receptor 7	1300	US Patent	7CYN
CCOc1nc(N)c2nc(-c3cncc(F)c3)n(Cc3cc(CN(C)C)no3)c2n1	Toll-like receptor 7	1300	US Patent	7CYN
CN(C)Cc1ccc(Cn2c(nc3c(N)nc(OCC4CC4)nc23)-c2cncc(F)c2)cc1	Toll-like receptor 7	1300	US Patent	7CYN
COc1cc2c(nc(nc2cc1OC1CCCC1)N(C)C)N1CCN(C)CC1	Toll-like receptor 7	1300	ChEMBL	7CYN
COc1cc2c(nc(nc2cc1OC1CCCC1)N(C)C)N1CCN(C)CC1	Toll-like receptor 7	1300	ChEMBL	7CYN
CCc1c([nH]c2ccc(cc12)C(=O)N1CCN(CCc2ccccc2)CC1)-c1ccc(OC)c(OC)c1	Toll-like receptor 7	1303	US Patent	7CYN
CC(C)c1c([nH]c2ccc(cc12)C1CCN(Cc2cnn(C)c2)CC1)-c1ccc2nc(C)nn2c1C	Toll-like receptor 7	1309	US Patent	7CYN
CC(C)c1c([nH]c2ccc(cc12)C1CCN(Cc2cnn(C)c2)CC1)-c1ccc2nc(C)nn2c1C	Toll-like receptor 7	1309	US Patent	7CYN
CC(C)c1c([nH]c2ccc(cc12)C1CCN(Cc2nnn[nH]2)CC1)-c1cc(C)ncc1C	Toll-like receptor 7	1309	US Patent	7CYN
COc1ncnc(OC)c1CNC1CCN(CC1)c1ccc2[nH]c(c(C(C)C)c2n1)-c1cn2ncnc2c(C)c1C	Toll-like receptor 7	1310	US Patent	7CYN
COc1ncnc(OC)c1CNC1CCN(CC1)c1ccc2[nH]c(c(C(C)C)c2n1)-c1cn2ncnc2c(C)c1C	Toll-like receptor 7	1310	US Patent	7CYN
COc1ncnc(OC)c1CNC1CCN(CC1)c1ccc2[nH]c(c(C(C)C)c2n1)-c1cn2ncnc2c(C)c1C	Toll-like receptor 7	1310	US Patent	7CYN
COc1ccc(cc1OC)-c1[nH]c2ccc(cc2c1C)C1CCN(CC1)C(C)=O	Toll-like receptor 7	1310	ChEMBL	7CYN
CC(C)CN1CCC(CC1)N1CCC(CC1)c1ccc2[nH]c(c(C)c2c1)-c1ccncc1	Toll-like receptor 7	1314	US Patent	7CYN
COc1ccc(cc1OC)-c1[nH]c2ccc(cc2c1CC(F)(F)F)-c1cccc(c1)C(=O)N1CCN(CC1)C(=O)C1CCCO1	Toll-like receptor 7	1328	US Patent	7CYN
COc1ccc(cc1OC)-c1[nH]c2ccc(cc2c1C(C)C)-c1cnc(nc1)N1CCN(Cc2cccn2C)CC1	Toll-like receptor 7	1335	US Patent	7CYN
COc1nc(C)c2nc(-c3cncc(F)c3)n(Cc3ccc(Br)cc3F)c2n1	Toll-like receptor 7	1340	US Patent	7CYN
Cc1nc(O)nc2n(Cc3ccc(cc3)C3CN4CCC3CC4)c(nc12)-c1cncc(F)c1	Toll-like receptor 7	1350	US Patent	7CYN
COc1ccc(-c2cn3ccc(cc3n2)N2CCNCC2)c(OCCCN2CCOCC2)c1	Toll-like receptor 7	1350	ChEMBL	7CYN
CCc1c([nH]c2ccc(cc12)C(=O)N1CCC[C@H]1CO)-c1ccc(OC)c(OC)c1	Toll-like receptor 7	1351	US Patent	7CYN
COc1cc(cn2ncnc12)-c1[nH]c2ccc(nc2c1C(C)C)C1CCC(C1)N(CCS(C)(=O)=O)CCS(C)(=O)=O	Toll-like receptor 7	1357	US Patent	7CYN
COc1cc(cn2ncnc12)-c1[nH]c2ccc(nc2c1C(C)C)C1CCC(C1)N(CCS(C)(=O)=O)CCS(C)(=O)=O	Toll-like receptor 7	1357	US Patent	7CYN
COc1cc(cn2ncnc12)-c1[nH]c2ccc(nc2c1C(C)C)C1CCC(C1)N(CCS(C)(=O)=O)CCS(C)(=O)=O	Toll-like receptor 7	1357	US Patent	7CYN
CC(C)c1c([nH]c2ccc(cc12)-c1nnc(CN2CCC[C@H]2C(N)=O)o1)-c1ccnc2[nH]ncc12	Toll-like receptor 7	1385	US Patent	7CYN
CCOc1nc(C)c2nc(-c3cncc(F)c3)n(Cc3ccc(nc3C(F)(F)F)C3CN4CCC3CC4)c2n1	Toll-like receptor 7	1390	US Patent	7CYN
COc1ccc(cc1OC)-c1[nH]c2ccc(cc2c1C(C)C)-c1ccnc(c1)N1CCN(Cc2ccsc2)CC1	Toll-like receptor 7	1396	US Patent	7CYN
CNCCC(=O)N1C[C@H](C)N(C[C@H]1C)c1ccc2[nH]c(c(C(C)C)c2n1)-c1cn2ncnc2c(C)c1C	Toll-like receptor 7	1398	US Patent	7CYN
CNCCC(=O)N1C[C@H](C)N(C[C@H]1C)c1ccc2[nH]c(c(C(C)C)c2n1)-c1cn2ncnc2c(C)c1C	Toll-like receptor 7	1398	US Patent	7CYN
CNCCC(=O)N1C[C@H](C)N(C[C@H]1C)c1ccc2[nH]c(c(C(C)C)c2n1)-c1cn2ncnc2c(C)c1C	Toll-like receptor 7	1398	US Patent	7CYN
CCOc1nc(C)c2nc(-c3cncc(F)c3)n(Cc3cccnc3)c2n1	Toll-like receptor 7	1400	US Patent	7CYN
CCCCOc1nc(N)c2nc(-c3cncnc3)n(Cc3ccccc3)c2n1	Toll-like receptor 7	1400	US Patent	7CYN
CCCCOc1nc(N)c2nc(-c3cncc(COC)c3)n(Cc3ccccc3)c2n1	Toll-like receptor 7	1400	US Patent	7CYN
CCCCCc1nc(N)c2nc(-c3cncc(OC)c3)n(Cc3ccccc3)c2n1	Toll-like receptor 7	1400	US Patent	7CYN
COc1nc(C)c2nc(-c3cncc(F)c3)n(Cc3ccc(OC4CN(C)C4)nc3)c2n1	Toll-like receptor 7	1400	US Patent	7CYN
COCCOc1nc(N)c2nc(-c3cncc(F)c3)n(Cc3cccc(CN(C)C)c3)c2n1	Toll-like receptor 7	1400	US Patent	7CYN
COc1cc2c(nc(nc2cc1OCCCN1CCCC1)N(C)C)N1CCN(CC1)C1CCCC1	Toll-like receptor 7	1400	ChEMBL	7CYN
COc1cc2c(nc(nc2cc1OCc1ccccc1)N(C)C)N1CCNCC1	Toll-like receptor 7	1400	ChEMBL	7CYN
COc1cc2c(nc(nc2cc1OCCCN1CCCC1)N(C)C)N1CCN(CC1)C1CCCC1	Toll-like receptor 7	1400	ChEMBL	7CYN
COc1cc2c(nc(nc2cc1OCc1ccccc1)N(C)C)N1CCNCC1	Toll-like receptor 7	1400	ChEMBL	7CYN
Fc1cccc(Cl)c1C(=O)Nc1cc(cc(c1)C(F)(F)F)C(F)(F)F	Toll-like receptor 7	1400	ChEMBL	7CYN
CN(C)CCCOc1ccc2nc(oc2c1)-c1ccc(OCCCN(C)CCOCCOCCN(C)C)cc1	Toll-like receptor 7	1400	ChEMBL	7CYN
CC(C)c1c([nH]c2ccc(cc12)-c1nnc(CN2CCNC(=O)C2)o1)-c1ccnc2[nH]ncc12	Toll-like receptor 7	1406	US Patent	7CYN
CC(C)N(C)Cc1nnc(o1)-c1ccc2[nH]c(c(C(C)C)c2c1)-c1ccnc2[nH]ncc12	Toll-like receptor 7	1410	US Patent	7CYN
CCCCc1nc2c(NCCCCCCCCCCCCNc3nc4ccccc4c4n(Cc5ccccc5)c(CCCC)nc34)nc3ccccc3c2n1Cc1ccccc1	Toll-like receptor 7	1420	ChEMBL	7CYN
COc1cc2c(nc(NCCCN3CCN(C)CC3)nc2cc1OC1CCCC1)N1CCN(C)CC1	Toll-like receptor 7	1420	ChEMBL	7CYN
CC(C)c1c([nH]c2ccc(cc12)-c1nnc(CN2CCCN(CC2)C(C)=O)o1)-c1ccnc2[nH]ncc12	Toll-like receptor 7	1422	US Patent	7CYN
CCOc1nc(N)c2nc(-c3cncc(F)c3)n(Cc3cccc(OCCN(C)C)n3)c2n1	Toll-like receptor 7	1430	US Patent	7CYN
CC(C)c1c([nH]c2ccc(cc12)C1CCNCC1)-c1ccnc(c1)N(C)C	Toll-like receptor 7	1483	US Patent	7CYN
COc1ccc(cc1OC)-c1[nH]c2ccc(cc2c1C(C)C)-c1ccnc(c1)N1CCN(CCC(C)O)CC1	Toll-like receptor 7	1487	US Patent	7CYN
COc1ccc(cc1OC)-c1[nH]c2ccc(cc2c1C(C)C)-c1cnc(nc1)N1CCN(CC1)C1CCC1	Toll-like receptor 7	1492	US Patent	7CYN
CCN(CC)C(=O)C1CCCN(C1)C(=O)c1nnc(o1)-c1ccc2[nH]c(c(C(C)C)c2c1)-c1ccc(OC)c(OC)c1	Toll-like receptor 7	1494	US Patent	7CYN
Cn1cc(ccc1=O)-c1ccc2nc(ncc2c1)N1CCN(CC1)C1CCC1	Toll-like receptor 7	1500	ChEMBL	7CYN
CC(C)c1c([nH]c2ccc(cc12)C1CCN(CC(=O)N(C)C)CC1)-c1cc(OC(F)F)c2ncnn2c1	Toll-like receptor 7	1512	US Patent	7CYN
CC(C)c1c([nH]c2ccc(cc12)C1CCN(CC(=O)N(C)C)CC1)-c1cc(OC(F)F)c2ncnn2c1	Toll-like receptor 7	1512	US Patent	7CYN
CCOc1nc(C)c2nc(-c3cncc(F)c3)n(Cc3ccc(Br)cc3OC)c2n1	Toll-like receptor 7	1520	US Patent	7CYN
CCc1c([nH]c2ccc(cc12)C1CCN(CC1)C1CCN(CC(C)C)CC1)-c1ccnc(F)c1	Toll-like receptor 7	1523	US Patent	7CYN
CC(C)c1c([nH]c2ccc(cc12)C1CCN(CC1)C(=O)Oc1ccc(C)cc1)-c1ccnc(C)c1	Toll-like receptor 7	1526	US Patent	7CYN
COc1ccc(-c2cn3ccc(NCCCN4CCOCC4)cc3n2)c(OC)c1	Toll-like receptor 7	1530	ChEMBL	7CYN
CC(C)c1c([nH]c2ccc(cc12)C1CCNCC1)-c1cc(C)ncc1C(N)=O	Toll-like receptor 7	1542	US Patent	7CYN
C(COc1ccc(cc1)-c1nc2ccc(OCCCN3CCCC3)cc2o1)CN1CCCC1	Toll-like receptor 7	1550	ChEMBL	7CYN
COc1ccc(cc1OC)-c1[nH]c2ccc(cc2c1C(C)C)-c1cnc(nc1)N1CCN(CC1)C1CCCC1	Toll-like receptor 7	1552	US Patent	7CYN
COc1ccc(cc1OC)-c1[nH]c2ccc(cc2c1C(C)C)-c1ccc(cc1)N1CCC(CC1)c1ccncc1	Toll-like receptor 7	1557	US Patent	7CYN
CCOc1nc(N)c2nc(-c3cncc(F)c3)n(Cc3ccc(cc3)C(=O)N3CCN(C)CC3)c2n1	Toll-like receptor 7	1570	US Patent	7CYN
CC(C)c1c([nH]c2ccc(cc12)-c1nnc(CN2CCN(CC2)C(C)=O)o1)-c1ccnc2[nH]ncc12	Toll-like receptor 7	1570	US Patent	7CYN
CNC(=O)CN1CCN(CC1)c1cc2c(C(C)C)c([nH]c2cn1)-c1cc(C)c2ncnn2c1	Toll-like receptor 7	1586	US Patent	7CYN
CCc1c([nH]c2ccc(cc12)C1CCN(CC1)C(=O)NC1CCN(CC1)C(=O)C(F)(F)F)-c1ccnc(C)c1	Toll-like receptor 7	1594	US Patent	7CYN
CC(C)c1c([nH]c2ccc(cc12)C(=O)N1CC2CNCC2C1)-c1ccnc2[nH]ncc12	Toll-like receptor 7	1596	US Patent	7CYN
CCOc1nc(C)c2nc(-c3cncc(F)c3)n(Cc3cnc(cc3OC)C3=CN4CCC3CC4)c2n1	Toll-like receptor 7	1600	US Patent	7CYN
CCOc1nc(N)c2nc(-c3cncc(F)c3)n(Cc3ccc(CN4CC(C4)C#N)cc3)c2n1	Toll-like receptor 7	1600	US Patent	7CYN
CCOc1nc(C)c2nc(-c3cncc(F)c3)n(Cc3cc(OC)c(cc3F)C3CN4CCC3CC4)c2n1	Toll-like receptor 7	1610	US Patent	7CYN
CCc1c([nH]c2ccc(cc12)C(=O)N1CC[C@H](CC(C)=O)C1)-c1ccc(OC)c(OC)c1	Toll-like receptor 7	1612	US Patent	7CYN
CCOc1nc(C)c2nc(-c3cncc(F)c3)n(Cc3cnc(cc3OC)C3CN4CCC3CC4)c2n1	Toll-like receptor 7	1630	US Patent	7CYN
CCc1c([nH]c2ccc(cc12)C(=O)NCCC(C)(C)NS(C)(=O)=O)-c1ccc(OC)c(OC)c1	Toll-like receptor 7	1630	US Patent	7CYN
CCc1c([nH]c2ccc(cc12)-c1noc(n1)[C@@H](N)CCCCN)-c1ccc(OC)c(OC)c1	Toll-like receptor 7	1653	US Patent	7CYN
CCc1c([nH]c2ccc(cc12)C(=O)NC[C@@H](F)C(C)(C)O)-c1ccc(OC)c(OC)c1	Toll-like receptor 7	1659	US Patent	7CYN
CC(C)c1c([nH]c2ccc(cc12)C1CCNCC1)-c1c(Cl)cncc1Cl	Toll-like receptor 7	1661	US Patent	7CYN
COc1nccc(-c2[nH]c3ccc(cc3c2C)C2CCN(CC2)C2CCN(CC(C)C)CC2)c1OC	Toll-like receptor 7	1668	US Patent	7CYN
COc1ccc(cc1OC)-c1[nH]c2ccc(cc2c1C)C1CCN(Cc2ccncc2)CC1	Toll-like receptor 7	1680	ChEMBL	7CYN
CCOc1nc(C)c2nc(-c3cncc(F)c3)n(Cc3cnc(CC4CCN(CC4)C(=O)OC(C)(C)C)cc3OC)c2n1	Toll-like receptor 7	1690	US Patent	7CYN
CCc1c([nH]c2ccc(cc12)C1CCN(CC1)C1CCN(C)CC1)-c1ccnc(OC)c1	Toll-like receptor 7	1697	US Patent	7CYN
CCOc1nc(N)c2nc(-c3cncc(COC)c3)n(Cc3ccc(CN(C)C)cc3)c2n1	Toll-like receptor 7	1700	US Patent	7CYN
CCOc1nc(N)c2nc(-c3cncc(F)c3)n(Cc3ccc(cc3)C(=O)NCCN3CCCC3)c2n1	Toll-like receptor 7	1700	US Patent	7CYN
COc1cc2cc[nH]c2cc1-c1ccncc1	Toll-like receptor 7	1700	ChEMBL	7CYN
CC(C)c1c([nH]c2ccc(cc12)C1CCN(CC(=O)N(C)C)CC1)-c1ccc2nc(C)nn2c1C	Toll-like receptor 7	1704	US Patent	7CYN
CC(C)c1c([nH]c2ccc(cc12)C1CCN(CC(=O)N(C)C)CC1)-c1ccc2nc(C)nn2c1C	Toll-like receptor 7	1704	US Patent	7CYN
CCc1c([nH]c2ccc(cc12)C(=O)NCCC(N)=O)-c1ccc(OC)c(OC)c1	Toll-like receptor 7	1707	US Patent	7CYN
CC(C)c1c([nH]c2ccc(cc12)C1CCN(CC1)C(=O)CN(C)C)-c1ccc2nc(C)nn2c1C	Toll-like receptor 7	1718	US Patent	7CYN
CC(C)c1c([nH]c2ccc(cc12)C1CCN(CC1)C(=O)CN(C)C)-c1ccc2nc(C)nn2c1C	Toll-like receptor 7	1718	US Patent	7CYN
CCOc1nc(C)c2nc(-c3cncc(F)c3)n(Cc3ccc(nc3C(F)(F)F)C3=CN4CCC3CC4)c2n1	Toll-like receptor 7	1720	US Patent	7CYN
COc1ccc(cc1OC)-c1[nH]c2ccc(cc2c1C)C1CCN(CC1)C1CNC1	Toll-like receptor 7	1720	ChEMBL	7CYN
CCc1c([nH]c2ccc(cc12)C(=O)N1CCC[C@H]1COC)-c1ccc(OC)c(OC)c1	Toll-like receptor 7	1738	US Patent	7CYN
CC(C)N1CC2(C1)CCC(CC2)c1ccc2[nH]c(c(C(C)C)c2n1)-c1cn2ncnc2c(C)c1C	Toll-like receptor 7	1755	US Patent	7CYN
CC(C)N1CC2(C1)CCC(CC2)c1ccc2[nH]c(c(C(C)C)c2n1)-c1cn2ncnc2c(C)c1C	Toll-like receptor 7	1755	US Patent	7CYN
CC(C)N1CC2(C1)CCC(CC2)c1ccc2[nH]c(c(C(C)C)c2n1)-c1cn2ncnc2c(C)c1C	Toll-like receptor 7	1755	US Patent	7CYN
CC(C)c1c([nH]c2ccc(CCC(=O)N3CCOCC3)cc12)-c1ccnc2[nH]ncc12	Toll-like receptor 7	1760	US Patent	7CYN
CC(C)c1c([nH]c2ccc(nc12)N1CC(C1)NCC(=O)N(C)C)-c1cn2ncnc2c(C)c1C	Toll-like receptor 7	1769	US Patent	7CYN
CC(C)c1c([nH]c2ccc(nc12)N1CC(C1)NCC(=O)N(C)C)-c1cn2ncnc2c(C)c1C	Toll-like receptor 7	1769	US Patent	7CYN
CC(C)c1c([nH]c2ccc(nc12)N1CC(C1)NCC(=O)N(C)C)-c1cn2ncnc2c(C)c1C	Toll-like receptor 7	1769	US Patent	7CYN
CCc1c([nH]c2ccc(cc12)C(=O)NC(CO)CO)-c1ccc(OC)c(OC)c1	Toll-like receptor 7	1770	US Patent	7CYN
COc1ccc(cc1OC)-c1[nH]c2ccc(cc2c1C(C)C)-c1cccc(c1)C(=O)N[C@H]1CC[C@@H](CC1)C(C)(C)O	Toll-like receptor 7	1786	US Patent	7CYN
CCc1c([nH]c2ccc(cc12)C(=O)N(C)CCc1ccccn1)-c1ccc(OC)c(OC)c1	Toll-like receptor 7	1791	US Patent	7CYN
CCOc1nc(N)c2nc(-c3cncc(F)c3)n(Cc3ccnc(OCCN(C)C)c3)c2n1	Toll-like receptor 7	1800	US Patent	7CYN
Cc1ccc(cc1)-c1nc(cs1)C(=O)NNC(=O)c1ccccn1	Toll-like receptor 7	1830	ChEMBL	7CYN
COc1ccc(CNc2nc(N3CCN(CC3)C3CCCC3)c3cc(OC)c(OCCCN4CCCC4)cc3n2)cc1	Toll-like receptor 7	1830	ChEMBL	7CYN
CC(C)c1c([nH]c2ccc(cc12)C1CCN(CC1)c1cc(CN(C)C)ccn1)-c1cn2ncnc2c(C)c1C	Toll-like receptor 7	1835	US Patent	7CYN
CC(C)c1c([nH]c2ccc(cc12)C1CCN(CC1)c1cc(CN(C)C)ccn1)-c1cn2ncnc2c(C)c1C	Toll-like receptor 7	1835	US Patent	7CYN
CC(C)c1c([nH]c2ccc(cc12)C1CCN(CC1)C(=O)CN(C)C)-c1cc(F)c2ncnn2c1	Toll-like receptor 7	1838	US Patent	7CYN
CC(C)c1c([nH]c2ccc(cc12)C1CCN(CC1)C(=O)CN(C)C)-c1cc(F)c2ncnn2c1	Toll-like receptor 7	1838	US Patent	7CYN
COc1ccc(cc1OC)-c1[nH]c2ccc(cc2c1C(C)C)-c1ccc(cc1)-c1cccc(CN2CCN(C)CC2)c1	Toll-like receptor 7	1864	US Patent	7CYN
CNCCN1CCC(CC1)c1ccc2[nH]c(c(Cl)c2c1)-c1ccc(OC)c(OC)c1	Toll-like receptor 7	1880	ChEMBL	7CYN
CC(C)c1c([nH]c2ccc(cc12)-c1nnc(Cc2nnn[nH]2)o1)-c1ccnc(C)c1	Toll-like receptor 7	1897	US Patent	7CYN
CN(C)c1ccc(cc1)-c1nc(cs1)C(=O)NNC(=O)c1ccccn1	Toll-like receptor 7	1900	ChEMBL	7CYN
CC(C)c1c([nH]c2ccc(nc12)N1CCN(CCN2CCOCC2)C(=O)C1)-c1cn2ncnc2c(C)c1C	Toll-like receptor 7	1919	US Patent	7CYN
CC(C)c1c([nH]c2ccc(nc12)N1CCN(CCN2CCOCC2)C(=O)C1)-c1cn2ncnc2c(C)c1C	Toll-like receptor 7	1919	US Patent	7CYN
CC(C)c1c([nH]c2ccc(nc12)N1CCN(CCN2CCOCC2)C(=O)C1)-c1cn2ncnc2c(C)c1C	Toll-like receptor 7	1919	US Patent	7CYN
CCc1c([nH]c2ccc(cc12)C(=O)NCc1ccccn1)-c1ccc(OC)c(OC)c1	Toll-like receptor 7	1941	US Patent	7CYN
COc1ccc(cc1OC)-c1[nH]c2ccc(cc2c1C(C)C)-c1nnc(CNCCNC(C)=O)o1	Toll-like receptor 7	1975	US Patent	7CYN
CCc1c([nH]c2ccc(cc12)C(=O)N1CCCC(C)(C)C1)-c1ccc(OC)c(OC)c1	Toll-like receptor 7	1975	US Patent	7CYN
C(COc1ccc(cc1)-c1nc2ccc(OCCCN3CCCC3)cc2o1)CN1CCCC1	Toll-like receptor 7	1990	ChEMBL	7CYN
COc1ccc(cc1OC)-c1[nH]c2ccc(cc2c1CC(F)(F)F)-c1cccc(c1)C(=O)N1CCN(CC(=O)NC(C)C)CC1	Toll-like receptor 7	1993	US Patent	7CYN
CCOc1nc(N)c2nc(-c3cncc(F)c3)n(Cc3cccnc3)c2n1	Toll-like receptor 7	2000	US Patent	7CYN
CCOc1nc(N)c2nc(-c3cncc(F)c3)n(Cc3cc(OC)ccc3F)c2n1	Toll-like receptor 7	2000	US Patent	7CYN
CN1CCN(CCCOc2ccc(cc2F)-c2nn(C)c3nc(N)ncc23)CC1	Toll-like receptor 7	2000	ChEMBL	
CCOc1nc(N)c2nc(-c3cncc(F)c3)n(Cc3cccc(c3)C#N)c2n1	Toll-like receptor 7	2020	US Patent	7CYN
Cc1nc(O)nc2n(Cc3ccc(cc3F)C3CN4CCC3CC4)c(nc12)-c1cncc(F)c1	Toll-like receptor 7	2040	US Patent	7CYN
CCCCc1nc2c(NCCCCNc3nc4ccccc4c4n(Cc5ccccc5)c(CCCC)nc34)nc3ccccc3c2n1Cc1ccccc1	Toll-like receptor 7	2050	ChEMBL	7CYN
CC(C)c1c([nH]c2ccc(cc12)C1CCNCC1)-c1ccnc(C#N)c1C(F)(F)F	Toll-like receptor 7	2066	US Patent	7CYN
CCOc1nc(N)c2nc(-c3cncc(F)c3)n(Cc3ccc(cc3)C(=O)NCCN(C)C)c2n1	Toll-like receptor 7	2100	US Patent	7CYN
Clc1ccc(cc1)-c1nc(cs1)C(=O)NNC(=O)c1ccccn1	Toll-like receptor 7	2100	ChEMBL	7CYN
COc1ccc(cc1OC)-c1[nH]c2ccc(cc2c1C(C)C)-c1cccc(c1)N1CCN(C)CC1	Toll-like receptor 7	2110	US Patent	7CYN
CCc1c([nH]c2ccc(cc12)C1CCN(CC1)C1CCN(CC(C)C)CC1)-c1ccncc1	Toll-like receptor 7	2111	US Patent	7CYN
COc1ccc(-c2nc3cc(ccn3c2CN2CCOCC2)N2CCN(CC2)C2CCCC2)c(OC)c1	Toll-like receptor 7	2120	ChEMBL	7CYN
COc1cc2c(nc(nc2cc1OCCCN1CCCC1)N1CCN(C)CC1)N(C)C	Toll-like receptor 7	2160	ChEMBL	7CYN
CCOc1nc(N)c2nc(-c3cncc(F)c3)n(Cc3ccccc3OC(F)F)c2n1	Toll-like receptor 7	2170	US Patent	7CYN
CCc1c([nH]c2ccc(cc12)-c1ccncc1)-c1ccc(OC)c(OC)c1	Toll-like receptor 7	2182	US Patent	7CYN
CCc1c([nH]c2ccc(cc12)C1CCNCC1)-c1ccnc(c1)-c1noc(N)n1	Toll-like receptor 7	2184	US Patent	7CYN
CC(C)c1c([nH]c2ccc(nc12)N1CCC(CC1)NCC(=O)N(C)C)-c1cc(CO)c2ncnn2c1	Toll-like receptor 7	2196	US Patent	7CYN
CC(C)c1c([nH]c2ccc(nc12)N1CCC(CC1)NCC(=O)N(C)C)-c1cc(CO)c2ncnn2c1	Toll-like receptor 7	2196	US Patent	7CYN
CC(C)c1c([nH]c2ccc(nc12)N1CCC(CC1)NCC(=O)N(C)C)-c1cc(CO)c2ncnn2c1	Toll-like receptor 7	2196	US Patent	7CYN
CCc1c([nH]c2ccc(cc12)-c1noc(n1)C1CCNC1)-c1ccnc(C)c1	Toll-like receptor 7	2216	US Patent	7CYN
CC(C)c1c([nH]c2ccc(nc12)C1CC(N)C1)-c1cn2ncnc2c(C)c1C	Toll-like receptor 7	2219	US Patent	7CYN
CC(C)c1c([nH]c2ccc(nc12)C1CC(N)C1)-c1cn2ncnc2c(C)c1C	Toll-like receptor 7	2219	US Patent	7CYN
CC(C)c1c([nH]c2ccc(nc12)C1CC(N)C1)-c1cn2ncnc2c(C)c1C	Toll-like receptor 7	2219	US Patent	7CYN
CCc1c([nH]c2ccc(cc12)C(=O)NCc1csc(n1)-c1ccccc1)-c1ccc(OC)c(OC)c1	Toll-like receptor 7	2238	US Patent	7CYN
CC(C)c1c([nH]c2ccc(cc12)-c1nnc(CNCC#N)o1)-c1ccnc2[nH]ncc12	Toll-like receptor 7	2241	US Patent	7CYN
Cc1cc(cc(C)n1)-c1[nH]c2ccc(cc2c1CC(F)F)C(=O)N1CC2CNCC2C1	Toll-like receptor 7	2264	US Patent	7CYN
FC(F)Cc1c([nH]c2ccc(cc12)-c1nnc(o1)[C@@H]1CCCNC1)-c1ccnc2[nH]ncc12	Toll-like receptor 7	2277	US Patent	7CYN
COc1ccc(cc1OC)-c1[nH]c2ccc(cc2c1C(C)C)-c1ccc(nc1)N1CCOCC1	Toll-like receptor 7	2292	US Patent	7CYN
CC(C)c1c([nH]c2ccc(cc12)-c1nnc(Cc2c[nH]c3ccccc23)o1)-c1ccnc(C)c1	Toll-like receptor 7	2293	US Patent	7CYN
CCCCOc1nc(N)c2nc(-c3cncc(F)c3)n(Cc3ccccc3)c2n1	Toll-like receptor 7	2300	US Patent	7CYN
CC(C)c1c([nH]c2ccc(CCC3CN(C3)C3COC3)nc12)-c1cn(C)c2ncccc12	Toll-like receptor 7	2309	US Patent	7CYN
CC(C)c1c([nH]c2ccc(CCC3CN(C3)C3COC3)nc12)-c1cn(C)c2ncccc12	Toll-like receptor 7	2309	US Patent	7CYN
COc1ccc(cc1OC)-c1[nH]c2ccc(cc2c1C(C)C)-c1cccc(c1)-c1cccc(CN2CCOCC2)c1	Toll-like receptor 7	2309	US Patent	7CYN
CC(C)c1c([nH]c2ccc(CCC3CN(C3)C3COC3)nc12)-c1cn(C)c2ncccc12	Toll-like receptor 7	2309	US Patent	7CYN
CCc1c([nH]c2ccc(cc12)C(=O)NC1CCCCCC1)-c1ccc(OC)c(OC)c1	Toll-like receptor 7	2312	US Patent	7CYN
COc1cc(cn2ncnc12)-c1[nH]c2ccc(nc2c1C(C)C)C1CCC(C1)NCCS(C)(=O)=O	Toll-like receptor 7	2330	US Patent	7CYN
COc1cc(cn2ncnc12)-c1[nH]c2ccc(nc2c1C(C)C)C1CCC(C1)NCCS(C)(=O)=O	Toll-like receptor 7	2330	US Patent	7CYN
COc1cc(cn2ncnc12)-c1[nH]c2ccc(nc2c1C(C)C)C1CCC(C1)NCCS(C)(=O)=O	Toll-like receptor 7	2330	US Patent	7CYN
CC(C)c1c([nH]c2ccc(cc12)-c1nnc(CN2CCOCC2)o1)-c1ccnc2[nH]ncc12	Toll-like receptor 7	2334	US Patent	7CYN
COc1ccc(-c2cn3ccc(cc3n2)N2CCN(CC2)C2CCCC2)c(OC)c1	Toll-like receptor 7	2340	ChEMBL	7CYN
CCc1c([nH]c2ccc(cc12)C(=O)NCc1ccc(N)cc1)-c1ccc(OC)c(OC)c1	Toll-like receptor 7	2384	US Patent	7CYN
CCOc1nc(N)c2nc(-c3cncc(F)c3)n(Cc3ccc(cc3)C(=O)OC)c2n1	Toll-like receptor 7	2400	US Patent	7CYN
CCCCCn1cc(nc1N)-c1ccccc1OCc1ccccc1	Toll-like receptor 7	2400	ChEMBL	7CYN
CCc1ccc(cc1)-c1nc(cs1)C(=O)NNC(=O)c1ccccn1	Toll-like receptor 7	2400	ChEMBL	7CYN
CC(C)c1c([nH]c2ccc(nc12)N1CCC(CC1)N(Cc1ccnc(C)n1)Cc1ccnc(C)n1)-c1cn2ncnc2c(C)c1C	Toll-like receptor 7	2468	US Patent	7CYN
CC(C)c1c([nH]c2ccc(nc12)N1CCC(CC1)N(Cc1ccnc(C)n1)Cc1ccnc(C)n1)-c1cn2ncnc2c(C)c1C	Toll-like receptor 7	2468	US Patent	7CYN
CC(C)c1c([nH]c2ccc(nc12)N1CCC(CC1)N(Cc1ccnc(C)n1)Cc1ccnc(C)n1)-c1cn2ncnc2c(C)c1C	Toll-like receptor 7	2468	US Patent	7CYN
COc1ccc(-c2nc3cc(ccn3c2CN2CCOCC2)N2CCN(CC2)C(C)C)c(OC)c1	Toll-like receptor 7	2490	ChEMBL	7CYN
CCc1c([nH]c2ccc(cc12)C(=O)NCc1ccco1)-c1ccc(OC)c(OC)c1	Toll-like receptor 7	2495	US Patent	7CYN
COCCOc1nc(N)c2nc(-c3cncc(F)c3)n(Cc3ccc(CN(C)C)cc3)c2n1	Toll-like receptor 7	2500	US Patent	7CYN
COc1cc(CNC2CCOCC2)ccc1Cn1ncc2nc(N)nc(N[C@H](CCO)C3CC3)c12	Toll-like receptor 7	2501	ChEMBL	
COc1ccc(cc1OC)-c1[nH]c2ccc(cc2c1C(C)C)-c1nnc(o1)C1CCN(CC1)C(=O)OC(C)(C)C	Toll-like receptor 7	2514	US Patent	7CYN
CCc1c([nH]c2ccc(cc12)-c1cccc(CN2CCN(C)CC2)c1)-c1ccc(OC)c(OC)c1	Toll-like receptor 7	2528	US Patent	7CYN
COc1ccc(-c2nc3cc(ccn3c2CN2CCCC2)N2CCN(CC2)C(=O)C2CCCC2)c(OC)c1	Toll-like receptor 7	2550	ChEMBL	7CYN
COc1ccc(-c2cn3ccc(N)cc3n2)c(OC)c1	Toll-like receptor 7	2550	ChEMBL	7CYN
CC(C)c1c([nH]c2ccc(cc12)-c1cccc2cnccc12)-c1ccnc2[nH]ncc12	Toll-like receptor 7	2586	US Patent	7CYN
COc1ccc(cc1OC)-c1[nH]c2ccc(cc2c1C(C)C)-c1ccnc(c1)N1CCN(CCC(F)(F)F)CC1	Toll-like receptor 7	2594	US Patent	7CYN
CCOc1nc(N)c2nc(-c3cncc(F)c3)n(Cc3ccc(cc3)C(=O)N3CCC(C)CC3)c2n1	Toll-like receptor 7	2600	US Patent	7CYN
Fc1cccc(c1)-c1nc(cs1)C(=O)NNC(=O)c1ccccn1	Toll-like receptor 7	2600	ChEMBL	7CYN
CNCC(=O)N1CC2CN(CC2C1)C(=O)c1ccc2[nH]c(c(C(C)C)c2c1)-c1ccnc(C)c1	Toll-like receptor 7	2608	US Patent	7CYN
COc1ccc(cc1OC)-c1[nH]c2ccc(cc2c1C(C)C)-c1ccc(cc1)-c1cccnc1	Toll-like receptor 7	2612	US Patent	7CYN
COc1ccc(cc1OC)-c1[nH]c2ccc(cc2c1CC(F)(F)F)-c1cccc(c1)C(=O)N1CCCC1C	Toll-like receptor 7	2622	US Patent	7CYN
CNCCN1CCC(CC1)c1ccc2[nH]c(c(C)c2c1)-c1ccnc(c1)C#N	Toll-like receptor 7	2650	US Patent	7CYN
Fc1cccc(Cl)c1C(=O)Nc1ccc(Oc2cccc(c2)C(F)(F)F)cc1	Toll-like receptor 7	2650	ChEMBL	7CYN
COc1nc(C)c2nc(-c3cncc(F)c3)n(Cc3cnn(C)c3)c2n1	Toll-like receptor 7	2660	US Patent	7CYN
CCN1CCN(CC1)c1nc(NCc2ccc(OC)cc2)nc2n(CCCN3CCCC3)cnc12	Toll-like receptor 7	2660	ChEMBL	7CYN
CCOc1nc(C)c2nc(-c3cncc(F)c3)n(Cc3cnn(C)c3)c2n1	Toll-like receptor 7	2680	US Patent	7CYN
CNCc1nnc(o1)-c1ccc2[nH]c(c(C(C)C)c2c1)-c1ccnc2n[nH]cc12	Toll-like receptor 7	2683	US Patent	7CYN
CCCCOc1nc(N)c2nc(-c3cncc(C)c3)n(Cc3ccccc3)c2n1	Toll-like receptor 7	2700	US Patent	7CYN
CCOc1nc(N)c2nc(-c3cncc(F)c3)n(Cc3cnn(C)c3)c2n1	Toll-like receptor 7	2700	US Patent	7CYN
CCN(CC)c1ccc(CNc2nc(N3CCN(CC)CC3)c3ncn(CCCN4CCN(CC)CC4)c3n2)cc1	Toll-like receptor 7	2700	ChEMBL	7CYN
CC(C)c1c([nH]c2ccc(cc12)-c1nnc(o1)C1CCC(CC1)C(F)(F)F)-c1ccnc(C)c1	Toll-like receptor 7	2704	US Patent	7CYN
COc1ccc(Cn2c(nc3c2c[n+](Cc2ccc(OC)cc2)c2ccccc32)-c2ccccc2)cc1	Toll-like receptor 7	2790	ChEMBL	7CYN
CCOc1nc(N)c2nc(-c3cncc(c3)C(F)F)n(Cc3ccccc3)c2n1	Toll-like receptor 7	2800	US Patent	7CYN
CC(C)c1c([nH]c2ccc(cc12)C1CCNCC1)-c1cc(C)nc(c1)N1CCN(C)CC1	Toll-like receptor 7	2876	US Patent	7CYN
COc1ccc(cc1OC)-c1[nH]c2ccc(cc2c1C)-c1ccc(cc1)C1=CCN(C)CC1	Toll-like receptor 7	2878	US Patent	7CYN
Fc1cccc(Cl)c1C(=O)Nc1ccc(Oc2cc(cc(c2)C(F)(F)F)C(F)(F)F)cc1	Toll-like receptor 7	2880	ChEMBL	7CYN
CCOc1nc(N)c2nc(-c3cncc(OC)c3)n(Cc3ccc(CN(C)C)cc3)c2n1	Toll-like receptor 7	2900	US Patent	7CYN
CN(C)Cc1ccc(Cn2c(nc3c(N)nc(OCC4CCOCC4)nc23)-c2cncc(F)c2)cc1	Toll-like receptor 7	2900	US Patent	7CYN
CN(C(=O)c1c(F)cccc1Cl)c1ccc(Oc2cc(cc(c2)C(F)(F)F)C(F)(F)F)cc1	Toll-like receptor 7	2900	ChEMBL	7CYN
COc1ccc(cc1OC)-c1[nH]c2ccc(cc2c1C(C)C)-c1ccc2CCCNc2c1	Toll-like receptor 7	2926	US Patent	7CYN
COc1ccc(-c2cn3ccc(cc3n2)N2CCN(CC2)C(=O)OC(C)(C)C)c(OCCCN2CCOCC2)c1	Toll-like receptor 7	2950	ChEMBL	7CYN
COc1ccc(-c2cn3ccc(cc3n2)N2CCN(CC2)C(=O)OC(C)(C)C)c(OCCCN2CCCC2)c1	Toll-like receptor 7	2950	ChEMBL	7CYN
CCCCc1nc2c(NCCCCCCCCCCNc3nc4ccccc4c4n(Cc5ccccc5)c(CCCC)nc34)nc3ccccc3c2n1Cc1ccccc1	Toll-like receptor 7	3000	ChEMBL	7CYN
CC(C)c1c([nH]c2ccc(cc12)C1CCNCC1)-c1ccnc(c1)C(=O)Nc1nccs1	Toll-like receptor 7	3080	US Patent	7CYN
COc1ccc(cc1)-c1nc(cs1)C(=O)NNC(=O)c1ccccn1	Toll-like receptor 7	3090	ChEMBL	7CYN
Nc1nc2ccccc2c2n(Cc3ccccc3)c(CCCc3nc4c(N)nc5ccccc5c4n3Cc3ccccc3)nc12	Toll-like receptor 7	3100	ChEMBL	7CYN
COc1cc(ccn1)-c1[nH]c2ccc(cc2c1C(C)C)C1CCN(CC(F)(F)F)CC1	Toll-like receptor 7	3113	US Patent	7CYN
CNCCN1CCC(CC1)c1ccc2[nH]c(c(C)c2c1)-c1cc(OC)ncc1F	Toll-like receptor 7	3122	US Patent	7CYN
CC(C)c1c([nH]c2ccc(cc12)C1CCN(CC1)C1COC1)-c1ccc2nc(C)nn2c1C	Toll-like receptor 7	3125	US Patent	7CYN
CC(C)c1c([nH]c2ccc(cc12)C1CCN(CC1)C1COC1)-c1ccc2nc(C)nn2c1C	Toll-like receptor 7	3125	US Patent	7CYN
CNC1CN(C1)c1ccc2[nH]c(c(C(C)C)c2n1)-c1cn2ncnc2c(C)c1C	Toll-like receptor 7	3125	US Patent	7CYN
COc1cc(cn2ncnc12)-c1[nH]c2ccc(nc2c1C(C)C)N1CC(C1)NCC(=O)N(C)C	Toll-like receptor 7	3125	US Patent	7CYN
CC(C)c1c([nH]c2ccc(nc12)N1CC(C1)NC1CCOCC1)-c1cn(C)c2ncccc12	Toll-like receptor 7	3125	US Patent	7CYN
CNC(=O)CN(C)C1CCC(CC1)c1ccc2[nH]c(c(C(C)C)c2n1)-c1cc(OC)c2ncnn2c1	Toll-like receptor 7	3125	US Patent	7CYN
COCCNC1CCC(CC1)c1nc2c(C(C)C)c([nH]c2cc1C)-c1cc(OC)c2ncnn2c1	Toll-like receptor 7	3125	US Patent	7CYN
CC(C)c1c([nH]c2ccc(CCC3CN(C3)C3COC3)nc12)-c1cn2ncnc2c(C)c1C	Toll-like receptor 7	3125	US Patent	7CYN
CNC(=O)CN(C)C1CCC(CC1)c1ccc2[nH]c(c(C(C)C)c2n1)-c1cc(OC)c2ncnn2c1	Toll-like receptor 7	3125	US Patent	7CYN
COCCNC1CCC(CC1)c1nc2c(C(C)C)c([nH]c2cc1C)-c1cc(OC)c2ncnn2c1	Toll-like receptor 7	3125	US Patent	7CYN
CNC1CN(C1)c1ccc2[nH]c(c(C(C)C)c2n1)-c1cn2ncnc2c(C)c1C	Toll-like receptor 7	3125	US Patent	7CYN
COc1cc(cn2ncnc12)-c1[nH]c2ccc(nc2c1C(C)C)N1CC(C1)NCC(=O)N(C)C	Toll-like receptor 7	3125	US Patent	7CYN
CC(C)c1c([nH]c2ccc(nc12)N1CC(C1)NC1CCOCC1)-c1cn(C)c2ncccc12	Toll-like receptor 7	3125	US Patent	7CYN
CC(C)c1c([nH]c2ccc(CCC3CN(C3)C3COC3)nc12)-c1cn2ncnc2c(C)c1C	Toll-like receptor 7	3125	US Patent	7CYN
CC(C)c1c([nH]c2cnc(cc12)N1CCNCC1)-c1cc(C)c2ncnn2c1	Toll-like receptor 7	3125	US Patent	7CYN
COc1cc(cn2ncnc12)-c1[nH]c2ccc(nc2c1C(C)C)N1CC(C1)NCC(=O)N(C)C	Toll-like receptor 7	3125	US Patent	7CYN
CNC(=O)CN(C)C1CCC(CC1)c1ccc2[nH]c(c(C(C)C)c2n1)-c1cc(OC)c2ncnn2c1	Toll-like receptor 7	3125	US Patent	7CYN
CNC1CN(C1)c1ccc2[nH]c(c(C(C)C)c2n1)-c1cn2ncnc2c(C)c1C	Toll-like receptor 7	3125	US Patent	7CYN
CC(C)c1c([nH]c2ccc(CCC3CN(C3)C3COC3)nc12)-c1cn2ncnc2c(C)c1C	Toll-like receptor 7	3125	US Patent	7CYN
CC(C)c1c([nH]c2ccc(nc12)N1CC(C1)NC1CCOCC1)-c1cn(C)c2ncccc12	Toll-like receptor 7	3125	US Patent	7CYN
COCCNC1CCC(CC1)c1nc2c(C(C)C)c([nH]c2cc1C)-c1cc(OC)c2ncnn2c1	Toll-like receptor 7	3125	US Patent	7CYN
CC(C)c1c([nH]c2cnc(cc12)N1CCN(CC(=O)N(C)C)CC1)-c1cc(C)c2ncnn2c1	Toll-like receptor 7	3125	US Patent	7CYN
CCc1c([nH]c2ccc(cc12)-c1noc(n1)C1CCN(Cc2ccccc2)CC1)-c1ccc(OC)c(OC)c1	Toll-like receptor 7	3127	US Patent	7CYN
CCc1c([nH]c2ccc(cc12)-c1noc(n1)C1CCN(Cc2ccccc2)C1)-c1ccc(OC)c(OC)c1	Toll-like receptor 7	3279	US Patent	7CYN
CCc1c([nH]c2ccc(cc12)-c1noc(n1)C1CN(C)C(=O)C1)-c1ccc(OC)c(OC)c1	Toll-like receptor 7	3290	US Patent	7CYN
CCCCOc1nc(Cl)c2nc(-c3cncc(F)c3)n(Cc3ccccc3)c2n1	Toll-like receptor 7	3300	US Patent	7CYN
CNCCN1CCC(CC1)c1ccc2[nH]c(c(C)c2c1)-c1cncc(OC)c1	Toll-like receptor 7	3300	ChEMBL	7CYN
COc1ccc(cc1OC)-c1[nH]c2ccc(cc2c1C(C)C)-c1cccc(c1)-c1cccc(CN(C)C)c1	Toll-like receptor 7	3303	US Patent	7CYN
COc1ccc(cc1)-c1cn2ccc(cc2n1)N1CCN(CC1)C1CCCC1	Toll-like receptor 7	3330	ChEMBL	7CYN
CCc1c([nH]c2ccc(cc12)C1CCN(CC1)C1CCN(CC(C)C)CC1)-c1ccnc(NC)c1	Toll-like receptor 7	3373	US Patent	7CYN
COc1ccc(-c2cn3ccc(NCCN4CCOCC4)cc3n2)c(OC)c1	Toll-like receptor 7	3390	ChEMBL	7CYN
CC(C)COC(=O)N1CCC(CC1)c1ccc2[nH]c(c(C(C)C)c2c1)-c1ccnc(C)c1	Toll-like receptor 7	3397	US Patent	7CYN
COc1ccc(Cn2c(nc3c(C)nc(OC)nc23)-c2cncc(F)c2)c(F)c1	Toll-like receptor 7	3410	US Patent	7CYN
COc1ccc(cc1OC)-c1[nH]c2ccc(cc2c1C)C1CCN(Cc2cnc(C)[nH]2)CC1	Toll-like receptor 7	3490	ChEMBL	7CYN
COCCOc1nc(N)c2nc(-c3cncc(F)c3)n(Cc3ccccc3)c2n1	Toll-like receptor 7	3500	US Patent	7CYN
CCCCOc1nc(C)c2nc(-c3cncc(F)c3)n(Cc3ccc(CO)cc3)c2n1	Toll-like receptor 7	3500	US Patent	7CYN
CCCCOc1nc(N)c2nc(-c3cncc(F)c3)n(Cc3cccc(c3)C(=O)N3CCN(C)CC3)c2n1	Toll-like receptor 7	3500	US Patent	7CYN
COc1ccc(cc1OC)-c1[nH]c2ccc(cc2c1C)C1CCN(Cc2nccn2C)CC1	Toll-like receptor 7	3690	ChEMBL	7CYN
CC(C)c1c([nH]c2ccc(cc12)C1CCN(CC1)C(C)=O)-c1cc(C)nc(F)c1	Toll-like receptor 7	3693	US Patent	7CYN
CCc1c([nH]c2ccc(cc12)C1CCN(CC1)C1CCN(CC(C)C)CC1)-c1ccnc(OC(F)F)c1	Toll-like receptor 7	3702	US Patent	7CYN
CCc1c([nH]c2ccc(cc12)C1CCN(CC1)C1CCN(CC(C)C)CC1)-c1ccnc(c1)N(C)C	Toll-like receptor 7	3747	US Patent	7CYN
COc1ccc(-c2cn3ccc(cc3n2)N(C)C)c(OC)c1	Toll-like receptor 7	3780	ChEMBL	7CYN
CCc1c([nH]c2ccc(cc12)-c1cccnc1)-c1ccc(OC)c(OC)c1	Toll-like receptor 7	3883	US Patent	7CYN
COc1ccc(cc1OC)-c1nc(cs1)C(=O)NNC(=O)c1ccccn1	Toll-like receptor 7	3900	ChEMBL	7CYN
COC(=O)c1ccc2c3n(Cc4ccc(CN)cc4)c(CC(C)C)nc3c(N)nc2c1	Toll-like receptor 7	3910	ChEMBL	7CYN
COc1ccc(cc1OC)-c1[nH]c2ccc(cc2c1C(C)C)-c1cccc(c1)N1CCN(CC1)C(C)C	Toll-like receptor 7	3920	US Patent	7CYN
CCc1c([nH]c2ccc(cc12)C(=O)N1CCc2ccccc12)-c1ccc(OC)c(OC)c1	Toll-like receptor 7	3936	US Patent	7CYN
CCc1c([nH]c2ccc(cc12)C1CCN(CC1)C1CCN(CC(C)C)CC1)-c1ccnc(NC(C)=O)c1	Toll-like receptor 7	3976	US Patent	7CYN
CCc1c([nH]c2ccc(cc12)-c1noc(CCOC)n1)-c1ccc(OC)c(OC)c1	Toll-like receptor 7	3984	US Patent	7CYN
CCCCc1nc2c(N)nc3ccc(NC(=O)CCCCCCC(=O)Nc4ccc5nc(N)c6nc(CCCC)n(Cc7ccc(CN)cc7)c6c5c4)cc3c2n1Cc1ccc(CN)cc1	Toll-like receptor 7	4020	ChEMBL	7CYN
CNCCN1CCC(CC1)c1ccc2[nH]c(c(C)c2c1)-c1ccnc(c1)N1CCN(C)CC1	Toll-like receptor 7	4029	US Patent	7CYN
CNC(=O)CN1CC2CN(CC2C1)C(=O)c1ccc2[nH]c(c(C(C)C)c2c1)-c1ccnc(C)c1	Toll-like receptor 7	4046	US Patent	7CYN
CC(C)c1c([nH]c2ccc(cc12)C1CCNCC1)-c1cc(C)nc(NCC2CC2)c1C#N	Toll-like receptor 7	4072	US Patent	7CYN
CCCCOc1nc(N)c2nc(-c3ccc(OCCCN4CCOCC4)cc3)n(Cc3ccccc3)c2n1	Toll-like receptor 7	4100	US Patent	7CYN
COC(=O)c1ccc2c3n(Cc4ccc(CN)cc4)c(CC4CC4)nc3c(N)nc2c1	Toll-like receptor 7	4100	ChEMBL	7CYN
COc1ccc(cn1)-c1ccc2[nH]c(c(C(C)C)c2c1)-c1ccnc2[nH]ncc12	Toll-like receptor 7	4105	US Patent	7CYN
CCc1c([nH]c2ccc(cc12)C(=O)N1CCN(CC1)c1ccc(cn1)C(F)(F)F)-c1ccc(OC)c(OC)c1	Toll-like receptor 7	4124	US Patent	7CYN
COCCNCc1nnc(o1)-c1ccc2[nH]c(c(C(C)C)c2c1)-c1ccc(OC)c(OC)c1	Toll-like receptor 7	4159	US Patent	7CYN
CCc1c([nH]c2ccc(cc12)C1CCNCC1)-c1ccnc(NC(C)=O)c1	Toll-like receptor 7	4189	US Patent	7CYN
CCCOCN1CCC(CC1)c1ccc2[nH]c(c(C(C)C)c2c1)-c1ccnc(OC)c1	Toll-like receptor 7	4199	US Patent	7CYN
COCCOc1nc(N)c2nc(-c3cncc(F)c3)n(Cc3cccc(CN4CCOCC4)c3)c2n1	Toll-like receptor 7	4200	US Patent	7CYN
COc1cc2c(nc(nc2cc1OCCCN1CCCC1)N(C)C)N1CCN(CC1)C(=O)c1ccc(F)cc1	Toll-like receptor 7	4200	ChEMBL	7CYN
COc1cc2c(nc(nc2cc1OCCCN1CCCC1)N(C)C)N1CCN(CC1)C(=O)c1cccc(F)c1	Toll-like receptor 7	4200	ChEMBL	7CYN
CCc1c([nH]c2ccc(cc12)C1CCN(CC1)C1CCN(CC(C)C)CC1)-c1cc(F)nc(F)c1	Toll-like receptor 7	4257	US Patent	7CYN
COc1cc2c(nc(nc2cc1OCCCN1CCCC1)N(C)C)N1CCN(Cc2ccccc2)CC1	Toll-like receptor 7	4400	ChEMBL	7CYN
Fc1ccc(cc1)-c1nc(cs1)C(=O)NNC(=O)c1ccccn1	Toll-like receptor 7	4400	ChEMBL	7CYN
COc1cc2c(nc(nc2cc1OCCCN1CCCC1)N(C)C)N1CCN(Cc2ccccc2)CC1	Toll-like receptor 7	4400	ChEMBL	7CYN
CC(C)c1c([nH]c2ccc(cc12)-c1nc2CNCCn2n1)-c1ccnc2[nH]ncc12	Toll-like receptor 7	4446	US Patent	7CYN
COc1ccc(Cn2c(nc3c2c[n+](Cc2ccc(OC)cc2)c2ccccc32)-c2ccccc2)cc1	Toll-like receptor 7	4550	ChEMBL	7CYN
CN1CCC(CC1)Nc1cccc(c1)-c1nc2ccc(OCCCN3CCCC3)cc2o1	Toll-like receptor 7	4570	ChEMBL	7CYN
CN1CCC(CC1)Nc1cccc(c1)-c1nc2ccc(OCCCN3CCCC3)cc2o1	Toll-like receptor 7	4570	ChEMBL	7CYN
COc1cc2c(nc(nc2cc1OC1CCCC1)N(C)C)N1CCNCC1	Toll-like receptor 7	4600	ChEMBL	7CYN
COc1cc2c(nc(nc2cc1OC1CCCC1)N(C)C)N1CCNCC1	Toll-like receptor 7	4600	ChEMBL	7CYN
CCN1CCN(CCCn2cnc3c(ncnc23)N2CCN(CC)CC2)CC1	Toll-like receptor 7	4700	ChEMBL	7CYN
CN(C)Cc1ccc(cc1)C(=O)Nc1cccc(c1)-c1nc2ccc(OCCCN3CCCC3)cc2o1	Toll-like receptor 7	4710	ChEMBL	7CYN
CN(C)Cc1ccc(cc1)C(=O)Nc1cccc(c1)-c1nc2ccc(OCCCN3CCCC3)cc2o1	Toll-like receptor 7	4710	ChEMBL	7CYN
Oc1cc(Oc2cc(cc(c2)C(F)(F)F)C(F)(F)F)ccc1NC(=O)c1c(F)cccc1I	Toll-like receptor 7	4730	ChEMBL	7CYN
COc1ccc(cc1)-c1cn2ccc(N)cc2n1	Toll-like receptor 7	4770	ChEMBL	7CYN
CCN1CCN(CCCn2cnc3c(ncnc23)N2CCN(CC)CC2)CC1	Toll-like receptor 7	4780	ChEMBL	7CYN
COc1ccc(-c2nc3cc(ccn3c2NCc2ccccc2)N2CCN(CC2)C2CCCC2)c(OC)c1	Toll-like receptor 7	4810	ChEMBL	7CYN
CCCCCCCCCc1nc2c(cnc3ccccc23)n1CCCO	Toll-like receptor 7	4810	ChEMBL	7CYN
CNCCN1CCC(CC1)c1ccc2[nH]c(c(C)c2c1)-c1cc(OCCOC)ncc1F	Toll-like receptor 7	4834	US Patent	7CYN
Nc1nc(N2CCN(CC2)C2CCCC2)c2ncn(CCCN3CCCC3)c2n1	Toll-like receptor 7	4880	ChEMBL	7CYN
COc1cc2c(nc(NCc3ccc(F)cc3)nc2cc1OCCCN1CCCC1)N1CCN(CC1)C1CCCC1	Toll-like receptor 7	4900	ChEMBL	7CYN
COc1cc2c(nc(NCc3ccc(F)cc3)nc2cc1OCCCN1CCCC1)N1CCN(CC1)C1CCCC1	Toll-like receptor 7	4900	ChEMBL	7CYN
CCN1CCN(CC1)c1nc(N)nc2n(CCCN3CCCC3)cnc12	Toll-like receptor 7	4940	ChEMBL	7CYN
CCc1c([nH]c2ccc(cc12)C1CCN(CC1)C1CCN(CC(C)C)CC1)-c1cc(Cl)ncc1OC	Toll-like receptor 7	4948	US Patent	7CYN
C(COc1ccc2nc(oc2c1)-c1cccc(c1)C1CCNCC1)CN1CCCC1	Toll-like receptor 7	4990	ChEMBL	7CYN
C(COc1ccc2nc(oc2c1)-c1cccc(c1)C1CCNCC1)CN1CCCC1	Toll-like receptor 7	4990	ChEMBL	7CYN
CN(C)Cc1ccc(Cn2c(nc3c(N)nc(Cl)nc23)-c2cncc(F)c2)cc1	Toll-like receptor 7	5000	US Patent	7CYN
CCCCN(C)c1nc(N)nc2cnn(Cc3ccc(CNC4CCOCC4)cc3OC)c12	Toll-like receptor 7	5000	ChEMBL	7CYN
CCCCOc1nc(N)nc2cnn(Cc3ccc(CNC4CCOCC4)cc3OC)c12	Toll-like receptor 7	5000	ChEMBL	7CYN
CCCCOc1nc(N)nc2cnn(Cc3ccc(CNC4CCOCC4)cc3OC)c12	Toll-like receptor 7	5000	ChEMBL	
COc1cc(CNC2CCOCC2)ccc1Cn1ncc2nc(N)nc(N[C@@H](C)CCO)c12	Toll-like receptor 7	5000	ChEMBL	
CCCCN(C)c1nc(N)nc2cnn(Cc3ccc(CNC4CCOCC4)cc3OC)c12	Toll-like receptor 7	5000	ChEMBL	
CCN1CCN(CCCn2cnc3c(nc(NCc4ccc(OC)cc4)nc23)N2CCN(CC)CC2)CC1	Toll-like receptor 7	5220	ChEMBL	7CYN
CNCCN1CCC(CC1)c1ccc2n(C)c(c(C)c2c1)-c1ccc(OC)c(OC)c1	Toll-like receptor 7	5260	ChEMBL	7CYN
CC(C)c1c([nH]c2ccc(cc12)-c1nnc(CNC23CC4CC(CC(C4)C2)C3)o1)-c1ccnc2[nH]ncc12	Toll-like receptor 7	5342	US Patent	7CYN
CCc1c([nH]c2ccc(cc12)C1CCN(CC1)C1CCN(CC(C)C)CC1)-c1ccnc(OC(C)C)c1	Toll-like receptor 7	5376	US Patent	7CYN
CCCCc1nc2c(N)nc3ccc(NC(=O)CCCCCCCCCCC(=O)Nc4ccc5nc(N)c6nc(CCCC)n(Cc7ccc(CN)cc7)c6c5c4)cc3c2n1Cc1ccc(CN)cc1	Toll-like receptor 7	5400	ChEMBL	7CYN
COc1cc2c(nc(nc2cc1OCCCN1CCCC1)N(C)C)N1CCN(CC1)C(=O)C(C)C	Toll-like receptor 7	5400	ChEMBL	7CYN
COc1cc2c(nc(nc2cc1OCCCN1CCCC1)N(C)C)N1CCN(CC1)C(=O)C(C)C	Toll-like receptor 7	5400	ChEMBL	7CYN
CNCCN1CCC(CC1)c1ccc2[nH]c(c(C)c2c1)-c1ccc(OC)cc1	Toll-like receptor 7	5460	ChEMBL	7CYN
CCCCOc1nc(N)c2nc(-c3cccnc3)n(Cc3ccccc3)c2n1	Toll-like receptor 7	5500	US Patent	7CYN
CNCCN1CCC(CC1)c1ccc2[nH]c(c(C)c2c1)-c1ccc(OC)cc1	Toll-like receptor 7	5500	ChEMBL	7CYN
CCOc1cc(ccc1OC(C)C)-c1[nH]c2ccc(cc2c1C)C1CCN(CCNC)CC1	Toll-like receptor 7	5550	ChEMBL	7CYN
COc1ccc(-c2cn3ccc(cc3n2)N2CCN(CC2)C2CCCC2)c(OCc2ccccc2)c1	Toll-like receptor 7	5560	ChEMBL	7CYN
COc1cc2c(nc(nc2cc1OCCCN1CCCC1)N(C)C)N1CCNCC1	Toll-like receptor 7	5600	ChEMBL	7CYN
COc1cc2c(nc(nc2cc1OCCCN1CCCC1)N(C)C)N1CCNCC1	Toll-like receptor 7	5600	ChEMBL	7CYN
CCc1c([nH]c2ccc(cc12)C1CCN(CC1)C1CCN(CC(C)C)CC1)-c1ccnc(OC(F)F)c1	Toll-like receptor 7	5659	US Patent	7CYN
COc1cc2c(ncnc2cc1OCCCN1CCCC1)N1CCN(CC1)C1CCCC1	Toll-like receptor 7	5700	ChEMBL	7CYN
COc1cc2c(ncnc2cc1OCCCN1CCCC1)N1CCN(CC1)C1CCCC1	Toll-like receptor 7	5700	ChEMBL	7CYN
CCOc1nc(N)c2nc(-c3cncc(F)c3)n(Cc3cc(OCCN(C)C)ccn3)c2n1	Toll-like receptor 7	5800	US Patent	7CYN
CN(C)Cc1ccc(Cn2c(nc3c(N)nc(nc23)N2CCC2)-c2cncc(F)c2)cc1	Toll-like receptor 7	5800	US Patent	7CYN
COc1cc2c(nc(nc2cc1OCCCN1CCCC1)N(C)C)N1CCN(C)CC1	Toll-like receptor 7	5800	ChEMBL	7CYN
COc1cc2c(nc(nc2cc1OCCCN1CCCC1)N(C)C)N1CCN(C)CC1	Toll-like receptor 7	5800	ChEMBL	7CYN
O=C(NNC(=O)c1ccccn1)c1csc(n1)-c1ccccc1	Toll-like receptor 7	5800	ChEMBL	7CYN
CNCCN1CCC(CC1)c1ccc2[nH]c(c(C)c2c1)-c1ccncc1OC	Toll-like receptor 7	5860	US Patent	7CYN
CC(C)c1c([nH]c2ccc(cc12)C1CCNCC1)-c1ccnc(c1)C(=O)NCC(F)(F)F	Toll-like receptor 7	6073	US Patent	7CYN
CNCCN1CCC(CC1)c1ccc2[nH]c(c(C)c2c1)-c1cccc(OC)c1	Toll-like receptor 7	6170	ChEMBL	7CYN
CCN1CCN(CCCn2cnc3c(ncnc23)N2CCN(CC2)C2CCCC2)CC1	Toll-like receptor 7	6200	ChEMBL	7CYN
CNCCN1CCC(CC1)c1ccc2[nH]c(c(C)c2c1)-c1cccc(OC)c1	Toll-like receptor 7	6200	ChEMBL	7CYN
COc1nc(C)c2nc(-c3cncc(F)c3)n(Cc3ccc(Br)c(F)c3)c2n1	Toll-like receptor 7	6480	US Patent	7CYN
CCCCOc1nc(C)c2nc(-c3cncc(OC)c3)n(Cc3ccccc3)c2n1	Toll-like receptor 7	6600	US Patent	7CYN
CNCCN1CCC(CC1)c1cc2c(C)c([nH]c2cn1)-c1ccc(OC)c(OC)c1	Toll-like receptor 7	6638	US Patent	7CYN
CNCCN1CCC(CC1)c1ccc2[nH]c(c(C)c2c1)-c1cc(Cl)ncc1OC	Toll-like receptor 7	6672	US Patent	7CYN
COc1ccc(-c2nc3cc(ccn3c2NC2CCCCC2)N2CCN(CC2)C2CCCC2)c(OC)c1	Toll-like receptor 7	6700	ChEMBL	7CYN
CCc1c([nH]c2ccc(cc12)C1CCN(CC1)C1CCN(CC(C)C)CC1)-c1ccnc(OCCN(C)C)c1	Toll-like receptor 7	6730	US Patent	7CYN
COc1ccc(cc1)-c1cn2ccc(cc2n1)N(C)C	Toll-like receptor 7	6740	ChEMBL	7CYN
CCNc1nc(N)c2nc(-c3cncc(F)c3)n(Cc3ccc(CN(C)C)cc3)c2n1	Toll-like receptor 7	7000	US Patent	7CYN
CNCCN1CCC(CC1)c1ccc2[nH]c(c(C)c2c1)-c1ccc(cc1)C#N	Toll-like receptor 7	7010	ChEMBL	7CYN
Fc1cccc(Cl)c1NC(=O)c1ccc(Oc2cc(cc(c2)C(F)(F)F)C(F)(F)F)cc1	Toll-like receptor 7	7100	ChEMBL	7CYN
CC(C)c1c([nH]c2ccc(cc12)C1CC(C)(C)N(C)C(C)(C)C1)-c1cc(C)nc(C)c1	Toll-like receptor 7	7193	US Patent	7CYN
CCc1c([nH]c2ccc(cc12)C1CCNCC1)-c1ccnc(N)c1O	Toll-like receptor 7	7201	US Patent	7CYN
CCOc1cc(ccn1)-c1[nH]c2ccc(cc2c1CC)C1CCN(CC1)C1CCN(CC(C)C)CC1	Toll-like receptor 7	7224	US Patent	7CYN
CCCCc1nc2c(N)nc3ccc(NC(=O)CCCCC(=O)Nc4ccc5nc(N)c6nc(CCCC)n(Cc7ccc(CN)cc7)c6c5c4)cc3c2n1Cc1ccc(CN)cc1	Toll-like receptor 7	7240	ChEMBL	7CYN
CC(C)c1c([nH]c2ccc(cc12)-c1nnc(CNCC(C)(C)C)o1)-c1ccnc2[nH]ncc12	Toll-like receptor 7	7276	US Patent	7CYN
CCN1CCN(CCCn2cnc3c(nc(NC(=O)c4ccc(CN(C)C)cc4)nc23)N2CCN(CC2)C2CCCC2)CC1	Toll-like receptor 7	7290	ChEMBL	7CYN
CCNCc1nc2c(cnc3ccccc23)n1CC(C)(C)O	Toll-like receptor 7	7500	ChEMBL	7CYN
C(COc1ccc2nc(oc2c1)-c1cccc(NC2CCNCC2)c1)CN1CCCC1	Toll-like receptor 7	7550	ChEMBL	7CYN
C(COc1ccc2nc(oc2c1)-c1cccc(NC2CCNCC2)c1)CN1CCCC1	Toll-like receptor 7	7550	ChEMBL	7CYN
CCN1CCN(CCCn2cnc3c(nc(NCc4ccccc4)nc23)N2CCN(CC)CC2)CC1	Toll-like receptor 7	7590	ChEMBL	7CYN
COCCOc1nc(N)c2nc(-c3cncc(c3)C#N)n(Cc3ccc(CN(C)C)cc3)c2n1	Toll-like receptor 7	7700	US Patent	7CYN
CCN1CCN(CCCn2cnc3c(nc(NC(=O)c4ccccc4)nc23)N2CCN(CC)CC2)CC1	Toll-like receptor 7	7740	ChEMBL	7CYN
CCCCOc1nc(N)c2nc(-c3ccncc3)n(Cc3ccccc3)c2n1	Toll-like receptor 7	7800	US Patent	7CYN
CCCCOc1nc(N)c2nc(-c3ccoc3)n(Cc3ccccc3)c2n1	Toll-like receptor 7	7800	US Patent	7CYN
Oc1cccnc1C(=O)NNC(=O)c1ccc(OC(F)(F)F)cc1	Toll-like receptor 7	7900	ChEMBL	7CYN
C(COc1ccc2nc(oc2c1)-c1cccc(NC2CCN(Cc3ccccc3)CC2)c1)CN1CCCC1	Toll-like receptor 7	8090	ChEMBL	7CYN
C(COc1ccc2oc(nc2c1)-c1cccc(NC2CCN(Cc3ccccc3)CC2)c1)CN1CCCC1	Toll-like receptor 7	8090	ChEMBL	7CYN
CCCCN(C)c1nc(N)c2nc(-c3cncc(F)c3)n(Cc3ccc(CN(C)C)cc3)c2n1	Toll-like receptor 7	8100	US Patent	7CYN
CCN(CC)c1ccc(CNc2nc(N3CCN(CC3)C3CCCC3)c3ncn(CCCN4CCN(CC)CC4)c3n2)cc1	Toll-like receptor 7	8130	ChEMBL	7CYN
CCCCOc1nc(N)c2nc(-c3ccc(CN4CCOCC4)cc3)n(Cc3ccccc3)c2n1	Toll-like receptor 7	8200	US Patent	7CYN
CCCCc1cc2c(N)nc3ccccc3n2n1	Toll-like receptor 7	8200	ChEMBL	7CYN
C(COc1ccc2nc(oc2c1)-c1cccc(c1)C1=CCNCC1)CN1CCCC1	Toll-like receptor 7	8300	ChEMBL	7CYN
C(COc1ccc2nc(oc2c1)-c1cccc(c1)C1=CCNCC1)CN1CCCC1	Toll-like receptor 7	8300	ChEMBL	7CYN
CCN(CC)c1ccc(CNc2nc(N3CCN(CC3)C(=O)c3ccccc3)c3ncn(CCCN4CCN(CC)CC4)c3n2)cc1	Toll-like receptor 7	8400	ChEMBL	7CYN
CCN1CCN(CCCn2cnc3c(nc(nc23)N2CCCC2)N2CCN(CC)CC2)CC1	Toll-like receptor 7	8490	ChEMBL	7CYN
CCCCCCCCCc1nc2c(cnc3ccccc23)n1CC#C	Toll-like receptor 7	8580	ChEMBL	7CYN
COCCOc1nc(N)c2nc(-c3cnc4ccccc4c3)n(Cc3ccc(CN(C)C)cc3)c2n1	Toll-like receptor 7	8600	US Patent	7CYN
CCN(CCO)CCCC(C)Nc1ccnc2cc(Cl)ccc12	Toll-like receptor 7	8600	ChEMBL	7CYN
COc1ccc(cc1OC)-c1[nH]c2ccc(cc2c1C)-c1ccc(cc1)C1=CCNCC1	Toll-like receptor 7	8624	US Patent	7CYN
COc1ccc(-c2cn3ccc(cc3n2)N2CCN(CC2)C(=O)C2CCCC2)c(OC)c1	Toll-like receptor 7	8700	ChEMBL	7CYN
COc1cc2c(nc(nc2cc1OCCCN1CCCC1)N(C)C)N1CCN(CC1)C(=O)c1ccc(CN)cc1	Toll-like receptor 7	8700	ChEMBL	7CYN
COc1cc2c(nc(nc2cc1OCCCN1CCCC1)N(C)C)N1CCN(CC1)C(=O)c1ccc(CN)cc1	Toll-like receptor 7	8700	ChEMBL	7CYN
CCc1nc(N)c2nc(-c3cncc(F)c3)n(Cc3ccc(CN(C)C)cc3)c2n1	Toll-like receptor 7	8900	US Patent	7CYN
COCCOc1nc(N)c2nc(-c3cncc(C)c3)n(Cc3ccccc3)c2n1	Toll-like receptor 7	9100	US Patent	7CYN
CCCCOc1nc(N)c2nc(-c3cccnc3)n(Cc3cccnc3)c2n1	Toll-like receptor 7	9200	US Patent	7CYN
CCCCOc1nc(N)c2nc(-c3cccc(OC)c3)n(Cc3ccccc3)c2n1	Toll-like receptor 7	9200	US Patent	7CYN
CN(C)Cc1ccc(CNc2nc(N3CCN(CC3)C3CCCC3)c3ncn(CCCN4CCCC4)c3n2)cc1	Toll-like receptor 7	9250	ChEMBL	7CYN
CCCCOc1nc(N)c2nc(-c3cnn(C)c3)n(Cc3ccccc3)c2n1	Toll-like receptor 7	9300	US Patent	7CYN
CCCCOc1nc(N)c2nc(-c3cccc(Cl)c3)n(Cc3ccccc3)c2n1	Toll-like receptor 7	9300	US Patent	7CYN
CCCCCc1nc(N)c2nc(-c3cncc(F)c3)n(Cc3ccccc3)c2n1	Toll-like receptor 7	9500	US Patent	7CYN
CCCCOc1nc(N)c2nc(-c3cnc(N)nc3)n(Cc3ccccc3)c2n1	Toll-like receptor 7	9600	US Patent	7CYN
COc1cc2c(nc(nc2cc1OCCCN1CCCC1)N(C)C)N1CCN(CC1)S(=O)(=O)C(C)C	Toll-like receptor 7	9600	ChEMBL	7CYN
COc1cc2c(nc(nc2cc1OCCCN1CCCC1)N(C)C)N1CCN(CC1)S(=O)(=O)C(C)C	Toll-like receptor 7	9600	ChEMBL	7CYN
CCN(CC)c1ccc(CNc2nc(N3CCN(CC3)C(=O)C3CCCC3)c3ncn(CCCN4CCN(CC)CC4)c3n2)cc1	Toll-like receptor 7	9790	ChEMBL	7CYN
CCNc1cc(ccn1)-c1[nH]c2ccc(cc2c1CC)C1CCN(CC1)C1CCN(CC(C)C)CC1	Toll-like receptor 7	9850	US Patent	7CYN
CNCCN1CCC(CC1)c1ccc2[nH]c(c(C)c2c1)-c1ccccc1	Toll-like receptor 7	10000	ChEMBL	7CYN
CNCCN1CCC(CC1)c1ccc2[nH]c(c(C)c2c1)-c1ccc(OC)nc1	Toll-like receptor 7	10000	ChEMBL	7CYN
COc1cc2c(nc(nc2cc1OCc1ccccc1)N1CCN(C)CC1)N1CCN(CC1)C(=O)OC(C)(C)C	Toll-like receptor 7	10000	ChEMBL	7CYN
COc1cc2c(nc(nc2cc1OC1CCCC1)N(C)C)N1CCN(CC1)C(=O)c1ccccc1	Toll-like receptor 7	10000	ChEMBL	7CYN
CNCCN1CCC(CC1)c1ccc2[nH]c(c(C)c2c1)-c1ccc(C)cc1	Toll-like receptor 7	10000	ChEMBL	7CYN
CNCCN1CCC(CC1)c1ccc2[nH]c(c(C)c2c1)-c1cccc(OC)n1	Toll-like receptor 7	10000	ChEMBL	7CYN
CC(C)Cc1cc2c(N)nc3ccccc3n2n1	Toll-like receptor 7	10000	ChEMBL	7CYN
CC(C)N1CCN(CC1)c1ncc2cc(cc(C)c2n1)-c1ccc(=O)n(C)c1	Toll-like receptor 7	10000	ChEMBL	7CYN
CNCCN1CCC(CC1)c1ccc2[nH]c(c(C)c2c1)-c1ccccc1C#N	Toll-like receptor 7	10000	ChEMBL	7CYN
CNCCN1CCC(CC1)c1ccc2[nH]c(c(C#N)c2c1)-c1ccc(OC)c(OC)c1	Toll-like receptor 7	10000	ChEMBL	7CYN
CNCCN1CCC(CC1)c1ccc2[nH]c(c(C)c2c1)-c1cccnc1	Toll-like receptor 7	10000	ChEMBL	7CYN
CNCCN1CCC(CC1)c1ccc2[nH]c(c(C)c2c1)-c1ccccc1OC	Toll-like receptor 7	10000	ChEMBL	7CYN
CNCCN1CCC(CC1)c1ccc2[nH]c(c(C)c2c1)-c1ccccc1C	Toll-like receptor 7	10000	ChEMBL	7CYN
CC(C)(C)S(=O)(=O)c1cc2c(Nc3ccc4scnc4c3)ncnc2cc1OCCO	Toll-like receptor 7	10000	ChEMBL	7CYN
CNCCN1CCC(CC1)c1ccc2[nH]c(c(C)c2c1)-c1cccc(C)c1	Toll-like receptor 7	10000	ChEMBL	7CYN
CNCCN1CCC(CC1)c1ccc2[nH]c(c(C)c2c1)-c1cccc(c1)C#N	Toll-like receptor 7	10000	ChEMBL	7CYN
CNCCN1CCC(CC1)c1ccc2[nH]c(c(C)c2c1)-c1cccc(OC)c1OC	Toll-like receptor 7	10000	ChEMBL	7CYN
CNCCN1CCC(CC1)c1ccc2[nH]c(c(C)c2c1)-c1ccc(OC)cc1OC	Toll-like receptor 7	10000	ChEMBL	7CYN
CCCCCCCCCc1nc2c(cnc3ccccc23)n1CC#C	Toll-like receptor 7	10070	ChEMBL	7CYN
CCN1CCN(CCCn2cnc3c(nc(NCc4ccc(F)cc4)nc23)N2CCN(CC)CC2)CC1	Toll-like receptor 7	10140	ChEMBL	7CYN
CCCCCCCCCc1nc2c(cnc3ccccc23)n1C	Toll-like receptor 7	10140	ChEMBL	7CYN
NC1CCN(CCCOc2ccc(cc2)-c2nc3ccc(OCCCN4CCC(N)C4)cc3o2)C1	Toll-like receptor 7	10840	ChEMBL	7CYN
CCCCOc1nc(N)c2nc(-c3ccccc3)n(Cc3ccccc3)c2n1	Toll-like receptor 7	10900	US Patent	7CYN
COc1ccc(-c2cn3ccc(cc3n2)N2CCN(CC2)C(=O)c2ccc(F)cc2)c(OCc2ccccc2)c1	Toll-like receptor 7	10950	ChEMBL	7CYN
CCc1c([nH]c2ccc(cc12)C1CCN(CC1)C1CCN(CC(C)C)CC1)-c1ccnc(O)c1	Toll-like receptor 7	10978	US Patent	7CYN
COc1cc2c(nc(nc2cc1OC1CCCC1)N(C)C)N1CCCCC1	Toll-like receptor 7	11000	ChEMBL	7CYN
COc1cc2c(nc(nc2cc1OCCCN1CCCC1)N(C)C)N1CCN(CC1)C(=O)C1CCCC1	Toll-like receptor 7	11000	ChEMBL	7CYN
COc1cc2c(nc(nc2cc1OCCCN1CCCC1)N(C)C)N1CCN(CC1)C(=O)C1CCCC1	Toll-like receptor 7	11000	ChEMBL	7CYN
COc1cc2c(nc(nc2cc1OC1CCCC1)N(C)C)N1CCCCC1	Toll-like receptor 7	11000	ChEMBL	7CYN
COc1ccc(CNc2nc(N3CCN(CC3)C3CCCC3)c3ncn(CCCN4CCCC4)c3n2)cc1	Toll-like receptor 7	11630	ChEMBL	7CYN
CCCCOc1nc(N)c2nc(-c3ccccc3)n(Cc3cccnc3)c2n1	Toll-like receptor 7	12800	US Patent	7CYN
CCN1CCN(CCCn2cnc3c(nc(N)nc23)N2CCN(CC2)C2CCCC2)CC1	Toll-like receptor 7	13200	ChEMBL	7CYN
Oc1cccnc1C(=O)NNC(=O)c1ccc(cc1)C(F)(F)F	Toll-like receptor 7	13400	ChEMBL	7CYN
CCCCNc1nc(N)c2nc(-c3cncc(F)c3)n(Cc3ccc(CN(C)C)cc3)c2n1	Toll-like receptor 7	13600	US Patent	7CYN
Fc1ccc(CNc2nc(N3CCN(CC3)C3CCCC3)c3ncn(CCCN4CCCC4)c3n2)cc1	Toll-like receptor 7	13630	ChEMBL	7CYN
COCCOc1nc(N)c2nc(-c3cncc(OC)c3)n(Cc3ccccc3)c2n1	Toll-like receptor 7	13700	US Patent	7CYN
COCC(C)Oc1nc(N)c2nc(-c3cncc(F)c3)n(Cc3ccc(CN(C)C)cc3)c2n1	Toll-like receptor 7	13700	US Patent	7CYN
C#CCn1c(nc2c1cnc1ccccc21)-c1ccccc1	Toll-like receptor 7	13710	ChEMBL	7CYN
CCCCOc1nc(N)c2nc(-c3cccc(CN4CCOCC4)c3)n(Cc3ccccc3)c2n1	Toll-like receptor 7	13900	US Patent	7CYN
CC(C)c1nc(cs1)C(=O)NNC(=O)c1ccccn1	Toll-like receptor 7	14000	ChEMBL	7CYN
Oc1cccnc1C(=O)NNC(=O)c1cccc(c1)C(F)(F)F	Toll-like receptor 7	14200	ChEMBL	7CYN
CCCCCCCCCc1nc2c(cnc3ccccc23)n1CC(C)(C)O	Toll-like receptor 7	14400	ChEMBL	7CYN
C#CCn1c(nc2c1cnc1ccccc21)-c1ccccc1	Toll-like receptor 7	14850	ChEMBL	7CYN
FC(F)(F)c1cccc(c1)C(=O)NNC(=O)c1ccccn1	Toll-like receptor 7	15000	ChEMBL	7CYN
CCN1CCN(CC1)c1ncnc2n(CCCN3CCCCC3)cnc12	Toll-like receptor 7	15800	ChEMBL	7CYN
Nc1cccnc1C(=O)NNC(=O)c1cccc(c1)C(F)(F)F	Toll-like receptor 7	16000	ChEMBL	7CYN
COc1cc2c(nc(NCCCN3CCN(C)CC3)nc2cc1OCCCN1CCCC1)N1CCN(CC1)C1CCCC1	Toll-like receptor 7	16000	ChEMBL	7CYN
COc1cc2c(nc(NCCCN3CCN(C)CC3)nc2cc1OCCCN1CCCC1)N1CCN(CC1)C1CCCC1	Toll-like receptor 7	16000	ChEMBL	7CYN
CCCCOc1nc(N)c2nc(-c3ccc(cc3)N(C)C)n(Cc3ccccc3)c2n1	Toll-like receptor 7	16200	US Patent	7CYN
CCN1CCN(CCCn2cnc3c(nc(N)nc23)N2CCN(CC)CC2)CC1	Toll-like receptor 7	16220	ChEMBL	7CYN
CCCCc1cc2c(N)nc3ccc(C)cc3n2n1	Toll-like receptor 7	16300	ChEMBL	7CYN
CN(C)Cc1ccc(Cn2c(nc3c(N)nc(OC4CCOCC4)nc23)-c2cncc(F)c2)cc1	Toll-like receptor 7	16600	US Patent	7CYN
CNCCN1CCC(CC1)c1ccc2[nH]c(c(C)c2c1)-c1ccc(cc1)C(N)=O	Toll-like receptor 7	16600	ChEMBL	7CYN
COc1cc2c(nc(NCCCn3ccnc3)nc2cc1OCCCN1CCCC1)N1CCN(CC1)C1CCCC1	Toll-like receptor 7	17000	ChEMBL	7CYN
COc1cc2c(nc(NCCCn3ccnc3)nc2cc1OCCCN1CCCC1)N1CCN(CC1)C1CCCC1	Toll-like receptor 7	17000	ChEMBL	7CYN
COc1cc2c(nc(nc2cc1OC1CCCC1)N(C)C)N1CCN(CC1)C(=O)N(C)C	Toll-like receptor 7	17000	ChEMBL	7CYN
FC(F)(F)c1ccc(cc1)C(=O)NNC(=O)c1ccccn1	Toll-like receptor 7	17000	ChEMBL	7CYN
COc1cc2c(nc(NCCCN3CCN(C)CC3)nc2cc1OCCCN1CCCC1)N1CCN(C)CC1	Toll-like receptor 7	17000	ChEMBL	7CYN
Brc1ccc(cc1)C(=O)NNC(=O)c1ccccn1	Toll-like receptor 7	17000	ChEMBL	7CYN
COc1cc2c(nc(nc2cc1OC1CCCC1)N(C)C)N1CCN(CC1)C(=O)N(C)C	Toll-like receptor 7	17000	ChEMBL	7CYN
COc1cc2c(nc(NCCCN3CCN(C)CC3)nc2cc1OCCCN1CCCC1)N1CCN(C)CC1	Toll-like receptor 7	17000	ChEMBL	7CYN
Oc1cccnc1C(=O)NNC(=O)c1ccc(Br)cc1	Toll-like receptor 7	17260	ChEMBL	7CYN
CCCCc1ncc2c(N)nc3ccccc3n12	Toll-like receptor 7	17300	ChEMBL	7CYN
CC(C)CCc1ncc2c(N)nc3ccccc3n12	Toll-like receptor 7	17700	ChEMBL	7CYN
CCN1CCN(CC1)c1nc(NCc2ccc(CN(C)C)cc2)nc2n(CCCN3CCCC3)cnc12	Toll-like receptor 7	17840	ChEMBL	7CYN
Nc1nc2ccccc2c2n(Cc3ccccc3)c(CCCCCCCCCCc3nc4c(N)nc5ccccc5c4n3Cc3ccccc3)nc12	Toll-like receptor 7	17880	ChEMBL	7CYN
CCCCOc1nc(N)c2nc(-c3ccccn3)n(Cc3ccccc3)c2n1	Toll-like receptor 7	18100	US Patent	7CYN
CCCCNc1nc(N)c2nc(-c3cncc(OC)c3)n(Cc3ccccc3)c2n1	Toll-like receptor 7	18700	US Patent	7CYN
CCCCCCCCCc1nc2c(cnc3ccccc23)n1Cc1ccc(OC)cc1	Toll-like receptor 7	19440	ChEMBL	7CYN
Nc1nc(OCc2ccncc2)nc2n(Cc3ccccc3)c(nc12)-c1cncc(F)c1	Toll-like receptor 7	19700	US Patent	7CYN
COc1ccc(Cn2c(nc3c2cnc2ccccc32)C2CCCCC2)cc1	Toll-like receptor 7	19900	ChEMBL	7CYN
COc1ccc(CNc2nc(N3CCN(C)CC3)c3cc(OC)c(OCc4ccccc4)cc3n2)cc1	Toll-like receptor 7	19900	ChEMBL	7CYN
[O-][N+](=O)c1c(I)cccc1Oc1ccc(cc1)-c1nnco1	Toll-like receptor 7	20000	ChEMBL	7CYN
C[C@@H]1C[C@H](CN(C1)C(=O)CCn1cccn1)c1ccc(c2ncccc12)C(F)(F)F	Toll-like receptor 7	20000	ChEMBL	7CYN
OCCCn1c(nc2c1cnc1ccccc21)C1CCCCC1	Toll-like receptor 7	20320	ChEMBL	7CYN
COc1cc2c(nc(nc2cc1OC1CCCC1)N(C)C)N1CCN(CC1)C(=O)C(C)C	Toll-like receptor 7	20700	ChEMBL	7CYN
COc1cc2c(nc(nc2cc1OC1CCCC1)N(C)C)N1CCN(CC1)C(=O)C(C)C	Toll-like receptor 7	20700	ChEMBL	7CYN
COc1ccc(-c2cn3ccc(cc3n2)N2CCN(CC2)C2CCCC2)c(O)c1	Toll-like receptor 7	20820	ChEMBL	7CYN
C#CCn1c(nc2c1cnc1ccccc21)C1CCCCC1	Toll-like receptor 7	21120	ChEMBL	7CYN
CCNCc1nc2c(c(NC(=O)c3ccccc3)nc3ccccc23)n1CC(C)(C)O	Toll-like receptor 7	21170	ChEMBL	7CYN
Cn1c(nc2c1cnc1ccccc21)-c1ccccc1	Toll-like receptor 7	21630	ChEMBL	7CYN
C#CCn1c(nc2c1cnc1ccccc21)C1CCCCC1	Toll-like receptor 7	21870	ChEMBL	7CYN
COc1cc2c(nc(nc2cc1OCc1ccccc1)N(C)C)N1CCN(C)CC1	Toll-like receptor 7	22000	ChEMBL	7CYN
FC(F)(F)Oc1ccc(cc1)C(=O)NNC(=O)c1ccccn1	Toll-like receptor 7	22000	ChEMBL	7CYN
COc1cc2c(nc(nc2cc1OCc1ccccc1)N(C)C)N1CCN(C)CC1	Toll-like receptor 7	22000	ChEMBL	7CYN
CCCCCc1ncc2c(N)nc3ccccc3n12	Toll-like receptor 7	22000	ChEMBL	7CYN
Cn1c(nc2c1cnc1ccccc21)C1CCCCC1	Toll-like receptor 7	22040	ChEMBL	7CYN
CCCCOc1nc(N)c2nc(-c3cncc(CO)c3)n(Cc3ccccc3)c2n1	Toll-like receptor 7	22500	US Patent	7CYN
CC(C)Cn1cnc2c1c1ccccc1oc2=O	Toll-like receptor 7	23000	ChEMBL	7CYN
O=C(NNC(=O)c1ccccn1)c1csc(n1)-c1cccnc1	Toll-like receptor 7	23200	ChEMBL	7CYN
COCC#Cc1cnc2c(N)nccn12	Toll-like receptor 7	23500	ChEMBL	7CYN
CCCC#Cc1cnc2c(N)nccn12	Toll-like receptor 7	23600	ChEMBL	7CYN
Cc1cc(ccn1)-c1[nH]c2ccc(cc2c1C(C)(C)C)C1CCNCC1	Toll-like receptor 7	23619	US Patent	7CYN
CCN1CCN(CCCn2cnc3c(ncnc23)N2CCCCC2)CC1	Toll-like receptor 7	23900	ChEMBL	7CYN
Cn1c(nc2c1cnc1ccccc21)C1CCCCC1	Toll-like receptor 7	24300	ChEMBL	7CYN
Clc1ccc(cc1)C(=O)NNC(=O)c1ccccn1	Toll-like receptor 7	24700	ChEMBL	7CYN
COc1ccc(-c2nc3cc(ccn3c2CN2CCCC2)N2CCN(CC2)C2CCCC2)c(O)c1	Toll-like receptor 7	24890	ChEMBL	7CYN
COc1ccc(-c2cn3ccc(cc3n2)N2CCN(CC2)C(=O)c2ccccc2)c(OCc2ccccc2)c1	Toll-like receptor 7	24900	ChEMBL	7CYN
Nc1nccnc1C(=O)NNC(=O)c1ccc(cc1)C(F)(F)F	Toll-like receptor 7	25000	ChEMBL	7CYN
CCN1CCN(CCCn2cnc3c(ncnc23)N2CCOCC2)CC1	Toll-like receptor 7	25000	ChEMBL	7CYN
CCNCc1nc2c(c(N)nc3ccccc23)n1CC(C)(C)O	Toll-like receptor 7	25000	ChEMBL	7CYN
Cn1c(nc2c1cnc1ccccc21)-c1ccccc1	Toll-like receptor 7	25810	ChEMBL	7CYN
CC(C)CCc1cnc2c(N)nccn12	Toll-like receptor 7	26000	ChEMBL	7CYN
CCNCc1nc2c(cnc3ccccc23)n1CC#C	Toll-like receptor 7	26100	ChEMBL	7CYN
Nc1nccnc1C(=O)NNC(=O)c1ccc(OC(F)(F)F)cc1	Toll-like receptor 7	27000	ChEMBL	7CYN
COc1ccc(CNc2nc(N3CCNCC3)c3cc(OC)c(OCc4ccccc4)cc3n2)cc1	Toll-like receptor 7	27760	ChEMBL	7CYN
Oc1cccnc1C(=O)NNC(=O)c1ccc(Cl)cc1	Toll-like receptor 7	27800	ChEMBL	7CYN
CCNCc1nc2c(cnc3ccccc23)n1Cc1ccc(OC)cc1	Toll-like receptor 7	28020	ChEMBL	7CYN
CCNCc1nc2c(cnc3ccccc23)n1CC#C	Toll-like receptor 7	28130	ChEMBL	7CYN
CCN1CCN(CCCn2cnc3c(nc(NCc4ccc(F)cc4)nc23)N2CCN(CC2)C2CCCC2)CC1	Toll-like receptor 7	30000	ChEMBL	7CYN
CCN1CCN(CCCn2cnc3c(nc(nc23)N2CCCC2)N2CCN(CC2)C(=O)c2ccccc2)CC1	Toll-like receptor 7	30000	ChEMBL	7CYN
CCN1CCN(CCCn2cnc3c(nc(N)nc23)N2CCN(CC2)C(=O)C2CCCC2)CC1	Toll-like receptor 7	30000	ChEMBL	7CYN
CCN1CCN(CCCn2cnc3c(nc(NCc4ccc(F)cc4)nc23)N2CCN(CC2)C(=O)c2ccccc2)CC1	Toll-like receptor 7	30000	ChEMBL	7CYN
COc1ccc(-c2nc3ccccn3c2N)c(OC)c1	Toll-like receptor 7	30000	ChEMBL	7CYN
CCN1CCN(CCCn2cnc3c(nc(N)nc23)N2CCN(CC2)C(=O)c2ccccc2)CC1	Toll-like receptor 7	30000	ChEMBL	7CYN
CCN1CCN(CCCn2cnc3c(nc(NCc4ccc(F)cc4)nc23)N2CCN(CC2)C(=O)C2CCCC2)CC1	Toll-like receptor 7	30000	ChEMBL	7CYN
CCN1CCN(CCCn2cnc3c(nc(NCc4ccc(OC)cc4)nc23)N2CCN(CC2)C(=O)C2CCCC2)CC1	Toll-like receptor 7	30000	ChEMBL	7CYN
Cc1nc(cs1)C(=O)NNC(=O)c1ccccn1	Toll-like receptor 7	30000	ChEMBL	7CYN
CCN1CCN(CCCn2cnc3c(nc(NCc4ccc(OC)cc4)nc23)N2CCN(CC2)C(=O)c2ccccc2)CC1	Toll-like receptor 7	30000	ChEMBL	7CYN
CCN1CCN(CCCn2cnc3c(nc(NCc4ccc(OC)cc4)nc23)N2CCN(CC2)C2CCCC2)CC1	Toll-like receptor 7	30000	ChEMBL	7CYN
CCNCc1nc2c(cnc3ccccc23)n1C	Toll-like receptor 7	30440	ChEMBL	7CYN
CCCCc1cc2c(N)nc3cccc(C)c3n2n1	Toll-like receptor 7	30600	ChEMBL	7CYN
COc1cc2c(nc(nc2cc1OCc1ccccc1)N(C)C)N1CCN(CC1)C(=O)c1ccccc1	Toll-like receptor 7	31000	ChEMBL	7CYN
COc1cc2c(nc(nc2cc1OCc1ccccc1)N(C)C)N1CCN(CC1)C(=O)c1ccccc1	Toll-like receptor 7	31000	ChEMBL	7CYN
COCCCc1cnc2c(N)nccn12	Toll-like receptor 7	32500	ChEMBL	7CYN
CCNCc1nc2c(cnc3ccccc23)n1C	Toll-like receptor 7	35430	ChEMBL	7CYN
CCN(CC)CCn1cnc2c1c1ccccc1oc2=O	Toll-like receptor 7	37000	ChEMBL	7CYN
OCCCn1c(nc2c1cnc1ccccc21)-c1ccccc1	Toll-like receptor 7	37240	ChEMBL	7CYN
Nc1nccnc1C(=O)NNC(=O)c1cccc(c1)C(F)(F)F	Toll-like receptor 7	38000	ChEMBL	7CYN
CC(C)(O)Cn1c(nc2c1cnc1ccccc21)-c1ccccc1	Toll-like receptor 7	38420	ChEMBL	7CYN
CC(C)(O)Cn1c(nc2c1cnc1ccccc21)C1CCCCC1	Toll-like receptor 7	38730	ChEMBL	7CYN
CC(C)C#Cc1cnc2c(N)nccn12	Toll-like receptor 7	39000	ChEMBL	7CYN
CCN1CCN(CCCn2cnc3c(ncnc23)N2CCNCC2)CC1	Toll-like receptor 7	39300	ChEMBL	7CYN
CCCCCc1cnc2c(N)nccn12	Toll-like receptor 7	40000	ChEMBL	7CYN
CCN1CCN(CC1)c1ncnc2n(CCCN3CCOCC3)cnc12	Toll-like receptor 7	40000	ChEMBL	7CYN
COc1ccc(Cn2c(nc3c2cnc2ccccc32)C2CCCCC2)cc1	Toll-like receptor 7	40010	ChEMBL	7CYN
CCCCC#Cc1cnc2c(N)nccn12	Toll-like receptor 7	42500	ChEMBL	7CYN
Nc1nccn2c(cnc12)C#CCCCO	Toll-like receptor 7	42500	ChEMBL	7CYN
CC(C)c1c([nH]c2ccc(cc12)C1CCNCC1)-c1ccncc1NC(=O)C(C)(C)C	Toll-like receptor 7	42650	US Patent	7CYN
CCN1CCN(CCCn2c(O)nc3c(N)ncnc23)CC1	Toll-like receptor 7	43100	ChEMBL	7CYN
Cc1nc(cs1)C(=O)NNC(=O)c1ccc(Cl)cc1	Toll-like receptor 7	44800	ChEMBL	7CYN
CCCCCCc1ncc2c(N)nc3ccccc3n12	Toll-like receptor 7	45000	ChEMBL	7CYN
CCCCCCCCCc1nc2c(cnc3ccccc23)n1Cc1ccc(OC)cc1	Toll-like receptor 7	46400	ChEMBL	7CYN
CCNCc1nc2c(c[n+]([O-])c3ccccc23)n1CC(C)(C)O	Toll-like receptor 7	46500	ChEMBL	7CYN
CCN1CCN(CC1)c1ncnc2n(CCCN3CCCC3)cnc12	Toll-like receptor 7	48300	ChEMBL	7CYN
Nc1nccn2c(CCCCCO)cnc12	Toll-like receptor 7	48500	ChEMBL	7CYN
Nc1nccn2c(cnc12)C#CCCO	Toll-like receptor 7	49500	ChEMBL	7CYN
FC(F)(F)c1cc(Oc2ccc(NC(=O)c3ccc4cc[nH]c4c3)cc2)cc(c1)C(F)(F)F	Toll-like receptor 7	50000	ChEMBL	7CYN
Fc1cccnc1C(=O)Nc1ccc(Oc2cc(cc(c2)C(F)(F)F)C(F)(F)F)cc1	Toll-like receptor 7	50000	ChEMBL	7CYN
Nc1nccn2c(CCCCO)cnc12	Toll-like receptor 7	50000	ChEMBL	7CYN
Fc1cccc(Cl)c1CNc1ccc(Oc2cc(cc(c2)C(F)(F)F)C(F)(F)F)cc1	Toll-like receptor 7	50000	ChEMBL	7CYN
Fc1cc(I)ccc1C(=O)Nc1ccc(Oc2cc(cc(c2)C(F)(F)F)C(F)(F)F)cc1	Toll-like receptor 7	50000	ChEMBL	7CYN
Nc1ccc(C(=O)Nc2ccc(Oc3cc(cc(c3)C(F)(F)F)C(F)(F)F)cc2)c(F)c1	Toll-like receptor 7	50000	ChEMBL	7CYN
COc1ccc(cc1OC)-c1[nH]c2ccc(cc2c1C)-c1ccc(cc1)C1=CCN(CC1)C1CCN(CC(C)C)CC1	Toll-like receptor 7	50000	US Patent	7CYN
CNCCN1CCC(CC1)c1ccc2[nH]c(c(C(C)C)c2c1)-c1ccc(OC)c(OC)c1	Toll-like receptor 7	50000	ChEMBL	7CYN
Fc1ccccc1C(=O)Nc1ccc(Oc2cc(cc(c2)C(F)(F)F)C(F)(F)F)cc1	Toll-like receptor 7	50000	ChEMBL	7CYN
FC(F)(F)c1cc(Oc2ccc(NC(=O)c3ccc4nc[nH]c4c3)cc2)cc(c1)C(F)(F)F	Toll-like receptor 7	50000	ChEMBL	7CYN
Fc1cccc(I)c1C(=O)Nc1ccc(Oc2cc(cc(c2)C(F)(F)F)C(F)(F)F)cc1	Toll-like receptor 7	50000	ChEMBL	7CYN
Fc1cccc(OC(F)(F)F)c1C(=O)Nc1ccc(Oc2cc(cc(c2)C(F)(F)F)C(F)(F)F)cc1	Toll-like receptor 7	50000	ChEMBL	7CYN
COc1cc2c(nc(NCCCN3CCN(C)CC3)nc2cc1OCCCN1CCCC1)N(C)C	Toll-like receptor 7	50000	ChEMBL	7CYN
COc1cc2c(nc(nc2cc1OCc1ccccc1)N(C)C)N1CCN(CC1)S(=O)(=O)N(C)C	Toll-like receptor 7	52000	ChEMBL	7CYN
COc1cc2c(nc(nc2cc1OCc1ccccc1)N(C)C)N1CCN(CC1)S(=O)(=O)N(C)C	Toll-like receptor 7	52000	ChEMBL	7CYN
CCCCCCCCCc1nc2c(cnc3ccccc23)n1CC(C)(C)O	Toll-like receptor 7	52940	ChEMBL	7CYN
COc1cc2c(nc(nc2cc1OCc1ccccc1)N(C)C)N1CCN(CC1)C(=O)OC(C)(C)C	Toll-like receptor 7	53000	ChEMBL	7CYN
COc1cc2c(nc(nc2cc1OCc1ccccc1)N(C)C)N1CCN(CC1)C(=O)OC(C)(C)C	Toll-like receptor 7	53000	ChEMBL	7CYN
CCNCc1nc2c(cnc3ccccc23)n1CC(C)(C)O	Toll-like receptor 7	56310	ChEMBL	7CYN
CCNCc1nc2c(cnc3ccccc23)n1Cc1ccc(OC)cc1	Toll-like receptor 7	59640	ChEMBL	7CYN
Cc1nc(cs1)C(=O)NNC(=O)c1cccc(Cl)c1	Toll-like receptor 7	60000	ChEMBL	7CYN
NCc1ccc(cc1)C(=O)Nc1cccc(c1)-c1nc2ccc(OCCCN3CCCC3)cc2o1	Toll-like receptor 7	66170	ChEMBL	7CYN
NCc1ccc(cc1)C(=O)Nc1cccc(c1)-c1nc2cc(OCCCN3CCCC3)ccc2o1	Toll-like receptor 7	66170	ChEMBL	7CYN
CCCCCCCCCc1nc2c(cnc3ccccc23)n1C	Toll-like receptor 7	68800	ChEMBL	7CYN
CC(C)c1c([nH]c2cnc(N3CCN(C)C[C@H]3C)c(F)c12)-c1cn2ncnc2c(C)c1C	Toll-like receptor 7	0.05	US Patent	7CYN
COc1cc(cn2ncnc12)-c1[nH]c2cc(C)c(nc2c1C(C)C)C1CCC(CC1)NC1CCOC1	Toll-like receptor 7	0.08	US Patent	7CYN
COc1cc(cn2ncnc12)-c1[nH]c2cc(C)c(nc2c1C(C)C)C1CCC(CC1)NC1CCOC1	Toll-like receptor 7	0.08	US Patent	7CYN
COc1cc(c[nH]\c1=N/C=N)-c1[nH]c2cc(C)c(nc2c1C(C)C)C1CCC(CC1)NC1CCOC1	Toll-like receptor 7	0.08	US Patent	7CYN
COc1cc(cn2ncnc12)-c1[nH]c2ccc(nc2c1C(C)C)C1CCC(CC1)N1CC2(C1)CCOC2	Toll-like receptor 7	0.09	US Patent	7CYN
COc1cc(cn2ncnc12)-c1[nH]c2ccc(nc2c1C(C)C)C1CCC(CC1)N1CC2(C1)CCOC2	Toll-like receptor 7	0.09	US Patent	7CYN
COc1cc(cn2ncnc12)-c1[nH]c2ccc(nc2c1C(C)C)C1CCC(CC1)N1CC2(C1)CCOC2	Toll-like receptor 7	0.09	US Patent	7CYN
CC(C)c1c([nH]c2ccc(cc12)C1CCN(CC1)C(CCO)CCO)-c1cc(C)c2ncnn2c1	Toll-like receptor 7	0.1	US Patent	7CYN
CC(C)c1c([nH]c2ccc(cc12)C1CCN(CC1)C(CCO)CCO)-c1cc(C)c2ncnn2c1	Toll-like receptor 7	0.1	US Patent	7CYN
Cc1nccc(c1F)-c1cc2[nH]nc(N[C@H]3CCNC[C@@H]3F)c2cc1C1CC1	Toll-like receptor 7	0.1	ChEMBL	7CYN
COc1cc(cn2ncnc12)-c1[nH]c2cc(F)c(nc2c1C(C)C)C1CCC(CC1)NCC1(C)COC1	Toll-like receptor 7	0.12	US Patent	7CYN
COc1cc(cn2ncnc12)-c1[nH]c2cc(F)c(nc2c1C(C)C)C1CCC(CC1)NCC1(C)COC1	Toll-like receptor 7	0.12	US Patent	7CYN
COc1cc(cn2ncnc12)-c1[nH]c2cc(F)c(nc2c1C(C)C)C1CCC(CC1)NCC1(C)COC1	Toll-like receptor 7	0.12	US Patent	7CYN
COc1cc(cn2ncnc12)-c1[nH]c2cc(C)c(nc2c1C(C)C)C1CCC(CC1)N1CCC1	Toll-like receptor 7	0.13	US Patent	7CYN
COc1cc(cn2ncnc12)-c1[nH]c2cc(C)c(nc2c1C(C)C)C1CCC(CC1)N1CCC1	Toll-like receptor 7	0.13	US Patent	7CYN
COc1cc(cn2ncnc12)-c1[nH]c2cc(C)c(nc2c1C(C)C)C1CCC(CC1)N1CCC1	Toll-like receptor 7	0.13	US Patent	7CYN
COc1cc(cn2ncnc12)-c1[nH]c2cc(C)c(nc2c1C(C)C)C1CCC(CC1)N(C)C1COC1	Toll-like receptor 7	0.14	US Patent	7CYN
COc1cc(cn2ncnc12)-c1[nH]c2cc(C)c(nc2c1C(C)C)C1CCC(CC1)N(C)C1COC1	Toll-like receptor 7	0.14	US Patent	7CYN
COc1cc(cn2ncnc12)-c1[nH]c2cc(C)c(nc2c1C(C)C)C1CCC(CC1)N(C)C1COC1	Toll-like receptor 7	0.14	US Patent	7CYN
CC(C)c1c([nH]c2cnc(C3CCC(CC3)NC3(C)COC3)c(F)c12)-c1cc(C)c2ncnn2c1	Toll-like receptor 7	0.15	US Patent	7CYN
COc1cc(cn2ncnc12)-c1[nH]c2ccc(nc2c1C(C)C)C1CCC(CC1)N1CCCC1	Toll-like receptor 7	0.16	US Patent	7CYN
COc1cc(cn2ncnc12)-c1[nH]c2ccc(nc2c1C(C)C)C1CCC(CC1)N1CCCC1	Toll-like receptor 7	0.16	US Patent	7CYN
CC(C)c1c([nH]c2cnc(C3CCC(CC3)NC3COC3)c(F)c12)-c1cc(C)c2ncnn2c1	Toll-like receptor 7	0.16	US Patent	7CYN
COc1cc(cn2ncnc12)-c1[nH]c2ccc(nc2c1C(C)C)C1CCC(CC1)N1CCCC1	Toll-like receptor 7	0.16	US Patent	7CYN
CC(C)c1c([nH]c2ccc(nc12)C1CCC(CC1)N1CC(C)(C)C1)-c1cn2ncnc2c(C)c1C	Toll-like receptor 7	0.17	US Patent	7CYN
COc1cc(cn2ncnc12)-c1[nH]c2cc(C)c(nc2c1C(C)C)C1CCC(N)CC1	Toll-like receptor 7	0.17	US Patent	7CYN
COc1cc(cn2ncnc12)-c1[nH]c2cc(C)c(nc2c1C(C)C)C1CCC(N)CC1	Toll-like receptor 7	0.17	US Patent	7CYN
CC(C)c1c([nH]c2ccc(nc12)C1CCC(CC1)N1CC(C)(C)C1)-c1cn2ncnc2c(C)c1C	Toll-like receptor 7	0.17	US Patent	7CYN
CC(C)c1c([nH]c2ccc(nc12)C1CCC(CC1)N1CC(C)(C)C1)-c1cn2ncnc2c(C)c1C	Toll-like receptor 7	0.17	US Patent	7CYN
COc1cc(cn2ncnc12)-c1[nH]c2cc(C)c(nc2c1C(C)C)C1CCC(N)CC1	Toll-like receptor 7	0.17	US Patent	7CYN
CC(C)c1c([nH]c2cc(C)c(nc12)C1CCNCC1)-c1cc(C)c2ncnn2c1	Toll-like receptor 7	0.18	US Patent	7CYN
CC(C)c1c([nH]c2cc(C)c(nc12)C1CCNCC1)-c1cc(C)c2ncnn2c1	Toll-like receptor 7	0.18	US Patent	7CYN
CC(C)c1c([nH]c2cnc(C3CCC(CC3)NC3CCOCC3)c(F)c12)-c1cc(C)c2ncnn2c1	Toll-like receptor 7	0.18	US Patent	7CYN
CC(C)c1c([nH]c2cc(C)c(nc12)C1CCNCC1)-c1cc(C)c2ncnn2c1	Toll-like receptor 7	0.18	US Patent	7CYN
CC(C)c1c([nH]c2ccc(nc12)N1CCN(C[C@H]1C)C(=O)CN(C)C)-c1cn2ncnc2c(C)c1C	Toll-like receptor 7	0.19	US Patent	7CYN
COc1cc(cn2ncnc12)-c1[nH]c2cc(F)c(nc2c1C(C)C)C1CCC(CC1)N1CC2(COC2)C1	Toll-like receptor 7	0.19	US Patent	7CYN
COc1cc(cn2ncnc12)-c1[nH]c2cc(F)c(nc2c1C(C)C)C1CCC(CC1)N1CC2(COC2)C1	Toll-like receptor 7	0.19	US Patent	7CYN
CC(C)c1c([nH]c2ccc(nc12)N1CCN(C[C@H]1C)C(=O)CN(C)C)-c1cn2ncnc2c(C)c1C	Toll-like receptor 7	0.19	US Patent	7CYN
COc1cc(cn2ncnc12)-c1[nH]c2cc(F)c(nc2c1C(C)C)C1CCC(CC1)N1CC2(COC2)C1	Toll-like receptor 7	0.19	US Patent	7CYN
CC(C)c1c([nH]c2ccc(nc12)N1CCN(C[C@H]1C)C(=O)CN(C)C)-c1cn2ncnc2c(C)c1C	Toll-like receptor 7	0.19	US Patent	7CYN
CC(C)c1c([nH]c2ccc(cc12)C1CCN(CC1)C(=O)CN(C)C)-c1cc(c2ncnn2c1)C(F)(F)F	Toll-like receptor 7	0.2	US Patent	7CYN
CC(C)c1c([nH]c2ccc(cc12)C1CCN(CC1)C(=O)CN(C)C)-c1cc(C2CC2)c2ncnn2c1	Toll-like receptor 7	0.2	US Patent	7CYN
CNCC(=O)N1CCC(CC1)c1ccc2[nH]c(c(C(C)C)c2c1)-c1cc(C2CC2)c2ncnn2c1	Toll-like receptor 7	0.2	US Patent	7CYN
CC(C)c1c([nH]c2ccc(cc12)C1CCN(CC1)C(=O)CN(CCO)C1CC1)-c1cc(C)c2ncnn2c1	Toll-like receptor 7	0.2	US Patent	7CYN
CC(C)N(C)CC(=O)N1CCC(CC1)c1ccc2[nH]c(c(C(C)C)c2c1)-c1cn2ncnc2c(C)c1C	Toll-like receptor 7	0.2	US Patent	7CYN
COc1cc(cn2ncnc12)-c1[nH]c2ccc(cc2c1C(C)C)C1CCN(CC(=O)N2CC(F)(F)C2)CC1	Toll-like receptor 7	0.2	US Patent	7CYN
CC(C)c1c([nH]c2ccc(cc12)C1CCN(CC1)C(=O)CCNCC(N)=O)-c1cn2ncnc2c(C)c1C	Toll-like receptor 7	0.2	US Patent	7CYN
CC(C)c1c([nH]c2ccc(cc12)C1CCN(CC(=O)N2CCCC2)CC1)-c1cc(C)c2ncnn2c1	Toll-like receptor 7	0.2	US Patent	7CYN
CC(C)c1c([nH]c2ccc(cc12)C1CCNCC1)-c1cn2ncnc2c(Cl)c1C	Toll-like receptor 7	0.2	US Patent	7CYN
CC(C)c1c([nH]c2ccc(cc12)C1CCN(CC(C)(C)O)CC1)-c1cc(C)c2nc(C)nn2c1	Toll-like receptor 7	0.2	US Patent	7CYN
COc1cc(cn2ncnc12)-c1[nH]c2ccc(cc2c1C(C)C)C1CCN(CCS(C)(=O)=O)CC1	Toll-like receptor 7	0.2	US Patent	7CYN
CNC(=O)CN1CCC(CC1)c1ccc2[nH]c(c(C(C)C)c2c1)-c1cc(C2CC2)c2ncnn2c1	Toll-like receptor 7	0.2	US Patent	7CYN
CC(C)c1c([nH]c2ccc(cc12)C1CCN(CCCO)CC1)-c1cc(C)c2ncnn2c1	Toll-like receptor 7	0.2	US Patent	7CYN
CC(C)c1c([nH]c2ccc(cc12)C1CCN(CC1)C(=O)CN(C)C)-c1cc(c2ncnn2c1)C(F)(F)F	Toll-like receptor 7	0.2	US Patent	7CYN
CC(C)c1c([nH]c2ccc(cc12)C1CCN(CC1)C(=O)CN(C)C)-c1cc(C2CC2)c2ncnn2c1	Toll-like receptor 7	0.2	US Patent	7CYN
CNCC(=O)N1CCC(CC1)c1ccc2[nH]c(c(C(C)C)c2c1)-c1cc(C2CC2)c2ncnn2c1	Toll-like receptor 7	0.2	US Patent	7CYN
CC(C)c1c([nH]c2ccc(cc12)C1CCN(CC1)C(=O)CN(CCO)C1CC1)-c1cc(C)c2ncnn2c1	Toll-like receptor 7	0.2	US Patent	7CYN
CC(C)N(C)CC(=O)N1CCC(CC1)c1ccc2[nH]c(c(C(C)C)c2c1)-c1cn2ncnc2c(C)c1C	Toll-like receptor 7	0.2	US Patent	7CYN
COc1cc(cn2ncnc12)-c1[nH]c2ccc(cc2c1C(C)C)C1CCN(CC(=O)N2CC(F)(F)C2)CC1	Toll-like receptor 7	0.2	US Patent	7CYN
CC(C)c1c([nH]c2ccc(cc12)C1CCN(CC1)C(=O)CCNCC(N)=O)-c1cn2ncnc2c(C)c1C	Toll-like receptor 7	0.2	US Patent	7CYN
CC(C)c1c([nH]c2ccc(cc12)C1CCN(CC(=O)N2CCCC2)CC1)-c1cc(C)c2ncnn2c1	Toll-like receptor 7	0.2	US Patent	7CYN
CC(C)c1c([nH]c2ccc(cc12)C1CCNCC1)-c1cn2ncnc2c(Cl)c1C	Toll-like receptor 7	0.2	US Patent	7CYN
COc1cc(cn2ncnc12)-c1[nH]c2cc(C)c(nc2c1C(C)C)C1CCC(CC1)N(C)CCC#N	Toll-like receptor 7	0.2	US Patent	7CYN
CC(C)c1c([nH]c2ccc(cc12)C1CCN(CC(C)(C)O)CC1)-c1cc(C)c2nc(C)nn2c1	Toll-like receptor 7	0.2	US Patent	7CYN
CC(C)c1c([nH]c2ccc(cc12)C1CCN(CC#N)CC1)-c1cc(c2ncnn2c1)C(F)(F)F	Toll-like receptor 7	0.2	US Patent	7CYN
CNC(=O)CN1CCC(CC1)c1ccc2[nH]c(c(C(C)C)c2c1)-c1cc(C2CC2)c2ncnn2c1	Toll-like receptor 7	0.2	US Patent	7CYN
CC(C)c1c([nH]c2ccc(cc12)C1CCN(CCCO)CC1)-c1cc(C)c2ncnn2c1	Toll-like receptor 7	0.2	US Patent	7CYN
COc1cc(cn2ncnc12)-c1[nH]c2cc(C)c(nc2c1C(C)C)C1CCC(CC1)N(C)CCC#N	Toll-like receptor 7	0.2	US Patent	7CYN
COc1cc(cn2ncnc12)-c1[nH]c2cc(C)c(nc2c1C(C)C)C1CCC(CC1)N(C)CCC#N	Toll-like receptor 7	0.2	US Patent	7CYN
CCN(C)C1CCC(CC1)c1nc2c(C(C)C)c([nH]c2cc1C)-c1cc(OC)c2ncnn2c1	Toll-like receptor 7	0.21	US Patent	7CYN
COc1cc(cn2ncnc12)-c1[nH]c2cc(F)c(nc2c1C(C)C)C1CCC(CC1)NC1COC1	Toll-like receptor 7	0.21	US Patent	7CYN
CCN(C)C1CCC(CC1)c1nc2c(C(C)C)c([nH]c2cc1C)-c1cc(OC)c2ncnn2c1	Toll-like receptor 7	0.21	US Patent	7CYN
COc1cc(cn2ncnc12)-c1[nH]c2cc(F)c(nc2c1C(C)C)C1CCC(CC1)NC1COC1	Toll-like receptor 7	0.21	US Patent	7CYN
CCN(C)C1CCC(CC1)c1nc2c(C(C)C)c([nH]c2cc1C)-c1cc(OC)c2ncnn2c1	Toll-like receptor 7	0.21	US Patent	7CYN
COc1cc(cn2ncnc12)-c1[nH]c2cc(F)c(nc2c1C(C)C)C1CCC(CC1)NC1COC1	Toll-like receptor 7	0.21	US Patent	7CYN
CC(C)c1c([nH]c2ccc(nc12)C1CCNCC1)-c1cc(C)c2ncnn2c1	Toll-like receptor 7	0.22	US Patent	7CYN
CC(C)c1c([nH]c2ccc(nc12)C1CCNCC1)-c1cc(C)c2ncnn2c1	Toll-like receptor 7	0.22	US Patent	7CYN
CC(C)c1c([nH]c2ccc(nc12)C1CCNCC1)-c1cc(C)c2ncnn2c1	Toll-like receptor 7	0.22	US Patent	7CYN
COc1cc(cn2ncnc12)-c1[nH]c2cnc(C3CCC(CC3)NC3(C)COC3)c(F)c2c1C(C)C	Toll-like receptor 7	0.22	US Patent	7CYN
CC(C)c1c([nH]c2cnc(N3CCC(CC3)N3CCC3)c(F)c12)-c1cc(C)c2ncnn2c1	Toll-like receptor 7	0.23	US Patent	7CYN
COc1cc(cn2ncnc12)-c1[nH]c2cc(C)c(nc2c1C(C)C)C1CCN(CC(=O)N(C)C)CC1	Toll-like receptor 7	0.24	US Patent	7CYN
COc1cc(cn2ncnc12)-c1[nH]c2cc(C)c(nc2c1C(C)C)C1CCN(CC(=O)N(C)C)CC1	Toll-like receptor 7	0.24	US Patent	7CYN
CCN(C)C1CCN(CC1)c1ncc2[nH]c(c(C(C)C)c2c1C)-c1cc(C)c2ncnn2c1	Toll-like receptor 7	0.24	US Patent	7CYN
CCN(C)C1CCN(CC1)c1ncc2[nH]c(c(C(C)C)c2c1C)-c1cc(C)c2ncnn2c1	Toll-like receptor 7	0.24	US Patent	7CYN
COc1cc(cn2ncnc12)-c1[nH]c2cc(C)c(nc2c1C(C)C)C1CCN(CC(=O)N(C)C)CC1	Toll-like receptor 7	0.24	US Patent	7CYN
CCN(C)C1CCC(CC1)c1ncc2[nH]c(c(C(C)C)c2c1F)-c1cn2ncnc2c(C)c1C	Toll-like receptor 7	0.24	US Patent	7CYN
COc1cc(cn2ncnc12)-c1[nH]c2cc(C)c(nc2c1C(C)C)C1CCN(CC1)C1CCOCC1	Toll-like receptor 7	0.25	US Patent	7CYN
COc1cc(cn2ncnc12)-c1[nH]c2cc(C)c(nc2c1C(C)C)C1CCN(CC1)C1CCOCC1	Toll-like receptor 7	0.25	US Patent	7CYN
COc1cc(cn2ncnc12)-c1[nH]c2cc(C)c(nc2c1C(C)C)C1CCN(CC1)C1CCOCC1	Toll-like receptor 7	0.25	US Patent	7CYN
COc1cc(cn2ncnc12)-c1[nH]c2cc(C)c(nc2c1C(C)C)C1CCC(CC1)NCC1(C)COC1	Toll-like receptor 7	0.26	US Patent	7CYN
COc1cc(cn2ncnc12)-c1[nH]c2cc(C)c(nc2c1C(C)C)C1CCC(CC1)NCC1(C)COC1	Toll-like receptor 7	0.26	US Patent	7CYN
CCN(C)C1CCN(CC1)c1ncc2[nH]c(c(C(C)C)c2c1C)-c1cc(OC)c2ncnn2c1	Toll-like receptor 7	0.26	US Patent	7CYN
COc1cc(cn2ncnc12)-c1[nH]c2cc(C)c(nc2c1C(C)C)C1CCC(CC1)NCC1(C)COC1	Toll-like receptor 7	0.26	US Patent	7CYN
CC(C)c1c([nH]c2ccc(nc12)N1C[C@@H](C)N(C[C@@H]1C)C(=O)CCN1CC2(CCO2)C1)-c1cn2ncnc2c(C)c1C	Toll-like receptor 7	0.27	US Patent	7CYN
CC(C)c1c([nH]c2ccc(nc12)N1C[C@H](C)NC[C@@H]1C)-c1cn2ncnc2c(C)c1C	Toll-like receptor 7	0.27	US Patent	7CYN
CNC1CCC(CC1)c1nc2c(C(C)C)c([nH]c2cc1F)-c1cc(OC)c2ncnn2c1	Toll-like receptor 7	0.27	US Patent	7CYN
CC(C)c1c([nH]c2ccc(nc12)C1CCN(CC(C)(C)O)CC1)-c1cc(C)c2ncnn2c1	Toll-like receptor 7	0.27	US Patent	7CYN
CNC1CCC(CC1)c1nc2c(C(C)C)c([nH]c2cc1F)-c1cc(OC)c2ncnn2c1	Toll-like receptor 7	0.27	US Patent	7CYN
CC(C)c1c([nH]c2ccc(nc12)C1CCN(CC(C)(C)O)CC1)-c1cc(C)c2ncnn2c1	Toll-like receptor 7	0.27	US Patent	7CYN
CC(C)c1c([nH]c2ccc(nc12)N1C[C@@H](C)N(C[C@@H]1C)C(=O)CCN1CC2(CCO2)C1)-c1cn2ncnc2c(C)c1C	Toll-like receptor 7	0.27	US Patent	7CYN
CC(C)c1c([nH]c2ccc(nc12)N1C[C@H](C)NC[C@@H]1C)-c1cn2ncnc2c(C)c1C	Toll-like receptor 7	0.27	US Patent	7CYN
CC(C)c1c([nH]c2ccc(nc12)N1C[C@@H](C)N(C[C@@H]1C)C(=O)CCN1CC2(CCO2)C1)-c1cn2ncnc2c(C)c1C	Toll-like receptor 7	0.27	US Patent	7CYN
CC(C)c1c([nH]c2ccc(nc12)N1C[C@H](C)NC[C@@H]1C)-c1cn2ncnc2c(C)c1C	Toll-like receptor 7	0.27	US Patent	7CYN
CC(C)c1c([nH]c2ccc(nc12)C1CCN(CC(C)(C)O)CC1)-c1cc(C)c2ncnn2c1	Toll-like receptor 7	0.27	US Patent	7CYN
CNC1CCC(CC1)c1nc2c(C(C)C)c([nH]c2cc1F)-c1cc(OC)c2ncnn2c1	Toll-like receptor 7	0.27	US Patent	7CYN
COc1cc(cn2ncnc12)-c1[nH]c2ccc(nc2c1C(C)C)C1CCC(CC1)N(C)C	Toll-like receptor 7	0.28	US Patent	7CYN
COc1cc(cn2ncnc12)-c1[nH]c2ccc(nc2c1C(C)C)C1CCC(CC1)N(C)C	Toll-like receptor 7	0.28	US Patent	7CYN
COc1cc(cn2ncnc12)-c1[nH]c2ccc(nc2c1C(C)C)C1CCC(CC1)N(C)C	Toll-like receptor 7	0.28	US Patent	7CYN
CC(C)c1c([nH]c2ccc(nc12)N1C[C@H](C)N([C@H](C)C1)C(=O)CN(C)C)-c1cn2ncnc2c(C)c1C	Toll-like receptor 7	0.29	US Patent	7CYN
CNC1CCC(CC1)c1ccc2[nH]c(c(C(C)C)c2n1)-c1cc(OC)c2ncnn2c1	Toll-like receptor 7	0.29	US Patent	7CYN
CNC1CCC(CC1)c1ccc2[nH]c(c(C(C)C)c2n1)-c1cc(OC)c2ncnn2c1	Toll-like receptor 7	0.29	US Patent	7CYN
CC(C)c1c([nH]c2ccc(nc12)N1C[C@H](C)N([C@H](C)C1)C(=O)CN(C)C)-c1cn2ncnc2c(C)c1C	Toll-like receptor 7	0.29	US Patent	7CYN
CC(C)c1c([nH]c2ccc(nc12)N1C[C@H](C)N([C@H](C)C1)C(=O)CN(C)C)-c1cn2ncnc2c(C)c1C	Toll-like receptor 7	0.29	US Patent	7CYN
CNC1CCC(CC1)c1ccc2[nH]c(c(C(C)C)c2n1)-c1cc(OC)c2ncnn2c1	Toll-like receptor 7	0.29	US Patent	7CYN
CNCC(=O)N1CCC(CC1)c1ccc2[nH]c(c(C(C)C)c2c1)-c1cc(c2ncnn2c1)C(F)(F)F	Toll-like receptor 7	0.3	US Patent	7CYN
CCN(C)CC(=O)N1CCC(CC1)c1ccc2[nH]c(c(C(C)C)c2c1)-c1cc(c2ncnn2c1)C(F)(F)F	Toll-like receptor 7	0.3	US Patent	7CYN
COc1cc(cn2ncnc12)-c1[nH]c2ccc(cc2c1C(C)C)C1CCN(CC(=O)NCC2(C)COC2)CC1	Toll-like receptor 7	0.3	US Patent	7CYN
CC(C)c1c([nH]c2ccc(cc12)C1CCNCC1)-c1cn2ncnc2c(C)c1C	Toll-like receptor 7	0.3	US Patent	7CYN
CC(C)c1c([nH]c2ccc(cc12)C1CCN(C[N+]#[C-])CC1)-c1cc(C)c2ncnn2c1	Toll-like receptor 7	0.3	US Patent	7CYN
CC(C)c1c([nH]c2ccc(cc12)C1CCN(CC(N)=O)CC1)-c1cc(C)c2ncnn2c1	Toll-like receptor 7	0.3	US Patent	7CYN
COc1cc(cn2ncnc12)-c1[nH]c2ccc(cc2c1C(C)C)C1CCN(CC(=O)N(C)C)CC1	Toll-like receptor 7	0.3	US Patent	7CYN
CC(C)CN1CCC(CC1)c1ccc2[nH]c(c(C(C)C)c2c1)-c1cc(C)c2ncnn2c1	Toll-like receptor 7	0.3	US Patent	7CYN
COc1cc(cn2ncnc12)-c1[nH]c2ccc(cc2c1C(C)C)C1CCN(CC1)C1CCOCC1	Toll-like receptor 7	0.3	US Patent	7CYN
CCc1cc(cn2ncnc12)-c1[nH]c2ccc(cc2c1C(C)C)C1CCNCC1	Toll-like receptor 7	0.3	US Patent	7CYN
CC(C)c1c([nH]c2ccc(cc12)C1CCNCC1)-c1cn2nc(C)nc2c(Cl)c1C	Toll-like receptor 7	0.3	US Patent	7CYN
CC(C)c1c([nH]c2ccc(cc12)C1CCNCC1)-c1cc(C2CC2)c2ncnn2c1	Toll-like receptor 7	0.3	US Patent	7CYN
CC(C)c1c([nH]c2ccc(cc12)C1CCN(CC(=O)N(C)C)CC1)-c1cc(C2CC2)c2ncnn2c1	Toll-like receptor 7	0.3	US Patent	7CYN
CC(C)c1c([nH]c2ccc(cc12)C1CCN(CC1)C1CCOC1)-c1cc(C)c2ncnn2c1	Toll-like receptor 7	0.3	US Patent	7CYN
CC(C)c1c([nH]c2ccc(cc12)C1CCN(CC2(C)COC2)CC1)-c1cc(c2ncnn2c1)C(F)(F)F	Toll-like receptor 7	0.3	US Patent	7CYN
COc1cc(cn2ncnc12)-c1[nH]c2ccc(cc2c1C(C)C)C1CCN(CC2(C)COC2)CC1	Toll-like receptor 7	0.3	US Patent	7CYN
CC(C)c1c([nH]c2ccc(cc12)C1CCN(CC1)C1CCOC1)-c1cc(C)c2ncnn2c1	Toll-like receptor 7	0.3	US Patent	7CYN
CC(C)c1c([nH]c2ccc(cc12)C1CCN(CC2(C)COC2)CC1)-c1cc(c2ncnn2c1)C(F)(F)F	Toll-like receptor 7	0.3	US Patent	7CYN
COc1cc(cn2ncnc12)-c1[nH]c2ccc(cc2c1C(C)C)C1CCN(CC2(C)COC2)CC1	Toll-like receptor 7	0.3	US Patent	7CYN
CNCC(=O)N1CCC(CC1)c1ccc2[nH]c(c(C(C)C)c2c1)-c1cc(c2ncnn2c1)C(F)(F)F	Toll-like receptor 7	0.3	US Patent	7CYN
CC(C)c1c([nH]c2ccc(nc12)N1C[C@H](C)N([C@H](C)C1)C(=O)CCN(C)C)-c1cn2ncnc2c(C)c1C	Toll-like receptor 7	0.3	US Patent	7CYN
CCN(C)CC(=O)N1CCC(CC1)c1ccc2[nH]c(c(C(C)C)c2c1)-c1cc(c2ncnn2c1)C(F)(F)F	Toll-like receptor 7	0.3	US Patent	7CYN
COc1cc(cn2ncnc12)-c1[nH]c2ccc(cc2c1C(C)C)C1CCN(CC(=O)NCC2(C)COC2)CC1	Toll-like receptor 7	0.3	US Patent	7CYN
CCN(CCN(C)C)C(=O)c1nc2c(C(C)C)c([nH]c2cc1C)-c1cc(OC)c2ncnn2c1	Toll-like receptor 7	0.3	US Patent	7CYN
CC(C)c1c([nH]c2ccc(cc12)C1CCNCC1)-c1cn2ncnc2c(C)c1C	Toll-like receptor 7	0.3	US Patent	7CYN
CC(C)c1c([nH]c2ccc(cc12)C1CCN(CC#N)CC1)-c1cc(C)c2ncnn2c1	Toll-like receptor 7	0.3	US Patent	7CYN
CC(C)c1c([nH]c2ccc(cc12)C1CCN(CC(N)=O)CC1)-c1cc(C)c2ncnn2c1	Toll-like receptor 7	0.3	US Patent	7CYN
COc1cc(cn2ncnc12)-c1[nH]c2ccc(cc2c1C(C)C)C1CCN(CC(=O)N(C)C)CC1	Toll-like receptor 7	0.3	US Patent	7CYN
CC(C)CN1CCC(CC1)c1ccc2[nH]c(c(C(C)C)c2c1)-c1cc(C)c2ncnn2c1	Toll-like receptor 7	0.3	US Patent	7CYN
COc1cc(cn2ncnc12)-c1[nH]c2ccc(cc2c1C(C)C)C1CCN(CC1)C1CCOCC1	Toll-like receptor 7	0.3	US Patent	7CYN
CCc1cc(cn2ncnc12)-c1[nH]c2ccc(cc2c1C(C)C)C1CCNCC1	Toll-like receptor 7	0.3	US Patent	7CYN
CC(C)c1c([nH]c2ccc(cc12)C1CCNCC1)-c1cn2nc(C)nc2c(Cl)c1C	Toll-like receptor 7	0.3	US Patent	7CYN
CC(C)c1c([nH]c2ccc(cc12)C1CCNCC1)-c1cc(C2CC2)c2ncnn2c1	Toll-like receptor 7	0.3	US Patent	7CYN
CC(C)c1c([nH]c2ccc(cc12)C1CCN(CC(=O)N(C)C)CC1)-c1cc(C2CC2)c2ncnn2c1	Toll-like receptor 7	0.3	US Patent	7CYN
CC(C)c1c([nH]c2cc(C)c(nc12)C1CCN(CC(=O)N(C)C)CC1)-c1cc(C)c2ncnn2c1	Toll-like receptor 7	0.3	US Patent	7CYN
CC(C)c1c([nH]c2ccc(nc12)N1C[C@H](C)N([C@H](C)C1)C(=O)CCN(C)C)-c1cn2ncnc2c(C)c1C	Toll-like receptor 7	0.3	US Patent	7CYN
CC(C)c1c([nH]c2cc(C)c(nc12)C1CCN(CC(=O)N(C)C)CC1)-c1cc(C)c2ncnn2c1	Toll-like receptor 7	0.3	US Patent	7CYN
CCN(CCN(C)C)C(=O)c1nc2c(C(C)C)c([nH]c2cc1C)-c1cc(OC)c2ncnn2c1	Toll-like receptor 7	0.3	US Patent	7CYN
CC(C)c1c([nH]c2ccc(cc12)C1CCNCC1)-c1cc(C)nc(C)c1	Toll-like receptor 7	0.3	ChEMBL	
CCN(CCN(C)C)C(=O)c1nc2c(C(C)C)c([nH]c2cc1C)-c1cc(OC)c2ncnn2c1	Toll-like receptor 7	0.3	US Patent	7CYN
CC(C)c1c([nH]c2cc(C)c(nc12)C1CCN(CC(=O)N(C)C)CC1)-c1cc(C)c2ncnn2c1	Toll-like receptor 7	0.3	US Patent	7CYN
CC(C)c1c([nH]c2ccc(nc12)N1C[C@H](C)N([C@H](C)C1)C(=O)CCN(C)C)-c1cn2ncnc2c(C)c1C	Toll-like receptor 7	0.3	US Patent	7CYN
COc1cc(cn2ncnc12)-c1[nH]c2cnc(C3CCC(CC3)N(C)C3COC3)c(F)c2c1C(C)C	Toll-like receptor 7	0.3	US Patent	7CYN
CC(C)c1c([nH]c2ccc(nc12)N1[C@H](C)CNC[C@H]1C)-c1cn2ncnc2c(C)c1C	Toll-like receptor 7	0.31	US Patent	7CYN
CC(C)c1c([nH]c2ccc(nc12)C1CCC(CC1)NC1COC1)-c1cc(C)c2ncnn2c1	Toll-like receptor 7	0.31	US Patent	7CYN
COc1cc(cn2ncnc12)-c1[nH]c2cc(C)c(nc2c1C(C)C)C1CCC(CC1)NC1COC1	Toll-like receptor 7	0.31	US Patent	7CYN
COc1cc(cn2ncnc12)-c1[nH]c2cc(C)c(nc2c1C(C)C)C1CCN(CC(C)(C)O)CC1	Toll-like receptor 7	0.31	US Patent	7CYN
CC(C)c1c([nH]c2ccc(nc12)C1CCC(CC1)NC1COC1)-c1cc(C)c2ncnn2c1	Toll-like receptor 7	0.31	US Patent	7CYN
COc1cc(cn2ncnc12)-c1[nH]c2cc(C)c(nc2c1C(C)C)C1CCC(CC1)NC1COC1	Toll-like receptor 7	0.31	US Patent	7CYN
CC(C)c1c([nH]c2ccc(nc12)N1[C@H](C)CNC[C@H]1C)-c1cn2ncnc2c(C)c1C	Toll-like receptor 7	0.31	US Patent	7CYN
COc1cc(cn2ncnc12)-c1[nH]c2cc(C)c(nc2c1C(C)C)C1CCN(CC(C)(C)O)CC1	Toll-like receptor 7	0.31	US Patent	7CYN
COc1cc(cn2ncnc12)-c1[nH]c2cc(C)c(nc2c1C(C)C)C1CCN(CC(C)(C)O)CC1	Toll-like receptor 7	0.31	US Patent	7CYN
CC(C)c1c([nH]c2ccc(nc12)C1CCC(CC1)NC1COC1)-c1cc(C)c2ncnn2c1	Toll-like receptor 7	0.31	US Patent	7CYN
CC(C)c1c([nH]c2ccc(nc12)N1[C@H](C)CNC[C@H]1C)-c1cn2ncnc2c(C)c1C	Toll-like receptor 7	0.31	US Patent	7CYN
COc1cc(cn2ncnc12)-c1[nH]c2cc(C)c(nc2c1C(C)C)C1CCC(CC1)NC1COC1	Toll-like receptor 7	0.31	US Patent	7CYN
CC(C)c1c([nH]c2ccc(nc12)C1CCC(CC1)NC1COC1)-c1cc(C)nc(C)c1	Toll-like receptor 7	0.32	US Patent	7CYN
COc1cc(cn2ncnc12)-c1[nH]c2cc(F)c(nc2c1C(C)C)C1CCC(CC1)NC1COC1	Toll-like receptor 7	0.32	US Patent	7CYN
CC(C)c1c([nH]c2ccc(nc12)C1CCC(CC1)N(CCS(C)(=O)=O)CC#N)-c1cn2ncnc2c(C)c1C	Toll-like receptor 7	0.32	US Patent	7CYN
COc1cc(cn2ncnc12)-c1[nH]c2cc(F)c(nc2c1C(C)C)C1CCN(CC(=O)N(C)C)CC1	Toll-like receptor 7	0.32	US Patent	7CYN
CC(C)c1c([nH]c2ccc(nc12)C1CCC(CC1)NC1COC1)-c1cc(C)nc(C)c1	Toll-like receptor 7	0.32	US Patent	7CYN
COc1cc(cn2ncnc12)-c1[nH]c2cc(F)c(nc2c1C(C)C)C1CCC(CC1)NC1COC1	Toll-like receptor 7	0.32	US Patent	7CYN
CC(C)c1c([nH]c2ccc(nc12)C1CCC(CC1)N(CCS(C)(=O)=O)CC#N)-c1cn2ncnc2c(C)c1C	Toll-like receptor 7	0.32	US Patent	7CYN
COc1cc(cn2ncnc12)-c1[nH]c2cc(F)c(nc2c1C(C)C)C1CCN(CC(=O)N(C)C)CC1	Toll-like receptor 7	0.32	US Patent	7CYN
CC(C)c1c([nH]c2ccc(nc12)C1CCC(CC1)NC1COC1)-c1cc(C)nc(C)c1	Toll-like receptor 7	0.32	US Patent	7CYN
COc1cc(cn2ncnc12)-c1[nH]c2cc(F)c(nc2c1C(C)C)C1CCN(CC(=O)N(C)C)CC1	Toll-like receptor 7	0.32	US Patent	7CYN
COc1cc(cn2ncnc12)-c1[nH]c2cc(F)c(nc2c1C(C)C)C1CCC(CC1)NC1COC1	Toll-like receptor 7	0.32	US Patent	7CYN
CC(C)c1c([nH]c2ccc(nc12)C1CCC(CC1)N(CCS(C)(=O)=O)CC#N)-c1cn2ncnc2c(C)c1C	Toll-like receptor 7	0.32	US Patent	7CYN
COc1cc(cn2ncnc12)-c1[nH]c2cnc(N3CCC(CC3)N3CCC3)c(C)c2c1C(C)C	Toll-like receptor 7	0.33	US Patent	7CYN
CCN(C)CC(=O)N1C[C@H](C)N(C[C@H]1C)c1ccc2[nH]c(c(C(C)C)c2n1)-c1cn2ncnc2c(C)c1C	Toll-like receptor 7	0.34	US Patent	7CYN
CC(C)c1c([nH]c2ccc(nc12)C1CCC(CC1)N1CCOCC1)-c1cn2ncnc2c(C)c1C	Toll-like receptor 7	0.34	US Patent	7CYN
COc1cc(cn2ncnc12)-c1[nH]c2ccc(nc2c1C(C)C)C1CCC(CC1)N1CCC[C@H]1CO	Toll-like receptor 7	0.34	US Patent	7CYN
CC(C)c1c([nH]c2ccc(nc12)C1CCC(CC1)NC1(C)COC1)-c1cn2ncnc2c(C)c1C	Toll-like receptor 7	0.34	US Patent	7CYN
COc1cc(cn2ncnc12)-c1[nH]c2ccc(nc2c1C(C)C)C1CCC(CC1)N1CCC[C@H]1CO	Toll-like receptor 7	0.34	US Patent	7CYN
CC(C)c1c([nH]c2ccc(nc12)C1CCC(CC1)NC1(C)COC1)-c1cn2ncnc2c(C)c1C	Toll-like receptor 7	0.34	US Patent	7CYN
CCN(C)CC(=O)N1C[C@H](C)N(C[C@H]1C)c1ccc2[nH]c(c(C(C)C)c2n1)-c1cn2ncnc2c(C)c1C	Toll-like receptor 7	0.34	US Patent	7CYN
CC(C)c1c([nH]c2ccc(nc12)C1CCC(CC1)N1CCOCC1)-c1cn2ncnc2c(C)c1C	Toll-like receptor 7	0.34	US Patent	7CYN
CC(C)c1c([nH]c2ccc(nc12)C1CCC(CC1)N1CCOCC1)-c1cn2ncnc2c(C)c1C	Toll-like receptor 7	0.34	US Patent	7CYN
CCN(C)C1CCN(CC1)c1ncc2[nH]c(c(C(C)C)c2c1F)-c1cc(OC)c2ncnn2c1	Toll-like receptor 7	0.34	US Patent	7CYN
COc1cc(cn2ncnc12)-c1[nH]c2ccc(nc2c1C(C)C)C1CCC(CC1)N1CCC[C@H]1CO	Toll-like receptor 7	0.34	US Patent	7CYN
CC(C)c1c([nH]c2ccc(nc12)C1CCC(CC1)NC1(C)COC1)-c1cn2ncnc2c(C)c1C	Toll-like receptor 7	0.34	US Patent	7CYN
CCN(C)CC(=O)N1C[C@H](C)N(C[C@H]1C)c1ccc2[nH]c(c(C(C)C)c2n1)-c1cn2ncnc2c(C)c1C	Toll-like receptor 7	0.34	US Patent	7CYN
CC(C)c1c([nH]c2ccc(nc12)N1C[C@@H](C)N(C[C@@H]1C)C(=O)CCN1CCC2(COC2)C1)-c1cn2ncnc2c(C)c1C	Toll-like receptor 7	0.35	US Patent	7CYN
COc1cc(cn2ncnc12)-c1[nH]c2ccc(nc2c1C(C)C)C1CCC(CC1)N(C)CCC#N	Toll-like receptor 7	0.35	US Patent	7CYN
COc1cc(cn2ncnc12)-c1[nH]c2ccc(nc2c1C(C)C)C1CCC(CC1)N(C)CCC#N	Toll-like receptor 7	0.35	US Patent	7CYN
CC(C)c1c([nH]c2ccc(nc12)N1C[C@@H](C)N(C[C@@H]1C)C(=O)CCN1CCC2(COC2)C1)-c1cn2ncnc2c(C)c1C	Toll-like receptor 7	0.35	US Patent	7CYN
CC(C)c1c([nH]c2cnc(cc12)C1CCC(CC1)NC1COC1)-c1cn2ncnc2c(C)c1C	Toll-like receptor 7	0.35	US Patent	7CYN
COc1cc(cn2ncnc12)-c1[nH]c2ccc(nc2c1C(C)C)C1CCC(CC1)N(C)CCC#N	Toll-like receptor 7	0.35	US Patent	7CYN
COc1cc(cn2ncnc12)-c1[nH]c2cnc(N3CCC(CC3)NC(C)C)c(C)c2c1C(C)C	Toll-like receptor 7	0.35	US Patent	7CYN
CC(C)c1c([nH]c2ccc(nc12)N1C[C@@H](C)N(C[C@@H]1C)C(=O)CCN1CCC2(COC2)C1)-c1cn2ncnc2c(C)c1C	Toll-like receptor 7	0.35	US Patent	7CYN
CC(C)c1c([nH]c2ccc(nc12)N1CCN(C[C@@H]1C)C(=O)CCN(C)C)-c1cn2ncnc2c(C)c1C	Toll-like receptor 7	0.36	US Patent	7CYN
CC[C@H]1CNCCN1c1ccc2[nH]c(c(C(C)C)c2n1)-c1cn2ncnc2c(C)c1C	Toll-like receptor 7	0.36	US Patent	7CYN
CC(C)c1c([nH]c2ccc(nc12)N1CCN(C[C@@H]1C)C(=O)CCN(C)C)-c1cn2ncnc2c(C)c1C	Toll-like receptor 7	0.36	US Patent	7CYN
CC[C@H]1CNCCN1c1ccc2[nH]c(c(C(C)C)c2n1)-c1cn2ncnc2c(C)c1C	Toll-like receptor 7	0.36	US Patent	7CYN
CC[C@H]1CNCCN1c1ccc2[nH]c(c(C(C)C)c2n1)-c1cn2ncnc2c(C)c1C	Toll-like receptor 7	0.36	US Patent	7CYN
CC(C)c1c([nH]c2ccc(nc12)N1CCN(C[C@@H]1C)C(=O)CCN(C)C)-c1cn2ncnc2c(C)c1C	Toll-like receptor 7	0.36	US Patent	7CYN
CC(C)c1c([nH]c2cnc(N3CCC(CC3)NC3CCOCC3)c(C)c12)-c1cc(C)c2ncnn2c1	Toll-like receptor 7	0.36	US Patent	7CYN
COc1cc(cn2ncnc12)-c1[nH]c2cnc(N3CCC(CC3)NCC(C)(C)C)c(C)c2c1C(C)C	Toll-like receptor 7	0.36	US Patent	7CYN
CC(C)c1c([nH]c2ccc(nc12)N1C[C@H](C)N(C[C@H]1C)C(=O)CN(C)C)-c1cn2ncnc2c(C)c1C	Toll-like receptor 7	0.37	US Patent	7CYN
CCCN(C)CC(=O)N1C[C@H](C)N(C[C@H]1C)c1ccc2[nH]c(c(C(C)C)c2n1)-c1cn2ncnc2c(C)c1C	Toll-like receptor 7	0.37	US Patent	7CYN
CC(C)c1c([nH]c2ccc(nc12)C1CCC(CC1)NCCC#N)-c1cn2ncnc2c(C)c1C	Toll-like receptor 7	0.37	US Patent	7CYN
CC(C)c1c([nH]c2ccc(nc12)C1CCC(CC1)NCCC#N)-c1cn2ncnc2c(C)c1C	Toll-like receptor 7	0.37	US Patent	7CYN
CC(C)c1c([nH]c2ccc(nc12)N1C[C@H](C)N(C[C@H]1C)C(=O)CN(C)C)-c1cn2ncnc2c(C)c1C	Toll-like receptor 7	0.37	US Patent	7CYN
CCCN(C)CC(=O)N1C[C@H](C)N(C[C@H]1C)c1ccc2[nH]c(c(C(C)C)c2n1)-c1cn2ncnc2c(C)c1C	Toll-like receptor 7	0.37	US Patent	7CYN
CC(C)c1c([nH]c2ccc(cc12)-c1nnc(o1)C1CCN(C)CC1)-c1cc(C)c2ncnn2c1	Toll-like receptor 7	0.37	US Patent	7CYN
CC(C)c1c([nH]c2ccc(nc12)C1CCC(CC1)NCCC#N)-c1cn2ncnc2c(C)c1C	Toll-like receptor 7	0.37	US Patent	7CYN
CC(C)c1c([nH]c2ccc(nc12)N1C[C@H](C)N(C[C@H]1C)C(=O)CN(C)C)-c1cn2ncnc2c(C)c1C	Toll-like receptor 7	0.37	US Patent	7CYN
COc1cc(cn2ncnc12)-c1[nH]c2cnc(N3CCC(CC3)N(C)C(C)C)c(C)c2c1C(C)C	Toll-like receptor 7	0.37	US Patent	7CYN
CCCN(C)CC(=O)N1C[C@H](C)N(C[C@H]1C)c1ccc2[nH]c(c(C(C)C)c2n1)-c1cn2ncnc2c(C)c1C	Toll-like receptor 7	0.37	US Patent	7CYN
CC(C)c1c([nH]c2ccc(nc12)N1[C@@H](C)CN(C[C@@H]1C)C(=O)CN(C)C)-c1cn2ncnc2c(C)c1C	Toll-like receptor 7	0.38	US Patent	7CYN
CC(C)c1c([nH]c2ccc(nc12)N1C[C@H](C)N(C[C@H]1C)C(=O)CCN(C)C)-c1cn2ncnc2c(C)c1C	Toll-like receptor 7	0.38	US Patent	7CYN
CC(C)c1c([nH]c2ccc(nc12)N1C[C@@H](C)N(C[C@@H]1C)C(=O)CN(C)C)-c1cn2ncnc2c(C)c1C	Toll-like receptor 7	0.38	US Patent	7CYN
CC(C)c1c([nH]c2ccc(nc12)N1[C@@H](C)CN(C[C@@H]1C)C(=O)CN(C)C)-c1cn2ncnc2c(C)c1C	Toll-like receptor 7	0.38	US Patent	7CYN
CC(C)c1c([nH]c2ccc(nc12)N1C[C@H](C)N(C[C@H]1C)C(=O)CCN(C)C)-c1cn2ncnc2c(C)c1C	Toll-like receptor 7	0.38	US Patent	7CYN
CC(C)c1c([nH]c2ccc(nc12)N1C[C@@H](C)N(C[C@@H]1C)C(=O)CN(C)C)-c1cn2ncnc2c(C)c1C	Toll-like receptor 7	0.38	US Patent	7CYN
CC(C)N(C)C1CCN(CC1)c1ncc2[nH]c(c(C(C)C)c2c1C)-c1cc(C)c2ncnn2c1	Toll-like receptor 7	0.38	US Patent	7CYN
CC(C)c1c([nH]c2ccc(nc12)N1C[C@H](C)N(C[C@H]1C)C(=O)CCN(C)C)-c1cn2ncnc2c(C)c1C	Toll-like receptor 7	0.38	US Patent	7CYN
CC(C)c1c([nH]c2ccc(nc12)N1C[C@@H](C)N(C[C@@H]1C)C(=O)CN(C)C)-c1cn2ncnc2c(C)c1C	Toll-like receptor 7	0.38	US Patent	7CYN
CC(C)c1c([nH]c2ccc(nc12)N1[C@@H](C)CN(C[C@@H]1C)C(=O)CN(C)C)-c1cn2ncnc2c(C)c1C	Toll-like receptor 7	0.38	US Patent	7CYN
CCN(C)CCC(=O)N1C[C@H](C)N(C[C@H]1C)c1ccc2[nH]c(c(C(C)C)c2n1)-c1cn2ncnc2c(C)c1C	Toll-like receptor 7	0.39	US Patent	7CYN
CC(C)c1c([nH]c2ccc(nc12)N1C[C@@H](C)N(C[C@@H]1C)C(=O)CCN(C)C)-c1cn2ncnc2c(C)c1C	Toll-like receptor 7	0.39	US Patent	7CYN
COc1cc(cn2ncnc12)-c1[nH]c2cc(C)c(nc2c1C(C)C)C1CCC(CC1)NC1(C)COC1	Toll-like receptor 7	0.39	US Patent	7CYN
COc1cc(cn2ncnc12)-c1[nH]c2cc(C)c(nc2c1C(C)C)C1CCN(CC1)C1COC1	Toll-like receptor 7	0.39	US Patent	7CYN
COc1cc(cn2ncnc12)-c1[nH]c2cc(C)c(nc2c1C(C)C)C1CCC(CC1)NC1(C)COC1	Toll-like receptor 7	0.39	US Patent	7CYN
CCN(C)CCC(=O)N1C[C@H](C)N(C[C@H]1C)c1ccc2[nH]c(c(C(C)C)c2n1)-c1cn2ncnc2c(C)c1C	Toll-like receptor 7	0.39	US Patent	7CYN
COc1cc(cn2ncnc12)-c1[nH]c2cc(C)c(nc2c1C(C)C)C1CCN(CC1)C1COC1	Toll-like receptor 7	0.39	US Patent	7CYN
CC(C)c1c([nH]c2ccc(nc12)N1C[C@@H](C)N(C[C@@H]1C)C(=O)CCN(C)C)-c1cn2ncnc2c(C)c1C	Toll-like receptor 7	0.39	US Patent	7CYN
CN1CCC(CC1)Nc1n[nH]c2cc(c(cc12)C1CC1)-c1ccnc(C)c1F	Toll-like receptor 7	0.39	ChEMBL	7CYN
COc1cc(cn2ncnc12)-c1[nH]c2cc(C)c(nc2c1C(C)C)C1CCC(CC1)NC1(C)COC1	Toll-like receptor 7	0.39	US Patent	7CYN
CC(C)c1c([nH]c2ccc(nc12)N1C[C@@H](C)N(C[C@@H]1C)C(=O)CCN(C)C)-c1cn2ncnc2c(C)c1C	Toll-like receptor 7	0.39	US Patent	7CYN
CCN(C)C1CCC(CC1)c1ncc2[nH]c(c(C(C)C)c2c1F)-c1cc(C)c2ncnn2c1	Toll-like receptor 7	0.39	US Patent	7CYN
COc1cc(c[nH]\c1=N/C=N)-c1[nH]c2cc(C)c(nc2c1C(C)C)C1CCN(CC1)C1COC1	Toll-like receptor 7	0.39	US Patent	7CYN
CCN(C)CCC(=O)N1C[C@H](C)N(C[C@H]1C)c1ccc2[nH]c(c(C(C)C)c2n1)-c1cn2ncnc2c(C)c1C	Toll-like receptor 7	0.39	US Patent	7CYN
CC(C)c1c([nH]c2ccc(cc12)C1CCN(CC1)C(=O)[C@@H]1C[C@@H](F)CN1)-c1cc(C)c2ncnn2c1	Toll-like receptor 7	0.4	US Patent	7CYN
COc1cc(cn2ncnc12)-c1[nH]c2ccc(cc2c1C(C)C)C1CCN(CC1)C(=O)C1CCN(C)C1	Toll-like receptor 7	0.4	US Patent	7CYN
CC(C)c1c([nH]c2ccc(cc12)C1CCN(CC1)C(=O)CN1CC[C@H](F)C1)-c1cn2ncnc2c(C)c1C	Toll-like receptor 7	0.4	US Patent	7CYN
CC(C)c1c([nH]c2ccc(cc12)C1CCN(CC1)C(=O)CN1CC[C@@H](O)C1)-c1cc(C)c2ncnn2c1	Toll-like receptor 7	0.4	US Patent	7CYN
CC(N)N(C)CC(=O)N1CCC(CC1)c1ccc2[nH]c(c(C(C)C)c2c1)-c1cc(c2ncnn2c1)C(F)(F)F	Toll-like receptor 7	0.4	US Patent	7CYN
COCCNCC(=O)N1CCC(CC1)c1ccc2[nH]c(c(C(C)C)c2c1)-c1cc(OC)c2ncnn2c1	Toll-like receptor 7	0.4	US Patent	7CYN
COc1cc(cn2ncnc12)-c1[nH]c2ccc(cc2c1C(C)C)C1CCN(CC(=O)NC2(C)COC2)CC1	Toll-like receptor 7	0.4	US Patent	7CYN
COc1cc(cn2ncnc12)-c1[nH]c2ccc(cc2c1C(C)C)C1CCN(CC(=O)N2CC[C@@H](O)C2)CC1	Toll-like receptor 7	0.4	US Patent	7CYN
COc1cc(cn2ncnc12)-c1[nH]c2ccc(cc2c1C(C)C)C1CCN(CC(=O)N2CC(F)C2)CC1	Toll-like receptor 7	0.4	US Patent	7CYN
COc1cc(cn2ncnc12)-c1[nH]c2ccc(cc2c1C(C)C)C1CCN(CC(=O)N2CC[C@H](F)C2)CC1	Toll-like receptor 7	0.4	US Patent	7CYN
CNC(=O)CN1CCC(CC1)c1ccc2[nH]c(c(C(C)C)c2c1)-c1cc(OC)c2ncnn2c1	Toll-like receptor 7	0.4	US Patent	7CYN
COc1cc(cn2ncnc12)-c1[nH]c2ccc(cc2c1C(C)C)C1CCN(CC(C)(C)O)CC1	Toll-like receptor 7	0.4	US Patent	7CYN
CC(C)c1c([nH]c2ccc(cc12)C1CCN(CC1)C(=O)OC1CCNCC1)-c1cn2ncnc2c(C)c1C	Toll-like receptor 7	0.4	US Patent	7CYN
CC(C)c1c([nH]c2ccc(cc12)C1CCN(CC1)C(=O)OCC1CNC1)-c1cn2ncnc2c(C)c1C	Toll-like receptor 7	0.4	US Patent	7CYN
CCCNCC(=O)N1CCC(CC1)c1ccc2[nH]c(c(C(C)C)c2c1)-c1cc(C)c2ncnn2c1	Toll-like receptor 7	0.4	US Patent	7CYN
CC(C)c1c([nH]c2ccc(cc12)C1CCNCC1)-c1cc(C(C)C)c2ncnn2c1	Toll-like receptor 7	0.4	US Patent	7CYN
CC(C)c1c([nH]c2ccc(cc12)C1CCNCC1)-c1cc(c2ncnn2c1)C(F)(F)F	Toll-like receptor 7	0.4	US Patent	7CYN
CC(C)c1c([nH]c2ccc(cc12)C1CCN(CCS(N)(=O)=O)CC1)-c1cc(C)c2ncnn2c1	Toll-like receptor 7	0.4	US Patent	7CYN
CC(C)c1c([nH]c2ccc(cc12)C1CCN(CC2(CC2)[N+]#N)CC1)-c1cc(C)c2ncnn2c1	Toll-like receptor 7	0.4	US Patent	7CYN
CC(C)c1c([nH]c2ccc(cc12)C1CCN(CC(C)(C)O)CC1)-c1cc(C#N)c2ncnn2c1	Toll-like receptor 7	0.4	US Patent	7CYN
CC(C)c1c([nH]c2ccc(cc12)C1CCN(CC(=O)N(C)C)CC1)-c1cc(Cl)c2nc(C)nn2c1	Toll-like receptor 7	0.4	US Patent	7CYN
CC(C)c1c([nH]c2ccc(cc12)C1CCN(CC1)C(C#N)C1(C)COC1)-c1cn2ncnc2c(C)c1C	Toll-like receptor 7	0.4	US Patent	7CYN
CC(C)c1c([nH]c2ccc(cc12)C1CCN(CC1)C1CCOC1)-c1cc(C)c2ncnn2c1	Toll-like receptor 7	0.4	US Patent	7CYN
CC(C)c1c([nH]c2ccc(cc12)C1CCN(CC1)C1CCOC1)-c1cc(c2ncnn2c1)C(F)(F)F	Toll-like receptor 7	0.4	US Patent	7CYN
CC(C)c1c([nH]c2ccc(cc12)C1CCN(CC1)C1CCOC1)-c1cc(c2ncnn2c1)C(F)(F)F	Toll-like receptor 7	0.4	US Patent	7CYN
COc1cc(cn2ncnc12)-c1[nH]c2ccc(cc2c1C(C)C)C1CCN(CC1)C1CCOC(C)(C)C1	Toll-like receptor 7	0.4	US Patent	7CYN
COc1cc(cn2ncnc12)-c1[nH]c2ccc(cc2c1C(C)C)C1CCN(C[C@@H]2COCCN2)CC1	Toll-like receptor 7	0.4	US Patent	7CYN
COc1cc(cn2ncnc12)-c1[nH]c2ccc(cc2c1C(C)C)C1CCN(CC1)C1CC(C1)[N+]#[C-]	Toll-like receptor 7	0.4	US Patent	7CYN
COc1cc(cn2ncnc12)-c1[nH]c2ccc(cc2c1C(C)C)C1CCN(CC1)C1CCOC1	Toll-like receptor 7	0.4	US Patent	7CYN
CNCCN1CCC(CC1)c1ccc2[nH]c(c(C(C)C)c2c1)-c1cc(OC)c2ncnn2c1	Toll-like receptor 7	0.4	US Patent	7CYN
CC(C)c1c([nH]c2ccc(cc12)C1CCN(CC1)C1CCOC1)-c1cc(C)c2ncnn2c1	Toll-like receptor 7	0.4	US Patent	7CYN
CC(C)c1c([nH]c2ccc(cc12)C1CCN(CC1)C1CCOC1)-c1cc(c2ncnn2c1)C(F)(F)F	Toll-like receptor 7	0.4	US Patent	7CYN
CC(C)c1c([nH]c2ccc(cc12)C1CCN(CC1)C1CCOC1)-c1cc(c2ncnn2c1)C(F)(F)F	Toll-like receptor 7	0.4	US Patent	7CYN
COc1cc(cn2ncnc12)-c1[nH]c2ccc(cc2c1C(C)C)C1CCN(CC1)C1CCOC(C)(C)C1	Toll-like receptor 7	0.4	US Patent	7CYN
COc1cc(cn2ncnc12)-c1[nH]c2ccc(cc2c1C(C)C)C1CCN(C[C@@H]2COCCN2)CC1	Toll-like receptor 7	0.4	US Patent	7CYN
COc1cc(cn2ncnc12)-c1[nH]c2ccc(cc2c1C(C)C)C1CCN(CC1)C1CC(C1)C#N	Toll-like receptor 7	0.4	US Patent	7CYN
COc1cc(cn2ncnc12)-c1[nH]c2ccc(cc2c1C(C)C)C1CCN(CC1)C1CCOC1	Toll-like receptor 7	0.4	US Patent	7CYN
CNCCN1CCC(CC1)c1ccc2[nH]c(c(C(C)C)c2c1)-c1cc(OC)c2ncnn2c1	Toll-like receptor 7	0.4	US Patent	7CYN
CC(C)c1c([nH]c2ccc(cc12)C1CCN(CC1)C(=O)[C@@H]1C[C@@H](F)CN1)-c1cc(C)c2ncnn2c1	Toll-like receptor 7	0.4	US Patent	7CYN
COc1cc(cn2ncnc12)-c1[nH]c2ccc(cc2c1C(C)C)C1CCN(CC1)C(=O)C1CCN(C)C1	Toll-like receptor 7	0.4	US Patent	7CYN
CC(C)c1c([nH]c2ccc(cc12)C1CCN(CC1)C(=O)CN1CC[C@H](F)C1)-c1cn2ncnc2c(C)c1C	Toll-like receptor 7	0.4	US Patent	7CYN
CC(C)c1c([nH]c2ccc(cc12)C1CCN(CC1)C(=O)CN1CC[C@@H](O)C1)-c1cc(C)c2ncnn2c1	Toll-like receptor 7	0.4	US Patent	7CYN
CC(C)N(C)CC(=O)N1CCC(CC1)c1ccc2[nH]c(c(C(C)C)c2c1)-c1cc(c2ncnn2c1)C(F)(F)F	Toll-like receptor 7	0.4	US Patent	7CYN
COCCNCC(=O)N1CCC(CC1)c1ccc2[nH]c(c(C(C)C)c2c1)-c1cc(OC)c2ncnn2c1	Toll-like receptor 7	0.4	US Patent	7CYN
COc1cc(cn2ncnc12)-c1[nH]c2ccc(cc2c1C(C)C)C1CCN(CC(=O)NC2(C)COC2)CC1	Toll-like receptor 7	0.4	US Patent	7CYN
COc1cc(cn2ncnc12)-c1[nH]c2ccc(cc2c1C(C)C)C1CCN(CC(=O)N2CC[C@@H](O)C2)CC1	Toll-like receptor 7	0.4	US Patent	7CYN
COc1cc(cn2ncnc12)-c1[nH]c2ccc(cc2c1C(C)C)C1CCN(CC(=O)N2CC(F)C2)CC1	Toll-like receptor 7	0.4	US Patent	7CYN
COc1cc(cn2ncnc12)-c1[nH]c2ccc(cc2c1C(C)C)C1CCN(CC(=O)N2CC[C@H](F)C2)CC1	Toll-like receptor 7	0.4	US Patent	7CYN
CC(C)c1c([nH]c2ccc(cc12)C1CCN(CC1)C(=O)OC1CCNCC1)-c1cn2ncnc2c(C)c1C	Toll-like receptor 7	0.4	US Patent	7CYN
CC(C)c1c([nH]c2ccc(cc12)C1CCN(CC1)C(=O)OCC1CNC1)-c1cn2ncnc2c(C)c1C	Toll-like receptor 7	0.4	US Patent	7CYN
CNC(=O)CN1CCC(CC1)c1ccc2[nH]c(c(C(C)C)c2c1)-c1cc(OC)c2ncnn2c1	Toll-like receptor 7	0.4	US Patent	7CYN
COc1cc(cn2ncnc12)-c1[nH]c2ccc(cc2c1C(C)C)C1CCN(CC(C)(C)O)CC1	Toll-like receptor 7	0.4	US Patent	7CYN
COc1cc(cn2ncnc12)-c1[nH]c2ccc(nc2c1C(C)C)C1CCC(CC1)N(CC#N)C1COC1	Toll-like receptor 7	0.4	US Patent	7CYN
CCCNCC(=O)N1CCC(CC1)c1ccc2[nH]c(c(C(C)C)c2c1)-c1cc(C)c2ncnn2c1	Toll-like receptor 7	0.4	US Patent	7CYN
CC(C)c1c([nH]c2ccc(cc12)C1CCNCC1)-c1cc(C(C)C)c2ncnn2c1	Toll-like receptor 7	0.4	US Patent	7CYN
CC(C)c1c([nH]c2ccc(cc12)C1CCNCC1)-c1cc(c2ncnn2c1)C(F)(F)F	Toll-like receptor 7	0.4	US Patent	7CYN
CC(C)c1c([nH]c2ccc(cc12)C1CCN(CCS(N)(=O)=O)CC1)-c1cc(C)c2ncnn2c1	Toll-like receptor 7	0.4	US Patent	7CYN
CC(C)c1c([nH]c2ccc(cc12)C1CCN(CC2(CC2)C#N)CC1)-c1cc(C)c2ncnn2c1	Toll-like receptor 7	0.4	US Patent	7CYN
CC(C)c1c([nH]c2ccc(cc12)C1CCN(CC(C)(C)O)CC1)-c1cc(C#N)c2ncnn2c1	Toll-like receptor 7	0.4	US Patent	7CYN
CC(C)c1c([nH]c2ccc(cc12)C1CCN(CC(=O)N(C)C)CC1)-c1cc(Cl)c2nc(C)nn2c1	Toll-like receptor 7	0.4	US Patent	7CYN
CC(C)c1c([nH]c2ccc(cc12)C1CCN(CC1)C(C#N)C1(C)COC1)-c1cn2ncnc2c(C)c1C	Toll-like receptor 7	0.4	US Patent	7CYN
COc1cc(cn2ncnc12)-c1[nH]c2ccc(nc2c1C(C)C)C1CCC(CC1)N(CC#N)C1COC1	Toll-like receptor 7	0.4	US Patent	7CYN
COc1cc(cn2ncnc12)-c1[nH]c2cnc(C3CCC(CC3)NC3COC3)c(F)c2c1C(C)C	Toll-like receptor 7	0.4	US Patent	7CYN
CC(C)c1c([nH]c2cnc(C3CCC(CC3)N3CCC3)c(F)c12)-c1cn2ncnc2c(C)c1C	Toll-like receptor 7	0.4	US Patent	7CYN
COc1cc(cn2ncnc12)-c1[nH]c2ccc(nc2c1C(C)C)C1CCC(CC1)N(CC#N)C1COC1	Toll-like receptor 7	0.4	US Patent	7CYN
COc1cc(cn2ncnc12)-c1[nH]c2ccc(nc2c1C(C)C)C1CCC(C1)NC1CCOCC1	Toll-like receptor 7	0.41	US Patent	7CYN
CC(C)c1c([nH]c2ccc(nc12)C1CCC(CC1)N1CCC1)-c1cn2ncnc2c(C)c1C	Toll-like receptor 7	0.41	US Patent	7CYN
CC(C)c1c([nH]c2cc(F)c(nc12)C1CCC(N)CC1)-c1cn2ncnc2c(C)c1C	Toll-like receptor 7	0.41	US Patent	7CYN
CC(C)c1c([nH]c2cc(F)c(nc12)C1CCN(CC(=O)N(C)C)CC1)-c1cc(C)c2ncnn2c1	Toll-like receptor 7	0.41	US Patent	7CYN
CC(C)c1c([nH]c2cc(F)c(nc12)C1CCC(N)CC1)-c1cn2ncnc2c(C)c1C	Toll-like receptor 7	0.41	US Patent	7CYN
CC(C)c1c([nH]c2cc(F)c(nc12)C1CCN(CC(=O)N(C)C)CC1)-c1cc(C)c2ncnn2c1	Toll-like receptor 7	0.41	US Patent	7CYN
CC(C)c1c([nH]c2ccc(nc12)C1CCC(CC1)N1CCC1)-c1cn2ncnc2c(C)c1C	Toll-like receptor 7	0.41	US Patent	7CYN
COc1cc(cn2ncnc12)-c1[nH]c2ccc(nc2c1C(C)C)C1CCC(C1)NC1CCOCC1	Toll-like receptor 7	0.41	US Patent	7CYN
CC(C)c1c([nH]c2cc(F)c(nc12)C1CCN(CC(=O)N(C)C)CC1)-c1cc(C)c2ncnn2c1	Toll-like receptor 7	0.41	US Patent	7CYN
COc1cc(cn2ncnc12)-c1[nH]c2ccc(nc2c1C(C)C)C1CCC(C1)NC1CCOCC1	Toll-like receptor 7	0.41	US Patent	7CYN
CC(C)c1c([nH]c2ccc(nc12)C1CCC(CC1)N1CCC1)-c1cn2ncnc2c(C)c1C	Toll-like receptor 7	0.41	US Patent	7CYN
CC(C)c1c([nH]c2cc(F)c(nc12)C1CCC(N)CC1)-c1cn2ncnc2c(C)c1C	Toll-like receptor 7	0.41	US Patent	7CYN
CC(C)NC1CCC(CC1)c1ncc2[nH]c(c(C(C)C)c2c1F)-c1cc(C)c2ncnn2c1	Toll-like receptor 7	0.41	US Patent	7CYN
CC(C)NC1CCN(CC1)c1ncc2[nH]c(c(C(C)C)c2c1F)-c1cn2ncnc2c(C)c1C	Toll-like receptor 7	0.41	US Patent	7CYN
CC(C)NC1CCC(CC1)c1ncc2[nH]c(c(C(C)C)c2c1F)-c1cn2ncnc2c(C)c1C	Toll-like receptor 7	0.41	US Patent	7CYN
CNC1CCN(CC1)c1ncc2[nH]c(c(C(C)C)c2c1F)-c1cc(C)c2ncnn2c1	Toll-like receptor 7	0.41	US Patent	7CYN
CC(C)c1c([nH]c2ccc(nc12)N1CCN([C@@H](C)C1)C(=O)CCN(C)C)-c1cn2ncnc2c(C)c1C	Toll-like receptor 7	0.42	US Patent	7CYN
CNC(=O)CNC1CCC(C1)c1ccc2[nH]c(c(C(C)C)c2n1)-c1cc(OC)c2ncnn2c1	Toll-like receptor 7	0.42	US Patent	7CYN
CC(C)c1c([nH]c2ccc(nc12)C1CCC(CC1)NCc1cnc(C)cn1)-c1cn(C)c2ncccc12	Toll-like receptor 7	0.42	US Patent	7CYN
CC(C)c1c([nH]c2ccc(nc12)N1CCN([C@@H](C)C1)C(=O)CCN(C)C)-c1cn2ncnc2c(C)c1C	Toll-like receptor 7	0.42	US Patent	7CYN
CC(C)c1c([nH]c2ccc(nc12)C1CCC(CC1)NCc1cnc(C)cn1)-c1cn(C)c2ncccc12	Toll-like receptor 7	0.42	US Patent	7CYN
CNC(=O)CNC1CCC(C1)c1ccc2[nH]c(c(C(C)C)c2n1)-c1cc(OC)c2ncnn2c1	Toll-like receptor 7	0.42	US Patent	7CYN
CC(C)c1c([nH]c2ccc(nc12)N1CCN([C@@H](C)C1)C(=O)CCN(C)C)-c1cn2ncnc2c(C)c1C	Toll-like receptor 7	0.42	US Patent	7CYN
CC(C)c1c([nH]c2ccc(nc12)C1CCC(CC1)NCc1cnc(C)cn1)-c1cn(C)c2ncccc12	Toll-like receptor 7	0.42	US Patent	7CYN
CC(C)c1c([nH]c2cnc(N3CCC(CC3)NCC3(C)COC3)c(C)c12)-c1cc(C)c2ncnn2c1	Toll-like receptor 7	0.42	US Patent	7CYN
CNC(=O)CNC1CCC(C1)c1ccc2[nH]c(c(C(C)C)c2n1)-c1cc(OC)c2ncnn2c1	Toll-like receptor 7	0.42	US Patent	7CYN
COc1cc(cn2ncnc12)-c1[nH]c2cnc(N3CCN(CC#N)CC3)c(F)c2c1C(C)C	Toll-like receptor 7	0.42	US Patent	7CYN
COc1cc(cn2ncnc12)-c1[nH]c2ccc(nc2c1C(C)C)C1CCC(CC1)NC(C)C	Toll-like receptor 7	0.43	US Patent	7CYN
COc1cc(cn2ncnc12)-c1[nH]c2ccc(nc2c1C(C)C)C1CC(C1)NC(=O)CN(C)C	Toll-like receptor 7	0.43	US Patent	7CYN
COc1cc(cn2ncnc12)-c1[nH]c2ccc(nc2c1C(C)C)C1CCC(CC1)NC(C)C	Toll-like receptor 7	0.43	US Patent	7CYN
COc1cc(cn2ncnc12)-c1[nH]c2ccc(nc2c1C(C)C)C1CC(C1)NC(=O)CN(C)C	Toll-like receptor 7	0.43	US Patent	7CYN
CC(C)c1c([nH]c2cnc(C3CCC(CC3)NCC3(C)COC3)c(F)c12)-c1cn2ncnc2c(C)c1C	Toll-like receptor 7	0.43	US Patent	7CYN
COc1cc(cn2ncnc12)-c1[nH]c2ccc(nc2c1C(C)C)C1CC(C1)NC(=O)CN(C)C	Toll-like receptor 7	0.43	US Patent	7CYN
COc1cc(cn2ncnc12)-c1[nH]c2ccc(nc2c1C(C)C)C1CCC(CC1)NC(C)C	Toll-like receptor 7	0.43	US Patent	7CYN
COc1cc(cn2ncnc12)-c1[nH]c2cc(C)c(nc2c1C(C)C)C1CCC(CC1)N1CC2(COC2)C1	Toll-like receptor 7	0.44	US Patent	7CYN
CC(C)c1c([nH]c2cc(C)c(nc12)C1CCN(CC1)C1CCOCC1)-c1cc(C)c2ncnn2c1	Toll-like receptor 7	0.44	US Patent	7CYN
COc1cc(cn2ncnc12)-c1[nH]c2cc(C)c(nc2c1C(C)C)C1CCC(CC1)N1CC2(COC2)C1	Toll-like receptor 7	0.44	US Patent	7CYN
CC(C)c1c([nH]c2cc(C)c(nc12)C1CCN(CC1)C1CCOCC1)-c1cc(C)c2ncnn2c1	Toll-like receptor 7	0.44	US Patent	7CYN
CC(C)c1c([nH]c2cc(C)c(nc12)C1CCN(CC1)C1CCOCC1)-c1c[nH]\c(=N/C=N)c(C)c1	Toll-like receptor 7	0.44	US Patent	7CYN
COc1cc(cn2ncnc12)-c1[nH]c2cc(C)c(nc2c1C(C)C)C1CCC(CC1)N1CC2(COC2)C1	Toll-like receptor 7	0.44	US Patent	7CYN
COc1cc(cn2ncnc12)-c1[nH]c2ccc(nc2c1C(C)C)C1CCC(CC1)N(C)C1CC1	Toll-like receptor 7	0.45	US Patent	7CYN
COCCN(C)C1CCC(CC1)c1ccc2[nH]c(c(C(C)C)c2n1)-c1cn2ncnc2c(C)c1C	Toll-like receptor 7	0.45	US Patent	7CYN
COc1cc(cn2ncnc12)-c1[nH]c2ccc(nc2c1C(C)C)C1CCC(CC1)N(C)C1CC1	Toll-like receptor 7	0.45	US Patent	7CYN
COCCN(C)C1CCC(CC1)c1ccc2[nH]c(c(C(C)C)c2n1)-c1cn2ncnc2c(C)c1C	Toll-like receptor 7	0.45	US Patent	7CYN
COc1cc(cn2ncnc12)-c1[nH]c2ccc(nc2c1C(C)C)C1CCC(CC1)N(C)C1CC1	Toll-like receptor 7	0.45	US Patent	7CYN
COCCN(C)C1CCC(CC1)c1ccc2[nH]c(c(C(C)C)c2n1)-c1cn2ncnc2c(C)c1C	Toll-like receptor 7	0.45	US Patent	7CYN
CC(C)c1c([nH]c2ccc(nc12)N1C[C@@H](C)N(C[C@@H]1C)C(=O)CN1CCCC1)-c1cn2ncnc2c(C)c1C	Toll-like receptor 7	0.46	US Patent	7CYN
CC(C)NCC(=O)N1CCN([C@@H](C)C1)c1ccc2[nH]c(c(C(C)C)c2n1)-c1cn2ncnc2c(C)c1C	Toll-like receptor 7	0.46	US Patent	7CYN
CC(C)c1c([nH]c2ccc(nc12)N1CCN(C[C@H]1C)C(=O)CN1CCC1)-c1cn2ncnc2c(C)c1C	Toll-like receptor 7	0.46	US Patent	7CYN
CNC1CCC(CC1)c1ccc2[nH]c(c(C(C)C)c2n1)-c1cn2ncnc2c(C)c1C	Toll-like receptor 7	0.46	US Patent	7CYN
CC(C)c1c([nH]c2ccc(nc12)C1CCC(CC1)NCC1(C)COC1)-c1cn2ncnc2c(C)c1C	Toll-like receptor 7	0.46	US Patent	7CYN
CC(C)c1c([nH]c2cc(F)c(nc12)C1CCN(CC1)C(=O)CN(C)C)-c1cc(C)c2ncnn2c1	Toll-like receptor 7	0.46	US Patent	7CYN
CC(C)c1c([nH]c2ccc(nc12)N1C[C@@H](C)N(C[C@@H]1C)C(=O)CN1CCCC1)-c1cn2ncnc2c(C)c1C	Toll-like receptor 7	0.46	US Patent	7CYN
CNC1CCC(CC1)c1ccc2[nH]c(c(C(C)C)c2n1)-c1cn2ncnc2c(C)c1C	Toll-like receptor 7	0.46	US Patent	7CYN
CC(C)NCC(=O)N1CCN([C@@H](C)C1)c1ccc2[nH]c(c(C(C)C)c2n1)-c1cn2ncnc2c(C)c1C	Toll-like receptor 7	0.46	US Patent	7CYN
CC(C)c1c([nH]c2ccc(nc12)N1CCN(C[C@H]1C)C(=O)CN1CCC1)-c1cn2ncnc2c(C)c1C	Toll-like receptor 7	0.46	US Patent	7CYN
CC(C)c1c([nH]c2ccc(nc12)C1CCC(CC1)NCC1(C)COC1)-c1cn2ncnc2c(C)c1C	Toll-like receptor 7	0.46	US Patent	7CYN
COc1cc(cn2ncnc12)-c1[nH]c2cc(F)c(nc2c1C(C)C)C1CCN(CC1)C(=O)CN(C)C	Toll-like receptor 7	0.46	US Patent	7CYN
CC(C)c1c([nH]c2cc(F)c(nc12)C1CCN(CC1)C(=O)CN(C)C)-c1cc(C)c2ncnn2c1	Toll-like receptor 7	0.46	US Patent	7CYN
CNC1CCC(CC1)c1ccc2[nH]c(c(C(C)C)c2n1)-c1cn2ncnc2c(C)c1C	Toll-like receptor 7	0.46	US Patent	7CYN
CC(C)c1c([nH]c2ccc(nc12)N1C[C@@H](C)N(C[C@@H]1C)C(=O)CN1CCCC1)-c1cn2ncnc2c(C)c1C	Toll-like receptor 7	0.46	US Patent	7CYN
CC(C)NCC(=O)N1CCN([C@@H](C)C1)c1ccc2[nH]c(c(C(C)C)c2n1)-c1cn2ncnc2c(C)c1C	Toll-like receptor 7	0.46	US Patent	7CYN
CC(C)c1c([nH]c2cnc(N3CCC(CC3)NCC(C)(C)O)c(C)c12)-c1cc(C)c2ncnn2c1	Toll-like receptor 7	0.46	US Patent	7CYN
CC(C)c1c([nH]c2cnc(C3CCC(CC3)NCC(C)(C)O)c(F)c12)-c1cc(C)c2ncnn2c1	Toll-like receptor 7	0.46	US Patent	7CYN
CC(C)c1c([nH]c2ccc(nc12)C1CCC(CC1)NCC1(C)COC1)-c1cn2ncnc2c(C)c1C	Toll-like receptor 7	0.46	US Patent	7CYN
CC(C)c1c([nH]c2ccc(nc12)N1CCN(C[C@H]1C)C(=O)CN1CCC1)-c1cn2ncnc2c(C)c1C	Toll-like receptor 7	0.46	US Patent	7CYN
CC(C)c1c([nH]c2ccc(nc12)C1CCC(CC1)N1CCC[C@H]1CO)-c1cn2ncnc2c(C)c1C	Toll-like receptor 7	0.47	US Patent	7CYN
CNC(=O)CN1CCC(CC1)c1ccc2[nH]c(c(C(C)C)c2n1)-c1cn2ncnc2c(C)c1C	Toll-like receptor 7	0.47	US Patent	7CYN
CC(C)c1c([nH]c2ccc(nc12)C1CCC(CC1)N1CCC[C@H]1CO)-c1cn2ncnc2c(C)c1C	Toll-like receptor 7	0.47	US Patent	7CYN
CNC(=O)CN1CCC(CC1)c1ccc2[nH]c(c(C(C)C)c2n1)-c1cn2ncnc2c(C)c1C	Toll-like receptor 7	0.47	US Patent	7CYN
CNC(=O)CN1CCC(CC1)c1ccc2[nH]c(c(C(C)C)c2n1)-c1cn2ncnc2c(C)c1C	Toll-like receptor 7	0.47	US Patent	7CYN
CC(C)c1c([nH]c2ccc(nc12)C1CCC(CC1)N1CCC[C@H]1CO)-c1cn2ncnc2c(C)c1C	Toll-like receptor 7	0.47	US Patent	7CYN
CC(C)c1c([nH]c2ccc(nc12)N1CCN(CC1)C(=O)CN(C)C(C)(C)C)-c1cn2ncnc2c(C)c1C	Toll-like receptor 7	0.48	US Patent	7CYN
CC(C)c1c([nH]c2ccc(nc12)N1C[C@H](C)N(C[C@H]1C)C(=O)CN1CC2(COC2)C1)-c1cn2ncnc2c(C)c1C	Toll-like receptor 7	0.48	US Patent	7CYN
COc1cc(cn2ncnc12)-c1[nH]c2ccc(nc2c1C(C)C)C1CCC(CC1)NC1COC1	Toll-like receptor 7	0.48	US Patent	7CYN
CC(C)c1c([nH]c2ccc(nc12)C1CCC(CC1)NCC(=O)N(C)C)-c1cn(C)c2ncccc12	Toll-like receptor 7	0.48	US Patent	7CYN
CC(C)c1c([nH]c2ccc(nc12)C1CCC(CC1)N1CC2(COC2)C1)-c1cc(C)c2ncnn2c1	Toll-like receptor 7	0.48	US Patent	7CYN
CC(C)c1c([nH]c2ccc(nc12)C1CCC(CC1)NC1CCOCC1)-c1cn2ncnc2c(C)c1C	Toll-like receptor 7	0.48	US Patent	7CYN
COc1cc(cn2ncnc12)-c1[nH]c2ccc(nc2c1C(C)C)C1CCC(CC1)NC1COC1	Toll-like receptor 7	0.48	US Patent	7CYN
CC(C)c1c([nH]c2ccc(nc12)C1CCC(CC1)NCC(=O)N(C)C)-c1cn(C)c2ncccc12	Toll-like receptor 7	0.48	US Patent	7CYN
CC(C)c1c([nH]c2ccc(nc12)C1CCC(CC1)N1CC2(COC2)C1)-c1cc(C)c2ncnn2c1	Toll-like receptor 7	0.48	US Patent	7CYN
CC(C)c1c([nH]c2ccc(nc12)C1CCC(CC1)NC1CCOCC1)-c1cn2ncnc2c(C)c1C	Toll-like receptor 7	0.48	US Patent	7CYN
CC(C)c1c([nH]c2ccc(nc12)N1CCN(CC1)C(=O)CN(C)C(C)(C)C)-c1cn2ncnc2c(C)c1C	Toll-like receptor 7	0.48	US Patent	7CYN
CC(C)c1c([nH]c2ccc(nc12)N1C[C@H](C)N(C[C@H]1C)C(=O)CN1CC2(COC2)C1)-c1cn2ncnc2c(C)c1C	Toll-like receptor 7	0.48	US Patent	7CYN
CC(C)c1c([nH]c2ccc(nc12)N1CCN(CC1)C(=O)CN(C)C(C)(C)C)-c1cn2ncnc2c(C)c1C	Toll-like receptor 7	0.48	US Patent	7CYN
CC(C)c1c([nH]c2ccc(nc12)C1CCC(CC1)NCC(=O)N(C)C)-c1cn(C)c2ncccc12	Toll-like receptor 7	0.48	US Patent	7CYN
CC(C)c1c([nH]c2ccc(nc12)C1CCC(CC1)N1CC2(COC2)C1)-c1cc(C)c2ncnn2c1	Toll-like receptor 7	0.48	US Patent	7CYN
COc1cc(cn2ncnc12)-c1[nH]c2ccc(nc2c1C(C)C)C1CCC(CC1)NC1COC1	Toll-like receptor 7	0.48	US Patent	7CYN
CC(C)c1c([nH]c2ccc(nc12)C1CCC(CC1)NC1CCOCC1)-c1cn2ncnc2c(C)c1C	Toll-like receptor 7	0.48	US Patent	7CYN
CC(C)c1c([nH]c2ccc(nc12)N1C[C@H](C)N(C[C@H]1C)C(=O)CN1CC2(COC2)C1)-c1cn2ncnc2c(C)c1C	Toll-like receptor 7	0.48	US Patent	7CYN
CC(C)c1c([nH]c2ccc(nc12)N1CCN(C[C@H]1C)C(=O)CCN(C)C)-c1cn2ncnc2c(C)c1C	Toll-like receptor 7	0.49	US Patent	7CYN
CC(C)c1c([nH]c2ccc(nc12)C1CCC(CC1)N1CC(C)(O)C1)-c1cn2ncnc2c(C)c1C	Toll-like receptor 7	0.49	US Patent	7CYN
CC(C)c1c([nH]c2ccc(nc12)N1CCC(N)CC1)-c1cn2ncnc2c(C)c1C	Toll-like receptor 7	0.49	US Patent	7CYN
CC(C)c1c([nH]c2ccc(nc12)N1CCN(C[C@H]1C)C(=O)CCN(C)C)-c1cn2ncnc2c(C)c1C	Toll-like receptor 7	0.49	US Patent	7CYN
CC(C)c1c([nH]c2ccc(nc12)C1CCC(CC1)N1CC(C)(O)C1)-c1cn2ncnc2c(C)c1C	Toll-like receptor 7	0.49	US Patent	7CYN
CC(C)c1c([nH]c2ccc(nc12)N1CCC(N)CC1)-c1cn2ncnc2c(C)c1C	Toll-like receptor 7	0.49	US Patent	7CYN
CC(C)c1c([nH]c2ccc(nc12)N1CCC(N)CC1)-c1cn2ncnc2c(C)c1C	Toll-like receptor 7	0.49	US Patent	7CYN
CC(C)c1c([nH]c2ccc(nc12)N1CCN(C[C@H]1C)C(=O)CCN(C)C)-c1cn2ncnc2c(C)c1C	Toll-like receptor 7	0.49	US Patent	7CYN
COCCNC1CCN(CC1)c1ncc2[nH]c(c(C(C)C)c2c1F)-c1cc(OC)c2ncnn2c1	Toll-like receptor 7	0.49	US Patent	7CYN
CC(C)c1c([nH]c2ccc(nc12)C1CCC(CC1)N1CC(C)(O)C1)-c1cn2ncnc2c(C)c1C	Toll-like receptor 7	0.49	US Patent	7CYN
COc1cc(cn2ncnc12)-c1[nH]c2cnc(N3CCC(CC3)NC3CCOCC3)c(C)c2c1C(C)C	Toll-like receptor 7	0.49	US Patent	7CYN
CO[C@H]1CN[C@@H](C1)C(=O)N1CCC(CC1)c1ccc2[nH]c(c(C(C)C)c2c1)-c1cc(C)c2ncnn2c1	Toll-like receptor 7	0.5	US Patent	7CYN
CC(C)c1c([nH]c2ccc(cc12)C1CCN(CC1)C(=O)CN(C)C)-c1cn2ncnc2c(Cl)c1C	Toll-like receptor 7	0.5	US Patent	7CYN
CC(C)c1c([nH]c2ccc(cc12)C1CCN(CC1)C(=O)CN1CCC(O)C1)-c1cn2ncnc2c(C)c1C	Toll-like receptor 7	0.5	US Patent	7CYN
CC(C)c1c([nH]c2ccc(cc12)C1CCN(CC1)C(=O)CN1CC[C@H](O)C1)-c1cc(C)c2ncnn2c1	Toll-like receptor 7	0.5	US Patent	7CYN
CC(C)c1c([nH]c2ccc(cc12)C1CCN(CC(=O)N2CCS(=O)(=O)C2)CC1)-c1cc(C)c2ncnn2c1	Toll-like receptor 7	0.5	US Patent	7CYN
CC(C)c1c([nH]c2ccc(cc12)C1CCN(CC(=O)N2CCS(=O)(=O)CC2)CC1)-c1cc(C)c2nc(C)nn2c1	Toll-like receptor 7	0.5	US Patent	7CYN
COc1cc(cn2ncnc12)-c1[nH]c2ccc(cc2c1C(C)C)C1CCN(CC(=O)N2CC[C@@H](F)C2)CC1	Toll-like receptor 7	0.5	US Patent	7CYN
COc1cc(cn2ncnc12)-c1[nH]c2ccc(cc2c1C(C)C)C1CCN(CC(=O)N2CCC2)CC1	Toll-like receptor 7	0.5	US Patent	7CYN
COc1cc(cn2ncnc12)-c1[nH]c2ccc(cc2c1C(C)C)C1CCN(CC(=O)N2CCC(F)(F)C2)CC1	Toll-like receptor 7	0.5	US Patent	7CYN
COc1cc(cn2ncnc12)-c1[nH]c2ccc(cc2c1C(C)C)C1CCNCC1	Toll-like receptor 7	0.5	US Patent	7CYN
CCCCN1CCC(CC1)c1ccc2[nH]c(c(C(C)C)c2c1)-c1cc(C)c2ncnn2c1	Toll-like receptor 7	0.5	US Patent	7CYN
CC(C)c1c([nH]c2ccc(cc12)C1CCN(Cc2c[nH]nn2)CC1)-c1cc(C)c2ncnn2c1	Toll-like receptor 7	0.5	US Patent	7CYN
CC(C)c1c([nH]c2ccc(cc12)C1CCN(CC1)C1CCOCC1)-c1cc(C)c2ncnn2c1	Toll-like receptor 7	0.5	US Patent	7CYN
CC(C)c1c([nH]c2ccc(cc12)C1CCN(CC1)C(=O)OCCCN)-c1cn2ncnc2c(C)c1C	Toll-like receptor 7	0.5	US Patent	7CYN
CC(C)c1c([nH]c2ccc(cc12)C1CCN(CC(=O)N(C)C)CC1)-c1cn2ncnc2c(C)c1C	Toll-like receptor 7	0.5	US Patent	7CYN
CC(C)c1c([nH]c2ccc(cc12)C1CCN(CC1)C(=O)CN(C)C)-c1cc(C)c2ncnn2c1	Toll-like receptor 7	0.5	US Patent	7CYN
CC(C)c1c([nH]c2ccc(cc12)C1CCN(CC(=O)N2CCC[C@@H](O)C2)CC1)-c1cc(C)c2ncnn2c1	Toll-like receptor 7	0.5	US Patent	7CYN
COc1cc(cn2ncnc12)-c1[nH]c2ccc(C3CCN(CC(=O)N(C)C)CC3)c(F)c2c1C(C)C	Toll-like receptor 7	0.5	US Patent	7CYN
CNS(=O)(=O)CCN1CCC(CC1)c1ccc2[nH]c(c(C(C)C)c2c1)-c1cc(C)c2ncnn2c1	Toll-like receptor 7	0.5	US Patent	7CYN
CC(C)c1c([nH]c2ccc(cc12)C1CCN(CCNS(C)(=O)=O)CC1)-c1cc(C)c2ncnn2c1	Toll-like receptor 7	0.5	US Patent	7CYN
CC(C)c1c([nH]c2ccc(cc12)C1CCN(CC(=O)N(C)C)CC1)-c1cc(C)c2ncnn2c1	Toll-like receptor 7	0.5	US Patent	7CYN
CC(C)c1c([nH]c2ccc(cc12)C1CCN(CC(C)(C)O)CC1)-c1cc(Cl)c2nc(C)nn2c1	Toll-like receptor 7	0.5	US Patent	7CYN
COc1cc(cn2ncnc12)-c1[nH]c2ccc(cc2c1C(C)C)C1CCN(CC1)C(C)CS(C)(=O)=O	Toll-like receptor 7	0.5	US Patent	7CYN
CC(C)c1c([nH]c2ccc(cc12)C1CCN(CC(=O)N(C)C)CC1)-c1cn2ncnc2c(Cl)c1C	Toll-like receptor 7	0.5	US Patent	7CYN
CCc1cc(cn2ncnc12)-c1[nH]c2ccc(cc2c1C(C)C)C1CCN(CC(=O)N(C)C)CC1	Toll-like receptor 7	0.5	US Patent	7CYN
CC(C)c1c([nH]c2ccc(cc12)C1CCN(Cc2cc(C)n[nH]2)CC1)-c1cc(C)c2ncnn2c1	Toll-like receptor 7	0.5	US Patent	7CYN
CC(C)c1c([nH]c2ccc(cc12)C1CCN(Cc2cccnn2)CC1)-c1cc(C)c2ncnn2c1	Toll-like receptor 7	0.5	US Patent	7CYN
CC(C)c1c([nH]c2ccc(cc12)C1CCN(CCN2CCCS2(=O)=O)CC1)-c1cn2ncnc2c(C)c1C	Toll-like receptor 7	0.5	US Patent	7CYN
CC(C)c1c([nH]c2ccc(cc12)C1CCN(CC1)C1CC(C1)NC(=O)OC(C)(C)C)-c1cc(C)c2ncnn2c1	Toll-like receptor 7	0.5	US Patent	7CYN
CC(C)c1c([nH]c2ccc(cc12)C1CCN(CC1)C1CC(C1)NC(=O)OC(C)(C)C)-c1cc(C)c2ncnn2c1	Toll-like receptor 7	0.5	US Patent	7CYN
CO[C@H]1CN[C@@H](C1)C(=O)N1CCC(CC1)c1ccc2[nH]c(c(C(C)C)c2c1)-c1cc(C)c2ncnn2c1	Toll-like receptor 7	0.5	US Patent	7CYN
CC(C)c1c([nH]c2ccc(nc12)N1CCN([C@@H](C)C1)C(=O)CN(C)C)-c1cn2ncnc2c(C)c1C	Toll-like receptor 7	0.5	US Patent	7CYN
CC(C)c1c([nH]c2ccc(cc12)C1CCN(CC1)C(=O)CN(C)C)-c1cn2ncnc2c(Cl)c1C	Toll-like receptor 7	0.5	US Patent	7CYN
CC(C)c1c([nH]c2ccc(cc12)C1CCN(CC1)C(=O)CN1CCC(O)C1)-c1cn2ncnc2c(C)c1C	Toll-like receptor 7	0.5	US Patent	7CYN
CCN(C)CC(=O)N1CCN(C[C@H]1C)c1ccc2[nH]c(c(C(C)C)c2n1)-c1cn2ncnc2c(C)c1N	Toll-like receptor 7	0.5	US Patent	7CYN
CC(C)c1c([nH]c2ccc(cc12)C1CCN(CC1)C(=O)CN1CC[C@H](O)C1)-c1cc(C)c2ncnn2c1	Toll-like receptor 7	0.5	US Patent	7CYN
CC(C)c1c([nH]c2ccc(cc12)C1CCN(CC(=O)N2CCS(=O)(=O)C2)CC1)-c1cc(C)c2ncnn2c1	Toll-like receptor 7	0.5	US Patent	7CYN
CC(C)c1c([nH]c2ccc(cc12)C1CCN(CC(=O)N2CCS(=O)(=O)CC2)CC1)-c1cc(C)c2nc(C)nn2c1	Toll-like receptor 7	0.5	US Patent	7CYN
CC(C)c1c([nH]c2ccc(nc12)C1CCC(CC1)N1CCC2(COC2)C1)-c1cn2ncnc2c(C)c1C	Toll-like receptor 7	0.5	US Patent	7CYN
COc1cc(cn2ncnc12)-c1[nH]c2ccc(cc2c1C(C)C)C1CCN(CC(=O)N2CC[C@@H](F)C2)CC1	Toll-like receptor 7	0.5	US Patent	7CYN
COc1cc(cn2ncnc12)-c1[nH]c2ccc(cc2c1C(C)C)C1CCN(CC(=O)N2CCC2)CC1	Toll-like receptor 7	0.5	US Patent	7CYN
COc1cc(cn2ncnc12)-c1[nH]c2ccc(cc2c1C(C)C)C1CCN(CC(=O)N2CCC(F)(F)C2)CC1	Toll-like receptor 7	0.5	US Patent	7CYN
CC(C)c1c([nH]c2ccc(cc12)C1CCN(CC1)C(=O)OCCCN)-c1cn2ncnc2c(C)c1C	Toll-like receptor 7	0.5	US Patent	7CYN
COc1cc(cn2ncnc12)-c1[nH]c2ccc(C3CCN(CC(=O)N(C)C)CC3)c(F)c2c1C(C)C	Toll-like receptor 7	0.5	US Patent	7CYN
COc1cc(cn2ncnc12)-c1[nH]c2ccc(cc2c1C(C)C)C1CCNCC1	Toll-like receptor 7	0.5	US Patent	7CYN
CCCCN1CCC(CC1)c1ccc2[nH]c(c(C(C)C)c2c1)-c1cc(C)c2ncnn2c1	Toll-like receptor 7	0.5	US Patent	7CYN
CC(C)c1c([nH]c2ccc(cc12)C1CCN(Cc2c[nH]nn2)CC1)-c1cc(C)c2ncnn2c1	Toll-like receptor 7	0.5	US Patent	7CYN
CC(C)c1c([nH]c2ccc(cc12)C1CCN(CC1)C1CCOCC1)-c1cc(C)c2ncnn2c1	Toll-like receptor 7	0.5	US Patent	7CYN
CC(C)c1c([nH]c2ccc(cc12)C1CCN(CC(=O)N(C)C)CC1)-c1cn2ncnc2c(C)c1C	Toll-like receptor 7	0.5	US Patent	7CYN
CC(C)c1c([nH]c2ccc(cc12)C1CCN(CC1)C(=O)CN(C)C)-c1cc(C)c2ncnn2c1	Toll-like receptor 7	0.5	US Patent	7CYN
CC(C)c1c([nH]c2ccc(cc12)C1CCN(CC(=O)N2CCC[C@@H](O)C2)CC1)-c1cc(C)c2ncnn2c1	Toll-like receptor 7	0.5	US Patent	7CYN
CNS(=O)(=O)CCN1CCC(CC1)c1ccc2[nH]c(c(C(C)C)c2c1)-c1cc(C)c2ncnn2c1	Toll-like receptor 7	0.5	US Patent	7CYN
CC(C)c1c([nH]c2ccc(cc12)C1CCN(CCNS(C)(=O)=O)CC1)-c1cc(C)c2ncnn2c1	Toll-like receptor 7	0.5	US Patent	7CYN
CC(C)c1c([nH]c2ccc(cc12)C1CCN(CC(=O)N(C)C)CC1)-c1cc(c2ncnn2c1)C(F)(F)F	Toll-like receptor 7	0.5	US Patent	7CYN
CC(C)c1c([nH]c2ccc(cc12)C1CCN(CC(C)(C)O)CC1)-c1cc(c2ncnn2c1)C(F)(F)F	Toll-like receptor 7	0.5	US Patent	7CYN
COc1cc(cn2ncnc12)-c1[nH]c2ccc(cc2c1C(C)C)C1CCN(CC1)C(C)CS(C)(=O)=O	Toll-like receptor 7	0.5	US Patent	7CYN
CC(C)c1c([nH]c2ccc(cc12)C1CCN(CC(=O)N(C)C)CC1)-c1cn2ncnc2c(Cl)c1C	Toll-like receptor 7	0.5	US Patent	7CYN
CCc1cc(cn2ncnc12)-c1[nH]c2ccc(cc2c1C(C)C)C1CCN(CC(=O)N(C)C)CC1	Toll-like receptor 7	0.5	US Patent	7CYN
CC(C)c1c([nH]c2ccc(nc12)C1CCN(CC(=O)N(C)C)CC1)-c1cc(C)c2ncnn2c1	Toll-like receptor 7	0.5	US Patent	7CYN
CC(C)c1c([nH]c2ccc(cc12)C1CCN(Cc2cc(C)n[nH]2)CC1)-c1cc(C)c2ncnn2c1	Toll-like receptor 7	0.5	US Patent	7CYN
CC(C)c1c([nH]c2ccc(cc12)C1CCN(Cc2cccnn2)CC1)-c1cc(C)c2ncnn2c1	Toll-like receptor 7	0.5	US Patent	7CYN
CC(C)c1c([nH]c2ccc(cc12)C1CCN(CCN2CCCS2(=O)=O)CC1)-c1cn2ncnc2c(C)c1C	Toll-like receptor 7	0.5	US Patent	7CYN
CC(C)c1c([nH]c2ccc(cc12)C1CCN(CC1)C(=O)CN(C)C)-c1cc(C)nc(C)c1F	Toll-like receptor 7	0.5	US Patent	7CYN
CC(C)c1c([nH]c2ccc(C3CCNCC3)c(F)c12)-c1cc(C)nc(C)c1	Toll-like receptor 7	0.5	US Patent	7CYN
CC(C)c1c([nH]c2ccc(cc12)C1CCN(CC1)C(=O)CNC(C)=O)-c1cc(C)nc(C)c1	Toll-like receptor 7	0.5	US Patent	7CYN
CC(C)c1c([nH]c2ccc(nc12)C1CCN(CC(=O)N(C)C)CC1)-c1cc(C)c2ncnn2c1	Toll-like receptor 7	0.5	US Patent	7CYN
CC(C)c1c([nH]c2ccc(nc12)N1CCN([C@@H](C)C1)C(=O)CN(C)C)-c1cn2ncnc2c(C)c1C	Toll-like receptor 7	0.5	US Patent	7CYN
CCN(C)CC(=O)N1CCN(C[C@H]1C)c1ccc2[nH]c(c(C(C)C)c2n1)-c1cn2ncnc2c(C)c1N	Toll-like receptor 7	0.5	US Patent	7CYN
CC(C)c1c([nH]c2ccc(nc12)C1CCC(CC1)N1CCC2(COC2)C1)-c1cn2ncnc2c(C)c1C	Toll-like receptor 7	0.5	US Patent	7CYN
CC(C)c1c([nH]c2ccc(nc12)C1CCN(CC(=O)N(C)C)CC1)-c1cc(C)c2ncnn2c1	Toll-like receptor 7	0.5	US Patent	7CYN
CC(C)c1c([nH]c2cnc(N3CCC(CC3)N3CC4(COC4)C3)c(C)c12)-c1cc(C)c2ncnn2c1	Toll-like receptor 7	0.5	US Patent	7CYN
CC(C)c1c([nH]c2cnc(N3CCC(CC3)NC3COC3)c(F)c12)-c1cc(C)c2ncnn2c1	Toll-like receptor 7	0.5	US Patent	7CYN
CC(C)c1c([nH]c2ccc(nc12)N1CCN([C@@H](C)C1)C(=O)CN(C)C)-c1cn2ncnc2c(C)c1C	Toll-like receptor 7	0.5	US Patent	7CYN
CCN(C)CC(=O)N1CCN(C[C@H]1C)c1ccc2[nH]c(c(C(C)C)c2n1)-c1cn2ncnc2c(C)c1N	Toll-like receptor 7	0.5	US Patent	7CYN
CC(C)c1c([nH]c2ccc(nc12)C1CCC(CC1)N1CCC2(COC2)C1)-c1cn2ncnc2c(C)c1C	Toll-like receptor 7	0.5	US Patent	7CYN
CCN(C)CC(=O)NC12CCC(Cn3nc(C)c4CN(CCc34)c3cc(C)nc4n(C)ncc34)(CC1)CC2	Toll-like receptor 7	0.5	ChEMBL	7CYN
CC(C)c1c([nH]c2ccc(nc12)N1CCN(CC1)C(=O)[C@H](C)N(C)C)-c1cn2ncnc2c(C)c1C	Toll-like receptor 7	0.51	US Patent	7CYN
CC(C)c1c([nH]c2ccc(nc12)N1CCN(C[C@@H]1C)C(=O)CN(C)C(C)(C)C)-c1cn2ncnc2c(C)c1C	Toll-like receptor 7	0.51	US Patent	7CYN
COc1cc(cn2ncnc12)-c1[nH]c2ccc(nc2c1C(C)C)N1CCNCC1	Toll-like receptor 7	0.51	US Patent	7CYN
COc1cc(cn2ncnc12)-c1[nH]c2ccc(nc2c1C(C)C)N1CCN(CC1)C(=O)CCN(C)C	Toll-like receptor 7	0.51	US Patent	7CYN
CC(C)c1c([nH]c2ccc(nc12)N1CCN(CC1)C(=O)[C@H](C)N(C)C)-c1cn2ncnc2c(C)c1C	Toll-like receptor 7	0.51	US Patent	7CYN
CC(C)c1c([nH]c2ccc(nc12)N1CCN(C[C@@H]1C)C(=O)CN(C)C(C)(C)C)-c1cn2ncnc2c(C)c1C	Toll-like receptor 7	0.51	US Patent	7CYN
COc1cc(cn2ncnc12)-c1[nH]c2ccc(nc2c1C(C)C)N1CCNCC1	Toll-like receptor 7	0.51	US Patent	7CYN
COc1cc(cn2ncnc12)-c1[nH]c2ccc(nc2c1C(C)C)N1CCN(CC1)C(=O)CCN(C)C	Toll-like receptor 7	0.51	US Patent	7CYN
CC(C)c1c([nH]c2ccc(nc12)N1CCN(CC1)C(=O)[C@H](C)N(C)C)-c1cn2ncnc2c(C)c1C	Toll-like receptor 7	0.51	US Patent	7CYN
CC(C)c1c([nH]c2ccc(nc12)N1CCN(C[C@@H]1C)C(=O)CN(C)C(C)(C)C)-c1cn2ncnc2c(C)c1C	Toll-like receptor 7	0.51	US Patent	7CYN
COc1cc(cn2ncnc12)-c1[nH]c2ccc(nc2c1C(C)C)N1CCN(CC1)C(=O)CCN(C)C	Toll-like receptor 7	0.51	US Patent	7CYN
COc1cc(cn2ncnc12)-c1[nH]c2ccc(nc2c1C(C)C)N1CCNCC1	Toll-like receptor 7	0.51	US Patent	7CYN
COc1cc(cn2ncnc12)-c1[nH]c2cnc(C3CCC(CC3)N3CC4(COC4)C3)c(F)c2c1C(C)C	Toll-like receptor 7	0.51	US Patent	7CYN
CC(C)c1c([nH]c2ccc(nc12)N1C[C@@H](C)N(C[C@@H]1C)C(=O)CCN(C)C)-c1cn2ncnc2c(C)c1C	Toll-like receptor 7	0.52	US Patent	7CYN
CC(C)c1c([nH]c2ccc(nc12)N1[C@H](C)CN(C[C@H]1C)C(=O)CN(C)C)-c1cn2ncnc2c(C)c1C	Toll-like receptor 7	0.52	US Patent	7CYN
CCN(C)CC(=O)N1C[C@@H](C)N(C[C@@H]1C)c1ccc2[nH]c(c(C(C)C)c2n1)-c1cn2ncnc2c(C)c1C	Toll-like receptor 7	0.52	US Patent	7CYN
CC(C)c1c([nH]c2ccc(nc12)N1C[C@@H](C)N(C[C@@H]1C)C(=O)CCN(C)C)-c1cn2ncnc2c(C)c1C	Toll-like receptor 7	0.52	US Patent	7CYN
CC(C)c1c([nH]c2ccc(nc12)N1[C@H](C)CN(C[C@H]1C)C(=O)CN(C)C)-c1cn2ncnc2c(C)c1C	Toll-like receptor 7	0.52	US Patent	7CYN
CCN(C)CC(=O)N1C[C@@H](C)N(C[C@@H]1C)c1ccc2[nH]c(c(C(C)C)c2n1)-c1cn2ncnc2c(C)c1C	Toll-like receptor 7	0.52	US Patent	7CYN
CC(C)c1c([nH]c2ccc(nc12)N1C[C@@H](C)N(C[C@@H]1C)C(=O)CCN(C)C)-c1cn2ncnc2c(C)c1C	Toll-like receptor 7	0.52	US Patent	7CYN
CCN(C)CC(=O)N1C[C@@H](C)N(C[C@@H]1C)c1ccc2[nH]c(c(C(C)C)c2n1)-c1cn2ncnc2c(C)c1C	Toll-like receptor 7	0.52	US Patent	7CYN
CC(C)c1c([nH]c2ccc(nc12)N1[C@H](C)CN(C[C@H]1C)C(=O)CN(C)C)-c1cn2ncnc2c(C)c1C	Toll-like receptor 7	0.52	US Patent	7CYN
CC(C)c1c([nH]c2cnc(C3CCC(CC3)N3CC4(COC4)C3)c(F)c12)-c1cc(C)c2ncnn2c1	Toll-like receptor 7	0.52	US Patent	7CYN
CC(C)c1c([nH]c2ccc(nc12)N1CCN(C[C@@H]1C)C(=O)CN1CCCC1)-c1cn2ncnc2c(C)c1C	Toll-like receptor 7	0.53	US Patent	7CYN
CC(C)c1c([nH]c2ccc(nc12)N1CCN([C@H](C)C1)C(=O)CN(C)N)-c1cn2ncnc2c(C)c1C	Toll-like receptor 7	0.53	US Patent	7CYN
CNCCC(=O)N1C[C@H](C)N(C[C@H]1C)c1ccc2[nH]c(c(C(C)C)c2n1)-c1cn2ncnc2c(C)c1C	Toll-like receptor 7	0.53	US Patent	7CYN
CC(C)c1c([nH]c2ccc(nc12)C1CCC(CC1)NCCS(C)(=O)=O)-c1cn(C)c2ncncc12	Toll-like receptor 7	0.53	US Patent	7CYN
CC(C)c1c([nH]c2cc(C)c(nc12)C1CCN(CC1)C1COC1)-c1cc(C)c2ncnn2c1	Toll-like receptor 7	0.53	US Patent	7CYN
CC(C)c1c([nH]c2ccc(nc12)C1CCC(CC1)NCCS(C)(=O)=O)-c1cn(C)c2ncncc12	Toll-like receptor 7	0.53	US Patent	7CYN
CC(C)c1c([nH]c2ccc(nc12)N1CCN(C[C@@H]1C)C(=O)CN1CCCC1)-c1cn2ncnc2c(C)c1C	Toll-like receptor 7	0.53	US Patent	7CYN
CC(C)c1c([nH]c2ccc(nc12)N1CCN([C@H](C)C1)C(=O)CN(C)C)-c1cn2ncnc2c(C)c1C	Toll-like receptor 7	0.53	US Patent	7CYN
CC(C)c1c([nH]c2cc(C)c(nc12)C1CCN(CC1)C1COC1)-c1cc(C)c2ncnn2c1	Toll-like receptor 7	0.53	US Patent	7CYN
CNCCC(=O)N1C[C@H](C)N(C[C@H]1C)c1ccc2[nH]c(c(C(C)C)c2n1)-c1cn2ncnc2c(C)c1C	Toll-like receptor 7	0.53	US Patent	7CYN
CC(C)c1c([nH]c2ccc(nc12)C1CCC(CC1)NCCS(C)(=O)=O)-c1cn(C)c2ncncc12	Toll-like receptor 7	0.53	US Patent	7CYN
CC(C)c1c([nH]c2cc(C)c(nc12)C1CCN(CC1)C1COC1)-c1c[nH]\c(=N/C=N)c(C)c1	Toll-like receptor 7	0.53	US Patent	7CYN
CC(C)c1c([nH]c2ccc(nc12)N1CCN([C@H](C)C1)C(=O)CN(C)C)-c1cn2ncnc2c(C)c1C	Toll-like receptor 7	0.53	US Patent	7CYN
CNCCC(=O)N1C[C@H](C)N(C[C@H]1C)c1ccc2[nH]c(c(C(C)C)c2n1)-c1cn2ncnc2c(C)c1C	Toll-like receptor 7	0.53	US Patent	7CYN
CC(C)c1c([nH]c2ccc(nc12)N1CCN(C[C@@H]1C)C(=O)CN1CCCC1)-c1cn2ncnc2c(C)c1C	Toll-like receptor 7	0.53	US Patent	7CYN
CC(C)c1c([nH]c2cnc(N3CCC(CC3)NC3COC3)c(C)c12)-c1cc(C)c2ncnn2c1	Toll-like receptor 7	0.53	US Patent	7CYN
CC(C)c1c([nH]c2ccc(nc12)N1C[C@@H](C)N(C[C@@H]1C)C(=O)CCN1CCC(F)C1)-c1cn2ncnc2c(C)c1C	Toll-like receptor 7	0.54	US Patent	7CYN
COc1cc(cn2ncnc12)-c1[nH]c2ccc(nc2c1C(C)C)C1CCC(CC1)N1CC2(C1)CCOC2	Toll-like receptor 7	0.54	US Patent	7CYN
CC(C)c1c([nH]c2ccc(nc12)N1C[C@@H](C)N(C[C@@H]1C)C(=O)CCN1CCC(F)C1)-c1cn2ncnc2c(C)c1C	Toll-like receptor 7	0.54	US Patent	7CYN
COc1cc(cn2ncnc12)-c1[nH]c2ccc(nc2c1C(C)C)C1CCC(CC1)N1CC2(C1)CCOC2	Toll-like receptor 7	0.54	US Patent	7CYN
CC(C)c1c([nH]c2ccc(nc12)N1C[C@@H](C)N(C[C@@H]1C)C(=O)CCN1CCC(F)C1)-c1cn2ncnc2c(C)c1C	Toll-like receptor 7	0.54	US Patent	7CYN
COc1cc(cn2ncnc12)-c1[nH]c2ccc(nc2c1C(C)C)C1CCC(CC1)N1CC2(C1)CCOC2	Toll-like receptor 7	0.54	US Patent	7CYN
CC(C)c1c([nH]c2ccc(nc12)N1C[C@@H](C)N(C[C@@H]1C)C(=O)CCS(C)(=O)=O)-c1cn2ncnc2c(C)c1C	Toll-like receptor 7	0.55	US Patent	7CYN
CCN(C)CC(=O)N1C[C@@H]2CC[C@H](C1)N2c1ccc2[nH]c(c(C(C)C)c2n1)-c1cn2ncnc2c(C)c1C	Toll-like receptor 7	0.55	US Patent	7CYN
CC(C)c1c([nH]c2ccc(nc12)C1CCC(CC1)NCC(=O)N(C)C)-c1cn(C)c2ncncc12	Toll-like receptor 7	0.55	US Patent	7CYN
CC(C)c1c([nH]c2cc(F)c(nc12)C1CCC(CC1)NC1CCOCC1)-c1cn2ncnc2c(C)c1C	Toll-like receptor 7	0.55	US Patent	7CYN
CC(C)c1c([nH]c2ccc(nc12)C1CCC(CC1)NCC(=O)N(C)C)-c1cn(C)c2ncncc12	Toll-like receptor 7	0.55	US Patent	7CYN
CC(C)c1c([nH]c2ccc(nc12)N1C[C@@H](C)N(CCCS(C)(=O)=O)C[C@@H]1C)-c1cn2ncnc2c(C)c1C	Toll-like receptor 7	0.55	US Patent	7CYN
CC(C)c1c([nH]c2cc(F)c(nc12)C1CCC(CC1)NC1CCOCC1)-c1cn2ncnc2c(C)c1C	Toll-like receptor 7	0.55	US Patent	7CYN
CCC[C@H]1CN(CN1c1ccc2[nH]c(c(C(C)C)c2n1)-c1cn2ncnc2c(C)c1C)C(=O)CN(C)CC	Toll-like receptor 7	0.55	US Patent	7CYN
CC(C)c1c([nH]c2cc(F)c(nc12)C1CCC(CC1)NC1CCOCC1)-c1cn2ncnc2c(C)c1C	Toll-like receptor 7	0.55	US Patent	7CYN
CCN(C)C1CCN(CC1)c1ncc2[nH]c(c(C(C)C)c2c1F)-c1cc(C)c2ncnn2c1	Toll-like receptor 7	0.55	US Patent	7CYN
CC(C)c1c([nH]c2ccc(nc12)N1C[C@@H](C)N(CCCS(C)(=O)=O)C[C@@H]1C)-c1cn2ncnc2c(C)c1C	Toll-like receptor 7	0.55	US Patent	7CYN
CC(C)c1c([nH]c2ccc(nc12)C1CCC(CC1)NCC(=O)N(C)C)-c1cn(C)c2ncncc12	Toll-like receptor 7	0.55	US Patent	7CYN
CCN(C)CC(=O)N1C[C@@H]2CC[C@H](C1)N2c1ccc2[nH]c(c(C(C)C)c2n1)-c1cn2ncnc2c(C)c1C	Toll-like receptor 7	0.55	US Patent	7CYN
CCN(C)CC(=O)N1CCN(CC1)c1ccc2[nH]c(c(C(C)C)c2n1)-c1cn2ncnc2c(C)c1C	Toll-like receptor 7	0.56	US Patent	7CYN
CC(C)c1c([nH]c2ccc(nc12)N1C[C@H](C)N(C[C@H]1C)C(=O)CN1CCCC1)-c1cn2ncnc2c(C)c1C	Toll-like receptor 7	0.56	US Patent	7CYN
CNC1CCN(CC1)c1ccc2[nH]c(c(C(C)C)c2n1)-c1cn2ncnc2c(C)c1C	Toll-like receptor 7	0.56	US Patent	7CYN
CCN(C)CC(=O)N1CCN(CC1)c1ccc2[nH]c(c(C(C)C)c2n1)-c1cn2ncnc2c(C)c1C	Toll-like receptor 7	0.56	US Patent	7CYN
CC(C)c1c([nH]c2ccc(nc12)N1C[C@H](C)N(C[C@H]1C)C(=O)CN1CCCC1)-c1cn2ncnc2c(C)c1C	Toll-like receptor 7	0.56	US Patent	7CYN
CNC1CCN(CC1)c1ccc2[nH]c(c(C(C)C)c2n1)-c1cn2ncnc2c(C)c1C	Toll-like receptor 7	0.56	US Patent	7CYN
COc1cc(cn2ncnc12)-c1[nH]c2cnc(C3CCC(CC3)NC3CCOCC3)c(F)c2c1C(C)C	Toll-like receptor 7	0.56	US Patent	7CYN
CNC1CCN(CC1)c1ccc2[nH]c(c(C(C)C)c2n1)-c1cn2ncnc2c(C)c1C	Toll-like receptor 7	0.56	US Patent	7CYN
CC(C)c1c([nH]c2ccc(nc12)N1C[C@H](C)N(C[C@H]1C)C(=O)CN1CCCC1)-c1cn2ncnc2c(C)c1C	Toll-like receptor 7	0.56	US Patent	7CYN
CCN(C)CC(=O)N1CCN(CC1)c1ccc2[nH]c(c(C(C)C)c2n1)-c1cn2ncnc2c(C)c1C	Toll-like receptor 7	0.56	US Patent	7CYN
CC(C)c1c([nH]c2ccc(nc12)N1CCN(C[C@@H]1C)C(=O)CN(C)C)-c1cn2ncnc2c(C)c1C	Toll-like receptor 7	0.57	US Patent	7CYN
COc1cc(cn2ncnc12)-c1[nH]c2ccc(nc2c1C(C)C)N1CCN(CC1)C(=O)CN(C)C	Toll-like receptor 7	0.57	US Patent	7CYN
CC(C)c1c([nH]c2ccc(nc12)N1CCN(C[C@@H]1C)C(=O)CN(C)C)-c1cn2ncnc2c(C)c1C	Toll-like receptor 7	0.57	US Patent	7CYN
COc1cc(cn2ncnc12)-c1[nH]c2ccc(nc2c1C(C)C)N1CCN(CC1)C(=O)CN(C)C	Toll-like receptor 7	0.57	US Patent	7CYN
COc1cc(cn2ncnc12)-c1[nH]c2ccc(nc2c1C(C)C)N1CCN(CC1)C(=O)CN(C)C	Toll-like receptor 7	0.57	US Patent	7CYN
CC(C)c1c([nH]c2ccc(nc12)N1CCN(C[C@@H]1C)C(=O)CN(C)C)-c1cn2ncnc2c(C)c1C	Toll-like receptor 7	0.57	US Patent	7CYN
CNC(=O)CN1CCC(CC1)c1ccc2[nH]c(c(C(C)C)c2n1)-c1cc(C)c2ncnn2c1	Toll-like receptor 7	0.58	US Patent	7CYN
CNC(=O)CN1CCC(CC1)c1ccc2[nH]c(c(C(C)C)c2n1)-c1cc(C)c2ncnn2c1	Toll-like receptor 7	0.58	US Patent	7CYN
CNC(=O)CN1CCC(CC1)c1ccc2[nH]c(c(C(C)C)c2n1)-c1cc(C)c2ncnn2c1	Toll-like receptor 7	0.58	US Patent	7CYN
COc1cc(cn2ncnc12)-c1[nH]c2cnc(C3CCC(CC3)N(C)C(C)C)c(F)c2c1C(C)C	Toll-like receptor 7	0.58	US Patent	7CYN
CC(C)c1c([nH]c2ccc(nc12)N1C[C@@H](C)NC[C@@H]1C)-c1cn2ncnc2c(C)c1C	Toll-like receptor 7	0.59	US Patent	7CYN
CC(C)c1c([nH]c2ccc(nc12)N1[C@H]2CC[C@@H]1CN(C2)C(=O)CN(C)C)-c1cn2ncnc2c(C)c1C	Toll-like receptor 7	0.59	US Patent	7CYN
CC(C)c1c([nH]c2ccc(nc12)N1CC2(CN(C2)C2CCOCC2)C1)-c1cn2ncnc2c(C)c1C	Toll-like receptor 7	0.59	US Patent	7CYN
COc1cc(cn2ncnc12)-c1[nH]c2ccc(nc2c1C(C)C)C1CCC(CC1)N1CC2(CCO2)C1	Toll-like receptor 7	0.59	US Patent	7CYN
CC(C)c1c([nH]c2ccc(nc12)C1CCC(CC1)NC1CCOCC1)-c1cn(C)c2ncccc12	Toll-like receptor 7	0.59	US Patent	7CYN
CNC1CCC(CC1)c1ccc2[nH]c(-c3cn(C)c4ncncc34)c(C(C)C)c2n1	Toll-like receptor 7	0.59	US Patent	7CYN
CC(C)c1c([nH]c2ccc(nc12)N1C[C@@H](C)NC[C@@H]1C)-c1cn2ncnc2c(C)c1C	Toll-like receptor 7	0.59	US Patent	7CYN
CC(C)c1c([nH]c2ccc(nc12)N1[C@H]2CC[C@@H]1CN(C2)C(=O)CN(C)C)-c1cn2ncnc2c(C)c1C	Toll-like receptor 7	0.59	US Patent	7CYN
CC(C)c1c([nH]c2ccc(nc12)C1CCC(CC1)NC1CCOCC1)-c1cn(C)c2ncccc12	Toll-like receptor 7	0.59	US Patent	7CYN
CNC1CCC(CC1)c1ccc2[nH]c(-c3cn(C)c4ncncc34)c(C(C)C)c2n1	Toll-like receptor 7	0.59	US Patent	7CYN
CC(C)c1c([nH]c2ccc(nc12)N1CC2(CN(C2)C2CCOCC2)C1)-c1cn2ncnc2c(C)c1C	Toll-like receptor 7	0.59	US Patent	7CYN
COc1cc(cn2ncnc12)-c1[nH]c2ccc(nc2c1C(C)C)C1CCC(CC1)N1CC2(CCO2)C1	Toll-like receptor 7	0.59	US Patent	7CYN
CNC1CCC(CC1)c1ccc2[nH]c(-c3cn(C)c4ncncc34)c(C(C)C)c2n1	Toll-like receptor 7	0.59	US Patent	7CYN
CC(C)c1c([nH]c2ccc(nc12)N1C[C@@H](C)NC[C@@H]1C)-c1cn2ncnc2c(C)c1C	Toll-like receptor 7	0.59	US Patent	7CYN
CCCN1CCN([C@H](C)C1)c1ncc2[nH]c(c(C(C)C)c2c1F)-c1cn2ncnc2c(C)c1C	Toll-like receptor 7	0.59	US Patent	7CYN
CC(C)c1c([nH]c2ccc(nc12)N1[C@H]2CC[C@@H]1CN(C2)C(=O)CN(C)C)-c1cn2ncnc2c(C)c1C	Toll-like receptor 7	0.59	US Patent	7CYN
COc1cc(cn2ncnc12)-c1[nH]c2ccc(nc2c1C(C)C)C1CCC(CC1)N1CC2(CCO2)C1	Toll-like receptor 7	0.59	US Patent	7CYN
CC(C)c1c([nH]c2ccc(nc12)C1CCC(CC1)NC1CCOCC1)-c1cn(C)c2ncccc12	Toll-like receptor 7	0.59	US Patent	7CYN
CC(C)c1c([nH]c2ccc(nc12)N1CC2(CN(C2)C2CCOCC2)C1)-c1cn2ncnc2c(C)c1C	Toll-like receptor 7	0.59	US Patent	7CYN
COCC(=O)N1CCC(CC1)c1ccc2[nH]c(c(C(C)C)c2c1)-c1cc(c2ncnn2c1)C(F)(F)F	Toll-like receptor 7	0.6	US Patent	7CYN
CC(C)c1c([nH]c2ccc(cc12)C1CCN(CC1)C(=O)CN(C)C)-c1cc(Cl)c2ncnn2c1	Toll-like receptor 7	0.6	US Patent	7CYN
CC(C)c1c([nH]c2ccc(cc12)C1CCN(CC1)C(=O)CN1CCC(F)(F)C1)-c1cc(C)c2ncnn2c1	Toll-like receptor 7	0.6	US Patent	7CYN
CC(C)c1c([nH]c2ccc(cc12)C1CCN(CC(=O)N(C)C)CC1)-c1cc(C)c2ncnn2c1	Toll-like receptor 7	0.6	US Patent	7CYN
CC(C)c1c([nH]c2ccc(cc12)C1CCN(CC1)C1CCS(=O)(=O)CC1)-c1cc(C)c2ncnn2c1	Toll-like receptor 7	0.6	US Patent	7CYN
CC(C)c1c([nH]c2ccc(cc12)C1CCN(CC1)C(=O)CCC#N)-c1cc(C)c2ncnn2c1	Toll-like receptor 7	0.6	US Patent	7CYN
CC(C)c1c([nH]c2ccc(cc12)C1CCN(CC(=O)N2CCC[C@H](O)C2)CC1)-c1cc(C)c2ncnn2c1	Toll-like receptor 7	0.6	US Patent	7CYN
CC(C)c1c([nH]c2ccc(cc12)C1CCN(CC(=O)N2CC[C@@H](O)C2)CC1)-c1cc(C)c2ncnn2c1	Toll-like receptor 7	0.6	US Patent	7CYN
COCCN1CCN(CC1)C(=O)CN1CCC(CC1)c1ccc2[nH]c(c(C(C)C)c2c1)-c1cc(C)c2ncnn2c1	Toll-like receptor 7	0.6	US Patent	7CYN
CC(C)c1c([nH]c2ccc(cc12)C1CCNCC1)-c1cc(Cl)c2nc(C)nn2c1	Toll-like receptor 7	0.6	US Patent	7CYN
CC(C)c1c([nH]c2ccc(cc12)C1CCN(CCN(C)S(C)(=O)=O)CC1)-c1cn2ncnc2c(C)c1C	Toll-like receptor 7	0.6	US Patent	7CYN
CNC(=O)CN1CCC(CC1)c1ccc2[nH]c(c(C(C)C)c2c1)-c1cc(CO)c2ncnn2c1	Toll-like receptor 7	0.6	US Patent	7CYN
CC(C)c1c([nH]c2ccc(cc12)C1CCN(CCS(C)(=O)=O)CC1)-c1cc(C)c2ncnn2c1	Toll-like receptor 7	0.6	US Patent	7CYN
CC(C)c1c([nH]c2ccc(cc12)C1CCN(CC(C)(C)O)CC1)-c1cc(Cl)c2nc(C)nn2c1	Toll-like receptor 7	0.6	US Patent	7CYN
COc1cc(cn2nc(C)nc12)-c1[nH]c2ccc(cc2c1C(C)C)C1CCN(CC(=O)N(C)C)CC1	Toll-like receptor 7	0.6	US Patent	7CYN
CNC(=O)CN1CCC(CC1)c1ccc2[nH]c(c(C(C)C)c2c1)-c1cc(OC)c2nc(C)nn2c1	Toll-like receptor 7	0.6	US Patent	7CYN
CC(C)c1c([nH]c2ccc(cc12)C1CCN(CC(=O)N(C)C)CC1)-c1cc(Cl)c2ncnn2c1	Toll-like receptor 7	0.6	US Patent	7CYN
CNC(=O)CN1CCC(CC1)c1ccc2[nH]c(c(C(C)C)c2c1)-c1cn2ncnc2c(Cl)c1C	Toll-like receptor 7	0.6	US Patent	7CYN
CC(C)c1c([nH]c2ccc(cc12)C1CCN(CCCCO)CC1)-c1cc(C)c2ncnn2c1	Toll-like receptor 7	0.6	US Patent	7CYN
CC(C)c1c([nH]c2ccc(cc12)C1CCN(Cc2cscn2)CC1)-c1cc(C)c2ncnn2c1	Toll-like receptor 7	0.6	US Patent	7CYN
CC(C)c1c([nH]c2ccc(cc12)C1CCN(CC1)C(C)CS(C)(=O)=O)-c1cc(C)c2ncnn2c1	Toll-like receptor 7	0.6	US Patent	7CYN
CCN1CCC(CC1)c1ccc2[nH]c(c(C(C)C)c2c1)-c1cn2ncnc2c(C)c1C	Toll-like receptor 7	0.6	US Patent	7CYN
CC(C)c1c([nH]c2ccc(cc12)C1CCN(CC1)C1CCOCC1)-c1cc(c2ncnn2c1)C(F)(F)F	Toll-like receptor 7	0.6	US Patent	7CYN
CCc1cc(cn2ncnc12)-c1[nH]c2ccc(cc2c1C(C)C)C1CCN(CC(C)C)CC1	Toll-like receptor 7	0.6	US Patent	7CYN
CC(C)c1c([nH]c2ccc(cc12)C1CCN(CC1)C1CCOCC1)-c1cc(c2ncnn2c1)C(F)(F)F	Toll-like receptor 7	0.6	US Patent	7CYN
CCc1cc(cn2ncnc12)-c1[nH]c2ccc(cc2c1C(C)C)C1CCN(CC(C)C)CC1	Toll-like receptor 7	0.6	US Patent	7CYN
COCC(=O)N1CCC(CC1)c1ccc2[nH]c(c(C(C)C)c2c1)-c1cc(c2ncnn2c1)C(F)(F)F	Toll-like receptor 7	0.6	US Patent	7CYN
CC(C)c1c([nH]c2ccc(nc12)N1CCN(C[C@H]1C)C(=O)CN(C)C)-c1cn2ncnc2c(C)c1C	Toll-like receptor 7	0.6	US Patent	7CYN
CC(C)c1c([nH]c2ccc(cc12)C1CCN(CC1)C(=O)CN(C)C)-c1cc(Cl)c2ncnn2c1	Toll-like receptor 7	0.6	US Patent	7CYN
CC(C)c1c([nH]c2ccc(cc12)C1CCN(CC1)C(=O)CN1CCC(F)(F)C1)-c1cc(C)c2ncnn2c1	Toll-like receptor 7	0.6	US Patent	7CYN
CC(C)c1c([nH]c2ccc(nc12)C1CCC(CC1)NCC1(CC1)S(C)(=O)=O)-c1cn2ncnc2c(C)c1C	Toll-like receptor 7	0.6	US Patent	7CYN
COc1cc(cn2ncnc12)-c1[nH]c2ccc(nc2c1C(C)C)N1CC(N)C1	Toll-like receptor 7	0.6	US Patent	7CYN
CC(C)c1c([nH]c2ccc(nc12)C1CC2(C1)CN(C2)C(=O)CN(C)C)-c1cn2ncnc2c(C)c1C	Toll-like receptor 7	0.6	US Patent	7CYN
COc1cc(cn2ncnc12)-c1[nH]c2ccc(nc2c1C(C)C)C1CCC(CC1)NCC1(CC1)S(C)(=O)=O	Toll-like receptor 7	0.6	US Patent	7CYN
CC(C)c1c([nH]c2ccc(cc12)C1CCN(CC(=O)N(C)C)CC1)-c1cc(C)c2ncnn2c1	Toll-like receptor 7	0.6	US Patent	7CYN
CC(C)c1c([nH]c2ccc(cc12)C1CCN(CC1)C1CCS(=O)(=O)CC1)-c1cc(C)c2ncnn2c1	Toll-like receptor 7	0.6	US Patent	7CYN
CC(C)c1c([nH]c2ccc(cc12)C1CCN(CC1)C(=O)CCC#N)-c1cc(C)c2ncnn2c1	Toll-like receptor 7	0.6	US Patent	7CYN
CC(C)c1c([nH]c2ccc(nc12)C1CCC(CC1)N1CC2(C1)CS(=O)(=O)C2)-c1cn(C)c2ncccc12	Toll-like receptor 7	0.6	US Patent	7CYN
CC(C)c1c([nH]c2ccc(cc12)C1CCN(CC(=O)N2CCC[C@H](O)C2)CC1)-c1cc(C)c2ncnn2c1	Toll-like receptor 7	0.6	US Patent	7CYN
CC(C)c1c([nH]c2ccc(cc12)C1CCN(CC(=O)N2CC[C@@H](O)C2)CC1)-c1cc(C)c2ncnn2c1	Toll-like receptor 7	0.6	US Patent	7CYN
COCCN1CCN(CC1)C(=O)CN1CCC(CC1)c1ccc2[nH]c(c(C(C)C)c2c1)-c1cc(C)c2ncnn2c1	Toll-like receptor 7	0.6	US Patent	7CYN
CC(C)c1c([nH]c2ccc(cc12)C1CCNCC1)-c1cc(Cl)c2nc(C)nn2c1	Toll-like receptor 7	0.6	US Patent	7CYN
COc1cc(cn2ncnc12)-c1[nH]c2cc(C)c(nc2c1C(C)C)C1CCC(CC1)N(C)Cc1ncn(C)n1	Toll-like receptor 7	0.6	US Patent	7CYN
CC(C)c1c([nH]c2ccc(cc12)C1CCN(CCN(C)S(C)(=O)=O)CC1)-c1cn2ncnc2c(C)c1C	Toll-like receptor 7	0.6	US Patent	7CYN
CNC(=O)CN1CCC(CC1)c1ccc2[nH]c(c(C(C)C)c2c1)-c1cc(CO)c2ncnn2c1	Toll-like receptor 7	0.6	US Patent	7CYN
CC(C)c1c([nH]c2ccc(cc12)C1CCN(CCS(C)(=O)=O)CC1)-c1cc(c2ncnn2c1)C(F)(F)F	Toll-like receptor 7	0.6	US Patent	7CYN
CC(C)c1c([nH]c2ccc(cc12)C1CCN(CC(C)(C)O)CC1)-c1cc(Cl)c2nc(C)nn2c1	Toll-like receptor 7	0.6	US Patent	7CYN
COc1cc(cn2nc(C)nc12)-c1[nH]c2ccc(cc2c1C(C)C)C1CCN(CC(=O)N(C)C)CC1	Toll-like receptor 7	0.6	US Patent	7CYN
CNC(=O)CN1CCC(CC1)c1ccc2[nH]c(c(C(C)C)c2c1)-c1cc(OC)c2nc(C)nn2c1	Toll-like receptor 7	0.6	US Patent	7CYN
CC(C)c1c([nH]c2ccc(cc12)C1CCN(CC(=O)N(C)C)CC1)-c1cc(Cl)c2ncnn2c1	Toll-like receptor 7	0.6	US Patent	7CYN
CNC(=O)CN1CCC(CC1)c1ccc2[nH]c(c(C(C)C)c2c1)-c1cn2ncnc2c(Cl)c1C	Toll-like receptor 7	0.6	US Patent	7CYN
CC(C)c1c([nH]c2ccc(cc12)C1CCN(CCCCO)CC1)-c1cc(C)c2ncnn2c1	Toll-like receptor 7	0.6	US Patent	7CYN
CC(C)c1c([nH]c2ccc(cc12)C1CCN(Cc2cscn2)CC1)-c1cc(C)c2ncnn2c1	Toll-like receptor 7	0.6	US Patent	7CYN
CC(C)c1c([nH]c2ccc(cc12)C1CCN(CC1)C(C)CS(C)(=O)=O)-c1cc(C)c2ncnn2c1	Toll-like receptor 7	0.6	US Patent	7CYN
CCN1CCC(CC1)c1ccc2[nH]c(c(C(C)C)c2c1)-c1cn2ncnc2c(C)c1C	Toll-like receptor 7	0.6	US Patent	7CYN
CCN(CC)CCCN1CCC(CC1)c1ccc2[nH]c(c(C(C)C)c2c1)-c1cc(C)nc(C)c1	Toll-like receptor 7	0.6	US Patent	7CYN
CC(c1c([nH]c2ccc(cc12)C1CCNCC1)-c1cc(C)nc(C)c1)C(F)(F)F	Toll-like receptor 7	0.6	US Patent	7CYN
CC(C)c1c([nH]c2ccc(cc12)C1CCN(CC1)C(=O)C(C)(C)N)-c1cc(C)nc(C)c1	Toll-like receptor 7	0.6	US Patent	7CYN
CC(C)c1c([nH]c2ccc(cc12)C1CCN(CC1)C(=O)CNC1CCOC1)-c1cc(C)nc(C)c1	Toll-like receptor 7	0.6	US Patent	7CYN
COc1cc(cn2ncnc12)-c1[nH]c2ccc(nc2c1C(C)C)C1CCC(CC1)NCC1(CC1)S(C)(=O)=O	Toll-like receptor 7	0.6	US Patent	7CYN
CC(C)c1c([nH]c2ccc(nc12)C1CCC(CC1)N1CC2(C1)CS(=O)(=O)C2)-c1cn(C)c2ncccc12	Toll-like receptor 7	0.6	US Patent	7CYN
COc1cc(cn2ncnc12)-c1[nH]c2cc(C)c(nc2c1C(C)C)C1CCC(CC1)N(C)Cc1ncn(C)n1	Toll-like receptor 7	0.6	US Patent	7CYN
CC(C)c1c([nH]c2ccc(nc12)N1CCN(C[C@H]1C)C(=O)CN(C)C)-c1cn2ncnc2c(C)c1C	Toll-like receptor 7	0.6	US Patent	7CYN
CC(C)c1c([nH]c2ccc(nc12)C1CCC(CC1)NCC1(CC1)S(C)(=O)=O)-c1cn2ncnc2c(C)c1C	Toll-like receptor 7	0.6	US Patent	7CYN
CC(C)c1c([nH]c2ccc(nc12)C1CC2(C1)CN(C2)C(=O)CN(C)C)-c1cn2ncnc2c(C)c1C	Toll-like receptor 7	0.6	US Patent	7CYN
COc1cc(cn2ncnc12)-c1[nH]c2ccc(nc2c1C(C)C)N1CC(N)C1	Toll-like receptor 7	0.6	US Patent	7CYN
CC(C)c1c([nH]c2ccc(nc12)C1CC2(C1)CN(C2)C(=O)CN(C)C)-c1cn2ncnc2c(C)c1C	Toll-like receptor 7	0.6	US Patent	7CYN
CC(C)c1c([nH]c2ccc(nc12)C1CCC(CC1)N1CC2(C1)CS(=O)(=O)C2)-c1cn(C)c2ncccc12	Toll-like receptor 7	0.6	US Patent	7CYN
COc1cc(cn2ncnc12)-c1[nH]c2ccc(nc2c1C(C)C)C1CCC(CC1)NCC1(CC1)S(C)(=O)=O	Toll-like receptor 7	0.6	US Patent	7CYN
CC(C)c1c([nH]c2ccc(nc12)C1CCC(CC1)NCC1(CC1)S(C)(=O)=O)-c1cn2ncnc2c(C)c1C	Toll-like receptor 7	0.6	US Patent	7CYN
COc1cc(cn2ncnc12)-c1[nH]c2cc(C)c(nc2c1C(C)C)C1CCC(CC1)N(C)Cc1ncn(C)n1	Toll-like receptor 7	0.6	US Patent	7CYN
CC(C)c1c([nH]c2ccc(nc12)N1CCN(C[C@H]1C)C(=O)CN(C)C)-c1cn2ncnc2c(C)c1C	Toll-like receptor 7	0.6	US Patent	7CYN
COc1cc(cn2ncnc12)-c1[nH]c2ccc(nc2c1C(C)C)N1CC(N)C1	Toll-like receptor 7	0.6	US Patent	7CYN
CC(C)c1c([nH]c2ccc(nc12)N1[C@H]2CC[C@@H]1CN(C2)C(=O)CN1CCCC1)-c1cn2ncnc2c(C)c1C	Toll-like receptor 7	0.61	US Patent	7CYN
COc1cc(cn2ncnc12)-c1[nH]c2ccc(nc2c1C(C)C)C1CCC(CC1)NCC(=O)N(C)C	Toll-like receptor 7	0.61	US Patent	7CYN
CC(C)c1c([nH]c2ccc(nc12)C1CCC(CC1)NCCS(C)(=O)=O)-c1cn2ncnc2c(C)c1C	Toll-like receptor 7	0.61	US Patent	7CYN
COc1cc(cn2ncnc12)-c1[nH]c2ccc(nc2c1C(C)C)C1CCC(CC1)NCC(=O)N(C)C	Toll-like receptor 7	0.61	US Patent	7CYN
CC(C)c1c([nH]c2ccc(nc12)C1CCC(CC1)NCCS(C)(=O)=O)-c1cn2ncnc2c(C)c1C	Toll-like receptor 7	0.61	US Patent	7CYN
CCC[C@H]1CN(CN1c1ccc2[nH]c(c(C(C)C)c2n1)-c1cn2ncnc2c(C)c1C)C(=O)CN1CCCC1	Toll-like receptor 7	0.61	US Patent	7CYN
CC(C)c1c([nH]c2cnc(C3CCC(CC3)N3CCC3)c(F)c12)-c1cc(C)c2ncnn2c1	Toll-like receptor 7	0.61	US Patent	7CYN
CC(C)N(C)C1CCC(CC1)c1ncc2[nH]c(c(C(C)C)c2c1F)-c1cc(C)c2ncnn2c1	Toll-like receptor 7	0.61	US Patent	7CYN
CC(C)c1c([nH]c2ccc(nc12)C1CCC(CC1)NCCS(C)(=O)=O)-c1cn2ncnc2c(C)c1C	Toll-like receptor 7	0.61	US Patent	7CYN
COc1cc(c[nH]\c1=N/C=N)-c1[nH]c2cnc(N3CCNCC3)c(Cl)c2c1C(C)C	Toll-like receptor 7	0.61	US Patent	7CYN
COc1cc(cn2ncnc12)-c1[nH]c2cnc(N3CCNCC3)c(F)c2c1C(C)C	Toll-like receptor 7	0.61	US Patent	7CYN
CC(C)c1c([nH]c2ccc(nc12)N1[C@H]2CC[C@@H]1CN(C2)C(=O)CN1CCCC1)-c1cn2ncnc2c(C)c1C	Toll-like receptor 7	0.61	US Patent	7CYN
COc1cc(cn2ncnc12)-c1[nH]c2ccc(nc2c1C(C)C)C1CCC(CC1)NCC(=O)N(C)C	Toll-like receptor 7	0.61	US Patent	7CYN
CNC(=O)CNC1CCC(C1)c1ccc2[nH]c(c(C(C)C)c2n1)-c1cc(OC)c2ncnn2c1	Toll-like receptor 7	0.62	US Patent	7CYN
CNCC(=O)N1CCN(CC1)c1ccc2[nH]c(c(C(C)C)c2n1)-c1cn2ncnc2c(C)c1C	Toll-like receptor 7	0.62	US Patent	7CYN
CC(C)c1c([nH]c2ccc(nc12)N1C[C@@H](C)N(C[C@@H]1C)C(=O)CCN1CCC1)-c1cn2ncnc2c(C)c1C	Toll-like receptor 7	0.62	US Patent	7CYN
CC(C)c1c([nH]c2ccc(nc12)N1CCC(CC1)NCCS(C)(=O)=O)-c1cn(C)c2ncccc12	Toll-like receptor 7	0.62	US Patent	7CYN
CC(C)c1c([nH]c2ccc(nc12)C1CCNCC1)-c1cn2ncnc2c(C)c1C	Toll-like receptor 7	0.62	US Patent	7CYN
CNCC(=O)N1CCN(CC1)c1ccc2[nH]c(c(C(C)C)c2n1)-c1cn2ncnc2c(C)c1C	Toll-like receptor 7	0.62	US Patent	7CYN
CC(C)c1c([nH]c2ccc(nc12)C1CCNCC1)-c1cn2ncnc2c(C)c1C	Toll-like receptor 7	0.62	US Patent	7CYN
CC(C)c1c([nH]c2ccc(nc12)N1C[C@@H](C)N(C[C@@H]1C)C(=O)CCN1CCC1)-c1cn2ncnc2c(C)c1C	Toll-like receptor 7	0.62	US Patent	7CYN
CC(C)c1c([nH]c2ccc(nc12)N1CCC(CC1)NCCS(C)(=O)=O)-c1cn(C)c2ncccc12	Toll-like receptor 7	0.62	US Patent	7CYN
CNC(=O)CNC1CCC(C1)c1ccc2[nH]c(c(C(C)C)c2n1)-c1cc(OC)c2ncnn2c1	Toll-like receptor 7	0.62	US Patent	7CYN
CC(C)c1c([nH]c2ccc(nc12)C1CCNCC1)-c1cn2ncnc2c(C)c1C	Toll-like receptor 7	0.62	US Patent	7CYN
CNCC(=O)N1CCN(CC1)c1ccc2[nH]c(c(C(C)C)c2n1)-c1cn2ncnc2c(C)c1C	Toll-like receptor 7	0.62	US Patent	7CYN
COc1cc(cn2ncnc12)-c1[nH]c2cnc(N3CCC(CC3)NCC3(C)COC3)c(C)c2c1C(C)C	Toll-like receptor 7	0.62	US Patent	7CYN
CNC(=O)CNC1CCC(C1)c1ccc2[nH]c(c(C(C)C)c2n1)-c1cc(OC)c2ncnn2c1	Toll-like receptor 7	0.62	US Patent	7CYN
CC(C)c1c([nH]c2ccc(nc12)N1CCC(CC1)NCCS(C)(=O)=O)-c1cn(C)c2ncccc12	Toll-like receptor 7	0.62	US Patent	7CYN
F[C@H]1CNCC[C@@H]1n1cc2cc(cc(c2n1)C(F)(F)F)-c1ccc(=O)n2CCCc12	Toll-like receptor 7	0.62	ChEMBL	7CYN
CC(C)c1c([nH]c2ccc(nc12)N1C[C@@H](C)N(C[C@@H]1C)C(=O)CCN1CCC1)-c1cn2ncnc2c(C)c1C	Toll-like receptor 7	0.62	US Patent	7CYN
CC(C)c1c([nH]c2cnc(N3CCC(CC3)NCC(C)(C)O)c(C)c12)-c1cn2ncnc2c(C)c1C	Toll-like receptor 7	0.62	US Patent	7CYN
COc1cc(cn2ncnc12)-c1[nH]c2ccc(nc2c1C(C)C)C1CCC(C1)NC(C)C1CC1	Toll-like receptor 7	0.63	US Patent	7CYN
CC(C)N(C)CC(=O)N1CCN([C@H](C)C1)c1ccc2[nH]c(c(C(C)C)c2n1)-c1cn2ncnc2c(C)c1C	Toll-like receptor 7	0.63	US Patent	7CYN
CCC[C@H]1CNCCN1c1ccc2[nH]c(c(C(C)C)c2n1)-c1cn2ncnc2c(C)c1C	Toll-like receptor 7	0.63	US Patent	7CYN
CC(C)c1c([nH]c2ccc(nc12)C1CCN(CC#N)CC1)-c1cc(C)c2ncnn2c1	Toll-like receptor 7	0.63	US Patent	7CYN
CC(C)c1c([nH]c2ccc(nc12)C1CCN(CC#N)CC1)-c1cc(C)c2ncnn2c1	Toll-like receptor 7	0.63	US Patent	7CYN
CC(C)N(C)CC(=O)N1CCN([C@H](C)C1)c1ccc2[nH]c(c(C(C)C)c2n1)-c1cn2ncnc2c(C)c1C	Toll-like receptor 7	0.63	US Patent	7CYN
CCC[C@H]1CNCCN1c1ccc2[nH]c(c(C(C)C)c2n1)-c1cn2ncnc2c(C)c1C	Toll-like receptor 7	0.63	US Patent	7CYN
COc1cc(cn2ncnc12)-c1[nH]c2ccc(nc2c1C(C)C)C1CCC(C1)NC(C)C1CC1	Toll-like receptor 7	0.63	US Patent	7CYN
COc1cc(cn2ncnc12)-c1[nH]c2ccc(nc2c1C(C)C)C1CCC(C1)NC(C)C1CC1	Toll-like receptor 7	0.63	US Patent	7CYN
CCC[C@H]1CNCCN1c1ccc2[nH]c(c(C(C)C)c2n1)-c1cn2ncnc2c(C)c1C	Toll-like receptor 7	0.63	US Patent	7CYN
COc1cc(cn2ncnc12)-c1[nH]c2cnc(N3CCC(CC3)NC3COC3)c(C)c2c1C(C)C	Toll-like receptor 7	0.63	US Patent	7CYN
CC(C)c1c([nH]c2ccc(nc12)C1CCN(CC#N)CC1)-c1cc(C)c2ncnn2c1	Toll-like receptor 7	0.63	US Patent	7CYN
CC(C)N(C)CC(=O)N1CCN([C@H](C)C1)c1ccc2[nH]c(c(C(C)C)c2n1)-c1cn2ncnc2c(C)c1C	Toll-like receptor 7	0.63	US Patent	7CYN
CC(C)c1c([nH]c2cnc(N3CCC(CC3)N3CC4(COC4)C3)c(F)c12)-c1cc(C)c2ncnn2c1	Toll-like receptor 7	0.63	US Patent	7CYN
CC(C)c1c([nH]c2ccc(nc12)N1CCN(CC#N)C[C@@H]1C)-c1cn2ncnc2c(C)c1C	Toll-like receptor 7	0.64	US Patent	7CYN
CC(C)c1c([nH]c2ccc(nc12)N1CCN(CC1)C(=O)CN(C)C)-c1cn2ncnc2c(C)c1C	Toll-like receptor 7	0.64	US Patent	7CYN
CC(C)c1c([nH]c2ccc(nc12)C1CCC(CC1)N1CC(O)C1)-c1cn2ncnc2c(C)c1C	Toll-like receptor 7	0.64	US Patent	7CYN
CC(C)c1c([nH]c2ccc(nc12)C1CCC(CC1)N(C)C)-c1cn2ncnc2c(C)c1C	Toll-like receptor 7	0.64	US Patent	7CYN
CC(C)c1c([nH]c2ccc(nc12)C1CCN(CC1)C1CCN(C)C1=O)-c1cc(C)c2ncnn2c1	Toll-like receptor 7	0.64	US Patent	7CYN
CC(C)c1c([nH]c2ccc(nc12)C1CCC(CC1)N(C)C)-c1cn2ncnc2c(C)c1C	Toll-like receptor 7	0.64	US Patent	7CYN
CC(C)c1c([nH]c2ccc(nc12)N1CCN(CC#N)C[C@@H]1C)-c1cn2ncnc2c(C)c1C	Toll-like receptor 7	0.64	US Patent	7CYN
CC(C)c1c([nH]c2ccc(nc12)N1CCN(CC1)C(=O)CN(C)C)-c1cn2ncnc2c(C)c1C	Toll-like receptor 7	0.64	US Patent	7CYN
CC(C)c1c([nH]c2ccc(nc12)C1CCN(CC1)C1CCN(C)C1=O)-c1cc(C)c2ncnn2c1	Toll-like receptor 7	0.64	US Patent	7CYN
CC(C)c1c([nH]c2ccc(nc12)C1CCC(CC1)N1CC(O)C1)-c1cn2ncnc2c(C)c1C	Toll-like receptor 7	0.64	US Patent	7CYN
CC(C)c1c([nH]c2ccc(nc12)N1CCN(CC1)C(=O)CN(C)C)-c1cn2ncnc2c(C)c1C	Toll-like receptor 7	0.64	US Patent	7CYN
CC(C)c1c([nH]c2ccc(nc12)N1CCN(CC#N)C[C@@H]1C)-c1cn2ncnc2c(C)c1C	Toll-like receptor 7	0.64	US Patent	7CYN
CC(C)c1c([nH]c2ccc(nc12)C1CCC(CC1)N1CC(O)C1)-c1cn2ncnc2c(C)c1C	Toll-like receptor 7	0.64	US Patent	7CYN
CC(C)c1c([nH]c2ccc(nc12)C1CCC(CC1)N(C)C)-c1cn2ncnc2c(C)c1C	Toll-like receptor 7	0.64	US Patent	7CYN
CC(C)c1c([nH]c2ccc(nc12)C1CCN(CC1)C1CCN(C)C1=O)-c1cc(C)c2ncnn2c1	Toll-like receptor 7	0.64	US Patent	7CYN
CC(C)c1c([nH]c2ccc(nc12)N1CCNCC1)-c1cn2ncnc2c(C)c1C	Toll-like receptor 7	0.65	US Patent	7CYN
COc1cc(cn2ncnc12)-c1[nH]c2ccc(nc2c1C(C)C)C1CCC(CC1)N1CC2(C1)CS(=O)(=O)C2	Toll-like receptor 7	0.65	US Patent	7CYN
COc1cc(cn2ncnc12)-c1[nH]c2ccc(nc2c1C(C)C)C1CCC(CC1)N1CC2(C1)CS(=O)(=O)C2	Toll-like receptor 7	0.65	US Patent	7CYN
CC(C)c1c([nH]c2ccc(nc12)N1CCNCC1)-c1cn2ncnc2c(C)c1C	Toll-like receptor 7	0.65	US Patent	7CYN
COc1cc(cn2ncnc12)-c1[nH]c2ccc(nc2c1C(C)C)C1CCC(CC1)N1CC2(C1)CS(=O)(=O)C2	Toll-like receptor 7	0.65	US Patent	7CYN
CC(C)c1c([nH]c2ccc(nc12)N1CCNCC1)-c1cn2ncnc2c(C)c1C	Toll-like receptor 7	0.65	US Patent	7CYN
CC(C)c1c([nH]c2cnc(N3CCC(CC3)N3CCC3)c(C)c12)-c1cc(C)c2ncnn2c1	Toll-like receptor 7	0.65	US Patent	7CYN
CCN(C)CC(=O)N1CCN([C@@H](C)C1)c1ccc2[nH]c(c(C(C)C)c2n1)-c1cn2ncnc2c(C)c1C	Toll-like receptor 7	0.66	US Patent	7CYN
CC(C)c1c([nH]c2ccc(nc12)N1CCN([C@H](C)C1)C(=O)CN1CCCC1)-c1cn2ncnc2c(C)c1C	Toll-like receptor 7	0.66	US Patent	7CYN
CC(C)[C@H]1CNCCN1c1ccc2[nH]c(c(C(C)C)c2n1)-c1cn2ncnc2c(C)c1C	Toll-like receptor 7	0.66	US Patent	7CYN
CNC(=O)CN1CCC(CC1)c1ccc2[nH]c(c(C(C)C)c2n1)-c1cc(OC)c2ncnn2c1	Toll-like receptor 7	0.66	US Patent	7CYN
CC(C)c1c([nH]c2ccc(nc12)C1CCN(CC#N)CC1)-c1cn2ncnc2c(C)c1C	Toll-like receptor 7	0.66	US Patent	7CYN
CNC(=O)CN1CCC(CC1)c1ccc2[nH]c(c(C(C)C)c2n1)-c1cc(OC)c2ncnn2c1	Toll-like receptor 7	0.66	US Patent	7CYN
CC(C)c1c([nH]c2ccc(nc12)C1CCN(CC#N)CC1)-c1cn2ncnc2c(C)c1C	Toll-like receptor 7	0.66	US Patent	7CYN
CCN(C)CC(=O)N1CCN([C@@H](C)C1)c1ccc2[nH]c(c(C(C)C)c2n1)-c1cn2ncnc2c(C)c1C	Toll-like receptor 7	0.66	US Patent	7CYN
CC(C)c1c([nH]c2ccc(nc12)N1CCN([C@H](C)C1)C(=O)CN1CCCC1)-c1cn2ncnc2c(C)c1C	Toll-like receptor 7	0.66	US Patent	7CYN
CC(C)[C@H]1CNCCN1c1ccc2[nH]c(c(C(C)C)c2n1)-c1cn2ncnc2c(C)c1C	Toll-like receptor 7	0.66	US Patent	7CYN
CC(C)c1c([nH]c2ccc(nc12)N1CCN([C@H](C)C1)C(=O)CN1CCCC1)-c1cn2ncnc2c(C)c1C	Toll-like receptor 7	0.66	US Patent	7CYN
CNC(=O)CN1CCC(CC1)c1ccc2[nH]c(c(C(C)C)c2n1)-c1cc(OC)c2ncnn2c1	Toll-like receptor 7	0.66	US Patent	7CYN
CC(C)NC1CCN(CC1)c1ncc2[nH]c(c(C(C)C)c2c1C)-c1cc(C)c2ncnn2c1	Toll-like receptor 7	0.66	US Patent	7CYN
CCN(C)CC(=O)N1CCN([C@@H](C)C1)c1ccc2[nH]c(c(C(C)C)c2n1)-c1cn2ncnc2c(C)c1C	Toll-like receptor 7	0.66	US Patent	7CYN
CC(C)NC1CCN(CC1)c1ncc2[nH]c(c(C(C)C)c2c1C)-c1cc(C)c2ncnn2c1	Toll-like receptor 7	0.66	US Patent	7CYN
CC(C)c1c([nH]c2ccc(nc12)C1CCN(CC#N)CC1)-c1cn2ncnc2c(C)c1C	Toll-like receptor 7	0.66	US Patent	7CYN
CC(C)[C@H]1CNCCN1c1ccc2[nH]c(c(C(C)C)c2n1)-c1cn2ncnc2c(C)c1C	Toll-like receptor 7	0.66	US Patent	7CYN
COc1cc2c(NC3CCN(C)CC3)n[nH]c2cc1-c1ccnc(C)c1F	Toll-like receptor 7	0.67	ChEMBL	7CYN
CC(C)N(CC(=O)N1C[C@H](C)N(C[C@H]1C)c1ccc2[nH]c(c(C(C)C)c2n1)-c1cn2ncnc2c(C)c1C)C(C)C	Toll-like receptor 7	0.68	US Patent	7CYN
CC(C)c1c([nH]c2ccc(nc12)N1C[C@@H](C)N(C[C@@H]1C)C(=O)CN(C)C(C)(C)C)-c1cn2ncnc2c(C)c1C	Toll-like receptor 7	0.68	US Patent	7CYN
COc1cc(cn2ncnc12)-c1[nH]c2ccc(nc2c1C(C)C)N1CCN(C)CC1	Toll-like receptor 7	0.68	US Patent	7CYN
CC(C)c1c([nH]c2ccc(nc12)C1CCC(CC1)NCC1CCCCS1(=O)=O)-c1cn2ncnc2c(C)c1C	Toll-like receptor 7	0.68	US Patent	7CYN
CC(C)c1c([nH]c2ccc(nc12)C1CCC(CC1)NCC1CCCCS1(=O)=O)-c1cn2ncnc2c(C)c1C	Toll-like receptor 7	0.68	US Patent	7CYN
CC(C)N(CC(=O)N1C[C@H](C)N(C[C@H]1C)c1ccc2[nH]c(c(C(C)C)c2n1)-c1cn2ncnc2c(C)c1C)C(C)C	Toll-like receptor 7	0.68	US Patent	7CYN
CC(C)c1c([nH]c2ccc(nc12)N1C[C@@H](C)N(C[C@@H]1C)C(=O)CN(C)C(C)(C)C)-c1cn2ncnc2c(C)c1C	Toll-like receptor 7	0.68	US Patent	7CYN
COc1cc(cn2ncnc12)-c1[nH]c2ccc(nc2c1C(C)C)N1CCN(C)CC1	Toll-like receptor 7	0.68	US Patent	7CYN
CC(C)c1c([nH]c2ccc(nc12)N1C[C@@H](C)N(C[C@@H]1C)C(=O)CN(C)C(C)(C)C)-c1cn2ncnc2c(C)c1C	Toll-like receptor 7	0.68	US Patent	7CYN
COc1cc(cn2ncnc12)-c1[nH]c2ccc(nc2c1C(C)C)N1CCN(C)CC1	Toll-like receptor 7	0.68	US Patent	7CYN
CC(C)N(CC(=O)N1C[C@H](C)N(C[C@H]1C)c1ccc2[nH]c(c(C(C)C)c2n1)-c1cn2ncnc2c(C)c1C)C(C)C	Toll-like receptor 7	0.68	US Patent	7CYN
CC(C)c1c([nH]c2ccc(nc12)C1CCC(CC1)NCC1CCCCS1(=O)=O)-c1cn2ncnc2c(C)c1C	Toll-like receptor 7	0.68	US Patent	7CYN
CC(C)c1c([nH]c2ccc(nc12)N1CC(C)N(C[C@@H]1C)C(=O)CN1CC2(COC2)C1)-c1cn2ncnc2c(C)c1C	Toll-like receptor 7	0.69	US Patent	7CYN
CC(C)c1c([nH]c2ccc(nc12)N1CCN[C@@H](C)C1)-c1cn2ncnc2c(C)c1C	Toll-like receptor 7	0.69	US Patent	7CYN
COc1cc(cn2ncnc12)-c1[nH]c2cc(F)c(nc2c1C(C)C)C1CCN(CC1)C(=O)CN(C)C	Toll-like receptor 7	0.69	US Patent	7CYN
CC(C)c1c([nH]c2ccc(nc12)N1C[C@@H](C)N(C[C@@H]1C)C(=O)CN1CC2(COC2)C1)-c1cn2ncnc2c(C)c1C	Toll-like receptor 7	0.69	US Patent	7CYN
COc1cc(cn2ncnc12)-c1[nH]c2cc(F)c(nc2c1C(C)C)C1CCN(CC1)C(=O)CN(C)C	Toll-like receptor 7	0.69	US Patent	7CYN
CC(C)c1c([nH]c2ccc(nc12)N1CCN[C@@H](C)C1)-c1cn2ncnc2c(C)c1C	Toll-like receptor 7	0.69	US Patent	7CYN
CC(C)c1c([nH]c2ccc(nc12)N1C[C@@H](C)N(C[C@@H]1C)C(=O)CN1CC2(COC2)C1)-c1cn2ncnc2c(C)c1C	Toll-like receptor 7	0.69	US Patent	7CYN
CC(C)c1c([nH]c2ccc(nc12)N1CCN[C@@H](C)C1)-c1cn2ncnc2c(C)c1C	Toll-like receptor 7	0.69	US Patent	7CYN
COc1cc(cn2ncnc12)-c1[nH]c2cc(F)c(nc2c1C(C)C)C1CCN(CC1)C(=O)CN(C)C	Toll-like receptor 7	0.69	US Patent	7CYN
CC(C)c1c([nH]c2cnc(N3CCC(CC3)NC3CCOCC3)c(F)c12)-c1cn2ncnc2c(C)c1C	Toll-like receptor 7	0.69	US Patent	7CYN
CNCC(=O)N1CCC(CC1)c1ccc2[nH]c(c(C(C)C)c2c1)-c1cc(C)c2nc(C)nn2c1	Toll-like receptor 7	0.7	US Patent	7CYN
CC(C)c1c([nH]c2ccc(cc12)C1CCN(CC1)C(=O)CN1CCCC1)-c1cn2ncnc2c(C)c1C	Toll-like receptor 7	0.7	US Patent	7CYN
CC(C)c1c([nH]c2ccc(cc12)C1CCN(CC1)C(=O)CN(C)CC(=O)N(C)C)-c1cn2ncnc2c(C)c1C	Toll-like receptor 7	0.7	US Patent	7CYN
CC(C)c1c([nH]c2ccc(cc12)C1CCN(CC1)C(=O)CN1CCCC1)-c1cc(C)c2ncnn2c1	Toll-like receptor 7	0.7	US Patent	7CYN
CC(C)c1c([nH]c2ccc(cc12)C1CCN(CC1)C(=O)CN1CCC[C@H](O)C1)-c1cc(C)c2ncnn2c1	Toll-like receptor 7	0.7	US Patent	7CYN
CC(C)c1c([nH]c2ccc(cc12)C1CCN(CC(=O)N(C)CCO)CC1)-c1cn2ncnc2c(C)c1C	Toll-like receptor 7	0.7	US Patent	7CYN
CCN(C)C(=O)CN1CCC(CC1)c1ccc2[nH]c(c(C(C)C)c2c1)-c1cc(OC)c2ncnn2c1	Toll-like receptor 7	0.7	US Patent	7CYN
COc1cc(cn2ncnc12)-c1[nH]c2ccc(cc2c1C(C)C)C1CCN(CC(=O)N2CCOC[C@H]2C)CC1	Toll-like receptor 7	0.7	US Patent	7CYN
CNC(=O)CN1CCC(CC1)c1ccc2[nH]c(c(C(C)C)c2c1)-c1cc(C)c2ncnn2c1	Toll-like receptor 7	0.7	US Patent	7CYN
COc1cc(cn2ncnc12)-c1[nH]c2ccc(cc2c1C(C)C)C1CCN(C[N+]#[C-])CC1	Toll-like receptor 7	0.7	US Patent	7CYN
CC(C)c1c([nH]c2ccc(cc12)C1CCN(Cc2cocn2)CC1)-c1cc(C)c2ncnn2c1	Toll-like receptor 7	0.7	US Patent	7CYN
CC(C)c1c([nH]c2ccc(cc12)C1CCN(CC1)C(=O)OC1CCNC1)-c1cn2ncnc2c(C)c1C	Toll-like receptor 7	0.7	US Patent	7CYN
CC(C)c1c([nH]c2ccc(cc12)C1CCN(CC1)C1CCOCC1)-c1cn2ncnc2c(C)c1C	Toll-like receptor 7	0.7	US Patent	7CYN
CNCC(=O)N1CCC(CC1)c1ccc2[nH]c(c(C(C)C)c2c1)-c1cc(OC)c2ncnn2c1	Toll-like receptor 7	0.7	US Patent	7CYN
CC(C)c1c([nH]c2ccc(cc12)C1CCN(CC1)C(=O)CN(C)C)-c1cn2ncnc2c(C)c1C	Toll-like receptor 7	0.7	US Patent	7CYN
CC(C)c1c([nH]c2ccc(cc12)C1CCN(CC(=O)NC2CCC2)CC1)-c1cc(C)c2ncnn2c1	Toll-like receptor 7	0.7	US Patent	7CYN
COc1c(C)c(cn2ncnc12)-c1[nH]c2ccc(cc2c1C(C)C)C1CCNCC1	Toll-like receptor 7	0.7	US Patent	7CYN
CCc1c([nH]c2ccc(cc12)C1CCNCC1)-c1cc(C)c2ncnn2c1	Toll-like receptor 7	0.7	US Patent	7CYN
CC(C)c1c([nH]c2ccc(cc12)C1CCN(CC1)C(=O)N1CCN(CC1)c1ccncc1)-c1cn2ncnc2c(C)c1C	Toll-like receptor 7	0.7	US Patent	7CYN
CC(C)c1c([nH]c2ccc(cc12)C1CCNCC1)-c1cc(OC(F)F)c2ncnn2c1	Toll-like receptor 7	0.7	US Patent	7CYN
CC(C)c1c([nH]c2ccc(cc12)C1CCN(CCNS(C)(=O)=O)CC1)-c1cn2ncnc2c(C)c1C	Toll-like receptor 7	0.7	US Patent	7CYN
CC(C)c1c([nH]c2ccc(cc12)C1CCN(CCNS(C)(=O)=O)CC1)-c1cc(C#N)c2ncnn2c1	Toll-like receptor 7	0.7	US Patent	7CYN
CNC(=O)CN1CCC(CC1)c1ccc2[nH]c(c(C(C)C)c2c1)-c1cc(C)c2nc(C)nn2c1	Toll-like receptor 7	0.7	US Patent	7CYN
COc1cc(cn2ncnc12)-c1[nH]c2ccc(cc2c1C(C)C)C1CCN(CC1)C(C)CS(C)(=O)=O	Toll-like receptor 7	0.7	US Patent	7CYN
CNC(=O)CN1CCC(CC1)c1ccc2[nH]c(c(C(C)C)c2c1)-c1cc(Cl)c2ncnn2c1	Toll-like receptor 7	0.7	US Patent	7CYN
CC(C)c1c([nH]c2ccc(cc12)C1CCN(CCS(C)(=O)=O)CC1)-c1cc(C2CC2)c2ncnn2c1	Toll-like receptor 7	0.7	US Patent	7CYN
CC(C)c1c([nH]c2ccc(cc12)C1CCN(CC1)C(C)CS(=O)(=O)N1CCOCC1)-c1cc(C)c2ncnn2c1	Toll-like receptor 7	0.7	US Patent	7CYN
CCCN1CCC(CC1)c1ccc2[nH]c(c(C(C)C)c2c1)-c1cn2ncnc2c(C)c1C	Toll-like receptor 7	0.7	US Patent	7CYN
CC(C)c1c([nH]c2ccc(cc12)C1CCN(CC1)C1CCOCC1)-c1cc(C#N)c2ncnn2c1	Toll-like receptor 7	0.7	US Patent	7CYN
COc1cc(cn2ncnc12)-c1[nH]c2ccc(cc2c1C(C)C)C1CCN(CC1)C1CCOC1	Toll-like receptor 7	0.7	US Patent	7CYN
CC(C)c1c([nH]c2ccc(cc12)C1CCN(CC1)C1COC1)-c1cc(C2CC2)c2ncnn2c1	Toll-like receptor 7	0.7	US Patent	7CYN
CC(C)c1c([nH]c2ccc(cc12)C1CCN(CC1)C(=O)CS(C)(=O)=O)-c1cc(C)c2ncnn2c1	Toll-like receptor 7	0.7	US Patent	7CYN
CC(C)c1c([nH]c2ccc(cc12)C1CCN(Cc2c[nH]c(C)n2)CC1)-c1cc(C)c2ncnn2c1	Toll-like receptor 7	0.7	US Patent	7CYN
CC(C)c1c([nH]c2ccc(nc12)N1C[C@H](C)N[C@@H](C)C1)-c1cn2ncnc2c(C)c1C	Toll-like receptor 7	0.7	US Patent	7CYN
COc1cc(cn2ncnc12)-c1[nH]c2ccc(cc2c1C(C)C)C1CCN(CC1)C1CCOC1	Toll-like receptor 7	0.7	US Patent	7CYN
CC(C)c1c([nH]c2ccc(cc12)C1CCN(CC1)C1COC1)-c1cc(C2CC2)c2ncnn2c1	Toll-like receptor 7	0.7	US Patent	7CYN
CC(C)c1c([nH]c2ccc(nc12)N1CCN(C[C@@H]1C)C(=O)CNC1CC1)-c1cn2ncnc2c(C)c1C	Toll-like receptor 7	0.7	US Patent	7CYN
CC(C)c1c([nH]c2ccc(cc12)C1CCN(CC1)C(=O)CS(C)(=O)=O)-c1cc(C)c2ncnn2c1	Toll-like receptor 7	0.7	US Patent	7CYN
CC(C)c1c([nH]c2ccc(cc12)C1CCN(Cc2c[nH]c(C)n2)CC1)-c1cc(C)c2ncnn2c1	Toll-like receptor 7	0.7	US Patent	7CYN
CNCC(=O)N1CCC(CC1)c1ccc2[nH]c(c(C(C)C)c2c1)-c1cc(C)c2nc(C)nn2c1	Toll-like receptor 7	0.7	US Patent	7CYN
CC(C)c1c([nH]c2ccc(nc12)N1CCN(C[C@H]1C)C(=O)CN1CCCC1)-c1cn2ncnc2c(C)c1C	Toll-like receptor 7	0.7	US Patent	7CYN
CC(C)NCC(=O)N1CCN([C@H](C)C1)c1ccc2[nH]c(c(C(C)C)c2n1)-c1cn2ncnc2c(C)c1C	Toll-like receptor 7	0.7	US Patent	7CYN
CC(C)c1c([nH]c2ccc(cc12)C1CCN(CC1)C(=O)CN1CCCC1)-c1cn2ncnc2c(C)c1C	Toll-like receptor 7	0.7	US Patent	7CYN
CC(C)c1c([nH]c2ccc(cc12)C1CCN(CC1)C(=O)CN(C)CC(=O)N(C)C)-c1cn2ncnc2c(C)c1C	Toll-like receptor 7	0.7	US Patent	7CYN
CC(C)c1c([nH]c2ccc(cc12)C1CCN(CC1)C(=O)CN1CCCC1)-c1cc(C)c2ncnn2c1	Toll-like receptor 7	0.7	US Patent	7CYN
CC(C)c1c([nH]c2ccc(cc12)C1CCN(CC1)C(=O)CN1CCC[C@H](O)C1)-c1cc(C)c2ncnn2c1	Toll-like receptor 7	0.7	US Patent	7CYN
CC(C)c1c([nH]c2ccc(cc12)C1CCN(CC(=O)N(C)CCO)CC1)-c1cn2ncnc2c(C)c1C	Toll-like receptor 7	0.7	US Patent	7CYN
CCN(C)C(=O)CN1CCC(CC1)c1ccc2[nH]c(c(C(C)C)c2c1)-c1cc(OC)c2ncnn2c1	Toll-like receptor 7	0.7	US Patent	7CYN
COc1cc(cn2ncnc12)-c1[nH]c2ccc(cc2c1C(C)C)C1CCN(CC(=O)N2CCOC[C@H]2C)CC1	Toll-like receptor 7	0.7	US Patent	7CYN
CC(C)c1c([nH]c2ccc(cc12)C1CCN(CC1)C(=O)OC1CCNC1)-c1cn2ncnc2c(C)c1C	Toll-like receptor 7	0.7	US Patent	7CYN
CC(C)c1c([nH]c2ccc(cc12)C1CCN(CC1)C(=O)N1CCN(CC1)c1ccncc1)-c1cn2ncnc2c(C)c1C	Toll-like receptor 7	0.7	US Patent	7CYN
CNC(=O)CN1CCC(CC1)c1ccc2[nH]c(c(C(C)C)c2c1)-c1cc(C)c2ncnn2c1	Toll-like receptor 7	0.7	US Patent	7CYN
COc1cc(cn2ncnc12)-c1[nH]c2ccc(cc2c1C(C)C)C1CCN(CC#N)CC1	Toll-like receptor 7	0.7	US Patent	7CYN
CC(C)c1c([nH]c2ccc(cc12)C1CCN(Cc2cocn2)CC1)-c1cc(C)c2ncnn2c1	Toll-like receptor 7	0.7	US Patent	7CYN
CC(C)c1c([nH]c2ccc(cc12)C1CCN(CC1)C1CCOCC1)-c1cn2ncnc2c(C)c1C	Toll-like receptor 7	0.7	US Patent	7CYN
CNCC(=O)N1CCC(CC1)c1ccc2[nH]c(c(C(C)C)c2c1)-c1cc(OC)c2ncnn2c1	Toll-like receptor 7	0.7	US Patent	7CYN
CC(C)c1c([nH]c2ccc(cc12)C1CCN(CC1)C(=O)CN(C)C)-c1cn2ncnc2c(C)c1C	Toll-like receptor 7	0.7	US Patent	7CYN
CC(C)c1c([nH]c2ccc(cc12)C1CCN(CC(=O)NC2CCC2)CC1)-c1cc(C)c2ncnn2c1	Toll-like receptor 7	0.7	US Patent	7CYN
COc1c(C)c(cn2ncnc12)-c1[nH]c2ccc(cc2c1C(C)C)C1CCNCC1	Toll-like receptor 7	0.7	US Patent	7CYN
CCc1c([nH]c2ccc(cc12)C1CCNCC1)-c1cc(C)c2ncnn2c1	Toll-like receptor 7	0.7	US Patent	7CYN
CC(C)c1c([nH]c2ccc(cc12)C1CCNCC1)-c1cc(OC(F)F)c2ncnn2c1	Toll-like receptor 7	0.7	US Patent	7CYN
CC(C)c1c([nH]c2ccc(cc12)C1CCN(CCNS(C)(=O)=O)CC1)-c1cn2ncnc2c(C)c1C	Toll-like receptor 7	0.7	US Patent	7CYN
CC(C)c1c([nH]c2ccc(cc12)C1CCN(CCNS(C)(=O)=O)CC1)-c1cc(C#N)c2ncnn2c1	Toll-like receptor 7	0.7	US Patent	7CYN
CNC(=O)CN1CCC(CC1)c1ccc2[nH]c(c(C(C)C)c2c1)-c1cc(c2ncnn2c1)C(F)(F)F	Toll-like receptor 7	0.7	US Patent	7CYN
COc1cc(cn2ncnc12)-c1[nH]c2ccc(cc2c1C(C)C)C1CCN(CC1)C(C)CS(C)(=O)=O	Toll-like receptor 7	0.7	US Patent	7CYN
CNC(=O)CN1CCC(CC1)c1ccc2[nH]c(c(C(C)C)c2c1)-c1cc(Cl)c2ncnn2c1	Toll-like receptor 7	0.7	US Patent	7CYN
CC(C)c1c([nH]c2ccc(cc12)C1CCN(CCS(C)(=O)=O)CC1)-c1cc(C2CC2)c2ncnn2c1	Toll-like receptor 7	0.7	US Patent	7CYN
CC(C)c1c([nH]c2ccc(cc12)C1CCN(CC1)C(C)CS(=O)(=O)N1CCOCC1)-c1cc(C)c2ncnn2c1	Toll-like receptor 7	0.7	US Patent	7CYN
CCCN1CCC(CC1)c1ccc2[nH]c(c(C(C)C)c2c1)-c1cn2ncnc2c(C)c1C	Toll-like receptor 7	0.7	US Patent	7CYN
CC(C)c1c([nH]c2ccc(cc12)C1CCN(CC1)C1CCOCC1)-c1cc(C#N)c2ncnn2c1	Toll-like receptor 7	0.7	US Patent	7CYN
CC(C)c1c([nH]c2ccc(cc12)C1CCNCC1)-c1cc(C)nc(C)c1	Toll-like receptor 7	0.7	US Patent	7CYN
CC(C)c1c([nH]c2ccc(nc12)N1C[C@H](C)N[C@@H](C)C1)-c1cn2ncnc2c(C)c1C	Toll-like receptor 7	0.7	US Patent	7CYN
CC(C)c1c([nH]c2ccc(nc12)N1CCN(C[C@@H]1C)C(=O)CNC1CC1)-c1cn2ncnc2c(C)c1C	Toll-like receptor 7	0.7	US Patent	7CYN
CC(C)c1c([nH]c2ccc(nc12)N1CCN(C[C@H]1C)C(=O)CN1CCCC1)-c1cn2ncnc2c(C)c1C	Toll-like receptor 7	0.7	US Patent	7CYN
CC(C)NCC(=O)N1CCN([C@H](C)C1)c1ccc2[nH]c(c(C(C)C)c2n1)-c1cn2ncnc2c(C)c1C	Toll-like receptor 7	0.7	US Patent	7CYN
CC(C)c1c([nH]c2ccc(nc12)N1C[C@H](C)N[C@@H](C)C1)-c1cn2ncnc2c(C)c1C	Toll-like receptor 7	0.7	US Patent	7CYN
CC(C)c1c([nH]c2ccc(nc12)N1CCN(C[C@@H]1C)C(=O)CNC1CC1)-c1cn2ncnc2c(C)c1C	Toll-like receptor 7	0.7	US Patent	7CYN
CC(C)NCC(=O)N1CCN([C@H](C)C1)c1ccc2[nH]c(c(C(C)C)c2n1)-c1cn2ncnc2c(C)c1C	Toll-like receptor 7	0.7	US Patent	7CYN
CC(C)c1c([nH]c2ccc(cc12)C1CCNCC1)-c1cc(C)nc(C)c1	Toll-like receptor 7	0.7	ChEMBL	7CYN
CC(C)c1c([nH]c2ccc(nc12)N1CCN(C[C@H]1C)C(=O)CN1CCCC1)-c1cn2ncnc2c(C)c1C	Toll-like receptor 7	0.7	US Patent	7CYN
COc1cc(cn2ncnc12)-c1[nH]c2ccc(nc2c1C(C)C)C1CCC(CC1)N(C)Cc1ncccn1	Toll-like receptor 7	0.71	US Patent	7CYN
CC(C)c1c([nH]c2ccc(nc12)C1CCC(CC1)NCC1(CC1)S(C)(=O)=O)-c1cn(C)c2ncccc12	Toll-like receptor 7	0.71	US Patent	7CYN
CC(C)c1c([nH]c2ccc(nc12)C1CCC(CC1)NCCC(F)(F)F)-c1cn2ncnc2c(C)c1C	Toll-like receptor 7	0.71	US Patent	7CYN
COc1cc(cn2ncnc12)-c1[nH]c2ccc(nc2c1C(C)C)C1CCN(CC(C)(C)O)CC1	Toll-like receptor 7	0.71	US Patent	7CYN
COc1cc(cn2ncnc12)-c1[nH]c2ccc(nc2c1C(C)C)C1CCC(CC1)N(C)Cc1ncccn1	Toll-like receptor 7	0.71	US Patent	7CYN
CC(C)c1c([nH]c2ccc(nc12)C1CCC(CC1)NCC1(CC1)S(C)(=O)=O)-c1cn(C)c2ncccc12	Toll-like receptor 7	0.71	US Patent	7CYN
CC(C)c1c([nH]c2ccc(nc12)C1CCC(CC1)NCCC(F)(F)F)-c1cn2ncnc2c(C)c1C	Toll-like receptor 7	0.71	US Patent	7CYN
COc1cc(cn2ncnc12)-c1[nH]c2ccc(nc2c1C(C)C)C1CCN(CC(C)(C)O)CC1	Toll-like receptor 7	0.71	US Patent	7CYN
CC(C)c1c([nH]c2ccc(nc12)C1CCC(CC1)NCC1(CC1)S(C)(=O)=O)-c1cn(C)c2ncccc12	Toll-like receptor 7	0.71	US Patent	7CYN
COc1cc(cn2ncnc12)-c1[nH]c2ccc(nc2c1C(C)C)C1CCC(CC1)N(C)Cc1ncccn1	Toll-like receptor 7	0.71	US Patent	7CYN
COc1cc(cn2ncnc12)-c1[nH]c2ccc(nc2c1C(C)C)C1CCN(CC(C)(C)O)CC1	Toll-like receptor 7	0.71	US Patent	7CYN
CC(C)c1c([nH]c2ccc(nc12)C1CCC(CC1)NCCC(F)(F)F)-c1cn2ncnc2c(C)c1C	Toll-like receptor 7	0.71	US Patent	7CYN
CC(C)c1c([nH]c2ccc(nc12)N1CCN([C@H](C)C1)C(=O)CCN(C)C)-c1cn2ncnc2c(C)c1C	Toll-like receptor 7	0.72	US Patent	7CYN
CC(C)c1c([nH]c2ccc(nc12)N1CCN(C[C@@H]1C)C(=O)CN1CC2(COC2)C1)-c1cn2ncnc2c(C)c1C	Toll-like receptor 7	0.72	US Patent	7CYN
COc1cc(cn2ncnc12)-c1[nH]c2cc(F)c(nc2c1C(C)C)C1CCC(CC1)N1CC2(COC2)C1	Toll-like receptor 7	0.72	US Patent	7CYN
CC(C)c1c([nH]c2ccc(nc12)C1CCC(CC1)NC1COC1)-c1cn2ncnc2c(C)c1C	Toll-like receptor 7	0.72	US Patent	7CYN
CC(C)c1c([nH]c2ccc(nc12)C1CCN(CC(N)=O)CC1)-c1cc(C)c2ncnn2c1	Toll-like receptor 7	0.72	US Patent	7CYN
COc1cc(cn2ncnc12)-c1[nH]c2ccc(nc2c1C(C)C)C1CC(C1)N(C)C(=O)CN(C)C	Toll-like receptor 7	0.72	US Patent	7CYN
COc1cc(cn2ncnc12)-c1[nH]c2cc(F)c(nc2c1C(C)C)C1CCC(CC1)N1CC2(COC2)C1	Toll-like receptor 7	0.72	US Patent	7CYN
CC(C)c1c([nH]c2ccc(nc12)C1CCC(CC1)NC1COC1)-c1cn2ncnc2c(C)c1C	Toll-like receptor 7	0.72	US Patent	7CYN
CC(C)c1c([nH]c2ccc(nc12)N1CCN([C@H](C)C1)C(=O)CCN(C)C)-c1cn2ncnc2c(C)c1C	Toll-like receptor 7	0.72	US Patent	7CYN
CC(C)c1c([nH]c2ccc(nc12)N1CCN(C[C@@H]1C)C(=O)CN1CC2(COC2)C1)-c1cn2ncnc2c(C)c1C	Toll-like receptor 7	0.72	US Patent	7CYN
CC(C)c1c([nH]c2ccc(nc12)C1CCN(CC(N)=O)CC1)-c1cc(C)c2ncnn2c1	Toll-like receptor 7	0.72	US Patent	7CYN
COc1cc(cn2ncnc12)-c1[nH]c2ccc(nc2c1C(C)C)C1CC(C1)N(C)C(=O)CN(C)C	Toll-like receptor 7	0.72	US Patent	7CYN
CC(C)c1c([nH]c2ccc(nc12)C1CCN(CC(N)=O)CC1)-c1cc(C)c2ncnn2c1	Toll-like receptor 7	0.72	US Patent	7CYN
COc1cc(cn2ncnc12)-c1[nH]c2ccc(nc2c1C(C)C)C1CC(C1)N(C)C(=O)CN(C)C	Toll-like receptor 7	0.72	US Patent	7CYN
CC(C)c1c([nH]c2ccc(nc12)N1CCN(C[C@@H]1C)C(=O)CN1CC2(COC2)C1)-c1cn2ncnc2c(C)c1C	Toll-like receptor 7	0.72	US Patent	7CYN
COc1cc(cn2ncnc12)-c1[nH]c2cc(F)c(nc2c1C(C)C)C1CCC(CC1)N1CC2(COC2)C1	Toll-like receptor 7	0.72	US Patent	7CYN
CC(C)NC1CCN(CC1)c1ncc2[nH]c(c(C(C)C)c2c1C)-c1cn2ncnc2c(C)c1C	Toll-like receptor 7	0.72	US Patent	7CYN
CC(C)c1c([nH]c2ccc(nc12)N1CCN([C@H](C)C1)C(=O)CCN(C)C)-c1cn2ncnc2c(C)c1C	Toll-like receptor 7	0.72	US Patent	7CYN
CC(C)c1c([nH]c2ccc(nc12)C1CCC(CC1)NC1COC1)-c1cn2ncnc2c(C)c1C	Toll-like receptor 7	0.72	US Patent	7CYN
CC(C)c1c([nH]c2ccc(nc12)N1C[C@@H](C)N(C[C@@H]1C)C(=O)CCN(C)C(C)(C)C)-c1cn2ncnc2c(C)c1C	Toll-like receptor 7	0.73	US Patent	7CYN
COc1cc(cn2ncnc12)-c1[nH]c2ccc(nc2c1C(C)C)C1CC(N)C1	Toll-like receptor 7	0.73	US Patent	7CYN
COc1cc(cn2ncnc12)-c1[nH]c2ccc(nc2c1C(C)C)C1CNCCO1	Toll-like receptor 7	0.73	US Patent	7CYN
CC(C)c1c([nH]c2ccc(nc12)N1C[C@@H](C)N(C[C@@H]1C)C(=O)CCN(C)C(C)(C)C)-c1cn2ncnc2c(C)c1C	Toll-like receptor 7	0.73	US Patent	7CYN
COc1cc(cn2ncnc12)-c1[nH]c2ccc(nc2c1C(C)C)C1CC(N)C1	Toll-like receptor 7	0.73	US Patent	7CYN
COc1cc(cn2ncnc12)-c1[nH]c2ccc(nc2c1C(C)C)C1CNCCO1	Toll-like receptor 7	0.73	US Patent	7CYN
CC(C)c1c([nH]c2ccc(nc12)N1C[C@@H](C)N(C[C@@H]1C)C(=O)CCN(C)C(C)(C)C)-c1cn2ncnc2c(C)c1C	Toll-like receptor 7	0.73	US Patent	7CYN
COc1cc(cn2ncnc12)-c1[nH]c2ccc(nc2c1C(C)C)C1CC(N)C1	Toll-like receptor 7	0.73	US Patent	7CYN
COc1cc(cn2ncnc12)-c1[nH]c2ccc(nc2c1C(C)C)C1CNCCO1	Toll-like receptor 7	0.73	US Patent	7CYN
COc1cc(cn2ncnc12)-c1[nH]c2ccc(nc2c1C(C)C)C1CCC(C1)NCC#N	Toll-like receptor 7	0.74	US Patent	7CYN
COc1cc(cn2ncnc12)-c1[nH]c2ccc(nc2c1C(C)C)C1CCC(C1)NCC1(C)COC1	Toll-like receptor 7	0.74	US Patent	7CYN
CCN(CC)CC(=O)N1C[C@H](C)N(C[C@H]1C)c1ccc2[nH]c(c(C(C)C)c2n1)-c1cn2ncnc2c(C)c1C	Toll-like receptor 7	0.74	US Patent	7CYN
CC(C)c1c([nH]c2ccc(nc12)N1CCN(CC1)C(=O)CCN(C)C)-c1cn2ncnc2c(C)c1C	Toll-like receptor 7	0.74	US Patent	7CYN
CNC1CCC(CC1)c1ccc2[nH]c(-c3cn(C)c4ncccc34)c(C(C)C)c2n1	Toll-like receptor 7	0.74	US Patent	7CYN
CNC(=O)CN(C)C1CCC(CC1)c1ccc2[nH]c(c(C(C)C)c2n1)-c1cn2ncnc2c(C)c1C	Toll-like receptor 7	0.74	US Patent	7CYN
CNC1CCC(CC1)c1ccc2[nH]c(-c3cn(C)c4ncccc34)c(C(C)C)c2n1	Toll-like receptor 7	0.74	US Patent	7CYN
CNC(=O)CN(C)C1CCC(CC1)c1ccc2[nH]c(c(C(C)C)c2n1)-c1cn2ncnc2c(C)c1C	Toll-like receptor 7	0.74	US Patent	7CYN
CCN(CC)CC(=O)N1C[C@H](C)N(C[C@H]1C)c1ccc2[nH]c(c(C(C)C)c2n1)-c1cn2ncnc2c(C)c1C	Toll-like receptor 7	0.74	US Patent	7CYN
COc1cc(cn2ncnc12)-c1[nH]c2ccc(nc2c1C(C)C)C1CCC(C1)NCC#N	Toll-like receptor 7	0.74	US Patent	7CYN
COc1cc(cn2ncnc12)-c1[nH]c2ccc(nc2c1C(C)C)C1CCC(C1)NCC1(C)COC1	Toll-like receptor 7	0.74	US Patent	7CYN
CC(C)c1c([nH]c2ccc(nc12)N1CCN(CC1)C(=O)CCN(C)C)-c1cn2ncnc2c(C)c1C	Toll-like receptor 7	0.74	US Patent	7CYN
COc1cc(cn2ncnc12)-c1[nH]c2ccc(nc2c1C(C)C)C1CCC(C1)NCC#N	Toll-like receptor 7	0.74	US Patent	7CYN
CC(C)c1c([nH]c2cnc(N3CCC(CC3)NC3CCOCC3)c(F)c12)-c1cc(C)c2ncnn2c1	Toll-like receptor 7	0.74	US Patent	7CYN
COc1cc(cn2ncnc12)-c1[nH]c2ccc(nc2c1C(C)C)C1CCC(C1)NCC1(C)COC1	Toll-like receptor 7	0.74	US Patent	7CYN
CNC(=O)CN(C)C1CCC(CC1)c1ccc2[nH]c(c(C(C)C)c2n1)-c1cn2ncnc2c(C)c1C	Toll-like receptor 7	0.74	US Patent	7CYN
CC(C)c1c([nH]c2ccc(nc12)N1CCN(CC1)C(=O)CCN(C)C)-c1cn2ncnc2c(C)c1C	Toll-like receptor 7	0.74	US Patent	7CYN
CNC1CCC(CC1)c1ccc2[nH]c(-c3cn(C)c4ncccc34)c(C(C)C)c2n1	Toll-like receptor 7	0.74	US Patent	7CYN
CCN(CC)CC(=O)N1C[C@H](C)N(C[C@H]1C)c1ccc2[nH]c(c(C(C)C)c2n1)-c1cn2ncnc2c(C)c1C	Toll-like receptor 7	0.74	US Patent	7CYN
CC(C)c1c([nH]c2cnc(N3CCC(CC3)N3CCC3)c(F)c12)-c1cn2ncnc2c(C)c1C	Toll-like receptor 7	0.74	US Patent	7CYN
CNC(=O)C(C)(C)NC1CCC(CC1)c1ccc2[nH]c(c(C(C)C)c2n1)-c1cn2ncnc2c(C)c1C	Toll-like receptor 7	0.75	US Patent	7CYN
CC(C)c1c([nH]c2cc(C)c(nc12)C1CCN(CC1)C(=O)CN(C)C)-c1cc(C)c2ncnn2c1	Toll-like receptor 7	0.75	US Patent	7CYN
COc1cc(cn2ncnc12)-c1[nH]c2ccc(OC3CCN(C)CC3)nc2c1C(C)C	Toll-like receptor 7	0.75	US Patent	7CYN
CNC(=O)C(C)(C)NC1CCC(CC1)c1ccc2[nH]c(c(C(C)C)c2n1)-c1cn2ncnc2c(C)c1C	Toll-like receptor 7	0.75	US Patent	7CYN
CC(C)c1c([nH]c2cc(C)c(nc12)C1CCN(CC1)C(=O)CN(C)C)-c1cc(C)c2ncnn2c1	Toll-like receptor 7	0.75	US Patent	7CYN
COc1cc(cn2ncnc12)-c1[nH]c2ccc(OC3CCN(C)CC3)nc2c1C(C)C	Toll-like receptor 7	0.75	US Patent	7CYN
CNC(=O)C(C)(C)NC1CCC(CC1)c1ccc2[nH]c(c(C(C)C)c2n1)-c1cn2ncnc2c(C)c1C	Toll-like receptor 7	0.75	US Patent	7CYN
COc1cc(cn2ncnc12)-c1[nH]c2ccc(OC3CCN(C)CC3)nc2c1C(C)C	Toll-like receptor 7	0.75	US Patent	7CYN
CC(C)c1c([nH]c2cc(C)c(nc12)C1CCN(CC1)C(=O)CN(C)C)-c1cc(C)c2ncnn2c1	Toll-like receptor 7	0.75	US Patent	7CYN
CC(C)c1c([nH]c2cnc(N3CCC(CC3)NCC3(C)COC3)c(F)c12)-c1cc(C)c2ncnn2c1	Toll-like receptor 7	0.75	US Patent	7CYN
CC(C)c1c([nH]c2ccc(nc12)N1C[C@@H](C)N(C[C@@H]1C)C(=O)CCN1CCOCC1)-c1cn2ncnc2c(C)c1C	Toll-like receptor 7	0.76	US Patent	7CYN
CC(C)c1c([nH]c2ccc(nc12)N1CCN([C@H](C)C1)C(=O)CN(CCO)C(C)(C)C)-c1cn2ncnc2c(C)c1C	Toll-like receptor 7	0.76	US Patent	7CYN
CC(C)c1c([nH]c2ccc(nc12)N1C[C@@H](C)N(C[C@@H]1C)C(=O)CCN1CCOCC1)-c1cn2ncnc2c(C)c1C	Toll-like receptor 7	0.76	US Patent	7CYN
CC(C)c1c([nH]c2ccc(nc12)N1CCN([C@H](C)C1)C(=O)CN(CCO)C(C)(C)C)-c1cn2ncnc2c(C)c1C	Toll-like receptor 7	0.76	US Patent	7CYN
CC(C)c1c([nH]c2ccc(nc12)N1C[C@@H](C)N(C[C@@H]1C)C(=O)CCN1CCOCC1)-c1cn2ncnc2c(C)c1C	Toll-like receptor 7	0.76	US Patent	7CYN
COc1cc(cn2ncnc12)-c1[nH]c2cnc(C3CCN(CC3)C(C)C)c(F)c2c1C(C)C	Toll-like receptor 7	0.76	US Patent	7CYN
CC(C)c1c([nH]c2cnc(C3CCC(CC3)N3CC4(COC4)C3)c(F)c12)-c1cn2ncnc2c(C)c1C	Toll-like receptor 7	0.76	US Patent	7CYN
CC(C)c1c([nH]c2ccc(nc12)N1CCN([C@H](C)C1)C(=O)CN(CCO)C(C)(C)C)-c1cn2ncnc2c(C)c1C	Toll-like receptor 7	0.76	US Patent	7CYN
CC(C)c1c([nH]c2ccc(nc12)N1C[C@@H](C)N(C[C@@H]1C)C(=O)CCN1CC2(C1)CCOC2)-c1cn2ncnc2c(C)c1C	Toll-like receptor 7	0.77	US Patent	7CYN
CC(C)c1c([nH]c2ccc(nc12)N1CCC(CC1)NCC1(C)COC1)-c1cc(CO)c2ncnn2c1	Toll-like receptor 7	0.77	US Patent	7CYN
CC(C)c1c([nH]c2ccc(nc12)C1CCC(CC1)N1CC2(C1)CS(=O)(=O)C2)-c1cn2ncnc2c(C)c1C	Toll-like receptor 7	0.77	US Patent	7CYN
CC(C)c1c([nH]c2ccc(nc12)C1CCC(CC1)N1CC2(C1)CS(=O)(=O)C2)-c1cn2ncnc2c(C)c1C	Toll-like receptor 7	0.77	US Patent	7CYN
CC(C)c1c([nH]c2ccc(nc12)N1C[C@@H](C)N(C[C@@H]1C)C(=O)CCN1CC2(C1)CCOC2)-c1cn2ncnc2c(C)c1C	Toll-like receptor 7	0.77	US Patent	7CYN
CC(C)c1c([nH]c2ccc(nc12)N1CCC(CC1)NCC1(C)COC1)-c1cc(CO)c2ncnn2c1	Toll-like receptor 7	0.77	US Patent	7CYN
COc1cc(cn2ncnc12)-c1[nH]c2cnc(N3CCC(CC3)NC3CCOC3)c(F)c2c1C(C)C	Toll-like receptor 7	0.77	US Patent	7CYN
CC(C)c1c([nH]c2ccc(nc12)N1CCC(CC1)NCC1(C)COC1)-c1cc(CO)c2ncnn2c1	Toll-like receptor 7	0.77	US Patent	7CYN
CC(C)c1c([nH]c2ccc(nc12)N1C[C@@H](C)N(C[C@@H]1C)C(=O)CCN1CC2(C1)CCOC2)-c1cn2ncnc2c(C)c1C	Toll-like receptor 7	0.77	US Patent	7CYN
CC(C)c1c([nH]c2cnc(N3CCC(CC3)NCC(C)(C)O)c(F)c12)-c1cc(C)c2ncnn2c1	Toll-like receptor 7	0.77	US Patent	7CYN
CC(C)c1c([nH]c2ccc(nc12)C1CCC(CC1)N1CC2(C1)CS(=O)(=O)C2)-c1cn2ncnc2c(C)c1C	Toll-like receptor 7	0.77	US Patent	7CYN
CNC(=O)CCN1CCN([C@@H](C)C1)c1ccc2[nH]c(c(C(C)C)c2n1)-c1cn2ncnc2c(C)c1C	Toll-like receptor 7	0.78	US Patent	7CYN
CNC(=O)CCN1CCN([C@@H](C)C1)c1ccc2[nH]c(c(C(C)C)c2n1)-c1cn2ncnc2c(C)c1C	Toll-like receptor 7	0.78	US Patent	7CYN
CC(C)c1c([nH]c2cnc(C3CCC(CC3)NC3COC3)c(F)c12)-c1cn2ncnc2c(C)c1C	Toll-like receptor 7	0.78	US Patent	7CYN
CNC(=O)CCN1CCN([C@@H](C)C1)c1ccc2[nH]c(c(C(C)C)c2n1)-c1cn2ncnc2c(C)c1C	Toll-like receptor 7	0.78	US Patent	7CYN
CC(C)c1c([nH]c2ccc(nc12)N1[C@H]2CC[C@@H]1CN(C2)C(=O)CN(CCO)C(C)(C)C)-c1cn2ncnc2c(C)c1C	Toll-like receptor 7	0.79	US Patent	7CYN
CC(C)c1c([nH]c2ccc(nc12)C1CCC(CC1)N(C)CCC#N)-c1cn2ncnc2c(C)c1C	Toll-like receptor 7	0.79	US Patent	7CYN
CC(C)c1c([nH]c2ccc(nc12)C1CCC(CC1)N(CC#N)C1COC1)-c1cn2ncnc2c(C)c1C	Toll-like receptor 7	0.79	US Patent	7CYN
CC(C)c1c([nH]c2cc(C)c(nc12)C1CCC(CC1)NC1COC1)-c1cn2ncnc2c(C)c1C	Toll-like receptor 7	0.79	US Patent	7CYN
CC(C)c1c([nH]c2ccc(nc12)C1CCC(CC1)N(C)CCC#N)-c1cn2ncnc2c(C)c1C	Toll-like receptor 7	0.79	US Patent	7CYN
CC(C)c1c([nH]c2ccc(nc12)C1CCC(CC1)N(CC#N)C1COC1)-c1cn2ncnc2c(C)c1C	Toll-like receptor 7	0.79	US Patent	7CYN
CC(C)c1c([nH]c2cc(C)c(nc12)C1CCC(CC1)NC1COC1)-c1cn2ncnc2c(C)c1C	Toll-like receptor 7	0.79	US Patent	7CYN
CCC[C@H]1CN(CN1c1ccc2[nH]c(c(C(C)C)c2n1)-c1cn2ncnc2c(C)c1C)C(=O)CN(CCO)C(C)(C)C	Toll-like receptor 7	0.79	US Patent	7CYN
COc1cc(cn2ncnc12)-c1[nH]c2cnc(N3CCC(CC3)NCC(C)(C)O)c(F)c2c1C(C)C	Toll-like receptor 7	0.79	US Patent	7CYN
CC(C)c1c([nH]c2cc(C)c(nc12)C1CCC(CC1)NC1COC1)-c1cn2ncnc2c(C)c1C	Toll-like receptor 7	0.79	US Patent	7CYN
CC(C)c1c([nH]c2ccc(nc12)N1[C@H]2CC[C@@H]1CN(C2)C(=O)CN(CCO)C(C)(C)C)-c1cn2ncnc2c(C)c1C	Toll-like receptor 7	0.79	US Patent	7CYN
COc1cc(cn2ncnc12)-c1[nH]c2cnc(N3CCC(CC3)N3CCOCC3)c(C)c2c1C(C)C	Toll-like receptor 7	0.79	US Patent	7CYN
CC(C)c1c([nH]c2ccc(nc12)C1CCC(CC1)N(CC#N)C1COC1)-c1cn2ncnc2c(C)c1C	Toll-like receptor 7	0.79	US Patent	7CYN
COc1cc(cn2ncnc12)-c1[nH]c2cnc(C3CCC(CC3)NC3COC3)c(C)c2c1C(C)C	Toll-like receptor 7	0.79	US Patent	7CYN
CC(C)c1c([nH]c2ccc(nc12)C1CCC(CC1)N(C)CCC#N)-c1cn2ncnc2c(C)c1C	Toll-like receptor 7	0.79	US Patent	7CYN
CO[C@H]1CN[C@@H](C1)C(=O)N1CCC(CC1)c1ccc2[nH]c(c(C(C)C)c2c1)-c1cc(OC)c2ncnn2c1	Toll-like receptor 7	0.8	US Patent	7CYN
CC(C)c1c([nH]c2ccc(cc12)C1CCN(CC1)C(=O)CN(C)CCO)-c1cc(C)c2ncnn2c1	Toll-like receptor 7	0.8	US Patent	7CYN
CC(C)c1c([nH]c2ccc(cc12)C1CCN(CC1)C(=O)CN1CCC[C@H]1CO)-c1cn2ncnc2c(C)c1C	Toll-like receptor 7	0.8	US Patent	7CYN
CC(C)c1c([nH]c2ccc(cc12)C1CCN(CC(=O)N(C)CCO)CC1)-c1cc(C)c2ncnn2c1	Toll-like receptor 7	0.8	US Patent	7CYN
COc1cc(cn2ncnc12)-c1[nH]c2ccc(cc2c1C(C)C)C1CCN(CC(=O)N2CCS(=O)(=O)CC2)CC1	Toll-like receptor 7	0.8	US Patent	7CYN
CCC1(CNC(=O)CN2CCC(CC2)c2ccc3[nH]c(c(C(C)C)c3c2)-c2cc(OC)c3ncnn3c2)COC1	Toll-like receptor 7	0.8	US Patent	7CYN
COc1cc(cn2ncnc12)-c1[nH]c2ccc(cc2c1C(C)C)C1CCN(CC(=O)N2C(C)CCC2C)CC1	Toll-like receptor 7	0.8	US Patent	7CYN
CC(C)c1c([nH]c2ccc(cc12)C1CCN(CC(C)(C)O)CC1)-c1cc(C)c2ncnn2c1	Toll-like receptor 7	0.8	US Patent	7CYN
CC(C)N1CCC(CC1)c1ccc2[nH]c(c(C(C)C)c2c1)-c1cc(C)c2ncnn2c1	Toll-like receptor 7	0.8	US Patent	7CYN
CC(C)c1c([nH]c2ccc(cc12)C1CCN(Cc2ccn[nH]2)CC1)-c1cc(C)c2ncnn2c1	Toll-like receptor 7	0.8	US Patent	7CYN
CC(C)c1c([nH]c2ccc(cc12)C1CCN(CC1)C(=O)O[C@@H]1CCNC1)-c1cn2ncnc2c(C)c1C	Toll-like receptor 7	0.8	US Patent	7CYN
COc1cc(cn2ncnc12)-c1[nH]c2ccc(cc2c1C(C)C)C1CCN(CC1)C1COC1	Toll-like receptor 7	0.8	US Patent	7CYN
CNCC(=O)N1CCC(CC1)c1ccc2[nH]c(c(C(C)C)c2c1)-c1cc(C)c2ncnn2c1	Toll-like receptor 7	0.8	US Patent	7CYN
CCN(C)C(=O)CN1CCC(CC1)c1ccc2[nH]c(c(C(C)C)c2c1)-c1cc(C)c2ncnn2c1	Toll-like receptor 7	0.8	US Patent	7CYN
CCCNC(=O)CN1CCC(CC1)c1ccc2[nH]c(c(C(C)C)c2c1)-c1cc(C)c2ncnn2c1	Toll-like receptor 7	0.8	US Patent	7CYN
CCc1c(C)c(cn2ncnc12)-c1[nH]c2ccc(cc2c1C(C)C)C1CCNCC1	Toll-like receptor 7	0.8	US Patent	7CYN
CC(C)c1c([nH]c2ccc(cc12)C1CCNCC1)-c1cc(CC#N)c2ncnn2c1	Toll-like receptor 7	0.8	US Patent	7CYN
CC(C)c1c([nH]c2ccc(cc12)C1CCNCC1)-c1cc(Cl)c2ncnn2c1	Toll-like receptor 7	0.8	US Patent	7CYN
CC(C)c1c([nH]c2ccc(cc12)C1CCNCC1)-c1cn2ncnc2c(C2CC2)c1C	Toll-like receptor 7	0.8	US Patent	7CYN
CCc1c([nH]c2ccc(cc12)C1CCNCC1)-c1cc(OC)c2ncnn2c1	Toll-like receptor 7	0.8	US Patent	7CYN
CC(C)c1c([nH]c2ccc(cc12)C1CCN(CC1)C(=O)N1CC(N)C1)-c1cn2ncnc2c(C)c1C	Toll-like receptor 7	0.8	US Patent	7CYN
CC(C)c1c([nH]c2ccc(cc12)C1CCN(CCS(=O)(=O)N2CCOCC2)CC1)-c1cc(C)c2ncnn2c1	Toll-like receptor 7	0.8	US Patent	7CYN
CC(C)c1c([nH]c2ccc(cc12)C1CCN(CCS(=O)(=O)N(C)C)CC1)-c1cc(C)c2ncnn2c1	Toll-like receptor 7	0.8	US Patent	7CYN
CC(C)c1c([nH]c2ccc(cc12)C1CCN(CCCS(C)(=O)=O)CC1)-c1cc(C)c2ncnn2c1	Toll-like receptor 7	0.8	US Patent	7CYN
CC(C)c1c([nH]c2ccc(cc12)C1CCN(CC#N)CC1)-c1cc(C#N)c2ncnn2c1	Toll-like receptor 7	0.8	US Patent	7CYN
CCc1cc(cn2ncnc12)-c1[nH]c2ccc(cc2c1C(C)C)C1CCN(CC(=O)NC)CC1	Toll-like receptor 7	0.8	US Patent	7CYN
CC(C)c1c([nH]c2ccc(cc12)C1CCN(Cc2ccn(C)n2)CC1)-c1cc(C)c2ncnn2c1	Toll-like receptor 7	0.8	US Patent	7CYN
CC(C)c1c([nH]c2ccc(cc12)C1CCN(C)CC1)-c1cn2ncnc2c(C)c1C	Toll-like receptor 7	0.8	US Patent	7CYN
CC(C)N1CCC(CC1)c1ccc2[nH]c(c(C(C)C)c2c1)-c1cc(c2ncnn2c1)C(F)(F)F	Toll-like receptor 7	0.8	US Patent	7CYN
COc1cc(cn2ncnc12)-c1[nH]c2ccc(cc2c1C(C)C)C1CCN(CC1)C1CCOC(C)(C)C1	Toll-like receptor 7	0.8	US Patent	7CYN
CC(C)c1c([nH]c2ccc(cc12)C1CCN(CC1)C(=O)Cc1nnn(C)n1)-c1cc(C)c2ncnn2c1	Toll-like receptor 7	0.8	US Patent	7CYN
CC(C)N1CCC(CC1)c1ccc2[nH]c(c(C(C)C)c2c1)-c1cc(c2ncnn2c1)C(F)(F)F	Toll-like receptor 7	0.8	US Patent	7CYN
COc1cc(cn2ncnc12)-c1[nH]c2ccc(cc2c1C(C)C)C1CCN(CC1)C1CCOC(C)(C)C1	Toll-like receptor 7	0.8	US Patent	7CYN
CC(C)c1c([nH]c2ccc(cc12)C1CCN(CC1)C(=O)Cc1nnn(C)n1)-c1cc(C)c2ncnn2c1	Toll-like receptor 7	0.8	US Patent	7CYN
CO[C@H]1CN[C@@H](C1)C(=O)N1CCC(CC1)c1ccc2[nH]c(c(C(C)C)c2c1)-c1cc(OC)c2ncnn2c1	Toll-like receptor 7	0.8	US Patent	7CYN
CC(C)c1c([nH]c2ccc(cc12)C1CCN(CC1)C(=O)CN(C)CCO)-c1cc(C)c2ncnn2c1	Toll-like receptor 7	0.8	US Patent	7CYN
CC(C)c1c([nH]c2ccc(cc12)C1CCN(CC1)C(=O)CN1CCC[C@H]1CO)-c1cn2ncnc2c(C)c1C	Toll-like receptor 7	0.8	US Patent	7CYN
CC(C)c1c([nH]c2ccc(cc12)C1CCN(CC(=O)N(C)CCO)CC1)-c1cc(C)c2ncnn2c1	Toll-like receptor 7	0.8	US Patent	7CYN
CC(C)c1c([nH]c2ccc(nc12)N1C[C@H](C)NC[C@H]1C)-c1cn2ncnc2c(C)c1C	Toll-like receptor 7	0.8	US Patent	7CYN
COc1cc(cn2ncnc12)-c1[nH]c2ccc(cc2c1C(C)C)C1CCN(CC(=O)N2CCS(=O)(=O)CC2)CC1	Toll-like receptor 7	0.8	US Patent	7CYN
CCC1(CNC(=O)CN2CCC(CC2)c2ccc3[nH]c(c(C(C)C)c3c2)-c2cc(OC)c3ncnn3c2)COC1	Toll-like receptor 7	0.8	US Patent	7CYN
COc1cc(cn2ncnc12)-c1[nH]c2ccc(cc2c1C(C)C)C1CCN(CC(=O)N2C(C)CCC2C)CC1	Toll-like receptor 7	0.8	US Patent	7CYN
CC(C)c1c([nH]c2ccc(cc12)C1CCN(CC1)C(=O)O[C@@H]1CCNC1)-c1cn2ncnc2c(C)c1C	Toll-like receptor 7	0.8	US Patent	7CYN
CC(C)c1c([nH]c2ccc(cc12)C1CCN(CC1)C(=O)N1CC(N)C1)-c1cn2ncnc2c(C)c1C	Toll-like receptor 7	0.8	US Patent	7CYN
COc1cc(cn2ncnc12)-c1[nH]c2ccc(nc2c1C(C)C)C1CCC(CC1)NCc1cnc(C)cn1	Toll-like receptor 7	0.8	US Patent	7CYN
COc1cc(cn2ncnc12)-c1[nH]c2ccc(nc2c1C(C)C)C1CCC(CC1)N1CCCC1	Toll-like receptor 7	0.8	US Patent	7CYN
CC(C)c1c([nH]c2ccc(cc12)C1CCN(CC(C)(C)O)CC1)-c1cc(C)c2ncnn2c1	Toll-like receptor 7	0.8	US Patent	7CYN
CC(C)N1CCC(CC1)c1ccc2[nH]c(c(C(C)C)c2c1)-c1cc(C)c2ncnn2c1	Toll-like receptor 7	0.8	US Patent	7CYN
CC(C)c1c([nH]c2ccc(cc12)C1CCN(Cc2ccn[nH]2)CC1)-c1cc(C)c2ncnn2c1	Toll-like receptor 7	0.8	US Patent	7CYN
COc1cc(cn2ncnc12)-c1[nH]c2ccc(cc2c1C(C)C)C1CCN(CC1)C1COC1	Toll-like receptor 7	0.8	US Patent	7CYN
CNCC(=O)N1CCC(CC1)c1ccc2[nH]c(c(C(C)C)c2c1)-c1cc(C)c2ncnn2c1	Toll-like receptor 7	0.8	US Patent	7CYN
CCN(C)C(=O)CN1CCC(CC1)c1ccc2[nH]c(c(C(C)C)c2c1)-c1cc(C)c2ncnn2c1	Toll-like receptor 7	0.8	US Patent	7CYN
CCCNC(=O)CN1CCC(CC1)c1ccc2[nH]c(c(C(C)C)c2c1)-c1cc(C)c2ncnn2c1	Toll-like receptor 7	0.8	US Patent	7CYN
CCc1c(C)c(cn2ncnc12)-c1[nH]c2ccc(cc2c1C(C)C)C1CCNCC1	Toll-like receptor 7	0.8	US Patent	7CYN
CC(C)c1c([nH]c2ccc(cc12)C1CCNCC1)-c1cc(CC#N)c2ncnn2c1	Toll-like receptor 7	0.8	US Patent	7CYN
CC(C)c1c([nH]c2ccc(cc12)C1CCNCC1)-c1cc(Cl)c2ncnn2c1	Toll-like receptor 7	0.8	US Patent	7CYN
CC(C)c1c([nH]c2ccc(cc12)C1CCNCC1)-c1cn2ncnc2c(C2CC2)c1C	Toll-like receptor 7	0.8	US Patent	7CYN
CCc1c([nH]c2ccc(cc12)C1CCNCC1)-c1cc(OC)c2ncnn2c1	Toll-like receptor 7	0.8	US Patent	7CYN
CC(C)c1c([nH]c2ccc(cc12)C1CCN(CCS(=O)(=O)N2CCOCC2)CC1)-c1cc(C)c2ncnn2c1	Toll-like receptor 7	0.8	US Patent	7CYN
CC(C)c1c([nH]c2ccc(cc12)C1CCN(CCS(=O)(=O)N(C)C)CC1)-c1cc(C)c2ncnn2c1	Toll-like receptor 7	0.8	US Patent	7CYN
CC(C)c1c([nH]c2ccc(cc12)C1CCN(CCCS(C)(=O)=O)CC1)-c1cc(C)c2ncnn2c1	Toll-like receptor 7	0.8	US Patent	7CYN
CC(C)c1c([nH]c2ccc(cc12)C1CCN(CC#N)CC1)-c1cc(C#N)c2ncnn2c1	Toll-like receptor 7	0.8	US Patent	7CYN
CCc1cc(cn2ncnc12)-c1[nH]c2ccc(cc2c1C(C)C)C1CCN(CC(=O)NC)CC1	Toll-like receptor 7	0.8	US Patent	7CYN
COc1cc(cn2ncnc12)-c1[nH]c2ccc(nc2c1C(C)C)C1CCNCC1	Toll-like receptor 7	0.8	US Patent	7CYN
CC(C)c1c([nH]c2ccc(cc12)C1CCN(Cc2ccn(C)n2)CC1)-c1cc(C)c2ncnn2c1	Toll-like receptor 7	0.8	US Patent	7CYN
CC(C)c1c([nH]c2ccc(cc12)C1CCN(C)CC1)-c1cn2ncnc2c(C)c1C	Toll-like receptor 7	0.8	US Patent	7CYN
CC(C)c1c([nH]c2ccc(cc12)C1CCN(CCCN(C)C)CC1)-c1cc(C)nc(C)c1	Toll-like receptor 7	0.8	US Patent	7CYN
CC(C)c1c([nH]c2cc(F)c(cc12)C1CCNCC1)-c1cc(C)nc(C)c1	Toll-like receptor 7	0.8	US Patent	7CYN
CC(C)c1c([nH]c2ccc(cc12)C1CCN(CC2COC2)CC1)-c1cc(C)nc(C)c1	Toll-like receptor 7	0.8	US Patent	7CYN
COc1cc(cn2ncnc12)-c1[nH]c2ccc(nc2c1C(C)C)C1CCC(CC1)NCc1cnc(C)cn1	Toll-like receptor 7	0.8	US Patent	7CYN
COc1cc(cn2ncnc12)-c1[nH]c2ccc(nc2c1C(C)C)C1CCC(CC1)N1CCCC1	Toll-like receptor 7	0.8	US Patent	7CYN
COc1cc(cn2ncnc12)-c1[nH]c2ccc(nc2c1C(C)C)C1CCNCC1	Toll-like receptor 7	0.8	US Patent	7CYN
CC(C)c1c([nH]c2ccc(nc12)N1C[C@H](C)NC[C@H]1C)-c1cn2ncnc2c(C)c1C	Toll-like receptor 7	0.8	US Patent	7CYN
CC(C)c1c([nH]c2ccc(cc12)-c1nc2CCN(Cc2s1)C(=O)CN(C)C)-c1cc(C)nc(C)c1	Toll-like receptor 7	0.8	US Patent	7CYN
COc1cc(cn2ncnc12)-c1[nH]c2ccc(nc2c1C(C)C)C1CCNCC1	Toll-like receptor 7	0.8	US Patent	7CYN
CC(C)c1c([nH]c2cc(F)c(cc12)C1CCNCC1)-c1ccnc(C)c1	Toll-like receptor 7	0.8	ChEMBL	7CYN
COc1cc(cn2ncnc12)-c1[nH]c2ccc(nc2c1C(C)C)C1CCC(CC1)N1CCCC1	Toll-like receptor 7	0.8	US Patent	7CYN
COc1cc(cn2ncnc12)-c1cc2[nH]c3ccc(cc3c2c(C)c1C)C1CCNCC1	Toll-like receptor 7	0.8	ChEMBL	7CYN
COc1cc(cn2ncnc12)-c1[nH]c2cnc(N3CCC(CC3)NC(C)C)c(F)c2c1C(C)C	Toll-like receptor 7	0.8	US Patent	7CYN
CC(C)c1c([nH]c2ccc(nc12)N1C[C@H](C)NC[C@H]1C)-c1cn2ncnc2c(C)c1C	Toll-like receptor 7	0.8	US Patent	7CYN
COc1cc(cn2ncnc12)-c1[nH]c2ccc(nc2c1C(C)C)C1CCC(CC1)NCc1cnc(C)cn1	Toll-like receptor 7	0.8	US Patent	7CYN
COc1cc(cn2ncnc12)-c1[nH]c2cnc(N3CCC(CC3)NC3CCOCC3)c(F)c2c1C(C)C	Toll-like receptor 7	0.8	US Patent	7CYN
CC(C)c1c([nH]c2ccc(nc12)C1CCC(CC1)N1CC2(CCO2)C1)-c1cn2ncnc2c(C)c1C	Toll-like receptor 7	0.81	US Patent	7CYN
CC(C)c1c([nH]c2ccc(nc12)C1CCC(CC1)N(C)CC1(CC1)S(C)(=O)=O)-c1cn2ncnc2c(C)c1C	Toll-like receptor 7	0.81	US Patent	7CYN
COc1cc(cn2ncnc12)-c1[nH]c2ccc(OCC3CCN(CC3)C(C)C)nc2c1C(C)C	Toll-like receptor 7	0.81	US Patent	7CYN
CC(C)c1c([nH]c2ccc(nc12)C1CCC(CC1)N(C)CC1(CC1)S(C)(=O)=O)-c1cn2ncnc2c(C)c1C	Toll-like receptor 7	0.81	US Patent	7CYN
COc1cc(cn2ncnc12)-c1[nH]c2ccc(OCC3CCN(CC3)C(C)C)nc2c1C(C)C	Toll-like receptor 7	0.81	US Patent	7CYN
CC(C)c1c([nH]c2ccc(nc12)C1CCC(CC1)N1CC2(CCO2)C1)-c1cn2ncnc2c(C)c1C	Toll-like receptor 7	0.81	US Patent	7CYN
CC(C)c1c([nH]c2ccc(nc12)C1CCC(CC1)N1CC2(CCO2)C1)-c1cn2ncnc2c(C)c1C	Toll-like receptor 7	0.81	US Patent	7CYN
COc1cc(c[nH]\c1=N/C=N)-c1[nH]c2ccc(OCC3CCN(CC3)C(C)C)nc2c1C(C)C	Toll-like receptor 7	0.81	US Patent	7CYN
CC(C)c1c([nH]c2ccc(nc12)C1CCC(CC1)N(C)CC1(CC1)S(C)(=O)=O)-c1cn2ncnc2c(C)c1C	Toll-like receptor 7	0.81	US Patent	7CYN
CC(C)[C@H]1CN(CCN1)c1ccc2[nH]c(c(C(C)C)c2n1)-c1cn2ncnc2c(C)c1C	Toll-like receptor 7	0.82	US Patent	7CYN
CC(C)c1c([nH]c2ccc(nc12)N1C[C@@H](C)NC[C@H]1C)-c1cn2ncnc2c(C)c1C	Toll-like receptor 7	0.82	US Patent	7CYN
CNC1CCC(CC1)c1nc2c(C(C)C)c([nH]c2cc1F)-c1cc(OC)c2ncnn2c1	Toll-like receptor 7	0.82	US Patent	7CYN
CC(C)c1c([nH]c2ccc(nc12)C1CCC(CC1)N(CCO)CC1(CC1)S(C)(=O)=O)-c1cn2ncnc2c(C)c1C	Toll-like receptor 7	0.82	US Patent	7CYN
CNC1CCC(CC1)c1nc2c(C(C)C)c([nH]c2cc1F)-c1cc(OC)c2ncnn2c1	Toll-like receptor 7	0.82	US Patent	7CYN
CC(C)c1c([nH]c2ccc(nc12)C1CCC(CC1)N(CCO)CC1(CC1)S(C)(=O)=O)-c1cn2ncnc2c(C)c1C	Toll-like receptor 7	0.82	US Patent	7CYN
CC(C)[C@H]1CN(CCN1)c1ccc2[nH]c(c(C(C)C)c2n1)-c1cn2ncnc2c(C)c1C	Toll-like receptor 7	0.82	US Patent	7CYN
CC(C)c1c([nH]c2ccc(nc12)N1C[C@@H](C)NC[C@H]1C)-c1cn2ncnc2c(C)c1C	Toll-like receptor 7	0.82	US Patent	7CYN
CC(C)c1c([nH]c2ccc(nc12)N1C[C@@H](C)NC[C@H]1C)-c1cn2ncnc2c(C)c1C	Toll-like receptor 7	0.82	US Patent	7CYN
COc1cc(cn2ncnc12)-c1[nH]c2cnc(N3CCC(CC3)N(C)C)c(F)c2c1C(C)C	Toll-like receptor 7	0.82	US Patent	7CYN
CC(C)c1c([nH]c2ccc(nc12)C1CCC(CC1)N(CCO)CC1(CC1)S(C)(=O)=O)-c1cn2ncnc2c(C)c1C	Toll-like receptor 7	0.82	US Patent	7CYN
CC(C)[C@H]1CN(CCN1)c1ccc2[nH]c(c(C(C)C)c2n1)-c1cn2ncnc2c(C)c1C	Toll-like receptor 7	0.82	US Patent	7CYN
CNC1CCC(CC1)c1nc2c(C(C)C)c([nH]c2cc1F)-c1cc(OC)c2ncnn2c1	Toll-like receptor 7	0.82	US Patent	7CYN
CC(C)c1c([nH]c2ccc(nc12)C1CCC(CC1)N(C)Cc1c[nH]nn1)-c1cn2ncnc2c(C)c1C	Toll-like receptor 7	0.83	US Patent	7CYN
CC(C)c1c([nH]c2ccc(nc12)C1CCN(CCS(C)(=O)=O)CC1)-c1cc(C)c2ncnn2c1	Toll-like receptor 7	0.83	US Patent	7CYN
CC(C)c1c([nH]c2ccc(nc12)C1CCN(CC1)C1CCN(C)C1=O)-c1cn2ncnc2c(C)c1C	Toll-like receptor 7	0.83	US Patent	7CYN
CC(C)c1c([nH]c2ccc(nc12)C1CCC(CC1)N(C)Cc1c[nH]nn1)-c1cn2ncnc2c(C)c1C	Toll-like receptor 7	0.83	US Patent	7CYN
CC(C)c1c([nH]c2ccc(nc12)C1CCN(CCS(C)(=O)=O)CC1)-c1cc(C)c2ncnn2c1	Toll-like receptor 7	0.83	US Patent	7CYN
CC(C)c1c([nH]c2ccc(nc12)C1CCN(CC1)C1CCN(C)C1=O)-c1cn2ncnc2c(C)c1C	Toll-like receptor 7	0.83	US Patent	7CYN
CCN(C)C1CCC(CC1)c1ncc2[nH]c(c(C(C)C)c2c1F)-c1cc(C)c2ncnn2c1	Toll-like receptor 7	0.83	US Patent	7CYN
CC(C)c1c([nH]c2ccc(nc12)C1CCN(CCS(C)(=O)=O)CC1)-c1cc(C)c2ncnn2c1	Toll-like receptor 7	0.83	US Patent	7CYN
CC(C)c1c([nH]c2ccc(nc12)C1CCC(CC1)N(C)Cc1c[nH]nn1)-c1cn2ncnc2c(C)c1C	Toll-like receptor 7	0.83	US Patent	7CYN
CC(C)c1c([nH]c2ccc(nc12)C1CCN(CC1)C1CCN(C)C1=O)-c1cn2ncnc2c(C)c1C	Toll-like receptor 7	0.83	US Patent	7CYN
CC(C)c1c([nH]c2ccc(nc12)N1C[C@@H](C)N(C[C@@H]1C)C(=O)CCN1CCOCC1(C)C)-c1cn2ncnc2c(C)c1C	Toll-like receptor 7	0.84	US Patent	7CYN
CC(C)c1c([nH]c2ccc(nc12)N1C[C@@H](C)N(C[C@@H]1C)C(=O)CCN1CCOCC1(C)C)-c1cn2ncnc2c(C)c1C	Toll-like receptor 7	0.84	US Patent	7CYN
CC(C)c1c([nH]c2ccc(nc12)N1C[C@@H](C)N(C[C@@H]1C)C(=O)CCN1CCOCC1(C)C)-c1cn2ncnc2c(C)c1C	Toll-like receptor 7	0.84	US Patent	7CYN
COc1cc(cn2ncnc12)-c1[nH]c2cnc(C3CCC(CC3)NCC3(C)COC3)c(F)c2c1C(C)C	Toll-like receptor 7	0.84	US Patent	7CYN
CC(C)c1c([nH]c2ccc(nc12)N1C[C@@H](C)N(C[C@@H]1C)C(=O)CCN1CCCC1)-c1cn2ncnc2c(C)c1C	Toll-like receptor 7	0.85	US Patent	7CYN
CC(C)c1c([nH]c2ccc(nc12)C1CCC(CC1)NCc1cnco1)-c1cn2ncnc2c(C)c1C	Toll-like receptor 7	0.85	US Patent	7CYN
COc1cc(cn2ncnc12)-c1[nH]c2ccc(nc2c1C(C)C)C1CCN(CC#N)CC1	Toll-like receptor 7	0.85	US Patent	7CYN
CC(C)c1c([nH]c2ccc(nc12)N1C[C@@H](C)N(C[C@@H]1C)C(=O)CCN1CCCC1)-c1cn2ncnc2c(C)c1C	Toll-like receptor 7	0.85	US Patent	7CYN
CC(C)c1c([nH]c2ccc(nc12)C1CCC(CC1)NCc1cnco1)-c1cn2ncnc2c(C)c1C	Toll-like receptor 7	0.85	US Patent	7CYN
COc1cc(cn2ncnc12)-c1[nH]c2ccc(nc2c1C(C)C)C1CCN(CC#N)CC1	Toll-like receptor 7	0.85	US Patent	7CYN
CC(C)c1c([nH]c2ccc(nc12)C1CCC(CC1)NCc1cnco1)-c1cn2ncnc2c(C)c1C	Toll-like receptor 7	0.85	US Patent	7CYN
COc1cc(cn2ncnc12)-c1[nH]c2ccc(nc2c1C(C)C)C1CCN(CC#N)CC1	Toll-like receptor 7	0.85	US Patent	7CYN
CC(C)c1c([nH]c2ccc(nc12)N1C[C@@H](C)N(C[C@@H]1C)C(=O)CCN1CCCC1)-c1cn2ncnc2c(C)c1C	Toll-like receptor 7	0.85	US Patent	7CYN
CC(C)NC1CCN(CC1)c1ncc2[nH]c(c(C(C)C)c2c1F)-c1cc(C)c2ncnn2c1	Toll-like receptor 7	0.85	US Patent	7CYN
CC(C)c1c([nH]c2ccc(nc12)N1C[C@H]2C[C@@H]1CCN2CC#N)-c1cn2ncnc2c(C)c1C	Toll-like receptor 7	0.86	US Patent	7CYN
CCN(C)CC(=O)N1CCN(C[C@@H]1C)c1ccc2[nH]c(c(C(C)C)c2n1)-c1cn2ncnc2c(C)c1C	Toll-like receptor 7	0.86	US Patent	7CYN
CC(C)c1c([nH]c2ccc(nc12)N1CCN(C[C@H]1C)C(=O)CN(C)C(C)(C)C)-c1cn2ncnc2c(C)c1C	Toll-like receptor 7	0.86	US Patent	7CYN
CC(C)c1c([nH]c2ccc(nc12)C1CCC(CC1)NCCC(F)(F)F)-c1cc(CO)c2ncnn2c1	Toll-like receptor 7	0.86	US Patent	7CYN
CC(C)c1c([nH]c2ccc(nc12)N1C[C@H]2C[C@@H]1CN2CC#N)-c1cn2ncnc2c(C)c1C	Toll-like receptor 7	0.86	US Patent	7CYN
CC(C)c1c([nH]c2ccc(nc12)C1CCC(CC1)NCCC(F)(F)F)-c1cc(CO)c2ncnn2c1	Toll-like receptor 7	0.86	US Patent	7CYN
CCN(C)CC(=O)N1CCN(C[C@@H]1C)c1ccc2[nH]c(c(C(C)C)c2n1)-c1cn2ncnc2c(C)c1C	Toll-like receptor 7	0.86	US Patent	7CYN
CC(C)c1c([nH]c2ccc(nc12)N1CCN(C[C@H]1C)C(=O)CN(C)C(C)(C)C)-c1cn2ncnc2c(C)c1C	Toll-like receptor 7	0.86	US Patent	7CYN
CC(C)c1c([nH]c2ccc(N[C@@H]3C[C@H](C)N(CC#N)C3)nc12)-c1cn2ncnc2c(C)c1C	Toll-like receptor 7	0.86	US Patent	7CYN
CCN(C)CC(=O)N1CCN(C[C@@H]1C)c1ccc2[nH]c(c(C(C)C)c2n1)-c1cn2ncnc2c(C)c1C	Toll-like receptor 7	0.86	US Patent	7CYN
CC(C)c1c([nH]c2ccc(nc12)C1CCC(CC1)NCCC(F)(F)F)-c1cc(CO)c2ncnn2c1	Toll-like receptor 7	0.86	US Patent	7CYN
CC(C)c1c([nH]c2ccc(nc12)N1CCN(C[C@H]1C)C(=O)CN(C)C(C)(C)C)-c1cn2ncnc2c(C)c1C	Toll-like receptor 7	0.86	US Patent	7CYN
COc1cc(cn2ncnc12)-c1[nH]c2cnc(N3CCC(CC3)NC3CCOC3)c(F)c2c1C(C)C	Toll-like receptor 7	0.86	US Patent	7CYN
COc1cc(cn2ncnc12)-c1[nH]c2ccc(nc2c1C(C)C)N1CCN(CC1)C(C)C	Toll-like receptor 7	0.87	US Patent	7CYN
CC(C)c1c([nH]c2ccc(nc12)N1CCNC[C@H]1C)-c1cn2ncnc2c(C)c1C	Toll-like receptor 7	0.87	US Patent	7CYN
CC(C)c1c([nH]c2ccc(nc12)C1CCC(CC1)NCC#C)-c1cn2ncnc2c(C)c1C	Toll-like receptor 7	0.87	US Patent	7CYN
CCN(C)C1CCC(CC1)c1ccc2[nH]c(c(C(C)C)c2n1)-c1cn2ncnc2c(C)c1C	Toll-like receptor 7	0.87	US Patent	7CYN
CC(C)c1c([nH]c2ccc(nc12)C1CCC(CC1)N(C)CCS(C)(=O)=O)-c1cn2ncnc2c(C)c1C	Toll-like receptor 7	0.87	US Patent	7CYN
CC(C)c1c([nH]c2ccc(nc12)C1CCN(CC1)C(=O)CN(C)C)-c1cc(C)c2ncnn2c1	Toll-like receptor 7	0.87	US Patent	7CYN
CC(C)c1c([nH]c2ccc(nc12)N1CCNC[C@H]1C)-c1cn2ncnc2c(C)c1C	Toll-like receptor 7	0.87	US Patent	7CYN
CC(C)c1c([nH]c2ccc(nc12)C1CCC(CC1)NCC#C)-c1cn2ncnc2c(C)c1C	Toll-like receptor 7	0.87	US Patent	7CYN
CCN(C)C1CCC(CC1)c1ccc2[nH]c(c(C(C)C)c2n1)-c1cn2ncnc2c(C)c1C	Toll-like receptor 7	0.87	US Patent	7CYN
CC(C)c1c([nH]c2ccc(nc12)C1CCC(CC1)N(C)CCS(C)(=O)=O)-c1cn2ncnc2c(C)c1C	Toll-like receptor 7	0.87	US Patent	7CYN
CC(C)c1c([nH]c2ccc(nc12)C1CCN(CC1)C(=O)CN(C)C)-c1cc(C)c2ncnn2c1	Toll-like receptor 7	0.87	US Patent	7CYN
COc1cc(cn2ncnc12)-c1[nH]c2ccc(nc2c1C(C)C)N1CCN(CC1)C(C)C	Toll-like receptor 7	0.87	US Patent	7CYN
CCN(C)C1CCC(CC1)c1ccc2[nH]c(c(C(C)C)c2n1)-c1cn2ncnc2c(C)c1C	Toll-like receptor 7	0.87	US Patent	7CYN
CC(C)c1c([nH]c2ccc(nc12)C1CCC(CC1)NCC#C)-c1cn2ncnc2c(C)c1C	Toll-like receptor 7	0.87	US Patent	7CYN
COc1cc(cn2ncnc12)-c1[nH]c2ccc(nc2c1C(C)C)N1CCN(CC1)C(C)C	Toll-like receptor 7	0.87	US Patent	7CYN
CC(C)c1c([nH]c2ccc(nc12)C1CCC(CC1)N(C)CCS(C)(=O)=O)-c1cn2ncnc2c(C)c1C	Toll-like receptor 7	0.87	US Patent	7CYN
CC(C)c1c([nH]c2ccc(nc12)N1CCNC[C@H]1C)-c1cn2ncnc2c(C)c1C	Toll-like receptor 7	0.87	US Patent	7CYN
COc1cc(cn2ncnc12)-c1[nH]c2cnc(C3CCC(CC3)NC(C)C)c(F)c2c1C(C)C	Toll-like receptor 7	0.87	US Patent	7CYN
CC(C)c1c([nH]c2ccc(nc12)C1CCN(CC1)C(=O)CN(C)C)-c1cc(C)c2ncnn2c1	Toll-like receptor 7	0.87	US Patent	7CYN
CC(C)c1c([nH]c2ccc(nc12)N1CCN(CC1)C(=O)C1CN(C)C1)-c1cn2ncnc2c(C)c1C	Toll-like receptor 7	0.88	US Patent	7CYN
COc1cc(cn2ncnc12)-c1[nH]c2ccc(nc2c1C(C)C)C1CCC(CC1)N1CCC2(COC2)C1	Toll-like receptor 7	0.88	US Patent	7CYN
CC(C)c1c([nH]c2ccc(nc12)C1CCC(CC1)N(CCS(C)(=O)=O)CC#N)-c1cn2ncnc2c(C)c1C	Toll-like receptor 7	0.88	US Patent	7CYN
COc1cc(cn2ncnc12)-c1[nH]c2cc(F)c(nc2c1C(C)C)C1CCNCC1	Toll-like receptor 7	0.88	US Patent	7CYN
CCN(CCS(C)(=O)=O)C1CCC(CC1)c1ccc2[nH]c(c(C(C)C)c2n1)-c1cn2ncnc2c(C)c1C	Toll-like receptor 7	0.88	US Patent	7CYN
CC(C)c1c([nH]c2ccc(nc12)N1CCN(CC1)C(=O)C1CN(C)C1)-c1cn2ncnc2c(C)c1C	Toll-like receptor 7	0.88	US Patent	7CYN
COc1cc(cn2ncnc12)-c1[nH]c2cc(F)c(nc2c1C(C)C)C1CCNCC1	Toll-like receptor 7	0.88	US Patent	7CYN
COc1cc(cn2ncnc12)-c1[nH]c2ccc(nc2c1C(C)C)C1CCC(CC1)N1CCC2(COC2)C1	Toll-like receptor 7	0.88	US Patent	7CYN
COc1cc(cn2ncnc12)-c1[nH]c2cc(F)c(nc2c1C(C)C)C1CCNCC1	Toll-like receptor 7	0.88	US Patent	7CYN
CCN(CCS(C)(=O)=O)C1CCC(CC1)c1ccc2[nH]c(c(C(C)C)c2n1)-c1cn2ncnc2c(C)c1C	Toll-like receptor 7	0.88	US Patent	7CYN
CC(C)c1c([nH]c2ccc(nc12)N1CCN(CC1)C(=O)C1CN(C)C1)-c1cn2ncnc2c(C)c1C	Toll-like receptor 7	0.88	US Patent	7CYN
COc1cc(cn2ncnc12)-c1[nH]c2ccc(nc2c1C(C)C)C1CCC(CC1)N1CCC2(COC2)C1	Toll-like receptor 7	0.88	US Patent	7CYN
CC(C)c1c([nH]c2ccc(nc12)N1C[C@H](C)N(CCC(N)=O)[C@@H](C)C1)-c1cn2ncnc2c(C)c1C	Toll-like receptor 7	0.89	US Patent	7CYN
CC(C)c1c([nH]c2ccc(nc12)N1C[C@@H](C)N(C[C@@H]1C)C(=O)CCN1CC2(COC2)C1)-c1cn2ncnc2c(C)c1C	Toll-like receptor 7	0.89	US Patent	7CYN
COc1cc(cn2ncnc12)-c1[nH]c2ccc(nc2c1C(C)C)C1CCC(CC1)N(C)C(C)C	Toll-like receptor 7	0.89	US Patent	7CYN
CC(C)c1c([nH]c2ccc(nc12)C1CCC(CC1)N(C)C1COC1)-c1cn2ncnc2c(C)c1C	Toll-like receptor 7	0.89	US Patent	7CYN
CC(C)c1c([nH]c2ccc(nc12)C1CCC2(CNC2)CC1)-c1cn2ncnc2c(C)c1C	Toll-like receptor 7	0.89	US Patent	7CYN
COc1cc(cn2ncnc12)-c1[nH]c2ccc(nc2c1C(C)C)C1CCC(CC1)N(C)C(C)C	Toll-like receptor 7	0.89	US Patent	7CYN
CC(C)c1c([nH]c2ccc(nc12)N1C[C@H](C)N(CCC(N)=O)[C@@H](C)C1)-c1cn2ncnc2c(C)c1C	Toll-like receptor 7	0.89	US Patent	7CYN
CC(C)c1c([nH]c2ccc(nc12)C1CCC(CC1)N(C)C1COC1)-c1cn2ncnc2c(C)c1C	Toll-like receptor 7	0.89	US Patent	7CYN
CC(C)c1c([nH]c2ccc(nc12)C1CCC2(CNC2)CC1)-c1cn2ncnc2c(C)c1C	Toll-like receptor 7	0.89	US Patent	7CYN
CC(C)c1c([nH]c2ccc(nc12)N1C[C@@H](C)N(C[C@@H]1C)C(=O)CCN1CC2(COC2)C1)-c1cn2ncnc2c(C)c1C	Toll-like receptor 7	0.89	US Patent	7CYN
CC(C)c1c([nH]c2ccc(nc12)N1C[C@@H](C)N(C[C@@H]1C)C(=O)CCN1CC2(COC2)C1)-c1cn2ncnc2c(C)c1C	Toll-like receptor 7	0.89	US Patent	7CYN
CC(C)c1c([nH]c2ccc(nc12)N1C[C@H](C)N(CCC(N)=O)[C@@H](C)C1)-c1cn2ncnc2c(C)c1C	Toll-like receptor 7	0.89	US Patent	7CYN
CC(C)c1c([nH]c2ccc(nc12)C1CCC(CC1)N(C)C1COC1)-c1cn2ncnc2c(C)c1C	Toll-like receptor 7	0.89	US Patent	7CYN
COc1cc(cn2ncnc12)-c1[nH]c2ccc(nc2c1C(C)C)C1CCC(CC1)N(C)C(C)C	Toll-like receptor 7	0.89	US Patent	7CYN
CC(C)c1c([nH]c2ccc(nc12)C1CCC2(CNC2)CC1)-c1cn2ncnc2c(C)c1C	Toll-like receptor 7	0.89	US Patent	7CYN
CC(C)c1c([nH]c2ccc(cc12)C1CCN(CC1)C(=O)[C@H]1C[C@@H](O)CN1)-c1cc(C)c2ncnn2c1	Toll-like receptor 7	0.9	US Patent	7CYN
COCCNCC(=O)N1CCC(CC1)c1ccc2[nH]c(c(C(C)C)c2c1)-c1cn2ncnc2c(C)c1C	Toll-like receptor 7	0.9	US Patent	7CYN
CNCC(=O)N1CCC(CC1)c1ccc2[nH]c(c(C(C)C)c2c1)-c1cn2ncnc2c(C)c1C	Toll-like receptor 7	0.9	US Patent	7CYN
CC(C)c1c([nH]c2ccc(cc12)C1CCN(CC1)C(=O)CN(C)CCO)-c1cn2ncnc2c(C)c1C	Toll-like receptor 7	0.9	US Patent	7CYN
CCCN(C)CC(=O)N1CCC(CC1)c1ccc2[nH]c(c(C(C)C)c2c1)-c1cn2ncnc2c(C)c1C	Toll-like receptor 7	0.9	US Patent	7CYN
CC(C)c1c([nH]c2ccc(cc12)C1CCN(CC1)C(=O)CN1CCC1)-c1cn2ncnc2c(C)c1C	Toll-like receptor 7	0.9	US Patent	7CYN
CC(C)c1c([nH]c2ccc(cc12)C1CCN(CC(=O)N2CC3(COC3)C2)CC1)-c1cn2ncnc2c(C)c1C	Toll-like receptor 7	0.9	US Patent	7CYN
CC(C)c1c([nH]c2ccc(cc12)C1CCN(CC1)C1COC1)-c1cc(C)c2ncnn2c1	Toll-like receptor 7	0.9	US Patent	7CYN
CCCN1CCC(CC1)c1ccc2[nH]c(c(C(C)C)c2c1)-c1cc(C)c2ncnn2c1	Toll-like receptor 7	0.9	US Patent	7CYN
CC(C)c1c([nH]c2ccc(cc12)C1CCN(CC1)C(=O)CCN(C)CCO)-c1cn2ncnc2c(C)c1C	Toll-like receptor 7	0.9	US Patent	7CYN
CC(C)c1c([nH]c2ccc(cc12)C1CCN(CC1)C(=O)OC1CNC1)-c1cn2ncnc2c(C)c1C	Toll-like receptor 7	0.9	US Patent	7CYN
CC(C)N(C)CC(=O)N1CCC(CC1)c1ccc2[nH]c(c(C(C)C)c2c1)-c1cc(C)c2ncnn2c1	Toll-like receptor 7	0.9	US Patent	7CYN
CC(C)c1c([nH]c2ccc(cc12)C1CCN(CC(=O)N2CC[C@H](O)C2)CC1)-c1cc(C)c2ncnn2c1	Toll-like receptor 7	0.9	US Patent	7CYN
CC(C)c1c([nH]c2ccc(cc12)C1CCN(CC(=O)N2CCCCC2)CC1)-c1cc(C)c2ncnn2c1	Toll-like receptor 7	0.9	US Patent	7CYN
CC(C)c1c([nH]c2ccc(cc12)C1CCNCC1)-c1cc(C2CC2)c2nc(C)nn2c1	Toll-like receptor 7	0.9	US Patent	7CYN
CC(C)c1c([nH]c2ccc(cc12)C1CCN(CC1)C(=O)OCCN1CCN(C)CC1)-c1cn2ncnc2c(C)c1C	Toll-like receptor 7	0.9	US Patent	7CYN
CC(C)c1c([nH]c2ccc(cc12)C1CC2CCC(C1)N2CCS(C)(=O)=O)-c1cn2ncnc2c(C)c1C	Toll-like receptor 7	0.9	US Patent	7CYN
CC(C)c1c([nH]c2ccc(cc12)C1CCN(CCS(=O)(=O)N(C)C)CC1)-c1cn2ncnc2c(C)c1C	Toll-like receptor 7	0.9	US Patent	7CYN
COc1c(C)c(cn2ncnc12)-c1[nH]c2ccc(cc2c1C(C)C)C1CCN(CC(=O)N(C)C)CC1	Toll-like receptor 7	0.9	US Patent	7CYN
CC(C)c1c([nH]c2ccc(cc12)C1CCN(CC(=O)N(C)C)CC1)-c1cn2ncnc2c(C2CC2)c1C	Toll-like receptor 7	0.9	US Patent	7CYN
CC(C)c1c([nH]c2ccc(cc12)C1CCN(Cc2ncn(C)n2)CC1)-c1cc(C)c2ncnn2c1	Toll-like receptor 7	0.9	US Patent	7CYN
CC(C)c1c([nH]c2ccc(cc12)C1CCN(CC1)C(C)C[N+]#[C-])-c1cc(C)c2ncnn2c1	Toll-like receptor 7	0.9	US Patent	7CYN
COc1cc(cn2nc(C)nc12)-c1[nH]c2ccc(cc2c1C(C)C)C1CCN(CC1)C1CCOC1	Toll-like receptor 7	0.9	US Patent	7CYN
CC(C)c1c([nH]c2ccc(cc12)C1CCN(CC1)C(=O)CNS(C)(=O)=O)-c1cc(C)c2ncnn2c1	Toll-like receptor 7	0.9	US Patent	7CYN
COc1cc(cn2nc(C)nc12)-c1[nH]c2ccc(cc2c1C(C)C)C1CCN(CC1)C1CCOC1	Toll-like receptor 7	0.9	US Patent	7CYN
CC(C)c1c([nH]c2ccc(cc12)C1CCN(CC1)C(=O)CNS(C)(=O)=O)-c1cc(C)c2ncnn2c1	Toll-like receptor 7	0.9	US Patent	7CYN
CC(C)c1c([nH]c2ccc(cc12)C1CCN(CC1)C(=O)[C@H]1C[C@@H](O)CN1)-c1cc(C)c2ncnn2c1	Toll-like receptor 7	0.9	US Patent	7CYN
CC(C)c1c([nH]c2ccc(nc12)N1C[C@@H](C)N[C@H](C)C1)-c1cn2ncnc2c(C)c1C	Toll-like receptor 7	0.9	US Patent	7CYN
COCCNCC(=O)N1CCC(CC1)c1ccc2[nH]c(c(C(C)C)c2c1)-c1cn2ncnc2c(C)c1C	Toll-like receptor 7	0.9	US Patent	7CYN
CNCC(=O)N1CCC(CC1)c1ccc2[nH]c(c(C(C)C)c2c1)-c1cn2ncnc2c(C)c1C	Toll-like receptor 7	0.9	US Patent	7CYN
CC(C)c1c([nH]c2ccc(cc12)C1CCN(CC1)C(=O)CN(C)CCO)-c1cn2ncnc2c(C)c1C	Toll-like receptor 7	0.9	US Patent	7CYN
CCCN(C)CC(=O)N1CCC(CC1)c1ccc2[nH]c(c(C(C)C)c2c1)-c1cn2ncnc2c(C)c1C	Toll-like receptor 7	0.9	US Patent	7CYN
CC(C)c1c([nH]c2ccc(cc12)C1CCN(CC1)C(=O)CN1CCC1)-c1cn2ncnc2c(C)c1C	Toll-like receptor 7	0.9	US Patent	7CYN
CC(C)c1c([nH]c2ccc(cc12)C1CCN(CC(=O)N2CC3(COC3)C2)CC1)-c1cn2ncnc2c(C)c1C	Toll-like receptor 7	0.9	US Patent	7CYN
CC(C)c1c([nH]c2ccc(cc12)C1CCN(CC1)C(=O)CCN(C)CCO)-c1cn2ncnc2c(C)c1C	Toll-like receptor 7	0.9	US Patent	7CYN
CC(C)c1c([nH]c2ccc(cc12)C1CCN(CC1)C(=O)OC1CNC1)-c1cn2ncnc2c(C)c1C	Toll-like receptor 7	0.9	US Patent	7CYN
CC(C)c1c([nH]c2ccc(cc12)C1CCN(CC1)C(=O)OCCN1CCN(C)CC1)-c1cn2ncnc2c(C)c1C	Toll-like receptor 7	0.9	US Patent	7CYN
CC(C)c1c([nH]c2ccc(cc12)C1CC2CCC(C1)N2CCS(C)(=O)=O)-c1cn2ncnc2c(C)c1C	Toll-like receptor 7	0.9	US Patent	7CYN
COc1cc(cn2ncnc12)-c1[nH]c2ccc(nc2c1C(C)C)C1CCC(CC1)N(C)CCO	Toll-like receptor 7	0.9	US Patent	7CYN
CC(C)c1c([nH]c2ccc(cc12)C1CCN(CC1)C1COC1)-c1cc(C)c2ncnn2c1	Toll-like receptor 7	0.9	US Patent	7CYN
CCCN1CCC(CC1)c1ccc2[nH]c(c(C(C)C)c2c1)-c1cc(C)c2ncnn2c1	Toll-like receptor 7	0.9	US Patent	7CYN
CC(C)N(C)CC(=O)N1CCC(CC1)c1ccc2[nH]c(c(C(C)C)c2c1)-c1cc(C)c2ncnn2c1	Toll-like receptor 7	0.9	US Patent	7CYN
CC(C)c1c([nH]c2ccc(cc12)C1CCN(CC(=O)N2CC[C@H](O)C2)CC1)-c1cc(C)c2ncnn2c1	Toll-like receptor 7	0.9	US Patent	7CYN
CC(C)c1c([nH]c2ccc(cc12)C1CCN(CC(=O)N2CCCCC2)CC1)-c1cc(C)c2ncnn2c1	Toll-like receptor 7	0.9	US Patent	7CYN
CC(C)c1c([nH]c2ccc(cc12)C1CCNCC1)-c1cc(C2CC2)c2nc(C)nn2c1	Toll-like receptor 7	0.9	US Patent	7CYN
CC(C)c1c([nH]c2ccc(cc12)C1CCN(CCS(=O)(=O)N(C)C)CC1)-c1cn2ncnc2c(C)c1C	Toll-like receptor 7	0.9	US Patent	7CYN
COc1c(C)c(cn2ncnc12)-c1[nH]c2ccc(cc2c1C(C)C)C1CCN(CC(=O)N(C)C)CC1	Toll-like receptor 7	0.9	US Patent	7CYN
CC(C)c1c([nH]c2ccc(cc12)C1CCN(CC(=O)N(C)C)CC1)-c1cn2ncnc2c(C2CC2)c1C	Toll-like receptor 7	0.9	US Patent	7CYN
CC(C)c1c([nH]c2ccc(cc12)C1CCN(Cc2ncn(C)n2)CC1)-c1cc(C)c2ncnn2c1	Toll-like receptor 7	0.9	US Patent	7CYN
CC(C)c1c([nH]c2ccc(cc12)C1CCN(CC1)C(C)CC#N)-c1cc(C)c2ncnn2c1	Toll-like receptor 7	0.9	US Patent	7CYN
CC(C)c1c([nH]c2ccc(cc12)C1CCN(CC1)C(=O)CN1CCN(C)CC1)-c1cc(C)nc(C)c1	Toll-like receptor 7	0.9	US Patent	7CYN
CNCCC(=O)N1CCC(CC1)c1ccc2[nH]c(c(C(C)C)c2c1)-c1ccnc(C)c1	Toll-like receptor 7	0.9	US Patent	7CYN
COc1cc(cn2ncnc12)-c1[nH]c2ccc(nc2c1C(C)C)C1CCC(CC1)N(C)CCO	Toll-like receptor 7	0.9	US Patent	7CYN
CC(C)c1c([nH]c2ccc(nc12)N1C[C@@H](C)N[C@H](C)C1)-c1cn2ncnc2c(C)c1C	Toll-like receptor 7	0.9	US Patent	7CYN
COc1cc(cn2ncnc12)-c1[nH]c2ccc(nc2c1C(C)C)C1CCC(CC1)N(C)CCO	Toll-like receptor 7	0.9	US Patent	7CYN
CC(C)c1c([nH]c2ccc(C3CCNCC3)c(F)c12)-c1cc(C)nc(C)c1	Toll-like receptor 7	0.9	ChEMBL	7CYN
CC(C)c1c([nH]c2ccc(nc12)N1C[C@@H](C)N[C@H](C)C1)-c1cn2ncnc2c(C)c1C	Toll-like receptor 7	0.9	US Patent	7CYN
CC(C)c1c([nH]c2cnc(N3CCC(CC3)NCC3(C)COC3)c(C)c12)-c1cn2ncnc2c(C)c1C	Toll-like receptor 7	0.9	US Patent	7CYN
CC(C)c1c([nH]c2ccc(nc12)N1CC2(CN(C)C2)C1)-c1cn2ncnc2c(C)c1C	Toll-like receptor 7	0.91	US Patent	7CYN
CC(C)c1c([nH]c2ccc(nc12)C1CCC(CC1)NCCS(N)(=O)=O)-c1cn2ncnc2c(C)c1C	Toll-like receptor 7	0.91	US Patent	7CYN
CC(C)c1c([nH]c2ccc(nc12)C1CCC(CC1)NCCS(N)(=O)=O)-c1cn2ncnc2c(C)c1C	Toll-like receptor 7	0.91	US Patent	7CYN
CC(C)c1c([nH]c2ccc(nc12)C1CC2(C1)CN(C)C2)-c1cn2ncnc2c(C)c1C	Toll-like receptor 7	0.91	US Patent	7CYN
CNC1CCN(CC1)c1ncc2[nH]c(c(C(C)C)c2c1F)-c1cc(OC)c2ncnn2c1	Toll-like receptor 7	0.91	US Patent	7CYN
CC(C)c1c([nH]c2ccc(nc12)C1CCC(CC1)NCCS(N)(=O)=O)-c1cn2ncnc2c(C)c1C	Toll-like receptor 7	0.91	US Patent	7CYN
CC(C)c1c([nH]c2ccc(nc12)C1CC2(C1)CN(C)C2)-c1cn2ncnc2c(C)c1C	Toll-like receptor 7	0.91	US Patent	7CYN
CC(C)c1c([nH]c2ccc(nc12)N1CCN(C[C@H]1C)C(=O)CN(CCO)C(C)(C)C)-c1cn2ncnc2c(C)c1C	Toll-like receptor 7	0.92	US Patent	7CYN
CC(C)c1c([nH]c2ccc(nc12)N1CCN(CC1)C(=O)CN1CCC2(COC2)C1)-c1cn2ncnc2c(C)c1C	Toll-like receptor 7	0.92	US Patent	7CYN
COc1cc(cn2ncnc12)-c1[nH]c2ccc(nc2c1C(C)C)C1CCC(CC1)N(C)C	Toll-like receptor 7	0.92	US Patent	7CYN
CC(C)c1c([nH]c2ccc(nc12)C1CCC(CC1)N1CC2(COC2)C1)-c1cc(C)nc(C)c1	Toll-like receptor 7	0.92	US Patent	7CYN
COc1cc(cn2ncnc12)-c1[nH]c2ccc(nc2c1C(C)C)C1CCC(CC1)N(C)C	Toll-like receptor 7	0.92	US Patent	7CYN
CC(C)c1c([nH]c2ccc(nc12)C1CCC(CC1)N1CC2(COC2)C1)-c1cc(C)nc(C)c1	Toll-like receptor 7	0.92	US Patent	7CYN
CC(C)c1c([nH]c2ccc(nc12)N1CCN(C[C@H]1C)C(=O)CN(CCO)C(C)(C)C)-c1cn2ncnc2c(C)c1C	Toll-like receptor 7	0.92	US Patent	7CYN
CC(C)c1c([nH]c2ccc(nc12)N1CCN(CC1)C(=O)CN1CCC2(COC2)C1)-c1cn2ncnc2c(C)c1C	Toll-like receptor 7	0.92	US Patent	7CYN
CC(C)c1c([nH]c2ccc(nc12)N1CCN(C[C@H]1C)C(=O)CN(CCO)C(C)(C)C)-c1cn2ncnc2c(C)c1C	Toll-like receptor 7	0.92	US Patent	7CYN
COc1cc(cn2ncnc12)-c1[nH]c2ccc(nc2c1C(C)C)C1CCC(CC1)N(C)C	Toll-like receptor 7	0.92	US Patent	7CYN
CC(C)c1c([nH]c2ccc(nc12)N1CCN(CC1)C(=O)CN1CCC2(COC2)C1)-c1cn2ncnc2c(C)c1C	Toll-like receptor 7	0.92	US Patent	7CYN
CC(C)c1c([nH]c2ccc(nc12)C1CCC(CC1)N1CC2(COC2)C1)-c1cc(C)nc(C)c1	Toll-like receptor 7	0.92	US Patent	7CYN
CC(C)c1c([nH]c2ccc(nc12)N1CCN(CC1)C(=O)CN(C)C)-c1cn2ncnc2c(C)c1C	Toll-like receptor 7	0.93	US Patent	7CYN
CC(C)c1c([nH]c2ccc(nc12)N1CCN(CC1)C(=O)CN(C)C)-c1cn2ncnc2c(C)c1C	Toll-like receptor 7	0.93	US Patent	7CYN
CC(C)c1c([nH]c2ccc(nc12)N1CCN(CC1)C(=O)CN(C)C)-c1cn2ncnc2c(C)c1C	Toll-like receptor 7	0.93	US Patent	7CYN
CC(C)c1c([nH]c2ccc(nc12)C1CCC(CC1)NC1(CO)COC1)-c1cn2ncnc2c(C)c1C	Toll-like receptor 7	0.94	US Patent	7CYN
CC(C)c1c([nH]c2ccc(nc12)C1CCN(CC1)C(=O)CN(C)C)-c1cn2ncnc2c(C)c1C	Toll-like receptor 7	0.94	US Patent	7CYN
CC(C)c1c([nH]c2ccc(nc12)C1CCC(CC1)NC1(CO)COC1)-c1cn2ncnc2c(C)c1C	Toll-like receptor 7	0.94	US Patent	7CYN
CC(C)c1c([nH]c2ccc(nc12)C1CCN(CC1)C(=O)CN(C)C)-c1cn2ncnc2c(C)c1C	Toll-like receptor 7	0.94	US Patent	7CYN
CC(C)c1c([nH]c2ccc(nc12)C1CCC(CC1)NC1(CO)COC1)-c1cn2ncnc2c(C)c1C	Toll-like receptor 7	0.94	US Patent	7CYN
CC(C)c1c([nH]c2ccc(nc12)C1CCN(CC1)C(=O)CN(C)C)-c1cn2ncnc2c(C)c1C	Toll-like receptor 7	0.94	US Patent	7CYN
CC(C)c1c([nH]c2ccc(nc12)N1CCN(CCC(N)=O)C[C@H]1C)-c1cn2ncnc2c(C)c1C	Toll-like receptor 7	0.95	US Patent	7CYN
CC(C)c1c([nH]c2ccc(nc12)N1C[C@H]2C[C@@H]1CN2)-c1cn2ncnc2c(C)c1C	Toll-like receptor 7	0.95	US Patent	7CYN
CC(C)NC1CCC(CC1)c1ccc2[nH]c(c(C(C)C)c2n1)-c1cn2ncnc2c(C)c1C	Toll-like receptor 7	0.95	US Patent	7CYN
CC(C)NC1CCC(CC1)c1ccc2[nH]c(c(C(C)C)c2n1)-c1cn2ncnc2c(C)c1C	Toll-like receptor 7	0.95	US Patent	7CYN
CC(C)c1c([nH]c2ccc(nc12)N1CCN(CCC(N)=O)C[C@H]1C)-c1cn2ncnc2c(C)c1C	Toll-like receptor 7	0.95	US Patent	7CYN
CC(C)c1c([nH]c2ccc(nc12)N1C[C@H]2C[C@@H]1CN2)-c1cn2ncnc2c(C)c1C	Toll-like receptor 7	0.95	US Patent	7CYN
CC(C)NC1CCC(CC1)c1ccc2[nH]c(c(C(C)C)c2n1)-c1cn2ncnc2c(C)c1C	Toll-like receptor 7	0.95	US Patent	7CYN
CC(C)c1c([nH]c2ccc(nc12)N1CCN(CCC(N)=O)C[C@H]1C)-c1cn2ncnc2c(C)c1C	Toll-like receptor 7	0.95	US Patent	7CYN
CC(C)c1c([nH]c2ccc(nc12)N1C[C@H]2C[C@@H]1CN2)-c1cn2ncnc2c(C)c1C	Toll-like receptor 7	0.95	US Patent	7CYN
CC(C)c1c([nH]c2cnc(C3CCC(CC3)NC[C@@H](F)C(C)(C)O)c(F)c12)-c1cn2ncnc2c(C)c1C	Toll-like receptor 7	0.96	US Patent	7CYN
COc1cc(cn2ncnc12)-c1[nH]c2cnc(N3CCN(CC3)C(C)C)c(F)c2c1C(C)C	Toll-like receptor 7	0.96	US Patent	7CYN
CC(C)c1c([nH]c2ccc(nc12)N1CCN(CC1)C(=O)CN(C)C)-c1cn2ncnc2c(C)c1C	Toll-like receptor 7	0.97	US Patent	7CYN
CC(C)N(C)CC(=O)N1CCN(CC1)c1ccc2[nH]c(c(C(C)C)c2n1)-c1cn2ncnc2c(C)c1C	Toll-like receptor 7	0.97	US Patent	7CYN
CC(C)c1c([nH]c2ccc(nc12)N1CCN(CC1)C(=O)CN(C)C)-c1cn2ncnc2c(C)c1C	Toll-like receptor 7	0.97	US Patent	7CYN
CC(C)N(C)CC(=O)N1CCN(CC1)c1ccc2[nH]c(c(C(C)C)c2n1)-c1cn2ncnc2c(C)c1C	Toll-like receptor 7	0.97	US Patent	7CYN
CC(C)c1c([nH]c2ccc(nc12)N1CCN(CC1)C(=O)CN(C)C)-c1cn2ncnc2c(C)c1C	Toll-like receptor 7	0.97	US Patent	7CYN
COc1cc(cn2ncnc12)-c1[nH]c2cnc(N3CCC(CC3)N3CCC3)c(F)c2c1C(C)C	Toll-like receptor 7	0.97	US Patent	7CYN
CC(C)N(C)CC(=O)N1CCN(CC1)c1ccc2[nH]c(c(C(C)C)c2n1)-c1cn2ncnc2c(C)c1C	Toll-like receptor 7	0.97	US Patent	7CYN
CCN(CC(=O)N1C[C@H](C)N(C[C@H]1C)c1ccc2[nH]c(c(C(C)C)c2n1)-c1cn2ncnc2c(C)c1C)C(C)C	Toll-like receptor 7	0.98	US Patent	7CYN
CCN(C1COC1)C1CCC(CC1)c1ccc2[nH]c(c(C(C)C)c2n1)-c1cn2ncnc2c(C)c1C	Toll-like receptor 7	0.98	US Patent	7CYN
COc1ncc(CN(C)C2CCN(CC2)c2ccc3[nH]c(c(C(C)C)c3n2)-c2cn3ncnc3c(C)c2C)cn1	Toll-like receptor 7	0.98	US Patent	7CYN
COc1cc(cn2ncnc12)-c1[nH]c2ccc(nc2c1C(C)C)C1CCC(CC1)NCc1cnco1	Toll-like receptor 7	0.98	US Patent	7CYN
COc1cc(cn2ncnc12)-c1[nH]c2cc(F)c(nc2c1C(C)C)C1CCC(CC1)NCC1(C)COC1	Toll-like receptor 7	0.98	US Patent	7CYN
CC(C)c1c([nH]c2ccc(nc12)C1CCC(N)CC1)-c1cn2ncnc2c(C)c1C	Toll-like receptor 7	0.98	US Patent	7CYN
COc1cc(cn2ncnc12)-c1[nH]c2ccc(nc2c1C(C)C)C1CC(C1)N(C)C	Toll-like receptor 7	0.98	US Patent	7CYN
COc1cc(cn2ncnc12)-c1[nH]c2ccc(nc2c1C(C)C)C1CCC(CC1)NCc1cnco1	Toll-like receptor 7	0.98	US Patent	7CYN
COc1cc(cn2ncnc12)-c1[nH]c2cc(F)c(nc2c1C(C)C)C1CCC(CC1)NCC1(C)COC1	Toll-like receptor 7	0.98	US Patent	7CYN
CC(C)c1c([nH]c2ccc(nc12)C1CCC(N)CC1)-c1cn2ncnc2c(C)c1C	Toll-like receptor 7	0.98	US Patent	7CYN
CCN(CC(=O)N1C[C@H](C)N(C[C@H]1C)c1ccc2[nH]c(c(C(C)C)c2n1)-c1cn2ncnc2c(C)c1C)C(C)C	Toll-like receptor 7	0.98	US Patent	7CYN
COc1cc(cn2ncnc12)-c1[nH]c2ccc(nc2c1C(C)C)C1CC(C1)N(C)C	Toll-like receptor 7	0.98	US Patent	7CYN
CCN(C1COC1)C1CCC(CC1)c1ccc2[nH]c(c(C(C)C)c2n1)-c1cn2ncnc2c(C)c1C	Toll-like receptor 7	0.98	US Patent	7CYN
COc1ncc(CN(C)C2CCN(CC2)c2ccc3[nH]c(c(C(C)C)c3n2)-c2cn3ncnc3c(C)c2C)cn1	Toll-like receptor 7	0.98	US Patent	7CYN
CC(C)c1c([nH]c2ccc(nc12)C1CCC(N)CC1)-c1cn2ncnc2c(C)c1C	Toll-like receptor 7	0.98	US Patent	7CYN
COc1cc(cn2ncnc12)-c1[nH]c2ccc(nc2c1C(C)C)C1CCC(CC1)NCc1cnco1	Toll-like receptor 7	0.98	US Patent	7CYN
COc1cc(cn2ncnc12)-c1[nH]c2cc(F)c(nc2c1C(C)C)C1CCC(CC1)NCC1(C)COC1	Toll-like receptor 7	0.98	US Patent	7CYN
CCN(CC(=O)N1C[C@H](C)N(C[C@H]1C)c1ccc2[nH]c(c(C(C)C)c2n1)-c1cn2ncnc2c(C)c1C)C(C)C	Toll-like receptor 7	0.98	US Patent	7CYN
CC(C)N(C)C1CCN(CC1)c1ncc2[nH]c(c(C(C)C)c2c1F)-c1cn2ncnc2c(C)c1C	Toll-like receptor 7	0.98	US Patent	7CYN
CC(C)c1c([nH]c2cnc(C3CCC(CC3)NC3CCOCC3)c(F)c12)-c1cn2ncnc2c(C)c1C	Toll-like receptor 7	0.98	US Patent	7CYN
COc1cc(cn2ncnc12)-c1[nH]c2cnc(C3CCC(CC3)N3CCC3)c(F)c2c1C(C)C	Toll-like receptor 7	0.98	US Patent	7CYN
COc1cc(cn2ncnc12)-c1[nH]c2ccc(nc2c1C(C)C)C1CC(C1)N(C)C	Toll-like receptor 7	0.98	US Patent	7CYN
COc1ncc(CN(C)C2CCN(CC2)c2ccc3[nH]c(c(C(C)C)c3n2)-c2cn3ncnc3c(C)c2C)cn1	Toll-like receptor 7	0.98	US Patent	7CYN
CCN(C1COC1)C1CCC(CC1)c1ccc2[nH]c(c(C(C)C)c2n1)-c1cn2ncnc2c(C)c1C	Toll-like receptor 7	0.98	US Patent	7CYN
COc1cc(cn2ncnc12)-c1[nH]c2ccc(nc2c1C(C)C)C1CCC(C1)NC(C)C	Toll-like receptor 7	0.99	US Patent	7CYN
COc1cc(cn2ncnc12)-c1[nH]c2cc(F)c(nc2c1C(C)C)C1CCN(CCS(C)(=O)=O)CC1	Toll-like receptor 7	0.99	US Patent	7CYN
CC(C)c1c([nH]c2cc(F)c(nc12)C1CCN(CCS(C)(=O)=O)CC1)-c1cc(C)c2ncnn2c1	Toll-like receptor 7	0.99	US Patent	7CYN
COc1cc(cn2ncnc12)-c1[nH]c2cc(F)c(nc2c1C(C)C)C1CCN(CCS(C)(=O)=O)CC1	Toll-like receptor 7	0.99	US Patent	7CYN
CC(C)c1c([nH]c2cc(F)c(nc12)C1CCN(CCS(C)(=O)=O)CC1)-c1cc(C)c2ncnn2c1	Toll-like receptor 7	0.99	US Patent	7CYN
COc1cc(cn2ncnc12)-c1[nH]c2ccc(nc2c1C(C)C)C1CCC(C1)NC(C)C	Toll-like receptor 7	0.99	US Patent	7CYN
COc1cc(c[nH]\c1=N/C=N)-c1[nH]c2cc(F)c(nc2c1C(C)C)C1CCN(CCS(C)(=O)=O)CC1	Toll-like receptor 7	0.99	US Patent	7CYN
COc1cc(cn2ncnc12)-c1[nH]c2ccc(nc2c1C(C)C)C1CCC(C1)NC(C)C	Toll-like receptor 7	0.99	US Patent	7CYN
CC(C)c1c([nH]c2cc(F)c(nc12)C1CCN(CCS(C)(=O)=O)CC1)-c1c[nH]\c(=N/C=N)c(C)c1	Toll-like receptor 7	0.99	US Patent	7CYN
CC(C)c1c([nH]c2ccc(cc12)C1CCN(CC1)C(=O)CN(C)C)-c1cc(Cl)c2nc(C)nn2c1	Toll-like receptor 7	1	US Patent	7CYN
COc1cc(cn2ncnc12)-c1[nH]c2ccc(cc2c1C(C)C)C1CCN(CC1)C(=O)C1CCN(C)C1	Toll-like receptor 7	1	US Patent	7CYN
CCc1cc(cn2nc(C)nc12)-c1[nH]c2ccc(cc2c1C(C)C)C1CCN(CC1)C(=O)CN(C)C	Toll-like receptor 7	1	US Patent	7CYN
CCNCC(=O)N1CCC(CC1)c1ccc2[nH]c(c(C(C)C)c2c1)-c1cn2ncnc2c(C)c1C	Toll-like receptor 7	1	US Patent	7CYN
CC(C)c1c([nH]c2ccc(cc12)C1CCN(CC1)C(=O)CNC1CC1)-c1cn2ncnc2c(C)c1C	Toll-like receptor 7	1	US Patent	7CYN
CC(C)c1c([nH]c2ccc(cc12)C1CCN(CC1)C(=O)CNCC1CC1)-c1cn2ncnc2c(C)c1C	Toll-like receptor 7	1	US Patent	7CYN
CC(C)c1c([nH]c2ccc(cc12)C1CCN(CC1)C(=O)CN1CCCCC1)-c1cc(C)c2ncnn2c1	Toll-like receptor 7	1	US Patent	7CYN
COC1CCN(CC(=O)N2CCC(CC2)c2ccc3[nH]c(c(C(C)C)c3c2)-c2cc(C)c3ncnn3c2)CC1	Toll-like receptor 7	1	US Patent	7CYN
CSCCNC(=O)CN1CCC(CC1)c1ccc2[nH]c(c(C(C)C)c2c1)-c1cc(C)c2ncnn2c1	Toll-like receptor 7	1	US Patent	7CYN
CC(C)c1c([nH]c2ccc(cc12)C1CCN(CC(=O)N2CCCC2)CC1)-c1cc(C)c2nc(C)nn2c1	Toll-like receptor 7	1	US Patent	7CYN
CC(C)c1c([nH]c2ccc(cc12)C1CCN(C[N+]#[C-])CC1)-c1cn2ncnc2c(C)c1C	Toll-like receptor 7	1	US Patent	7CYN
CNC(=O)CN1CCC(CC1)c1ccc2[nH]c(c(C(C)C)c2c1)-c1cn2ncnc2c(C)c1C	Toll-like receptor 7	1	US Patent	7CYN
CC(C)c1c([nH]c2ccc(cc12)C1CCN(CCS(N)(=O)=O)CC1)-c1cn2ncnc2c(C)c1C	Toll-like receptor 7	1	US Patent	7CYN
CC(C)c1c([nH]c2ccc(cc12)C1CCN(CC1)C(=O)CCN1CC[C@@H](F)C1)-c1cn2ncnc2c(C)c1C	Toll-like receptor 7	1	US Patent	7CYN
COC[C@@H]1CCCN1CCC(=O)N1CCC(CC1)c1ccc2[nH]c(c(C(C)C)c2c1)-c1cn2ncnc2c(C)c1C	Toll-like receptor 7	1	US Patent	7CYN
CC(C)c1c([nH]c2ccc(cc12)C1CCN(CC1)C(=O)CCNCCF)-c1cn2ncnc2c(C)c1C	Toll-like receptor 7	1	US Patent	7CYN
CC(C)c1c([nH]c2ccc(cc12)C1CCN(CC1)C(=O)O[C@H]1CCNC1)-c1cn2ncnc2c(C)c1C	Toll-like receptor 7	1	US Patent	7CYN
CC(C)c1c([nH]c2ccc(cc12)C1CCN(CC1)C(=O)OCCN(C)C)-c1cn2ncnc2c(C)c1C	Toll-like receptor 7	1	US Patent	7CYN
CC(C)c1c([nH]c2ccc(cc12)C1CCN(CC(=O)NC2CC2)CC1)-c1cc(C)c2ncnn2c1	Toll-like receptor 7	1	US Patent	7CYN
CCN(CC)C(=O)CN1CCC(CC1)c1ccc2[nH]c(c(C(C)C)c2c1)-c1cc(C)c2ncnn2c1	Toll-like receptor 7	1	US Patent	7CYN
CC(C)c1c([nH]c2ccc(cc12)C1CCN(CC(=O)N2CCC2)CC1)-c1cc(C)c2ncnn2c1	Toll-like receptor 7	1	US Patent	7CYN
CC(C)NC(=O)CN1CCC(CC1)c1ccc2[nH]c(c(C(C)C)c2c1)-c1cc(C)c2ncnn2c1	Toll-like receptor 7	1	US Patent	7CYN
CC(C)c1c([nH]c2ccc(cc12)C1CCN(CC(=O)N2CCS(=O)(=O)CC2)CC1)-c1cc(C)c2ncnn2c1	Toll-like receptor 7	1	US Patent	7CYN
CC(C)c1c([nH]c2ccc(cc12)C1CCN(CC(=O)N(C)C2CC2)CC1)-c1cc(C)c2ncnn2c1	Toll-like receptor 7	1	US Patent	7CYN
CC(C)c1c([nH]c2ccc(cc12)C1CCNCC1)-c1cc(C#N)c2ncnn2c1	Toll-like receptor 7	1	US Patent	7CYN
CC(C)c1c([nH]c2ccc(cc12)C1CCNCC1)-c1cc(OC(F)F)c2nc(C)nn2c1	Toll-like receptor 7	1	US Patent	7CYN
CC(C)c1c([nH]c2ccc(cc12)C1CCN(CC1)C(=O)NCC1CCCN1C)-c1cn2ncnc2c(C)c1C	Toll-like receptor 7	1	US Patent	7CYN
CC(C)c1c([nH]c2ccc(cc12)C1CCN(CCS(C)(=O)=O)CC1)-c1cc(C)c2ncnn2c1	Toll-like receptor 7	1	US Patent	7CYN
CC(C)c1c([nH]c2ccc(cc12)C1CCN(CCS(C)(=O)=O)CC1)-c1cc(C#N)c2ncnn2c1	Toll-like receptor 7	1	US Patent	7CYN
CC(C)c1c([nH]c2ccc(cc12)C1CCN(CCS(C)(=O)=O)CC1)-c1cc(CO)c2ncnn2c1	Toll-like receptor 7	1	US Patent	7CYN
CNC(=O)CN1CCC(CC1)c1ccc2[nH]c(c(C(C)C)c2c1)-c1cc(C)c2nc(C)nn2c1	Toll-like receptor 7	1	US Patent	7CYN
CC(C)c1c([nH]c2ccc(cc12)C1CCN(CC(C)(C)O)CC1)-c1cn2ncnc2c(Cl)c1C	Toll-like receptor 7	1	US Patent	7CYN
CNC(=O)CN1CCC(CC1)c1ccc2[nH]c(c(C(C)C)c2c1)-c1cn2ncnc2c(Cl)c1C	Toll-like receptor 7	1	US Patent	7CYN
CNC(=O)CN1CCC(CC1)c1ccc2[nH]c(c(CC(F)F)c2c1)-c1cc(OC)c2ncnn2c1	Toll-like receptor 7	1	US Patent	7CYN
CC(C)c1c([nH]c2ccc(cc12)C1CCN(CC1)C(C)c1ccn[nH]1)-c1cc(C)c2ncnn2c1	Toll-like receptor 7	1	US Patent	7CYN
CC(C)c1c([nH]c2ccc(cc12)C1CCN(Cc2cnc(C)cn2)CC1)-c1cc(C)c2ncnn2c1	Toll-like receptor 7	1	US Patent	7CYN
CCc1cc(cn2ncnc12)-c1[nH]c2ccc(cc2c1C(C)C)C1CCN(CC1)C1COC1	Toll-like receptor 7	1	US Patent	7CYN
CCc1cc(cn2ncnc12)-c1[nH]c2ccc(cc2c1C(C)C)C1CCN(CC1)C1COC1	Toll-like receptor 7	1	US Patent	7CYN
CC(C)c1c([nH]c2ccc(cc12)C1CCN(CC1)C(=O)CN(C)C)-c1cc(Cl)c2nc(C)nn2c1	Toll-like receptor 7	1	US Patent	7CYN
CCN(CC(=O)N1CCN(CC1)c1ccc2[nH]c(c(C(C)C)c2n1)-c1cn2ncnc2c(C)c1C)C(C)C	Toll-like receptor 7	1	US Patent	7CYN
COc1cc(cn2ncnc12)-c1[nH]c2ccc(cc2c1C(C)C)C1CCN(CC1)C(=O)C1CCN(C)C1	Toll-like receptor 7	1	US Patent	7CYN
CCc1cc(cn2nc(C)nc12)-c1[nH]c2ccc(cc2c1C(C)C)C1CCN(CC1)C(=O)CN(C)C	Toll-like receptor 7	1	US Patent	7CYN
CC(C)c1c([nH]c2ccc(nc12)N1CCN([C@@H](C)C1)C(=O)CN1CCCC1)-c1cn2ncnc2c(C)c1C	Toll-like receptor 7	1	US Patent	7CYN
CC(C)c1c([nH]c2ccc(nc12)N1CCN([C@@H](C)C1)C(=O)CN(C)C(C)(C)C)-c1cn2ncnc2c(C)c1C	Toll-like receptor 7	1	US Patent	7CYN
CC(C)c1c([nH]c2ccc(nc12)N1[C@H]2CC[C@@H]1CN(C2)C(=O)CCN(C)C)-c1cn2ncnc2c(C)c1C	Toll-like receptor 7	1	US Patent	7CYN
CC(C)c1c([nH]c2ccc(nc12)N1CCN(CC1)C(=O)CN1CC2(C1)CCOC2)-c1cn2ncnc2c(C)c1C	Toll-like receptor 7	1	US Patent	7CYN
CCNCC(=O)N1CCC(CC1)c1ccc2[nH]c(c(C(C)C)c2c1)-c1cn2ncnc2c(C)c1C	Toll-like receptor 7	1	US Patent	7CYN
CC(C)c1c([nH]c2ccc(cc12)C1CCN(CC1)C(=O)CNC1CC1)-c1cn2ncnc2c(C)c1C	Toll-like receptor 7	1	US Patent	7CYN
CC(C)c1c([nH]c2ccc(cc12)C1CCN(CC1)C(=O)CNCC1CC1)-c1cn2ncnc2c(C)c1C	Toll-like receptor 7	1	US Patent	7CYN
CC(C)c1c([nH]c2ccc(cc12)C1CCN(CC1)C(=O)CN1CCCCC1)-c1cc(C)c2ncnn2c1	Toll-like receptor 7	1	US Patent	7CYN
COC1CCN(CC(=O)N2CCC(CC2)c2ccc3[nH]c(c(C(C)C)c3c2)-c2cc(C)c3ncnn3c2)CC1	Toll-like receptor 7	1	US Patent	7CYN
CSCCNC(=O)CN1CCC(CC1)c1ccc2[nH]c(c(C(C)C)c2c1)-c1cc(C)c2ncnn2c1	Toll-like receptor 7	1	US Patent	7CYN
CC(C)c1c([nH]c2ccc(nc12)N1C[C@@H]2CC1CN2)-c1cn2ncnc2c(C)c1C	Toll-like receptor 7	1	US Patent	7CYN
CC(C)c1c([nH]c2ccc(cc12)C1CCN(CC(=O)N2CCCC2)CC1)-c1cc(C)c2nc(C)nn2c1	Toll-like receptor 7	1	US Patent	7CYN
COc1cc(cn2ncnc12)-c1[nH]c2ccc(nc2c1C(C)C)C1CCC(CC1)N1CCC(F)C1	Toll-like receptor 7	1	US Patent	7CYN
CC(C)c1c([nH]c2ccc(cc12)C1CCN(CC1)C(=O)CCN1CC[C@@H](F)C1)-c1cn2ncnc2c(C)c1C	Toll-like receptor 7	1	US Patent	7CYN
COC[C@@H]1CCCN1CCC(=O)N1CCC(CC1)c1ccc2[nH]c(c(C(C)C)c2c1)-c1cn2ncnc2c(C)c1C	Toll-like receptor 7	1	US Patent	7CYN
CC(C)c1c([nH]c2ccc(cc12)C1CCN(CC1)C(=O)CCNCCF)-c1cn2ncnc2c(C)c1C	Toll-like receptor 7	1	US Patent	7CYN
CC(C)c1c([nH]c2ccc(nc12)N1CCC(CC1)NC1CCOCC1)-c1cn2ncnc2c(C)c1C	Toll-like receptor 7	1	US Patent	7CYN
COc1cc(cn2ncnc12)-c1[nH]c2ccc(nc2c1C(C)C)N1CCN(CC#N)CC1	Toll-like receptor 7	1	US Patent	7CYN
CC(C)c1c([nH]c2ccc(cc12)C1CCN(CC1)C(=O)O[C@H]1CCNC1)-c1cn2ncnc2c(C)c1C	Toll-like receptor 7	1	US Patent	7CYN
CC(C)c1c([nH]c2ccc(cc12)C1CCN(CC1)C(=O)OCCN(C)C)-c1cn2ncnc2c(C)c1C	Toll-like receptor 7	1	US Patent	7CYN
CC(C)c1c([nH]c2ccc(cc12)C1CCN(CC1)C(=O)NCC1CCCN1C)-c1cn2ncnc2c(C)c1C	Toll-like receptor 7	1	US Patent	7CYN
COCCN(C)C1CCC(CC1)c1ccc2[nH]c(c(C(C)C)c2n1)-c1cc(OC)c2ncnn2c1	Toll-like receptor 7	1	US Patent	7CYN
CC(C)c1c([nH]c2ccc(nc12)C1CCC(CC1)NC1COC1)-c1cc(CO)c2ncnn2c1	Toll-like receptor 7	1	US Patent	7CYN
CC(C)c1c([nH]c2ccc(cc12)C1CCN(CC#N)CC1)-c1cn2ncnc2c(C)c1C	Toll-like receptor 7	1	US Patent	7CYN
CNC(=O)CN1CCC(CC1)c1ccc2[nH]c(c(C(C)C)c2c1)-c1cn2ncnc2c(C)c1C	Toll-like receptor 7	1	US Patent	7CYN
CC(C)c1c([nH]c2ccc(cc12)C1CCN(CCS(N)(=O)=O)CC1)-c1cn2ncnc2c(C)c1C	Toll-like receptor 7	1	US Patent	7CYN
CC(C)c1c([nH]c2ccc(cc12)C1CCN(CC(=O)NC2CC2)CC1)-c1cc(C)c2ncnn2c1	Toll-like receptor 7	1	US Patent	7CYN
CCN(CC)C(=O)CN1CCC(CC1)c1ccc2[nH]c(c(C(C)C)c2c1)-c1cc(C)c2ncnn2c1	Toll-like receptor 7	1	US Patent	7CYN
CC(C)c1c([nH]c2ccc(cc12)C1CCN(CC(=O)N2CCC2)CC1)-c1cc(C)c2ncnn2c1	Toll-like receptor 7	1	US Patent	7CYN
CC(C)NC(=O)CN1CCC(CC1)c1ccc2[nH]c(c(C(C)C)c2c1)-c1cc(C)c2ncnn2c1	Toll-like receptor 7	1	US Patent	7CYN
CC(C)c1c([nH]c2ccc(cc12)C1CCN(CC(=O)N2CCS(=O)(=O)CC2)CC1)-c1cc(C)c2ncnn2c1	Toll-like receptor 7	1	US Patent	7CYN
CC(C)c1c([nH]c2ccc(cc12)C1CCN(CC(=O)N(C)C2CC2)CC1)-c1cc(C)c2ncnn2c1	Toll-like receptor 7	1	US Patent	7CYN
CC(C)c1c([nH]c2ccc(cc12)C1CCNCC1)-c1cc(C)c2ncnn2c1	Toll-like receptor 7	1	US Patent	7CYN
CCN(C)C1CCC(CC1)c1nc2c(C(C)C)c([nH]c2cc1C)-c1cc(OC)c2ncnn2c1	Toll-like receptor 7	1	US Patent	7CYN
CC(C)c1c([nH]c2ccc(nc12)C1CCC(CC1)NCC(=O)N(C)C)-c1cn2ncnc2c(C)c1C	Toll-like receptor 7	1	US Patent	7CYN
CC(C)c1c([nH]c2ccc(cc12)C1CCNCC1)-c1cc(OC(F)F)c2nc(C)nn2c1	Toll-like receptor 7	1	US Patent	7CYN
CC(C)c1c([nH]c2ccc(cc12)C1CCN(CCS(C)(=O)=O)CC1)-c1cc(C)c2ncnn2c1	Toll-like receptor 7	1	US Patent	7CYN
CC(C)c1c([nH]c2ccc(cc12)C1CCN(CCS(C)(=O)=O)CC1)-c1cc(C#N)c2ncnn2c1	Toll-like receptor 7	1	US Patent	7CYN
CC(C)c1c([nH]c2ccc(cc12)C1CCN(CCS(C)(=O)=O)CC1)-c1cc(CO)c2ncnn2c1	Toll-like receptor 7	1	US Patent	7CYN
CNC(=O)CN1CCC(CC1)c1ccc2[nH]c(c(C(C)C)c2c1)-c1cc(C)c2nc(C)nn2c1	Toll-like receptor 7	1	US Patent	7CYN
CC(C)c1c([nH]c2ccc(cc12)C1CCN(CC(C)(C)O)CC1)-c1cn2ncnc2c(Cl)c1C	Toll-like receptor 7	1	US Patent	7CYN
CNC(=O)CN1CCC(CC1)c1ccc2[nH]c(c(C(C)C)c2c1)-c1cn2ncnc2c(Cl)c1C	Toll-like receptor 7	1	US Patent	7CYN
CNC(=O)CN1CCC(CC1)c1ccc2[nH]c(c(CC(F)F)c2c1)-c1cc(OC)c2ncnn2c1	Toll-like receptor 7	1	US Patent	7CYN
CC(C)c1c([nH]c2ccc(cc12)C1CCN(CC1)C(C)c1ccn[nH]1)-c1cc(C)c2ncnn2c1	Toll-like receptor 7	1	US Patent	7CYN
CC(C)c1c([nH]c2ccc(cc12)C1CCN(Cc2cnc(C)cn2)CC1)-c1cc(C)c2ncnn2c1	Toll-like receptor 7	1	US Patent	7CYN
COc1cc(cn2ncnc12)-c1[nH]c2ccc(nc2c1C(C)C)C1CNCCO1	Toll-like receptor 7	1	US Patent	7CYN
CC(C)c1c([nH]c2ccc(cc12)C1CCN(CC(O)CO)CC1)-c1cc(C)nc(C)c1	Toll-like receptor 7	1	US Patent	7CYN
CC(C)c1c([nH]c2ccc(cc12)C1CCNCC1)-c1cc(C)nc(C)c1F	Toll-like receptor 7	1	US Patent	7CYN
COc1nc(C)c2nc(-c3cncc(F)c3)n(Cc3ccc(cc3F)[C@H]3CN4CCC3CC4)c2n1	Toll-like receptor 7	1	US Patent	7CYN
COCCN(C)C1CCC(CC1)c1ccc2[nH]c(c(C(C)C)c2n1)-c1cc(OC)c2ncnn2c1	Toll-like receptor 7	1	US Patent	7CYN
CC(C)c1c([nH]c2ccc(nc12)C1CCC(CC1)NC1COC1)-c1cc(CO)c2ncnn2c1	Toll-like receptor 7	1	US Patent	7CYN
CCN(C)C1CCC(CC1)c1nc2c(C(C)C)c([nH]c2cc1C)-c1cc(OC)c2ncnn2c1	Toll-like receptor 7	1	US Patent	7CYN
CC(C)c1c([nH]c2ccc(nc12)C1CCC(CC1)NCC(=O)N(C)C)-c1cn2ncnc2c(C)c1C	Toll-like receptor 7	1	US Patent	7CYN
CCN(CC(=O)N1CCN(CC1)c1ccc2[nH]c(c(C(C)C)c2n1)-c1cn2ncnc2c(C)c1C)C(C)C	Toll-like receptor 7	1	US Patent	7CYN
CC(C)c1c([nH]c2ccc(nc12)N1CCN([C@@H](C)C1)C(=O)CN1CCCC1)-c1cn2ncnc2c(C)c1C	Toll-like receptor 7	1	US Patent	7CYN
CC(C)c1c([nH]c2ccc(nc12)N1CCN([C@@H](C)C1)C(=O)CN(C)C(C)(C)C)-c1cn2ncnc2c(C)c1C	Toll-like receptor 7	1	US Patent	7CYN
CCC[C@H]1CN(CN1c1ccc2[nH]c(c(C(C)C)c2n1)-c1cn2ncnc2c(C)c1C)C(=O)CCN(C)C	Toll-like receptor 7	1	US Patent	7CYN
CC(C)c1c([nH]c2ccc(nc12)N1CCN(CC1)C(=O)CN1CC2(C1)CCOC2)-c1cn2ncnc2c(C)c1C	Toll-like receptor 7	1	US Patent	7CYN
CC(C)c1c([nH]c2ccc(nc12)N1C[C@@H]2CC1CN2)-c1cn2ncnc2c(C)c1C	Toll-like receptor 7	1	US Patent	7CYN
CC(C)c1c([nH]c2ccc(nc12)N1CCC(CC1)NC1CCOCC1)-c1cn2ncnc2c(C)c1C	Toll-like receptor 7	1	US Patent	7CYN
COc1cc(cn2ncnc12)-c1[nH]c2ccc(nc2c1C(C)C)C1CNCCO1	Toll-like receptor 7	1	US Patent	7CYN
COc1cc(cn2ncnc12)-c1[nH]c2ccc(nc2c1C(C)C)C1CCC(CC1)N1CCC(F)C1	Toll-like receptor 7	1	US Patent	7CYN
COc1cc(cn2ncnc12)-c1[nH]c2ccc(nc2c1C(C)C)N1CCN(CC#N)CC1	Toll-like receptor 7	1	US Patent	7CYN
CCN(CC(=O)N1CCN(CC1)c1ccc2[nH]c(c(C(C)C)c2n1)-c1cn2ncnc2c(C)c1C)C(C)C	Toll-like receptor 7	1	US Patent	7CYN
Cc1cc(-c2cnc(OCC34CCC(N)(CC3)CC4)c(C)c2)c2cnn(C)c2n1	Toll-like receptor 7	1	ChEMBL	7CYN
CC(C)c1c([nH]c2cnc(N3CCC(CC3)NC3(C)COC3)c(F)c12)-c1cc(C)c2ncnn2c1	Toll-like receptor 7	1	US Patent	7CYN
CC(C)c1c([nH]c2ccc(nc12)N1CCC(CC1)NC1CCOCC1)-c1cn2ncnc2c(C)c1C	Toll-like receptor 7	1	US Patent	7CYN
CC(C)c1c([nH]c2ccc(nc12)N1CCN([C@@H](C)C1)C(=O)CN1CCCC1)-c1cn2ncnc2c(C)c1C	Toll-like receptor 7	1	US Patent	7CYN
CC(C)c1c([nH]c2ccc(nc12)N1CCN(CC1)C(=O)CN1CC2(C1)CCOC2)-c1cn2ncnc2c(C)c1C	Toll-like receptor 7	1	US Patent	7CYN
Cc1cc(cnc1OCC12CCC(N)(CC1)CC2)-c1nn(C)c2nc(N)ncc12	Toll-like receptor 7	1	ChEMBL	7CYN
CN1CCC(CC1)Nc1n[nH]c2cc(c(C)cc12)-c1ccnc(C)c1F	Toll-like receptor 7	1	ChEMBL	7CYN
CC(C)c1c([nH]c2ccc(nc12)C1CCC(CC1)NCC(=O)N(C)C)-c1cn2ncnc2c(C)c1C	Toll-like receptor 7	1	US Patent	7CYN
COc1cc(cn2ncnc12)-c1[nH]c2ccc(nc2c1C(C)C)N1CCN(CC#N)CC1	Toll-like receptor 7	1	US Patent	7CYN
CC(C)c1c([nH]c2ccc(nc12)N1C[C@@H]2CC1CN2)-c1cn2ncnc2c(C)c1C	Toll-like receptor 7	1	US Patent	7CYN
Cc1cc(cnc1OCC12CCC(N)(CC1)CC2)-c1ccnc2[nH]ncc12	Toll-like receptor 7	1	ChEMBL	7CYN
CC(C)c1c([nH]c2cnc(N3CCC(CC3)N3CC4(COC4)C3)c(F)c12)-c1cn2ncnc2c(C)c1C	Toll-like receptor 7	1	US Patent	7CYN
Cc1nn(CC23CCC(CC2)(CC3)NC(=O)CN2CCC2)c2CCN(Cc12)c1cc(C)nc2n(C)ncc12	Toll-like receptor 7	1	ChEMBL	7CYN
Cc1cc(-c2cnc(OCC34CCC(N)(CC3)CC4)c(C)c2)c2cnn(C)c2n1	Toll-like receptor 7	1	ChEMBL	7CYN
CCN(C)C1CCC(CC1)c1nc2c(C(C)C)c([nH]c2cc1C)-c1cc(OC)c2ncnn2c1	Toll-like receptor 7	1	US Patent	7CYN
COc1cc(cn2ncnc12)-c1[nH]c2ccc(nc2c1C(C)C)C1CCC(CC1)N1CCC(F)C1	Toll-like receptor 7	1	US Patent	7CYN
CC(C)c1c([nH]c2ccc(nc12)N1[C@H]2CC[C@@H]1CN(C2)C(=O)CCN(C)C)-c1cn2ncnc2c(C)c1C	Toll-like receptor 7	1	US Patent	7CYN
CC(C)c1c([nH]c2ccc(cc12)C1CCNCC1)-c1cc(C)nc(C)c1	Toll-like receptor 7	1	ChEMBL	7CYN
CC(C)c1c([nH]c2ccc(nc12)C1CCC(CC1)NC1COC1)-c1cc(CO)c2ncnn2c1	Toll-like receptor 7	1	US Patent	7CYN
CC(C)c1c([nH]c2ccc(nc12)N1CCN([C@@H](C)C1)C(=O)CN(C)C(C)(C)C)-c1cn2ncnc2c(C)c1C	Toll-like receptor 7	1	US Patent	7CYN
COCCN(C)C1CCC(CC1)c1ccc2[nH]c(c(C(C)C)c2n1)-c1cc(OC)c2ncnn2c1	Toll-like receptor 7	1	US Patent	7CYN
[2H]c1ccc2c(ccc(C#N)c2n1)N1C[C@H]2N(Cc3nc(OC4CCNCC4)ccc23)[C@H](C)C1	Toll-like receptor 7	1	ChEMBL	7CYN
COc1cc(cn2ncnc12)-c1[nH]c2ccc(nc2c1C(C)C)C1CNCCO1	Toll-like receptor 7	1	US Patent	7CYN
CC(C)c1c([nH]c2ccc(cc12)C1CCN(CC1)C(=O)CN(C)C)-c1cc(C)c2nc(C)nn2c1	Toll-like receptor 7	1.1	US Patent	7CYN
CC(C)c1c([nH]c2ccc(cc12)C1CCN(CC1)C(=O)CN(C)C)-c1cn2ncnc2c(C2CC2)c1C	Toll-like receptor 7	1.1	US Patent	7CYN
CCc1c([nH]c2ccc(cc12)C1CCN(CC1)C(=O)CNC)-c1cc(C)c2ncnn2c1	Toll-like receptor 7	1.1	US Patent	7CYN
CC(C)NCC(=O)N1CCC(CC1)c1ccc2[nH]c(c(C(C)C)c2c1)-c1cn2ncnc2c(C)c1C	Toll-like receptor 7	1.1	US Patent	7CYN
CC(C)c1c([nH]c2ccc(cc12)C1CCN(CC1)C(=O)CN(C)C1CC1)-c1cc(c2ncnn2c1)C(F)(F)F	Toll-like receptor 7	1.1	US Patent	7CYN
COCc1cc(cn2ncnc12)-c1[nH]c2ccc(cc2c1C(C)C)C1CCN(CC(=O)N(C)CCC#N)CC1	Toll-like receptor 7	1.1	US Patent	7CYN
CC(C)c1c([nH]c2ccc(cc12)C1CCN(CC(=O)NC2(C)COC2)CC1)-c1cn2ncnc2c(C)c1C	Toll-like receptor 7	1.1	US Patent	7CYN
COc1cc(cn2ncnc12)-c1[nH]c2ccc(cc2c1C(C)C)C1CCN(CC(=O)N2CCNC(=O)C2)CC1	Toll-like receptor 7	1.1	US Patent	7CYN
COc1cc(cn2ncnc12)-c1[nH]c2ccc(cc2c1C(C)C)C1CCN(CC(=O)N2CC(O)C2)CC1	Toll-like receptor 7	1.1	US Patent	7CYN
COCc1cc(cn2ncnc12)-c1[nH]c2ccc(cc2c1C(C)C)C1CCNCC1	Toll-like receptor 7	1.1	US Patent	7CYN
CCCN(C)CCC(=O)N1CCC(CC1)c1ccc2[nH]c(c(C(C)C)c2c1)-c1cn2ncnc2c(C)c1C	Toll-like receptor 7	1.1	US Patent	7CYN
CC(C)c1c([nH]c2ccc(cc12)C1CCN(CC1)C(=O)CCN1CCCCC1)-c1cn2ncnc2c(C)c1C	Toll-like receptor 7	1.1	US Patent	7CYN
CNCCC(=O)N1CCC(CC1)c1ccc2[nH]c(c(C(C)C)c2c1)-c1cn2ncnc2c(C)c1C	Toll-like receptor 7	1.1	US Patent	7CYN
CCN(CC)C(=O)C1CCCN(CCC(=O)N2CCC(CC2)c2ccc3[nH]c(c(C(C)C)c3c2)-c2cn3ncnc3c(C)c2C)C1	Toll-like receptor 7	1.1	US Patent	7CYN
COC1CCN(CCC(=O)N2CCC(CC2)c2ccc3[nH]c(c(C(C)C)c3c2)-c2cn3ncnc3c(C)c2C)CC1	Toll-like receptor 7	1.1	US Patent	7CYN
CC(C)c1c([nH]c2ccc(cc12)C1CCN(CC1)C(=O)CCN1CCC[C@H]1CO)-c1cn2ncnc2c(C)c1C	Toll-like receptor 7	1.1	US Patent	7CYN
CC(C)c1c([nH]c2ccc(cc12)C1CCN(CC1)C(=O)OC1CCCNC1)-c1cn2ncnc2c(C)c1C	Toll-like receptor 7	1.1	US Patent	7CYN
CC(C)c1c([nH]c2ccc(cc12)C1CCN(Cc2cnn[nH]2)CC1)-c1cn2ncnc2c(C)c1C	Toll-like receptor 7	1.1	US Patent	7CYN
COc1cc(cn2ncnc12)-c1[nH]c2ccc(cc2c1C(C)C)C1CCN(CC1)C(=O)CN(C)C	Toll-like receptor 7	1.1	US Patent	7CYN
COCCNCC(=O)N1CCC(CC1)c1ccc2[nH]c(c(C(C)C)c2c1)-c1cc(C)c2ncnn2c1	Toll-like receptor 7	1.1	US Patent	7CYN
CC(C)c1c([nH]c2ccc(cc12)C1CCNCC1)-c1cc(F)c2ncnn2c1	Toll-like receptor 7	1.1	US Patent	7CYN
COc1cc(cn2nc(C)nc12)-c1[nH]c2ccc(cc2c1C(C)C)C1CCNCC1	Toll-like receptor 7	1.1	US Patent	7CYN
CC(C)c1c([nH]c2ccc(cc12)C1CCN(CC1)C(=O)N1CCN(C)CC1)-c1cn2ncnc2c(C)c1C	Toll-like receptor 7	1.1	US Patent	7CYN
COc1cc(cn2ncnc12)-c1[nH]c2ccc(cc2c1C(C)C)C1CCN(CCS(C)(=O)=O)CC1	Toll-like receptor 7	1.1	US Patent	7CYN
CC(C)c1c([nH]c2ccc(cc12)C1CCN(CC(=O)N(C)C)CC1)-c1cc(OC(F)F)c2nc(C)nn2c1	Toll-like receptor 7	1.1	US Patent	7CYN
CCc1c([nH]c2ccc(cc12)C1CCN(CC(=O)N(C)C)CC1)-c1cc(OC)c2ncnn2c1	Toll-like receptor 7	1.1	US Patent	7CYN
CC(C)c1c([nH]c2ccc(cc12)C1CCN(Cc2c(C)n[nH]c2C)CC1)-c1cc(C)c2ncnn2c1	Toll-like receptor 7	1.1	US Patent	7CYN
CC(C)c1c([nH]c2ccc(cc12)C1CCN(CC1)C(C)c1cnn(C)c1)-c1cc(C)c2ncnn2c1	Toll-like receptor 7	1.1	US Patent	7CYN
COc1cc(cn2nc(C)nc12)-c1[nH]c2ccc(cc2c1C(C)C)C1CCN(CC1)C1CCOC1	Toll-like receptor 7	1.1	US Patent	7CYN
COc1cc(cn2ncnc12)-c1[nH]c2ccc(nc2c1C(C)C)C1CCC(C1)NC1CCOC(C)(C)C1	Toll-like receptor 7	1.1	US Patent	7CYN
CC(C)c1c([nH]c2ccc(nc12)C1CC2(C1)CN(C2)C(=O)CCN(C)C)-c1cn2ncnc2c(C)c1C	Toll-like receptor 7	1.1	US Patent	7CYN
COc1cc(cn2nc(C)nc12)-c1[nH]c2ccc(cc2c1C(C)C)C1CCN(CC1)C1CCOC1	Toll-like receptor 7	1.1	US Patent	7CYN
CC(C)c1c([nH]c2ccc(nc12)N1CCN(CCCS(C)(=O)=O)C[C@H]1C)-c1cn2ncnc2c(C)c1C	Toll-like receptor 7	1.1	US Patent	7CYN
CC(C)c1c([nH]c2ccc(nc12)N1CCN[C@H](C)C1)-c1cn2ncnc2c(C)c1C	Toll-like receptor 7	1.1	US Patent	7CYN
CC(C)c1c([nH]c2ccc(cc12)C1CCN(CC1)C(=O)CN(C)C)-c1cc(C)c2nc(C)nn2c1	Toll-like receptor 7	1.1	US Patent	7CYN
CC(C)c1c([nH]c2ccc(nc12)N1CCN(CC1)C(=O)CN(C)C)-c1cn2ncnc2c(C)c1C	Toll-like receptor 7	1.1	US Patent	7CYN
CC(C)c1c([nH]c2ccc(cc12)C1CCN(CC1)C(=O)CN(C)C)-c1cn2ncnc2c(C2CC2)c1C	Toll-like receptor 7	1.1	US Patent	7CYN
CCc1c([nH]c2ccc(cc12)C1CCN(CC1)C(=O)CNC)-c1cc(C)c2ncnn2c1	Toll-like receptor 7	1.1	US Patent	7CYN
CC(C)c1c([nH]c2ccc(nc12)N1CCN([C@@H](C)C1)C(=O)CN1CC2(COC2)C1)-c1cn2ncnc2c(C)c1C	Toll-like receptor 7	1.1	US Patent	7CYN
CCN(CC)CC(=O)N1CCN([C@@H](C)C1)c1ccc2[nH]c(c(C(C)C)c2n1)-c1cn2ncnc2c(C)c1C	Toll-like receptor 7	1.1	US Patent	7CYN
CC(C)N(C)CC(=O)N1CCN(C[C@H]1C)c1ccc2[nH]c(c(C(C)C)c2n1)-c1cn2ncnc2c(C)c1C	Toll-like receptor 7	1.1	US Patent	7CYN
CC(C)NCC(=O)N1CCC(CC1)c1ccc2[nH]c(c(C(C)C)c2c1)-c1cn2ncnc2c(C)c1C	Toll-like receptor 7	1.1	US Patent	7CYN
CC(C)c1c([nH]c2ccc(cc12)C1CCN(CC1)C(=O)CN(C)C1CC1)-c1cc(c2ncnn2c1)C(F)(F)F	Toll-like receptor 7	1.1	US Patent	7CYN
CC(C)c1c([nH]c2ccc(nc12)N1C[C@H]2CCC[C@H](C1)N2)-c1cn2ncnc2c(C)c1C	Toll-like receptor 7	1.1	US Patent	7CYN
CC(C)c1c([nH]c2ccc(nc12)N1[C@H]2CC[C@@H]1CNC2)-c1cn2ncnc2c(C)c1C	Toll-like receptor 7	1.1	US Patent	7CYN
COCc1cc(cn2ncnc12)-c1[nH]c2ccc(cc2c1C(C)C)C1CCN(CC(=O)N(C)CCC#N)CC1	Toll-like receptor 7	1.1	US Patent	7CYN
CC(C)c1c([nH]c2ccc(cc12)C1CCN(CC(=O)NC2(C)COC2)CC1)-c1cn2ncnc2c(C)c1C	Toll-like receptor 7	1.1	US Patent	7CYN
CC(C)c1c([nH]c2ccc(nc12)C1CCC(CC1)N1CC2(C1)CCOC2)-c1cn2ncnc2c(C)c1C	Toll-like receptor 7	1.1	US Patent	7CYN
COc1cc(cn2ncnc12)-c1[nH]c2ccc(cc2c1C(C)C)C1CCN(CC(=O)N2CCNC(=O)C2)CC1	Toll-like receptor 7	1.1	US Patent	7CYN
COc1cc(cn2ncnc12)-c1[nH]c2ccc(cc2c1C(C)C)C1CCN(CC(=O)N2CC(O)C2)CC1	Toll-like receptor 7	1.1	US Patent	7CYN
CCCN(C)CCC(=O)N1CCC(CC1)c1ccc2[nH]c(c(C(C)C)c2c1)-c1cn2ncnc2c(C)c1C	Toll-like receptor 7	1.1	US Patent	7CYN
CC(C)c1c([nH]c2ccc(cc12)C1CCN(CC1)C(=O)CCN1CCCCC1)-c1cn2ncnc2c(C)c1C	Toll-like receptor 7	1.1	US Patent	7CYN
CNCCC(=O)N1CCC(CC1)c1ccc2[nH]c(c(C(C)C)c2c1)-c1cn2ncnc2c(C)c1C	Toll-like receptor 7	1.1	US Patent	7CYN
CCN(CC)C(=O)C1CCCN(CCC(=O)N2CCC(CC2)c2ccc3[nH]c(c(C(C)C)c3c2)-c2cn3ncnc3c(C)c2C)C1	Toll-like receptor 7	1.1	US Patent	7CYN
COC1CCN(CCC(=O)N2CCC(CC2)c2ccc3[nH]c(c(C(C)C)c3c2)-c2cn3ncnc3c(C)c2C)CC1	Toll-like receptor 7	1.1	US Patent	7CYN
CC(C)c1c([nH]c2ccc(cc12)C1CCN(CC1)C(=O)CCN1CCC[C@H]1CO)-c1cn2ncnc2c(C)c1C	Toll-like receptor 7	1.1	US Patent	7CYN
CC(C)c1c([nH]c2ccc(cc12)C1CCN(CC1)C(=O)OC1CCCNC1)-c1cn2ncnc2c(C)c1C	Toll-like receptor 7	1.1	US Patent	7CYN
CC(C)c1c([nH]c2ccc(cc12)C1CCN(CC1)C(=O)N1CCN(C)CC1)-c1cn2ncnc2c(C)c1C	Toll-like receptor 7	1.1	US Patent	7CYN
COc1cc(cn2ncnc12)-c1[nH]c2ccc(nc2c1C(C)C)C1CCC(CC1)N(C)CC(=O)N(C)C	Toll-like receptor 7	1.1	US Patent	7CYN
COCc1cc(cn2ncnc12)-c1[nH]c2ccc(cc2c1C(C)C)C1CCNCC1	Toll-like receptor 7	1.1	US Patent	7CYN
CC(C)c1c([nH]c2ccc(cc12)C1CCN(Cc2cnn[nH]2)CC1)-c1cn2ncnc2c(C)c1C	Toll-like receptor 7	1.1	US Patent	7CYN
CC(C)c1c([nH]c2ccc(nc12)C1CCC(CC1)NCC(=O)N(C)C)-c1cc(C)c2ncnn2c1	Toll-like receptor 7	1.1	US Patent	7CYN
COc1cc(cn2ncnc12)-c1[nH]c2ccc(cc2c1C(C)C)C1CCN(CC1)C(=O)CN(C)C	Toll-like receptor 7	1.1	US Patent	7CYN
COCCNCC(=O)N1CCC(CC1)c1ccc2[nH]c(c(C(C)C)c2c1)-c1cc(C)c2ncnn2c1	Toll-like receptor 7	1.1	US Patent	7CYN
CC(C)c1c([nH]c2ccc(cc12)C1CCNCC1)-c1cc(F)c2ncnn2c1	Toll-like receptor 7	1.1	US Patent	7CYN
COc1cc(cn2nc(C)nc12)-c1[nH]c2ccc(cc2c1C(C)C)C1CCNCC1	Toll-like receptor 7	1.1	US Patent	7CYN
COc1cc(cn2ncnc12)-c1[nH]c2cc(C)c(nc2c1C(C)C)C1CCC(N)CC1	Toll-like receptor 7	1.1	US Patent	7CYN
COc1cc(cn2ncnc12)-c1[nH]c2ccc(cc2c1C(C)C)C1CCN(CCS(C)(=O)=O)CC1	Toll-like receptor 7	1.1	US Patent	7CYN
CC(C)c1c([nH]c2ccc(nc12)C1CCC(CC1)NC1CCS(=O)(=O)C1)-c1cn2ncnc2c(C)c1C	Toll-like receptor 7	1.1	US Patent	7CYN
CC(C)c1c([nH]c2ccc(nc12)C1CCC(CC1)NCC(=O)NC(C)(C)C)-c1cn2ncnc2c(C)c1C	Toll-like receptor 7	1.1	US Patent	7CYN
CC(C)c1c([nH]c2ccc(cc12)C1CCN(CC(=O)N(C)C)CC1)-c1cc(OC(F)F)c2nc(C)nn2c1	Toll-like receptor 7	1.1	US Patent	7CYN
CC(C)c1c([nH]c2cc(F)c(nc12)C1CCC(N)CC1)-c1cn2ncnc2c(C)c1C	Toll-like receptor 7	1.1	US Patent	7CYN
CCN(CC(=O)N(C)C)C1CCC(CC1)c1nc2c(C(C)C)c([nH]c2cc1F)-c1cn2ncnc2c(C)c1C	Toll-like receptor 7	1.1	US Patent	7CYN
CC(C)c1c([nH]c2ccc(nc12)C1CCNCC1)-c1cc(C)nc(C)c1	Toll-like receptor 7	1.1	US Patent	7CYN
CC(C)c1c([nH]c2ccc(nc12)C1CCNCC1)-c1cc(C)c2nnnn2c1	Toll-like receptor 7	1.1	US Patent	7CYN
CC(C)c1c([nH]c2ccc(nc12)C1CCN(CC(=O)N(C)C)CC1)-c1cn2ncnc2c(C)c1C	Toll-like receptor 7	1.1	US Patent	7CYN
CCc1c([nH]c2ccc(cc12)C1CCN(CC(=O)N(C)C)CC1)-c1cc(OC)c2ncnn2c1	Toll-like receptor 7	1.1	US Patent	7CYN
CC(C)c1c([nH]c2ccc(cc12)C1CCN(Cc2c(C)n[nH]c2C)CC1)-c1cc(C)c2ncnn2c1	Toll-like receptor 7	1.1	US Patent	7CYN
COc1cc(cn2ncnc12)-c1[nH]c2ccc(OCC3CN(C)C3)nc2c1C(C)C	Toll-like receptor 7	1.1	US Patent	7CYN
CC(C)c1c([nH]c2ccc(cc12)C1CCN(CC1)C(C)c1cnn(C)c1)-c1cc(C)c2ncnn2c1	Toll-like receptor 7	1.1	US Patent	7CYN
CC(C)c1c([nH]c2ccc(cc12)C1CCN(CC(=O)NC2CCC(O)CC2)CC1)-c1cc(C)nc(C)c1	Toll-like receptor 7	1.1	US Patent	7CYN
CC(C)c1c([nH]c2ccc(cc12)[C@H]1CCNCC1(F)F)-c1cc(C)nc(C)c1	Toll-like receptor 7	1.1	US Patent	7CYN
CC(C)c1c([nH]c2ccc(nc12)C1CC2(C1)CN(C2)C(=O)CCN(C)C)-c1cn2ncnc2c(C)c1C	Toll-like receptor 7	1.1	US Patent	7CYN
COc1cc(cn2ncnc12)-c1[nH]c2ccc(nc2c1C(C)C)C1CCC(CC1)N(C)CC(=O)N(C)C	Toll-like receptor 7	1.1	US Patent	7CYN
CC(C)c1c([nH]c2ccc(nc12)C1CCC(CC1)NCC(=O)N(C)C)-c1cc(C)c2ncnn2c1	Toll-like receptor 7	1.1	US Patent	7CYN
COc1cc(cn2ncnc12)-c1[nH]c2cc(C)c(nc2c1C(C)C)C1CCC(N)CC1	Toll-like receptor 7	1.1	US Patent	7CYN
CC(C)c1c([nH]c2ccc(nc12)C1CCC(CC1)NC1CCS(=O)(=O)C1)-c1cn2ncnc2c(C)c1C	Toll-like receptor 7	1.1	US Patent	7CYN
CC(C)c1c([nH]c2ccc(nc12)N1CCN(CCCS(C)(=O)=O)C[C@H]1C)-c1cn2ncnc2c(C)c1C	Toll-like receptor 7	1.1	US Patent	7CYN
CC(C)c1c([nH]c2ccc(nc12)N1CCN[C@H](C)C1)-c1cn2ncnc2c(C)c1C	Toll-like receptor 7	1.1	US Patent	7CYN
CC(C)c1c([nH]c2ccc(nc12)N1CCN(CC1)C(=O)CN(C)C)-c1cn2ncnc2c(C)c1C	Toll-like receptor 7	1.1	US Patent	7CYN
CC(C)c1c([nH]c2ccc(nc12)C1CCC(CC1)NCC(=O)NC(C)(C)C)-c1cn2ncnc2c(C)c1C	Toll-like receptor 7	1.1	US Patent	7CYN
CC(C)c1c([nH]c2cc(F)c(nc12)C1CCC(N)CC1)-c1cn2ncnc2c(C)c1C	Toll-like receptor 7	1.1	US Patent	7CYN
CCN(CC(=O)N(C)C)C1CCC(CC1)c1nc2c(C(C)C)c([nH]c2cc1F)-c1cn2ncnc2c(C)c1C	Toll-like receptor 7	1.1	US Patent	7CYN
CC(C)c1c([nH]c2ccc(nc12)C1CCNCC1)-c1cc(C)nc(C)c1	Toll-like receptor 7	1.1	US Patent	7CYN
CC(C)c1c([nH]c2ccc(nc12)C1CCNCC1)-c1cc(C)c2nnnn2c1	Toll-like receptor 7	1.1	US Patent	7CYN
CC(C)c1c([nH]c2ccc(nc12)N1CCN([C@@H](C)C1)C(=O)CN1CC2(COC2)C1)-c1cn2ncnc2c(C)c1C	Toll-like receptor 7	1.1	US Patent	7CYN
CCN(CC)CC(=O)N1CCN([C@@H](C)C1)c1ccc2[nH]c(c(C(C)C)c2n1)-c1cn2ncnc2c(C)c1C	Toll-like receptor 7	1.1	US Patent	7CYN
CC(C)c1c([nH]c2ccc(nc12)C1CCN(CC(=O)N(C)C)CC1)-c1cn2ncnc2c(C)c1C	Toll-like receptor 7	1.1	US Patent	7CYN
CC(C)N(C)CC(=O)N1CCN(C[C@H]1C)c1ccc2[nH]c(c(C(C)C)c2n1)-c1cn2ncnc2c(C)c1C	Toll-like receptor 7	1.1	US Patent	7CYN
CC(C)c1c([nH]c2ccc(nc12)N1C[C@H]2CCC[C@H](C1)N2)-c1cn2ncnc2c(C)c1C	Toll-like receptor 7	1.1	US Patent	7CYN
CC(C)c1c([nH]c2ccc(nc12)N1[C@H]2CC[C@@H]1CNC2)-c1cn2ncnc2c(C)c1C	Toll-like receptor 7	1.1	US Patent	7CYN
COc1cc(cn2ncnc12)-c1[nH]c2ccc(OCC3CN(C)C3)nc2c1C(C)C	Toll-like receptor 7	1.1	US Patent	7CYN
COc1cc(cn2ncnc12)-c1[nH]c2ccc(nc2c1C(C)C)C1CCC(C1)NC1CCOC(C)(C)C1	Toll-like receptor 7	1.1	US Patent	7CYN
CC(C)c1c([nH]c2ccc(nc12)C1CCC(CC1)N1CC2(C1)CCOC2)-c1cn2ncnc2c(C)c1C	Toll-like receptor 7	1.1	US Patent	7CYN
CC(C)c1c([nH]c2cnc(N3CCC(CC3)NC34CC(C3)C4)c(C)c12)-c1cc(C)c2ncnn2c1	Toll-like receptor 7	1.1	US Patent	7CYN
CCN1CCN(CC1)c1ncc2[nH]c(c(C(C)C)c2c1F)-c1cc(OC)c2ncnn2c1	Toll-like receptor 7	1.1	US Patent	7CYN
CC(C)c1c([nH]c2ccc(nc12)C1CCNCC1)-c1cc(C)c2nnnn2c1	Toll-like receptor 7	1.1	US Patent	7CYN
CNC(=O)CN(C)C1CCN(CC1)c1ncc2[nH]c(c(C(C)C)c2c1F)-c1cc(OC)c2ncnn2c1	Toll-like receptor 7	1.1	US Patent	7CYN
CC(C)c1c([nH]c2ccc(nc12)C1CCNCC1)-c1cc(C)nc(C)c1	Toll-like receptor 7	1.1	US Patent	7CYN
COc1cc2c(n[nH]c2cc1-c1cc(C)nc(C)c1)C(=O)N1CCN(C)CC1	Toll-like receptor 7	1.1	ChEMBL	7CYN
CC(C)c1c([nH]c2cnc(N3CCC(CC3)NC3COC3)c(F)c12)-c1cn2ncnc2c(C)c1C	Toll-like receptor 7	1.1	US Patent	7CYN
CC(C)c1c([nH]c2ccc(nc12)N1[C@H]2CC[C@@H]1CNC2)-c1cn2ncnc2c(C)c1C	Toll-like receptor 7	1.1	US Patent	7CYN
CC(C)c1c([nH]c2cnc(cc12)C1CCC(CC1)NC1CCOC1)-c1cn2ncnc2c(C)c1C	Toll-like receptor 7	1.1	US Patent	7CYN
CC(C)c1c([nH]c2ccc(nc12)N1CCN(CC1)C(=O)CN(C)C)-c1cn2ncnc2c(C)c1C	Toll-like receptor 7	1.1	US Patent	7CYN
COc1cc(cn2ncnc12)-c1[nH]c2cnc(cc2c1C(C)C)C1CCC(CC1)NC1COC1	Toll-like receptor 7	1.1	US Patent	7CYN
CC(C)c1c([nH]c2cnc(N3CCC(CC3)N3CCOCC3)c(C)c12)-c1cc(C)c2ncnn2c1	Toll-like receptor 7	1.1	US Patent	7CYN
CC(C)c1c([nH]c2ccc(nc12)C1CCC(CC1)NCC(=O)N(C)C)-c1cc(C)c2ncnn2c1	Toll-like receptor 7	1.1	US Patent	7CYN
CC(C)c1c([nH]c2cc(F)c(nc12)C1CCC(N)CC1)-c1cn2ncnc2c(C)c1C	Toll-like receptor 7	1.1	US Patent	7CYN
CC(C)c1c([nH]c2ccc(nc12)C1CC2(C1)CN(C2)C(=O)CCN(C)C)-c1cn2ncnc2c(C)c1C	Toll-like receptor 7	1.1	US Patent	7CYN
COc1cc(cn2ncnc12)-c1[nH]c2cnc(N3CCC(CC3)N3CC4(COC4)C3)c(C)c2c1C(C)C	Toll-like receptor 7	1.1	US Patent	7CYN
COc1cc(cn2ncnc12)-c1[nH]c2ccc(nc2c1C(C)C)C1CCC(C1)NC1CCOC(C)(C)C1	Toll-like receptor 7	1.1	US Patent	7CYN
CC(C)c1c([nH]c2ccc(nc12)N1C[C@H]2CCC[C@H](C1)N2)-c1cn2ncnc2c(C)c1C	Toll-like receptor 7	1.1	US Patent	7CYN
CC(C)c1c([nH]c2ccc(nc12)N1CCN(CCCS(C)(=O)=O)C[C@H]1C)-c1cn2ncnc2c(C)c1C	Toll-like receptor 7	1.1	US Patent	7CYN
CC(C)c1c([nH]c2ccc(nc12)C1CCC(CC1)NC1CCS(=O)(=O)C1)-c1cn2ncnc2c(C)c1C	Toll-like receptor 7	1.1	US Patent	7CYN
CC(C)N1CCC(CC1)N1CCN([C@H](C)C1)c1ncc2[nH]c(c(C(C)C)c2c1F)-c1cn2ncnc2c(C)c1C	Toll-like receptor 7	1.1	US Patent	7CYN
CC(C)c1c([nH]c2ccc(nc12)N1CCN[C@H](C)C1)-c1cn2ncnc2c(C)c1C	Toll-like receptor 7	1.1	US Patent	7CYN
CC(C)c1c([nH]c2ccc(nc12)C1CCC(CC1)NCC(=O)NC(C)(C)C)-c1cn2ncnc2c(C)c1C	Toll-like receptor 7	1.1	US Patent	7CYN
CC(C)c1c([nH]c2ccc(nc12)C1CCN(CC(=O)N(C)C)CC1)-c1cn2ncnc2c(C)c1C	Toll-like receptor 7	1.1	US Patent	7CYN
CC(C)c1c([nH]c2cnc(C3CCNCC3)c(F)c12)-c1cc(C)nc(C)c1	Toll-like receptor 7	1.1	US Patent	7CYN
CCN(CC(=O)N(C)C)C1CCC(CC1)c1nc2c(C(C)C)c([nH]c2cc1F)-c1cn2ncnc2c(C)c1C	Toll-like receptor 7	1.1	US Patent	7CYN
CC(C)N(C)CC(=O)N1CCN(C[C@H]1C)c1ccc2[nH]c(c(C(C)C)c2n1)-c1cn2ncnc2c(C)c1C	Toll-like receptor 7	1.1	US Patent	7CYN
CCN(CC)CC(=O)N1CCN([C@@H](C)C1)c1ccc2[nH]c(c(C(C)C)c2n1)-c1cn2ncnc2c(C)c1C	Toll-like receptor 7	1.1	US Patent	7CYN
CC(C)c1c([nH]c2ccc(nc12)C1CCC(CC1)N1CC2(C1)CCOC2)-c1cn2ncnc2c(C)c1C	Toll-like receptor 7	1.1	US Patent	7CYN
COc1cc(cn2ncnc12)-c1[nH]c2ccc(OCC3CN(C)C3)nc2c1C(C)C	Toll-like receptor 7	1.1	US Patent	7CYN
COc1cc(cn2ncnc12)-c1[nH]c2ccc(nc2c1C(C)C)C1CCC(CC1)N(C)CC(=O)N(C)C	Toll-like receptor 7	1.1	US Patent	7CYN
CC(C)c1c([nH]c2ccc(nc12)N1CCN([C@@H](C)C1)C(=O)CN1CC2(COC2)C1)-c1cn2ncnc2c(C)c1C	Toll-like receptor 7	1.1	US Patent	7CYN
COc1cc(cn2ncnc12)-c1[nH]c2cc(C)c(nc2c1C(C)C)C1CCC(N)CC1	Toll-like receptor 7	1.1	US Patent	7CYN
COc1cc(cn2ncnc12)-c1[nH]c2ccc(cc2c1C(C)C)C1CCN(CC1)C(=O)CS(C)(=O)=O	Toll-like receptor 7	1.2	US Patent	7CYN
COc1cc(cn2ncnc12)-c1[nH]c2ccc(cc2c1C(C)C)C1CCN(CC1)C(=O)[C@@H]1C[C@@H](O)CN1	Toll-like receptor 7	1.2	US Patent	7CYN
CC(C)c1c([nH]c2ccc(cc12)C1CCN(CC1)C(=O)CN1CC[C@@H](O)C1)-c1cn2ncnc2c(C)c1C	Toll-like receptor 7	1.2	US Patent	7CYN
CC(C)c1c([nH]c2ccc(cc12)C1CCN(CC1)C(=O)CN1CC[C@H](O)C1)-c1cn2ncnc2c(C)c1C	Toll-like receptor 7	1.2	US Patent	7CYN
COCCN(C)CC(=O)N1CCC(CC1)c1ccc2[nH]c(c(C(C)C)c2c1)-c1cn2ncnc2c(C)c1C	Toll-like receptor 7	1.2	US Patent	7CYN
CC(C)c1c([nH]c2ccc(cc12)C1CCN(CC1)C(=O)CCN(C)CC(=O)N(C)C)-c1cn2ncnc2c(C)c1C	Toll-like receptor 7	1.2	US Patent	7CYN
CC(C)c1c([nH]c2ccc(cc12)C1CCN(CC1)C(=O)OCC1CCCN1)-c1cn2ncnc2c(C)c1C	Toll-like receptor 7	1.2	US Patent	7CYN
C[C@H](O)CC(=O)N1CCC(CC1)c1ccc2[nH]c(c(C(C)C)c2c1)-c1cc(C)c2ncnn2c1	Toll-like receptor 7	1.2	US Patent	7CYN
CC(C)c1c([nH]c2ccc(cc12)C1CCN(CC(=O)N2CCOCC2)CC1)-c1cc(C)c2ncnn2c1	Toll-like receptor 7	1.2	US Patent	7CYN
CC(C)c1c([nH]c2ccc(cc12)C1CCN(CC(=O)NC2(C)COC2)CC1)-c1cc(C)c2ncnn2c1	Toll-like receptor 7	1.2	US Patent	7CYN
CC(C)c1c([nH]c2ccc(cc12)C1CCN(CC1)C(=O)OC1CCN(C)C1)-c1cn2ncnc2c(C)c1C	Toll-like receptor 7	1.2	US Patent	7CYN
CC(C)c1c([nH]c2ccc(cc12)C1CCN(CC1)C(C#N)C(=O)N(C)C)-c1cc(C)c2ncnn2c1	Toll-like receptor 7	1.2	US Patent	7CYN
CC(C)c1c([nH]c2ccc(cc12)C1CCN(CC1)C(C)C#N)-c1cc(C)c2ncnn2c1	Toll-like receptor 7	1.2	US Patent	7CYN
CC(C)c1c([nH]c2ccc(cc12)C1CCN(CC(=O)N(C)C)CC1)-c1cc(C)c2nc(C)nn2c1	Toll-like receptor 7	1.2	US Patent	7CYN
COc1c(C)c(cn2ncnc12)-c1[nH]c2ccc(cc2c1C(C)C)C1CCN(CCS(C)(=O)=O)CC1	Toll-like receptor 7	1.2	US Patent	7CYN
CNC(=O)CN1CCC(CC1)c1ccc2[nH]c(c(C(C)C)c2c1)-c1cn2ncnc2c(C2CC2)c1C	Toll-like receptor 7	1.2	US Patent	7CYN
CC(C)c1c([nH]c2ccc(cc12)C1CCN(CC1)C1CCCOC1)-c1cc(C)c2ncnn2c1	Toll-like receptor 7	1.2	US Patent	7CYN
CC(C)c1c([nH]c2ccc(cc12)C1CCN(Cc2ncc(CO)cn2)CC1)-c1cc(C)c2ncnn2c1	Toll-like receptor 7	1.2	US Patent	7CYN
CCOC(=O)C1CC(C1)N1CCC(CC1)c1ccc2[nH]c(c(C(C)C)c2c1)-c1cc(C)c2ncnn2c1	Toll-like receptor 7	1.2	US Patent	7CYN
CC(C)c1c([nH]c2ccc(nc12)N1CC[N]2(CCCC[C@H]2C1)C(=O)CN(C)C)-c1cn2ncnc2c(C)c1C	Toll-like receptor 7	1.2	US Patent	7CYN
CCOC(=O)C1CC(C1)N1CCC(CC1)c1ccc2[nH]c(c(C(C)C)c2c1)-c1cc(C)c2ncnn2c1	Toll-like receptor 7	1.2	US Patent	7CYN
CC(C)c1c([nH]c2ccc(nc12)N1CCN(CCC(N)=O)C[C@@H]1C)-c1cn2ncnc2c(C)c1C	Toll-like receptor 7	1.2	US Patent	7CYN
CC(C)c1c([nH]c2ccc(nc12)N1C[C@@H](C)N(CCC(N)=O)C[C@@H]1C)-c1cn2ncnc2c(C)c1C	Toll-like receptor 7	1.2	US Patent	7CYN
CCCCN(C)CC(=O)N1CCN(CC1)c1ccc2[nH]c(c(C(C)C)c2n1)-c1cn2ncnc2c(C)c1C	Toll-like receptor 7	1.2	US Patent	7CYN
CC(C)c1c([nH]c2ccc(nc12)N1CCN(CC1)C(=O)CN(C)C)-c1cn2ncnc2c(C)c1C	Toll-like receptor 7	1.2	US Patent	7CYN
COc1cc(cn2ncnc12)-c1[nH]c2ccc(cc2c1C(C)C)C1CCN(CC1)C(=O)CS(C)(=O)=O	Toll-like receptor 7	1.2	US Patent	7CYN
COc1cc(cn2ncnc12)-c1[nH]c2ccc(cc2c1C(C)C)C1CCN(CC1)C(=O)[C@@H]1C[C@@H](O)CN1	Toll-like receptor 7	1.2	US Patent	7CYN
CC(C)N(C)CC(=O)N1C[C@@H]2CC[C@H](C1)N2c1ccc2[nH]c(c(C(C)C)c2n1)-c1cn2ncnc2c(C)c1C	Toll-like receptor 7	1.2	US Patent	7CYN
CC(C)c1c([nH]c2ccc(cc12)C1CCN(CC1)C(=O)CN1CC[C@@H](O)C1)-c1cn2ncnc2c(C)c1C	Toll-like receptor 7	1.2	US Patent	7CYN
CC(C)c1c([nH]c2ccc(cc12)C1CCN(CC1)C(=O)CN1CC[C@H](O)C1)-c1cn2ncnc2c(C)c1C	Toll-like receptor 7	1.2	US Patent	7CYN
COCCN(C)CC(=O)N1CCC(CC1)c1ccc2[nH]c(c(C(C)C)c2c1)-c1cn2ncnc2c(C)c1C	Toll-like receptor 7	1.2	US Patent	7CYN
CC(C)c1c([nH]c2ccc(cc12)C1CCN(CC1)C(=O)CCN(C)CC(=O)N(C)C)-c1cn2ncnc2c(C)c1C	Toll-like receptor 7	1.2	US Patent	7CYN
CC(C)c1c([nH]c2ccc(cc12)C1CCN(CC1)C(=O)OCC1CCCN1)-c1cn2ncnc2c(C)c1C	Toll-like receptor 7	1.2	US Patent	7CYN
CC(C)c1c([nH]c2ccc(cc12)C1CCN(CC1)C(=O)OC1CCN(C)C1)-c1cn2ncnc2c(C)c1C	Toll-like receptor 7	1.2	US Patent	7CYN
CCCCN1CCN(CC1)c1ccc2[nH]c(c(C(C)C)c2n1)-c1cc(OC)c2ncnn2c1	Toll-like receptor 7	1.2	US Patent	7CYN
CC(C)c1c([nH]c2ccc(nc12)N1CCN(CC1)C(=O)CCN(C)C)-c1cn(C)c2ncncc12	Toll-like receptor 7	1.2	US Patent	7CYN
CC(C)c1c([nH]c2ccc(nc12)N1CCN(CC1)S(=O)(=O)CCN(C)C)-c1cn2ncnc2c(C)c1C	Toll-like receptor 7	1.2	US Patent	7CYN
C[C@H](O)CC(=O)N1CCC(CC1)c1ccc2[nH]c(c(C(C)C)c2c1)-c1cc(C)c2ncnn2c1	Toll-like receptor 7	1.2	US Patent	7CYN
CC(C)c1c([nH]c2ccc(nc12)C1CCC(CC1)NCCS(C)(=O)=O)-c1cn(C)c2ncccc12	Toll-like receptor 7	1.2	US Patent	7CYN
CC(C)c1c([nH]c2ccc(nc12)C1CCC(CC1)N1CC2(C1)CS(=O)(=O)C2)-c1cn(C)c2ncccc12	Toll-like receptor 7	1.2	US Patent	7CYN
CC(C)c1c([nH]c2ccc(cc12)C1CCN(CC(=O)N2CCOCC2)CC1)-c1cc(C)c2ncnn2c1	Toll-like receptor 7	1.2	US Patent	7CYN
CC(C)c1c([nH]c2ccc(cc12)C1CCN(CC(=O)NC2(C)COC2)CC1)-c1cc(C)c2ncnn2c1	Toll-like receptor 7	1.2	US Patent	7CYN
CC(C)c1c([nH]c2ccc(cc12)C1CCN(CC1)C(C#N)C(=O)N(C)C)-c1cc(C)c2ncnn2c1	Toll-like receptor 7	1.2	US Patent	7CYN
CC(C)c1c([nH]c2ccc(cc12)C1CCN(CC1)C(C)C#N)-c1cc(C)c2ncnn2c1	Toll-like receptor 7	1.2	US Patent	7CYN
CNC(=O)CN(C)C1CCC(CC1)c1ccc2[nH]c(c(C(C)C)c2n1)-c1cn2ncnc2c(C)c1C	Toll-like receptor 7	1.2	US Patent	7CYN
CC(C)c1c([nH]c2ccc(cc12)C1CCN(CC(=O)N(C)C)CC1)-c1cc(C)c2nc(C)nn2c1	Toll-like receptor 7	1.2	US Patent	7CYN
CC(C)c1c([nH]c2ccc(nc12)C1CCC(CC1)NCC(C)(C)S(C)(=O)=O)-c1cn2ncnc2c(C)c1C	Toll-like receptor 7	1.2	US Patent	7CYN
CCN(CC(=O)N(C)C)C1CCC(CC1)c1ccc2[nH]c(c(C(C)C)c2n1)-c1cn2ncnc2c(C)c1C	Toll-like receptor 7	1.2	US Patent	7CYN
COCCN(C)C(=O)CNC1CCC(CC1)c1ccc2[nH]c(c(C(C)C)c2n1)-c1cn2ncnc2c(C)c1C	Toll-like receptor 7	1.2	US Patent	7CYN
CC(C)c1c([nH]c2ccc(nc12)C1CCC(CC1)NCC(=O)N1CCOCC1)-c1cn2ncnc2c(C)c1C	Toll-like receptor 7	1.2	US Patent	7CYN
COc1c(C)c(cn2ncnc12)-c1[nH]c2ccc(cc2c1C(C)C)C1CCN(CCS(C)(=O)=O)CC1	Toll-like receptor 7	1.2	US Patent	7CYN
CNC(=O)CN1CCC(CC1)c1ccc2[nH]c(c(C(C)C)c2c1)-c1cn2ncnc2c(C2CC2)c1C	Toll-like receptor 7	1.2	US Patent	7CYN
COc1cc(cn2ncnc12)-c1[nH]c2cc(C)c(nc2c1C(C)C)C1CCNCC1	Toll-like receptor 7	1.2	US Patent	7CYN
CC(C)c1c([nH]c2ccc(nc12)C1CCN(CC1)C1COC1)-c1cc(C)c2ncnn2c1	Toll-like receptor 7	1.2	US Patent	7CYN
CC(C)c1c([nH]c2ccc(nc12)C1CCN(CC(C)(C)O)CC1)-c1cn2ncnc2c(C)c1C	Toll-like receptor 7	1.2	US Patent	7CYN
COc1cc(cn2ncnc12)-c1[nH]c2ccc(nc2c1C(C)C)C1CCN(CC(N)=O)CC1	Toll-like receptor 7	1.2	US Patent	7CYN
CC(C)c1c([nH]c2ccc(nc12)C1CCN(CC(N)=O)CC1)-c1cn2ncnc2c(C)c1C	Toll-like receptor 7	1.2	US Patent	7CYN
CC(C)c1c([nH]c2ccc(cc12)C1CCN(CC1)C1CCCOC1)-c1cc(C)c2ncnn2c1	Toll-like receptor 7	1.2	US Patent	7CYN
COc1cc(cn2ncnc12)-c1[nH]c2ccc(OCC3CCN(CC(=O)N(C)C)CC3)nc2c1C(C)C	Toll-like receptor 7	1.2	US Patent	7CYN
CC(C)c1c([nH]c2ccc(cc12)C1CCN(Cc2ncc(CO)cn2)CC1)-c1cc(C)c2ncnn2c1	Toll-like receptor 7	1.2	US Patent	7CYN
CNCC(=O)N1CCC(CC1)c1ccc2[nH]c(c(C(C)C)c2c1)-c1cc(C)nc(C)c1F	Toll-like receptor 7	1.2	US Patent	7CYN
CC(C)c1c([nH]c2cc(F)c(cc12)C1CCN(C)CC1)-c1cc(C)nc(C)c1	Toll-like receptor 7	1.2	US Patent	7CYN
CC(C)c1c([nH]c2ccc(cc12)C1CCN(CC1)C(=O)[C@@H]1C[C@H](F)CN1)-c1cc(C)nc(C)c1	Toll-like receptor 7	1.2	US Patent	7CYN
CC(C)c1c([nH]c2ccc(cc12)C1CCN(CC(=O)N2CCNC(=O)C2)CC1)-c1cc(C)nc(C)c1	Toll-like receptor 7	1.2	US Patent	7CYN
CC(C)c1c([nH]c2ccc(cc12)C1CCN(CC(=O)N2CCS(=O)(=O)CC2)CC1)-c1cc(C)nc(C)c1	Toll-like receptor 7	1.2	US Patent	7CYN
CC(C)c1c([nH]c2ccc(cc12)C1CCN(Cc2cn[nH]c2)CC1)-c1cc(C)nc(C)c1	Toll-like receptor 7	1.2	US Patent	7CYN
CC(C)c1c([nH]c2ccc(nc12)N1CCN(CC1)S(=O)(=O)CCN(C)C)-c1cn2ncnc2c(C)c1C	Toll-like receptor 7	1.2	US Patent	7CYN
CC(C)c1c([nH]c2ccc(nc12)N1C[C@@H]2CCC[C@H](C1)N2C(=O)CN(C)C)-c1cn2ncnc2c(C)c1C	Toll-like receptor 7	1.2	US Patent	7CYN
CC(C)c1c([nH]c2ccc(nc12)C1CCC(CC1)NCCS(C)(=O)=O)-c1cn(C)c2ncccc12	Toll-like receptor 7	1.2	US Patent	7CYN
CC(C)c1c([nH]c2ccc(nc12)C1CCC(CC1)N1CC2(C1)CS(=O)(=O)C2)-c1cn(C)c2ncccc12	Toll-like receptor 7	1.2	US Patent	7CYN
CNC(=O)CN(C)C1CCC(CC1)c1ccc2[nH]c(c(C(C)C)c2n1)-c1cn2ncnc2c(C)c1C	Toll-like receptor 7	1.2	US Patent	7CYN
CC(C)c1c([nH]c2ccc(nc12)C1CCC(CC1)NCC(C)(C)S(C)(=O)=O)-c1cn2ncnc2c(C)c1C	Toll-like receptor 7	1.2	US Patent	7CYN
CCN(CC(=O)N(C)C)C1CCC(CC1)c1ccc2[nH]c(c(C(C)C)c2n1)-c1cn2ncnc2c(C)c1C	Toll-like receptor 7	1.2	US Patent	7CYN
CC(C)c1c([nH]c2ccc(nc12)N1CCN(CCC(N)=O)C[C@@H]1C)-c1cn2ncnc2c(C)c1C	Toll-like receptor 7	1.2	US Patent	7CYN
CC(C)c1c([nH]c2ccc(nc12)N1C[C@@H](C)N(CCC(N)=O)C[C@@H]1C)-c1cn2ncnc2c(C)c1C	Toll-like receptor 7	1.2	US Patent	7CYN
COCCN(C)C(=O)CNC1CCC(CC1)c1ccc2[nH]c(c(C(C)C)c2n1)-c1cn2ncnc2c(C)c1C	Toll-like receptor 7	1.2	US Patent	7CYN
CC(C)c1c([nH]c2ccc(nc12)C1CCC(CC1)NCC(=O)N1CCOCC1)-c1cn2ncnc2c(C)c1C	Toll-like receptor 7	1.2	US Patent	7CYN
COc1cc(cn2ncnc12)-c1[nH]c2cc(C)c(nc2c1C(C)C)C1CCNCC1	Toll-like receptor 7	1.2	US Patent	7CYN
CC(C)c1c([nH]c2ccc(nc12)C1CCN(CC1)C1COC1)-c1cc(C)c2ncnn2c1	Toll-like receptor 7	1.2	US Patent	7CYN
CCCCN(C)CC(=O)N1CCN(CC1)c1ccc2[nH]c(c(C(C)C)c2n1)-c1cn2ncnc2c(C)c1C	Toll-like receptor 7	1.2	US Patent	7CYN
CC(C)c1c([nH]c2ccc(nc12)N1CCN(CC1)C(=O)CN(C)C)-c1cn2ncnc2c(C)c1C	Toll-like receptor 7	1.2	US Patent	7CYN
CCC[C@H]1CN(CN1c1ccc2[nH]c(c(C(C)C)c2n1)-c1cn2ncnc2c(C)c1C)C(=O)CN(C)C(C)C	Toll-like receptor 7	1.2	US Patent	7CYN
CC(C)c1c([nH]c2ccc(nc12)C1CCN(CC(C)(C)O)CC1)-c1cn2ncnc2c(C)c1C	Toll-like receptor 7	1.2	US Patent	7CYN
COc1cc(cn2ncnc12)-c1[nH]c2ccc(nc2c1C(C)C)C1CCN(CC(N)=O)CC1	Toll-like receptor 7	1.2	US Patent	7CYN
CC(C)c1c([nH]c2ccc(nc12)C1CCN(CC(N)=O)CC1)-c1cn2ncnc2c(C)c1C	Toll-like receptor 7	1.2	US Patent	7CYN
COc1cc(cn2ncnc12)-c1[nH]c2ccc(OCC3CCN(CC(=O)N(C)C)CC3)nc2c1C(C)C	Toll-like receptor 7	1.2	US Patent	7CYN
CCCCN1CCN(CC1)c1ccc2[nH]c(c(C(C)C)c2n1)-c1cc(OC)c2ncnn2c1	Toll-like receptor 7	1.2	US Patent	7CYN
CC(C)c1c([nH]c2ccc(nc12)N1CCN(CC1)C(=O)CCN(C)C)-c1cn(C)c2ncncc12	Toll-like receptor 7	1.2	US Patent	7CYN
COc1cc(cn2ncnc12)-c1[nH]c2ccc(nc2c1C(C)C)C1CCN(CC(N)=O)CC1	Toll-like receptor 7	1.2	US Patent	7CYN
CC(C)c1c([nH]c2ccc(nc12)N1CCN(CC1)C(=O)CCN(C)C)-c1cn(C)c2ncncc12	Toll-like receptor 7	1.2	US Patent	7CYN
CC(C)c1c([nH]c2ccc(nc12)N1CCN(CC1)S(=O)(=O)CCN(C)C)-c1cn2ncnc2c(C)c1C	Toll-like receptor 7	1.2	US Patent	7CYN
CC(C)c1c([nH]c2ccc(nc12)N1CCN(CCC(N)=O)C[C@@H]1C)-c1cn2ncnc2c(C)c1C	Toll-like receptor 7	1.2	US Patent	7CYN
CC(C)c1c([nH]c2cnc(N3CCC(CC3)NC3CCOCC3)c(C)c12)-c1cn2ncnc2c(C)c1C	Toll-like receptor 7	1.2	US Patent	7CYN
CC(C)c1c([nH]c2ccc(nc12)C1CCN(CC(N)=O)CC1)-c1cn2ncnc2c(C)c1C	Toll-like receptor 7	1.2	US Patent	7CYN
CC(C)c1c([nH]c2ccc(nc12)C1CCN(CC1)C1COC1)-c1cc(C)c2ncnn2c1	Toll-like receptor 7	1.2	US Patent	7CYN
CC(C)c1c([nH]c2ccc(nc12)C1CCN(CC(C)(C)O)CC1)-c1cn2ncnc2c(C)c1C	Toll-like receptor 7	1.2	US Patent	7CYN
CC(C)c1c([nH]c2ccc(nc12)C1CCC(CC1)NCC(C)(C)S(C)(=O)=O)-c1cn2ncnc2c(C)c1C	Toll-like receptor 7	1.2	US Patent	7CYN
CC(C)c1c([nH]c2ccc(nc12)N1C[C@@H]2CCC[C@H](C1)N2C(=O)CN(C)C)-c1cn2ncnc2c(C)c1C	Toll-like receptor 7	1.2	US Patent	7CYN
CC(C)c1c([nH]c2ccc(nc12)C1CCC(CC1)NCCS(C)(=O)=O)-c1cn(C)c2ncccc12	Toll-like receptor 7	1.2	US Patent	7CYN
CNC(=O)CN(C)C1CCC(CC1)c1ccc2[nH]c(c(C(C)C)c2n1)-c1cn2ncnc2c(C)c1C	Toll-like receptor 7	1.2	US Patent	7CYN
CC(C)N(C)CC(=O)N1C[C@@H]2CC[C@H](C1)N2c1ccc2[nH]c(c(C(C)C)c2n1)-c1cn2ncnc2c(C)c1C	Toll-like receptor 7	1.2	US Patent	7CYN
CCCCN(C)CC(=O)N1CCN(CC1)c1ccc2[nH]c(c(C(C)C)c2n1)-c1cn2ncnc2c(C)c1C	Toll-like receptor 7	1.2	US Patent	7CYN
COc1cc(cn2ncnc12)-c1[nH]c2ccc(OCC3CCN(CC(=O)N(C)C)CC3)nc2c1C(C)C	Toll-like receptor 7	1.2	US Patent	7CYN
CC(C)c1c([nH]c2ccc(nc12)N1CCN(CC1)C(=O)CN(C)C)-c1cn2ncnc2c(C)c1C	Toll-like receptor 7	1.2	US Patent	7CYN
CC(C)c1c([nH]c2ccc(nc12)C1CCC(CC1)N1CC2(C1)CS(=O)(=O)C2)-c1cn(C)c2ncccc12	Toll-like receptor 7	1.2	US Patent	7CYN
CC(C)c1c([nH]c2ccc(nc12)N1C[C@@H](C)N(CCC(N)=O)C[C@@H]1C)-c1cn2ncnc2c(C)c1C	Toll-like receptor 7	1.2	US Patent	7CYN
COCCN(C)C(=O)CNC1CCC(CC1)c1ccc2[nH]c(c(C(C)C)c2n1)-c1cn2ncnc2c(C)c1C	Toll-like receptor 7	1.2	US Patent	7CYN
COc1cc(cn2ncnc12)-c1[nH]c2cnc(N3CCC(CC3)N(C)C(C)C)c(F)c2c1C(C)C	Toll-like receptor 7	1.2	US Patent	7CYN
CCCCN1CCN(CC1)c1ccc2[nH]c(c(C(C)C)c2n1)-c1cc(OC)c2ncnn2c1	Toll-like receptor 7	1.2	US Patent	7CYN
CC(C)c1c([nH]c2ccc(nc12)C1CCC(CC1)NCC(=O)N1CCOCC1)-c1cn2ncnc2c(C)c1C	Toll-like receptor 7	1.2	US Patent	7CYN
COc1cc(cn2ncnc12)-c1[nH]c2cc(C)c(nc2c1C(C)C)C1CCNCC1	Toll-like receptor 7	1.2	US Patent	7CYN
CCN(CC(=O)N(C)C)C1CCC(CC1)c1ccc2[nH]c(c(C(C)C)c2n1)-c1cn2ncnc2c(C)c1C	Toll-like receptor 7	1.2	US Patent	7CYN
CC(C)c1c([nH]c2ccc(cc12)C1CCN(CC1)C(=O)[C@@H]1C[C@@H](O)CN1)-c1cc(C)c2ncnn2c1	Toll-like receptor 7	1.3	US Patent	7CYN
CC(C)c1c([nH]c2ccc(cc12)C1CCN(CC1)C(=O)CCO)-c1cc(c2ncnn2c1)C(F)(F)F	Toll-like receptor 7	1.3	US Patent	7CYN
COC1CCN(CC(=O)N2CCC(CC2)c2ccc3[nH]c(c(C(C)C)c3c2)-c2cn3ncnc3c(C)c2C)CC1	Toll-like receptor 7	1.3	US Patent	7CYN
CCN(C)CC(=O)N1CCC(CC1)c1ccc2[nH]c(c(C(C)C)c2c1)-c1cn2ncnc2c(C)c1C	Toll-like receptor 7	1.3	US Patent	7CYN
CC(C)c1c([nH]c2ccc(cc12)C1CCN(CC(=O)N(C)CCCO)CC1)-c1cc(C)c2ncnn2c1	Toll-like receptor 7	1.3	US Patent	7CYN
COCc1cc(cn2ncnc12)-c1[nH]c2ccc(cc2c1C(C)C)C1CCN(CC(=O)N2CCC[C@H]2CO)CC1	Toll-like receptor 7	1.3	US Patent	7CYN
CC(C)c1c([nH]c2ccc(cc12)C1CCN(CC(=O)N2CCOCC2)CC1)-c1cn2ncnc2c(C)c1C	Toll-like receptor 7	1.3	US Patent	7CYN
COc1cc(cn2ncnc12)-c1[nH]c2ccc(cc2c1C(C)C)C1CCN(CC(=O)NCC(C)(C)O)CC1	Toll-like receptor 7	1.3	US Patent	7CYN
CC(C)c1c([nH]c2ccc(cc12)C1CCN(CC1)C(=O)CCN1CCC1)-c1cn2ncnc2c(C)c1C	Toll-like receptor 7	1.3	US Patent	7CYN
CC(C)c1c([nH]c2ccc(cc12)C1CCN(CC1)C(=O)OCCN)-c1cn2ncnc2c(C)c1C	Toll-like receptor 7	1.3	US Patent	7CYN
CC(C)N1CCC(C1)OC(=O)N1CCC(CC1)c1ccc2[nH]c(c(C(C)C)c2c1)-c1cn2ncnc2c(C)c1C	Toll-like receptor 7	1.3	US Patent	7CYN
CCCN1CC(C1)OC(=O)N1CCC(CC1)c1ccc2[nH]c(c(C(C)C)c2c1)-c1cn2ncnc2c(C)c1C	Toll-like receptor 7	1.3	US Patent	7CYN
CC(C)c1c([nH]c2ccc(cc12)C1CCN(CC1)C(=O)N1CCN(CCO)CC1)-c1cn2ncnc2c(C)c1C	Toll-like receptor 7	1.3	US Patent	7CYN
CC(C)c1c([nH]c2ccc(cc12)C1CCN(CC2(CC2)C#N)CC1)-c1cc(C)c2ncnn2c1	Toll-like receptor 7	1.3	US Patent	7CYN
CC(C)c1c([nH]c2ccc(cc12)C1CCN(CC1)C1CCN(CC1)C(C)=O)-c1cc(C)c2ncnn2c1	Toll-like receptor 7	1.3	US Patent	7CYN
CC(C)c1c([nH]c2ccc(cc12)C1CCN(CC(N)=O)CC1)-c1cc(F)c2ncnn2c1	Toll-like receptor 7	1.3	US Patent	7CYN
CC(C)c1c([nH]c2ccc(cc12)C1CCN(Cc2ncnn2C)CC1)-c1cc(C)c2ncnn2c1	Toll-like receptor 7	1.3	US Patent	7CYN
CCCCS(=O)(=O)CC(C)N1CCC(CC1)c1ccc2[nH]c(c(C(C)C)c2c1)-c1cc(C)c2ncnn2c1	Toll-like receptor 7	1.3	US Patent	7CYN
COCCN1CCC(CC1)c1ccc2[nH]c(c(C(C)C)c2c1)-c1cn2ncnc2c(C)c1C	Toll-like receptor 7	1.3	US Patent	7CYN
CC(C)c1c([nH]c2ccc(cc12)C1CCN(CC1)C1CCS(=O)(=O)CC1)-c1cc(c2ncnn2c1)C(F)(F)F	Toll-like receptor 7	1.3	US Patent	7CYN
CC(C)c1c([nH]c2ccc(cc12)C1CCN(CC1)C1CCS(=O)(=O)CC1)-c1cc(c2ncnn2c1)C(F)(F)F	Toll-like receptor 7	1.3	US Patent	7CYN
CC(C)c1c([nH]c2ccc(nc12)N1C[C@H]2C[C@@H]1CCN2C1CCOCC1)-c1cn2ncnc2c(C)c1C	Toll-like receptor 7	1.3	US Patent	7CYN
CC(C)c1c([nH]c2ccc(nc12)N1C[C@@H]2C[C@H]1CCN2C1CCOC1)-c1cn2ncnc2c(C)c1C	Toll-like receptor 7	1.3	US Patent	7CYN
CC(C)c1c([nH]c2ccc(nc12)N1[C@@H](C)CNC[C@@H]1C)-c1cn2ncnc2c(C)c1C	Toll-like receptor 7	1.3	US Patent	7CYN
CC(C)c1c([nH]c2ccc(cc12)C1CCN(CC1)C(=O)[C@@H]1C[C@@H](O)CN1)-c1cc(C)c2ncnn2c1	Toll-like receptor 7	1.3	US Patent	7CYN
CC(C)c1c([nH]c2ccc(cc12)C1CCN(CC1)C(=O)CCO)-c1cc(c2ncnn2c1)C(F)(F)F	Toll-like receptor 7	1.3	US Patent	7CYN
CC(C)N1C[C@@H](C)N([C@H](C)C1)c1ccc2[nH]c(c(C(C)C)c2n1)-c1cn2ncnc2c(C)c1C	Toll-like receptor 7	1.3	US Patent	7CYN
COC1CCN(CC(=O)N2CCC(CC2)c2ccc3[nH]c(c(C(C)C)c3c2)-c2cn3ncnc3c(C)c2C)CC1	Toll-like receptor 7	1.3	US Patent	7CYN
CCN(C)CC(=O)N1CCC(CC1)c1ccc2[nH]c(c(C(C)C)c2c1)-c1cn2ncnc2c(C)c1C	Toll-like receptor 7	1.3	US Patent	7CYN
CC(C)c1c([nH]c2ccc(cc12)C1CCN(CC(=O)N(C)CCCO)CC1)-c1cc(C)c2ncnn2c1	Toll-like receptor 7	1.3	US Patent	7CYN
CC(C)c1c([nH]c2ccc(nc12)N1CCN(CC1)C(=O)CN(C)CCO)-c1cn2ncnc2c(C)c1C	Toll-like receptor 7	1.3	US Patent	7CYN
CC(C)c1c([nH]c2ccc(nc12)N1CCC(CC1)N(C)CC1(C)COC1)-c1cn2ncnc2c(C)c1C	Toll-like receptor 7	1.3	US Patent	7CYN
CCCN1CC2(C1)CN(C2)c1ccc2[nH]c(c(C(C)C)c2n1)-c1cn2ncnc2c(C)c1C	Toll-like receptor 7	1.3	US Patent	7CYN
COc1cc(cn2ncnc12)-c1[nH]c2ccc(nc2c1C(C)C)N1CC2(CN(C)C2)C1	Toll-like receptor 7	1.3	US Patent	7CYN
COCc1cc(cn2ncnc12)-c1[nH]c2ccc(cc2c1C(C)C)C1CCN(CC(=O)N2CCC[C@H]2CO)CC1	Toll-like receptor 7	1.3	US Patent	7CYN
CC(C)c1c([nH]c2ccc(cc12)C1CCN(CC(=O)N2CCOCC2)CC1)-c1cn2ncnc2c(C)c1C	Toll-like receptor 7	1.3	US Patent	7CYN
COc1cc(cn2ncnc12)-c1[nH]c2ccc(cc2c1C(C)C)C1CCN(CC(=O)NCC(C)(C)O)CC1	Toll-like receptor 7	1.3	US Patent	7CYN
CC(C)c1c([nH]c2ccc(nc12)C1CCC(CC1)N1CC2(COC2)C1)-c1cn(C)c2ncccc12	Toll-like receptor 7	1.3	US Patent	7CYN
CC(C)c1c([nH]c2ccc(nc12)C1CCC(CC1)N1CC(C1)C(=O)N(C)C)-c1cn2ncnc2c(C)c1C	Toll-like receptor 7	1.3	US Patent	7CYN
CC(C)c1c([nH]c2ccc(cc12)C1CCN(CC1)C(=O)CCN1CCC1)-c1cn2ncnc2c(C)c1C	Toll-like receptor 7	1.3	US Patent	7CYN
CC(C)c1c([nH]c2ccc(nc12)N1CCC(CC1)N(C)CC1CC1)-c1cn2ncnc2c(C)c1C	Toll-like receptor 7	1.3	US Patent	7CYN
CC(C)c1c([nH]c2ccc(nc12)N1CCC(CC1)N(C)C1CCC1)-c1cn2ncnc2c(C)c1C	Toll-like receptor 7	1.3	US Patent	7CYN
CC(C)c1c([nH]c2ccc(nc12)N1CCC(CC1)NC1CCOCC1)-c1cc(CO)c2ncnn2c1	Toll-like receptor 7	1.3	US Patent	7CYN
CC(C)c1c([nH]c2ccc(nc12)N1CCC(CC1)NC1COC1)-c1cc(CO)c2ncnn2c1	Toll-like receptor 7	1.3	US Patent	7CYN
CC(C)c1c([nH]c2ccc(cc12)C1CCN(CC1)C(=O)OCCN)-c1cn2ncnc2c(C)c1C	Toll-like receptor 7	1.3	US Patent	7CYN
CC(C)N1CCC(C1)OC(=O)N1CCC(CC1)c1ccc2[nH]c(c(C(C)C)c2c1)-c1cn2ncnc2c(C)c1C	Toll-like receptor 7	1.3	US Patent	7CYN
CCCN1CC(C1)OC(=O)N1CCC(CC1)c1ccc2[nH]c(c(C(C)C)c2c1)-c1cn2ncnc2c(C)c1C	Toll-like receptor 7	1.3	US Patent	7CYN
CC(C)c1c([nH]c2ccc(cc12)C1CCN(CC1)C(=O)N1CCN(CCO)CC1)-c1cn2ncnc2c(C)c1C	Toll-like receptor 7	1.3	US Patent	7CYN
COc1cc(cn2ncnc12)-c1[nH]c2cc(C)c(nc2c1C(C)C)C1CCC(CC1)N(C)Cc1ncn(C)n1	Toll-like receptor 7	1.3	US Patent	7CYN
CC(C)c1c([nH]c2ccc(nc12)C1CCC(CC1)N1CCCC1)-c1cn2ncnc2c(C)c1C	Toll-like receptor 7	1.3	US Patent	7CYN
CC(C)c1c([nH]c2ccc(cc12)C1CCN(CC2(CC2)C#N)CC1)-c1cc(C)c2ncnn2c1	Toll-like receptor 7	1.3	US Patent	7CYN
CC(C)c1c([nH]c2ccc(cc12)C1CCN(CC1)C1CCN(CC1)C(C)=O)-c1cc(C)c2ncnn2c1	Toll-like receptor 7	1.3	US Patent	7CYN
CC(C)c1c([nH]c2ccc(cc12)C1CCN(CC(N)=O)CC1)-c1cc(F)c2ncnn2c1	Toll-like receptor 7	1.3	US Patent	7CYN
CC(C)c1c([nH]c2ccc(nc12)C1CCC(CC1)NC1CCS(=O)(=O)C1)-c1cn2ncnc2c(C)c1C	Toll-like receptor 7	1.3	US Patent	7CYN
COc1cc(cn2ncnc12)-c1[nH]c2ccc(OCC3CCN(CC(C)(C)O)CC3)nc2c1C(C)C	Toll-like receptor 7	1.3	US Patent	7CYN
CC(C)c1c([nH]c2ccc(cc12)C1CCN(Cc2ncnn2C)CC1)-c1cc(C)c2ncnn2c1	Toll-like receptor 7	1.3	US Patent	7CYN
CCCCS(=O)(=O)CC(C)N1CCC(CC1)c1ccc2[nH]c(c(C(C)C)c2c1)-c1cc(C)c2ncnn2c1	Toll-like receptor 7	1.3	US Patent	7CYN
COCCN1CCC(CC1)c1ccc2[nH]c(c(C(C)C)c2c1)-c1cn2ncnc2c(C)c1C	Toll-like receptor 7	1.3	US Patent	7CYN
CNC(=O)CN1CCC(CC1)c1ccc2[nH]c(c(C(C)C)c2c1)-c1cc(C)nc(C)c1F	Toll-like receptor 7	1.3	US Patent	7CYN
CC(C)c1c([nH]c2ccc(cc12)C1CCN(CC1)C(=O)C(=O)N1CCNCC1)-c1cc(C)nc(C)c1	Toll-like receptor 7	1.3	US Patent	7CYN
CC(C)c1c([nH]c2ccc(cc12)C1CCN(CC1)C(=O)CCN(C)C)-c1cc(C)nc(C)c1	Toll-like receptor 7	1.3	US Patent	7CYN
CC(C)c1c([nH]c2ccc(cc12)C1CCN(CC1)C(=O)[C@H]1CCNC1)-c1cc(C)nc(C)c1	Toll-like receptor 7	1.3	US Patent	7CYN
CC(C)c1c([nH]c2ccc(cc12)C1CCN(CC1)C(=O)CN1CC[C@@H](O)C1)-c1cc(C)nc(C)c1	Toll-like receptor 7	1.3	US Patent	7CYN
CC(C)c1c([nH]c2ccc(cc12)C1CCN(Cc2c[nH]nn2)CC1)-c1cc(C)nc(C)c1	Toll-like receptor 7	1.3	US Patent	7CYN
CC(C)c1c([nH]c2ccc(cc12)[C@@H]1CCNCC1(F)F)-c1cc(C)nc(C)c1	Toll-like receptor 7	1.3	US Patent	7CYN
CC(C)c1c([nH]c2ccc(nc12)N1C[C@H]2C[C@@H]1CN2C1CCOCC1)-c1cn2ncnc2c(C)c1C	Toll-like receptor 7	1.3	US Patent	7CYN
CC(C)c1c([nH]c2ccc(nc12)N1C[C@@H]2C[C@H]1CN2C1CCOC1)-c1cn2ncnc2c(C)c1C	Toll-like receptor 7	1.3	US Patent	7CYN
COc1cc(cn2ncnc12)-c1[nH]c2cc(C)c(nc2c1C(C)C)C1CCC(CC1)N(C)Cc1ncn(C)n1	Toll-like receptor 7	1.3	US Patent	7CYN
CC(C)c1c([nH]c2ccc(nc12)C1CCC(CC1)N1CCCC1)-c1cn2ncnc2c(C)c1C	Toll-like receptor 7	1.3	US Patent	7CYN
CC(C)c1c([nH]c2ccc(nc12)N1[C@@H](C)CNC[C@@H]1C)-c1cn2ncnc2c(C)c1C	Toll-like receptor 7	1.3	US Patent	7CYN
CC(C)c1c([nH]c2ccc(nc12)C1CCC(CC1)NC1CCS(=O)(=O)C1)-c1cn2ncnc2c(C)c1C	Toll-like receptor 7	1.3	US Patent	7CYN
CC(C)N1C[C@@H](C)N([C@H](C)C1)c1ccc2[nH]c(c(C(C)C)c2n1)-c1cn2ncnc2c(C)c1C	Toll-like receptor 7	1.3	US Patent	7CYN
COc1cc(cn2ncnc12)-c1[nH]c2ccc(OCC3CCN(CC(C)(C)O)CC3)nc2c1C(C)C	Toll-like receptor 7	1.3	US Patent	7CYN
CC(C)c1c([nH]c2ccc(nc12)N1CCN(CC1)C(=O)CN(C)CCO)-c1cn2ncnc2c(C)c1C	Toll-like receptor 7	1.3	US Patent	7CYN
CC(C)c1c([nH]c2ccc(nc12)N1CCC(CC1)N(C)CC1(C)COC1)-c1cn2ncnc2c(C)c1C	Toll-like receptor 7	1.3	US Patent	7CYN
CCCN1CC2(C1)CN(C2)c1ccc2[nH]c(c(C(C)C)c2n1)-c1cn2ncnc2c(C)c1C	Toll-like receptor 7	1.3	US Patent	7CYN
COc1cc(cn2ncnc12)-c1[nH]c2ccc(nc2c1C(C)C)N1CC2(CN(C)C2)C1	Toll-like receptor 7	1.3	US Patent	7CYN
CC(C)c1c([nH]c2ccc(nc12)C1CCC(CC1)N1CC2(COC2)C1)-c1cn(C)c2ncccc12	Toll-like receptor 7	1.3	US Patent	7CYN
CC(C)c1c([nH]c2ccc(nc12)C1CCC(CC1)N1CC(C1)C(=O)N(C)C)-c1cn2ncnc2c(C)c1C	Toll-like receptor 7	1.3	US Patent	7CYN
CC(C)c1c([nH]c2ccc(nc12)N1CCC(CC1)N(C)CC1CC1)-c1cn2ncnc2c(C)c1C	Toll-like receptor 7	1.3	US Patent	7CYN
CC(C)c1c([nH]c2ccc(nc12)N1CCC(CC1)N(C)C1CCC1)-c1cn2ncnc2c(C)c1C	Toll-like receptor 7	1.3	US Patent	7CYN
CC(C)c1c([nH]c2ccc(nc12)N1CCC(CC1)NC1CCOCC1)-c1cc(CO)c2ncnn2c1	Toll-like receptor 7	1.3	US Patent	7CYN
CC(C)c1c([nH]c2ccc(nc12)N1CCC(CC1)NC1COC1)-c1cc(CO)c2ncnn2c1	Toll-like receptor 7	1.3	US Patent	7CYN
CC(C)c1c([nH]c2ccc(N[C@@H]3C[C@H](C)N(C3)C3CCOCC3)nc12)-c1cn2ncnc2c(C)c1C	Toll-like receptor 7	1.3	US Patent	7CYN
CC(C)c1c([nH]c2cnc(N3CCC(CC3)N(C)C3COC3)c(F)c12)-c1cc(C)c2ncnn2c1	Toll-like receptor 7	1.3	US Patent	7CYN
CC(C)c1c([nH]c2ccc(nc12)C1CCC(CC1)N1CC(C1)C(=O)N(C)C)-c1cn2ncnc2c(C)c1C	Toll-like receptor 7	1.3	US Patent	7CYN
CC(C)c1c([nH]c2ccc(nc12)C1CCC(CC1)N1CC2(COC2)C1)-c1cn(C)c2ncccc12	Toll-like receptor 7	1.3	US Patent	7CYN
COc1cc(cn2ncnc12)-c1[nH]c2cnc(C3CCC(CC3)NCC(C)(C)C)c(F)c2c1C(C)C	Toll-like receptor 7	1.3	US Patent	7CYN
CC(C)c1c([nH]c2ccc(N[C@H]3C[C@@H](C)N(C3)C3CCOC3)nc12)-c1cn2ncnc2c(C)c1C	Toll-like receptor 7	1.3	US Patent	7CYN
CC(C)c1c([nH]c2cnc(N3CCC(CC3)N3CCN(CC3)S(C)(=O)=O)c(C)c12)-c1cc(C)c2ncnn2c1	Toll-like receptor 7	1.3	US Patent	7CYN
CC(C)c1c([nH]c2ccc(nc12)N1CCC(CC1)NC1CCOCC1)-c1cc(CO)c2ncnn2c1	Toll-like receptor 7	1.3	US Patent	7CYN
CC(C)c1c([nH]c2ccc(nc12)C1CCC(CC1)NC1CCS(=O)(=O)C1)-c1cn2ncnc2c(C)c1C	Toll-like receptor 7	1.3	US Patent	7CYN
COc1cc(c[nH]\c1=N/C=N)-c1[nH]c2ccc(OCC3CCN(CC(C)(C)O)CC3)nc2c1C(C)C	Toll-like receptor 7	1.3	US Patent	7CYN
[2H]c1ccc2c(ccc(C#N)c2n1)N1C[C@H]2N(Cc3nc(ccc23)N2CC[C@](C)(N)C2)[C@H](C)C1	Toll-like receptor 7	1.3	ChEMBL	7CYN
CC(C)c1c([nH]c2ccc(nc12)N1CCC(CC1)N(C)C1CCC1)-c1cn2ncnc2c(C)c1C	Toll-like receptor 7	1.3	US Patent	7CYN
CC(C)N1C[C@@H](C)N([C@H](C)C1)c1ccc2[nH]c(c(C(C)C)c2n1)-c1cn2ncnc2c(C)c1C	Toll-like receptor 7	1.3	US Patent	7CYN
COc1cc(cn2ncnc12)-c1[nH]c2cc(C)c(nc2c1C(C)C)C1CCC(CC1)N(C)Cc1ncn(C)n1	Toll-like receptor 7	1.3	US Patent	7CYN
COc1cc(cn2ncnc12)-c1[nH]c2cnc(C3CCN(CC4(C)COC4)CC3)c(F)c2c1C(C)C	Toll-like receptor 7	1.3	US Patent	7CYN
CCN(C)C1CCN(CC1)c1ncc2[nH]c(c(C(C)C)c2c1C)-c1cn2ncnc2c(C)c1C	Toll-like receptor 7	1.3	US Patent	7CYN
CC(C)c1c([nH]c2cnc(C3CCC(CC3)N3CCC3)c(F)c12)-c1cc(C)c2ncnn2c1	Toll-like receptor 7	1.3	US Patent	7CYN
CC(C)c1c([nH]c2ccc(nc12)C1CCC(CC1)N1CCCC1)-c1cn2ncnc2c(C)c1C	Toll-like receptor 7	1.3	US Patent	7CYN
CC(C)c1c([nH]c2ccc(nc12)N1[C@@H](C)CNC[C@@H]1C)-c1cn2ncnc2c(C)c1C	Toll-like receptor 7	1.3	US Patent	7CYN
CCCN1CC2(C1)CN(C2)c1ccc2[nH]c(c(C(C)C)c2n1)-c1cn2ncnc2c(C)c1C	Toll-like receptor 7	1.3	US Patent	7CYN
CC(C)c1c([nH]c2cnc(N3CCC(CC3)N(C)CCC#N)c(C)c12)-c1cc(C)c2ncnn2c1	Toll-like receptor 7	1.3	US Patent	7CYN
COC1CN(C1)C1CCC(CC1)c1ncc2[nH]c(c(C(C)C)c2c1C)-c1cc(OC)c2ncnn2c1	Toll-like receptor 7	1.3	US Patent	7CYN
COc1cc(cn2ncnc12)-c1[nH]c2ccc(nc2c1C(C)C)N1CC2(CN(C)C2)C1	Toll-like receptor 7	1.3	US Patent	7CYN
CC(C)c1c([nH]c2ccc(nc12)N1CCC(CC1)N(C)CC1(C)COC1)-c1cn2ncnc2c(C)c1C	Toll-like receptor 7	1.3	US Patent	7CYN
CC(C)c1c([nH]c2ccc(nc12)N1CCC(CC1)NC1COC1)-c1cc(CO)c2ncnn2c1	Toll-like receptor 7	1.3	US Patent	7CYN
CC(C)c1c([nH]c2ccc(nc12)N1CCN(CC1)C(=O)CN(C)CCO)-c1cn2ncnc2c(C)c1C	Toll-like receptor 7	1.3	US Patent	7CYN
CC(C)c1c([nH]c2ccc(nc12)N1CCC(CC1)N(C)CC1CC1)-c1cn2ncnc2c(C)c1C	Toll-like receptor 7	1.3	US Patent	7CYN
COc1cc(cn2ncnc12)-c1[nH]c2cnc(N3CCN(CC3)C(=O)CN(C)C)c(F)c2c1C(C)C	Toll-like receptor 7	1.3	US Patent	7CYN
CCN(C)C1CCN(CC1)c1ncc2[nH]c(c(C(C)C)c2c1F)-c1cn2ncnc2c(C)c1C	Toll-like receptor 7	1.3	US Patent	7CYN
CC(C)c1c([nH]c2ccc(cc12)C1CCN(CC1)C(=O)CN1CCOCC1)-c1cc(c2ncnn2c1)C(F)(F)F	Toll-like receptor 7	1.4	US Patent	7CYN
CC(C)c1c([nH]c2ccc(cc12)C1CCN(CC1)C(=O)CN1CCC(CC1)C(N)=O)-c1cn2ncnc2c(C)c1C	Toll-like receptor 7	1.4	US Patent	7CYN
CCCNCC(=O)N1CCC(CC1)c1ccc2[nH]c(c(C(C)C)c2c1)-c1cn2ncnc2c(C)c1C	Toll-like receptor 7	1.4	US Patent	7CYN
CC(C)c1c([nH]c2ccc(cc12)C1CCN(CC1)C(=O)CN1CCCCCC1)-c1cn2ncnc2c(C)c1C	Toll-like receptor 7	1.4	US Patent	7CYN
CC(C)c1c([nH]c2ccc(cc12)C1CCN(CC1)C(=O)CNC1CCC1)-c1cn2ncnc2c(C)c1C	Toll-like receptor 7	1.4	US Patent	7CYN
CC(C)c1c([nH]c2ccc(cc12)C1CCN(CC(=O)N2CCOC[C@@H]2CO)CC1)-c1cc(C)c2ncnn2c1	Toll-like receptor 7	1.4	US Patent	7CYN
CC(C)c1c([nH]c2ccc(cc12)C1CCN(CC(=O)N2CC(C2)S(C)(=O)=O)CC1)-c1cn2ncnc2c(C)c1C	Toll-like receptor 7	1.4	US Patent	7CYN
CC(C)c1c([nH]c2ccc(cc12)C1CCN(CC(N)=O)CC1)-c1cn2ncnc2c(C)c1C	Toll-like receptor 7	1.4	US Patent	7CYN
CC(C)NCCC(=O)N1CCC(CC1)c1ccc2[nH]c(c(C(C)C)c2c1)-c1cn2ncnc2c(C)c1C	Toll-like receptor 7	1.4	US Patent	7CYN
CC(C)c1c([nH]c2ccc(cc12)C1CCN(CC1)C(=O)CCN1CCC(O)CC1)-c1cn2ncnc2c(C)c1C	Toll-like receptor 7	1.4	US Patent	7CYN
CC(C)c1c([nH]c2ccc(cc12)C1CCN(CC1)C(=O)CCN1CC[C@H](F)C1)-c1cn2ncnc2c(C)c1C	Toll-like receptor 7	1.4	US Patent	7CYN
CC(C)c1c([nH]c2ccc(cc12)C1CCN(CC1)C(=O)OCC1CCCN1)-c1cn2ncnc2c(C)c1C	Toll-like receptor 7	1.4	US Patent	7CYN
CC(C)c1c([nH]c2ccc(cc12)C1CCN(CC1)C(=O)C1(C)COC1)-c1cc(C)c2ncnn2c1	Toll-like receptor 7	1.4	US Patent	7CYN
CC(C)c1c([nH]c2ccc(cc12)C1CCN(CC1)C(=O)CN1CCOCC1)-c1cc(C)c2ncnn2c1	Toll-like receptor 7	1.4	US Patent	7CYN
CC(C)c1c([nH]c2ccc(cc12)C1CCN(CC(=O)N2CC3(COC3)C2)CC1)-c1cc(C)c2ncnn2c1	Toll-like receptor 7	1.4	US Patent	7CYN
CC(C)c1c([nH]c2ccc(cc12)C1CC2CCC(C1)N2CC(=O)N(C)C)-c1cn2ncnc2c(C)c1C	Toll-like receptor 7	1.4	US Patent	7CYN
CNC(=O)CN1CCC(CC1)c1ccc2[nH]c(c(C(C)C)c2c1)-c1cc(COC)c2ncnn2c1	Toll-like receptor 7	1.4	US Patent	7CYN
CC(C)c1c([nH]c2ccc(cc12)C1CCN(CC(=O)N(C)C)CC1)-c1cc(C2CC2)c2nc(C)nn2c1	Toll-like receptor 7	1.4	US Patent	7CYN
COc1ncc(CN2CCC(CC2)c2ccc3[nH]c(c(C(C)C)c3c2)-c2cc(C)c3ncnn3c2)cn1	Toll-like receptor 7	1.4	US Patent	7CYN
CC(C)c1c([nH]c2ccc(cc12)C1CCN(Cc2cnc(C)nc2)CC1)-c1cc(C)c2ncnn2c1	Toll-like receptor 7	1.4	US Patent	7CYN
CC(C)c1c([nH]c2ccc(cc12)C1CCN(Cc2cn(C)nn2)CC1)-c1cc(C)c2ncnn2c1	Toll-like receptor 7	1.4	US Patent	7CYN
CC(C)c1c([nH]c2ccc(cc12)C1CCN(CC1)C1COC1)-c1cc(CO)c2ncnn2c1	Toll-like receptor 7	1.4	US Patent	7CYN
CC(C)c1c([nH]c2ccc(cc12)C1CCN(Cc2cnc(C)cn2)CC1)-c1cc(CO)c2ncnn2c1	Toll-like receptor 7	1.4	US Patent	7CYN
CC(C)N1C[C@H](C)N(C[C@@H]1C)c1ccc2[nH]c(c(C(C)C)c2n1)-c1cn2ncnc2c(C)c1C	Toll-like receptor 7	1.4	US Patent	7CYN
CC(C)c1c([nH]c2ccc(nc12)N1C[C@H](C)N(CCC(N)=O)C[C@@H]1C)-c1cn2ncnc2c(C)c1C	Toll-like receptor 7	1.4	US Patent	7CYN
CC(C)c1c([nH]c2ccc(cc12)C1CCN(CC1)C(=O)CN1CCOCC1)-c1cc(c2ncnn2c1)C(F)(F)F	Toll-like receptor 7	1.4	US Patent	7CYN
CC(C)c1c([nH]c2ccc(cc12)C1CCN(CC1)C(=O)CN1CCC(CC1)C(N)=O)-c1cn2ncnc2c(C)c1C	Toll-like receptor 7	1.4	US Patent	7CYN
CC(C)c1c([nH]c2ccc(nc12)N1CCN(CC1)C(=O)CN1CC(C)(O)C1)-c1cn2ncnc2c(C)c1C	Toll-like receptor 7	1.4	US Patent	7CYN
CC(C)c1c([nH]c2ccc(nc12)N1C[C@@H](C)N(C[C@@H]1C)C(=O)CCN1CC2(C1)CS(=O)(=O)C2)-c1cn2ncnc2c(C)c1C	Toll-like receptor 7	1.4	US Patent	7CYN
CCCNCC(=O)N1CCC(CC1)c1ccc2[nH]c(c(C(C)C)c2c1)-c1cn2ncnc2c(C)c1C	Toll-like receptor 7	1.4	US Patent	7CYN
CC(C)c1c([nH]c2ccc(cc12)C1CCN(CC1)C(=O)CN1CCCCCC1)-c1cn2ncnc2c(C)c1C	Toll-like receptor 7	1.4	US Patent	7CYN
CC(C)c1c([nH]c2ccc(cc12)C1CCN(CC1)C(=O)CNC1CCC1)-c1cn2ncnc2c(C)c1C	Toll-like receptor 7	1.4	US Patent	7CYN
CC(C)c1c([nH]c2ccc(nc12)N1CCNC(C)C1C)-c1cn2ncnc2c(C)c1C	Toll-like receptor 7	1.4	US Patent	7CYN
CC(C)c1c([nH]c2ccc(cc12)C1CCN(CC(=O)N2CCOC[C@@H]2CO)CC1)-c1cc(C)c2ncnn2c1	Toll-like receptor 7	1.4	US Patent	7CYN
CC(C)c1c([nH]c2ccc(cc12)C1CCN(CC(=O)N2CC(C2)S(C)(=O)=O)CC1)-c1cn2ncnc2c(C)c1C	Toll-like receptor 7	1.4	US Patent	7CYN
CC(C)c1c([nH]c2ccc(nc12)C1CC2(C1)CN(CCC(N)=O)C2)-c1cn2ncnc2c(C)c1C	Toll-like receptor 7	1.4	US Patent	7CYN
CC(C)NCCC(=O)N1CCC(CC1)c1ccc2[nH]c(c(C(C)C)c2c1)-c1cn2ncnc2c(C)c1C	Toll-like receptor 7	1.4	US Patent	7CYN
CC(C)c1c([nH]c2ccc(cc12)C1CCN(CC1)C(=O)CCN1CCC(O)CC1)-c1cn2ncnc2c(C)c1C	Toll-like receptor 7	1.4	US Patent	7CYN
CC(C)c1c([nH]c2ccc(cc12)C1CCN(CC1)C(=O)CCN1CC[C@H](F)C1)-c1cn2ncnc2c(C)c1C	Toll-like receptor 7	1.4	US Patent	7CYN
CCN(C)C1CCN(CC1)c1ccc2[nH]c(c(C(C)C)c2n1)-c1cn2ncnc2c(C)c1C	Toll-like receptor 7	1.4	US Patent	7CYN
CC(C)c1c([nH]c2ccc(nc12)N1CCC(CC1)N(C)Cc1cn(C)nn1)-c1cn2ncnc2c(C)c1C	Toll-like receptor 7	1.4	US Patent	7CYN
CC(C)c1c([nH]c2ccc(cc12)C1CCN(CC1)C(=O)OCC1CCCN1)-c1cn2ncnc2c(C)c1C	Toll-like receptor 7	1.4	US Patent	7CYN
CC(C)c1c([nH]c2ccc(cc12)C1CC2CCC(C1)N2CC(=O)N(C)C)-c1cn2ncnc2c(C)c1C	Toll-like receptor 7	1.4	US Patent	7CYN
COc1cc(cn2ncnc12)-c1[nH]c2ccc(nc2c1C(C)C)N1CCN(CC1)C1CCC(O)CC1	Toll-like receptor 7	1.4	US Patent	7CYN
COc1cc(cn2ncnc12)-c1[nH]c2ccc(nc2c1C(C)C)N1CCN(CC1)C(C)CO	Toll-like receptor 7	1.4	US Patent	7CYN
CC(C)c1c([nH]c2ccc(nc12)N1CCN(CC1)C(=O)CNCC1CC1)-c1cn2ncnc2c(C)c1C	Toll-like receptor 7	1.4	US Patent	7CYN
CC(C)c1c([nH]c2ccc(cc12)C1CCN(CC(N)=O)CC1)-c1cn2ncnc2c(C)c1C	Toll-like receptor 7	1.4	US Patent	7CYN
CC(C)c1c([nH]c2ccc(cc12)C1CCN(CC1)C(=O)C1(C)COC1)-c1cc(C)c2ncnn2c1	Toll-like receptor 7	1.4	US Patent	7CYN
CC(C)c1c([nH]c2ccc(cc12)C1CCN(CC1)C(=O)CN1CCOCC1)-c1cc(C)c2ncnn2c1	Toll-like receptor 7	1.4	US Patent	7CYN
CC(C)c1c([nH]c2ccc(cc12)C1CCN(CC(=O)N2CC3(COC3)C2)CC1)-c1cc(C)c2ncnn2c1	Toll-like receptor 7	1.4	US Patent	7CYN
COc1cc(cn2ncnc12)-c1[nH]c2cc(C)c(nc2c1C(C)C)C1CCC(CC1)NC1COC1	Toll-like receptor 7	1.4	US Patent	7CYN
COc1cc(cn2ncnc12)-c1[nH]c2cc(C)c(nc2c1C(C)C)C1CCC(CC1)N(C)CCC#N	Toll-like receptor 7	1.4	US Patent	7CYN
CC(C)c1c([nH]c2ccc(nc12)C1CCC(CC1)N(C)C1CC1)-c1cn2ncnc2c(C)c1C	Toll-like receptor 7	1.4	US Patent	7CYN
CC(C)c1c([nH]c2ccc(nc12)C1CCC(CC1)N(C)Cc1cnc(C)nc1)-c1cn2ncnc2c(C)c1C	Toll-like receptor 7	1.4	US Patent	7CYN
CC(C)c1c([nH]c2ccc(nc12)C1CCC(CC1)N(C)CC(N)=O)-c1cn2ncnc2c(C)c1C	Toll-like receptor 7	1.4	US Patent	7CYN
CNC(=O)CN1CCC(CC1)c1ccc2[nH]c(c(C(C)C)c2c1)-c1cc(COC)c2ncnn2c1	Toll-like receptor 7	1.4	US Patent	7CYN
CC(C)c1c([nH]c2ccc(nc12)C1CCC(CC1)N(CC#N)CC1(CC1)S(C)(=O)=O)-c1cn2ncnc2c(C)c1C	Toll-like receptor 7	1.4	US Patent	7CYN
CC(C)N1CC2(C1)CCC(CC2)c1ccc2[nH]c(c(C(C)C)c2n1)-c1cn2ncnc2c(C)c1C	Toll-like receptor 7	1.4	US Patent	7CYN
CC(C)c1c([nH]c2cc(C)c(nc12)C1CCC(CC1)NC1COC1)-c1cn2ncnc2c(C)c1C	Toll-like receptor 7	1.4	US Patent	7CYN
CC(C)c1c([nH]c2ccc(cc12)C1CCN(CC(=O)N(C)C)CC1)-c1cc(C2CC2)c2nc(C)nn2c1	Toll-like receptor 7	1.4	US Patent	7CYN
COc1ncc(CN2CCC(CC2)c2ccc3[nH]c(c(C(C)C)c3c2)-c2cc(C)c3ncnn3c2)cn1	Toll-like receptor 7	1.4	US Patent	7CYN
CCCN1CCC(CC1)Oc1ccc2[nH]c(c(C(C)C)c2n1)-c1cc(OC)c2ncnn2c1	Toll-like receptor 7	1.4	US Patent	7CYN
CC(C)c1c([nH]c2ccc(cc12)C1CCN(Cc2cnc(C)nc2)CC1)-c1cc(C)c2ncnn2c1	Toll-like receptor 7	1.4	US Patent	7CYN
CC(C)c1c([nH]c2ccc(cc12)C1CCN(Cc2cn(C)nn2)CC1)-c1cc(C)c2ncnn2c1	Toll-like receptor 7	1.4	US Patent	7CYN
COc1cc(cn2ncnc12)-c1[nH]c2ccc(nc2c1C(C)C)C1CN(C1)C(C)C	Toll-like receptor 7	1.4	US Patent	7CYN
CC(C)N1CC(C1)c1ccc2[nH]c(c(C(C)C)c2n1)-c1cn2ncnc2c(C)c1C	Toll-like receptor 7	1.4	US Patent	7CYN
COc1cc(cn2ncnc12)-c1[nH]c2ccc(nc2c1C(C)C)C1CNCCO1	Toll-like receptor 7	1.4	US Patent	7CYN
CC(C)c1c([nH]c2ccc(cc12)C1CCN(CC1)C1COC1)-c1cc(CO)c2ncnn2c1	Toll-like receptor 7	1.4	US Patent	7CYN
CC(C)c1c([nH]c2ccc(cc12)C1CCN(Cc2cnc(C)cn2)CC1)-c1cc(CO)c2ncnn2c1	Toll-like receptor 7	1.4	US Patent	7CYN
CC(C)C(O)CN1CCC(CC1)c1ccc2[nH]c(c(C(C)C)c2c1)-c1cc(C)nc(C)c1	Toll-like receptor 7	1.4	US Patent	7CYN
CC(C)c1c([nH]c2ccc(C3CCNCC3)c(F)c12)-c1ccnc(C)c1	Toll-like receptor 7	1.4	US Patent	7CYN
CC(C)c1c([nH]c2ccc(cc12)C1CCN(CCC(N)=O)CC1)-c1cc(C)nc(C)c1	Toll-like receptor 7	1.4	US Patent	7CYN
CCCN1CCC(CC1)c1ccc2[nH]c(c(C(C)C)c2c1)-c1cc(C)nc(C)c1	Toll-like receptor 7	1.4	US Patent	7CYN
CC(C)c1c([nH]c2ccc(nc12)N1CCN(CC1)C(=O)CNCC1CC1)-c1cn2ncnc2c(C)c1C	Toll-like receptor 7	1.4	US Patent	7CYN
CC(C)N1C[C@H](C)N(C[C@@H]1C)c1ccc2[nH]c(c(C(C)C)c2n1)-c1cn2ncnc2c(C)c1C	Toll-like receptor 7	1.4	US Patent	7CYN
CC(C)c1c([nH]c2ccc(nc12)N1C[C@H](C)N(CCC(N)=O)C[C@@H]1C)-c1cn2ncnc2c(C)c1C	Toll-like receptor 7	1.4	US Patent	7CYN
COc1cc(cn2ncnc12)-c1[nH]c2cc(C)c(nc2c1C(C)C)C1CCC(CC1)NC1COC1	Toll-like receptor 7	1.4	US Patent	7CYN
COc1cc(cn2ncnc12)-c1[nH]c2cc(C)c(nc2c1C(C)C)C1CCC(CC1)N(C)CCC#N	Toll-like receptor 7	1.4	US Patent	7CYN
CC(C)c1c([nH]c2ccc(nc12)C1CCC(CC1)N(C)C1CC1)-c1cn2ncnc2c(C)c1C	Toll-like receptor 7	1.4	US Patent	7CYN
CC(C)c1c([nH]c2ccc(nc12)C1CCC(CC1)N(C)Cc1cnc(C)nc1)-c1cn2ncnc2c(C)c1C	Toll-like receptor 7	1.4	US Patent	7CYN
CC(C)c1c([nH]c2ccc(nc12)C1CCC(CC1)N(C)CC(N)=O)-c1cn2ncnc2c(C)c1C	Toll-like receptor 7	1.4	US Patent	7CYN
CC(C)c1c([nH]c2ccc(nc12)C1CCC(CC1)N(CC#N)CC1(CC1)S(C)(=O)=O)-c1cn2ncnc2c(C)c1C	Toll-like receptor 7	1.4	US Patent	7CYN
CC(C)N1CC2(C1)CCC(CC2)c1ccc2[nH]c(c(C(C)C)c2n1)-c1cn2ncnc2c(C)c1C	Toll-like receptor 7	1.4	US Patent	7CYN
CC(C)c1c([nH]c2cc(C)c(nc12)C1CCC(CC1)NC1COC1)-c1cn2ncnc2c(C)c1C	Toll-like receptor 7	1.4	US Patent	7CYN
CCCN1CCC(CC1)Oc1ccc2[nH]c(c(C(C)C)c2n1)-c1cc(OC)c2ncnn2c1	Toll-like receptor 7	1.4	US Patent	7CYN
CC(C)c1c([nH]c2ccc(nc12)N1CCN(CC1)C(=O)CN1CC(C)(O)C1)-c1cn2ncnc2c(C)c1C	Toll-like receptor 7	1.4	US Patent	7CYN
CC(C)c1c([nH]c2ccc(nc12)N1C[C@@H](C)N(C[C@@H]1C)C(=O)CCN1CC2(C1)CS(=O)(=O)C2)-c1cn2ncnc2c(C)c1C	Toll-like receptor 7	1.4	US Patent	7CYN
CC(C)c1c([nH]c2ccc(nc12)N1CCNC(C)C1C)-c1cn2ncnc2c(C)c1C	Toll-like receptor 7	1.4	US Patent	7CYN
COc1cc(cn2ncnc12)-c1[nH]c2ccc(nc2c1C(C)C)C1CN(C1)C(C)C	Toll-like receptor 7	1.4	US Patent	7CYN
CC(C)N1CC(C1)c1ccc2[nH]c(c(C(C)C)c2n1)-c1cn2ncnc2c(C)c1C	Toll-like receptor 7	1.4	US Patent	7CYN
CC(C)c1c([nH]c2ccc(nc12)C1CC2(C1)CN(CCC(N)=O)C2)-c1cn2ncnc2c(C)c1C	Toll-like receptor 7	1.4	US Patent	7CYN
CCN(C)C1CCN(CC1)c1ccc2[nH]c(c(C(C)C)c2n1)-c1cn2ncnc2c(C)c1C	Toll-like receptor 7	1.4	US Patent	7CYN
CC(C)c1c([nH]c2ccc(nc12)N1CCC(CC1)N(C)Cc1cn(C)nn1)-c1cn2ncnc2c(C)c1C	Toll-like receptor 7	1.4	US Patent	7CYN
COc1cc(cn2ncnc12)-c1[nH]c2ccc(nc2c1C(C)C)C1CNCCO1	Toll-like receptor 7	1.4	US Patent	7CYN
COc1cc(cn2ncnc12)-c1[nH]c2ccc(nc2c1C(C)C)N1CCN(CC1)C1CCC(O)CC1	Toll-like receptor 7	1.4	US Patent	7CYN
COc1cc(cn2ncnc12)-c1[nH]c2ccc(nc2c1C(C)C)N1CCN(CC1)C(C)CO	Toll-like receptor 7	1.4	US Patent	7CYN
CC(C)c1c([nH]c2ccc(nc12)C1CCC(CC1)N(C)CC(N)=O)-c1cn2ncnc2c(C)c1C	Toll-like receptor 7	1.4	US Patent	7CYN
CCCN1CCC(CC1)Oc1ccc2[nH]c(c(C(C)C)c2n1)-c1c[nH]\c(=N/C=N)c(OC)c1	Toll-like receptor 7	1.4	US Patent	7CYN
CC(C)c1c([nH]c2ccc(nc12)N1C[C@@H](C)N(C[C@@H]1C)C(=O)CCN1CC2(C1)CS(=O)(=O)C2)-c1cn2ncnc2c(C)c1C	Toll-like receptor 7	1.4	US Patent	7CYN
COc1cc(cn2ncnc12)-c1[nH]c2ccc(nc2c1C(C)C)N1CCN(CC1)C1CCC(O)CC1	Toll-like receptor 7	1.4	US Patent	7CYN
CC(C)c1c([nH]c2cnc(cc12)C1CCC(CC1)NCC(F)F)-c1cn2ncnc2c(C)c1C	Toll-like receptor 7	1.4	US Patent	7CYN
COc1cc(cn2ncnc12)-c1[nH]c2ccc(nc2c1C(C)C)N1CCN(CC1)C(C)CO	Toll-like receptor 7	1.4	US Patent	7CYN
CC(C)c1c([nH]c2cc(C)c(nc12)C1CCC(CC1)NC1COC1)-c1cn2ncnc2c(C)c1C	Toll-like receptor 7	1.4	US Patent	7CYN
CC(C)c1c([nH]c2ccc(nc12)N1CCC(CC1)N(C)Cc1cn(C)nn1)-c1cn2ncnc2c(C)c1C	Toll-like receptor 7	1.4	US Patent	7CYN
COc1cc(cn2ncnc12)-c1cc(C)c2c(c1)[nH]c1ccc(cc21)C1CCNCC1	Toll-like receptor 7	1.4	ChEMBL	7CYN
COc1cc(cn2ncnc12)-c1[nH]c2ccc(nc2c1C(C)C)C1CN(C1)C(C)C	Toll-like receptor 7	1.4	US Patent	7CYN
CC(C)c1c([nH]c2ccc(nc12)C1CCC(CC1)N(CC#N)CC1(CC1)S(C)(=O)=O)-c1cn2ncnc2c(C)c1C	Toll-like receptor 7	1.4	US Patent	7CYN
CC(C)N1C[C@H](C)N(C[C@@H]1C)c1ccc2[nH]c(c(C(C)C)c2n1)-c1cn2ncnc2c(C)c1C	Toll-like receptor 7	1.4	US Patent	7CYN
CC(C)c1c([nH]c2ccc(cc12)C1CCNCC1)-c1cc(C)nc(C)c1	Toll-like receptor 7	1.4	ChEMBL	7CYN
COc1cc(cn2ncnc12)-c1[nH]c2cc(C)c(nc2c1C(C)C)C1CCC(CC1)NC1COC1	Toll-like receptor 7	1.4	US Patent	7CYN
CC(C)c1c([nH]c2ccc(nc12)N1CCN(CC1)C(=O)CN1CC(C)(O)C1)-c1cn2ncnc2c(C)c1C	Toll-like receptor 7	1.4	US Patent	7CYN
COc1cc(cn2ncnc12)-c1[nH]c2cc(C)c(nc2c1C(C)C)C1CCC(CC1)N(C)CCC#N	Toll-like receptor 7	1.4	US Patent	7CYN
CC(C)c1c([nH]c2ccc(nc12)N1CCNC(C)C1C)-c1cn2ncnc2c(C)c1C	Toll-like receptor 7	1.4	US Patent	7CYN
COc1cc(cn2ncnc12)-c1[nH]c2cnc(N3CCN(CC3)C3CCC3)c(F)c2c1C(C)C	Toll-like receptor 7	1.4	US Patent	7CYN
COc1cc(cn2ncnc12)-c1[nH]c2cnc(C3CCN(CC3)C(C)C)c(C)c2c1C(C)C	Toll-like receptor 7	1.4	US Patent	7CYN
CC(C)N1CC2(C1)CCC(CC2)c1ccc2[nH]c(c(C(C)C)c2n1)-c1cn2ncnc2c(C)c1C	Toll-like receptor 7	1.4	US Patent	7CYN
CC(C)N1CC(C1)c1ccc2[nH]c(c(C(C)C)c2n1)-c1cn2ncnc2c(C)c1C	Toll-like receptor 7	1.4	US Patent	7CYN
CCC[C@@H](C)Nc1nc(N)nc2cnn(Cc3ccc(CNC4CCOCC4)cc3OC)c12	Toll-like receptor 7	1.4	ChEMBL	7CYN
CC(C)c1c([nH]c2cnc(C3CCC(CC3)NCC(C)(C)C)c(F)c12)-c1cc(C)c2ncnn2c1	Toll-like receptor 7	1.4	US Patent	7CYN
CC(C)c1c([nH]c2ccc(nc12)C1CCC(CC1)N(C)C1CC1)-c1cn2ncnc2c(C)c1C	Toll-like receptor 7	1.4	US Patent	7CYN
CC(C)c1c([nH]c2cnc(N3CCNCC3)c(F)c12)-c1cn2ncnc2c(C)c1C	Toll-like receptor 7	1.4	US Patent	7CYN
CC(C)c1c([nH]c2ccc(nc12)N1C[C@H](C)N(CCC(N)=O)C[C@@H]1C)-c1cn2ncnc2c(C)c1C	Toll-like receptor 7	1.4	US Patent	7CYN
CC(C)c1c([nH]c2ccc(nc12)N1CCN(CC1)C(=O)CNCC1CC1)-c1cn2ncnc2c(C)c1C	Toll-like receptor 7	1.4	US Patent	7CYN
COc1cc(cn2ncnc12)-c1[nH]c2ccc(nc2c1C(C)C)C1CNCCO1	Toll-like receptor 7	1.4	US Patent	7CYN
CC(C)c1c([nH]c2cnc(N3CCC(CC3)N(C)CC(N)=O)c(F)c12)-c1cc(C)c2ncnn2c1	Toll-like receptor 7	1.4	US Patent	7CYN
CCN(C)C1CCN(CC1)c1ccc2[nH]c(c(C(C)C)c2n1)-c1cn2ncnc2c(C)c1C	Toll-like receptor 7	1.4	US Patent	7CYN
CC(C)c1c([nH]c2ccc(nc12)C1CC2(C1)CN(CCC(N)=O)C2)-c1cn2ncnc2c(C)c1C	Toll-like receptor 7	1.4	US Patent	7CYN
COc1cc(cn2ncnc12)-c1[nH]c2cnc(C3CCC(CC3)N(CC#N)C3COC3)c(F)c2c1C(C)C	Toll-like receptor 7	1.4	US Patent	7CYN
CC(C)c1c([nH]c2ccc(nc12)C1CCC(CC1)N(C)Cc1cnc(C)nc1)-c1cn2ncnc2c(C)c1C	Toll-like receptor 7	1.4	US Patent	7CYN
CC(C)c1c([nH]c2cnc(N3CCC(CC3)N(C)C)c(F)c12)-c1cc(C)c2ncnn2c1	Toll-like receptor 7	1.4	US Patent	7CYN
CC(C)c1c([nH]c2ccc(cc12)C1CCN(CC1)C(=O)C(C)O)-c1cc(c2ncnn2c1)C(F)(F)F	Toll-like receptor 7	1.5	US Patent	7CYN
CC(C)c1c([nH]c2ccc(cc12)C1CCN(CC1)C(=O)CN1CC2(COC2)C1)-c1cc(C)c2ncnn2c1	Toll-like receptor 7	1.5	US Patent	7CYN
CC(C)c1c([nH]c2ccc(cc12)C1CCN(CC(=O)N(C)C2CCOC2)CC1)-c1cc(C)c2ncnn2c1	Toll-like receptor 7	1.5	US Patent	7CYN
CC(C)c1c([nH]c2ccc(cc12)C1CCN(CCS(C)(=O)=O)CC1)-c1cn2ncnc2c(C)c1C	Toll-like receptor 7	1.5	US Patent	7CYN
CC(C)c1c([nH]c2ccc(cc12)C1CCN(CC1)C(=O)OC[C@@H]1CCCN1)-c1cn2ncnc2c(C)c1C	Toll-like receptor 7	1.5	US Patent	7CYN
CC(C)c1c([nH]c2ccc(cc12)C1CCN(CC1)C(=O)[C@@H]1CCN1)-c1cc(C)c2ncnn2c1	Toll-like receptor 7	1.5	US Patent	7CYN
CC(C)c1c([nH]c2ccc(cc12)C1CCNCC1)-c1cc(C)c2ncnn2c1C	Toll-like receptor 7	1.5	US Patent	7CYN
CC(C)c1c([nH]c2ccc(cc12)C1CCN(CC1)C(=O)NCCN1CCN(C)CC1)-c1cn2ncnc2c(C)c1C	Toll-like receptor 7	1.5	US Patent	7CYN
CC(C)c1c([nH]c2ccc(cc12)C1CCN(CC(=O)N(C)C)CC1)-c1cc(C#N)c2ncnn2c1	Toll-like receptor 7	1.5	US Patent	7CYN
CCc1cc(cn2nc(C)nc12)-c1[nH]c2ccc(cc2c1C(C)C)C1CCN(CC(=O)NC)CC1	Toll-like receptor 7	1.5	US Patent	7CYN
CCc1c([nH]c2ccc(cc12)C1CCN(CC(N)=O)CC1)-c1cc(C)c2ncnn2c1	Toll-like receptor 7	1.5	US Patent	7CYN
CNC(=O)CN1CCC(CC1)c1ccc2[nH]c(c(CC(F)F)c2c1)-c1cc(C)c2ncnn2c1	Toll-like receptor 7	1.5	US Patent	7CYN
COc1cc(cn2ncnc12)-c1[nH]c2ccc(cc2c1CC(F)F)C1CCN(CC(C)(C)O)CC1	Toll-like receptor 7	1.5	US Patent	7CYN
CC(C)c1c([nH]c2ccc(cc12)C1CCN(Cc2ncsc2C)CC1)-c1cc(C)c2ncnn2c1	Toll-like receptor 7	1.5	US Patent	7CYN
CC(C)c1c([nH]c2ccc(cc12)C1CCN(Cc2cc(C)n(C)n2)CC1)-c1cc(C)c2ncnn2c1	Toll-like receptor 7	1.5	US Patent	7CYN
CC(C)c1c([nH]c2ccc(cc12)C1CCN(CC1)C1COC1)-c1cc(C#N)c2ncnn2c1	Toll-like receptor 7	1.5	US Patent	7CYN
COc1ncc(CN2CCC(CC2)c2ccc3[nH]c(c(C(C)C)c3c2)-c2cc(CO)c3ncnn3c2)cn1	Toll-like receptor 7	1.5	US Patent	7CYN
CC(C)c1c([nH]c2ccc(cc12)C1CCN(CC1)C1CCS(=O)(=O)CC1)-c1cc(C)c2nc(C)nn2c1	Toll-like receptor 7	1.5	US Patent	7CYN
CC(C)c1c([nH]c2ccc(cc12)C1CCN(CC1)C1COC1)-c1cc(c2ncnn2c1)C(F)(F)F	Toll-like receptor 7	1.5	US Patent	7CYN
COc1cc(cn2ncnc12)-c1[nH]c2ccc(cc2c1C(C)C)C1CCN(CC1)C1CCS(=O)(=O)CC1	Toll-like receptor 7	1.5	US Patent	7CYN
COc1cc(cn2ncnc12)-c1[nH]c2ccc(nc2c1C(C)C)C1CCC(C1)NC1CCOCC1	Toll-like receptor 7	1.5	US Patent	7CYN
CC(C)c1c([nH]c2ccc(cc12)C1CCN(CC1)C1CCS(=O)(=O)CC1)-c1cc(C)c2nc(C)nn2c1	Toll-like receptor 7	1.5	US Patent	7CYN
CC(C)c1c([nH]c2ccc(cc12)C1CCN(CC1)C1COC1)-c1cc(c2ncnn2c1)C(F)(F)F	Toll-like receptor 7	1.5	US Patent	7CYN
COc1cc(cn2ncnc12)-c1[nH]c2ccc(cc2c1C(C)C)C1CCN(CC1)C1CCS(=O)(=O)CC1	Toll-like receptor 7	1.5	US Patent	7CYN
CC(C)c1c([nH]c2ccc(nc12)N1CCN(CC1)C(=O)CN(C)C)-c1cn2ncnc2c(C)c1C	Toll-like receptor 7	1.5	US Patent	7CYN
CC(C)c1c([nH]c2ccc(cc12)C1CCN(CC1)C(=O)C(C)O)-c1cc(c2ncnn2c1)C(F)(F)F	Toll-like receptor 7	1.5	US Patent	7CYN
CC(C)c1c([nH]c2ccc(nc12)N1[C@H](C)CN(C[C@H]1C)C(=O)CCN(C)C)-c1cn2ncnc2c(C)c1C	Toll-like receptor 7	1.5	US Patent	7CYN
CC(C)c1c([nH]c2ccc(nc12)N1CCN(CC1)C(=O)CNC(C)(C)C)-c1cn2ncnc2c(C)c1C	Toll-like receptor 7	1.5	US Patent	7CYN
CC(C)c1c([nH]c2ccc(nc12)N1CCN(CC1)C(=O)CN(C)C)-c1cn2ncnc2c(C)c1C	Toll-like receptor 7	1.5	US Patent	7CYN
CC(C)c1c([nH]c2ccc(nc12)N1C[C@@H](C)N([C@H](C)C1)C(=O)CN1CCCC1)-c1cn2ncnc2c(C)c1C	Toll-like receptor 7	1.5	US Patent	7CYN
CC(C)c1c([nH]c2ccc(nc12)N1C[C@H](C)N(C[C@H]1C)C(=O)CN(C)C(C)(C)C)-c1cn2ncnc2c(C)c1C	Toll-like receptor 7	1.5	US Patent	7CYN
CC(C)c1c([nH]c2ccc(cc12)C1CCN(CC1)C(=O)CN1CC2(COC2)C1)-c1cc(C)c2ncnn2c1	Toll-like receptor 7	1.5	US Patent	7CYN
CC(C)c1c([nH]c2ccc(cc12)C1CCN(CC(=O)N(C)C2CCOC2)CC1)-c1cc(C)c2ncnn2c1	Toll-like receptor 7	1.5	US Patent	7CYN
CC(C)c1c([nH]c2ccc(nc12)N1CCN(C)CC1)-c1cn2ncnc2c(C)c1C	Toll-like receptor 7	1.5	US Patent	7CYN
CC(C)c1c([nH]c2ccc(cc12)C1CCN(CC1)C(=O)OC[C@@H]1CCCN1)-c1cn2ncnc2c(C)c1C	Toll-like receptor 7	1.5	US Patent	7CYN
CC(C)c1c([nH]c2ccc(cc12)C1CCN(CC1)C(=O)NCCN1CCN(C)CC1)-c1cn2ncnc2c(C)c1C	Toll-like receptor 7	1.5	US Patent	7CYN
CC(C)c1c([nH]c2ccc(nc12)N1CCN(CC1)C(=O)CN1CCCC1)-c1cn2ncnc2c(C)c1C	Toll-like receptor 7	1.5	US Patent	7CYN
CC(C)c1c([nH]c2ccc(nc12)N1CCN(CC1)C(=O)CNC1CCC1)-c1cn2ncnc2c(C)c1C	Toll-like receptor 7	1.5	US Patent	7CYN
COc1cc(cn2ncnc12)-c1[nH]c2ccc(nc2c1C(C)C)C1CCC(CC1)N(C)CCC#N	Toll-like receptor 7	1.5	US Patent	7CYN
COc1cc(cn2ncnc12)-c1[nH]c2ccc(nc2c1C(C)C)C1CCC(CC1)NC(C)C	Toll-like receptor 7	1.5	US Patent	7CYN
CC(C)c1c([nH]c2ccc(nc12)C1CCC(CC1)N(C)CC(=O)N(C)C)-c1cn(C)c2ncccc12	Toll-like receptor 7	1.5	US Patent	7CYN
CC(C)c1c([nH]c2ccc(nc12)C1CCC(CC1)NCc1cnc(C)cn1)-c1cc(CO)c2ncnn2c1	Toll-like receptor 7	1.5	US Patent	7CYN
CC(C)c1c([nH]c2ccc(cc12)C1CCN(CCS(C)(=O)=O)CC1)-c1cn2ncnc2c(C)c1C	Toll-like receptor 7	1.5	US Patent	7CYN
CC(C)c1c([nH]c2ccc(cc12)C1CCN(CC1)C(=O)[C@@H]1CCN1)-c1cc(C)c2ncnn2c1	Toll-like receptor 7	1.5	US Patent	7CYN
COc1cc(cn2ncnc12)-c1[nH]c2ccc(nc2c1C(C)C)C1CCC(CC1)N(C)CCS(C)(=O)=O	Toll-like receptor 7	1.5	US Patent	7CYN
COc1cc(cn2ncnc12)-c1[nH]c2ccc(nc2c1C(C)C)C1CCC(CC1)N1CC2(C1)CS(=O)(=O)C2	Toll-like receptor 7	1.5	US Patent	7CYN
CC(C)c1c([nH]c2ccc(nc12)C1CCC(CC1)NCC(C)(C)S(C)(=O)=O)-c1cn(C)c2ncccc12	Toll-like receptor 7	1.5	US Patent	7CYN
CC(C)c1c([nH]c2ccc(cc12)C1CCNCC1)-c1cc(C)c2ncnn2c1C	Toll-like receptor 7	1.5	US Patent	7CYN
COc1cc(cn2ncnc12)-c1[nH]c2cc(C)c(nc2c1C(C)C)C1CCC(CC1)N1CCC1	Toll-like receptor 7	1.5	US Patent	7CYN
CC(C)N(C)C1CCC(CC1)c1ccc2[nH]c(c(C(C)C)c2n1)-c1cn2ncnc2c(C)c1C	Toll-like receptor 7	1.5	US Patent	7CYN
CNC1CCC(CC1)c1ccc2[nH]c(c(C(C)C)c2n1)-c1cn2ncnc2c(C)c1C	Toll-like receptor 7	1.5	US Patent	7CYN
CC(C)c1c([nH]c2ccc(nc12)C1CCC(CC1)N(C)CC(=O)N(C)C)-c1cn2ncnc2c(C)c1C	Toll-like receptor 7	1.5	US Patent	7CYN
CC(C)c1c([nH]c2ccc(nc12)C1CCC(CC1)N1CCC1)-c1cn2ncnc2c(C)c1C	Toll-like receptor 7	1.5	US Patent	7CYN
CC(C)c1c([nH]c2ccc(nc12)C1CCC(CC1)N1CC(C1)C#N)-c1cn2ncnc2c(C)c1C	Toll-like receptor 7	1.5	US Patent	7CYN
CC(C)c1c([nH]c2ccc(cc12)C1CCN(CC(=O)N(C)C)CC1)-c1cc(C#N)c2ncnn2c1	Toll-like receptor 7	1.5	US Patent	7CYN
CC(C)c1c([nH]c2ccc(nc12)C1CCC(CC1)N1CC(C1)S(C)(=O)=O)-c1cn2ncnc2c(C)c1C	Toll-like receptor 7	1.5	US Patent	7CYN
CCc1cc(cn2nc(C)nc12)-c1[nH]c2ccc(cc2c1C(C)C)C1CCN(CC(=O)NC)CC1	Toll-like receptor 7	1.5	US Patent	7CYN
COc1cc(cn2ncnc12)-c1[nH]c2ccc(nc2c1C(C)C)C1CCN(CCS(C)(=O)=O)CC1	Toll-like receptor 7	1.5	US Patent	7CYN
CCc1c([nH]c2ccc(cc12)C1CCN(CC(N)=O)CC1)-c1cc(C)c2ncnn2c1	Toll-like receptor 7	1.5	US Patent	7CYN
CNC(=O)CN1CCC(CC1)c1ccc2[nH]c(c(CC(F)F)c2c1)-c1cc(C)c2ncnn2c1	Toll-like receptor 7	1.5	US Patent	7CYN
COc1cc(cn2ncnc12)-c1[nH]c2ccc(cc2c1CC(F)F)C1CCN(CC(C)(C)O)CC1	Toll-like receptor 7	1.5	US Patent	7CYN
COc1cc(cn2ncnc12)-c1[nH]c2ccc(OC3CCN(CC3)C(C)C)nc2c1C(C)C	Toll-like receptor 7	1.5	US Patent	7CYN
COc1cc(cn2ncnc12)-c1[nH]c2ccc(OC3CCC(CC3)N(C)C)nc2c1C(C)C	Toll-like receptor 7	1.5	US Patent	7CYN
CC(C)c1c([nH]c2ccc(cc12)C1CCN(Cc2ncsc2C)CC1)-c1cc(C)c2ncnn2c1	Toll-like receptor 7	1.5	US Patent	7CYN
CC(C)c1c([nH]c2ccc(cc12)C1CCN(Cc2cc(C)n(C)n2)CC1)-c1cc(C)c2ncnn2c1	Toll-like receptor 7	1.5	US Patent	7CYN
CC(C)c1c([nH]c2ccc(cc12)C1CCN(CC1)C1COC1)-c1cc(C#N)c2ncnn2c1	Toll-like receptor 7	1.5	US Patent	7CYN
COc1ncc(CN2CCC(CC2)c2ccc3[nH]c(c(C(C)C)c3c2)-c2cc(CO)c3ncnn3c2)cn1	Toll-like receptor 7	1.5	US Patent	7CYN
CC(C)c1c([nH]c2ccc(cc12)C1CCN(CC(N)=O)CC1)-c1cc(C)ncc1F	Toll-like receptor 7	1.5	US Patent	7CYN
CC(C)c1c([nH]c2ccc(cc12)C1CCNCC1)-c1cc(C)ncc1F	Toll-like receptor 7	1.5	US Patent	7CYN
CC(C)c1c([nH]c2ccc(cc12)C1CCNCC1)-c1ccnc(Cl)c1F	Toll-like receptor 7	1.5	US Patent	7CYN
COc1cc(cc(C)n1)-c1[nH]c2ccc(cc2c1C(C)C)C1CCNCC1	Toll-like receptor 7	1.5	US Patent	7CYN
CC(C)c1c([nH]c2cc(F)c(cc12)C1CCNCC1)-c1cc(C)ncc1F	Toll-like receptor 7	1.5	US Patent	7CYN
CC(C)c1c([nH]c2ccc(cc12)C1CCN(CC1)C(=O)CCN(C)CCO)-c1cc(C)nc(C)c1	Toll-like receptor 7	1.5	US Patent	7CYN
CC(C)c1c([nH]c2ccc(cc12)C1CCN(CC1)C(C)(O)CNC(C)=O)-c1cc(C)nc(C)c1	Toll-like receptor 7	1.5	US Patent	7CYN
COCCN1CCN(CC1)C(=O)CN1CCC(CC1)c1ccc2[nH]c(c(C(C)C)c2c1)-c1cc(C)nc(C)c1	Toll-like receptor 7	1.5	US Patent	7CYN
CC(C)c1c([nH]c2ccc(cc12)C1CCN(CC(=O)N2CC[C@H](O)C2)CC1)-c1ccnc(C)c1	Toll-like receptor 7	1.5	US Patent	7CYN
CC(C)c1c([nH]c2ccc(cc12)C1CCN(CC(=O)N(C)C)CC1)-c1cc(C)nc(C)c1	Toll-like receptor 7	1.5	US Patent	7CYN
CC(C)c1c([nH]c2ccc(cc12)C1CCN(CC1)C(=O)CNCCO)-c1cc(C)nc(C)c1	Toll-like receptor 7	1.5	US Patent	7CYN
CC(C)c1c([nH]c2ccc(cc12)C1CCN(CC1)C(=O)CN(C)CCO)-c1cc(C)nc(C)c1	Toll-like receptor 7	1.5	US Patent	7CYN
CC(C)c1c([nH]c2ccc(nc12)N1CCN(CC1)C(=O)CN1CCCC1)-c1cn2ncnc2c(C)c1C	Toll-like receptor 7	1.5	US Patent	7CYN
CC(C)c1c([nH]c2ccc(nc12)N1CCN(CC1)C(=O)CNC1CCC1)-c1cn2ncnc2c(C)c1C	Toll-like receptor 7	1.5	US Patent	7CYN
COc1cc(cn2ncnc12)-c1[nH]c2ccc(nc2c1C(C)C)C1CCC(CC1)N(C)CCC#N	Toll-like receptor 7	1.5	US Patent	7CYN
COc1cc(cn2ncnc12)-c1[nH]c2ccc(nc2c1C(C)C)C1CCC(CC1)NC(C)C	Toll-like receptor 7	1.5	US Patent	7CYN
CC(C)c1c([nH]c2ccc(nc12)C1CCC(CC1)N(C)CC(=O)N(C)C)-c1cn(C)c2ncccc12	Toll-like receptor 7	1.5	US Patent	7CYN
CC(C)c1c([nH]c2ccc(nc12)C1CCC(CC1)NCc1cnc(C)cn1)-c1cc(CO)c2ncnn2c1	Toll-like receptor 7	1.5	US Patent	7CYN
COc1cc(cn2ncnc12)-c1[nH]c2ccc(nc2c1C(C)C)C1CCC(CC1)N(C)CCS(C)(=O)=O	Toll-like receptor 7	1.5	US Patent	7CYN
COc1cc(cn2ncnc12)-c1[nH]c2ccc(nc2c1C(C)C)C1CCC(CC1)N1CC2(C1)CS(=O)(=O)C2	Toll-like receptor 7	1.5	US Patent	7CYN
CC(C)c1c([nH]c2ccc(nc12)C1CCC(CC1)NCC(C)(C)S(C)(=O)=O)-c1cn(C)c2ncccc12	Toll-like receptor 7	1.5	US Patent	7CYN
COc1cc(cn2ncnc12)-c1[nH]c2cc(C)c(nc2c1C(C)C)C1CCC(CC1)N1CCC1	Toll-like receptor 7	1.5	US Patent	7CYN
CC(C)N(C)C1CCC(CC1)c1ccc2[nH]c(c(C(C)C)c2n1)-c1cn2ncnc2c(C)c1C	Toll-like receptor 7	1.5	US Patent	7CYN
CNC1CCC(CC1)c1ccc2[nH]c(c(C(C)C)c2n1)-c1cn2ncnc2c(C)c1C	Toll-like receptor 7	1.5	US Patent	7CYN
CC(C)c1c([nH]c2ccc(nc12)C1CCC(CC1)N(C)CC(=O)N(C)C)-c1cn2ncnc2c(C)c1C	Toll-like receptor 7	1.5	US Patent	7CYN
CC(C)c1c([nH]c2ccc(nc12)C1CCC(CC1)N1CCC1)-c1cn2ncnc2c(C)c1C	Toll-like receptor 7	1.5	US Patent	7CYN
CC(C)c1c([nH]c2ccc(nc12)C1CCC(CC1)N1CC(C1)C#N)-c1cn2ncnc2c(C)c1C	Toll-like receptor 7	1.5	US Patent	7CYN
CC(C)c1c([nH]c2ccc(nc12)C1CCC(CC1)N1CC(C1)S(C)(=O)=O)-c1cn2ncnc2c(C)c1C	Toll-like receptor 7	1.5	US Patent	7CYN
CC(C)c1c([nH]c2ccc(nc12)N1CCN(CC1)C(=O)CN(C)C)-c1cn2ncnc2c(C)c1C	Toll-like receptor 7	1.5	US Patent	7CYN
CC(C)c1c([nH]c2ccc(nc12)N1[C@H](C)CN(C[C@H]1C)C(=O)CCN(C)C)-c1cn2ncnc2c(C)c1C	Toll-like receptor 7	1.5	US Patent	7CYN
CC(C)c1c([nH]c2ccc(nc12)N1CCN(CC1)C(=O)CNC(C)(C)C)-c1cn2ncnc2c(C)c1C	Toll-like receptor 7	1.5	US Patent	7CYN
CC(C)c1c([nH]c2ccc(nc12)N1CCN(CC1)C(=O)CN(C)C)-c1cn2ncnc2c(C)c1C	Toll-like receptor 7	1.5	US Patent	7CYN
COc1cc(cn2ncnc12)-c1[nH]c2ccc(nc2c1C(C)C)C1CCN(CCS(C)(=O)=O)CC1	Toll-like receptor 7	1.5	US Patent	7CYN
CC(C)c1c([nH]c2ccc(nc12)N1C[C@@H](C)N([C@H](C)C1)C(=O)CN1CCCC1)-c1cn2ncnc2c(C)c1C	Toll-like receptor 7	1.5	US Patent	7CYN
CC(C)c1c([nH]c2ccc(nc12)N1C[C@H](C)N(C[C@H]1C)C(=O)CN(C)C(C)(C)C)-c1cn2ncnc2c(C)c1C	Toll-like receptor 7	1.5	US Patent	7CYN
COc1cc(cn2ncnc12)-c1[nH]c2ccc(OC3CCN(CC3)C(C)C)nc2c1C(C)C	Toll-like receptor 7	1.5	US Patent	7CYN
COc1cc(cn2ncnc12)-c1[nH]c2ccc(OC3CCC(CC3)N(C)C)nc2c1C(C)C	Toll-like receptor 7	1.5	US Patent	7CYN
COc1cc(cn2ncnc12)-c1[nH]c2ccc(nc2c1C(C)C)C1CCC(C1)NC1CCOCC1	Toll-like receptor 7	1.5	US Patent	7CYN
CC(C)c1c([nH]c2ccc(nc12)N1CCN(C)CC1)-c1cn2ncnc2c(C)c1C	Toll-like receptor 7	1.5	US Patent	7CYN
COc1cc(cn2ncnc12)-c1[nH]c2ccc(nc2c1C(C)C)C1CCC(CC1)N(C)CCS(C)(=O)=O	Toll-like receptor 7	1.5	US Patent	7CYN
COc1cc(cn2ncnc12)-c1[nH]c2ccc(nc2c1C(C)C)C1CCN(CCS(C)(=O)=O)CC1	Toll-like receptor 7	1.5	US Patent	7CYN
COc1cc(cn2ncnc12)-c1[nH]c2ccc(nc2c1C(C)C)C1CCC(C1)NC1CCOCC1	Toll-like receptor 7	1.5	US Patent	7CYN
CC(C)c1c([nH]c2ccc(nc12)C1CCC(CC1)NCC(C)(C)S(C)(=O)=O)-c1cn(C)c2ncccc12	Toll-like receptor 7	1.5	US Patent	7CYN
COc1cc(cn2ncnc12)-c1[nH]c2cnc(cc2c1C(C)C)N1CCNCC1	Toll-like receptor 7	1.5	US Patent	7CYN
Cc1cc(cc(C)n1)-c1cc(C)c2c(c1)[nH]c1ccc(cc21)C1CCN(CC(C)(C)O)CC1	Toll-like receptor 7	1.5	ChEMBL	7CYN
COc1cc(cn2ncnc12)-c1[nH]c2cnc(N3CCC(CC3)N(C)CC(=O)N(C)C)c(F)c2c1C(C)C	Toll-like receptor 7	1.5	US Patent	7CYN
CC(C)c1c([nH]c2ccc(nc12)C1CCC(CC1)N(C)CC(=O)N(C)C)-c1cn2ncnc2c(C)c1C	Toll-like receptor 7	1.5	US Patent	7CYN
CC(C)c1c([nH]c2ccc(nc12)N1[C@H](C)CN(C[C@H]1C)C(=O)CCN(C)C)-c1cn2ncnc2c(C)c1C	Toll-like receptor 7	1.5	US Patent	7CYN
COc1cc(cn2ncnc12)-c1[nH]c2ccc(nc2c1C(C)C)C1CCC(CC1)N(C)CCC#N	Toll-like receptor 7	1.5	US Patent	7CYN
CC(C)c1c([nH]c2ccc(nc12)N1CCN(C)CC1)-c1cn2ncnc2c(C)c1C	Toll-like receptor 7	1.5	US Patent	7CYN
CC(C)N(C)C1CCC(CC1)c1ccc2[nH]c(c(C(C)C)c2n1)-c1cn2ncnc2c(C)c1C	Toll-like receptor 7	1.5	US Patent	7CYN
CC(C)c1c([nH]c2ccc(nc12)N1CCN(CC1)C(=O)CN(C)C)-c1cn2ncnc2c(C)c1C	Toll-like receptor 7	1.5	US Patent	7CYN
COc1cc(cn2ncnc12)-c1[nH]c2cc(C)c(nc2c1C(C)C)C1CCC(CC1)N1CCC1	Toll-like receptor 7	1.5	US Patent	7CYN
COc1cc(cn2ncnc12)-c1[nH]c2ccc(nc2c1C(C)C)C1CCC(CC1)N1CC2(C1)CS(=O)(=O)C2	Toll-like receptor 7	1.5	US Patent	7CYN
CC(C)c1c([nH]c2ccc(nc12)C1CCC(CC1)N1CCC1)-c1cn2ncnc2c(C)c1C	Toll-like receptor 7	1.5	US Patent	7CYN
CNC1CCC(CC1)c1ccc2[nH]c(c(C(C)C)c2n1)-c1cn2ncnc2c(C)c1C	Toll-like receptor 7	1.5	US Patent	7CYN
CC(C)c1c([nH]c2ccc(nc12)C1CCC(CC1)N1CC(C1)C#N)-c1cn2ncnc2c(C)c1C	Toll-like receptor 7	1.5	US Patent	7CYN
CNC(=O)CN1CCC(CC1)c1ncc2[nH]c(c(C(C)C)c2c1F)-c1cc(C)c2ncnn2c1	Toll-like receptor 7	1.5	US Patent	7CYN
COc1cc(cn2ncnc12)-c1[nH]c2ccc(OC3CCC(CC3)N(C)C)nc2c1C(C)C	Toll-like receptor 7	1.5	US Patent	7CYN
CC(C)c1c([nH]c2ccc(nc12)N1CCN(CC1)C(=O)CNC(C)(C)C)-c1cn2ncnc2c(C)c1C	Toll-like receptor 7	1.5	US Patent	7CYN
COc1cc(cn2ncnc12)-c1[nH]c2ccc(OC3CCN(CC3)C(C)C)nc2c1C(C)C	Toll-like receptor 7	1.5	US Patent	7CYN
CC(C)c1c([nH]c2ccc(nc12)N1CCN(CC1)C(=O)CNC1CCC1)-c1cn2ncnc2c(C)c1C	Toll-like receptor 7	1.5	US Patent	7CYN
CC(C)c1c([nH]c2ccc(nc12)N1CCN(CC1)C(=O)CN1CCCC1)-c1cn2ncnc2c(C)c1C	Toll-like receptor 7	1.5	US Patent	7CYN
CC(C)c1c([nH]c2ccc(nc12)N1C[C@@H](C)N([C@H](C)C1)C(=O)CN1CCCC1)-c1cn2ncnc2c(C)c1C	Toll-like receptor 7	1.5	US Patent	7CYN
COc1cc(cn2ncnc12)-c1[nH]c2cnc(N3CCC(CC3)N3CC4(COC4)C3)c(F)c2c1C(C)C	Toll-like receptor 7	1.5	US Patent	7CYN
CC(C)c1c([nH]c2ccc(nc12)N1C[C@H](C)N(C[C@H]1C)C(=O)CN(C)C(C)(C)C)-c1cn2ncnc2c(C)c1C	Toll-like receptor 7	1.5	US Patent	7CYN
CC(C)c1c([nH]c2ccc(nc12)C1CCC(CC1)N(C)CC(=O)N(C)C)-c1cn(C)c2ncccc12	Toll-like receptor 7	1.5	US Patent	7CYN
COc1cc(cn2ncnc12)-c1[nH]c2cnc(N3CCNCC3)c(C)c2c1C(C)C	Toll-like receptor 7	1.5	US Patent	7CYN
COc1cc(cn2ncnc12)-c1[nH]c2ccc(nc2c1C(C)C)C1CCC(CC1)NC(C)C	Toll-like receptor 7	1.5	US Patent	7CYN
CC(C)c1c([nH]c2ccc(nc12)C1CCC(CC1)NCc1cnc(C)cn1)-c1cc(CO)c2ncnn2c1	Toll-like receptor 7	1.5	US Patent	7CYN
CC(C)c1c([nH]c2ccc(nc12)N1CCN(CC1)C(=O)CN(C)C)-c1cn2ncnc2c(C)c1C	Toll-like receptor 7	1.5	US Patent	7CYN
COc1cc(cn2ncnc12)-c1[nH]c2cnc(N3CCN(CC3)C(=O)CN(C)C)c(Cl)c2c1C(C)C	Toll-like receptor 7	1.5	US Patent	7CYN
CC(C)c1c([nH]c2ccc(nc12)C1CCC(CC1)N1CC(C1)S(C)(=O)=O)-c1cn2ncnc2c(C)c1C	Toll-like receptor 7	1.5	US Patent	7CYN
COC(C)(C)CNC1CCN(CC1)c1ncc2[nH]c(c(C(C)C)c2c1C)-c1cn2ncnc2c(C)c1C	Toll-like receptor 7	1.5	US Patent	7CYN
CCN(C)C1CCC(CC1)c1ncc2[nH]c(c(C(C)C)c2c1F)-c1cc(OC)c2ncnn2c1	Toll-like receptor 7	1.5	US Patent	7CYN
CC(C)c1c([nH]c2ccc(cc12)C1CCN(CC1)C(=O)[C@@H]1C[C@H](O)CN1)-c1cc(C)c2ncnn2c1	Toll-like receptor 7	1.6	US Patent	7CYN
CC(C)c1c([nH]c2ccc(cc12)C1CCN(CC1)C(=O)CCN(C)C)-c1cc(c2ncnn2c1)C(F)(F)F	Toll-like receptor 7	1.6	US Patent	7CYN
COc1cc(cn2ncnc12)-c1[nH]c2ccc(cc2c1C(C)C)C1CCN(CC1)C(=O)C1CCCO1	Toll-like receptor 7	1.6	US Patent	7CYN
CN(C)CC(=O)N1CCC(CC1)c1ccc2[nH]c(c(CC(F)F)c2c1)-c1cc(C)c2ncnn2c1	Toll-like receptor 7	1.6	US Patent	7CYN
CC(C)c1c([nH]c2ccc(cc12)C1CCN(CC(=O)N2CC(C2)S(C)(=O)=O)CC1)-c1cc(C)c2ncnn2c1	Toll-like receptor 7	1.6	US Patent	7CYN
CC(C)c1c([nH]c2ccc(cc12)C1CCN(CC(=O)NC2CC2)CC1)-c1cn2ncnc2cc1C	Toll-like receptor 7	1.6	US Patent	7CYN
CC(C)c1c([nH]c2ccc(cc12)C1CCN(CC(=O)N2CCS(=O)(=O)CC2)CC1)-c1cn2ncnc2c(C)c1C	Toll-like receptor 7	1.6	US Patent	7CYN
CC(C)c1c([nH]c2ccc(cc12)C1CCN(CC1)C(=O)CCNCC1CC1)-c1cn2ncnc2c(C)c1C	Toll-like receptor 7	1.6	US Patent	7CYN
CCNCCC(=O)N1CCC(CC1)c1ccc2[nH]c(c(C(C)C)c2c1)-c1cn2ncnc2c(C)c1C	Toll-like receptor 7	1.6	US Patent	7CYN
CC(C)c1c([nH]c2ccc(cc12)C1CCN(CC1)C(=O)CCN1CCCCCC1)-c1cn2ncnc2c(C)c1C	Toll-like receptor 7	1.6	US Patent	7CYN
CC(C)c1c([nH]c2ccc(cc12)C1CCN(CC1)C(=O)CCN1CCCC1)-c1cn2ncnc2c(C)c1C	Toll-like receptor 7	1.6	US Patent	7CYN
CC(C)c1c([nH]c2ccc(cc12)C1CCN(CC1)C(=O)CCN1CCC(O)C1)-c1cn2ncnc2c(C)c1C	Toll-like receptor 7	1.6	US Patent	7CYN
CC(C)c1c([nH]c2ccc(cc12)C1CCN(Cc2cn(C)nn2)CC1)-c1cn2ncnc2c(C)c1C	Toll-like receptor 7	1.6	US Patent	7CYN
COCCC(=O)N1CCC(CC1)c1ccc2[nH]c(c(C(C)C)c2c1)-c1cc(C)c2ncnn2c1	Toll-like receptor 7	1.6	US Patent	7CYN
CCCN1CCN(CC1)C(=O)N1CCC(CC1)c1ccc2[nH]c(c(C(C)C)c2c1)-c1cn2ncnc2c(C)c1C	Toll-like receptor 7	1.6	US Patent	7CYN
CC(C)c1c([nH]c2ccc(cc12)C1CCN(C[N+]#[C-])CC1)-c1cc(F)c2ncnn2c1	Toll-like receptor 7	1.6	US Patent	7CYN
CNC(=O)CN1CCC(CC1)c1ccc2[nH]c(c(C(C)C)c2c1)-c1cn2ncnc2c(OC)c1C	Toll-like receptor 7	1.6	US Patent	7CYN
CC(C)c1c([nH]c2ccc(cc12)C1CCN(CC(C)(C)O)CC1)-c1cc(C2CC2)c2nc(C)nn2c1	Toll-like receptor 7	1.6	US Patent	7CYN
CCc1c([nH]c2ccc(cc12)C1CCN(CC(=O)NC)CC1)-c1cc(C)c2ncnn2c1	Toll-like receptor 7	1.6	US Patent	7CYN
CC(C)c1c([nH]c2ccc(cc12)C1CCN(CCO)CC1)-c1cc(C)c2ncnn2c1	Toll-like receptor 7	1.6	US Patent	7CYN
CCN(CC)S(=O)(=O)CC(C)N1CCC(CC1)c1ccc2[nH]c(c(C(C)C)c2c1)-c1cc(C)c2ncnn2c1	Toll-like receptor 7	1.6	US Patent	7CYN
CC(C)c1c([nH]c2ccc(cc12)C1CCN(Cc2cnccn2)CC1)-c1cc(C)c2ncnn2c1	Toll-like receptor 7	1.6	US Patent	7CYN
CC(C)c1c([nH]c2ccc(nc12)N1CCN(C[C@@H]1C)C(=O)CN1CCC1)-c1cn2ncnc2c(C)c1C	Toll-like receptor 7	1.6	US Patent	7CYN
CC(C)c1c([nH]c2ccc(cc12)C1CCN(CC1)C(=O)[C@@H]1C[C@H](O)CN1)-c1cc(C)c2ncnn2c1	Toll-like receptor 7	1.6	US Patent	7CYN
CC(C)c1c([nH]c2ccc(cc12)C1CCN(CC1)C(=O)CCN(C)C)-c1cc(c2ncnn2c1)C(F)(F)F	Toll-like receptor 7	1.6	US Patent	7CYN
COc1cc(cn2ncnc12)-c1[nH]c2ccc(cc2c1C(C)C)C1CCN(CC1)C(=O)C1CCCO1	Toll-like receptor 7	1.6	US Patent	7CYN
CCN(CC)CC(=O)N1CCN(CC1)c1ccc2[nH]c(c(C(C)C)c2n1)-c1cn2ncnc2c(C)c1C	Toll-like receptor 7	1.6	US Patent	7CYN
CC(C)c1c([nH]c2ccc(nc12)N1C[C@@H](C)N([C@H](C)C1)C(=O)CN(C)C)-c1cn2ncnc2c(C)c1C	Toll-like receptor 7	1.6	US Patent	7CYN
CN(C)CC(=O)N1CCC(CC1)c1ccc2[nH]c(c(CC(F)F)c2c1)-c1cc(C)c2ncnn2c1	Toll-like receptor 7	1.6	US Patent	7CYN
CC(C)c1c([nH]c2ccc(cc12)C1CCN(CC(=O)N2CC(C2)S(C)(=O)=O)CC1)-c1cc(C)c2ncnn2c1	Toll-like receptor 7	1.6	US Patent	7CYN
CC(C)c1c([nH]c2ccc(nc12)N1C[C@@H]2C[C@H](C1)N2)-c1cn2ncnc2c(C)c1C	Toll-like receptor 7	1.6	US Patent	7CYN
CC(C)c1c([nH]c2ccc(cc12)C1CCN(CC(=O)NC2CC2)CC1)-c1cn2ncnc2cc1C	Toll-like receptor 7	1.6	US Patent	7CYN
CC(C)c1c([nH]c2ccc(cc12)C1CCN(CC(=O)N2CCS(=O)(=O)CC2)CC1)-c1cn2ncnc2c(C)c1C	Toll-like receptor 7	1.6	US Patent	7CYN
CC(C)c1c([nH]c2ccc(nc12)C1CCC(CC1)N1CC(O)C1)-c1cn2ncnc2c(C)c1C	Toll-like receptor 7	1.6	US Patent	7CYN
CC(C)c1c([nH]c2ccc(nc12)C1CCC(CC1)N1CCC2(CCOC2)C1)-c1cn2ncnc2c(C)c1C	Toll-like receptor 7	1.6	US Patent	7CYN
CC(C)c1c([nH]c2ccc(nc12)C1CCC(CC1)N1CC2(CCS2(=O)=O)C1)-c1cn2ncnc2c(C)c1C	Toll-like receptor 7	1.6	US Patent	7CYN
CC(C)c1c([nH]c2ccc(cc12)C1CCN(CC1)C(=O)CCNCC1CC1)-c1cn2ncnc2c(C)c1C	Toll-like receptor 7	1.6	US Patent	7CYN
CCNCCC(=O)N1CCC(CC1)c1ccc2[nH]c(c(C(C)C)c2c1)-c1cn2ncnc2c(C)c1C	Toll-like receptor 7	1.6	US Patent	7CYN
CC(C)c1c([nH]c2ccc(cc12)C1CCN(CC1)C(=O)CCN1CCCCCC1)-c1cn2ncnc2c(C)c1C	Toll-like receptor 7	1.6	US Patent	7CYN
CC(C)c1c([nH]c2ccc(cc12)C1CCN(CC1)C(=O)CCN1CCCC1)-c1cn2ncnc2c(C)c1C	Toll-like receptor 7	1.6	US Patent	7CYN
CC(C)c1c([nH]c2ccc(cc12)C1CCN(CC1)C(=O)CCN1CCC(O)C1)-c1cn2ncnc2c(C)c1C	Toll-like receptor 7	1.6	US Patent	7CYN
CCCN1CCN(CC1)C(=O)N1CCC(CC1)c1ccc2[nH]c(c(C(C)C)c2c1)-c1cn2ncnc2c(C)c1C	Toll-like receptor 7	1.6	US Patent	7CYN
CNC1CCC(CC1)c1ccc2[nH]c(c(C(C)C)c2n1)-c1cc(OC)c2ncnn2c1	Toll-like receptor 7	1.6	US Patent	7CYN
CC(C)c1c([nH]c2ccc(nc12)C1CCC(CC1)NC1COC1)-c1cn2cnnc2c(C)c1C	Toll-like receptor 7	1.6	US Patent	7CYN
CC(C)c1c([nH]c2ccc(cc12)C1CCN(Cc2cn(C)nn2)CC1)-c1cn2ncnc2c(C)c1C	Toll-like receptor 7	1.6	US Patent	7CYN
COCCC(=O)N1CCC(CC1)c1ccc2[nH]c(c(C(C)C)c2c1)-c1cc(C)c2ncnn2c1	Toll-like receptor 7	1.6	US Patent	7CYN
COc1cc(cn2ncnc12)-c1[nH]c2ccc(nc2c1C(C)C)C1CCC(CC1)N1CC2(COC2)C1	Toll-like receptor 7	1.6	US Patent	7CYN
COc1cc(cn2ncnc12)-c1[nH]c2cc(C)c(nc2c1C(C)C)C1CCC(CC1)NC1CCOC1	Toll-like receptor 7	1.6	US Patent	7CYN
CC(C)c1c([nH]c2ccc(nc12)C1CCC(CC1)N1CCOCC1)-c1cn2ncnc2c(C)c1C	Toll-like receptor 7	1.6	US Patent	7CYN
CC(C)c1c([nH]c2ccc(cc12)C1CCN(CC#N)CC1)-c1cc(F)c2ncnn2c1	Toll-like receptor 7	1.6	US Patent	7CYN
CCN(CC)C1CCC(CC1)c1ccc2[nH]c(c(C(C)C)c2n1)-c1cn2ncnc2c(C)c1C	Toll-like receptor 7	1.6	US Patent	7CYN
CCN(C)C1CCC(CC1)c1ccc2[nH]c(c(C(C)C)c2n1)-c1cn2ncnc2c(C)c1C	Toll-like receptor 7	1.6	US Patent	7CYN
CC(C)c1c([nH]c2ccc(nc12)C1CCC(CC1)NC1CC1)-c1cn2ncnc2c(C)c1C	Toll-like receptor 7	1.6	US Patent	7CYN
CNC(=O)CN1CCC(CC1)c1ccc2[nH]c(c(C(C)C)c2c1)-c1cn2ncnc2c(OC)c1C	Toll-like receptor 7	1.6	US Patent	7CYN
CC(C)c1c([nH]c2ccc(cc12)C1CCN(CC(C)(C)O)CC1)-c1cc(C2CC2)c2nc(C)nn2c1	Toll-like receptor 7	1.6	US Patent	7CYN
CC(C)c1c([nH]c2ccc(nc12)C1CCNCC1)-c1cc(C)c2nncn2c1	Toll-like receptor 7	1.6	US Patent	7CYN
CCc1c([nH]c2ccc(cc12)C1CCN(CC(=O)NC)CC1)-c1cc(C)c2ncnn2c1	Toll-like receptor 7	1.6	US Patent	7CYN
CC(C)c1c([nH]c2ccc(cc12)C1CCN(CCO)CC1)-c1cc(C)c2ncnn2c1	Toll-like receptor 7	1.6	US Patent	7CYN
CC(C)c1c([nH]c2ccc(nc12)C1CC(C1)N(C)C)-c1cn2ncnc2c(C)c1C	Toll-like receptor 7	1.6	US Patent	7CYN
CCN(CC)S(=O)(=O)CC(C)N1CCC(CC1)c1ccc2[nH]c(c(C(C)C)c2c1)-c1cc(C)c2ncnn2c1	Toll-like receptor 7	1.6	US Patent	7CYN
CC(C)c1c([nH]c2ccc(cc12)C1CCN(Cc2cnccn2)CC1)-c1cc(C)c2ncnn2c1	Toll-like receptor 7	1.6	US Patent	7CYN
CC(C)c1c([nH]c2ccc(cc12)C1CCN(CC1)C(=O)CN(C)C)-c1cc(C)nc(C)c1	Toll-like receptor 7	1.6	US Patent	7CYN
CNC(=O)N1CCC(CC1)c1ccc2[nH]c(c(C(C)C)c2c1)-c1cc(C)nc(C)c1	Toll-like receptor 7	1.6	US Patent	7CYN
CC(C)c1c([nH]c2ccc(cc12)C1CCN(CC1)C(=O)[C@@H]1C[C@@H](F)CN1)-c1cc(C)nc(C)c1	Toll-like receptor 7	1.6	US Patent	7CYN
CC(C)c1c([nH]c2ccc(cc12)C1CCN(CC(=O)N2CC[C@@H](O)C2)CC1)-c1ccnc(C)c1	Toll-like receptor 7	1.6	US Patent	7CYN
CC(C)c1c([nH]c2ccc(cc12)C1CCN(Cc2ccn[nH]2)CC1)-c1cc(C)nc(C)c1	Toll-like receptor 7	1.6	US Patent	7CYN
CNC1CCC(CC1)c1ccc2[nH]c(c(C(C)C)c2n1)-c1cc(OC)c2ncnn2c1	Toll-like receptor 7	1.6	US Patent	7CYN
CC(C)c1c([nH]c2ccc(nc12)C1CCC(CC1)NC1COC1)-c1cn2cnnc2c(C)c1C	Toll-like receptor 7	1.6	US Patent	7CYN
COc1cc(cn2ncnc12)-c1[nH]c2ccc(nc2c1C(C)C)C1CCC(CC1)N1CC2(COC2)C1	Toll-like receptor 7	1.6	US Patent	7CYN
COc1cc(cn2ncnc12)-c1[nH]c2cc(C)c(nc2c1C(C)C)C1CCC(CC1)NC1CCOC1	Toll-like receptor 7	1.6	US Patent	7CYN
CC(C)c1c([nH]c2ccc(nc12)C1CCC(CC1)N1CCOCC1)-c1cn2ncnc2c(C)c1C	Toll-like receptor 7	1.6	US Patent	7CYN
CCN(CC)C1CCC(CC1)c1ccc2[nH]c(c(C(C)C)c2n1)-c1cn2ncnc2c(C)c1C	Toll-like receptor 7	1.6	US Patent	7CYN
CCN(C)C1CCC(CC1)c1ccc2[nH]c(c(C(C)C)c2n1)-c1cn2ncnc2c(C)c1C	Toll-like receptor 7	1.6	US Patent	7CYN
CC(C)c1c([nH]c2ccc(nc12)C1CCC(CC1)NC1CC1)-c1cn2ncnc2c(C)c1C	Toll-like receptor 7	1.6	US Patent	7CYN
CC(C)c1c([nH]c2ccc(nc12)N1CCN(C[C@@H]1C)C(=O)CN1CCC1)-c1cn2ncnc2c(C)c1C	Toll-like receptor 7	1.6	US Patent	7CYN
CC(C)c1c([nH]c2ccc(nc12)C1CCNCC1)-c1cc(C)c2nncn2c1	Toll-like receptor 7	1.6	US Patent	7CYN
CCN(CC)CC(=O)N1CCN(CC1)c1ccc2[nH]c(c(C(C)C)c2n1)-c1cn2ncnc2c(C)c1C	Toll-like receptor 7	1.6	US Patent	7CYN
CC(C)c1c([nH]c2ccc(nc12)N1C[C@@H](C)N([C@H](C)C1)C(=O)CN(C)C)-c1cn2ncnc2c(C)c1C	Toll-like receptor 7	1.6	US Patent	7CYN
CC(C)c1c([nH]c2ccc(nc12)N1C[C@@H]2C[C@H](C1)N2)-c1cn2ncnc2c(C)c1C	Toll-like receptor 7	1.6	US Patent	7CYN
CC(C)c1c([nH]c2ccc(nc12)C1CC(C1)N(C)C)-c1cn2ncnc2c(C)c1C	Toll-like receptor 7	1.6	US Patent	7CYN
CC(C)c1c([nH]c2ccc(nc12)C1CCC(CC1)N1CC(O)C1)-c1cn2ncnc2c(C)c1C	Toll-like receptor 7	1.6	US Patent	7CYN
CC(C)c1c([nH]c2ccc(nc12)C1CCC(CC1)N1CCC2(CCOC2)C1)-c1cn2ncnc2c(C)c1C	Toll-like receptor 7	1.6	US Patent	7CYN
CC(C)c1c([nH]c2ccc(nc12)C1CCC(CC1)N1CC2(CCS2(=O)=O)C1)-c1cn2ncnc2c(C)c1C	Toll-like receptor 7	1.6	US Patent	7CYN
CC(C)c1c([nH]c2ccc(nc12)N1CCN(C[C@@H]1C)C(=O)CN1CCC1)-c1cn2ncnc2c(C)c1C	Toll-like receptor 7	1.6	US Patent	7CYN
CC(C)c1c([nH]c2cnc(N3CCC(CC3)NC3COC3)c(C)c12)-c1cn2ncnc2c(C)c1C	Toll-like receptor 7	1.6	US Patent	7CYN
CC(C)N1CCC(CC1)c1ncc2[nH]c(c(C(C)C)c2c1F)-c1cc(C)c2ncnn2c1	Toll-like receptor 7	1.6	US Patent	7CYN
CC(C)c1c([nH]c2ccc(nc12)C1CCC(CC1)N1CC2(CCS2(=O)=O)C1)-c1cn2ncnc2c(C)c1C	Toll-like receptor 7	1.6	US Patent	7CYN
COc1cc(cn2ncnc12)-c1[nH]c2cnc(N3CCNC[C@H]3C)c(F)c2c1C(C)C	Toll-like receptor 7	1.6	US Patent	7CYN
CCN(C)C1CCC(CC1)c1ccc2[nH]c(c(C(C)C)c2n1)-c1cn2ncnc2c(C)c1C	Toll-like receptor 7	1.6	US Patent	7CYN
CC(C)c1c([nH]c2cnc(N3CCC(CC3)NC3COC3)c(C)c12)-c1cn2ncnc2c(C)c1C	Toll-like receptor 7	1.6	US Patent	7CYN
CC(C)c1c([nH]c2ccc(nc12)C1CCC(CC1)NC1CC1)-c1cn2ncnc2c(C)c1C	Toll-like receptor 7	1.6	US Patent	7CYN
CC(C)c1c([nH]c2ccc(nc12)C1CCNCC1)-c1cc(C)c2nncn2c1	Toll-like receptor 7	1.6	US Patent	7CYN
CNC1CCC(CC1)c1ccc2[nH]c(c(C(C)C)c2n1)-c1cc(OC)c2ncnn2c1	Toll-like receptor 7	1.6	US Patent	7CYN
CC(C)c1c([nH]c2ccc(nc12)C1CCC(CC1)N1CCOCC1)-c1cn2ncnc2c(C)c1C	Toll-like receptor 7	1.6	US Patent	7CYN
COc1cc(cn2ncnc12)-c1[nH]c2ccc(nc2c1C(C)C)C1CCC(CC1)N1CC2(COC2)C1	Toll-like receptor 7	1.6	US Patent	7CYN
COc1cc(cn2ncnc12)-c1[nH]c2cnc(N3CCC(CC3)NC3COC3)c(F)c2c1C(C)C	Toll-like receptor 7	1.6	US Patent	7CYN
CC(C)c1c([nH]c2ccc(nc12)N1C[C@@H](C)N([C@H](C)C1)C(=O)CN(C)C)-c1cn2ncnc2c(C)c1C	Toll-like receptor 7	1.6	US Patent	7CYN
COc1cc(cn2ncnc12)-c1[nH]c2cnc(N3CCC(CC3)NC3(C)COC3)c(F)c2c1C(C)C	Toll-like receptor 7	1.6	US Patent	7CYN
COc1cc(cn2ncnc12)-c1[nH]c2cnc(C3CCN(CC(N)=O)CC3)c(C)c2c1C(C)C	Toll-like receptor 7	1.6	US Patent	7CYN
CC(C)c1c([nH]c2ccc(nc12)C1CCC(CC1)N1CC(O)C1)-c1cn2ncnc2c(C)c1C	Toll-like receptor 7	1.6	US Patent	7CYN
CC(C)c1c([nH]c2ccc(nc12)C1CCC(CC1)NC1COC1)-c1cn2cnnc2c(C)c1C	Toll-like receptor 7	1.6	US Patent	7CYN
CCN(CC)CC(=O)N1CCN(CC1)c1ccc2[nH]c(c(C(C)C)c2n1)-c1cn2ncnc2c(C)c1C	Toll-like receptor 7	1.6	US Patent	7CYN
CC(C)c1c([nH]c2ccc(nc12)N1C[C@@H]2C[C@H](C1)N2)-c1cn2ncnc2c(C)c1C	Toll-like receptor 7	1.6	US Patent	7CYN
CC(C)c1c([nH]c2cnc(N3CCC(CC3)NCC(C)(C)C)c(C)c12)-c1cc(C)c2ncnn2c1	Toll-like receptor 7	1.6	US Patent	7CYN
CC(C)c1c([nH]c2ccc(nc12)C1CC(C1)N(C)C)-c1cn2ncnc2c(C)c1C	Toll-like receptor 7	1.6	US Patent	7CYN
COc1cc(cn2ncnc12)-c1[nH]c2cnc(C3CCC(CC3)NCC(C)(C)F)c(C)c2c1C(C)C	Toll-like receptor 7	1.6	US Patent	7CYN
COc1cc(c[nH]\c1=N/C=N)-c1[nH]c2cc(C)c(nc2c1C(C)C)C1CCC(CC1)NC1CCOC1	Toll-like receptor 7	1.6	US Patent	7CYN
CNC(=O)CN1CCC(CC1)c1ncc2[nH]c(c(C(C)C)c2c1C)-c1cc(OC)c2ncnn2c1	Toll-like receptor 7	1.6	US Patent	7CYN
CC(C)c1c([nH]c2cnc(N3CCNC[C@H]3C)c(F)c12)-c1cn2ncnc2c(C)c1C	Toll-like receptor 7	1.6	US Patent	7CYN
CC(C)c1c([nH]c2cnc(N3CCN(CC4CC4)C[C@H]3C)c(F)c12)-c1cn2ncnc2c(C)c1C	Toll-like receptor 7	1.6	US Patent	7CYN
CCN(CC)C1CCC(CC1)c1ccc2[nH]c(c(C(C)C)c2n1)-c1cn2ncnc2c(C)c1C	Toll-like receptor 7	1.6	US Patent	7CYN
CC(C)c1c([nH]c2ccc(nc12)C1CCC(CC1)N1CCC2(CCOC2)C1)-c1cn2ncnc2c(C)c1C	Toll-like receptor 7	1.6	US Patent	7CYN
CC(C)c1c([nH]c2ccc(cc12)C1CCN(CC1)C(=O)CNC1CCCC1)-c1cn2ncnc2c(C)c1C	Toll-like receptor 7	1.7	US Patent	7CYN
CC(C)c1c([nH]c2ccc(cc12)C1CCN(CC1)C(=O)CNCC1CCCO1)-c1cn2ncnc2c(C)c1C	Toll-like receptor 7	1.7	US Patent	7CYN
COCCN1CCN(CC(=O)N2CCC(CC2)c2ccc3[nH]c(c(C(C)C)c3c2)-c2cc(C)c3ncnn3c2)CC1	Toll-like receptor 7	1.7	US Patent	7CYN
CC(C)c1c([nH]c2ccc(cc12)C1CCN(CC(=O)N(C)C2CCOCC2)CC1)-c1cc(C)c2ncnn2c1	Toll-like receptor 7	1.7	US Patent	7CYN
CC(C)c1c([nH]c2ccc(cc12)C1CCN(CC(=O)N(C)CC(C)(C)O)CC1)-c1cc(C)c2ncnn2c1	Toll-like receptor 7	1.7	US Patent	7CYN
COCc1cc(cn2ncnc12)-c1[nH]c2ccc(cc2c1C(C)C)C1CCN(CC(=O)N(C)CCCO)CC1	Toll-like receptor 7	1.7	US Patent	7CYN
COc1cc(cn2ncnc12)-c1[nH]c2ccc(cc2c1C(C)C)C1CCN(CC(=O)NC2(C)CCC2)CC1	Toll-like receptor 7	1.7	US Patent	7CYN
COc1cc(cn2ncnc12)-c1[nH]c2ccc(cc2c1C(C)C)C1CCN(CC(=O)N2CC[C@H](O)C2)CC1	Toll-like receptor 7	1.7	US Patent	7CYN
CC(C)c1c([nH]c2ccc(cc12)C1CCN(CC1)C(=O)OCC1CCCNC1)-c1cn2ncnc2c(C)c1C	Toll-like receptor 7	1.7	US Patent	7CYN
CC(C)c1c([nH]c2ccc(cc12)C1CCN(CC1)C1(COC1)C#N)-c1cc(CO)c2ncnn2c1	Toll-like receptor 7	1.7	US Patent	7CYN
CC(C)c1c([nH]c2ccc(cc12)C1CCN(CC(C)(C)O)CC1)-c1cc(Cl)c2ncnn2c1	Toll-like receptor 7	1.7	US Patent	7CYN
CC(C)c1c([nH]c2ccc(cc12)C1CCN(Cc2nncn2C)CC1)-c1cc(C)c2ncnn2c1	Toll-like receptor 7	1.7	US Patent	7CYN
CC(C)c1c([nH]c2ccc(cc12)C1CCN(Cc2csnn2)CC1)-c1cc(C)c2ncnn2c1	Toll-like receptor 7	1.7	US Patent	7CYN
CC(C)CN1CCC(CC1)c1ccc2[nH]c(c(C(C)C)c2c1)-c1cn2ncnc2c(C)c1C	Toll-like receptor 7	1.7	US Patent	7CYN
CC(C)c1c([nH]c2ccc(cc12)C1CCN(CC1)C1CCOCC1)-c1cc(C)c2nc(C)nn2c1	Toll-like receptor 7	1.7	US Patent	7CYN
CC(C)c1c([nH]c2ccc(cc12)C1CCN(CC1)C(=O)CCN1CCOCC1)-c1cn2ncnc2c(C)c1C	Toll-like receptor 7	1.7	US Patent	7CYN
COc1cc(cn2ncnc12)-c1[nH]c2ccc(nc2c1C(C)C)C1CCC(C1)NC1COC1	Toll-like receptor 7	1.7	US Patent	7CYN
CC(C)c1c([nH]c2ccc(cc12)C1CCN(CC1)C1CCOCC1)-c1cc(C)c2nc(C)nn2c1	Toll-like receptor 7	1.7	US Patent	7CYN
CC(C)N1CCN([C@@H](C)C1)c1ccc2[nH]c(c(C(C)C)c2n1)-c1cn2ncnc2c(C)c1C	Toll-like receptor 7	1.7	US Patent	7CYN
CC(C)c1c([nH]c2ccc(cc12)C1CCN(CC1)C(=O)CCN1CCOCC1)-c1cn2ncnc2c(C)c1C	Toll-like receptor 7	1.7	US Patent	7CYN
CC(C)c1c([nH]c2ccc(cc12)C1CCN(CC1)C(=O)CNC1CCCC1)-c1cn2ncnc2c(C)c1C	Toll-like receptor 7	1.7	US Patent	7CYN
CC(C)c1c([nH]c2ccc(cc12)C1CCN(CC1)C(=O)CNCC1CCCO1)-c1cn2ncnc2c(C)c1C	Toll-like receptor 7	1.7	US Patent	7CYN
CC(C)c1c([nH]c2ccc(nc12)N1[C@H]2CC[C@@H]1CN(C2)C(=O)CN(C)C(C)(C)C)-c1cn2ncnc2c(C)c1C	Toll-like receptor 7	1.7	US Patent	7CYN
CC(C)c1c([nH]c2ccc(nc12)N1CCN([C@H](C)C1)C(=O)CN1CC2(COC2)C1)-c1cn2ncnc2c(C)c1C	Toll-like receptor 7	1.7	US Patent	7CYN
COCCN1CCN(CC(=O)N2CCC(CC2)c2ccc3[nH]c(c(C(C)C)c3c2)-c2cc(C)c3ncnn3c2)CC1	Toll-like receptor 7	1.7	US Patent	7CYN
CC(C)c1c([nH]c2ccc(cc12)C1CCN(CC(=O)N(C)C2CCOCC2)CC1)-c1cc(C)c2ncnn2c1	Toll-like receptor 7	1.7	US Patent	7CYN
CC(C)c1c([nH]c2ccc(cc12)C1CCN(CC(=O)N(C)CC(C)(C)O)CC1)-c1cc(C)c2ncnn2c1	Toll-like receptor 7	1.7	US Patent	7CYN
CCN1CC2(C1)CN(C2)c1ccc2[nH]c(c(C(C)C)c2n1)-c1cc(OC)c2ncnn2c1	Toll-like receptor 7	1.7	US Patent	7CYN
CCCN1CC2(C1)CN(C2)c1ccc2[nH]c(c(C(C)C)c2n1)-c1cc(OC)c2ncnn2c1	Toll-like receptor 7	1.7	US Patent	7CYN
COCc1cc(cn2ncnc12)-c1[nH]c2ccc(cc2c1C(C)C)C1CCN(CC(=O)N(C)CCCO)CC1	Toll-like receptor 7	1.7	US Patent	7CYN
COc1cc(cn2ncnc12)-c1[nH]c2ccc(cc2c1C(C)C)C1CCN(CC(=O)NC2(C)CCC2)CC1	Toll-like receptor 7	1.7	US Patent	7CYN
CC(C)c1c([nH]c2ccc(nc12)N1CCNCC1)-c1cn2ncnc2c(C)c1C	Toll-like receptor 7	1.7	US Patent	7CYN
COc1cc(cn2ncnc12)-c1[nH]c2ccc(nc2c1C(C)C)[C@H]1CC[C@@H](N)C1	Toll-like receptor 7	1.7	US Patent	7CYN
CC(C)c1c([nH]c2cc(F)c(nc12)C1CCNCC1)-c1cc(C)c2ncnn2c1	Toll-like receptor 7	1.7	US Patent	7CYN
CC(C)c1c([nH]c2ccc(nc12)C1CCC(O)(CN)CC1)-c1cn2ncnc2c(C)c1C	Toll-like receptor 7	1.7	US Patent	7CYN
COc1cc(cn2ncnc12)-c1[nH]c2ccc(cc2c1C(C)C)C1CCN(CC(=O)N2CC[C@H](O)C2)CC1	Toll-like receptor 7	1.7	US Patent	7CYN
CC(C)c1c([nH]c2ccc(cc12)C1CCN(CC1)C(=O)OCC1CCCNC1)-c1cn2ncnc2c(C)c1C	Toll-like receptor 7	1.7	US Patent	7CYN
CC(C)c1c([nH]c2ccc(nc12)N1CCNCC1)-c1cn(C)c2ncncc12	Toll-like receptor 7	1.7	US Patent	7CYN
COc1cc(cn2ncnc12)-c1[nH]c2ccc(nc2c1C(C)C)C1CCC(CC1)NCC(=O)N(C)C	Toll-like receptor 7	1.7	US Patent	7CYN
COc1cc(cn2ncnc12)-c1[nH]c2ccc(nc2c1C(C)C)C1CCC(CC1)NCc1cnc(C)cn1	Toll-like receptor 7	1.7	US Patent	7CYN
COc1cc(cn2ncnc12)-c1[nH]c2cc(C)c(nc2c1C(C)C)C1CCC(CC1)NCC(F)F	Toll-like receptor 7	1.7	US Patent	7CYN
COc1cc(cn2ncnc12)-c1[nH]c2cc(C)c(nc2c1C(C)C)C1CCC(CC1)N(C)C1COC1	Toll-like receptor 7	1.7	US Patent	7CYN
CC(C)c1c([nH]c2ccc(nc12)C1CCC(CC1)N(C)C(=O)CN(C)C)-c1cn2ncnc2c(C)c1C	Toll-like receptor 7	1.7	US Patent	7CYN
CC(C)c1c([nH]c2ccc(nc12)C1CCC(CC1)NCCO)-c1cn2ncnc2c(C)c1C	Toll-like receptor 7	1.7	US Patent	7CYN
CC(C)c1c([nH]c2ccc(cc12)C1CCN(CC1)C1(COC1)C#N)-c1cc(CO)c2ncnn2c1	Toll-like receptor 7	1.7	US Patent	7CYN
CC(C)c1c([nH]c2ccc(nc12)C1CCC(CC1)NCCS(N)(=O)=O)-c1cn2ncnc2c(C)c1C	Toll-like receptor 7	1.7	US Patent	7CYN
CC(C)c1c([nH]c2ccc(cc12)C1CCN(CC(C)(C)O)CC1)-c1cc(Cl)c2ncnn2c1	Toll-like receptor 7	1.7	US Patent	7CYN
CC(C)c1c([nH]c2ccc(nc12)C1CCN(CCS(C)(=O)=O)CC1)-c1cn2ncnc2c(C)c1C	Toll-like receptor 7	1.7	US Patent	7CYN
CC(C)c1c([nH]c2ccc(cc12)C1CCN(Cc2nncn2C)CC1)-c1cc(C)c2ncnn2c1	Toll-like receptor 7	1.7	US Patent	7CYN
CC(C)c1c([nH]c2ccc(cc12)C1CCN(Cc2csnn2)CC1)-c1cc(C)c2ncnn2c1	Toll-like receptor 7	1.7	US Patent	7CYN
COc1cc(cn2ncnc12)-c1[nH]c2ccc(nc2c1C(C)C)C1CN(Cc2c[nH]nn2)C1	Toll-like receptor 7	1.7	US Patent	7CYN
COc1cc(cn2ncnc12)-c1[nH]c2ccc(nc2c1C(C)C)C1CN(CCO1)C(=O)CN(C)C	Toll-like receptor 7	1.7	US Patent	7CYN
CC(C)CN1CCC(CC1)c1ccc2[nH]c(c(C(C)C)c2c1)-c1cn2ncnc2c(C)c1C	Toll-like receptor 7	1.7	US Patent	7CYN
CC(C)c1c([nH]c2ccc(cc12)C1CCN(CC(=O)N(C)C)CC1)-c1cc(C)nc(C)c1F	Toll-like receptor 7	1.7	US Patent	7CYN
CNC(C)(C)C(=O)N1CCC(CC1)c1ccc2[nH]c(c(C(C)C)c2c1)-c1cc(C)nc(C)c1	Toll-like receptor 7	1.7	US Patent	7CYN
CC(C)c1c([nH]c2ccc(cc12)C1CCN(CC1)C(=O)CN1CCCC(C)C1)-c1cc(C)nc(C)c1	Toll-like receptor 7	1.7	US Patent	7CYN
CC(C)c1c([nH]c2ccc(cc12)C1CCN(CC1)C(=O)CN1CCCC(O)C1)-c1cc(C)nc(C)c1	Toll-like receptor 7	1.7	US Patent	7CYN
COc1cc(cn2ncnc12)-c1[nH]c2ccc(nc2c1C(C)C)C1CCC(CC1)NCC(=O)N(C)C	Toll-like receptor 7	1.7	US Patent	7CYN
COc1cc(cn2ncnc12)-c1[nH]c2ccc(nc2c1C(C)C)C1CCC(CC1)NCc1cnc(C)cn1	Toll-like receptor 7	1.7	US Patent	7CYN
COc1cc(cn2ncnc12)-c1[nH]c2cc(C)c(nc2c1C(C)C)C1CCC(CC1)NCC(F)F	Toll-like receptor 7	1.7	US Patent	7CYN
COc1cc(cn2ncnc12)-c1[nH]c2cc(C)c(nc2c1C(C)C)C1CCC(CC1)N(C)C1COC1	Toll-like receptor 7	1.7	US Patent	7CYN
CC(C)c1c([nH]c2ccc(nc12)C1CCC(CC1)N(C)C(=O)CN(C)C)-c1cn2ncnc2c(C)c1C	Toll-like receptor 7	1.7	US Patent	7CYN
CC(C)c1c([nH]c2ccc(nc12)C1CCC(CC1)NCCO)-c1cn2ncnc2c(C)c1C	Toll-like receptor 7	1.7	US Patent	7CYN
CC(C)c1c([nH]c2ccc(nc12)C1CCC(CC1)NCCS(N)(=O)=O)-c1cn2ncnc2c(C)c1C	Toll-like receptor 7	1.7	US Patent	7CYN
CC(C)N1CCN([C@@H](C)C1)c1ccc2[nH]c(c(C(C)C)c2n1)-c1cn2ncnc2c(C)c1C	Toll-like receptor 7	1.7	US Patent	7CYN
CCC[C@H]1CN(CN1c1ccc2[nH]c(c(C(C)C)c2n1)-c1cn2ncnc2c(C)c1C)C(=O)CN(C)C(C)(C)C	Toll-like receptor 7	1.7	US Patent	7CYN
CC(C)c1c([nH]c2ccc(nc12)C1CCN(CCS(C)(=O)=O)CC1)-c1cn2ncnc2c(C)c1C	Toll-like receptor 7	1.7	US Patent	7CYN
CC(C)c1c([nH]c2ccc(nc12)N1CCN([C@H](C)C1)C(=O)CN1CC2(COC2)C1)-c1cn2ncnc2c(C)c1C	Toll-like receptor 7	1.7	US Patent	7CYN
CC(C)c1c([nH]c2ccc(nc12)N1CCNCC1)-c1cn2ncnc2c(C)c1C	Toll-like receptor 7	1.7	US Patent	7CYN
COc1cc(cn2ncnc12)-c1[nH]c2ccc(nc2c1C(C)C)C1CN(Cc2c[nH]nn2)C1	Toll-like receptor 7	1.7	US Patent	7CYN
CCN1CC2(C1)CN(C2)c1ccc2[nH]c(c(C(C)C)c2n1)-c1cc(OC)c2ncnn2c1	Toll-like receptor 7	1.7	US Patent	7CYN
CCCN1CC2(C1)CN(C2)c1ccc2[nH]c(c(C(C)C)c2n1)-c1cc(OC)c2ncnn2c1	Toll-like receptor 7	1.7	US Patent	7CYN
CC(C)c1c([nH]c2ccc(nc12)C1CCC(O)(CN)CC1)-c1cn2ncnc2c(C)c1C	Toll-like receptor 7	1.7	US Patent	7CYN
COc1cc(cn2ncnc12)-c1[nH]c2ccc(nc2c1C(C)C)[C@H]1CC[C@H](N)C1	Toll-like receptor 7	1.7	US Patent	7CYN
CC(C)c1c([nH]c2cc(F)c(nc12)C1CCNCC1)-c1cc(C)c2ncnn2c1	Toll-like receptor 7	1.7	US Patent	7CYN
COc1cc(cn2ncnc12)-c1[nH]c2ccc(nc2c1C(C)C)C1CN(CCO1)C(=O)CN(C)C	Toll-like receptor 7	1.7	US Patent	7CYN
COc1cc(cn2ncnc12)-c1[nH]c2ccc(nc2c1C(C)C)C1CCC(C1)NC1COC1	Toll-like receptor 7	1.7	US Patent	7CYN
CC(C)c1c([nH]c2ccc(nc12)N1CCNCC1)-c1cn(C)c2ncncc12	Toll-like receptor 7	1.7	US Patent	7CYN
COc1cc(cn2ncnc12)-c1[nH]c2ccc(nc2c1C(C)C)C1CN(CCO1)C(=O)CN(C)C	Toll-like receptor 7	1.7	US Patent	7CYN
CC(C)c1c([nH]c2ccc(nc12)C1CCN(CCS(C)(=O)=O)CC1)-c1cn2ncnc2c(C)c1C	Toll-like receptor 7	1.7	US Patent	7CYN
CC(C)c1c([nH]c2ccc(nc12)C1CCC(CC1)NCCS(N)(=O)=O)-c1cn2ncnc2c(C)c1C	Toll-like receptor 7	1.7	US Patent	7CYN
CC(C)c1c([nH]c2ccc(nc12)N1[C@H]2CC[C@@H]1CN(C2)C(=O)CN(C)C(C)(C)C)-c1cn2ncnc2c(C)c1C	Toll-like receptor 7	1.7	US Patent	7CYN
COc1cc(cn2ncnc12)-c1[nH]c2ccc(nc2c1C(C)C)C1CCC(CC1)NCc1cnc(C)cn1	Toll-like receptor 7	1.7	US Patent	7CYN
CC(C)c1c([nH]c2ccc(nc12)N1CCN([C@H](C)C1)C(=O)CN1CC2(COC2)C1)-c1cn2ncnc2c(C)c1C	Toll-like receptor 7	1.7	US Patent	7CYN
[2H]c1ccc2c(ccc(C#N)c2n1)N1C[C@H]2N(Cc3nc(ccc23)N2C[C@@H]3C[C@H]2CN3)[C@H](C)C1	Toll-like receptor 7	1.7	ChEMBL	7CYN
CC(C)c1c([nH]c2ccc(nc12)C1CCC(O)(CN)CC1)-c1cn2ncnc2c(C)c1C	Toll-like receptor 7	1.7	US Patent	7CYN
CC(C)c1c([nH]c2ccc(nc12)C1CCC(CC1)NCCO)-c1cn2ncnc2c(C)c1C	Toll-like receptor 7	1.7	US Patent	7CYN
COc1cc(cn2ncnc12)-c1[nH]c2cc(C)c(nc2c1C(C)C)C1CCC(CC1)N(C)C1COC1	Toll-like receptor 7	1.7	US Patent	7CYN
COc1cc(cn2ncnc12)-c1[nH]c2ccc(nc2c1C(C)C)C1CCC(C1)NC1COC1	Toll-like receptor 7	1.7	US Patent	7CYN
CCCN1CC2(C1)CN(C2)c1ccc2[nH]c(c(C(C)C)c2n1)-c1cc(OC)c2ncnn2c1	Toll-like receptor 7	1.7	US Patent	7CYN
CC(C)c1c([nH]c2cc(F)c(nc12)C1CCNCC1)-c1cc(C)c2ncnn2c1	Toll-like receptor 7	1.7	US Patent	7CYN
CC(C)c1c([nH]c2ccc(cc12)-c1ccc(nc1)N1CCNCC1)-c1cc(C)nc(C)c1	Toll-like receptor 7	1.7	US Patent	7CYN
CC(C)c1c([nH]c2ccc(nc12)N1CCNCC1)-c1cn(C)c2ncncc12	Toll-like receptor 7	1.7	US Patent	7CYN
CCN1CC2(C1)CN(C2)c1ccc2[nH]c(c(C(C)C)c2n1)-c1cc(OC)c2ncnn2c1	Toll-like receptor 7	1.7	US Patent	7CYN
COc1cc(cn2ncnc12)-c1[nH]c2cnc(C3CCC(CC3)NCC(C)(C)O)c(F)c2c1C(C)C	Toll-like receptor 7	1.7	US Patent	7CYN
COc1cc(cn2ncnc12)-c1[nH]c2ccc(nc2c1C(C)C)C1CCC(N)C1	Toll-like receptor 7	1.7	US Patent	7CYN
CC(C)N1CCN([C@@H](C)C1)c1ccc2[nH]c(c(C(C)C)c2n1)-c1cn2ncnc2c(C)c1C	Toll-like receptor 7	1.7	US Patent	7CYN
CC(C)c1c([nH]c2ccc(nc12)N1CCNCC1)-c1cn2ncnc2c(C)c1C	Toll-like receptor 7	1.7	US Patent	7CYN
CC(C)c1c([nH]c2ccc(nc12)C1CCC(CC1)N(C)C(=O)CN(C)C)-c1cn2ncnc2c(C)c1C	Toll-like receptor 7	1.7	US Patent	7CYN
CC(C)N1CCC(CC1)c1cc2c(C(C)C)c([nH]c2cn1)-c1cn2ncnc2c(C)c1C	Toll-like receptor 7	1.7	US Patent	7CYN
COc1cc(cn2ncnc12)-c1[nH]c2cnc(cc2c1C(C)C)N1CCC(CC1)NC(=O)CN(C)C	Toll-like receptor 7	1.7	US Patent	7CYN
COc1cc(cn2ncnc12)-c1[nH]c2ccc(nc2c1C(C)C)C1CN(Cc2c[nH]nn2)C1	Toll-like receptor 7	1.7	US Patent	7CYN
COc1cc(cn2ncnc12)-c1[nH]c2cc(C)c(nc2c1C(C)C)C1CCC(CC1)NCC(F)F	Toll-like receptor 7	1.7	US Patent	7CYN
COc1cc(cn2ncnc12)-c1[nH]c2ccc(nc2c1C(C)C)C1CCC(CC1)NCC(=O)N(C)C	Toll-like receptor 7	1.7	US Patent	7CYN
CNCC(=O)N1CCC(CC1)c1ccc2[nH]c(c(C(C)C)c2c1)-c1cn2ncnc2c(C2CC2)c1C	Toll-like receptor 7	1.8	US Patent	7CYN
CC(C)c1c([nH]c2ccc(cc12)C1CCN(CC1)C(=O)CNCC(N)=O)-c1cn2ncnc2c(C)c1C	Toll-like receptor 7	1.8	US Patent	7CYN
CC(C)c1c([nH]c2ccc(cc12)C1CCN(CC1)C(=O)CNCCO)-c1cn2ncnc2c(C)c1C	Toll-like receptor 7	1.8	US Patent	7CYN
CC(C)c1c([nH]c2ccc(cc12)C1CCN(CC(=O)N2CCC[C@@H]2CO)CC1)-c1cc(C)c2ncnn2c1	Toll-like receptor 7	1.8	US Patent	7CYN
CC(C)c1c([nH]c2ccc(cc12)C1CCN(CC(=O)N(CCO)C2CC2)CC1)-c1cc(C)c2ncnn2c1	Toll-like receptor 7	1.8	US Patent	7CYN
COc1c(C)c(cn2ncnc12)-c1[nH]c2ccc(cc2c1C(C)C)C1CCN(CC(=O)N2CCC2)CC1	Toll-like receptor 7	1.8	US Patent	7CYN
CC(C)c1c([nH]c2ccc(cc12)C1CCN(CC1)C1COC1)-c1cn2ncnc2c(C)c1C	Toll-like receptor 7	1.8	US Patent	7CYN
COCC(=O)N1CCC(CC1)c1ccc2[nH]c(c(C(C)C)c2c1)-c1cc(C)c2ncnn2c1	Toll-like receptor 7	1.8	US Patent	7CYN
COCC(=O)N1CCC(CC1)c1ccc2[nH]c(c(C(C)C)c2c1)-c1cc(OC)c2ncnn2c1	Toll-like receptor 7	1.8	US Patent	7CYN
COCCN1CC(C1)OC(=O)N1CCC(CC1)c1ccc2[nH]c(c(C(C)C)c2c1)-c1cn2ncnc2c(C)c1C	Toll-like receptor 7	1.8	US Patent	7CYN
Cc1cc(cn2ncnc12)-c1[nH]c2ccc(cc2c1CC(F)F)C1CCNCC1	Toll-like receptor 7	1.8	US Patent	7CYN
COCc1cc(cn2ncnc12)-c1[nH]c2ccc(cc2c1C(C)C)C1CCN(CC(N)=O)CC1	Toll-like receptor 7	1.8	US Patent	7CYN
COCc1cc(cn2ncnc12)-c1[nH]c2ccc(cc2c1C(C)C)C1CCN(C[N+]#[C-])CC1	Toll-like receptor 7	1.8	US Patent	7CYN
CC(C)c1c([nH]c2ccc(cc12)C1CCN(CCS(C)(=O)=O)CC1)-c1cn2ncnc2c(Cl)c1C	Toll-like receptor 7	1.8	US Patent	7CYN
CC(C)CN1CCC(CC1)c1ccc2[nH]c(c(C(C)C)c2c1)-c1cc(C)c2nc(C)nn2c1	Toll-like receptor 7	1.8	US Patent	7CYN
CC(C)c1c([nH]c2ccc(cc12)C1CCN(CC1)C1CCCOC1)-c1cc(c2ncnn2c1)C(F)(F)F	Toll-like receptor 7	1.8	US Patent	7CYN
CC(C)c1c([nH]c2ccc(cc12)C1CCN(CC1)C(=O)CCS(C)(=O)=O)-c1cc(C)c2ncnn2c1	Toll-like receptor 7	1.8	US Patent	7CYN
COc1cc(cn2ncnc12)-c1[nH]c2ccc(nc2c1C(C)C)C1CCC(C1)NC(=O)C1CCN(C)CC1	Toll-like receptor 7	1.8	US Patent	7CYN
CC(C)CN1CCC(CC1)c1ccc2[nH]c(c(C(C)C)c2c1)-c1cc(C)c2nc(C)nn2c1	Toll-like receptor 7	1.8	US Patent	7CYN
CC(C)c1c([nH]c2ccc(cc12)C1CCN(CC1)C1CCCOC1)-c1cc(c2ncnn2c1)C(F)(F)F	Toll-like receptor 7	1.8	US Patent	7CYN
CC(C)N1CC[C@@H]2C[C@H]1CN2c1ccc2[nH]c(c(C(C)C)c2n1)-c1cn2ncnc2c(C)c1C	Toll-like receptor 7	1.8	US Patent	7CYN
CC(C)c1c([nH]c2ccc(nc12)N1CCN(C[C@@H]1C)C1CCS(=O)(=O)CC1)-c1cn2ncnc2c(C)c1C	Toll-like receptor 7	1.8	US Patent	7CYN
CC(C)c1c([nH]c2ccc(cc12)C1CCN(CC1)C(=O)CCS(C)(=O)=O)-c1cc(C)c2ncnn2c1	Toll-like receptor 7	1.8	US Patent	7CYN
CC(C)c1c([nH]c2ccc(nc12)N1CCN(CC1)C(=O)CN(C)C)-c1cn2ncnc2c(C)c1C	Toll-like receptor 7	1.8	US Patent	7CYN
CNCC(=O)N1CCC(CC1)c1ccc2[nH]c(c(C(C)C)c2c1)-c1cn2ncnc2c(C2CC2)c1C	Toll-like receptor 7	1.8	US Patent	7CYN
CNCC(=O)N1CCN(CC1)c1ccc2[nH]c(c(C(C)C)c2n1)-c1cn2ncnc2c(C)c1C	Toll-like receptor 7	1.8	US Patent	7CYN
CC(C)c1c([nH]c2ccc(cc12)C1CCN(CC1)C(=O)CNCC(N)=O)-c1cn2ncnc2c(C)c1C	Toll-like receptor 7	1.8	US Patent	7CYN
CC(C)c1c([nH]c2ccc(cc12)C1CCN(CC1)C(=O)CNCCO)-c1cn2ncnc2c(C)c1C	Toll-like receptor 7	1.8	US Patent	7CYN
CC(C)c1c([nH]c2ccc(cc12)C1CCN(CC(=O)N2CCC[C@@H]2CO)CC1)-c1cc(C)c2ncnn2c1	Toll-like receptor 7	1.8	US Patent	7CYN
CC(C)N1CC2(C1)CN(C2)c1ccc2[nH]c(c(C(C)C)c2n1)-c1cn2ncnc2c(C)c1C	Toll-like receptor 7	1.8	US Patent	7CYN
COc1cc(cn2ncnc12)-c1[nH]c2ccc(nc2c1C(C)C)N1CC2(CN(C2)C(C)C)C1	Toll-like receptor 7	1.8	US Patent	7CYN
CC(C)c1c([nH]c2ccc(nc12)C1CC2(C1)CN(C2)C1CCOCC1)-c1cn2ncnc2c(C)c1C	Toll-like receptor 7	1.8	US Patent	7CYN
CC(C)c1c([nH]c2ccc(cc12)C1CCN(CC(=O)N(CCO)C2CC2)CC1)-c1cc(C)c2ncnn2c1	Toll-like receptor 7	1.8	US Patent	7CYN
COc1cc(cn2ncnc12)-c1[nH]c2ccc(nc2c1C(C)C)C1CCC(CC1)N1CC2(CCO2)C1	Toll-like receptor 7	1.8	US Patent	7CYN
COc1c(C)c(cn2ncnc12)-c1[nH]c2ccc(cc2c1C(C)C)C1CCN(CC(=O)N2CCC2)CC1	Toll-like receptor 7	1.8	US Patent	7CYN
CC(C)c1c([nH]c2ccc(nc12)N1CCC(CC1)NCC(=O)N(C)C)-c1cc(CO)c2ncnn2c1	Toll-like receptor 7	1.8	US Patent	7CYN
COCCN1CC(C1)OC(=O)N1CCC(CC1)c1ccc2[nH]c(c(C(C)C)c2c1)-c1cn2ncnc2c(C)c1C	Toll-like receptor 7	1.8	US Patent	7CYN
COc1cc(cn2ncnc12)-c1[nH]c2ccc(nc2c1C(C)C)N1CCN(CC1)C(C)CCO	Toll-like receptor 7	1.8	US Patent	7CYN
CCN1CCN(CC1)c1ccc2[nH]c(c(C(C)C)c2n1)-c1cc(OC)c2ncnn2c1	Toll-like receptor 7	1.8	US Patent	7CYN
CC(C)c1c([nH]c2ccc(nc12)N1CCN(CC1)C(=O)CN1CCC(O)CC1)-c1cn2ncnc2c(C)c1C	Toll-like receptor 7	1.8	US Patent	7CYN
CC(C)c1c([nH]c2ccc(nc12)C1CCC(CC1)N(C)CC(=O)N(C)C)-c1cn(C)c2ncccc12	Toll-like receptor 7	1.8	US Patent	7CYN
CC(C)c1c([nH]c2ccc(cc12)C1CCN(CC1)C1COC1)-c1cn2ncnc2c(C)c1C	Toll-like receptor 7	1.8	US Patent	7CYN
COCC(=O)N1CCC(CC1)c1ccc2[nH]c(c(C(C)C)c2c1)-c1cc(C)c2ncnn2c1	Toll-like receptor 7	1.8	US Patent	7CYN
COCC(=O)N1CCC(CC1)c1ccc2[nH]c(c(C(C)C)c2c1)-c1cc(OC)c2ncnn2c1	Toll-like receptor 7	1.8	US Patent	7CYN
COc1cc(cn2ncnc12)-c1[nH]c2cc(C)c(nc2c1C(C)C)C1CCC(CC1)NCC1(C)COC1	Toll-like receptor 7	1.8	US Patent	7CYN
Cc1cc(cn2ncnc12)-c1[nH]c2ccc(cc2c1CC(F)F)C1CCNCC1	Toll-like receptor 7	1.8	US Patent	7CYN
COCc1cc(cn2ncnc12)-c1[nH]c2ccc(cc2c1C(C)C)C1CCN(CC(N)=O)CC1	Toll-like receptor 7	1.8	US Patent	7CYN
COCc1cc(cn2ncnc12)-c1[nH]c2ccc(cc2c1C(C)C)C1CCN(CC#N)CC1	Toll-like receptor 7	1.8	US Patent	7CYN
CC(C)c1c([nH]c2ccc(cc12)C1CCN(CCS(C)(=O)=O)CC1)-c1cn2ncnc2c(Cl)c1C	Toll-like receptor 7	1.8	US Patent	7CYN
COc1cc(cn2ncnc12)-c1[nH]c2ccc(nc2c1C(C)C)C1CCN(CC1)C(=O)CN(C)C	Toll-like receptor 7	1.8	US Patent	7CYN
CC(C)c1c([nH]c2ccc(nc12)C1CNCCO1)-c1cn2ncnc2c(C)c1C	Toll-like receptor 7	1.8	US Patent	7CYN
CC(C)c1c([nH]c2ccc(cc12)C1CCNCC1)-c1cc(C)nc(F)c1	Toll-like receptor 7	1.8	US Patent	7CYN
CC(C)c1c([nH]c2ccc(cc12)C1CCN(CCCO)CC1)-c1cc(C)nc(C)c1	Toll-like receptor 7	1.8	US Patent	7CYN
CC(C)c1c([nH]c2ccc(nc12)N1CCN(CC1)C(=O)CN1CCC(O)CC1)-c1cn2ncnc2c(C)c1C	Toll-like receptor 7	1.8	US Patent	7CYN
CC(C)c1c([nH]c2ccc(nc12)C1CCC(CC1)N(C)CC(=O)N(C)C)-c1cn(C)c2ncccc12	Toll-like receptor 7	1.8	US Patent	7CYN
CC(C)N1C[C@@H]2C[C@H]1CN2c1ccc2[nH]c(c(C(C)C)c2n1)-c1cn2ncnc2c(C)c1C	Toll-like receptor 7	1.8	US Patent	7CYN
COc1cc(cn2ncnc12)-c1[nH]c2cc(C)c(nc2c1C(C)C)C1CCC(CC1)NCC1(C)COC1	Toll-like receptor 7	1.8	US Patent	7CYN
CC(C)c1c([nH]c2ccc(nc12)N1CCN(C[C@@H]1C)C1CCS(=O)(=O)CC1)-c1cn2ncnc2c(C)c1C	Toll-like receptor 7	1.8	US Patent	7CYN
CC(C)c1c([nH]c2ccc(nc12)N1CCN(CC1)C(=O)CN(C)C)-c1cn2ncnc2c(C)c1C	Toll-like receptor 7	1.8	US Patent	7CYN
COc1cc(cn2ncnc12)-c1[nH]c2ccc(nc2c1C(C)C)C1CCN(CC1)C(=O)CN(C)C	Toll-like receptor 7	1.8	US Patent	7CYN
CNCC(=O)N1CCN(CC1)c1ccc2[nH]c(c(C(C)C)c2n1)-c1cn2ncnc2c(C)c1C	Toll-like receptor 7	1.8	US Patent	7CYN
CC(C)c1c([nH]c2ccc(nc12)C1CNCCO1)-c1cn2ncnc2c(C)c1C	Toll-like receptor 7	1.8	US Patent	7CYN
CC(C)N1CC2(C1)CN(C2)c1ccc2[nH]c(c(C(C)C)c2n1)-c1cn2ncnc2c(C)c1C	Toll-like receptor 7	1.8	US Patent	7CYN
COc1cc(cn2ncnc12)-c1[nH]c2ccc(nc2c1C(C)C)N1CC2(CN(C2)C(C)C)C1	Toll-like receptor 7	1.8	US Patent	7CYN
CC(C)c1c([nH]c2ccc(nc12)C1CC2(C1)CN(C2)C1CCOCC1)-c1cn2ncnc2c(C)c1C	Toll-like receptor 7	1.8	US Patent	7CYN
COc1cc(cn2ncnc12)-c1[nH]c2ccc(nc2c1C(C)C)C1CCC(C1)NC(=O)C1CCN(C)CC1	Toll-like receptor 7	1.8	US Patent	7CYN
COc1cc(cn2ncnc12)-c1[nH]c2ccc(nc2c1C(C)C)C1CCC(CC1)N1CC2(CCO2)C1	Toll-like receptor 7	1.8	US Patent	7CYN
CC(C)c1c([nH]c2ccc(nc12)N1CCC(CC1)NCC(=O)N(C)C)-c1cc(CO)c2ncnn2c1	Toll-like receptor 7	1.8	US Patent	7CYN
COc1cc(cn2ncnc12)-c1[nH]c2ccc(nc2c1C(C)C)N1CCN(CC1)C(C)CCO	Toll-like receptor 7	1.8	US Patent	7CYN
CCN1CCN(CC1)c1ccc2[nH]c(c(C(C)C)c2n1)-c1cc(OC)c2ncnn2c1	Toll-like receptor 7	1.8	US Patent	7CYN
CC(C)c1c([nH]c2ccc(nc12)C1CC2(C1)CN(C2)C1CCOCC1)-c1cn2ncnc2c(C)c1C	Toll-like receptor 7	1.8	US Patent	7CYN
CC(C)N1CC2(C1)CN(C2)c1ccc2[nH]c(c(C(C)C)c2n1)-c1cn2ncnc2c(C)c1C	Toll-like receptor 7	1.8	US Patent	7CYN
CC(C)c1c([nH]c2ccc(nc12)N1CCN(C[C@@H]1C)C1CCS(=O)(=O)CC1)-c1cn2ncnc2c(C)c1C	Toll-like receptor 7	1.8	US Patent	7CYN
COc1cc(cn2ncnc12)-c1[nH]c2ccc(nc2c1C(C)C)C1CCN(CC1)C(=O)CN(C)C	Toll-like receptor 7	1.8	US Patent	7CYN
CNCC(=O)N1CCN(CC1)c1ccc2[nH]c(c(C(C)C)c2n1)-c1cn2ncnc2c(C)c1C	Toll-like receptor 7	1.8	US Patent	7CYN
CC(C)c1c([nH]c2ccc(nc12)C1CNCCO1)-c1cn2ncnc2c(C)c1C	Toll-like receptor 7	1.8	US Patent	7CYN
COc1cc(cn2ncnc12)-c1[nH]c2ccc(nc2c1C(C)C)N1CCN(CC1)C(C)CCO	Toll-like receptor 7	1.8	US Patent	7CYN
COc1cc(cn2ncnc12)-c1[nH]c2ccc(nc2c1C(C)C)C1CCC(CC1)N1CC2(CCO2)C1	Toll-like receptor 7	1.8	US Patent	7CYN
CCN1CCN(CC1)c1ccc2[nH]c(c(C(C)C)c2n1)-c1cc(OC)c2ncnn2c1	Toll-like receptor 7	1.8	US Patent	7CYN
COc1cc(cn2ncnc12)-c1[nH]c2cnc(N3CCC(CC3)NC34CC(C3)C4)c(C)c2c1C(C)C	Toll-like receptor 7	1.8	US Patent	7CYN
COc1cc(cn2ncnc12)-c1[nH]c2ccc(nc2c1C(C)C)N1CC2(CN(C2)C(C)C)C1	Toll-like receptor 7	1.8	US Patent	7CYN
CC(C)c1c([nH]c2ccc(cc12)C1CCNCC1)-c1cc(C)nc(F)c1	Toll-like receptor 7	1.8	ChEMBL	7CYN
CC(C)c1c([nH]c2ccc(nc12)N1CCN(CC1)C(=O)CN1CCC(O)CC1)-c1cn2ncnc2c(C)c1C	Toll-like receptor 7	1.8	US Patent	7CYN
COc1cc(cn2ncnc12)-c1[nH]c2ccc(cc2c1C(C)C)C(=O)N(C)CCN(C)C	Toll-like receptor 7	1.8	US Patent	7CYN
COCCN1CCC(CC1)c1ncc2[nH]c(c(C(C)C)c2c1F)-c1cc(C)c2ncnn2c1	Toll-like receptor 7	1.8	US Patent	7CYN
CC(C)c1c([nH]c2ccc(nc12)C1CCC(CC1)N(C)CC(=O)N(C)C)-c1cn(C)c2ncccc12	Toll-like receptor 7	1.8	US Patent	7CYN
COc1cc(cn2ncnc12)-c1[nH]c2ccc(nc2c1C(C)C)C1CCC(C1)NC(=O)C1CCN(C)CC1	Toll-like receptor 7	1.8	US Patent	7CYN
CC(C)N1C[C@@H]2C[C@H]1CN2c1ccc2[nH]c(c(C(C)C)c2n1)-c1cn2ncnc2c(C)c1C	Toll-like receptor 7	1.8	US Patent	7CYN
CC(C)c1c([nH]c2ccc(nc12)N1CCN(CC1)C(=O)CN(C)C)-c1cn2ncnc2c(C)c1C	Toll-like receptor 7	1.8	US Patent	7CYN
COc1cc(cn2ncnc12)-c1[nH]c2cc(C)c(nc2c1C(C)C)C1CCC(CC1)NCC1(C)COC1	Toll-like receptor 7	1.8	US Patent	7CYN
COc1cc(cn2ncnc12)-c1[nH]c2cnc(N3CCN(C)C[C@H]3C)c(F)c2c1C(C)C	Toll-like receptor 7	1.8	US Patent	7CYN
CC(C)c1c([nH]c2ccc(nc12)N1CCC(CC1)NCC(=O)N(C)C)-c1cc(CO)c2ncnn2c1	Toll-like receptor 7	1.8	US Patent	7CYN
COc1cc(cn2ncnc12)-c1[nH]c2ccc(cc2c1C(C)C)C1CCN(CC1)C(=O)CN1CCOCC1	Toll-like receptor 7	1.9	US Patent	7CYN
COc1cc(cn2ncnc12)-c1[nH]c2ccc(cc2c1C(C)C)C1CCN(CC1)C(=O)C1CN(C)C(=O)C1	Toll-like receptor 7	1.9	US Patent	7CYN
CC(C)c1c([nH]c2ccc(cc12)C1CCN(CC(C)(C)O)CC1)-c1cn2ncnc2c(C)c1C	Toll-like receptor 7	1.9	US Patent	7CYN
CC(C)c1c([nH]c2ccc(cc12)C1CCN(CC1)C(=O)CCNC1CCC1)-c1cn2ncnc2c(C)c1C	Toll-like receptor 7	1.9	US Patent	7CYN
CC(C)c1c([nH]c2ccc(cc12)C1CCN(CC1)C(=O)NCCN1CCCCC1)-c1cn2ncnc2c(C)c1C	Toll-like receptor 7	1.9	US Patent	7CYN
CC(C)c1c([nH]c2ccc(cc12)C1CCN(CC(=O)N(C)C)CC1)-c1cc(N)c2ncnn2c1	Toll-like receptor 7	1.9	US Patent	7CYN
CC(C)c1c([nH]c2ccc(cc12)C1CCN(C[N+]#[C-])CC1)-c1cn2ncnc2cc1C	Toll-like receptor 7	1.9	US Patent	7CYN
CC(C)c1c([nH]c2ccc(cc12)C1CCN(CC(=O)N(C)C)CC1)-c1cc(C(C)C)c2ncnn2c1	Toll-like receptor 7	1.9	US Patent	7CYN
CCc1c([nH]c2ccc(cc12)C1CCN(CCOC)CC1)-c1cc(C)c2ncnn2c1	Toll-like receptor 7	1.9	US Patent	7CYN
CC(C)c1c([nH]c2ccc(cc12)C1CCN(Cc2csnn2)CC1)-c1cc(CO)c2ncnn2c1	Toll-like receptor 7	1.9	US Patent	7CYN
COc1cc(cn2ncnc12)-c1[nH]c2ccc(nc2c1C(C)C)C1CCC(C1)NC(=O)CN(C)C	Toll-like receptor 7	1.9	US Patent	7CYN
CC(C)c1c([nH]c2ccc(nc12)N1CC2(CN(C)C2)C1)-c1cn2ncnc2c(C)c1C	Toll-like receptor 7	1.9	US Patent	7CYN
CC(C)c1c([nH]c2ccc(nc12)N1C[C@H]2C[C@@H]1CCN2CCS(C)(=O)=O)-c1cn2ncnc2c(C)c1C	Toll-like receptor 7	1.9	US Patent	7CYN
CC(C)c1c([nH]c2ccc(nc12)N1C[C@@H]2C[C@H]1CCN2C1CCOCC1)-c1cn2ncnc2c(C)c1C	Toll-like receptor 7	1.9	US Patent	7CYN
CC(C)c1c([nH]c2ccc(nc12)N1CCN(C[C@@H]1C)C1CCOC1)-c1cn2ncnc2c(C)c1C	Toll-like receptor 7	1.9	US Patent	7CYN
CC(C)N1CCN([C@H](C)C1)c1ccc2[nH]c(c(C(C)C)c2n1)-c1cn2ncnc2c(C)c1C	Toll-like receptor 7	1.9	US Patent	7CYN
CC(C)c1c([nH]c2ccc(nc12)N1[C@H](C)CN(CCCS(C)(=O)=O)C[C@H]1C)-c1cn2ncnc2c(C)c1C	Toll-like receptor 7	1.9	US Patent	7CYN
COc1cc(cn2ncnc12)-c1[nH]c2ccc(cc2c1C(C)C)C1CCN(CC1)C(=O)CN1CCOCC1	Toll-like receptor 7	1.9	US Patent	7CYN
COc1cc(cn2ncnc12)-c1[nH]c2ccc(cc2c1C(C)C)C1CCN(CC1)C(=O)C1CN(C)C(=O)C1	Toll-like receptor 7	1.9	US Patent	7CYN
CC(C)c1c([nH]c2ccc(nc12)N1CCN(CC1)C(=O)CN1CCC2(CCOC2)C1)-c1cn2ncnc2c(C)c1C	Toll-like receptor 7	1.9	US Patent	7CYN
CC(C)c1c([nH]c2ccc(nc12)N1C[C@H](C)N(C[C@H]1C)C(=O)CN(CCO)C(C)(C)C)-c1cn2ncnc2c(C)c1C	Toll-like receptor 7	1.9	US Patent	7CYN
CC(C)c1c([nH]c2ccc(nc12)N1CCN(CC1)C(=O)CNC1CC1)-c1cn2ncnc2c(C)c1C	Toll-like receptor 7	1.9	US Patent	7CYN
CC(C)c1c([nH]c2ccc(nc12)N1CCC(CC1)N(C)CCS(C)(=O)=O)-c1cn2ncnc2c(C)c1C	Toll-like receptor 7	1.9	US Patent	7CYN
CC(C)c1c([nH]c2ccc(nc12)C1CCC(CC1)N1CCC(F)C1)-c1cn2ncnc2c(C)c1C	Toll-like receptor 7	1.9	US Patent	7CYN
CC(C)c1c([nH]c2ccc(cc12)C1CCN(CC1)C(=O)CCNC1CCC1)-c1cn2ncnc2c(C)c1C	Toll-like receptor 7	1.9	US Patent	7CYN
CC(C)c1c([nH]c2ccc(nc12)N1CCC(CC1)N(C)C1COC1)-c1cn2ncnc2c(C)c1C	Toll-like receptor 7	1.9	US Patent	7CYN
CC(C)c1c([nH]c2ccc(cc12)C1CCN(CC1)C(=O)NCCN1CCCCC1)-c1cn2ncnc2c(C)c1C	Toll-like receptor 7	1.9	US Patent	7CYN
CC(C)c1c([nH]c2ccc(cc12)C1CCN(CC(=O)N(C)C)CC1)-c1cc(N)c2ncnn2c1	Toll-like receptor 7	1.9	US Patent	7CYN
COc1cc(cn2ncnc12)-c1[nH]c2ccc(nc2c1C(C)C)N1CCN(CCC(C)C)CC1	Toll-like receptor 7	1.9	US Patent	7CYN
CC(C)c1c([nH]c2ccc(nc12)N1CCN(CC1)C(=O)CN(C)C)-c1cn(C)c2ncncc12	Toll-like receptor 7	1.9	US Patent	7CYN
COc1cc(cn2ncnc12)-c1[nH]c2ccc(nc2c1C(C)C)C1CCC(CC1)N(C)C1CC1	Toll-like receptor 7	1.9	US Patent	7CYN
CC(C)c1c([nH]c2ccc(nc12)C1CCC(CC1)NCc1cnc(C)cn1)-c1cn(C)c2ncccc12	Toll-like receptor 7	1.9	US Patent	7CYN
CC(C)c1c([nH]c2ccc(cc12)C1CCN(CC(C)(C)O)CC1)-c1cn2ncnc2c(C)c1C	Toll-like receptor 7	1.9	US Patent	7CYN
CC(C)c1c([nH]c2ccc(nc12)C1CCC(CC1)N(C)C1COC1)-c1cc(CO)c2ncnn2c1	Toll-like receptor 7	1.9	US Patent	7CYN
CC(C)c1c([nH]c2ccc(nc12)C1CCC(CC1)NC1CCOCC1)-c1cn(C)c2ncccc12	Toll-like receptor 7	1.9	US Patent	7CYN
CC(C)c1c([nH]c2ccc(cc12)C1CCN(CC#N)CC1)-c1cn2ncnc2cc1C	Toll-like receptor 7	1.9	US Patent	7CYN
CC(C)c1c([nH]c2ccc(cc12)C1CCN(CC(=O)N(C)C)CC1)-c1cc(C(C)C)c2ncnn2c1	Toll-like receptor 7	1.9	US Patent	7CYN
COc1cc(cn2ncnc12)-c1[nH]c2ccc(nc2c1C(C)C)C1CCN(CC1)C1CCN(C)C1=O	Toll-like receptor 7	1.9	US Patent	7CYN
CCc1c([nH]c2ccc(cc12)C1CCN(CCOC)CC1)-c1cc(C)c2ncnn2c1	Toll-like receptor 7	1.9	US Patent	7CYN
COc1cc(cn2ncnc12)-c1[nH]c2ccc(OC3CCC(CC3)N(C)C)nc2c1C(C)C	Toll-like receptor 7	1.9	US Patent	7CYN
COc1cc(cn2ncnc12)-c1[nH]c2ccc(nc2c1C(C)C)C1CC(C1)N(C)C(=O)CN(C)C	Toll-like receptor 7	1.9	US Patent	7CYN
CC(C)c1c([nH]c2ccc(cc12)C1CCN(Cc2csnn2)CC1)-c1cc(CO)c2ncnn2c1	Toll-like receptor 7	1.9	US Patent	7CYN
CC(C)c1c([nH]c2cc(F)c(cc12)C1CCN(CC(=O)N(C)C)CC1)-c1cc(C)nc(C)c1	Toll-like receptor 7	1.9	US Patent	7CYN
CC(C)c1c([nH]c2ccc(cc12)C1CCN(CC1)C(=O)C(=O)N(C)CCN(C)C)-c1cc(C)nc(C)c1	Toll-like receptor 7	1.9	US Patent	7CYN
CC(C)c1c([nH]c2ccc(cc12)C1CCN(CC1)C(=O)CCn1ccnc1C)-c1cc(C)nc(C)c1	Toll-like receptor 7	1.9	US Patent	7CYN
CC(C)c1c([nH]c2ccc(cc12)C1CCN(CC1)C(=O)[C@@H]1CCN1)-c1cc(C)nc(C)c1	Toll-like receptor 7	1.9	US Patent	7CYN
CC(C)c1c([nH]c2ccc(cc12)C1CCN(CC(=O)N2CCC[C@H]2CO)CC1)-c1cc(C)nc(C)c1	Toll-like receptor 7	1.9	US Patent	7CYN
COCCN1CCN(CC(=O)N2CCC(CC2)c2ccc3[nH]c(c(C(C)C)c3c2)-c2ccnc(C)c2)CC1	Toll-like receptor 7	1.9	US Patent	7CYN
CNCCN1CCC(CC1)c1ccc2[nH]c(c(C(C)C)c2c1)-c1ccnc(C)c1	Toll-like receptor 7	1.9	US Patent	7CYN
COc1cc(cn2ncnc12)-c1[nH]c2ccc(nc2c1C(C)C)C1CCC(CC1)N(C)C1CC1	Toll-like receptor 7	1.9	US Patent	7CYN
CC(C)c1c([nH]c2ccc(nc12)N1CC2(CN(C)C2)C1)-c1cn2ncnc2c(C)c1C	Toll-like receptor 7	1.9	US Patent	7CYN
CC(C)c1c([nH]c2ccc(nc12)N1C[C@H]2C[C@@H]1CN2CCS(C)(=O)=O)-c1cn2ncnc2c(C)c1C	Toll-like receptor 7	1.9	US Patent	7CYN
CC(C)c1c([nH]c2ccc(nc12)N1C[C@@H]2C[C@H]1CN2C1CCOCC1)-c1cn2ncnc2c(C)c1C	Toll-like receptor 7	1.9	US Patent	7CYN
CC(C)c1c([nH]c2ccc(nc12)C1CCC(CC1)NCc1cnc(C)cn1)-c1cn(C)c2ncccc12	Toll-like receptor 7	1.9	US Patent	7CYN
CC(C)c1c([nH]c2ccc(nc12)C1CCC(CC1)N(C)C1COC1)-c1cc(CO)c2ncnn2c1	Toll-like receptor 7	1.9	US Patent	7CYN
CC(C)c1c([nH]c2ccc(nc12)C1CCC(CC1)NC1CCOCC1)-c1cn(C)c2ncccc12	Toll-like receptor 7	1.9	US Patent	7CYN
CC(C)c1c([nH]c2ccc(nc12)N1CCN(C[C@@H]1C)C1CCOC1)-c1cn2ncnc2c(C)c1C	Toll-like receptor 7	1.9	US Patent	7CYN
CC(C)N1CCN([C@H](C)C1)c1ccc2[nH]c(c(C(C)C)c2n1)-c1cn2ncnc2c(C)c1C	Toll-like receptor 7	1.9	US Patent	7CYN
CC(C)c1c([nH]c2ccc(nc12)N1[C@H](C)CN(CCCS(C)(=O)=O)C[C@H]1C)-c1cn2ncnc2c(C)c1C	Toll-like receptor 7	1.9	US Patent	7CYN
COc1cc(cn2ncnc12)-c1[nH]c2ccc(nc2c1C(C)C)C1CCN(CC1)C1CCN(C)C1=O	Toll-like receptor 7	1.9	US Patent	7CYN
CC(C)c1c([nH]c2ccc(nc12)N1CCN(CC1)C(=O)CN1CCC2(CCOC2)C1)-c1cn2ncnc2c(C)c1C	Toll-like receptor 7	1.9	US Patent	7CYN
CC(C)c1c([nH]c2ccc(nc12)N1C[C@H](C)N(C[C@H]1C)C(=O)CN(CCO)C(C)(C)C)-c1cn2ncnc2c(C)c1C	Toll-like receptor 7	1.9	US Patent	7CYN
CC(C)c1c([nH]c2ccc(nc12)N1CCN(CC1)C(=O)CNC1CC1)-c1cn2ncnc2c(C)c1C	Toll-like receptor 7	1.9	US Patent	7CYN
COc1cc(cn2ncnc12)-c1[nH]c2ccc(OC3CCC(CC3)N(C)C)nc2c1C(C)C	Toll-like receptor 7	1.9	US Patent	7CYN
COc1cc(cn2ncnc12)-c1[nH]c2ccc(nc2c1C(C)C)C1CC(C1)N(C)C(=O)CN(C)C	Toll-like receptor 7	1.9	US Patent	7CYN
CC(C)c1c([nH]c2ccc(nc12)N1CCC(CC1)N(C)CCS(C)(=O)=O)-c1cn2ncnc2c(C)c1C	Toll-like receptor 7	1.9	US Patent	7CYN
CC(C)c1c([nH]c2ccc(nc12)N1CCC(CC1)N(C)C1COC1)-c1cn2ncnc2c(C)c1C	Toll-like receptor 7	1.9	US Patent	7CYN
COc1cc(cn2ncnc12)-c1[nH]c2ccc(nc2c1C(C)C)C1CCC(C1)NC(=O)CN(C)C	Toll-like receptor 7	1.9	US Patent	7CYN
CC(C)c1c([nH]c2ccc(nc12)C1CCC(CC1)N1CCC(F)C1)-c1cn2ncnc2c(C)c1C	Toll-like receptor 7	1.9	US Patent	7CYN
COc1cc(cn2ncnc12)-c1[nH]c2ccc(nc2c1C(C)C)N1CCN(CCC(C)C)CC1	Toll-like receptor 7	1.9	US Patent	7CYN
CC(C)c1c([nH]c2ccc(nc12)N1CCN(CC1)C(=O)CN(C)C)-c1cn(C)c2ncncc12	Toll-like receptor 7	1.9	US Patent	7CYN
CC(C)c1c([nH]c2ccc(nc12)C1CCC(CC1)N1CCC(F)C1)-c1cn2ncnc2c(C)c1C	Toll-like receptor 7	1.9	US Patent	7CYN
CC(C)c1c([nH]c2ccc(nc12)N1CCN(C[C@H]1C)C(=O)CN(CCO)C(C)(C)C)-c1cn2ncnc2c(C)c1C	Toll-like receptor 7	1.9	US Patent	7CYN
COc1cc(cn2ncnc12)-c1cc2[nH]c3ccc(cc3c2cc1C)C1CCNCC1	Toll-like receptor 7	1.9	ChEMBL	7CYN
CC(C)c1c([nH]c2cnc(C3CCNCC3)c(F)c12)-c1cc(C)c2ncnn2c1	Toll-like receptor 7	1.9	US Patent	7CYN
CC(C)N1CCN([C@H](C)C1)c1ccc2[nH]c(c(C(C)C)c2n1)-c1cn2ncnc2c(C)c1C	Toll-like receptor 7	1.9	US Patent	7CYN
CC(C)c1c([nH]c2ccc(nc12)N1CCC(CC1)N(C)CCS(C)(=O)=O)-c1cn2ncnc2c(C)c1C	Toll-like receptor 7	1.9	US Patent	7CYN
CC(C)c1c([nH]c2ccc(nc12)N1CC2(CN(C)C2)C1)-c1cn2ncnc2c(C)c1C	Toll-like receptor 7	1.9	US Patent	7CYN
COc1cc(cn2ncnc12)-c1[nH]c2ccc(nc2c1C(C)C)N1CCN(CCC(C)C)CC1	Toll-like receptor 7	1.9	US Patent	7CYN
CC(C)c1c([nH]c2cnc(C3CCN(CC(C)(C)O)CC3)c(F)c12)-c1cc(C)c2ncnn2c1	Toll-like receptor 7	1.9	US Patent	7CYN
COc1cc(cn2ncnc12)-c1[nH]c2ccc(nc2c1C(C)C)C1CCN(CC1)C1CCN(C)C1=O	Toll-like receptor 7	1.9	US Patent	7CYN
CC(C)c1c([nH]c2ccc(nc12)N1CCN(C[C@@H]1C)C1CCOC1)-c1cn2ncnc2c(C)c1C	Toll-like receptor 7	1.9	US Patent	7CYN
COc1cc(cn2ncnc12)-c1[nH]c2ccc(OC3CCC(CC3)N(C)C)nc2c1C(C)C	Toll-like receptor 7	1.9	US Patent	7CYN
CC(C)c1c([nH]c2ccc(nc12)C1CCC(CC1)NCc1cnc(C)cn1)-c1cn(C)c2ncccc12	Toll-like receptor 7	1.9	US Patent	7CYN
CCN(C)C1CCC(CC1)c1ncc2[nH]c(c(C(C)C)c2c1F)-c1cn2ncnc2c(C)c1C	Toll-like receptor 7	1.9	US Patent	7CYN
CC(C)c1c([nH]c2ccc(N[C@@H]3C[C@H](C)N(CCS(C)(=O)=O)C3)nc12)-c1cn2ncnc2c(C)c1C	Toll-like receptor 7	1.9	US Patent	7CYN
CC(C)c1c([nH]c2ccc(nc12)N1CCN(CC1)C(=O)CN(C)C)-c1cn(C)c2ncncc12	Toll-like receptor 7	1.9	US Patent	7CYN
CC(C)c1c([nH]c2ccc(nc12)N1[C@H](C)CN(CCCS(C)(=O)=O)C[C@H]1C)-c1cn2ncnc2c(C)c1C	Toll-like receptor 7	1.9	US Patent	7CYN
CC(C)c1c([nH]c2ccc(nc12)N1CCN(CC1)C(=O)CNC1CC1)-c1cn2ncnc2c(C)c1C	Toll-like receptor 7	1.9	US Patent	7CYN
COc1cc(cn2ncnc12)-c1[nH]c2ccc(nc2c1C(C)C)C1CCC(C1)NC(=O)CN(C)C	Toll-like receptor 7	1.9	US Patent	7CYN
CC(C)c1c([nH]c2ccc(nc12)N1CCN(CC1)C(=O)CN1CCC2(CCOC2)C1)-c1cn2ncnc2c(C)c1C	Toll-like receptor 7	1.9	US Patent	7CYN
COc1cc(cn2ncnc12)-c1[nH]c2ccc(nc2c1C(C)C)C1CC(C1)N(C)C(=O)CN(C)C	Toll-like receptor 7	1.9	US Patent	7CYN
COc1cc(cc(C)n1)-c1[nH]c2ccc(cc2c1C(C)C)C1CCNCC1	Toll-like receptor 7	1.9	ChEMBL	7CYN
COc1cc(cn2ncnc12)-c1[nH]c2ccc(nc2c1C(C)C)C1CCC(CC1)N(C)C1CC1	Toll-like receptor 7	1.9	US Patent	7CYN
CC(C)c1c([nH]c2ccc(N[C@H]3C[C@@H](C)N(C3)C3CCOCC3)nc12)-c1cn2ncnc2c(C)c1C	Toll-like receptor 7	1.9	US Patent	7CYN
CC(C)c1c([nH]c2ccc(nc12)C1CCC(CC1)N(C)C1COC1)-c1cc(CO)c2ncnn2c1	Toll-like receptor 7	1.9	US Patent	7CYN
COc1cc(cn2ncnc12)-c1[nH]c2cnc(C3CCC(CC3)N(C)C(C)C)c(F)c2c1C(C)C	Toll-like receptor 7	1.9	US Patent	7CYN
CC(C)c1c([nH]c2ccc(nc12)C1CCC(CC1)NC1CCOCC1)-c1cn(C)c2ncccc12	Toll-like receptor 7	1.9	US Patent	7CYN
CC(C)c1c([nH]c2ccc(nc12)N1CCC(CC1)N(C)C1COC1)-c1cn2ncnc2c(C)c1C	Toll-like receptor 7	1.9	US Patent	7CYN
CC(C)c1c([nH]c2ccc(cc12)C(=O)N(C)C1CCN(C)CC1)-c1cc(C)nc(C)c1	Toll-like receptor 7	1.9	US Patent	7CYN
CC(C)c1c([nH]c2ccc(cc12)C1CCN(CC1)C(=O)CNCCF)-c1cn2ncnc2c(C)c1C	Toll-like receptor 7	2	US Patent	7CYN
CO[C@@H]1C[C@H](CO)N(C1)C(=O)CN1CCC(CC1)c1ccc2[nH]c(c(C(C)C)c2c1)-c1cc(C)c2ncnn2c1	Toll-like receptor 7	2	US Patent	7CYN
COc1cc(cn2ncnc12)-c1[nH]c2ccc(cc2c1C(C)C)C1CCN(CC(=O)NC2(C)CCOCC2)CC1	Toll-like receptor 7	2	US Patent	7CYN
COc1cc(cn2ncnc12)-c1[nH]c2ccc(cc2c1C(C)C)C1CCN(CC(=O)N2C[C@H](C)O[C@H](C)C2)CC1	Toll-like receptor 7	2	US Patent	7CYN
COc1c(C)c(cn2ncnc12)-c1[nH]c2ccc(cc2c1C(C)C)C1CCN(CC(=O)N2CCS(=O)(=O)CC2)CC1	Toll-like receptor 7	2	US Patent	7CYN
CC(C)c1c([nH]c2ccc(cc12)C1CCN(CC1)C(=O)CCNCCO)-c1cn2ncnc2c(C)c1C	Toll-like receptor 7	2	US Patent	7CYN
CC(C)c1c([nH]c2ccc(cc12)C1CCN(CC1)C(=O)OCCn1ccnc1)-c1cn2ncnc2c(C)c1C	Toll-like receptor 7	2	US Patent	7CYN
CCNc1cc(cn2ncnc12)-c1[nH]c2ccc(cc2c1C(C)C)C1CCNCC1	Toll-like receptor 7	2	US Patent	7CYN
CC(C)c1c([nH]c2ccc(cc12)C1CCN(CC1)C(=O)NCCN(C)C)-c1cn2ncnc2c(C)c1C	Toll-like receptor 7	2	US Patent	7CYN
COc1cc(cn2ncnc12)-c1[nH]c2ccc(C3CCN(CC3)C3COC(C)(C)OC3)c(F)c2c1C(C)C	Toll-like receptor 7	2	US Patent	7CYN
CC(C)c1c([nH]c2ccc(cc12)C1CCN(CC#N)CC1)-c1cc(C(C)O)c2ncnn2c1	Toll-like receptor 7	2	US Patent	7CYN
CC(C)c1c([nH]c2ccc(cc12)C1CCN(CC(C)(C)O)CC1)-c1cc(C2CC2)c2ncnn2c1	Toll-like receptor 7	2	US Patent	7CYN
CCc1c([nH]c2ccc(cc12)C1CCN(CC(=O)N(C)C)CC1)-c1cc(C)c2ncnn2c1	Toll-like receptor 7	2	US Patent	7CYN
CC(C)c1c([nH]c2ccc(cc12)C1CCN(Cc2nccs2)CC1)-c1cc(C)c2ncnn2c1	Toll-like receptor 7	2	US Patent	7CYN
CCc1cc(cn2nc(C)nc12)-c1[nH]c2ccc(cc2c1C(C)C)C1CCN(CC1)C1CCOCC1	Toll-like receptor 7	2	US Patent	7CYN
COc1cc(cn2ncnc12)-c1[nH]c2ccc(nc2c1C(C)C)C1CCC(C1)NC1CCOCC1	Toll-like receptor 7	2	US Patent	7CYN
COc1cc(cn2ncnc12)-c1[nH]c2ccc(nc2c1C(C)C)C1CCC(C1)NCC1(C)COC1	Toll-like receptor 7	2	US Patent	7CYN
CCN1CC2(C1)CN(C2)c1ccc2[nH]c(c(C(C)C)c2n1)-c1cn2ncnc2c(C)c1C	Toll-like receptor 7	2	US Patent	7CYN
CCc1cc(cn2nc(C)nc12)-c1[nH]c2ccc(cc2c1C(C)C)C1CCN(CC1)C1CCOCC1	Toll-like receptor 7	2	US Patent	7CYN
CC(C)N1C[C@H](C)N(C[C@H]1C)c1ccc2[nH]c(c(C(C)C)c2n1)-c1cn2ncnc2c(C)c1C	Toll-like receptor 7	2	US Patent	7CYN
CC(C)c1c([nH]c2ccc(cc12)C1CCN(CC1)C(=O)CNCCF)-c1cn2ncnc2c(C)c1C	Toll-like receptor 7	2	US Patent	7CYN
CO[C@@H]1C[C@H](CO)N(C1)C(=O)CN1CCC(CC1)c1ccc2[nH]c(c(C(C)C)c2c1)-c1cc(C)c2ncnn2c1	Toll-like receptor 7	2	US Patent	7CYN
COc1cc(cn2ncnc12)-c1[nH]c2ccc(cc2c1C(C)C)C1CCN(CC(=O)NC2(C)CCOCC2)CC1	Toll-like receptor 7	2	US Patent	7CYN
COc1cc(cn2ncnc12)-c1[nH]c2ccc(cc2c1C(C)C)C1CCN(CC(=O)N2C[C@H](C)O[C@H](C)C2)CC1	Toll-like receptor 7	2	US Patent	7CYN
COc1c(C)c(cn2ncnc12)-c1[nH]c2ccc(cc2c1C(C)C)C1CCN(CC(=O)N2CCS(=O)(=O)CC2)CC1	Toll-like receptor 7	2	US Patent	7CYN
CC(C)c1c([nH]c2ccc(cc12)C1CCN(CC1)C(=O)CCNCCO)-c1cn2ncnc2c(C)c1C	Toll-like receptor 7	2	US Patent	7CYN
CC(C)c1c([nH]c2ccc(nc12)N1CC2(C1)CCNCC2)-c1cn2ncnc2c(C)c1C	Toll-like receptor 7	2	US Patent	7CYN
CC(C)c1c([nH]c2ccc(nc12)N1CCC(CC1)NCc1csnn1)-c1cn2ncnc2c(C)c1C	Toll-like receptor 7	2	US Patent	7CYN
CC(C)c1c([nH]c2ccc(cc12)C1CCN(CC1)C(=O)OCCn1ccnc1)-c1cn2ncnc2c(C)c1C	Toll-like receptor 7	2	US Patent	7CYN
CC(C)c1c([nH]c2ccc(cc12)C1CCN(CC1)C(=O)NCCN(C)C)-c1cn2ncnc2c(C)c1C	Toll-like receptor 7	2	US Patent	7CYN
COc1cc(cn2ncnc12)-c1[nH]c2ccc(C3CCN(CC3)C3COC(C)(C)OC3)c(F)c2c1C(C)C	Toll-like receptor 7	2	US Patent	7CYN
COc1cc(cn2ncnc12)-c1[nH]c2ccc(nc2c1C(C)C)C1CCC(CC1)N(C)C(C)C	Toll-like receptor 7	2	US Patent	7CYN
COc1cc(cn2ncnc12)-c1[nH]c2ccc(nc2c1C(C)C)C1CCC(CC1)N1CCC[C@H]1CO	Toll-like receptor 7	2	US Patent	7CYN
COc1cc(cn2ncnc12)-c1[nH]c2ccc(nc2c1C(C)C)C1CCC(CC1)N(C)Cc1cnc(C)cn1	Toll-like receptor 7	2	US Patent	7CYN
CNC(=O)CN(C)C1CCC(CC1)c1ccc2[nH]c(c(C(C)C)c2n1)-c1cc(OC)c2ncnn2c1	Toll-like receptor 7	2	US Patent	7CYN
COc1cc(cn2ncnc12)-c1[nH]c2ccc(nc2c1C(C)C)C1CCC(CC1)N(C)CCS(C)(=O)=O	Toll-like receptor 7	2	US Patent	7CYN
CNC1CCC(CC1)c1ccc2[nH]c(-c3cn(C)c4ncncc34)c(C(C)C)c2n1	Toll-like receptor 7	2	US Patent	7CYN
CCNc1cc(cn2ncnc12)-c1[nH]c2ccc(cc2c1C(C)C)C1CCNCC1	Toll-like receptor 7	2	US Patent	7CYN
CC(C)c1c([nH]c2ccc(cc12)C1CCN(CC#N)CC1)-c1cc(C(C)O)c2ncnn2c1	Toll-like receptor 7	2	US Patent	7CYN
CCN(CC1(CC1)S(C)(=O)=O)C1CCC(CC1)c1ccc2[nH]c(c(C(C)C)c2n1)-c1cn2ncnc2c(C)c1C	Toll-like receptor 7	2	US Patent	7CYN
CC(C)c1c([nH]c2ccc(cc12)C1CCN(CC(C)(C)O)CC1)-c1cc(C2CC2)c2ncnn2c1	Toll-like receptor 7	2	US Patent	7CYN
COc1cc(cn2ncnc12)-c1[nH]c2ccc(nc2c1C(C)C)C1CCN(CC1)C1COC1	Toll-like receptor 7	2	US Patent	7CYN
CC(C)c1c([nH]c2ccc(nc12)C1CCN(CC1)C1COC1)-c1cn2ncnc2c(C)c1C	Toll-like receptor 7	2	US Patent	7CYN
CCc1c([nH]c2ccc(cc12)C1CCN(CC(=O)N(C)C)CC1)-c1cc(C)c2ncnn2c1	Toll-like receptor 7	2	US Patent	7CYN
COc1cc(cn2ncnc12)-c1[nH]c2ccc(OC3CCN(CC(C)(C)O)CC3)nc2c1C(C)C	Toll-like receptor 7	2	US Patent	7CYN
COc1cc(cn2ncnc12)-c1[nH]c2ccc(nc2c1C(C)C)C1CC(C1)NCCS(C)(=O)=O	Toll-like receptor 7	2	US Patent	7CYN
CC(C)c1c([nH]c2ccc(cc12)C1CCN(Cc2nccs2)CC1)-c1cc(C)c2ncnn2c1	Toll-like receptor 7	2	US Patent	7CYN
CC(C)c1c([nH]c2ccc(cc12)C1CCN(CC1)C(=O)CN(C)CCO)-c1cc(C)ncc1F	Toll-like receptor 7	2	US Patent	7CYN
CC(C)c1c([nH]c2ccc(cc12)C1CCN(CC1)C(=O)c1ccon1)-c1cc(C)nc(C)c1	Toll-like receptor 7	2	US Patent	7CYN
CC(C)c1c([nH]c2ccc(cc12)C1CCN(CC(=O)N2CCC[C@H](O)C2)CC1)-c1ccnc(C)c1	Toll-like receptor 7	2	US Patent	7CYN
CC(O)CCNC(=O)CN1CCC(CC1)c1ccc2[nH]c(c(C(C)C)c2c1)-c1cc(C)nc(C)c1	Toll-like receptor 7	2	US Patent	7CYN
CC(C)c1c([nH]c2ccc(cc12)C1CCN(CC(=O)N2CCCC(O)C2)CC1)-c1cc(C)nc(C)c1	Toll-like receptor 7	2	US Patent	7CYN
CNC(=O)CN1CCC(CC1)c1ccc2[nH]c(c(C(C)C)c2c1)-c1cc(C)nc(C)c1	Toll-like receptor 7	2	US Patent	7CYN
CC(C)c1c([nH]c2ccc(cc12)C1CCN(CC1)C(=O)CN1CC[C@H](O)C1)-c1cc(C)nc(C)c1	Toll-like receptor 7	2	US Patent	7CYN
COc1nc(C)c2nc(-c3cncc(F)c3)n(Cc3ccc(O[C@@H]4C[C@@H]5CC[C@H](C4)N5C)cc3F)c2n1	Toll-like receptor 7	2	US Patent	7CYN
COc1cc(cn2ncnc12)-c1[nH]c2ccc(nc2c1C(C)C)C1CCC(CC1)N(C)C(C)C	Toll-like receptor 7	2	US Patent	7CYN
COc1cc(cn2ncnc12)-c1[nH]c2ccc(nc2c1C(C)C)C1CCC(CC1)N1CCC[C@H]1CO	Toll-like receptor 7	2	US Patent	7CYN
COc1cc(cn2ncnc12)-c1[nH]c2ccc(nc2c1C(C)C)C1CCC(CC1)N(C)Cc1cnc(C)cn1	Toll-like receptor 7	2	US Patent	7CYN
CCN1CC2(C1)CN(C2)c1ccc2[nH]c(c(C(C)C)c2n1)-c1cn2ncnc2c(C)c1C	Toll-like receptor 7	2	US Patent	7CYN
CNC(=O)CN(C)C1CCC(CC1)c1ccc2[nH]c(c(C(C)C)c2n1)-c1cc(OC)c2ncnn2c1	Toll-like receptor 7	2	US Patent	7CYN
COc1cc(cn2ncnc12)-c1[nH]c2ccc(nc2c1C(C)C)C1CCC(CC1)N(C)CCS(C)(=O)=O	Toll-like receptor 7	2	US Patent	7CYN
CNC1CCC(CC1)c1ccc2[nH]c(-c3cn(C)c4ncncc34)c(C(C)C)c2n1	Toll-like receptor 7	2	US Patent	7CYN
CC(C)N1C[C@H](C)N(C[C@H]1C)c1ccc2[nH]c(c(C(C)C)c2n1)-c1cn2ncnc2c(C)c1C	Toll-like receptor 7	2	US Patent	7CYN
CCN(CC1(CC1)S(C)(=O)=O)C1CCC(CC1)c1ccc2[nH]c(c(C(C)C)c2n1)-c1cn2ncnc2c(C)c1C	Toll-like receptor 7	2	US Patent	7CYN
COc1cc(cn2ncnc12)-c1[nH]c2ccc(nc2c1C(C)C)C1CCN(CC1)C1COC1	Toll-like receptor 7	2	US Patent	7CYN
CC(C)c1c([nH]c2ccc(nc12)C1CCN(CC1)C1COC1)-c1cn2ncnc2c(C)c1C	Toll-like receptor 7	2	US Patent	7CYN
COc1cc(cn2ncnc12)-c1[nH]c2ccc(OC3CCN(CC(C)(C)O)CC3)nc2c1C(C)C	Toll-like receptor 7	2	US Patent	7CYN
COc1cc(cn2ncnc12)-c1[nH]c2ccc(nc2c1C(C)C)C1CC(C1)NCCS(C)(=O)=O	Toll-like receptor 7	2	US Patent	7CYN
CC(C)c1c([nH]c2ccc(nc12)N1CC2(C1)CCNCC2)-c1cn2ncnc2c(C)c1C	Toll-like receptor 7	2	US Patent	7CYN
CC(C)c1c([nH]c2ccc(nc12)N1CCC(CC1)NCc1csnn1)-c1cn2ncnc2c(C)c1C	Toll-like receptor 7	2	US Patent	7CYN
COc1cc(cn2ncnc12)-c1[nH]c2ccc(nc2c1C(C)C)C1CCC(C1)NC1CCOCC1	Toll-like receptor 7	2	US Patent	7CYN
COc1cc(cn2ncnc12)-c1[nH]c2ccc(nc2c1C(C)C)C1CCC(C1)NCC1(C)COC1	Toll-like receptor 7	2	US Patent	7CYN
CNC(=O)CN(C)C1CCC(CC1)c1ccc2[nH]c(c(C(C)C)c2n1)-c1cc(OC)c2ncnn2c1	Toll-like receptor 7	2	US Patent	7CYN
COCCN1CCC(CC1)c1ncc2[nH]c(c(C(C)C)c2c1F)-c1cc(OC)c2ncnn2c1	Toll-like receptor 7	2	US Patent	7CYN
CCN(CC1(CC1)S(C)(=O)=O)C1CCC(CC1)c1ccc2[nH]c(c(C(C)C)c2n1)-c1cn2ncnc2c(C)c1C	Toll-like receptor 7	2	US Patent	7CYN
Cc1cc(cc(C)n1)-c1cc2[nH]nc(N[C@@H]3CCNC[C@H]3F)c2cc1C1CC1	Toll-like receptor 7	2	ChEMBL	
CNC(=O)CN1CCC(CC1)c1cc2c(C(C)C)c([nH]c2cn1)-c1cc(C)c2ncnn2c1	Toll-like receptor 7	2	US Patent	7CYN
CNC1CCC(CC1)c1ccc2[nH]c(-c3cn(C)c4ncncc34)c(C(C)C)c2n1	Toll-like receptor 7	2	US Patent	7CYN
COc1cc(cn2ncnc12)-c1[nH]c2cnc(C3CCN(CC(N)=O)CC3)c(F)c2c1C(C)C	Toll-like receptor 7	2	US Patent	7CYN
COc1cc(cn2ncnc12)-c1[nH]c2ccc(nc2c1C(C)C)C1CCC(CC1)N1CCC[C@H]1CO	Toll-like receptor 7	2	US Patent	7CYN
CN[C@H](C)C(=O)NC12CCC(Cn3nc(C)c4CN(CCc34)c3cc(C)nc4n(C)ncc34)(CC1)CC2	Toll-like receptor 7	2	ChEMBL	7CYN
Cc1nn(CC23CCC(CC2)(CC3)NC(=O)[C@@H]2CNCCO2)c2CCN(Cc12)c1cc(C)nc2n(C)ncc12	Toll-like receptor 7	2	ChEMBL	7CYN
COc1cc(cn2ncnc12)-c1[nH]c2ccc(nc2c1C(C)C)C1CCC(C1)NCC1(C)COC1	Toll-like receptor 7	2	US Patent	7CYN
CC(C)N1C[C@H](C)N(C[C@H]1C)c1ccc2[nH]c(c(C(C)C)c2n1)-c1cn2ncnc2c(C)c1C	Toll-like receptor 7	2	US Patent	7CYN
COc1cc(cn2ncnc12)-c1[nH]c2ccc(nc2c1C(C)C)C1CCN(CC1)C1COC1	Toll-like receptor 7	2	US Patent	7CYN
CC(C)c1c([nH]c2ccc(nc12)C1CCN(CC1)C1COC1)-c1cn2ncnc2c(C)c1C	Toll-like receptor 7	2	US Patent	7CYN
COc1cc(cn2ncnc12)-c1[nH]c2cnc(C3CCC(CC3)N3CC4(COC4)C3)c(C)c2c1C(C)C	Toll-like receptor 7	2	US Patent	7CYN
CC(C)c1c([nH]c2ccc(nc12)N1CC2(C1)CCNCC2)-c1cn2ncnc2c(C)c1C	Toll-like receptor 7	2	US Patent	7CYN
COc1cc(cn2ncnc12)-c1[nH]c2ccc(nc2c1C(C)C)C1CCC(CC1)N(C)C(C)C	Toll-like receptor 7	2	US Patent	7CYN
COc1cc(cn2ncnc12)-c1[nH]c2ccc(nc2c1C(C)C)C1CCC(CC1)N(C)Cc1cnc(C)cn1	Toll-like receptor 7	2	US Patent	7CYN
COc1cc(cn2ncnc12)-c1[nH]c2ccc(nc2c1C(C)C)C1CC(C1)NCCS(C)(=O)=O	Toll-like receptor 7	2	US Patent	7CYN
CN[C@@H](C)C(=O)NC12CCC(Cn3nc(C)c4CN(CCc34)c3cc(C)nc4n(C)ncc34)(CC1)CC2	Toll-like receptor 7	2	ChEMBL	7CYN
COc1cc(cn2ncnc12)-c1[nH]c2ccc(nc2c1C(C)C)C1CCC(CC1)N(C)CCS(C)(=O)=O	Toll-like receptor 7	2	US Patent	7CYN
CC(C)c1c([nH]c2ccc(nc12)N1CCC(CC1)NCc1csnn1)-c1cn2ncnc2c(C)c1C	Toll-like receptor 7	2	US Patent	7CYN
COc1cc(cn2ncnc12)-c1[nH]c2ccc(nc2c1C(C)C)C1CCC(C1)NC1CCOCC1	Toll-like receptor 7	2	US Patent	7CYN
COc1cc(cn2ncnc12)-c1[nH]c2ccc(OC3CCN(CC(C)(C)O)CC3)nc2c1C(C)C	Toll-like receptor 7	2	US Patent	7CYN
CC(C)c1c([nH]c2cnc(C3CCC(CC3)NC3CCOCC3)c(F)c12)-c1cc(C)c2ncnn2c1	Toll-like receptor 7	2	US Patent	7CYN
CCN1CC2(C1)CN(C2)c1ccc2[nH]c(c(C(C)C)c2n1)-c1cn2ncnc2c(C)c1C	Toll-like receptor 7	2	US Patent	7CYN
COc1cc(cn2ncnc12)-c1[nH]c2ccc(cc2c1C(C)C)C1CCN(CC1)C(=O)CCN1CCCC1=O	Toll-like receptor 7	2.1	US Patent	7CYN
CC(C)c1c([nH]c2ccc(cc12)C1CCN(CC1)C(=O)CN1CCC(O)CC1)-c1cn2ncnc2c(C)c1C	Toll-like receptor 7	2.1	US Patent	7CYN
CC(C)c1c([nH]c2ccc(cc12)C1CCN(CC(=O)N(C)[C@H]2CCOC2)CC1)-c1cc(C)c2ncnn2c1	Toll-like receptor 7	2.1	US Patent	7CYN
CC(C)c1c([nH]c2ccc(cc12)C1CCN(CC1)C1CCS(=O)(=O)CC1)-c1cn2ncnc2c(C)c1C	Toll-like receptor 7	2.1	US Patent	7CYN
CC(C)c1c([nH]c2ccc(cc12)C1CCN(CC1)C(=O)OC[C@@H]1CCNC1)-c1cn2ncnc2c(C)c1C	Toll-like receptor 7	2.1	US Patent	7CYN
CC(C)c1c([nH]c2ccc(cc12)C1CCN(CC1)C(C)=O)-c1cc(C)c2ncnn2c1	Toll-like receptor 7	2.1	US Patent	7CYN
CC(C)c1c([nH]c2ccc(cc12)C1CCN(CC1)C(=O)CNC(C)(C)C)-c1cc(C)c2ncnn2c1	Toll-like receptor 7	2.1	US Patent	7CYN
CC(C)c1c([nH]c2ccc(cc12)C1CCNCC1)-c1cn2ncnc2c(F)c1C	Toll-like receptor 7	2.1	US Patent	7CYN
CC(C)CCN1CCC(CC1)c1ccc2[nH]c(c(C(C)C)c2c1)-c1cc(C)c2ncnn2c1	Toll-like receptor 7	2.1	US Patent	7CYN
CNC(=O)CN1CCC(CC1)c1ccc2[nH]c(c(C(C)C)c2c1)-c1cc(Cl)c2nc(C)nn2c1	Toll-like receptor 7	2.1	US Patent	7CYN
COc1cc(cn2nc(C)nc12)-c1[nH]c2ccc(cc2c1C(C)C)C1CCN(CC(C)(C)O)CC1	Toll-like receptor 7	2.1	US Patent	7CYN
CC(C)c1c([nH]c2ccc(cc12)C1CCN(Cc2cc(C)nn2C)CC1)-c1cc(C)c2ncnn2c1	Toll-like receptor 7	2.1	US Patent	7CYN
CCN1CCC(CC1)c1ccc2[nH]c(c(C(C)C)c2c1)-c1cn2ncnc2c(C)c1C	Toll-like receptor 7	2.1	US Patent	7CYN
CC(C)c1c([nH]c2ccc(cc12)C1CCN(CC1)C1CCOCC1)-c1cn2ncnc2c(Cl)c1C	Toll-like receptor 7	2.1	US Patent	7CYN
CC(C)CN1CCC(CC1)c1ccc2[nH]c(c(C(C)C)c2c1)-c1cc(C(C)C)c2ncnn2c1	Toll-like receptor 7	2.1	US Patent	7CYN
CC(C)c1c([nH]c2ccc(cc12)C1CCN(CC1)C(=O)Cc1cnccn1)-c1cc(C)c2ncnn2c1	Toll-like receptor 7	2.1	US Patent	7CYN
CC(C)c1c([nH]c2ccc(cc12)C1CCN(CC1)C1CCOCC1)-c1cn2ncnc2c(Cl)c1C	Toll-like receptor 7	2.1	US Patent	7CYN
CC(C)CN1CCC(CC1)c1ccc2[nH]c(c(C(C)C)c2c1)-c1cc(C(C)C)c2ncnn2c1	Toll-like receptor 7	2.1	US Patent	7CYN
CC(C)c1c([nH]c2ccc(nc12)N1C[C@H](C)N(C[C@@H]1C)C(=O)CN(C)C)-c1cn2ncnc2c(C)c1C	Toll-like receptor 7	2.1	US Patent	7CYN
CC(C)c1c([nH]c2ccc(nc12)N1CCN(CCCS(C)(=O)=O)C[C@@H]1C)-c1cn2ncnc2c(C)c1C	Toll-like receptor 7	2.1	US Patent	7CYN
CC(C)c1c([nH]c2ccc(nc12)N1CCN(CCS(C)(=O)=O)C[C@@H]1C)-c1cn2ncnc2c(C)c1C	Toll-like receptor 7	2.1	US Patent	7CYN
CC(C)c1c([nH]c2ccc(cc12)C1CCN(CC1)C(=O)Cc1cnccn1)-c1cc(C)c2ncnn2c1	Toll-like receptor 7	2.1	US Patent	7CYN
COc1cc(cn2ncnc12)-c1[nH]c2ccc(cc2c1C(C)C)C1CCN(CC1)C(=O)CCN1CCCC1=O	Toll-like receptor 7	2.1	US Patent	7CYN
CCN(CC)CC(=O)N1CCN(C[C@@H]1C)c1ccc2[nH]c(c(C(C)C)c2n1)-c1cn2ncnc2c(C)c1C	Toll-like receptor 7	2.1	US Patent	7CYN
CC(C)c1c([nH]c2ccc(cc12)C1CCN(CC1)C(=O)CN1CCC(O)CC1)-c1cn2ncnc2c(C)c1C	Toll-like receptor 7	2.1	US Patent	7CYN
CC(C)c1c([nH]c2ccc(nc12)N1CC2(CN(CC(C)(C)O)C2)C1)-c1cn2ncnc2c(C)c1C	Toll-like receptor 7	2.1	US Patent	7CYN
CC(C)c1c([nH]c2ccc(cc12)C1CCN(CC(=O)N(C)[C@H]2CCOC2)CC1)-c1cc(C)c2ncnn2c1	Toll-like receptor 7	2.1	US Patent	7CYN
CC(C)c1c([nH]c2ccc(nc12)C1CCC(CC1)NC1CCS(=O)(=O)CC1)-c1cn2ncnc2c(C)c1C	Toll-like receptor 7	2.1	US Patent	7CYN
CC(C)c1c([nH]c2ccc(nc12)C1CCC(CC1)NC(C)(C)C)-c1cn2ncnc2c(C)c1C	Toll-like receptor 7	2.1	US Patent	7CYN
CC(C)c1c([nH]c2ccc(nc12)N1CCC(CC1)N(C)C1CCOCC1)-c1cn2ncnc2c(C)c1C	Toll-like receptor 7	2.1	US Patent	7CYN
CC(C)c1c([nH]c2ccc(cc12)C1CCN(CC1)C(=O)OC[C@@H]1CCNC1)-c1cn2ncnc2c(C)c1C	Toll-like receptor 7	2.1	US Patent	7CYN
COc1cc(cn2ncnc12)-c1[nH]c2ccc(nc2c1C(C)C)C1CCC(CC1)N(C)C	Toll-like receptor 7	2.1	US Patent	7CYN
CC(C)c1c([nH]c2ccc(cc12)C1CCN(CC1)C1CCS(=O)(=O)CC1)-c1cn2ncnc2c(C)c1C	Toll-like receptor 7	2.1	US Patent	7CYN
CC(C)c1c([nH]c2ccc(cc12)C1CCN(CC1)C(C)=O)-c1cc(C)c2ncnn2c1	Toll-like receptor 7	2.1	US Patent	7CYN
CCn1cc(-c2[nH]c3ccc(nc3c2C(C)C)C2CCC(CC2)N2CC3(COC3)C2)c2cccnc12	Toll-like receptor 7	2.1	US Patent	7CYN
CC(C)c1c([nH]c2ccc(cc12)C1CCN(CC1)C(=O)CNC(C)(C)C)-c1cc(C)c2ncnn2c1	Toll-like receptor 7	2.1	US Patent	7CYN
CC(C)c1c([nH]c2ccc(cc12)C1CCNCC1)-c1cn2ncnc2c(F)c1C	Toll-like receptor 7	2.1	US Patent	7CYN
CC(C)CCN1CCC(CC1)c1ccc2[nH]c(c(C(C)C)c2c1)-c1cc(C)c2ncnn2c1	Toll-like receptor 7	2.1	US Patent	7CYN
CC(C)c1c([nH]c2ccc(nc12)C1CCC(CC1)N1CCC[C@@H]1CO)-c1cn2ncnc2c(C)c1C	Toll-like receptor 7	2.1	US Patent	7CYN
CNC(=O)CN1CCC(CC1)c1ccc2[nH]c(c(C(C)C)c2c1)-c1cc(Cl)c2nc(C)nn2c1	Toll-like receptor 7	2.1	US Patent	7CYN
COc1cc(cn2nc(C)nc12)-c1[nH]c2ccc(cc2c1C(C)C)C1CCN(CC(C)(C)O)CC1	Toll-like receptor 7	2.1	US Patent	7CYN
COc1cc(cn2ncnc12)-c1[nH]c2ccc(nc2c1C(C)C)C1CCN(CC(=O)N(C)C)CC1	Toll-like receptor 7	2.1	US Patent	7CYN
COc1cc(cn2ncnc12)-c1[nH]c2ccc(OC3CCN(CC3)C3CCOCC3)nc2c1C(C)C	Toll-like receptor 7	2.1	US Patent	7CYN
CNC(=O)CNC1CC(C1)c1ccc2[nH]c(c(C(C)C)c2n1)-c1cc(OC)c2ncnn2c1	Toll-like receptor 7	2.1	US Patent	7CYN
CC(C)c1c([nH]c2ccc(cc12)C1CCN(Cc2cc(C)nn2C)CC1)-c1cc(C)c2ncnn2c1	Toll-like receptor 7	2.1	US Patent	7CYN
CC(C)c1c([nH]c2ccc(nc12)C1CN(CC(N)=O)C1)-c1cn2ncnc2c(C)c1C	Toll-like receptor 7	2.1	US Patent	7CYN
COc1cc(cn2ncnc12)-c1[nH]c2ccc(nc2c1C(C)C)C1CNC1	Toll-like receptor 7	2.1	US Patent	7CYN
COc1cc(cn2ncnc12)-c1[nH]c2ccc(nc2c1C(C)C)C1CN(CC(C)(C)O)C1	Toll-like receptor 7	2.1	US Patent	7CYN
CCN1CCC(CC1)c1ccc2[nH]c(c(C(C)C)c2c1)-c1cn2ncnc2c(C)c1C	Toll-like receptor 7	2.1	US Patent	7CYN
CC(C)c1c([nH]c2ccc(cc12)C1CCNCC1)-c1cc(C)nc(C)c1N	Toll-like receptor 7	2.1	US Patent	7CYN
CC(C)c1c([nH]c2ccc(cc12)C1CCN(CC1)C(=O)CN1CC[C@H](N)C1=O)-c1cc(C)nc(C)c1	Toll-like receptor 7	2.1	US Patent	7CYN
CCN1CCC(CC1)c1ccc2[nH]c(c(C(C)C)c2c1)-c1cc(C)nc(C)c1	Toll-like receptor 7	2.1	US Patent	7CYN
CC(C)c1c([nH]c2ccc(cc12)C1CCN(CCO)CC1)-c1cc(C)nc(C)c1	Toll-like receptor 7	2.1	US Patent	7CYN
CC(C)c1c([nH]c2ccc(cc12)C1CCN(CC1)C(=O)CN1CCOC[C@@H]1CO)-c1cc(C)nc(C)c1	Toll-like receptor 7	2.1	US Patent	7CYN
CC(C)c1c([nH]c2ccc(cc12)C1CCN(CC2CCOC2)CC1)-c1cc(C)nc(C)c1	Toll-like receptor 7	2.1	US Patent	7CYN
COc1cc(cn2ncnc12)-c1[nH]c2ccc(nc2c1C(C)C)C1CCC(CC1)N(C)C	Toll-like receptor 7	2.1	US Patent	7CYN
CC(C)c1c([nH]c2ccc(nc12)N1C[C@H](C)N(C[C@@H]1C)C(=O)CN(C)C)-c1cn2ncnc2c(C)c1C	Toll-like receptor 7	2.1	US Patent	7CYN
CCn1cc(-c2[nH]c3ccc(nc3c2C(C)C)C2CCC(CC2)N2CC3(COC3)C2)c2cccnc12	Toll-like receptor 7	2.1	US Patent	7CYN
CC(C)c1c([nH]c2ccc(nc12)C1CCC(CC1)N1CCC[C@@H]1CO)-c1cn2ncnc2c(C)c1C	Toll-like receptor 7	2.1	US Patent	7CYN
CC(C)c1c([nH]c2ccc(nc12)N1CCN(CCCS(C)(=O)=O)C[C@@H]1C)-c1cn2ncnc2c(C)c1C	Toll-like receptor 7	2.1	US Patent	7CYN
CC(C)c1c([nH]c2ccc(nc12)N1CCN(CCS(C)(=O)=O)C[C@@H]1C)-c1cn2ncnc2c(C)c1C	Toll-like receptor 7	2.1	US Patent	7CYN
CCN(CC)CC(=O)N1CCN(C[C@@H]1C)c1ccc2[nH]c(c(C(C)C)c2n1)-c1cn2ncnc2c(C)c1C	Toll-like receptor 7	2.1	US Patent	7CYN
COc1cc(cn2ncnc12)-c1[nH]c2ccc(nc2c1C(C)C)C1CCN(CC(=O)N(C)C)CC1	Toll-like receptor 7	2.1	US Patent	7CYN
COc1cc(cn2ncnc12)-c1[nH]c2ccc(OC3CCN(CC3)C3CCOCC3)nc2c1C(C)C	Toll-like receptor 7	2.1	US Patent	7CYN
CNC(=O)CNC1CC(C1)c1ccc2[nH]c(c(C(C)C)c2n1)-c1cc(OC)c2ncnn2c1	Toll-like receptor 7	2.1	US Patent	7CYN
CC(C)c1c([nH]c2ccc(nc12)C1CN(CC(N)=O)C1)-c1cn2ncnc2c(C)c1C	Toll-like receptor 7	2.1	US Patent	7CYN
COc1cc(cn2ncnc12)-c1[nH]c2ccc(nc2c1C(C)C)C1CNC1	Toll-like receptor 7	2.1	US Patent	7CYN
COc1cc(cn2ncnc12)-c1[nH]c2ccc(nc2c1C(C)C)C1CN(CC(C)(C)O)C1	Toll-like receptor 7	2.1	US Patent	7CYN
CC(C)c1c([nH]c2ccc(nc12)N1CC2(CN(CC(C)(C)O)C2)C1)-c1cn2ncnc2c(C)c1C	Toll-like receptor 7	2.1	US Patent	7CYN
CC(C)c1c([nH]c2ccc(nc12)C1CCC(CC1)NC1CCS(=O)(=O)CC1)-c1cn2ncnc2c(C)c1C	Toll-like receptor 7	2.1	US Patent	7CYN
CC(C)c1c([nH]c2ccc(nc12)N1CCC(CC1)N(C)C1CCOCC1)-c1cn2ncnc2c(C)c1C	Toll-like receptor 7	2.1	US Patent	7CYN
CC(C)c1c([nH]c2ccc(nc12)C1CCC(CC1)NC(C)(C)C)-c1cn2ncnc2c(C)c1C	Toll-like receptor 7	2.1	US Patent	7CYN
CCn1cc(-c2[nH]c3ccc(nc3c2C(C)C)C2CCC(CC2)N2CC3(COC3)C2)c2cccnc12	Toll-like receptor 7	2.1	US Patent	7CYN
CC(C)c1c([nH]c2ccc(nc12)C1CCC(CC1)NC1CCS(=O)(=O)CC1)-c1cn2ncnc2c(C)c1C	Toll-like receptor 7	2.1	US Patent	7CYN
CC(C)c1c([nH]c2ccc(nc12)C1CCC(CC1)NC(C)(C)C)-c1cn2ncnc2c(C)c1C	Toll-like receptor 7	2.1	US Patent	7CYN
COc1cc(cn2ncnc12)-c1[nH]c2ccc(nc2c1C(C)C)C1CN(CC(C)(C)O)C1	Toll-like receptor 7	2.1	US Patent	7CYN
CC(C)N(C)C1CCC(CC1)c1ncc2[nH]c(c(C(C)C)c2c1F)-c1cc(C)c2ncnn2c1	Toll-like receptor 7	2.1	US Patent	7CYN
CC(C)c1c([nH]c2ccc(nc12)N1C[C@H](C)N(C[C@@H]1C)C(=O)CN(C)C)-c1cn2ncnc2c(C)c1C	Toll-like receptor 7	2.1	US Patent	7CYN
COc1cc(cn2ncnc12)-c1[nH]c2ccc(OC3CCN(CC3)C3CCOCC3)nc2c1C(C)C	Toll-like receptor 7	2.1	US Patent	7CYN
CC(C)c1c([nH]c2cnc(cc12)C1CCN(CC(=O)N(C)C)CC1)-c1cn2ncnc2c(C)c1C	Toll-like receptor 7	2.1	US Patent	7CYN
CNC(=O)CNC1CC(C1)c1ccc2[nH]c(c(C(C)C)c2n1)-c1cc(OC)c2ncnn2c1	Toll-like receptor 7	2.1	US Patent	7CYN
CCN(CC)CC(=O)N1CCN(C[C@@H]1C)c1ccc2[nH]c(c(C(C)C)c2n1)-c1cn2ncnc2c(C)c1C	Toll-like receptor 7	2.1	US Patent	7CYN
COc1cc(cn2ncnc12)-c1[nH]c2ccc(nc2c1C(C)C)C1CNC1	Toll-like receptor 7	2.1	US Patent	7CYN
CC(C)c1c([nH]c2ccc(nc12)N1CCN(CCS(C)(=O)=O)C[C@@H]1C)-c1cn2ncnc2c(C)c1C	Toll-like receptor 7	2.1	US Patent	7CYN
CC(C)c1c([nH]c2cnc(C3CCN(CC3)C3CCOCC3)c(F)c12)-c1cc(C)c2ncnn2c1	Toll-like receptor 7	2.1	US Patent	7CYN
F[C@H]1CNCC[C@@H]1n1cc2cc(cc(c2n1)C(F)(F)F)-c1ccc(=O)n2CCCc12	Toll-like receptor 7	2.1	ChEMBL	7CYN
COc1cc(cn2ncnc12)-c1[nH]c2ccc(nc2c1C(C)C)C1CCN(CC(=O)N(C)C)CC1	Toll-like receptor 7	2.1	US Patent	7CYN
CC(C)c1c([nH]c2ccc(nc12)C1CCC(CC1)N1CCC[C@@H]1CO)-c1cn2ncnc2c(C)c1C	Toll-like receptor 7	2.1	US Patent	7CYN
COc1cc(cn2ncnc12)-c1[nH]c2ccc(nc2c1C(C)C)C1CCC(CC1)N(C)C	Toll-like receptor 7	2.1	US Patent	7CYN
CC(C)c1c([nH]c2ccc(nc12)C1CN(CC(N)=O)C1)-c1cn2ncnc2c(C)c1C	Toll-like receptor 7	2.1	US Patent	7CYN
CC(C)c1c([nH]c2cnc(C3CCN(CC3)C(=O)CN(C)C)c(F)c12)-c1cc(C)c2ncnn2c1	Toll-like receptor 7	2.1	US Patent	7CYN
COc1cc(cn2ncnc12)-c1[nH]c2cnc(cc2c1C(C)C)C1CCC(CC1)NC1CCOC1	Toll-like receptor 7	2.1	US Patent	7CYN
CNC(=O)CN(C)C1CCN(CC1)c1ncc2[nH]c(c(C(C)C)c2c1F)-c1cc(C)c2ncnn2c1	Toll-like receptor 7	2.1	US Patent	7CYN
COc1cc(cn2ncnc12)-c1[nH]c2cnc(cc2c1C(C)C)N1CCC(CC1)NCC1(C)COC1	Toll-like receptor 7	2.1	US Patent	7CYN
CC(C)c1c([nH]c2ccc(nc12)N1CCC(CC1)N(C)C1CCOCC1)-c1cn2ncnc2c(C)c1C	Toll-like receptor 7	2.1	US Patent	7CYN
CC(C)c1c([nH]c2ccc(nc12)N1CC2(CN(CC(C)(C)O)C2)C1)-c1cn2ncnc2c(C)c1C	Toll-like receptor 7	2.1	US Patent	7CYN
CC(C)c1c([nH]c2ccc(nc12)N1CCN(CCCS(C)(=O)=O)C[C@@H]1C)-c1cn2ncnc2c(C)c1C	Toll-like receptor 7	2.1	US Patent	7CYN
COCCC(=O)N1CCC(CC1)c1ccc2[nH]c(c(C(C)C)c2c1)-c1cc(OC)c2ncnn2c1	Toll-like receptor 7	2.2	US Patent	7CYN
CC(C)c1c([nH]c2ccc(cc12)C1CCN(CC1)C(=O)CNC1CCC(O)CC1)-c1cn2ncnc2c(C)c1C	Toll-like receptor 7	2.2	US Patent	7CYN
CC(C)c1c([nH]c2ccc(cc12)C1CCN(CC(=O)N2CCOC[C@H]2CO)CC1)-c1cc(C)c2ncnn2c1	Toll-like receptor 7	2.2	US Patent	7CYN
CCN(C)C(=O)CN1CCC(CC1)c1ccc2[nH]c(c(C(C)C)c2c1)-c1cn2ncnc2c(OC)c1C	Toll-like receptor 7	2.2	US Patent	7CYN
COCCN(C)CCC(=O)N1CCC(CC1)c1ccc2[nH]c(c(C(C)C)c2c1)-c1cn2ncnc2c(C)c1C	Toll-like receptor 7	2.2	US Patent	7CYN
COc1cc(cn2ncnc12)-c1[nH]c2ccc(C3CCN(CC(C)C)CC3)c(F)c2c1C(C)C	Toll-like receptor 7	2.2	US Patent	7CYN
CC(C)c1c([nH]c2ccc(cc12)C1CCN(CC1)C(C)c1ncccn1)-c1cc(C)c2ncnn2c1	Toll-like receptor 7	2.2	US Patent	7CYN
CC(C)c1c([nH]c2ccc(cc12)C1CCN(Cc2c[nH]nn2)CC1)-c1cc(c2ncnn2c1)C(C)(C)O	Toll-like receptor 7	2.2	US Patent	7CYN
CC(C)c1c([nH]c2ccc(cc12)C1CCN(CCC(F)(F)F)CC1)-c1cc(C)c2ncnn2c1	Toll-like receptor 7	2.2	US Patent	7CYN
COc1cc(cn2ncnc12)-c1[nH]c2ccc(cc2c1C(C)C)C1CCN(CC1)C1CCOC(C)(C)C1	Toll-like receptor 7	2.2	US Patent	7CYN
CC(C)c1c([nH]c2ccc(nc12)N1CC2(CNC2)C1)-c1cn2ncnc2c(C)c1C	Toll-like receptor 7	2.2	US Patent	7CYN
CC(C)c1c([nH]c2ccc(nc12)C1CC2(CNC2)C1)-c1cn2ncnc2c(C)c1C	Toll-like receptor 7	2.2	US Patent	7CYN
CC(C)c1c([nH]c2ccc(cc12)C1CCN(CCC(F)(F)F)CC1)-c1cc(C)c2ncnn2c1	Toll-like receptor 7	2.2	US Patent	7CYN
COc1cc(cn2ncnc12)-c1[nH]c2ccc(cc2c1C(C)C)C1CCN(CC1)C1CCOC(C)(C)C1	Toll-like receptor 7	2.2	US Patent	7CYN
CC(C)c1c([nH]c2ccc(nc12)N1CCN(CC(N)=O)C[C@@H]1C)-c1cn2ncnc2c(C)c1C	Toll-like receptor 7	2.2	US Patent	7CYN
CNC(=O)CN1CCN([C@@H](C)C1)c1ccc2[nH]c(c(C(C)C)c2n1)-c1cn2ncnc2c(C)c1C	Toll-like receptor 7	2.2	US Patent	7CYN
CC(C)c1c([nH]c2ccc(nc12)N1CCN(CCC(=O)N(C)C)C[C@@H]1C)-c1cn2ncnc2c(C)c1C	Toll-like receptor 7	2.2	US Patent	7CYN
COCCC(=O)N1CCC(CC1)c1ccc2[nH]c(c(C(C)C)c2c1)-c1cc(OC)c2ncnn2c1	Toll-like receptor 7	2.2	US Patent	7CYN
CC(C)c1c([nH]c2ccc(cc12)C1CCN(CC1)C(=O)CNC1CCC(O)CC1)-c1cn2ncnc2c(C)c1C	Toll-like receptor 7	2.2	US Patent	7CYN
CC(C)c1c([nH]c2ccc(cc12)C1CCN(CC(=O)N2CCOC[C@H]2CO)CC1)-c1cc(C)c2ncnn2c1	Toll-like receptor 7	2.2	US Patent	7CYN
CC(C)c1c([nH]c2ccc(nc12)N1C[C@H]2CC[C@@H]1CN2)-c1cn2ncnc2c(C)c1C	Toll-like receptor 7	2.2	US Patent	7CYN
COC1CN(C1)C1CCC(CC1)c1ccc2[nH]c(c(C(C)C)c2n1)-c1cn2ncnc2c(C)c1C	Toll-like receptor 7	2.2	US Patent	7CYN
CCN(C)C(=O)CN1CCC(CC1)c1ccc2[nH]c(c(C(C)C)c2c1)-c1cn2ncnc2c(OC)c1C	Toll-like receptor 7	2.2	US Patent	7CYN
COCCN(C)CCC(=O)N1CCC(CC1)c1ccc2[nH]c(c(C(C)C)c2c1)-c1cn2ncnc2c(C)c1C	Toll-like receptor 7	2.2	US Patent	7CYN
COc1cc(cn2ncnc12)-c1[nH]c2ccc(nc2c1C(C)C)N1CCN(CC(C)(C)O)CC1	Toll-like receptor 7	2.2	US Patent	7CYN
COc1cc(cn2ncnc12)-c1[nH]c2ccc(nc2c1C(C)C)N1CCN(CC2CCOC2)CC1	Toll-like receptor 7	2.2	US Patent	7CYN
COc1cc(cn2ncnc12)-c1[nH]c2ccc(C3CCN(CC(C)C)CC3)c(F)c2c1C(C)C	Toll-like receptor 7	2.2	US Patent	7CYN
COCC(C)N1CCN(CC1)c1ccc2[nH]c(c(C(C)C)c2n1)-c1cc(OC)c2ncnn2c1	Toll-like receptor 7	2.2	US Patent	7CYN
CC(C)NCC(=O)N1CCN(CC1)c1ccc2[nH]c(c(C(C)C)c2n1)-c1cn2ncnc2c(C)c1C	Toll-like receptor 7	2.2	US Patent	7CYN
COc1cc(cn2ncnc12)-c1[nH]c2ccc(nc2c1C(C)C)C1CCC(CC1)NC1COC1	Toll-like receptor 7	2.2	US Patent	7CYN
COc1cc(cn2ncnc12)-c1[nH]c2ccc(nc2c1C(C)C)C1CCC(CC1)N(C)Cc1ncccn1	Toll-like receptor 7	2.2	US Patent	7CYN
CC(C)c1c([nH]c2ccc(nc12)C1CCC(CC1)NCc1c[nH]nn1)-c1cn2ncnc2c(C)c1C	Toll-like receptor 7	2.2	US Patent	7CYN
CC(C)c1c([nH]c2ccc(cc12)C1CCN(CC1)C(C)c1ncccn1)-c1cc(C)c2ncnn2c1	Toll-like receptor 7	2.2	US Patent	7CYN
CC(C)c1c([nH]c2ccc(cc12)C1CCN(Cc2c[nH]nn2)CC1)-c1cc(c2ncnn2c1)C(C)(C)O	Toll-like receptor 7	2.2	US Patent	7CYN
COCCN(C)CC(=O)N1CCC(CC1)c1ccc2[nH]c(c(C(C)C)c2c1)-c1cc(C)nc(C)c1	Toll-like receptor 7	2.2	US Patent	7CYN
CC(C)c1c([nH]c2ccc(cc12)C1CCN(CC1)C(=O)CN1CC[C@@H](C)C1=O)-c1cc(C)nc(C)c1	Toll-like receptor 7	2.2	US Patent	7CYN
CC(C)c1c([nH]c2ccc(cc12)C1CCN(CC1)C(=O)CN1CCC[C@H]1CO)-c1cc(C)nc(C)c1	Toll-like receptor 7	2.2	US Patent	7CYN
CCN(CCO)CC(=O)N1CCC(CC1)c1ccc2[nH]c(c(C(C)C)c2c1)-c1cc(C)nc(C)c1	Toll-like receptor 7	2.2	US Patent	7CYN
CC(C)c1c([nH]c2ccc(cc12)C1CCN(C)CC1)-c1cc(C)nc(C)c1	Toll-like receptor 7	2.2	US Patent	7CYN
CC(C)NCC(=O)N1CCN(CC1)c1ccc2[nH]c(c(C(C)C)c2n1)-c1cn2ncnc2c(C)c1C	Toll-like receptor 7	2.2	US Patent	7CYN
COc1cc(cn2ncnc12)-c1[nH]c2ccc(nc2c1C(C)C)C1CCC(CC1)NC1COC1	Toll-like receptor 7	2.2	US Patent	7CYN
CC(C)c1c([nH]c2ccc(nc12)N1CC2(CNC2)C1)-c1cn2ncnc2c(C)c1C	Toll-like receptor 7	2.2	US Patent	7CYN
CC(C)c1c([nH]c2ccc(nc12)C1CC2(CNC2)C1)-c1cn2ncnc2c(C)c1C	Toll-like receptor 7	2.2	US Patent	7CYN
COc1cc(cn2ncnc12)-c1[nH]c2ccc(nc2c1C(C)C)C1CCC(CC1)N(C)Cc1ncccn1	Toll-like receptor 7	2.2	US Patent	7CYN
CC(C)c1c([nH]c2ccc(nc12)C1CCC(CC1)NCc1c[nH]nn1)-c1cn2ncnc2c(C)c1C	Toll-like receptor 7	2.2	US Patent	7CYN
CC(C)c1c([nH]c2ccc(nc12)N1CCN(CC(N)=O)C[C@@H]1C)-c1cn2ncnc2c(C)c1C	Toll-like receptor 7	2.2	US Patent	7CYN
CNC(=O)CN1CCN([C@@H](C)C1)c1ccc2[nH]c(c(C(C)C)c2n1)-c1cn2ncnc2c(C)c1C	Toll-like receptor 7	2.2	US Patent	7CYN
CC(C)c1c([nH]c2ccc(nc12)N1CCN(CCC(=O)N(C)C)C[C@@H]1C)-c1cn2ncnc2c(C)c1C	Toll-like receptor 7	2.2	US Patent	7CYN
CC(C)c1c([nH]c2ccc(nc12)N1C[C@H]2CC[C@@H]1CN2)-c1cn2ncnc2c(C)c1C	Toll-like receptor 7	2.2	US Patent	7CYN
COC1CN(C1)C1CCC(CC1)c1ccc2[nH]c(c(C(C)C)c2n1)-c1cn2ncnc2c(C)c1C	Toll-like receptor 7	2.2	US Patent	7CYN
COc1cc(cn2ncnc12)-c1[nH]c2ccc(nc2c1C(C)C)N1CCN(CC(C)(C)O)CC1	Toll-like receptor 7	2.2	US Patent	7CYN
COc1cc(cn2ncnc12)-c1[nH]c2ccc(nc2c1C(C)C)N1CCN(CC2CCOC2)CC1	Toll-like receptor 7	2.2	US Patent	7CYN
COCC(C)N1CCN(CC1)c1ccc2[nH]c(c(C(C)C)c2n1)-c1cc(OC)c2ncnn2c1	Toll-like receptor 7	2.2	US Patent	7CYN
CC(C)c1c([nH]c2ccc(nc12)N1CC2(CNC2)C1)-c1cn2ncnc2c(C)c1C	Toll-like receptor 7	2.2	US Patent	7CYN
CC(C)c1c([nH]c2ccc(nc12)C1CC2(CNC2)C1)-c1cn2ncnc2c(C)c1C	Toll-like receptor 7	2.2	US Patent	7CYN
COC1CN(C1)C1CCC(CC1)c1ccc2[nH]c(c(C(C)C)c2n1)-c1cn2ncnc2c(C)c1C	Toll-like receptor 7	2.2	US Patent	7CYN
COCC(C)N1CCN(CC1)c1ccc2[nH]c(c(C(C)C)c2n1)-c1cc(OC)c2ncnn2c1	Toll-like receptor 7	2.2	US Patent	7CYN
CC(C)c1c([nH]c2ccc(nc12)C1CCC(CC1)NCc1c[nH]nn1)-c1cn2ncnc2c(C)c1C	Toll-like receptor 7	2.2	US Patent	7CYN
CC(C)c1c([nH]c2ccc(nc12)N1CCN(CC(N)=O)C[C@@H]1C)-c1cn2ncnc2c(C)c1C	Toll-like receptor 7	2.2	US Patent	7CYN
CC(C)c1c([nH]c2ccc(nc12)N1CCN(CCC(=O)N(C)C)C[C@@H]1C)-c1cn2ncnc2c(C)c1C	Toll-like receptor 7	2.2	US Patent	7CYN
COc1cc(cn2ncnc12)-c1[nH]c2ccc(nc2c1C(C)C)N1CCN(CC2CCOC2)CC1	Toll-like receptor 7	2.2	US Patent	7CYN
CC(C)c1c([nH]c2cnc(C3CCN(CC3)C(=O)CN(C)C)c(F)c12)-c1cc(C)c2ncnn2c1	Toll-like receptor 7	2.2	US Patent	7CYN
CNC(=O)CN1CCN([C@@H](C)C1)c1ccc2[nH]c(c(C(C)C)c2n1)-c1cn2ncnc2c(C)c1C	Toll-like receptor 7	2.2	US Patent	7CYN
CC(C)NCC(=O)N1CCN(CC1)c1ccc2[nH]c(c(C(C)C)c2n1)-c1cn2ncnc2c(C)c1C	Toll-like receptor 7	2.2	US Patent	7CYN
CC(C)c1c([nH]c2cnc(N3CCC(CC3)N(C)CC(=O)N(C)C)c(F)c12)-c1cc(C)c2ncnn2c1	Toll-like receptor 7	2.2	US Patent	7CYN
CC(C)c1c([nH]c2ccc(nc12)N1C[C@H]2CC[C@@H]1CN2)-c1cn2ncnc2c(C)c1C	Toll-like receptor 7	2.2	US Patent	7CYN
COc1cc(cn2ncnc12)-c1[nH]c2ccc(nc2c1C(C)C)C1CCC(CC1)N(C)Cc1ncccn1	Toll-like receptor 7	2.2	US Patent	7CYN
COc1cc(cn2ncnc12)-c1[nH]c2ccc(nc2c1C(C)C)C1CCC(CC1)NC1COC1	Toll-like receptor 7	2.2	US Patent	7CYN
COc1cc(cn2ncnc12)-c1[nH]c2ccc(nc2c1C(C)C)N1CCN(CC(C)(C)O)CC1	Toll-like receptor 7	2.2	US Patent	7CYN
CCN(CCC#N)C1CCN(CC1)c1ncc2[nH]c(c(C(C)C)c2c1C)-c1cc(C)c2ncnn2c1	Toll-like receptor 7	2.2	US Patent	7CYN
CNCC(=O)N1CCC(CC1)c1ccc2[nH]c(c(CC(F)F)c2c1)-c1cc(C)c2ncnn2c1	Toll-like receptor 7	2.3	US Patent	7CYN
CC(C)c1c([nH]c2ccc(cc12)C1CCN(CC1)C(=O)CNC(C)(C)C)-c1cn2ncnc2c(C)c1C	Toll-like receptor 7	2.3	US Patent	7CYN
CC(C)c1c([nH]c2ccc(cc12)C1CCN(CC1)C(=O)CNC1(C)CC1)-c1cc(C)c2ncnn2c1	Toll-like receptor 7	2.3	US Patent	7CYN
CC(C)c1c([nH]c2ccc(cc12)C1CCN(CC(=O)N2CCS(=O)(=O)C2)CC1)-c1cc(C)c2ncnn2c1	Toll-like receptor 7	2.3	US Patent	7CYN
CCN(C)CCC(=O)N1CCC(CC1)c1ccc2[nH]c(c(C(C)C)c2c1)-c1cn2ncnc2c(C)c1C	Toll-like receptor 7	2.3	US Patent	7CYN
CC(C)c1c([nH]c2ccc(cc12)C1CCN(Cc2ncn(C)n2)CC1)-c1cn2ncnc2c(C)c1C	Toll-like receptor 7	2.3	US Patent	7CYN
COCCN1CCC(COC(=O)N2CCC(CC2)c2ccc3[nH]c(c(C(C)C)c3c2)-c2cn3ncnc3c(C)c2C)C1	Toll-like receptor 7	2.3	US Patent	7CYN
CC(C)c1c([nH]c2ccc(cc12)C1CCN(CC1)C(=O)OC[C@H]1CCCN1C)-c1cn2ncnc2c(C)c1C	Toll-like receptor 7	2.3	US Patent	7CYN
CC(C)c1c([nH]c2ccc(cc12)C1CCN(CCS(=O)(=O)c2ccccc2)CC1)-c1cc(C)c2ncnn2c1	Toll-like receptor 7	2.3	US Patent	7CYN
CNC(=O)CN1CCC(CC1)c1ccc2[nH]c(c(C(C)C)c2c1)-c1cn2ncnc2cc1C	Toll-like receptor 7	2.3	US Patent	7CYN
COCc1cc(cn2ncnc12)-c1[nH]c2ccc(cc2c1C(C)C)C1CCN(CCS(N)(=O)=O)CC1	Toll-like receptor 7	2.3	US Patent	7CYN
CC(C)c1c([nH]c2ccc(cc12)C1CCN(CC#N)CC1)-c1cc(CO)c2ncnn2c1	Toll-like receptor 7	2.3	US Patent	7CYN
CC(C)c1c([nH]c2ccc(cc12)C1CCN(CC1)C1CCS(=O)(=O)C1)-c1cc(C)c2ncnn2c1	Toll-like receptor 7	2.3	US Patent	7CYN
CC(C)c1c([nH]c2ccc(cc12)C1CCN(CC1)C1COC1)-c1cc(C)c2nc(C)nn2c1	Toll-like receptor 7	2.3	US Patent	7CYN
CC(C)c1c([nH]c2ccc(cc12)C1CCN(CC1)C1COC1)-c1cc(C)c2nc(C)nn2c1	Toll-like receptor 7	2.3	US Patent	7CYN
CNCC(=O)N1CCC(CC1)c1ccc2[nH]c(c(CC(F)F)c2c1)-c1cc(C)c2ncnn2c1	Toll-like receptor 7	2.3	US Patent	7CYN
CC(C)c1c([nH]c2ccc(nc12)N1CCN(CC1)C(=O)CN1CC(C)(C)C1)-c1cn2ncnc2c(C)c1C	Toll-like receptor 7	2.3	US Patent	7CYN
CC(C)c1c([nH]c2ccc(cc12)C1CCN(CC1)C(=O)CNC(C)(C)C)-c1cn2ncnc2c(C)c1C	Toll-like receptor 7	2.3	US Patent	7CYN
CC(C)c1c([nH]c2ccc(cc12)C1CCN(CC1)C(=O)CNC1(C)CC1)-c1cc(C)c2ncnn2c1	Toll-like receptor 7	2.3	US Patent	7CYN
CC(C)c1c([nH]c2ccc(cc12)C1CCN(CC(=O)N2CCS(=O)(=O)C2)CC1)-c1cc(C)c2ncnn2c1	Toll-like receptor 7	2.3	US Patent	7CYN
CCN(C)CCC(=O)N1CCC(CC1)c1ccc2[nH]c(c(C(C)C)c2c1)-c1cn2ncnc2c(C)c1C	Toll-like receptor 7	2.3	US Patent	7CYN
CCN(CC)C1CCN(CC1)c1ccc2[nH]c(c(C(C)C)c2n1)-c1cn2ncnc2c(C)c1C	Toll-like receptor 7	2.3	US Patent	7CYN
COc1cc(cn2ncnc12)-c1[nH]c2ccc(nc2c1C(C)C)N1CCN(CC1)C1CCOCC1	Toll-like receptor 7	2.3	US Patent	7CYN
COCCN1CCC(COC(=O)N2CCC(CC2)c2ccc3[nH]c(c(C(C)C)c3c2)-c2cn3ncnc3c(C)c2C)C1	Toll-like receptor 7	2.3	US Patent	7CYN
CC(C)c1c([nH]c2ccc(cc12)C1CCN(CC1)C(=O)OC[C@H]1CCCN1C)-c1cn2ncnc2c(C)c1C	Toll-like receptor 7	2.3	US Patent	7CYN
COc1cc(cn2ncnc12)-c1[nH]c2ccc(nc2c1C(C)C)N1CCN(CC2CC2)CC1	Toll-like receptor 7	2.3	US Patent	7CYN
CC(C)c1c([nH]c2ccc(nc12)N1CCN(CC1)C(=O)CNCCO)-c1cn2ncnc2c(C)c1C	Toll-like receptor 7	2.3	US Patent	7CYN
CC(C)c1c([nH]c2ccc(cc12)C1CCN(Cc2ncn(C)n2)CC1)-c1cn2ncnc2c(C)c1C	Toll-like receptor 7	2.3	US Patent	7CYN
CC(C)c1c([nH]c2ccc(nc12)C1CCC(CC1)NC1COC1)-c1cn2ncnc2c(C)c1C	Toll-like receptor 7	2.3	US Patent	7CYN
CC(C)c1c([nH]c2ccc(cc12)C1CCN(CCS(=O)(=O)c2ccccc2)CC1)-c1cc(C)c2ncnn2c1	Toll-like receptor 7	2.3	US Patent	7CYN
CNC(=O)CN1CCC(CC1)c1ccc2[nH]c(c(C(C)C)c2c1)-c1cn2ncnc2cc1C	Toll-like receptor 7	2.3	US Patent	7CYN
COCc1cc(cn2ncnc12)-c1[nH]c2ccc(cc2c1C(C)C)C1CCN(CCS(N)(=O)=O)CC1	Toll-like receptor 7	2.3	US Patent	7CYN
CC(C)c1c([nH]c2ccc(cc12)C1CCN(CC#N)CC1)-c1cc(CO)c2ncnn2c1	Toll-like receptor 7	2.3	US Patent	7CYN
CC(C)c1c([nH]c2ccc(cc12)C1CCN(CC1)C1CCS(=O)(=O)C1)-c1cc(C)c2ncnn2c1	Toll-like receptor 7	2.3	US Patent	7CYN
CC(C)c1c([nH]c2cc(F)c(nc12)C1CCN(CC1)C1COC1)-c1cc(C)c2ncnn2c1	Toll-like receptor 7	2.3	US Patent	7CYN
CCCN1CCC(COc2ccc3[nH]c(c(C(C)C)c3n2)-c2cc(OC)c3ncnn3c2)CC1	Toll-like receptor 7	2.3	US Patent	7CYN
COc1cc(cn2ncnc12)-c1[nH]c2ccc(nc2c1C(C)C)C1CN(CCS(C)(=O)=O)C1	Toll-like receptor 7	2.3	US Patent	7CYN
COc1cc(cn2ncnc12)-c1[nH]c2ccc(nc2c1C(C)C)C1CN(C)CCO1	Toll-like receptor 7	2.3	US Patent	7CYN
CC(C)c1c([nH]c2ccc(cc12)C1CCN(CC(C)(C)O)CC1)-c1cc(C)nc(C)c1	Toll-like receptor 7	2.3	US Patent	7CYN
CC(C)c1c([nH]c2ccc(cc12)C1CCN(CC(C)(O)C=C)CC1)-c1cc(C)nc(C)c1	Toll-like receptor 7	2.3	US Patent	7CYN
CC(C)c1c([nH]c2ccc(cc12)C1CCN(CC(=O)N(C)C2CC2)CC1)-c1cc(C)nc(C)c1	Toll-like receptor 7	2.3	US Patent	7CYN
CC(C)c1c([nH]c2ccc(cc12)C1CCN(CC(=O)NC2CCCOC2)CC1)-c1cc(C)nc(C)c1	Toll-like receptor 7	2.3	US Patent	7CYN
CC(C)c1c([nH]c2ccc(cc12)C1CCN(CC1)C(=O)CNC1CCC1)-c1cc(C)nc(C)c1	Toll-like receptor 7	2.3	US Patent	7CYN
CC(C)c1c([nH]c2ccc(nc12)N1CCN(CC1)C(=O)CNCCO)-c1cn2ncnc2c(C)c1C	Toll-like receptor 7	2.3	US Patent	7CYN
CC(C)c1c([nH]c2ccc(nc12)C1CCC(CC1)NC1COC1)-c1cn2ncnc2c(C)c1C	Toll-like receptor 7	2.3	US Patent	7CYN
CC(C)c1c([nH]c2ccc(nc12)N1CCN(CC1)C(=O)CN1CC(C)(C)C1)-c1cn2ncnc2c(C)c1C	Toll-like receptor 7	2.3	US Patent	7CYN
CC(C)c1c([nH]c2cc(F)c(nc12)C1CCN(CC1)C1COC1)-c1cc(C)c2ncnn2c1	Toll-like receptor 7	2.3	US Patent	7CYN
CCCN1CCC(COc2ccc3[nH]c(c(C(C)C)c3n2)-c2cc(OC)c3ncnn3c2)CC1	Toll-like receptor 7	2.3	US Patent	7CYN
COc1cc(cn2ncnc12)-c1[nH]c2ccc(nc2c1C(C)C)C1CN(CCS(C)(=O)=O)C1	Toll-like receptor 7	2.3	US Patent	7CYN
COc1cc(cn2ncnc12)-c1[nH]c2ccc(nc2c1C(C)C)C1CN(C)CCO1	Toll-like receptor 7	2.3	US Patent	7CYN
CCN(CC)C1CCN(CC1)c1ccc2[nH]c(c(C(C)C)c2n1)-c1cn2ncnc2c(C)c1C	Toll-like receptor 7	2.3	US Patent	7CYN
COc1cc(cn2ncnc12)-c1[nH]c2ccc(nc2c1C(C)C)N1CCN(CC1)C1CCOCC1	Toll-like receptor 7	2.3	US Patent	7CYN
COc1cc(cn2ncnc12)-c1[nH]c2ccc(nc2c1C(C)C)N1CCN(CC2CC2)CC1	Toll-like receptor 7	2.3	US Patent	7CYN
COc1cc(cn2ncnc12)-c1[nH]c2cnc(N3CCN(CC4CC4)CC3)c(F)c2c1C(C)C	Toll-like receptor 7	2.3	US Patent	7CYN
CCN(CC)C1CCN(CC1)c1ccc2[nH]c(c(C(C)C)c2n1)-c1cn2ncnc2c(C)c1C	Toll-like receptor 7	2.3	US Patent	7CYN
COc1cc(cn2ncnc12)-c1[nH]c2cnc(C3CCN(CCS(C)(=O)=O)CC3)c(C)c2c1C(C)C	Toll-like receptor 7	2.3	US Patent	7CYN
CCCN1CCC(COc2ccc3[nH]c(c(C(C)C)c3n2)-c2cc(OC)c3ncnn3c2)CC1	Toll-like receptor 7	2.3	US Patent	7CYN
COc1cc(cn2ncnc12)-c1[nH]c2ccc(nc2c1C(C)C)N1CCN(CC2CC2)CC1	Toll-like receptor 7	2.3	US Patent	7CYN
CC(C)c1c([nH]c2cnc(C3CCC(CC3)NC3CCOCC3)c(C)c12)-c1cn2ncnc2c(C)c1C	Toll-like receptor 7	2.3	US Patent	7CYN
CC(C)c1c([nH]c2ccc(nc12)N1CCN(CC1)C(=O)CNCCO)-c1cn2ncnc2c(C)c1C	Toll-like receptor 7	2.3	US Patent	7CYN
COc1cc(cn2ncnc12)-c1[nH]c2ccc(nc2c1C(C)C)C1CN(C)CCO1	Toll-like receptor 7	2.3	US Patent	7CYN
CC(C)c1c([nH]c2ccc(nc12)C1CCC(CC1)NC1COC1)-c1cn2ncnc2c(C)c1C	Toll-like receptor 7	2.3	US Patent	7CYN
CC(C)c1c([nH]c2cc(F)c(nc12)C1CCN(CC1)C1COC1)-c1cc(C)c2ncnn2c1	Toll-like receptor 7	2.3	US Patent	7CYN
CC(C)c1c([nH]c2ccc(nc12)N1CCN(CC1)C(=O)CN1CC(C)(C)C1)-c1cn2ncnc2c(C)c1C	Toll-like receptor 7	2.3	US Patent	7CYN
COc1cc(cn2ncnc12)-c1[nH]c2ccc(nc2c1C(C)C)N1CCN(CC1)C1CCOCC1	Toll-like receptor 7	2.3	US Patent	7CYN
COc1cc(cn2ncnc12)-c1[nH]c2ccc(nc2c1C(C)C)C1CN(CCS(C)(=O)=O)C1	Toll-like receptor 7	2.3	US Patent	7CYN
CC(C)c1c([nH]c2ccc(cc12)C1CCN(CC1)C(=O)CC(C)(C)O)-c1cc(C)c2nc(C)nn2c1	Toll-like receptor 7	2.4	US Patent	7CYN
CC(C)c1c([nH]c2ccc(cc12)C1CCN(CC1)C(=O)[C@@H]1C[C@@H](O)CN1)-c1cc(C)c2nc(C)nn2c1	Toll-like receptor 7	2.4	US Patent	7CYN
CCc1c([nH]c2ccc(cc12)C1CCN(CC1)C(=O)CN(C)C)-c1cc(OC)c2ncnn2c1	Toll-like receptor 7	2.4	US Patent	7CYN
CC(C)c1c([nH]c2ccc(cc12)C1CCN(CC(=O)N2CCCCC2)CC1)-c1cn2ncnc2cc1C	Toll-like receptor 7	2.4	US Patent	7CYN
COc1cc(cn2ncnc12)-c1[nH]c2ccc(cc2c1C(C)C)C1CCN(CC(=O)NC2CN(C2)C(=O)OC(C)(C)C)CC1	Toll-like receptor 7	2.4	US Patent	7CYN
CC(C)c1c([nH]c2ccc(cc12)C1CCN(CCC#N)CC1)-c1cn2ncnc2c(C)c1C	Toll-like receptor 7	2.4	US Patent	7CYN
CC(C)N(C)CCC(=O)N1CCC(CC1)c1ccc2[nH]c(c(C(C)C)c2c1)-c1cn2ncnc2c(C)c1C	Toll-like receptor 7	2.4	US Patent	7CYN
CC(C)c1c([nH]c2ccc(cc12)C1CC2CCC(C1)N2CCS(C)(=O)=O)-c1cn2ncnc2c(C)c1C	Toll-like receptor 7	2.4	US Patent	7CYN
CC(C)c1c([nH]c2ccc(cc12)C1CCN(CC(=O)N(C)C)CC1)-c1cc(CO)c2ncnn2c1	Toll-like receptor 7	2.4	US Patent	7CYN
COc1c(C)c(cn2ncnc12)-c1[nH]c2ccc(cc2c1C(C)C)C1CCN(CC1)C1COC1	Toll-like receptor 7	2.4	US Patent	7CYN
COc1c(C)c(cn2ncnc12)-c1[nH]c2ccc(cc2c1C(C)C)C1CCN(CC1)C1COC1	Toll-like receptor 7	2.4	US Patent	7CYN
CC(C)c1c([nH]c2ccc(cc12)C1CCN(CC1)C(=O)CC(C)(C)O)-c1cc(C)c2nc(C)nn2c1	Toll-like receptor 7	2.4	US Patent	7CYN
CC(C)c1c([nH]c2ccc(cc12)C1CCN(CC1)C(=O)[C@@H]1C[C@@H](O)CN1)-c1cc(C)c2nc(C)nn2c1	Toll-like receptor 7	2.4	US Patent	7CYN
CC(C)c1c([nH]c2ccc(nc12)N1CCN(C[C@H]1C)C(=O)CNC1CC1)-c1cn2ncnc2c(C)c1C	Toll-like receptor 7	2.4	US Patent	7CYN
CC(C)c1c([nH]c2ccc(nc12)N1CCN(CC1)C(=O)[C@@H](C)N(C)C)-c1cn2ncnc2c(C)c1C	Toll-like receptor 7	2.4	US Patent	7CYN
CCc1c([nH]c2ccc(cc12)C1CCN(CC1)C(=O)CN(C)C)-c1cc(OC)c2ncnn2c1	Toll-like receptor 7	2.4	US Patent	7CYN
CC(C)c1c([nH]c2ccc(nc12)N1CCN(CC1)C(=O)CN(C)CC1CC1)-c1cn2ncnc2c(C)c1C	Toll-like receptor 7	2.4	US Patent	7CYN
CC(C)c1c([nH]c2ccc(nc12)N1CCC(CC1)N(C)CC(=O)N(C)C)-c1cn2ncnc2c(C)c1C	Toll-like receptor 7	2.4	US Patent	7CYN
CC(C)c1c([nH]c2ccc(cc12)C1CCN(CC(=O)N2CCCCC2)CC1)-c1cn2ncnc2cc1C	Toll-like receptor 7	2.4	US Patent	7CYN
COc1cc(cn2ncnc12)-c1[nH]c2ccc(cc2c1C(C)C)C1CCN(CC(=O)NC2CN(C2)C(=O)OC(C)(C)C)CC1	Toll-like receptor 7	2.4	US Patent	7CYN
CC(C)N(C)CCC(=O)N1CCC(CC1)c1ccc2[nH]c(c(C(C)C)c2c1)-c1cn2ncnc2c(C)c1C	Toll-like receptor 7	2.4	US Patent	7CYN
CC(C)c1c([nH]c2ccc(cc12)C1CC2CCC(C1)N2CCS(C)(=O)=O)-c1cn2ncnc2c(C)c1C	Toll-like receptor 7	2.4	US Patent	7CYN
COCCNCC(=O)N1CCN(CC1)c1ccc2[nH]c(c(C(C)C)c2n1)-c1cn2ncnc2c(C)c1C	Toll-like receptor 7	2.4	US Patent	7CYN
CC(C)c1c([nH]c2ccc(cc12)C1CCN(CCC#N)CC1)-c1cn2ncnc2c(C)c1C	Toll-like receptor 7	2.4	US Patent	7CYN
COc1cc(cn2ncnc12)-c1[nH]c2cc(C)c(nc2c1C(C)C)C1CCC(CC1)NCC(C)(C)O	Toll-like receptor 7	2.4	US Patent	7CYN
CC(C)c1c([nH]c2ccc(nc12)C1CCC(CC1)N(C)CCS(C)(=O)=O)-c1cn2ncnc2c(C)c1C	Toll-like receptor 7	2.4	US Patent	7CYN
CC(C)c1c([nH]c2ccc(cc12)C1CCN(CC(=O)N(C)C)CC1)-c1cc(CO)c2ncnn2c1	Toll-like receptor 7	2.4	US Patent	7CYN
CC(C)c1c([nH]c2ccc(nc12)C1CC(C1)N(C)C(=O)CN(C)C)-c1cn2ncnc2c(C)c1C	Toll-like receptor 7	2.4	US Patent	7CYN
CNCC(=O)N1CCC(CC1)c1ccc2[nH]c(c(C(C)C)c2c1)-c1cc(C)ncc1F	Toll-like receptor 7	2.4	US Patent	7CYN
CC(O)CN1CCC(CC1)c1ccc2[nH]c(c(C(C)C)c2c1)-c1cc(C)nc(C)c1	Toll-like receptor 7	2.4	US Patent	7CYN
CCCCN(CCO)CC(=O)N1CCC(CC1)c1ccc2[nH]c(c(C(C)C)c2c1)-c1cc(C)nc(C)c1	Toll-like receptor 7	2.4	US Patent	7CYN
CC(C)CN1CCC(CC1)c1ccc2[nH]c(c(C(C)C)c2c1)-c1cc(C)nc(C)c1	Toll-like receptor 7	2.4	US Patent	7CYN
CC(C)c1c([nH]c2ccc(cc12)[C@@H]1CCNC[C@H]1O)-c1cc(C)nc(C)c1	Toll-like receptor 7	2.4	US Patent	7CYN
COCCNCC(=O)N1CCN(CC1)c1ccc2[nH]c(c(C(C)C)c2n1)-c1cn2ncnc2c(C)c1C	Toll-like receptor 7	2.4	US Patent	7CYN
CC(C)c1c([nH]c2ccc(nc12)N1CC(N)C1)-c1cn2ncnc2c(C)c1C	Toll-like receptor 7	2.4	US Patent	7CYN
CC(C)c1c([nH]c2ccc(nc12)C1CCC(CC1)N(C)CCS(C)(=O)=O)-c1cn2ncnc2c(C)c1C	Toll-like receptor 7	2.4	US Patent	7CYN
CC(C)c1c([nH]c2ccc(nc12)N1CCN(C[C@H]1C)C(=O)CNC1CC1)-c1cn2ncnc2c(C)c1C	Toll-like receptor 7	2.4	US Patent	7CYN
CC(C)c1c([nH]c2ccc(nc12)N1CCN(CC1)C(=O)[C@@H](C)N(C)C)-c1cn2ncnc2c(C)c1C	Toll-like receptor 7	2.4	US Patent	7CYN
CC(C)c1c([nH]c2ccc(nc12)N1CCN(CC1)C(=O)CN(C)CC1CC1)-c1cn2ncnc2c(C)c1C	Toll-like receptor 7	2.4	US Patent	7CYN
CC(C)c1c([nH]c2ccc(nc12)C1CC(C1)N(C)C(=O)CN(C)C)-c1cn2ncnc2c(C)c1C	Toll-like receptor 7	2.4	US Patent	7CYN
CC(C)c1c([nH]c2ccc(nc12)N1CCC(CC1)N(C)CC(=O)N(C)C)-c1cn2ncnc2c(C)c1C	Toll-like receptor 7	2.4	US Patent	7CYN
CC(C)c1c([nH]c2ccc(nc12)N1CCN(CC1)C(=O)CN(C)CC1CC1)-c1cn2ncnc2c(C)c1C	Toll-like receptor 7	2.4	US Patent	7CYN
CC(C)NC1CCC(CC1)c1ncc2[nH]c(c(C(C)C)c2c1F)-c1cc(C)c2ncnn2c1	Toll-like receptor 7	2.4	US Patent	7CYN
Cc1cc(cc(C)n1)-c1cc(C)c2c(c1)[nH]c1ccc(cc21)C1CCNCC1	Toll-like receptor 7	2.4	ChEMBL	7CYN
COCCNCC(=O)N1CCN(CC1)c1ccc2[nH]c(c(C(C)C)c2n1)-c1cn2ncnc2c(C)c1C	Toll-like receptor 7	2.4	US Patent	7CYN
CC(C)c1c([nH]c2ccc(nc12)N1CCN(C[C@H]1C)C(=O)CNC1CC1)-c1cn2ncnc2c(C)c1C	Toll-like receptor 7	2.4	US Patent	7CYN
CC(C)c1c([nH]c2ccc(nc12)N1CCN(CC1)C(=O)[C@@H](C)N(C)C)-c1cn2ncnc2c(C)c1C	Toll-like receptor 7	2.4	US Patent	7CYN
CC(C)c1c([nH]c2ccc(nc12)N1CCC(CC1)N(C)CC(=O)N(C)C)-c1cn2ncnc2c(C)c1C	Toll-like receptor 7	2.4	US Patent	7CYN
CC(C)c1c([nH]c2ccc(nc12)C1CC(C1)N(C)C(=O)CN(C)C)-c1cn2ncnc2c(C)c1C	Toll-like receptor 7	2.4	US Patent	7CYN
CC(C)c1c([nH]c2ccc(nc12)C1CCC(CC1)N(C)CCS(C)(=O)=O)-c1cn2ncnc2c(C)c1C	Toll-like receptor 7	2.4	US Patent	7CYN
COc1cc(cn2ncnc12)-c1[nH]c2cc(C)c(nc2c1C(C)C)C1CCC(CC1)NCC(C)(C)O	Toll-like receptor 7	2.4	US Patent	7CYN
COc1cc(cn2ncnc12)-c1[nH]c2cnc(C3CCC(CC3)N3CC4(COC4)C3)c(F)c2c1C(C)C	Toll-like receptor 7	2.4	US Patent	7CYN
COc1cc(cn2ncnc12)-c1[nH]c2cnc(cc2c1C(C)C)C1CCC(CC1)NCC(C)(C)C	Toll-like receptor 7	2.4	US Patent	7CYN
CCN(CC)CC(=O)N1CCC(CC1)c1ccc2[nH]c(c(C(C)C)c2c1)-c1cn2ncnc2c(C)c1C	Toll-like receptor 7	2.5	US Patent	7CYN
CC(C)c1c([nH]c2ccc(cc12)C1CCN(CC1)C(=O)CCNCC1CCCO1)-c1cn2ncnc2c(C)c1C	Toll-like receptor 7	2.5	US Patent	7CYN
COCCNCCC(=O)N1CCC(CC1)c1ccc2[nH]c(c(C(C)C)c2c1)-c1cn2ncnc2c(C)c1C	Toll-like receptor 7	2.5	US Patent	7CYN
CC(C)c1c([nH]c2ccc(cc12)C1CCN(CC1)C(=O)OC[C@@H]1CCCN1C)-c1cn2ncnc2c(C)c1C	Toll-like receptor 7	2.5	US Patent	7CYN
CC(C)c1c([nH]c2ccc(cc12)C1CCN(CC1)C(=O)N1CC2CCCNC2C1)-c1cn2ncnc2c(C)c1C	Toll-like receptor 7	2.5	US Patent	7CYN
CCc1c([nH]c2ccc(cc12)C1CCN(CC(=O)NC)CC1)-c1cc(OC)c2ncnn2c1	Toll-like receptor 7	2.5	US Patent	7CYN
CC(C)c1c([nH]c2ccc(cc12)C1CCN(Cc2c(F)cc(CO)cc2F)CC1)-c1cc(C)c2ncnn2c1	Toll-like receptor 7	2.5	US Patent	7CYN
CC(C)c1c([nH]c2ccc(cc12)C1CCN(Cc2cncnc2)CC1)-c1cc(C)c2ncnn2c1	Toll-like receptor 7	2.5	US Patent	7CYN
CC(C)c1c([nH]c2ccc(cc12)C1CCN(Cc2cn(C)nn2)CC1)-c1cc(CO)c2ncnn2c1	Toll-like receptor 7	2.5	US Patent	7CYN
CC(C)c1c([nH]c2ccc(nc12)N1CCN(C[C@H]1C)C(=O)CN1CC2(COC2)C1)-c1cn2ncnc2c(C)c1C	Toll-like receptor 7	2.5	US Patent	7CYN
CCN(CC)CC(=O)N1CCC(CC1)c1ccc2[nH]c(c(C(C)C)c2c1)-c1cn2ncnc2c(C)c1C	Toll-like receptor 7	2.5	US Patent	7CYN
CC(C)c1c([nH]c2ccc(nc12)N1C[C@H](C)N[C@H](C)C1)-c1cn2ncnc2c(C)c1C	Toll-like receptor 7	2.5	US Patent	7CYN
CC(C)c1c([nH]c2ccc(nc12)[C@@H]1CC[C@@H](CC1)N1CC2(C1)CS(=O)(=O)C2)-c1cn2ncnc2c(C)c1C	Toll-like receptor 7	2.5	US Patent	7CYN
CC(C)c1c([nH]c2ccc(cc12)C1CCN(CC1)C(=O)CCNCC1CCCO1)-c1cn2ncnc2c(C)c1C	Toll-like receptor 7	2.5	US Patent	7CYN
COCCNCCC(=O)N1CCC(CC1)c1ccc2[nH]c(c(C(C)C)c2c1)-c1cn2ncnc2c(C)c1C	Toll-like receptor 7	2.5	US Patent	7CYN
COc1cc(cn2ncnc12)-c1[nH]c2ccc(nc2c1C(C)C)N1CCN(CC1)C1CCC1	Toll-like receptor 7	2.5	US Patent	7CYN
CC(C)c1c([nH]c2ccc(cc12)C1CCN(CC1)C(=O)OC[C@@H]1CCCN1C)-c1cn2ncnc2c(C)c1C	Toll-like receptor 7	2.5	US Patent	7CYN
CC(C)c1c([nH]c2ccc(cc12)C1CCN(CC1)C(=O)N1CC2CCCNC2C1)-c1cn2ncnc2c(C)c1C	Toll-like receptor 7	2.5	US Patent	7CYN
CC(C)c1c([nH]c2ccc(nc12)C1CCC(CC1)N(C)Cc1cnc(C)cn1)-c1cn2ncnc2c(C)c1C	Toll-like receptor 7	2.5	US Patent	7CYN
CC(C)c1c([nH]c2ccc(nc12)C1CCC(CC1)NC1CC1)-c1cn2ncnc2c(C)c1C	Toll-like receptor 7	2.5	US Patent	7CYN
CCc1c([nH]c2ccc(cc12)C1CCN(CC(=O)NC)CC1)-c1cc(OC)c2ncnn2c1	Toll-like receptor 7	2.5	US Patent	7CYN
CC(C)c1c([nH]c2ccc(cc12)C1CCN(Cc2c(F)cc(CO)cc2F)CC1)-c1cc(C)c2ncnn2c1	Toll-like receptor 7	2.5	US Patent	7CYN
CC(C)c1c([nH]c2ccc(cc12)C1CCN(Cc2cncnc2)CC1)-c1cc(C)c2ncnn2c1	Toll-like receptor 7	2.5	US Patent	7CYN
CC(C)c1c([nH]c2ccc(cc12)C1CCN(Cc2cn(C)nn2)CC1)-c1cc(CO)c2ncnn2c1	Toll-like receptor 7	2.5	US Patent	7CYN
CC(C)NCC(=O)N1CCC(CC1)c1ccc2[nH]c(c(C(C)C)c2c1)-c1cc(C)nc(C)c1	Toll-like receptor 7	2.5	US Patent	7CYN
CC(C)c1c([nH]c2ccc(cc12)C1CCN(CC1)C(=O)CNCC1CCCO1)-c1cc(C)nc(C)c1	Toll-like receptor 7	2.5	US Patent	7CYN
CC(C)c1c([nH]c2ccc(cc12)C1CCN(CC2CCC2)CC1)-c1cc(C)nc(C)c1	Toll-like receptor 7	2.5	US Patent	7CYN
CC(C)c1c([nH]c2ccc(cc12)C1CCN(CC2CC2)CC1)-c1cc(C)nc(C)c1	Toll-like receptor 7	2.5	US Patent	7CYN
CC(C)c1c([nH]c2ccc(nc12)C1CCC(CC1)N(C)Cc1cnc(C)cn1)-c1cn2ncnc2c(C)c1C	Toll-like receptor 7	2.5	US Patent	7CYN
CC(C)c1c([nH]c2ccc(nc12)C1CCC(CC1)NC1CC1)-c1cn2ncnc2c(C)c1C	Toll-like receptor 7	2.5	US Patent	7CYN
CC(C)c1c([nH]c2ccc(nc12)N1CCN(C[C@H]1C)C(=O)CN1CC2(COC2)C1)-c1cn2ncnc2c(C)c1C	Toll-like receptor 7	2.5	US Patent	7CYN
CC(C)c1c([nH]c2ccc(nc12)N1C[C@H](C)N[C@H](C)C1)-c1cn2ncnc2c(C)c1C	Toll-like receptor 7	2.5	US Patent	7CYN
CC(C)c1c([nH]c2ccc(nc12)[C@@H]1CC[C@@H](CC1)N1CC2(C1)CS(=O)(=O)C2)-c1cn2ncnc2c(C)c1C	Toll-like receptor 7	2.5	US Patent	7CYN
COc1cc(cn2ncnc12)-c1[nH]c2ccc(nc2c1C(C)C)N1CCN(CC1)C1CCC1	Toll-like receptor 7	2.5	US Patent	7CYN
CC(C)c1c([nH]c2ccc(nc12)C1CCC(CC1)N(C)Cc1cnc(C)cn1)-c1cn2ncnc2c(C)c1C	Toll-like receptor 7	2.5	US Patent	7CYN
COc1cc(cn2ncnc12)-c1[nH]c2cnc(N3CCN(CC(=O)N(C)C)CC3)c(Cl)c2c1C(C)C	Toll-like receptor 7	2.5	US Patent	7CYN
CC(C)N1CCC(CC1)c1ncc2[nH]c(c(C(C)C)c2c1F)-c1cc(C)nc(C)c1	Toll-like receptor 7	2.5	US Patent	7CYN
COc1cc(cn2ncnc12)-c1[nH]c2cnc(N3CCN(CC4CC4)C[C@H]3C)c(F)c2c1C(C)C	Toll-like receptor 7	2.5	US Patent	7CYN
CNC(=O)CN1CCC(CC1)c1ncc2[nH]c(c(C(C)C)c2c1F)-c1cc(OC)c2ncnn2c1	Toll-like receptor 7	2.5	US Patent	7CYN
CC(C)c1c([nH]c2cnc(N3CCN(CC3)C3COC3)c(F)c12)-c1cn2ncnc2c(C)c1C	Toll-like receptor 7	2.5	US Patent	7CYN
CC(C)c1c([nH]c2ccc(nc12)N1C[C@H](C)N[C@H](C)C1)-c1cn2ncnc2c(C)c1C	Toll-like receptor 7	2.5	US Patent	7CYN
CC(C)c1c([nH]c2ccc(nc12)C1CCC(CC1)NC1CC1)-c1cn2ncnc2c(C)c1C	Toll-like receptor 7	2.5	US Patent	7CYN
COc1cc(cn2ncnc12)-c1[nH]c2ccc(cc2c1C(C)C)C(=O)NC1CCN(CC1)C(C)C	Toll-like receptor 7	2.5	US Patent	7CYN
COc1cc(cn2ncnc12)-c1[nH]c2ccc(nc2c1C(C)C)N1CCN(CC1)C1CCC1	Toll-like receptor 7	2.5	US Patent	7CYN
COc1cc(cn2ncnc12)-c1[nH]c2cnc(C3CCN(CC(=O)N(C)C)CC3)c(F)c2c1C(C)C	Toll-like receptor 7	2.5	US Patent	7CYN
CNC(=O)CN1CCN(CC1)c1ncc2[nH]c(c(C(C)C)c2c1F)-c1cc(OC)c2ncnn2c1	Toll-like receptor 7	2.5	US Patent	7CYN
CC(C)c1c([nH]c2ccc(nc12)N1CCN(C[C@H]1C)C(=O)CN1CC2(COC2)C1)-c1cn2ncnc2c(C)c1C	Toll-like receptor 7	2.5	US Patent	7CYN
CC(C)c1c([nH]c2cnc(N3CCN(C[C@H]3C)C3CCC3)c(F)c12)-c1cn2ncnc2c(C)c1C	Toll-like receptor 7	2.5	US Patent	7CYN
CC(C)c1c([nH]c2ccc(nc12)[C@@H]1CC[C@@H](CC1)N1CC2(C1)CS(=O)(=O)C2)-c1cn2ncnc2c(C)c1C	Toll-like receptor 7	2.5	US Patent	7CYN
COc1cc(cn2ncnc12)-c1[nH]c2cnc(C3CCC(CC3)N3CCC3)c(F)c2c1C(C)C	Toll-like receptor 7	2.5	US Patent	7CYN
CC(C)c1c([nH]c2ccc(cc12)C1CCN(CC1)C(=O)CN(C)C)-c1cc(C2CC2)c2nc(C)nn2c1	Toll-like receptor 7	2.6	US Patent	7CYN
CCN(CCO)C(=O)CN1CCC(CC1)c1ccc2[nH]c(c(C(C)C)c2c1)-c1cc(C)c2ncnn2c1	Toll-like receptor 7	2.6	US Patent	7CYN
CC(C)c1c([nH]c2ccc(cc12)C1CCN(CC1)C(=O)OCCN1CCCCC1)-c1cn2ncnc2c(C)c1C	Toll-like receptor 7	2.6	US Patent	7CYN
CCOc1cc(cn2ncnc12)-c1[nH]c2ccc(cc2c1C(C)C)C1CCNCC1	Toll-like receptor 7	2.6	US Patent	7CYN
CC(C)c1c([nH]c2ccc(cc12)C1CCN(CC1)C(=O)NCCN1CCCC1)-c1cn2ncnc2c(C)c1C	Toll-like receptor 7	2.6	US Patent	7CYN
CNC(=O)CN1CCC(CC1)c1ccc2[nH]c(c(C(C)C)c2c1)-c1cc(C2CC2)c2nc(C)nn2c1	Toll-like receptor 7	2.6	US Patent	7CYN
CC(C)c1c([nH]c2ccc(cc12)C1CCN(Cc2ncccn2)CC1)-c1cc(C)c2ncnn2c1	Toll-like receptor 7	2.6	US Patent	7CYN
CC(C)c1c([nH]c2ccc(cc12)C1CCN(CC1)C(C)CS(=O)(=O)N1CCCCC1)-c1cc(C)c2ncnn2c1	Toll-like receptor 7	2.6	US Patent	7CYN
CC(C)c1c([nH]c2ccc(cc12)C1CCN(Cc2cnn[nH]2)CC1)-c1cc(CO)c2ncnn2c1	Toll-like receptor 7	2.6	US Patent	7CYN
CC(C)c1c([nH]c2ccc(cc12)C1CCN(CC1)C1CCOCC1)-c1cc(CO)c2ncnn2c1	Toll-like receptor 7	2.6	US Patent	7CYN
CCOc1cc(cn2ncnc12)-c1[nH]c2ccc(cc2c1C(C)C)C1CCN(CC1)C1CCS(=O)(=O)CC1	Toll-like receptor 7	2.6	US Patent	7CYN
COc1c(C)c(cn2ncnc12)-c1[nH]c2ccc(cc2c1C(C)C)C1CCN(CC2(C)COC2)CC1	Toll-like receptor 7	2.6	US Patent	7CYN
CCOc1cc(cn2ncnc12)-c1[nH]c2ccc(cc2c1C(C)C)C1CCN(CC1)C1CCS(=O)(=O)CC1	Toll-like receptor 7	2.6	US Patent	7CYN
COc1c(C)c(cn2ncnc12)-c1[nH]c2ccc(cc2c1C(C)C)C1CCN(CC2(C)COC2)CC1	Toll-like receptor 7	2.6	US Patent	7CYN
CC(C)c1c([nH]c2ccc(cc12)C1CCN(CC1)C(=O)CN(C)C)-c1cc(C2CC2)c2nc(nn2c1)C(F)(F)F	Toll-like receptor 7	2.6	US Patent	7CYN
CC(C)c1c([nH]c2ccc(nc12)N1[C@H]2CC[C@@H]1CN(C2)C(=O)CN1CC2(COC2)C1)-c1cn2ncnc2c(C)c1C	Toll-like receptor 7	2.6	US Patent	7CYN
CC(C)c1c([nH]c2ccc(nc12)N1C[C@@H](C)N([C@H](C)C1)C(=O)CN1CC2(COC2)C1)-c1cn2ncnc2c(C)c1C	Toll-like receptor 7	2.6	US Patent	7CYN
CC(C)N(C)CC(=O)N1C[C@@H](C)N(C[C@@H]1C)c1ccc2[nH]c(c(C(C)C)c2n1)-c1cn2ncnc2c(C)c1C	Toll-like receptor 7	2.6	US Patent	7CYN
CC(C)c1c([nH]c2ccc(nc12)N1CCN(CC1)C(=O)CN(C)CC(C)(C)O)-c1cn2ncnc2c(C)c1C	Toll-like receptor 7	2.6	US Patent	7CYN
CCN(CCO)C(=O)CN1CCC(CC1)c1ccc2[nH]c(c(C(C)C)c2c1)-c1cc(C)c2ncnn2c1	Toll-like receptor 7	2.6	US Patent	7CYN
CC(C)c1c([nH]c2ccc(cc12)C1CCN(CC1)C(=O)OCCN1CCCCC1)-c1cn2ncnc2c(C)c1C	Toll-like receptor 7	2.6	US Patent	7CYN
CC(C)c1c([nH]c2ccc(cc12)C1CCN(CC1)C(=O)NCCN1CCCC1)-c1cn2ncnc2c(C)c1C	Toll-like receptor 7	2.6	US Patent	7CYN
CC(C)c1c([nH]c2ccc(nc12)N1CCN(C)CC1)-c1cn(C)c2ncncc12	Toll-like receptor 7	2.6	US Patent	7CYN
CCn1cc(-c2[nH]c3ccc(nc3c2C(C)C)C2CCC(CC2)NCC(=O)N(C)C)c2cccnc12	Toll-like receptor 7	2.6	US Patent	7CYN
CCOc1cc(cn2ncnc12)-c1[nH]c2ccc(cc2c1C(C)C)C1CCNCC1	Toll-like receptor 7	2.6	US Patent	7CYN
CC(C)c1c([nH]c2ccc(nc12)C1CCC(CC1)N(C)C)-c1cn2ncnc2c(C)c1C	Toll-like receptor 7	2.6	US Patent	7CYN
CC(C)c1c([nH]c2ccc(nc12)C1CCC(CC1)NCCO)-c1cn2ncnc2c(C)c1C	Toll-like receptor 7	2.6	US Patent	7CYN
COCCN(C)C1CCC(CC1)c1ccc2[nH]c(c(C(C)C)c2n1)-c1cn2ncnc2c(C)c1C	Toll-like receptor 7	2.6	US Patent	7CYN
CC(C)c1c([nH]c2ccc(nc12)C1CCC(CC1)N(CC#N)CC(=O)N(C)C)-c1cn2ncnc2c(C)c1C	Toll-like receptor 7	2.6	US Patent	7CYN
CC(C)c1c([nH]c2ccc(nc12)C1CCC(CC1)N(CCO)CCS(C)(=O)=O)-c1cn2ncnc2c(C)c1C	Toll-like receptor 7	2.6	US Patent	7CYN
CNC(=O)CN1CCC(CC1)c1ccc2[nH]c(c(C(C)C)c2c1)-c1cc(C2CC2)c2nc(C)nn2c1	Toll-like receptor 7	2.6	US Patent	7CYN
CC(C)c1c([nH]c2cc(C)c(nc12)C1CCNCC1)-c1cc(C)nc(C)c1	Toll-like receptor 7	2.6	US Patent	7CYN
CC(C)c1c([nH]c2ccc(cc12)C1CCN(Cc2ncccn2)CC1)-c1cc(C)c2ncnn2c1	Toll-like receptor 7	2.6	US Patent	7CYN
COc1cc(cn2ncnc12)-c1[nH]c2ccc(OC3CCN(CC(=O)N(C)C)CC3)nc2c1C(C)C	Toll-like receptor 7	2.6	US Patent	7CYN
COc1cc(cn2ncnc12)-c1[nH]c2ccc(nc2c1C(C)C)C1CC(C1)N(C)C	Toll-like receptor 7	2.6	US Patent	7CYN
CC(C)c1c([nH]c2ccc(cc12)C1CCN(CC1)C(C)CS(=O)(=O)N1CCCCC1)-c1cc(C)c2ncnn2c1	Toll-like receptor 7	2.6	US Patent	7CYN
CC(C)c1c([nH]c2ccc(cc12)C1CCN(Cc2cnn[nH]2)CC1)-c1cc(CO)c2ncnn2c1	Toll-like receptor 7	2.6	US Patent	7CYN
CC(C)c1c([nH]c2ccc(cc12)C1CCN(CC1)C1CCOCC1)-c1cc(CO)c2ncnn2c1	Toll-like receptor 7	2.6	US Patent	7CYN
CC(C)c1c([nH]c2ccc(cc12)C1CCN(CC1)C(=O)CN(C)C)-c1cc(C)ncc1F	Toll-like receptor 7	2.6	US Patent	7CYN
CC(C)c1c([nH]c2ccc(cc12)C1CCN(CCCN(C)C)CC1)-c1ccnc(C)c1	Toll-like receptor 7	2.6	US Patent	7CYN
CC(C)c1c([nH]c2ccc(cc12)C1CCNCC1)-c1cc(C)ncc1C	Toll-like receptor 7	2.6	US Patent	7CYN
CC(C)c1c([nH]c2ccc(cc12)C1CCN(CC1)C(=O)CN1CCN(CCO)CC1)-c1cc(C)nc(C)c1	Toll-like receptor 7	2.6	US Patent	7CYN
CC(C)c1c([nH]c2ccc(cc12)C1CCN(CC1)C(=O)[C@@H]1CCNC1)-c1cc(C)nc(C)c1	Toll-like receptor 7	2.6	US Patent	7CYN
CCN(C)C(=O)CN1CCC(CC1)c1ccc2[nH]c(c(C(C)C)c2c1)-c1cc(C)nc(C)c1	Toll-like receptor 7	2.6	US Patent	7CYN
CC(C)c1c([nH]c2ccc(cc12)C1CCN(CC(=O)NC2(C)CCOCC2)CC1)-c1cc(C)nc(C)c1	Toll-like receptor 7	2.6	US Patent	7CYN
CC(C)c1c([nH]c2ccc(cc12)C1CCN(CC(=O)N2CCC(F)CC2)CC1)-c1cc(C)nc(C)c1	Toll-like receptor 7	2.6	US Patent	7CYN
CCn1cc(-c2[nH]c3ccc(nc3c2C(C)C)C2CCC(CC2)NCC(=O)N(C)C)c2cccnc12	Toll-like receptor 7	2.6	US Patent	7CYN
CC(C)c1c([nH]c2ccc(nc12)C1CCC(CC1)N(C)C)-c1cn2ncnc2c(C)c1C	Toll-like receptor 7	2.6	US Patent	7CYN
CC(C)c1c([nH]c2ccc(nc12)C1CCC(CC1)NCCO)-c1cn2ncnc2c(C)c1C	Toll-like receptor 7	2.6	US Patent	7CYN
COCCN(C)C1CCC(CC1)c1ccc2[nH]c(c(C(C)C)c2n1)-c1cn2ncnc2c(C)c1C	Toll-like receptor 7	2.6	US Patent	7CYN
CC(C)c1c([nH]c2ccc(nc12)C1CCC(CC1)N(CC#N)CC(=O)N(C)C)-c1cn2ncnc2c(C)c1C	Toll-like receptor 7	2.6	US Patent	7CYN
CC(C)c1c([nH]c2ccc(nc12)C1CCC(CC1)N(CCO)CCS(C)(=O)=O)-c1cn2ncnc2c(C)c1C	Toll-like receptor 7	2.6	US Patent	7CYN
CC(C)c1c([nH]c2cc(C)c(nc12)C1CCNCC1)-c1cc(C)nc(C)c1	Toll-like receptor 7	2.6	US Patent	7CYN
CCC[C@H]1CN(CN1c1ccc2[nH]c(c(C(C)C)c2n1)-c1cn2ncnc2c(C)c1C)C(=O)CN1CC2(COC2)C1	Toll-like receptor 7	2.6	US Patent	7CYN
CC(C)c1c([nH]c2ccc(nc12)N1C[C@@H](C)N([C@H](C)C1)C(=O)CN1CC2(COC2)C1)-c1cn2ncnc2c(C)c1C	Toll-like receptor 7	2.6	US Patent	7CYN
CC(C)N(C)CC(=O)N1C[C@@H](C)N(C[C@@H]1C)c1ccc2[nH]c(c(C(C)C)c2n1)-c1cn2ncnc2c(C)c1C	Toll-like receptor 7	2.6	US Patent	7CYN
CC(C)c1c([nH]c2ccc(nc12)N1CCN(CC1)C(=O)CN(C)CC(C)(C)O)-c1cn2ncnc2c(C)c1C	Toll-like receptor 7	2.6	US Patent	7CYN
COc1cc(cn2ncnc12)-c1[nH]c2ccc(OC3CCN(CC(=O)N(C)C)CC3)nc2c1C(C)C	Toll-like receptor 7	2.6	US Patent	7CYN
COc1cc(cn2ncnc12)-c1[nH]c2ccc(nc2c1C(C)C)C1CC(C1)N(C)C	Toll-like receptor 7	2.6	US Patent	7CYN
CC(C)c1c([nH]c2ccc(nc12)N1CCN(C)CC1)-c1cn(C)c2ncncc12	Toll-like receptor 7	2.6	US Patent	7CYN
CCCN1CCN([C@H](C)C1)c1ncc2[nH]c(c(C(C)C)c2c1F)-c1c[nH]\c(=N/C=N)c(OC)c1	Toll-like receptor 7	2.6	US Patent	7CYN
CC(C)c1c([nH]c2ccc(nc12)C1CCC(CC1)N(C)C)-c1cn2ncnc2c(C)c1C	Toll-like receptor 7	2.6	US Patent	7CYN
COCCN(C)C1CCC(CC1)c1ccc2[nH]c(c(C(C)C)c2n1)-c1cn2ncnc2c(C)c1C	Toll-like receptor 7	2.6	US Patent	7CYN
CC(C)c1c([nH]c2ccc(nc12)N1[C@H]2CC[C@@H]1CN(C2)C(=O)CN1CC2(COC2)C1)-c1cn2ncnc2c(C)c1C	Toll-like receptor 7	2.6	US Patent	7CYN
COc1cc(cn2ncnc12)-c1[nH]c2ccc(OC3CCN(CC(=O)N(C)C)CC3)nc2c1C(C)C	Toll-like receptor 7	2.6	US Patent	7CYN
CC(C)c1c([nH]c2cnc(C3CCC(CC3)NC34CC(C3)C4)c(F)c12)-c1cn2ncnc2c(C)c1C	Toll-like receptor 7	2.6	US Patent	7CYN
CC(C)NC1CCC(CC1)c1ncc2[nH]c(c(C(C)C)c2c1F)-c1cn2ncnc2c(C)c1C	Toll-like receptor 7	2.6	US Patent	7CYN
COc1cc(cn2ncnc12)-c1[nH]c2cnc(N3CCN(C[C@H]3C)C3CCN(CC3)C(C)C)c(F)c2c1C(C)C	Toll-like receptor 7	2.6	US Patent	7CYN
CC(C)c1c([nH]c2ccc(nc12)N1C[C@@H](C)N([C@H](C)C1)C(=O)CN1CC2(COC2)C1)-c1cn2ncnc2c(C)c1C	Toll-like receptor 7	2.6	US Patent	7CYN
CC(C)c1c([nH]c2ccc(nc12)N1CCN(C)CC1)-c1cn(C)c2ncncc12	Toll-like receptor 7	2.6	US Patent	7CYN
CC(C)c1c([nH]c2cc(C)c(nc12)C1CCNCC1)-c1cc(C)nc(C)c1	Toll-like receptor 7	2.6	US Patent	7CYN
COc1cc(cn2ncnc12)-c1[nH]c2ccc(nc2c1C(C)C)C1CC(C1)N(C)C	Toll-like receptor 7	2.6	US Patent	7CYN
CC(C)c1c([nH]c2ccc(nc12)C1CCC(CC1)NCCO)-c1cn2ncnc2c(C)c1C	Toll-like receptor 7	2.6	US Patent	7CYN
CC(C)c1c([nH]c2ccc(cc12)-c1cc2CCNCc2s1)-c1cc(C)nc(C)c1	Toll-like receptor 7	2.6	US Patent	7CYN
CC(C)c1c([nH]c2ccc(cc12)-c1nc2CCNCc2s1)-c1cc(C)nc(C)c1	Toll-like receptor 7	2.6	US Patent	7CYN
CC(C)c1c([nH]c2ccc(cc12)C1CCNCC1)-c1cc(C)ncc1C	Toll-like receptor 7	2.6	ChEMBL	7CYN
CC(C)c1c([nH]c2ccc(nc12)C1CCC(CC1)N(CC#N)CC(=O)N(C)C)-c1cn2ncnc2c(C)c1C	Toll-like receptor 7	2.6	US Patent	7CYN
CC(C)c1c([nH]c2ccc(nc12)N1CCN(CC1)C(=O)CN(C)CC(C)(C)O)-c1cn2ncnc2c(C)c1C	Toll-like receptor 7	2.6	US Patent	7CYN
CC(C)c1c([nH]c2ccc(nc12)C1CCC(CC1)N(CCO)CCS(C)(=O)=O)-c1cn2ncnc2c(C)c1C	Toll-like receptor 7	2.6	US Patent	7CYN
CC(C)c1c([nH]c2cnc(cc12)C1CCN(CC(N)=O)CC1)-c1cn2ncnc2c(C)c1C	Toll-like receptor 7	2.6	US Patent	7CYN
CC(C)c1c([nH]c2cnc(N3CCC(CC3)NCC(C)(C)C)c(F)c12)-c1cn2ncnc2c(C)c1C	Toll-like receptor 7	2.6	US Patent	7CYN
COc1cc(cn2ncnc12)-c1[nH]c2cnc(C3CCC(CC3)NCC3(C)COC3)c(C)c2c1C(C)C	Toll-like receptor 7	2.6	US Patent	7CYN
CCn1cc(-c2[nH]c3ccc(nc3c2C(C)C)C2CCC(CC2)NCC(=O)N(C)C)c2cccnc12	Toll-like receptor 7	2.6	US Patent	7CYN
CC(C)N(C)CC(=O)N1C[C@@H](C)N(C[C@@H]1C)c1ccc2[nH]c(c(C(C)C)c2n1)-c1cn2ncnc2c(C)c1C	Toll-like receptor 7	2.6	US Patent	7CYN
CC(C)c1c([nH]c2ccc(cc12)C1CCN(CC1)C(=O)[C@H]1NCC[C@H]1O)-c1cc(C)c2ncnn2c1	Toll-like receptor 7	2.7	US Patent	7CYN
CCOc1cc(cn2ncnc12)-c1[nH]c2ccc(cc2c1C(C)C)C1CCN(CC1)C(=O)CN(C)C	Toll-like receptor 7	2.7	US Patent	7CYN
CC(C)c1c([nH]c2ccc(cc12)C1CCN(CC1)C(=O)CN(C)C1CCCCC1)-c1cn2ncnc2c(C)c1C	Toll-like receptor 7	2.7	US Patent	7CYN
CC(C)c1c([nH]c2ccc(cc12)C1CCN(CC1)C(=O)CCN(CCO)C1CC1)-c1cc(C)c2ncnn2c1	Toll-like receptor 7	2.7	US Patent	7CYN
CN[C@@H](C)C(=O)N1CCC(CC1)c1ccc2[nH]c(c(C(C)C)c2c1)-c1cc(C)c2ncnn2c1	Toll-like receptor 7	2.7	US Patent	7CYN
COCCN1CCC(CC1)c1ccc2[nH]c(c(C(C)C)c2c1)-c1cc(C)c2ncnn2c1	Toll-like receptor 7	2.7	US Patent	7CYN
COCc1cc(cn2ncnc12)-c1[nH]c2ccc(cc2c1C(C)C)C1CCN(CC(=O)N(C)C)CC1	Toll-like receptor 7	2.7	US Patent	7CYN
CCc1c(C)c(cn2ncnc12)-c1[nH]c2ccc(cc2c1C(C)C)C1CCN(CC(C)(C)O)CC1	Toll-like receptor 7	2.7	US Patent	7CYN
CC(C)c1c([nH]c2ccc(cc12)C1CCN(Cc2ccn[nH]2)CC1)-c1ccc2ncnn2c1	Toll-like receptor 7	2.7	US Patent	7CYN
CC(C)c1c([nH]c2ccc(cc12)C1CCN(CC1)C1CCOC1)-c1cc(C)c2ncnn2c1	Toll-like receptor 7	2.7	US Patent	7CYN
CC(C)c1c([nH]c2ccc(cc12)C1CCN(Cc2ccnc(C)n2)CC1)-c1cc(C)c2ncnn2c1	Toll-like receptor 7	2.7	US Patent	7CYN
COc1cc(OC)nc(CN2CCC(CC2)c2ccc3[nH]c(c(C(C)C)c3c2)-c2cc(C)c3ncnn3c2)n1	Toll-like receptor 7	2.7	US Patent	7CYN
CC(C)c1c([nH]c2ccc(nc12)N1C[C@@H]2C[C@H]1CCN2CCCS(C)(=O)=O)-c1cn2ncnc2c(C)c1C	Toll-like receptor 7	2.7	US Patent	7CYN
CC(C)c1c([nH]c2ccc(nc12)N1CCN(C[C@@H]1C)C1CCOCC1)-c1cn2ncnc2c(C)c1C	Toll-like receptor 7	2.7	US Patent	7CYN
CC(C)c1c([nH]c2ccc(cc12)C1CCN(CC1)C(=O)[C@H]1NCC[C@H]1O)-c1cc(C)c2ncnn2c1	Toll-like receptor 7	2.7	US Patent	7CYN
CCOc1cc(cn2ncnc12)-c1[nH]c2ccc(cc2c1C(C)C)C1CCN(CC1)C(=O)CN(C)C	Toll-like receptor 7	2.7	US Patent	7CYN
CC(C)c1c([nH]c2ccc(cc12)C1CCN(CC1)C(=O)CN(C)C1CCCCC1)-c1cn2ncnc2c(C)c1C	Toll-like receptor 7	2.7	US Patent	7CYN
CNC1CN(C1)c1ccc2[nH]c(c(C(C)C)c2n1)-c1cn2ncnc2c(C)c1C	Toll-like receptor 7	2.7	US Patent	7CYN
CC(C)c1c([nH]c2ccc(nc12)C1CCC(CC1)N1CC2(C1)CCOC2)-c1cn2ncnc2c(C)c1C	Toll-like receptor 7	2.7	US Patent	7CYN
CC(C)c1c([nH]c2ccc(cc12)C1CCN(CC1)C(=O)CCN(CCO)C1CC1)-c1cc(C)c2ncnn2c1	Toll-like receptor 7	2.7	US Patent	7CYN
CC(C)c1c([nH]c2ccc(nc12)N1CCNC[C@@H]1C)-c1cn2ncnc2c(C)c1C	Toll-like receptor 7	2.7	US Patent	7CYN
COc1cc(cn2ncnc12)-c1[nH]c2ccc(nc2c1C(C)C)C1CCC(CC1)N(C)CC(=O)N(C)C	Toll-like receptor 7	2.7	US Patent	7CYN
CN[C@@H](C)C(=O)N1CCC(CC1)c1ccc2[nH]c(c(C(C)C)c2c1)-c1cc(C)c2ncnn2c1	Toll-like receptor 7	2.7	US Patent	7CYN
CC(C)c1c([nH]c2ccc(nc12)C1CCC(CC1)N1CC2(COC2)C1)-c1cn(C)c2ncccc12	Toll-like receptor 7	2.7	US Patent	7CYN
COCCN1CCC(CC1)c1ccc2[nH]c(c(C(C)C)c2c1)-c1cc(C)c2ncnn2c1	Toll-like receptor 7	2.7	US Patent	7CYN
COCc1cc(cn2ncnc12)-c1[nH]c2ccc(cc2c1C(C)C)C1CCN(CC(=O)N(C)C)CC1	Toll-like receptor 7	2.7	US Patent	7CYN
CC(C)c1c([nH]c2ccc(nc12)C1CCC(CC1)N1CC2(COC2)C1)-c1cn2ncnc2c(C)c1C	Toll-like receptor 7	2.7	US Patent	7CYN
CC(C)c1c([nH]c2ccc(nc12)C1CCC(CC1)NCCS(C)(=O)=O)-c1cn2ncnc2c(C)c1C	Toll-like receptor 7	2.7	US Patent	7CYN
COc1c(C)c(cn2ncnc12)-c1[nH]c2ccc(cc2c1C(C)C)C1CCN(CC(C)(C)O)CC1	Toll-like receptor 7	2.7	US Patent	7CYN
CC(C)c1c([nH]c2ccc(cc12)C1CCN(Cc2ccn[nH]2)CC1)-c1ccc2ncnn2c1	Toll-like receptor 7	2.7	US Patent	7CYN
CC(C)c1c([nH]c2ccc(cc12)C1CCN(CC1)C1CCOC1)-c1cc(C)c2ncnn2c1	Toll-like receptor 7	2.7	US Patent	7CYN
COc1cc(cn2ncnc12)-c1[nH]c2ccc(OCC3CN(CC(C)(C)O)C3)nc2c1C(C)C	Toll-like receptor 7	2.7	US Patent	7CYN
CC(C)c1c([nH]c2ccc(cc12)C1CCN(Cc2ccnc(C)n2)CC1)-c1cc(C)c2ncnn2c1	Toll-like receptor 7	2.7	US Patent	7CYN
COc1cc(OC)nc(CN2CCC(CC2)c2ccc3[nH]c(c(C(C)C)c3c2)-c2cc(C)c3ncnn3c2)n1	Toll-like receptor 7	2.7	US Patent	7CYN
CC(C)c1c([nH]c2ccc(nc12)C1CC(C1)NC(=O)CN(C)C)-c1cn2ncnc2c(C)c1C	Toll-like receptor 7	2.7	US Patent	7CYN
CC(C)c1c([nH]c2ccc(cc12)C1CCN(CC1)C(=O)CN(C)C)-c1ccnc(C)c1F	Toll-like receptor 7	2.7	US Patent	7CYN
CC(C)c1c([nH]c2cc(F)c(cc12)C1CCNCC1)-c1cc(C)ncc1C	Toll-like receptor 7	2.7	US Patent	7CYN
CC(C)c1c([nH]c2ccc(cc12)C1CCN(CC1)C(=O)Cn1ncnn1)-c1cc(C)nc(C)c1	Toll-like receptor 7	2.7	US Patent	7CYN
CC(C)c1c([nH]c2ccc(cc12)C1CCN(CC(=O)NCCO)CC1)-c1cc(C)nc(C)c1	Toll-like receptor 7	2.7	US Patent	7CYN
CC(C)c1c([nH]c2ccc(cc12)C1CCN(CC2(CO)COC2)CC1)-c1cc(C)nc(C)c1	Toll-like receptor 7	2.7	US Patent	7CYN
CC(C)c1c([nH]c2ccc(cc12)C1CCN(CC1)C1CCCOC1)-c1cc(C)nc(C)c1	Toll-like receptor 7	2.7	US Patent	7CYN
CC(C)c1c([nH]c2ccc(cc12)[C@@H]1CCNC[C@@H]1O)-c1cc(C)nc(C)c1	Toll-like receptor 7	2.7	US Patent	7CYN
CC(C)N1CCC(CC1)C(=O)N1CCC(CC1)c1ccc2[nH]c(c(C(C)C)c2c1)-c1cc(C)nc(C)c1	Toll-like receptor 7	2.7	US Patent	7CYN
CC(C)c1c([nH]c2ccc(nc12)N1CCNC[C@@H]1C)-c1cn2ncnc2c(C)c1C	Toll-like receptor 7	2.7	US Patent	7CYN
CC(C)c1c([nH]c2ccc(nc12)N1C[C@@H]2C[C@H]1CN2CCCS(C)(=O)=O)-c1cn2ncnc2c(C)c1C	Toll-like receptor 7	2.7	US Patent	7CYN
COc1cc(cn2ncnc12)-c1[nH]c2ccc(nc2c1C(C)C)C1CCC(CC1)N(C)CC(=O)N(C)C	Toll-like receptor 7	2.7	US Patent	7CYN
CC(C)c1c([nH]c2ccc(nc12)C1CCC(CC1)N1CC2(COC2)C1)-c1cn(C)c2ncccc12	Toll-like receptor 7	2.7	US Patent	7CYN
CC(C)c1c([nH]c2ccc(nc12)C1CCC(CC1)N1CC2(COC2)C1)-c1cn2ncnc2c(C)c1C	Toll-like receptor 7	2.7	US Patent	7CYN
CC(C)c1c([nH]c2ccc(nc12)C1CCC(CC1)NCCS(C)(=O)=O)-c1cn2ncnc2c(C)c1C	Toll-like receptor 7	2.7	US Patent	7CYN
CC(C)c1c([nH]c2ccc(nc12)N1CCN(C[C@@H]1C)C1CCOCC1)-c1cn2ncnc2c(C)c1C	Toll-like receptor 7	2.7	US Patent	7CYN
COc1cc(cn2ncnc12)-c1[nH]c2ccc(OCC3CN(CC(C)(C)O)C3)nc2c1C(C)C	Toll-like receptor 7	2.7	US Patent	7CYN
CC(C)c1c([nH]c2ccc(nc12)C1CC(C1)NC(=O)CN(C)C)-c1cn2ncnc2c(C)c1C	Toll-like receptor 7	2.7	US Patent	7CYN
CNC1CN(C1)c1ccc2[nH]c(c(C(C)C)c2n1)-c1cn2ncnc2c(C)c1C	Toll-like receptor 7	2.7	US Patent	7CYN
CC(C)c1c([nH]c2ccc(nc12)C1CCC(CC1)N1CC2(C1)CCOC2)-c1cn2ncnc2c(C)c1C	Toll-like receptor 7	2.7	US Patent	7CYN
CC(C)c1c([nH]c2ccc(nc12)C1CCC(CC1)N1CC2(COC2)C1)-c1cn(C)c2ncccc12	Toll-like receptor 7	2.7	US Patent	7CYN
COc1cc(cn2ncnc12)-c1[nH]c2cnc(N3CCN(CC3)C3CCN(CC3)C(C)C)c(F)c2c1C(C)C	Toll-like receptor 7	2.7	US Patent	7CYN
COc1cc(cn2ncnc12)-c1[nH]c2cnc(N3CCN(CC4CCOCC4)CC3)c(F)c2c1C(C)C	Toll-like receptor 7	2.7	US Patent	7CYN
CC(C)c1c([nH]c2ccc(N[C@H]3C[C@@H](C)N(CCCS(C)(=O)=O)C3)nc12)-c1cn2ncnc2c(C)c1C	Toll-like receptor 7	2.7	US Patent	7CYN
[2H]c1ccc2c(ccc(C#N)c2n1)N1C[C@H]2N(Cc3nc(ccc23)N2C[C@H]3C[C@@H]2CN3)[C@H](C)C1	Toll-like receptor 7	2.7	ChEMBL	7CYN
CNC1CN(C1)c1ccc2[nH]c(c(C(C)C)c2n1)-c1cn2ncnc2c(C)c1C	Toll-like receptor 7	2.7	US Patent	7CYN
CC(C)c1c([nH]c2ccc(nc12)C1CC(C1)NC(=O)CN(C)C)-c1cn2ncnc2c(C)c1C	Toll-like receptor 7	2.7	US Patent	7CYN
CC(C)c1c([nH]c2ccc(nc12)C1CCC(CC1)N1CC2(C1)CCOC2)-c1cn2ncnc2c(C)c1C	Toll-like receptor 7	2.7	US Patent	7CYN
CCN(C)C1CCC(CC1)c1ncc2[nH]c(c(C(C)C)c2c1F)-c1cc(OC)c2ncnn2c1	Toll-like receptor 7	2.7	US Patent	7CYN
COc1cc(cn2ncnc12)-c1[nH]c2ccc(nc2c1C(C)C)C1CCC(CC1)N(C)CC(=O)N(C)C	Toll-like receptor 7	2.7	US Patent	7CYN
COc1cc(cn2ncnc12)-c1[nH]c2cnc(N3CCN(CC(C)(C)O)CC3)c(F)c2c1C(C)C	Toll-like receptor 7	2.7	US Patent	7CYN
CC(C)c1c([nH]c2ccc(nc12)N1CCN(C[C@@H]1C)C1CCOCC1)-c1cn2ncnc2c(C)c1C	Toll-like receptor 7	2.7	US Patent	7CYN
CC(C)c1c([nH]c2cnc(C3CCC(CC3)NC3COC3)c(C)c12)-c1cn2ncnc2c(C)c1C	Toll-like receptor 7	2.7	US Patent	7CYN
CC(C)c1c([nH]c2cnc(C3CCC(CC3)N3CCC3)c(F)c12)-c1cn2ncnc2c(C)c1C	Toll-like receptor 7	2.7	US Patent	7CYN
COc1cc(cn2ncnc12)-c1[nH]c2cnc(C3CCC(CC3)NC3COC3)c(F)c2c1C(C)C	Toll-like receptor 7	2.7	US Patent	7CYN
COc1cc(c[nH]\c1=N/C=N)-c1[nH]c2ccc(OCC3CN(CC(C)(C)O)C3)nc2c1C(C)C	Toll-like receptor 7	2.7	US Patent	7CYN
