Ligand SMILES	Target Name	IC50 (nM)	Curation/DataSource	PDB ID(s) of Target Chain
COc1cccc2c1ncc1c2n(C2CCN(CC2)C(=O)NC(C)C)c(=O)n(-c2cccc(Cl)c2)c1=O	Tumor necrosis factor	0.3	US Patent	"2AZ5,3ALQ,3IT8,3L9J,4G3Y,4TWT,5M2I,5M2J,5M2M,5MU8,5WUX,5YOY,6OOY,6OOZ,6X81,6X82,6X83,6X85,6X86,7JRA"
COc1cccc2c1ncc1c2n([C@@H]2CCN(C2)C(=O)OC(C)(C)C)c(=O)n(-c2cccc(Cl)c2)c1=O	Tumor necrosis factor	0.3	US Patent	"2AZ5,3ALQ,3IT8,3L9J,4G3Y,4TWT,5M2I,5M2J,5M2M,5MU8,5WUX,5YOY,6OOY,6OOZ,6X81,6X82,6X83,6X85,6X86,7JRA"
COc1cccc2c1ncc1c2n(C2CCN(CC2)S(=O)(=O)C(C)C)c(=O)n(-c2cccc(Cl)c2)c1=O	Tumor necrosis factor	0.4	US Patent	"2AZ5,3ALQ,3IT8,3L9J,4G3Y,4TWT,5M2I,5M2J,5M2M,5MU8,5WUX,5YOY,6OOY,6OOZ,6X81,6X82,6X83,6X85,6X86,7JRA"
COc1cccc2c1ncc1c2n(C2CCN(CC2)S(=O)(=O)N(C)C)c(=O)n(-c2cccc(Cl)c2)c1=O	Tumor necrosis factor	0.4	US Patent	"2AZ5,3ALQ,3IT8,3L9J,4G3Y,4TWT,5M2I,5M2J,5M2M,5MU8,5WUX,5YOY,6OOY,6OOZ,6X81,6X82,6X83,6X85,6X86,7JRA"
COc1cccc2c1ncc1c2n(C2CCN(CC2)S(=O)(=O)C2CCS(=O)(=O)C2)c(=O)n(-c2cccc(Cl)c2)c1=O	Tumor necrosis factor	0.4	US Patent	"2AZ5,3ALQ,3IT8,3L9J,4G3Y,4TWT,5M2I,5M2J,5M2M,5MU8,5WUX,5YOY,6OOY,6OOZ,6X81,6X82,6X83,6X85,6X86,7JRA"
O=C1N(Cc2c1cccc2OCc1ccc(OCCN2CCCC2)cc1)C1CCC(=O)NC1=O	Tumor necrosis factor	0.52	US Patent	"2AZ5,3ALQ,3IT8,3L9J,4G3Y,4TWT,5M2I,5M2J,5M2M,5MU8,5WUX,5YOY,6OOY,6OOZ,6X81,6X82,6X83,6X85,6X86,7JRA"
O=C1N(Cc2c1cccc2OCc1ccc(CN2CCOCC2)cc1)[C@H]1CCC(=O)NC1=O	Tumor necrosis factor	0.59	US Patent	"2AZ5,3ALQ,3IT8,3L9J,4G3Y,4TWT,5M2I,5M2J,5M2M,5MU8,5WUX,5YOY,6OOY,6OOZ,6X81,6X82,6X83,6X85,6X86,7JRA"
CCNC(=O)N1CCC(CC1)n1c2c3cccc(OC)c3ncc2c(=O)n(-c2cccc(Cl)c2)c1=O	Tumor necrosis factor	0.6	US Patent	"2AZ5,3ALQ,3IT8,3L9J,4G3Y,4TWT,5M2I,5M2J,5M2M,5MU8,5WUX,5YOY,6OOY,6OOZ,6X81,6X82,6X83,6X85,6X86,7JRA"
O=C1N(Cc2c1cccc2OCc1ccc(CCN2CCOCC2)cc1)C1CCC(=O)NC1=O	Tumor necrosis factor	0.79	US Patent	"2AZ5,3ALQ,3IT8,3L9J,4G3Y,4TWT,5M2I,5M2J,5M2M,5MU8,5WUX,5YOY,6OOY,6OOZ,6X81,6X82,6X83,6X85,6X86,7JRA"
COc1cccc2c1ncc1c2n(C2CCC(C)CC2)c(=O)n(-c2ccc(Cl)cc2)c1=O	Tumor necrosis factor	0.9	US Patent	"2AZ5,3ALQ,3IT8,3L9J,4G3Y,4TWT,5M2I,5M2J,5M2M,5MU8,5WUX,5YOY,6OOY,6OOZ,6X81,6X82,6X83,6X85,6X86,7JRA"
O=C1N(Cc2c1cccc2OCc1ccc(OCCN2CCOCC2)cc1)C1CCC(=O)NC1=O	Tumor necrosis factor	0.96	US Patent	"2AZ5,3ALQ,3IT8,3L9J,4G3Y,4TWT,5M2I,5M2J,5M2M,5MU8,5WUX,5YOY,6OOY,6OOZ,6X81,6X82,6X83,6X85,6X86,7JRA"
COc1cccc2c1ncc1c2n(C2CCC(C)CC2)c(=O)n(-c2cccc(C)c2)c1=O	Tumor necrosis factor	1	US Patent	"2AZ5,3ALQ,3IT8,3L9J,4G3Y,4TWT,5M2I,5M2J,5M2M,5MU8,5WUX,5YOY,6OOY,6OOZ,6X81,6X82,6X83,6X85,6X86,7JRA"
CCCCn1c2c3cccc(OC)c3ncc2c(=O)n(-c2cccc(C)c2)c1=O	Tumor necrosis factor	1	US Patent	"2AZ5,3ALQ,3IT8,3L9J,4G3Y,4TWT,5M2I,5M2J,5M2M,5MU8,5WUX,5YOY,6OOY,6OOZ,6X81,6X82,6X83,6X85,6X86,7JRA"
COc1cccc2c1ncc1c2n(C2CCN(CC2)C(=O)OC(C)(C)C)c(=O)n(-c2cccc(Cl)c2)c1=O	Tumor necrosis factor	1	US Patent	"2AZ5,3ALQ,3IT8,3L9J,4G3Y,4TWT,5M2I,5M2J,5M2M,5MU8,5WUX,5YOY,6OOY,6OOZ,6X81,6X82,6X83,6X85,6X86,7JRA"
COc1cccc2c1ncc1c2n(C2CCN(CC2)C(=O)c2ccccc2)c(=O)n(-c2cccc(Cl)c2)c1=O	Tumor necrosis factor	1	US Patent	"2AZ5,3ALQ,3IT8,3L9J,4G3Y,4TWT,5M2I,5M2J,5M2M,5MU8,5WUX,5YOY,6OOY,6OOZ,6X81,6X82,6X83,6X85,6X86,7JRA"
COc1cccc2c1ncc1c2n(C2CCN(CC2)S(=O)(=O)c2ccccc2)c(=O)n(-c2cccc(Cl)c2)c1=O	Tumor necrosis factor	1	US Patent	"2AZ5,3ALQ,3IT8,3L9J,4G3Y,4TWT,5M2I,5M2J,5M2M,5MU8,5WUX,5YOY,6OOY,6OOZ,6X81,6X82,6X83,6X85,6X86,7JRA"
COc1cccc2c1ncc1c2n(C2CC[C@@H](CC2)C(O)=O)c(=O)n(-c2cccc(Cl)c2)c1=O	Tumor necrosis factor	1	US Patent	"2AZ5,3ALQ,3IT8,3L9J,4G3Y,4TWT,5M2I,5M2J,5M2M,5MU8,5WUX,5YOY,6OOY,6OOZ,6X81,6X82,6X83,6X85,6X86,7JRA"
COc1cccc2c1ncc1c2n(C2CCN(CC2)C(=O)OC(C)(C)C)c(=O)n(-c2ccc3OCOc3c2)c1=O	Tumor necrosis factor	1	US Patent	"2AZ5,3ALQ,3IT8,3L9J,4G3Y,4TWT,5M2I,5M2J,5M2M,5MU8,5WUX,5YOY,6OOY,6OOZ,6X81,6X82,6X83,6X85,6X86,7JRA"
O=C1N(Cc2c1cccc2OCc1ccc(CN2CCOCC2)cc1)C1CCC(=O)NC1=O	Tumor necrosis factor	1.8	US Patent	"2AZ5,3ALQ,3IT8,3L9J,4G3Y,4TWT,5M2I,5M2J,5M2M,5MU8,5WUX,5YOY,6OOY,6OOZ,6X81,6X82,6X83,6X85,6X86,7JRA"
COc1cccc2c1ncc1c2n(C2CCCC2)c(=O)n(-c2ccc3OCOc3c2)c1=O	Tumor necrosis factor	2	US Patent	"2AZ5,3ALQ,3IT8,3L9J,4G3Y,4TWT,5M2I,5M2J,5M2M,5MU8,5WUX,5YOY,6OOY,6OOZ,6X81,6X82,6X83,6X85,6X86,7JRA"
COc1cccc2c1ncc1c2n(C2CCC(F)(F)CC2)c(=O)n(-c2cccc(Cl)c2)c1=O	Tumor necrosis factor	2	US Patent	"2AZ5,3ALQ,3IT8,3L9J,4G3Y,4TWT,5M2I,5M2J,5M2M,5MU8,5WUX,5YOY,6OOY,6OOZ,6X81,6X82,6X83,6X85,6X86,7JRA"
COc1cccc2c1ncc1c2n(C2CCN(CC2)C(C)=O)c(=O)n(-c2cccc(Cl)c2)c1=O	Tumor necrosis factor	2	US Patent	"2AZ5,3ALQ,3IT8,3L9J,4G3Y,4TWT,5M2I,5M2J,5M2M,5MU8,5WUX,5YOY,6OOY,6OOZ,6X81,6X82,6X83,6X85,6X86,7JRA"
COc1cccc2c1ncc1c2n([C@H]2CCN(C2)C(=O)OC(C)(C)C)c(=O)n(-c2cccc(Cl)c2)c1=O	Tumor necrosis factor	2	US Patent	"2AZ5,3ALQ,3IT8,3L9J,4G3Y,4TWT,5M2I,5M2J,5M2M,5MU8,5WUX,5YOY,6OOY,6OOZ,6X81,6X82,6X83,6X85,6X86,7JRA"
COc1cccc2c1ncc1c2n(CC2CCN(CC2)S(C)(=O)=O)c(=O)n(-c2cccc(Cl)c2)c1=O	Tumor necrosis factor	2	US Patent	"2AZ5,3ALQ,3IT8,3L9J,4G3Y,4TWT,5M2I,5M2J,5M2M,5MU8,5WUX,5YOY,6OOY,6OOZ,6X81,6X82,6X83,6X85,6X86,7JRA"
COc1cccc2c1ncc1c2n(C2CCN(CC2)S(C)(=O)=O)c(=O)n(-c2cccc(Cl)c2)c1=O	Tumor necrosis factor	2.4	US Patent	"2AZ5,3ALQ,3IT8,3L9J,4G3Y,4TWT,5M2I,5M2J,5M2M,5MU8,5WUX,5YOY,6OOY,6OOZ,6X81,6X82,6X83,6X85,6X86,7JRA"
COc1cccc2c1ncc1c2n(C2CCC(C)CC2)c(=O)n(-c2cccc(Cl)c2)c1=O	Tumor necrosis factor	4	US Patent	"2AZ5,3ALQ,3IT8,3L9J,4G3Y,4TWT,5M2I,5M2J,5M2M,5MU8,5WUX,5YOY,6OOY,6OOZ,6X81,6X82,6X83,6X85,6X86,7JRA"
COc1cccc2c1ncc1c2n(C2CCCCC2)c(=O)n(-c2cccc(Cl)c2)c1=O	Tumor necrosis factor	4	US Patent	"2AZ5,3ALQ,3IT8,3L9J,4G3Y,4TWT,5M2I,5M2J,5M2M,5MU8,5WUX,5YOY,6OOY,6OOZ,6X81,6X82,6X83,6X85,6X86,7JRA"
CN(C)C(C(=O)Nc1ccc2cnccc2c1)c1ccc(COC(=O)CCC(=O)OCC(=O)[C@@]23OC(C)(C)O[C@@H]2C[C@H]2[C@@H]4C[C@H](F)C5=CC(=O)C=C[C@]5(C)[C@@]4(F)[C@@H](O)C[C@]32C)cc1	Tumor necrosis factor	4.5	US Patent	"2AZ5,3ALQ,3IT8,3L9J,4G3Y,4TWT,5M2I,5M2J,5M2M,5MU8,5WUX,5YOY,6OOY,6OOZ,6X81,6X82,6X83,6X85,6X86,7JRA"
CN(C)C(C(=O)Nc1ccc2cnccc2c1)c1ccc(COC(=O)CCC(=O)OCC(=O)[C@@]23OC(C)(C)O[C@@H]2C[C@H]2[C@@H]4C[C@H](F)C5=CC(=O)C=C[C@]5(C)[C@@]4(F)[C@@H](O)C[C@]32C)cc1	Tumor necrosis factor	4.5	US Patent	"2AZ5,3ALQ,3IT8,3L9J,4G3Y,4TWT,5M2I,5M2J,5M2M,5MU8,5WUX,5YOY,6OOY,6OOZ,6X81,6X82,6X83,6X85,6X86,7JRA"
COc1cccc2c1ncc1c2n(C2CCNCC2)c(=O)n(-c2cccc(Cl)c2)c1=O	Tumor necrosis factor	5	US Patent	"2AZ5,3ALQ,3IT8,3L9J,4G3Y,4TWT,5M2I,5M2J,5M2M,5MU8,5WUX,5YOY,6OOY,6OOZ,6X81,6X82,6X83,6X85,6X86,7JRA"
COc1cccc2c1ncc1c2n(C2CCCC2)c(=O)n(-c2cccc(C)c2)c1=O	Tumor necrosis factor	6	US Patent	"2AZ5,3ALQ,3IT8,3L9J,4G3Y,4TWT,5M2I,5M2J,5M2M,5MU8,5WUX,5YOY,6OOY,6OOZ,6X81,6X82,6X83,6X85,6X86,7JRA"
CCc1cccc(c1)-n1c(=O)n(C2CCCC2)c2c3cccc(OC)c3ncc2c1=O	Tumor necrosis factor	6	US Patent	"2AZ5,3ALQ,3IT8,3L9J,4G3Y,4TWT,5M2I,5M2J,5M2M,5MU8,5WUX,5YOY,6OOY,6OOZ,6X81,6X82,6X83,6X85,6X86,7JRA"
COc1cccc2c1ncc1c2n(C2CC[C@@H](CC2)NS(C)(=O)=O)c(=O)n(-c2cccc(Cl)c2)c1=O	Tumor necrosis factor	6	US Patent	"2AZ5,3ALQ,3IT8,3L9J,4G3Y,4TWT,5M2I,5M2J,5M2M,5MU8,5WUX,5YOY,6OOY,6OOZ,6X81,6X82,6X83,6X85,6X86,7JRA"
Cc1nc2cc(F)c(-c3cnc(N4CCN(C(=O)COCCn5cc(CCCN6CCC7(CC6)CCN(C(=O)CC[C@H](NC(=O)c6ccc(NCc8cnc9nc(N)nc(O)c9n8)cc6)C(=O)O)CC7)nn5)CC4)nc3)nc2c(N[C@H](C)c2cc(C#N)ccc2F)c1Cl	Tumor necrosis factor	7.6	US Patent	"5MU8,9OK6,9OJY,9OJS,9OJO,6X86,6X85,6X83,6X82,6X81,5YOY,7JRA,8Z8M,6OOZ,6OOY,5WUX,5M2M,5M2J,5M2I,4TWT,4G3Y,3IT8,3ALQ,3L9J,2AZ5,7ASY,7QLF"
COc1cccc2c1ncc1c2n(C2CCN(CC2)S(C)(=O)=O)c(=O)n(-c2ccc3OCOc3c2)c1=O	Tumor necrosis factor	8	US Patent	"2AZ5,3ALQ,3IT8,3L9J,4G3Y,4TWT,5M2I,5M2J,5M2M,5MU8,5WUX,5YOY,6OOY,6OOZ,6X81,6X82,6X83,6X85,6X86,7JRA"
COc1cccc2c1ncc1c2n(C2CCCC2)c(=O)n(-c2cccc(Cl)c2)c1=O	Tumor necrosis factor	9	US Patent	"2AZ5,3ALQ,3IT8,3L9J,4G3Y,4TWT,5M2I,5M2J,5M2M,5MU8,5WUX,5YOY,6OOY,6OOZ,6X81,6X82,6X83,6X85,6X86,7JRA"
Cc1nc2cc(F)c(-c3cnc(N4CCN(C(=O)COCCOCCN5CCC6(CC5)CCN(C(=O)CC[C@H](NC(=O)c5ccc(NCc7cnc8nc(N)nc(O)c8n7)cc5)C(=O)O)CC6)CC4)nc3)nc2c(N[C@H](C)c2cc(C#N)ccc2F)c1Cl	Tumor necrosis factor	9	US Patent	"5MU8,9OK6,9OJY,9OJS,9OJO,6X86,6X85,6X83,6X82,6X81,5YOY,7JRA,8Z8M,6OOZ,6OOY,5WUX,5M2M,5M2J,5M2I,4TWT,4G3Y,3IT8,3ALQ,3L9J,2AZ5,7ASY,7QLF"
O=C1N(Cc2c1cccc2OCc1ccc(CN2CCOCC2)cc1)[C@@H]1CCC(=O)NC1=O	Tumor necrosis factor	9.5	US Patent	"2AZ5,3ALQ,3IT8,3L9J,4G3Y,4TWT,5M2I,5M2J,5M2M,5MU8,5WUX,5YOY,6OOY,6OOZ,6X81,6X82,6X83,6X85,6X86,7JRA"
C[C@@]1(O)CCCN([C@H]1C(=O)NO)S(=O)(=O)c1ccc(OCc2ccc(F)cc2Cl)cc1	Tumor necrosis factor	10	ChEMBL	"2AZ5,3ALQ,3IT8,3L9J,4G3Y,4TWT,5M2I,5M2J,5M2M,5MU8,5WUX,5YOY,6OOY,6OOZ,6X81,6X82,6X83,6X85,6X86,7JRA"
COc1cc(Nc2cc(Oc3ccc(NC(=O)Nc4cc(cc(NS(C)(=O)=O)c4OC)C(C)(C)C)c4ccccc34)ccn2)cc(OCCOCCOCC(O)=O)c1	Tumor necrosis factor	10.8	US Patent	"2AZ5,3ALQ,3IT8,3L9J,4G3Y,4TWT,5M2I,5M2J,5M2M,5MU8,5WUX,5YOY,6OOY,6OOZ,6X81,6X82,6X83,6X85,6X86,7JRA"
Cc1nc2cc(F)c(-c3cnc(N4CCN(C(=O)COCCOCCOCCOCCN5CCN(C(=O)CC[C@H](NC(=O)c6ccc(N(C)Cc7cnc8nc(N)[nH]c(=O)c8n7)cc6)C(=O)O)CC5)CC4)nc3)nc2c(N[C@H](C)c2cc(C#N)ccc2F)c1Cl	Tumor necrosis factor	13	US Patent	"5MU8,9OK6,9OJY,9OJS,9OJO,6X86,6X85,6X83,6X82,6X81,5YOY,7JRA,8Z8M,6OOZ,6OOY,5WUX,5M2M,5M2J,5M2I,4TWT,4G3Y,3IT8,3ALQ,3L9J,2AZ5,7ASY,7QLF"
Cc1nc2cc(F)c(-c3cnc(N4CCN(C(=O)COCCOCCOCCOCCOCCOCCn5cc(CC[C@H](NC(=O)c6ccc(N(C)Cc7ccc8nc(N)[nH]c(=O)c8c7)cc6)C(=O)O)nn5)CC4)nc3)nc2c(N[C@H](C)c2cc(C#N)ccc2F)c1Cl	Tumor necrosis factor	13	US Patent	"5MU8,9OK6,9OJY,9OJS,9OJO,6X86,6X85,6X83,6X82,6X81,5YOY,7JRA,8Z8M,6OOZ,6OOY,5WUX,5M2M,5M2J,5M2I,4TWT,4G3Y,3IT8,3ALQ,3L9J,2AZ5,7ASY,7QLF"
C[C@@H](Nc1c(Cl)cnc2ccc(cc12)-c1cnc(nc1)C(C)(C)O)c1ccccc1	Tumor necrosis factor	14	ChEMBL	"2AZ5,3ALQ,3IT8,3L9J,4G3Y,4TWT,5M2I,5M2J,5M2M,5MU8,5WUX,5YOY,6OOY,6OOZ,6X81,6X82,6X83,6X85,6X86,7JRA"
CCOc1ncc(cn1)-c1ccc2ncc(Cl)c(N[C@H](C)c3ccccc3F)c2c1	Tumor necrosis factor	15	ChEMBL	"2AZ5,3ALQ,3IT8,3L9J,4G3Y,4TWT,5M2I,5M2J,5M2M,5MU8,5WUX,5YOY,6OOY,6OOZ,6X81,6X82,6X83,6X85,6X86,7JRA"
C[C@@H](Nc1c(Cl)cnc2ccc(cc12)-c1ccc(nc1)S(C)(=O)=O)c1ccccc1F	Tumor necrosis factor	15	ChEMBL	"2AZ5,3ALQ,3IT8,3L9J,4G3Y,4TWT,5M2I,5M2J,5M2M,5MU8,5WUX,5YOY,6OOY,6OOZ,6X81,6X82,6X83,6X85,6X86,7JRA"
COc1ncc(cc1NS(C)(=O)=O)-c1nc(N2CCOCC2)c2nc(OC3CCN(CC3)C3COC3)n(C)c2n1	Tumor necrosis factor	15.2	US Patent	"2AZ5,3ALQ,3IT8,3L9J,4G3Y,4TWT,5M2I,5M2J,5M2M,5MU8,5WUX,5YOY,6OOY,6OOZ,6X81,6X82,6X83,6X85,6X86,7JRA"
CN(C)C(C(=O)Nc1ccc2cnccc2c1)c1ccc(COC(=O)CCC(=O)OCC(=O)[C@@]23OC(C)(C)O[C@@H]2C[C@H]2[C@@H]4CCC5=CC(=O)C=C[C@]5(C)[C@@]4(F)[C@@H](O)C[C@]32C)cc1	Tumor necrosis factor	15.5	US Patent	"2AZ5,3ALQ,3IT8,3L9J,4G3Y,4TWT,5M2I,5M2J,5M2M,5MU8,5WUX,5YOY,6OOY,6OOZ,6X81,6X82,6X83,6X85,6X86,7JRA"
CN(C)C(C(=O)Nc1ccc2cnccc2c1)c1ccc(COC(=O)CCC(=O)OCC(=O)[C@@]23OC(C)(C)O[C@@H]2C[C@H]2[C@@H]4CCC5=CC(=O)C=C[C@]5(C)[C@@]4(F)[C@@H](O)C[C@]32C)cc1	Tumor necrosis factor	15.5	US Patent	"2AZ5,3ALQ,3IT8,3L9J,4G3Y,4TWT,5M2I,5M2J,5M2M,5MU8,5WUX,5YOY,6OOY,6OOZ,6X81,6X82,6X83,6X85,6X86,7JRA"
C[C@@H](Nc1c(Cl)cnc2ccc(cc12)-c1cnc(nc1)C(C)(C)O)c1ccccc1F	Tumor necrosis factor	17	ChEMBL	"2AZ5,3ALQ,3IT8,3L9J,4G3Y,4TWT,5M2I,5M2J,5M2M,5MU8,5WUX,5YOY,6OOY,6OOZ,6X81,6X82,6X83,6X85,6X86,7JRA"
N#Cc1ccc(F)c([C@@H](C)Nc2c(Cl)c(C)nc3cc(F)c(-c4cnc(N5CCN(C(=O)COCCOCCOCCOCCOCCOCCn6cc(CC[C@H](NC(=O)c7ccc(SCc8ccc9nc(N)nc(O)c9c8)cc7)C(=O)O)nn6)CC5)nc4)nc23)c1	Tumor necrosis factor	17	US Patent	"5MU8,9OK6,9OJY,9OJS,9OJO,6X86,6X85,6X83,6X82,6X81,5YOY,7JRA,8Z8M,6OOZ,6OOY,5WUX,5M2M,5M2J,5M2I,4TWT,4G3Y,3IT8,3ALQ,3L9J,2AZ5,7ASY,7QLF"
Cc1nc2cc(F)c(-c3cnc(N4CCN(C(=O)COCCOCCOCCOCCOCCOCCn5cc(CC[C@H](NC(=O)c6ccc(N(C)Cc7cnc8nc(N)[nH]c(=O)c8n7)cc6)C(=O)O)nn5)CC4)nc3)nc2c(N[C@H](C)c2cc(C#N)ccc2F)c1Cl	Tumor necrosis factor	17	US Patent	"5MU8,9OK6,9OJY,9OJS,9OJO,6X86,6X85,6X83,6X82,6X81,5YOY,7JRA,8Z8M,6OOZ,6OOY,5WUX,5M2M,5M2J,5M2I,4TWT,4G3Y,3IT8,3ALQ,3L9J,2AZ5,7ASY,7QLF"
Cc1nc2cc(F)c(-c3cnc(N4CCN(C(=O)COCCn5cc(COCCOCCOCCOCCNC(=O)CC[C@H](NC(=O)[C@H]6CC[C@H](NCc7cnc8nc(N)nc(O)c8n7)CC6)C(=O)O)nn5)CC4)nc3)nc2c(N[C@H](C)c2ccccc2F)c1Cl	Tumor necrosis factor	17.5	US Patent	"5MU8,9OK6,9OJY,9OJS,9OJO,6X86,6X85,6X83,6X82,6X81,5YOY,7JRA,8Z8M,6OOZ,6OOY,5WUX,5M2M,5M2J,5M2I,4TWT,4G3Y,3IT8,3ALQ,3L9J,2AZ5,7ASY,7QLF"
N#Cc1ccc(F)c([C@@H](C)Nc2c(Cl)c(C)nc3cc(F)c(-c4cnc(N5CCN(C(=O)COCCn6cc(CN(CCO)CCOCCOCCOCCNC(=O)CC[C@H](NC(=O)c7ccc(NCc8cnc9nc(N)nc(O)c9n8)cc7)C(=O)O)nn6)CC5)nc4)nc23)c1	Tumor necrosis factor	18	US Patent	"5MU8,9OK6,9OJY,9OJS,9OJO,6X86,6X85,6X83,6X82,6X81,5YOY,7JRA,8Z8M,6OOZ,6OOY,5WUX,5M2M,5M2J,5M2I,4TWT,4G3Y,3IT8,3ALQ,3L9J,2AZ5,7ASY,7QLF"
N#Cc1ccc(F)c([C@@H](C)Nc2c(Cl)c(C)nc3cc(F)c(-c4cnc(N5CCN(C(=O)COCCOCCOCCOCCOCCOCCn6cc(CC[C@H](NC(=O)c7ccc(CCc8ccc9nc(N)nc(O)c9c8)cc7)C(=O)O)nn6)CC5)nc4)nc23)c1	Tumor necrosis factor	19	US Patent	"5MU8,9OK6,9OJY,9OJS,9OJO,6X86,6X85,6X83,6X82,6X81,5YOY,7JRA,8Z8M,6OOZ,6OOY,5WUX,5M2M,5M2J,5M2I,4TWT,4G3Y,3IT8,3ALQ,3L9J,2AZ5,7ASY,7QLF"
Cc1nc2cc(F)c(-c3cnc(N4CCN(C(=O)COCCn5cc(COCCOCCOCCOCCCC(=O)CC[C@H](NC(=O)c6ccc(SCCc7cc8c(=O)[nH]c(N)nc8[nH]7)cc6)C(=O)O)nn5)CC4)nc3)nc2c(N[C@H](C)c2cc(C#N)ccc2F)c1Cl	Tumor necrosis factor	19	US Patent	"5MU8,9OK6,9OJY,9OJS,9OJO,6X86,6X85,6X83,6X82,6X81,5YOY,7JRA,8Z8M,6OOZ,6OOY,5WUX,5M2M,5M2J,5M2I,4TWT,4G3Y,3IT8,3ALQ,3L9J,2AZ5,7ASY,7QLF"
COc1cccc2c1ncc1c2n(C2CCC(C)CC2)c(=O)n(-c2ccccc2Cl)c1=O	Tumor necrosis factor	20	US Patent	"2AZ5,3ALQ,3IT8,3L9J,4G3Y,4TWT,5M2I,5M2J,5M2M,5MU8,5WUX,5YOY,6OOY,6OOZ,6X81,6X82,6X83,6X85,6X86,7JRA"
Cc1nc2cc(F)c(-c3cnc(N4CCN(C(=O)COCCOCCOCCOCCOCCOCCn5cc(CC[C@H](NC(=O)c6ccc(NCc7cnc8nc(N)nc(O)c8n7)cc6)C(=O)O)nn5)CC4)nc3)nc2c(N[C@H](C)c2cc(C#N)ccc2F)c1Cl	Tumor necrosis factor	20	US Patent	"5MU8,9OK6,9OJY,9OJS,9OJO,6X86,6X85,6X83,6X82,6X81,5YOY,7JRA,8Z8M,6OOZ,6OOY,5WUX,5M2M,5M2J,5M2I,4TWT,4G3Y,3IT8,3ALQ,3L9J,2AZ5,7ASY,7QLF"
COc1ncc(cc1NS(C)(=O)=O)-c1nc(N2CCOCC2)c2sc(C)c(CN3CCC(CC3)N(C)C(C)C)c2n1	Tumor necrosis factor	20.1	US Patent	"2AZ5,3ALQ,3IT8,3L9J,4G3Y,4TWT,5M2I,5M2J,5M2M,5MU8,5WUX,5YOY,6OOY,6OOZ,6X81,6X82,6X83,6X85,6X86,7JRA"
N#Cc1ccc(F)c([C@@H](C)Nc2c(Cl)c(C)nc3cc(F)c(-c4cnc(N5CCN(C(=O)COCCOCCOCCOCCOCCOCCn6cc(CC[C@H](NC(=O)c7ccc(OCc8ccc9nc(N)nc(O)c9c8)cc7)C(=O)O)nn6)CC5)nc4)nc23)c1	Tumor necrosis factor	22	US Patent	"5MU8,9OK6,9OJY,9OJS,9OJO,6X86,6X85,6X83,6X82,6X81,5YOY,7JRA,8Z8M,6OOZ,6OOY,5WUX,5M2M,5M2J,5M2I,4TWT,4G3Y,3IT8,3ALQ,3L9J,2AZ5,7ASY,7QLF"
N#Cc1ccc(F)c([C@@H](C)Nc2c(Cl)c(C)nc3cc(F)c(-c4cnc(N5CCN(C(=O)COCCn6cc(CN(C)CCOCCOCCOCCNC(=O)CC[C@H](NC(=O)c7ccc(NCc8cnc9nc(N)nc(O)c9n8)cc7)C(=O)O)nn6)CC5)nc4)nc23)c1	Tumor necrosis factor	22	US Patent	"5MU8,9OK6,9OJY,9OJS,9OJO,6X86,6X85,6X83,6X82,6X81,5YOY,7JRA,8Z8M,6OOZ,6OOY,5WUX,5M2M,5M2J,5M2I,4TWT,4G3Y,3IT8,3ALQ,3L9J,2AZ5,7ASY,7QLF"
CC(Nc1c(Cl)cnc2ccc(nc12)-c1cnc(nc1)C(C)(C)O)c1ccccc1F	Tumor necrosis factor	24	ChEMBL	"2AZ5,3ALQ,3IT8,3L9J,4G3Y,4TWT,5M2I,5M2J,5M2M,5MU8,5WUX,5YOY,6OOY,6OOZ,6X81,6X82,6X83,6X85,6X86,7JRA"
CC(Nc1c(Cl)cnc2ccc(nc12)-c1cnc(nc1)C(C)(C)O)c1ccccc1F	Tumor necrosis factor	24	ChEMBL	"2AZ5,3ALQ,3IT8,3L9J,4G3Y,4TWT,5M2I,5M2J,5M2M,5MU8,5WUX,5YOY,6OOY,6OOZ,6X81,6X82,6X83,6X85,6X86,7JRA"
CC(Nc1c(Cl)cnc2ccc(nc12)-c1cnc(nc1)C(C)(C)O)c1ccccc1F	Tumor necrosis factor	24	ChEMBL	"2AZ5,3ALQ,3IT8,3L9J,4G3Y,4TWT,5M2I,5M2J,5M2M,5MU8,5WUX,5YOY,6OOY,6OOZ,6X81,6X82,6X83,6X85,6X86,7JRA"
FC(F)(F)Oc1ccc(NC(=O)c2ccc(CN3CCc4ccccc4C3)cc2)cc1	Tumor necrosis factor	24.4	PubChem	"5MU8,9OK6,9OJY,9OJS,9OJO,6X86,6X85,6X83,6X82,6X81,5YOY,7JRA,8Z8M,6OOZ,6OOY,5WUX,5M2M,5M2J,5M2I,4TWT,4G3Y,3IT8,3ALQ,3L9J,2AZ5,7ASY,7QLF"
C[C@@H](Nc1c(Cl)cnc2ccc(cc12)-c1cnc(nc1)N1CCS(=O)(=O)CC1)c1ccccc1F	Tumor necrosis factor	25	ChEMBL	"2AZ5,3ALQ,3IT8,3L9J,4G3Y,4TWT,5M2I,5M2J,5M2M,5MU8,5WUX,5YOY,6OOY,6OOZ,6X81,6X82,6X83,6X85,6X86,7JRA"
C[C@@H](Nc1c(Cl)c(C)nc2cc(F)c(nc12)-c1cnc(nc1)C(C)(C)O)c1cc(ccc1F)C#N	Tumor necrosis factor	25	ChEMBL	"2AZ5,3ALQ,3IT8,3L9J,4G3Y,4TWT,5M2I,5M2J,5M2M,5MU8,5WUX,5YOY,6OOY,6OOZ,6X81,6X82,6X83,6X85,6X86,7JRA"
N#Cc1ccc(F)c([C@@H](C)Nc2c(Cl)c(C)nc3cc(F)c(-c4cnc(N5CCN(C(=O)COCCn6cc(COCCOCCOCCOCCNC(=O)CC[C@H](NC(=O)c7ccc(NCc8cnc9nc(N)nc(O)c9n8)cc7)C(=O)O)nn6)CC5)nc4)nc23)c1	Tumor necrosis factor	25	US Patent	"5MU8,9OK6,9OJY,9OJS,9OJO,6X86,6X85,6X83,6X82,6X81,5YOY,7JRA,8Z8M,6OOZ,6OOY,5WUX,5M2M,5M2J,5M2I,4TWT,4G3Y,3IT8,3ALQ,3L9J,2AZ5,7ASY,7QLF"
Cc1nc2cc(F)c(-c3cnc(N4CCN(C(=O)COCCn5cc(COCCOCCOCCN6CCN(C(=O)CC[C@H](NC(=O)c7ccc(NCc8cnc9nc(N)nc(O)c9n8)cc7)C(=O)O)CC6)nn5)CC4)nc3)nc2c(N[C@H](C)c2cc(C#N)ccc2F)c1Cl	Tumor necrosis factor	26	US Patent	"5MU8,9OK6,9OJY,9OJS,9OJO,6X86,6X85,6X83,6X82,6X81,5YOY,7JRA,8Z8M,6OOZ,6OOY,5WUX,5M2M,5M2J,5M2I,4TWT,4G3Y,3IT8,3ALQ,3L9J,2AZ5,7ASY,7QLF"
COc1ncc(cc1NS(C)(=O)=O)-c1nc(nc2c(O[C@H]3CCC(CC3)N3CCCCC3)cc(F)cc12)N1CCOCC1	Tumor necrosis factor	27	US Patent	"2AZ5,3ALQ,3IT8,3L9J,4G3Y,4TWT,5M2I,5M2J,5M2M,5MU8,5WUX,5YOY,6OOY,6OOZ,6X81,6X82,6X83,6X85,6X86,7JRA"
CC(Nc1c(Cl)cnc2ccc(cc12)-c1cnc(nc1)C(C)(C)O)c1ccccc1F	Tumor necrosis factor	27	ChEMBL	"2AZ5,3ALQ,3IT8,3L9J,4G3Y,4TWT,5M2I,5M2J,5M2M,5MU8,5WUX,5YOY,6OOY,6OOZ,6X81,6X82,6X83,6X85,6X86,7JRA"
C[C@@H](Nc1c(Cl)c(C)nc2cc(F)c(nc12)-c1cnc(nc1)C(C)(C)O)c1cc(ccc1F)C#N	Tumor necrosis factor	27	ChEMBL	"2AZ5,3ALQ,3IT8,3L9J,4G3Y,4TWT,5M2I,5M2J,5M2M,5MU8,5WUX,5YOY,6OOY,6OOZ,6X81,6X82,6X83,6X85,6X86,7JRA"
CN(Cc1cnc2nc(N)[nH]c(=O)c2n1)c1ccc(C(=O)N[C@@H](CCc2cn(CCOCCOCCOCCOCCOCCOCC(=O)N3CCN(c4ncc(-c5ccc6nc(COc7cccc(N8CCCC8=O)c7)n(Cc7ccccc7OC(F)F)c6c5)cn4)CC3)nn2)C(=O)O)cc1	Tumor necrosis factor	28	US Patent	"5MU8,9OK6,9OJY,9OJS,9OJO,6X86,6X85,6X83,6X82,6X81,5YOY,7JRA,8Z8M,6OOZ,6OOY,5WUX,5M2M,5M2J,5M2I,4TWT,4G3Y,3IT8,3ALQ,3L9J,2AZ5,7ASY,7QLF"
COc1ncc(cc1NS(C)(=O)=O)-c1nc(nc2c(CN3CCC(CC3)N3CCCC3)cc(F)cc12)N1CCOCC1	Tumor necrosis factor	28.4	US Patent	"2AZ5,3ALQ,3IT8,3L9J,4G3Y,4TWT,5M2I,5M2J,5M2M,5MU8,5WUX,5YOY,6OOY,6OOZ,6X81,6X82,6X83,6X85,6X86,7JRA"
COc1cccc2c1ncc1c2n([C@@H]2CCN(C2)S(C)(=O)=O)c(=O)n(-c2cccc(Cl)c2)c1=O	Tumor necrosis factor	29	US Patent	"2AZ5,3ALQ,3IT8,3L9J,4G3Y,4TWT,5M2I,5M2J,5M2M,5MU8,5WUX,5YOY,6OOY,6OOZ,6X81,6X82,6X83,6X85,6X86,7JRA"
COc1cccc2c1ncc1c2n([C@H]2CCN(C2)S(C)(=O)=O)c(=O)n(-c2cccc(Cl)c2)c1=O	Tumor necrosis factor	29	US Patent	"2AZ5,3ALQ,3IT8,3L9J,4G3Y,4TWT,5M2I,5M2J,5M2M,5MU8,5WUX,5YOY,6OOY,6OOZ,6X81,6X82,6X83,6X85,6X86,7JRA"
CN1CCN(Cc2ccc(-c3c[nH]c4ccncc34)c(OCCc3ccc(cc3)-c3cccc4ccncc34)c2)CC1	Tumor necrosis factor	29	ChEMBL	"2AZ5,3ALQ,3IT8,3L9J,4G3Y,4TWT,5M2I,5M2J,5M2M,5MU8,5WUX,5YOY,6OOY,6OOZ,6X81,6X82,6X83,6X85,6X86,7JRA"
COc1ncc(cc1NS(C)(=O)=O)-c1nc(nc2c(CN3CCC(CC3)C(C)(C)O)cccc12)N1CCOCC1	Tumor necrosis factor	29.1	US Patent	"2AZ5,3ALQ,3IT8,3L9J,4G3Y,4TWT,5M2I,5M2J,5M2M,5MU8,5WUX,5YOY,6OOY,6OOZ,6X81,6X82,6X83,6X85,6X86,7JRA"
COc1cccc2c1ncc1c2n(C2CCCC2)c(=O)n(-c2cc(C)cs2)c1=O	Tumor necrosis factor	30	US Patent	"2AZ5,3ALQ,3IT8,3L9J,4G3Y,4TWT,5M2I,5M2J,5M2M,5MU8,5WUX,5YOY,6OOY,6OOZ,6X81,6X82,6X83,6X85,6X86,7JRA"
C[C@@H](Nc1c(Cl)c(C)nc2cc(F)c(nc12)-c1cnc(nc1)C(C)(C)O)c1cc(ccc1F)C#N	Tumor necrosis factor	30	ChEMBL	"2AZ5,3ALQ,3IT8,3L9J,4G3Y,4TWT,5M2I,5M2J,5M2M,5MU8,5WUX,5YOY,6OOY,6OOZ,6X81,6X82,6X83,6X85,6X86,7JRA"
COc1cccc2c1ncc1c2n([C@@H]2CCNC2)c(=O)n(-c2cccc(Cl)c2)c1=O	Tumor necrosis factor	31	US Patent	"2AZ5,3ALQ,3IT8,3L9J,4G3Y,4TWT,5M2I,5M2J,5M2M,5MU8,5WUX,5YOY,6OOY,6OOZ,6X81,6X82,6X83,6X85,6X86,7JRA"
CC(Nc1c(Cl)cnc2ccc(cc12)-c1cnc(nc1)C(C)(C)O)c1cccc(F)c1	Tumor necrosis factor	31	ChEMBL	"2AZ5,3ALQ,3IT8,3L9J,4G3Y,4TWT,5M2I,5M2J,5M2M,5MU8,5WUX,5YOY,6OOY,6OOZ,6X81,6X82,6X83,6X85,6X86,7JRA"
COc1ncc(cc1NS(C)(=O)=O)-c1nc(nc2c(CN3CCC(CC3)N3CCCCC3)cccc12)N1CCOCC1	Tumor necrosis factor	31.7	US Patent	"2AZ5,3ALQ,3IT8,3L9J,4G3Y,4TWT,5M2I,5M2J,5M2M,5MU8,5WUX,5YOY,6OOY,6OOZ,6X81,6X82,6X83,6X85,6X86,7JRA"
COc1ncc(cc1NS(C)(=O)=O)-c1nc(nc2c(OC3CN(C3)C3CCOCC3)cc(F)cc12)N1CCOCC1	Tumor necrosis factor	32	US Patent	"2AZ5,3ALQ,3IT8,3L9J,4G3Y,4TWT,5M2I,5M2J,5M2M,5MU8,5WUX,5YOY,6OOY,6OOZ,6X81,6X82,6X83,6X85,6X86,7JRA"
Nc1cccc2C(=O)N(C3CCC(=O)NC3=O)C(=O)c12	Tumor necrosis factor	33	US Patent	"2AZ5,3ALQ,3IT8,3L9J,4G3Y,4TWT,5M2I,5M2J,5M2M,5MU8,5WUX,5YOY,6OOY,6OOZ,6X81,6X82,6X83,6X85,6X86,7JRA"
Cc1nc2cccc(N)c2c(=O)n1C1CCC(=O)NC1=O	Tumor necrosis factor	34	US Patent	"2AZ5,3ALQ,3IT8,3L9J,4G3Y,4TWT,5M2I,5M2J,5M2M,5MU8,5WUX,5YOY,6OOY,6OOZ,6X81,6X82,6X83,6X85,6X86,7JRA"
COc1ncc(cc1NS(C)(=O)=O)-c1nc(nc2c(CN3CCC(CC3)N3CCCCC3)cc(F)cc12)N1CCOCC1	Tumor necrosis factor	34.8	US Patent	"2AZ5,3ALQ,3IT8,3L9J,4G3Y,4TWT,5M2I,5M2J,5M2M,5MU8,5WUX,5YOY,6OOY,6OOZ,6X81,6X82,6X83,6X85,6X86,7JRA"
Cc1ccc(C)c(Nc2c(Cl)cnc3ccc(cc23)-c2ccc(nc2)C#N)c1	Tumor necrosis factor	35	ChEMBL	"2AZ5,3ALQ,3IT8,3L9J,4G3Y,4TWT,5M2I,5M2J,5M2M,5MU8,5WUX,5YOY,6OOY,6OOZ,6X81,6X82,6X83,6X85,6X86,7JRA"
CCC(Nc1c(Cl)cnc2ccc(cc12)-c1cnc(nc1)C(C)(C)O)c1ccccc1F	Tumor necrosis factor	35	ChEMBL	"2AZ5,3ALQ,3IT8,3L9J,4G3Y,4TWT,5M2I,5M2J,5M2M,5MU8,5WUX,5YOY,6OOY,6OOZ,6X81,6X82,6X83,6X85,6X86,7JRA"
Cc1ccc(C)c(Nc2c(Cl)cnc3ccc(Br)cc23)c1	Tumor necrosis factor	36	ChEMBL	"2AZ5,3ALQ,3IT8,3L9J,4G3Y,4TWT,5M2I,5M2J,5M2M,5MU8,5WUX,5YOY,6OOY,6OOZ,6X81,6X82,6X83,6X85,6X86,7JRA"
Cc1nc2cc(F)c(-c3cnc(N4CCN(C(=O)COCCn5cc(CN(CCO)CCOCCOCCOCCNC(=O)CC[C@H](NC(=O)c6ccc(NCc7ccc8nc(N)nc(O)c8c7)cc6)c6nn[nH]n6)nn5)CC4)nc3)nc2c(N[C@H](C)c2cc(C#N)ccc2F)c1Cl	Tumor necrosis factor	36	US Patent	"5MU8,9OK6,9OJY,9OJS,9OJO,6X86,6X85,6X83,6X82,6X81,5YOY,7JRA,8Z8M,6OOZ,6OOY,5WUX,5M2M,5M2J,5M2I,4TWT,4G3Y,3IT8,3ALQ,3L9J,2AZ5,7ASY,7QLF"
COC(=O)Cc1[nH]n(-c2nc3ccccc3s2)c(=O)c1C(C)=Nc1ccc(Cl)cc1 |w:22.25|	Tumor necrosis factor	36.9	PubChem	"5MU8,9OK6,9OJY,9OJS,9OJO,6X86,6X85,6X83,6X82,6X81,5YOY,7JRA,8Z8M,6OOZ,6OOY,5WUX,5M2M,5M2J,5M2I,4TWT,4G3Y,3IT8,3ALQ,3L9J,2AZ5,7ASY,7QLF"
C[C@@H](Nc1c(Cl)cnc2ccc(cc12)-c1cnc(nc1)C(C)(C)O)c1cc(N)ccc1F	Tumor necrosis factor	37	ChEMBL	"2AZ5,3ALQ,3IT8,3L9J,4G3Y,4TWT,5M2I,5M2J,5M2M,5MU8,5WUX,5YOY,6OOY,6OOZ,6X81,6X82,6X83,6X85,6X86,7JRA"
COC(=O)Cc1[nH]n(-c2nc3ccccc3s2)c(=O)c1C(C)=Nc1ccccc1 |w:22.25|	Tumor necrosis factor	37.3	PubChem	"5MU8,9OK6,9OJY,9OJS,9OJO,6X86,6X85,6X83,6X82,6X81,5YOY,7JRA,8Z8M,6OOZ,6OOY,5WUX,5M2M,5M2J,5M2I,4TWT,4G3Y,3IT8,3ALQ,3L9J,2AZ5,7ASY,7QLF"
Cc1nc2cc(F)c(-c3cnc(N4CC5(CN(C(=O)COCCOCCOCCOCCOCCOCCn6cc(CC[C@H](NC(=O)c7ccc(NCc8cnc9nc(N)nc(O)c9n8)cc7)C(=O)O)nn6)C5)C4)nc3)nc2c(N[C@H](C)c2cc(C#N)ccc2F)c1Cl	Tumor necrosis factor	39	US Patent	"5MU8,9OK6,9OJY,9OJS,9OJO,6X86,6X85,6X83,6X82,6X81,5YOY,7JRA,8Z8M,6OOZ,6OOY,5WUX,5M2M,5M2J,5M2I,4TWT,4G3Y,3IT8,3ALQ,3L9J,2AZ5,7ASY,7QLF"
COCCn1c(C)cc(C(=O)COC(=O)c2ccccc2Br)c1C	Tumor necrosis factor	39.1	PubChem	"5MU8,9OK6,9OJY,9OJS,9OJO,6X86,6X85,6X83,6X82,6X81,5YOY,7JRA,8Z8M,6OOZ,6OOY,5WUX,5M2M,5M2J,5M2I,4TWT,4G3Y,3IT8,3ALQ,3L9J,2AZ5,7ASY,7QLF"
Cc1cc(C(=O)COC(=O)c2ccccc2O)c(C)n1Cc1cccs1	Tumor necrosis factor	39.1	PubChem	"5MU8,9OK6,9OJY,9OJS,9OJO,6X86,6X85,6X83,6X82,6X81,5YOY,7JRA,8Z8M,6OOZ,6OOY,5WUX,5M2M,5M2J,5M2I,4TWT,4G3Y,3IT8,3ALQ,3L9J,2AZ5,7ASY,7QLF"
Cc1ccc2oc(N=C(N)NC(=O)C(C)(C)C)nc2c1 |w:7.6|	Tumor necrosis factor	39.1	PubChem	"5MU8,9OK6,9OJY,9OJS,9OJO,6X86,6X85,6X83,6X82,6X81,5YOY,7JRA,8Z8M,6OOZ,6OOY,5WUX,5M2M,5M2J,5M2I,4TWT,4G3Y,3IT8,3ALQ,3L9J,2AZ5,7ASY,7QLF"
COC(=O)Cc1[nH]n(-c2nc3ccccc3s2)c(=O)c1C(C)=Nc1ccc(OC)cc1 |w:22.25|	Tumor necrosis factor	39.1	PubChem	"5MU8,9OK6,9OJY,9OJS,9OJO,6X86,6X85,6X83,6X82,6X81,5YOY,7JRA,8Z8M,6OOZ,6OOY,5WUX,5M2M,5M2J,5M2I,4TWT,4G3Y,3IT8,3ALQ,3L9J,2AZ5,7ASY,7QLF"
C[C@@H](Nc1c(Cl)cnc2ccc(cc12)-c1cnc(nc1)C(C)(C)O)c1cc(N)ccc1F	Tumor necrosis factor	41	ChEMBL	"2AZ5,3ALQ,3IT8,3L9J,4G3Y,4TWT,5M2I,5M2J,5M2M,5MU8,5WUX,5YOY,6OOY,6OOZ,6X81,6X82,6X83,6X85,6X86,7JRA"
Cc1nc2cc(F)c(-c3cnc(N4CCN(C(=O)COCCOCCOCCOCCOCCn5cc(CC[C@H](NC(=O)c6ccc(NCc7cnc8nc(N)nc(O)c8n7)cc6)C(=O)O)nn5)CC4)nc3)nc2c(N[C@H](C)c2cc(C#N)ccc2F)c1Cl	Tumor necrosis factor	42	US Patent	"5MU8,9OK6,9OJY,9OJS,9OJO,6X86,6X85,6X83,6X82,6X81,5YOY,7JRA,8Z8M,6OOZ,6OOY,5WUX,5M2M,5M2J,5M2I,4TWT,4G3Y,3IT8,3ALQ,3L9J,2AZ5,7ASY,7QLF"
Cc1cc(C(=O)COC(=O)c2ccccc2Br)c(C)n1CC1CCCO1	Tumor necrosis factor	45.6	PubChem	"5MU8,9OK6,9OJY,9OJS,9OJO,6X86,6X85,6X83,6X82,6X81,5YOY,7JRA,8Z8M,6OOZ,6OOY,5WUX,5M2M,5M2J,5M2I,4TWT,4G3Y,3IT8,3ALQ,3L9J,2AZ5,7ASY,7QLF"
CC(Nc1c(Cl)cnc2c(F)cc(cc12)-c1cnc(nc1)C(C)(C)O)c1ccccc1F	Tumor necrosis factor	46	ChEMBL	"2AZ5,3ALQ,3IT8,3L9J,4G3Y,4TWT,5M2I,5M2J,5M2M,5MU8,5WUX,5YOY,6OOY,6OOZ,6X81,6X82,6X83,6X85,6X86,7JRA"
C[C@@H](Nc1c(Cl)cnc2ccc(cc12)-c1ccc(cc1)C(C)(C)O)c1ccccc1F	Tumor necrosis factor	47	ChEMBL	"2AZ5,3ALQ,3IT8,3L9J,4G3Y,4TWT,5M2I,5M2J,5M2M,5MU8,5WUX,5YOY,6OOY,6OOZ,6X81,6X82,6X83,6X85,6X86,7JRA"
CNC(=O)[C@@H](NC(=O)[C@@H]([C@H](CO)C(=O)NO)c1ccc(OC)cc1)C(C)(C)C	Tumor necrosis factor	48	ChEMBL	"2AZ5,3ALQ,3IT8,3L9J,4G3Y,4TWT,5M2I,5M2J,5M2M,5MU8,5WUX,5YOY,6OOY,6OOZ,6X81,6X82,6X83,6X85,6X86,7JRA"
C[C@@H](Nc1c(Cl)cnc2ccc(cc12)-c1cnc(nc1)C(C)(C)O)c1cc(ccc1F)C#N	Tumor necrosis factor	48	ChEMBL	"2AZ5,3ALQ,3IT8,3L9J,4G3Y,4TWT,5M2I,5M2J,5M2M,5MU8,5WUX,5YOY,6OOY,6OOZ,6X81,6X82,6X83,6X85,6X86,7JRA"
CC(Nc1c(Cl)cnc2cc(F)c(cc12)-c1cnc(nc1)C(C)(C)O)c1ccccc1F	Tumor necrosis factor	48	ChEMBL	"2AZ5,3ALQ,3IT8,3L9J,4G3Y,4TWT,5M2I,5M2J,5M2M,5MU8,5WUX,5YOY,6OOY,6OOZ,6X81,6X82,6X83,6X85,6X86,7JRA"
C[C@@H](Nc1c(Cl)cnc2ccc(cc12)-c1cnc(nc1)C(C)(C)O)c1cc(ccc1F)C#N	Tumor necrosis factor	49	ChEMBL	"2AZ5,3ALQ,3IT8,3L9J,4G3Y,4TWT,5M2I,5M2J,5M2M,5MU8,5WUX,5YOY,6OOY,6OOZ,6X81,6X82,6X83,6X85,6X86,7JRA"
Cc1ccc(C)c(Nc2c(Cl)c(C)nc3ccc(cc23)-c2cnc(nc2)C(C)(C)O)c1	Tumor necrosis factor	51	ChEMBL	"2AZ5,3ALQ,3IT8,3L9J,4G3Y,4TWT,5M2I,5M2J,5M2M,5MU8,5WUX,5YOY,6OOY,6OOZ,6X81,6X82,6X83,6X85,6X86,7JRA"
CC(Nc1c(Cl)cnc2ccc(cc12)-c1cnc(nc1)C(C)(C)O)c1ccccc1C(F)(F)F	Tumor necrosis factor	51	ChEMBL	"2AZ5,3ALQ,3IT8,3L9J,4G3Y,4TWT,5M2I,5M2J,5M2M,5MU8,5WUX,5YOY,6OOY,6OOZ,6X81,6X82,6X83,6X85,6X86,7JRA"
CC(Nc1c(Cl)cnc2cc(Cl)c(cc12)-c1cnc(nc1)C(C)(C)O)c1ccccc1F	Tumor necrosis factor	54	ChEMBL	"2AZ5,3ALQ,3IT8,3L9J,4G3Y,4TWT,5M2I,5M2J,5M2M,5MU8,5WUX,5YOY,6OOY,6OOZ,6X81,6X82,6X83,6X85,6X86,7JRA"
Cc1nc2cc(F)c(-c3cnc(N4CCN(C(=O)COCCn5cc(COCCOCCOCCOCCNC(=O)CCCNC(=O)c6ccc(NCc7cnc8nc(N)nc(O)c8n7)cc6)nn5)CC4)nc3)nc2c(N[C@H](C)c2cc(C#N)ccc2F)c1Cl	Tumor necrosis factor	56	US Patent	"5MU8,9OK6,9OJY,9OJS,9OJO,6X86,6X85,6X83,6X82,6X81,5YOY,7JRA,8Z8M,6OOZ,6OOY,5WUX,5M2M,5M2J,5M2I,4TWT,4G3Y,3IT8,3ALQ,3L9J,2AZ5,7ASY,7QLF"
CC(C)C(Nc1c(Cl)cnc2ccc(cc12)-c1cnc(nc1)C(C)(C)O)c1ccccc1F	Tumor necrosis factor	57	ChEMBL	"2AZ5,3ALQ,3IT8,3L9J,4G3Y,4TWT,5M2I,5M2J,5M2M,5MU8,5WUX,5YOY,6OOY,6OOZ,6X81,6X82,6X83,6X85,6X86,7JRA"
COc1ccccc1CN1c2cc(-c3cnc(N4CCN(C(=O)COCCOCCOCCOCCOCCOCCn5cc(CC[C@H](NC(=O)c6ccc(NCc7cnc8nc(N)nc(O)c8n7)cc6)C(=O)O)nn5)[C@H](C)C4)nc3)ccc2C(=O)C1(C)C	Tumor necrosis factor	60	US Patent	"5MU8,9OK6,9OJY,9OJS,9OJO,6X86,6X85,6X83,6X82,6X81,5YOY,7JRA,8Z8M,6OOZ,6OOY,5WUX,5M2M,5M2J,5M2I,4TWT,4G3Y,3IT8,3ALQ,3L9J,2AZ5,7ASY,7QLF"
CC(Nc1c(Cl)cnc2ccc(cc12)-c1cnc(nc1)C(C)(C)O)c1ccc(F)cc1	Tumor necrosis factor	62	ChEMBL	"2AZ5,3ALQ,3IT8,3L9J,4G3Y,4TWT,5M2I,5M2J,5M2M,5MU8,5WUX,5YOY,6OOY,6OOZ,6X81,6X82,6X83,6X85,6X86,7JRA"
CC(Nc1c(Cl)cnc2cc(F)c(cc12)-c1cnc(nc1)C(C)(C)O)c1ccccc1F	Tumor necrosis factor	64	ChEMBL	"2AZ5,3ALQ,3IT8,3L9J,4G3Y,4TWT,5M2I,5M2J,5M2M,5MU8,5WUX,5YOY,6OOY,6OOZ,6X81,6X82,6X83,6X85,6X86,7JRA"
C[C@@H](Nc1c(Cl)cnc2ccc(cc12)-c1ccc(cc1)C(C)(C)O)c1ccccc1F	Tumor necrosis factor	65	ChEMBL	"2AZ5,3ALQ,3IT8,3L9J,4G3Y,4TWT,5M2I,5M2J,5M2M,5MU8,5WUX,5YOY,6OOY,6OOZ,6X81,6X82,6X83,6X85,6X86,7JRA"
COc1ncc(cc1NS(C)(=O)=O)-c1nc(nc2c(CN3CCC(CC3)C(C)(C)O)cc(F)cc12)N1CCOCC1	Tumor necrosis factor	66	US Patent	"2AZ5,3ALQ,3IT8,3L9J,4G3Y,4TWT,5M2I,5M2J,5M2M,5MU8,5WUX,5YOY,6OOY,6OOZ,6X81,6X82,6X83,6X85,6X86,7JRA"
COc1ncc(cc1NS(C)(=O)=O)-c1nc(nc2c(OC3CCC(CC3)N3CCCCC3)cc(F)cc12)N1CCOCC1	Tumor necrosis factor	66	US Patent	"2AZ5,3ALQ,3IT8,3L9J,4G3Y,4TWT,5M2I,5M2J,5M2M,5MU8,5WUX,5YOY,6OOY,6OOZ,6X81,6X82,6X83,6X85,6X86,7JRA"
Cc1ccc(C(=O)ON=C(N)c2ccccn2)c(C)c1 |w:8.7|	Tumor necrosis factor	70.6	PubChem	"5MU8,9OK6,9OJY,9OJS,9OJO,6X86,6X85,6X83,6X82,6X81,5YOY,7JRA,8Z8M,6OOZ,6OOY,5WUX,5M2M,5M2J,5M2I,4TWT,4G3Y,3IT8,3ALQ,3L9J,2AZ5,7ASY,7QLF"
CC(C)(C)OC(=O)NC[C@@H](C(=O)Nc1ccc2cnccc2c1)c1ccc(COC(=O)CCC(=O)OCC(=O)[C@@]23OC(C)(C)O[C@@H]2C[C@H]2[C@@H]4CCC5=CC(=O)C=C[C@]5(C)[C@@]4(F)[C@@H](O)C[C@]32C)cc1	Tumor necrosis factor	71	US Patent	"2AZ5,3ALQ,3IT8,3L9J,4G3Y,4TWT,5M2I,5M2J,5M2M,5MU8,5WUX,5YOY,6OOY,6OOZ,6X81,6X82,6X83,6X85,6X86,7JRA"
CC1(C)N(Cc2cccnc2C#N)c2cc(ccc2C1=O)-c1cnc(nc1)N1CCN2[C@H](CNC2=O)C1	Tumor necrosis factor	71	ChEMBL	"2AZ5,3ALQ,3IT8,3L9J,4G3Y,4TWT,5M2I,5M2J,5M2M,5MU8,5WUX,5YOY,6OOY,6OOZ,6X81,6X82,6X83,6X85,6X86,7JRA"
CC(C)(C)OC(=O)NC[C@@H](C(=O)Nc1ccc2cnccc2c1)c1ccc(COC(=O)CCC(=O)OCC(=O)[C@@]23OC(C)(C)O[C@@H]2C[C@H]2[C@@H]4CCC5=CC(=O)C=C[C@]5(C)[C@@]4(F)[C@@H](O)C[C@]32C)cc1	Tumor necrosis factor	71	US Patent	"2AZ5,3ALQ,3IT8,3L9J,4G3Y,4TWT,5M2I,5M2J,5M2M,5MU8,5WUX,5YOY,6OOY,6OOZ,6X81,6X82,6X83,6X85,6X86,7JRA"
Cc1ccc(C)c(Nc2c(Cl)cnc3ccc(cc23)-c2ccc(nc2)C#N)c1	Tumor necrosis factor	73	ChEMBL	"2AZ5,3ALQ,3IT8,3L9J,4G3Y,4TWT,5M2I,5M2J,5M2M,5MU8,5WUX,5YOY,6OOY,6OOZ,6X81,6X82,6X83,6X85,6X86,7JRA"
COc1cccc2c1ncc1c2n(C2CCCC2)c(=O)n(-c2cccc(SC)c2)c1=O	Tumor necrosis factor	74	US Patent	"2AZ5,3ALQ,3IT8,3L9J,4G3Y,4TWT,5M2I,5M2J,5M2M,5MU8,5WUX,5YOY,6OOY,6OOZ,6X81,6X82,6X83,6X85,6X86,7JRA"
Cc1cc(C(=O)NC2CCCc3c2cnn3-c2ccc(C)c(C)c2)n(C)n1	Tumor necrosis factor	79.3	PubChem	"5MU8,9OK6,9OJY,9OJS,9OJO,6X86,6X85,6X83,6X82,6X81,5YOY,7JRA,8Z8M,6OOZ,6OOY,5WUX,5M2M,5M2J,5M2I,4TWT,4G3Y,3IT8,3ALQ,3L9J,2AZ5,7ASY,7QLF"
CC(C)(O)c1ncc(cn1)-c1ccc2ncc(Cl)c(NCc3ccccc3)c2c1	Tumor necrosis factor	82	ChEMBL	"2AZ5,3ALQ,3IT8,3L9J,4G3Y,4TWT,5M2I,5M2J,5M2M,5MU8,5WUX,5YOY,6OOY,6OOZ,6X81,6X82,6X83,6X85,6X86,7JRA"
COc1ncc(cc1NS(C)(=O)=O)-c1nc(nc2c(CN3CCC(CC3)N3CCCCC3=O)cc(F)cc12)N1CCOCC1	Tumor necrosis factor	88.7	US Patent	"2AZ5,3ALQ,3IT8,3L9J,4G3Y,4TWT,5M2I,5M2J,5M2M,5MU8,5WUX,5YOY,6OOY,6OOZ,6X81,6X82,6X83,6X85,6X86,7JRA"
C[C@@H]1C[C@H]2[C@@H]3CCC4=CC(=O)C=C[C@]4(C)[C@@]3(F)[C@@H](O)C[C@]2(C)[C@@]1(O)C(=O)COC(=O)CCC(=O)OCc1ccc(cc1)C(CCN)C(=O)Nc1ccc2cnccc2c1	Tumor necrosis factor	90.5	US Patent	"2AZ5,3ALQ,3IT8,3L9J,4G3Y,4TWT,5M2I,5M2J,5M2M,5MU8,5WUX,5YOY,6OOY,6OOZ,6X81,6X82,6X83,6X85,6X86,7JRA"
C[C@@H]1C[C@H]2[C@@H]3CCC4=CC(=O)C=C[C@]4(C)[C@@]3(F)[C@@H](O)C[C@]2(C)[C@@]1(O)C(=O)COC(=O)CCC(=O)OCc1ccc(cc1)C(CCN)C(=O)Nc1ccc2cnccc2c1	Tumor necrosis factor	90.5	US Patent	"2AZ5,3ALQ,3IT8,3L9J,4G3Y,4TWT,5M2I,5M2J,5M2M,5MU8,5WUX,5YOY,6OOY,6OOZ,6X81,6X82,6X83,6X85,6X86,7JRA"
COC1CCN(Cc2cccc3c(nc(nc23)N2CCOCC2)-c2cnc(OC)c(NS(C)(=O)=O)c2)CC1	Tumor necrosis factor	92.7	US Patent	"2AZ5,3ALQ,3IT8,3L9J,4G3Y,4TWT,5M2I,5M2J,5M2M,5MU8,5WUX,5YOY,6OOY,6OOZ,6X81,6X82,6X83,6X85,6X86,7JRA"
C[C@@H](Nc1c(Cl)cnc2ccc(cc12)-c1cnc(nc1)C(C)(C)O)c1cc(ccc1F)N1CCCC1	Tumor necrosis factor	94	ChEMBL	"2AZ5,3ALQ,3IT8,3L9J,4G3Y,4TWT,5M2I,5M2J,5M2M,5MU8,5WUX,5YOY,6OOY,6OOZ,6X81,6X82,6X83,6X85,6X86,7JRA"
COc1ccc2CN(C[C@]3(NC(=O)NC3=O)C#Cc3ccc(cc3)-c3ncccc3O)C(=O)c2c1F |r|	Tumor necrosis factor	96	US Patent	"5MU8,9OK6,9OJY,9OJS,9OJO,6X86,6X85,6X83,6X82,6X81,5YOY,7JRA,8Z8M,6OOZ,6OOY,5WUX,5M2M,5M2J,5M2I,4TWT,4G3Y,3IT8,3ALQ,3L9J,2AZ5,7ASY,7QLF"
CC1(C)N(Cc2cccnc2C#N)c2cc(ccc2C1=O)-c1cnc(nc1)N1CCN2[C@H](CNC2=O)C1	Tumor necrosis factor	99	ChEMBL	"2TNF,7KP7,7KP8"
CC(C)[C@H](NC(=O)C(C)(F)F)[C@H](Oc1ccc2n(ncc2c1)-c1ccc(=O)n(C)c1)c1cc(F)cc(F)c1	Tumor necrosis factor	100	US Patent	"2AZ5,3ALQ,3IT8,3L9J,4G3Y,4TWT,5M2I,5M2J,5M2M,5MU8,5WUX,5YOY,6OOY,6OOZ,6X81,6X82,6X83,6X85,6X86,7JRA"
[O-][S@@+]1CCc2nc(nc(NC3CCOCC3)c12)N1CC(C1)OC(=O)c1ccsc1	Tumor necrosis factor	100	US Patent	"2AZ5,3ALQ,3IT8,3L9J,4G3Y,4TWT,5M2I,5M2J,5M2M,5MU8,5WUX,5YOY,6OOY,6OOZ,6X81,6X82,6X83,6X85,6X86,7JRA"
[O-][S@@+]1CCc2nc(nc(NC3CCOCC3)c12)N1CC(C1)OC(=O)c1cscn1	Tumor necrosis factor	100	US Patent	"2AZ5,3ALQ,3IT8,3L9J,4G3Y,4TWT,5M2I,5M2J,5M2M,5MU8,5WUX,5YOY,6OOY,6OOZ,6X81,6X82,6X83,6X85,6X86,7JRA"
CN(C1CCOCC1)c1nc(nc2CC[S+]([O-])c12)N1CC(C1)OC(=O)c1cnsc1	Tumor necrosis factor	100	US Patent	"2AZ5,3ALQ,3IT8,3L9J,4G3Y,4TWT,5M2I,5M2J,5M2M,5MU8,5WUX,5YOY,6OOY,6OOZ,6X81,6X82,6X83,6X85,6X86,7JRA"
CN(C1CCOCC1)c1nc(nc2CC[S@@+]([O-])c12)N1CC(C1)OC(=O)c1cnsc1	Tumor necrosis factor	100	US Patent	"2AZ5,3ALQ,3IT8,3L9J,4G3Y,4TWT,5M2I,5M2J,5M2M,5MU8,5WUX,5YOY,6OOY,6OOZ,6X81,6X82,6X83,6X85,6X86,7JRA"
CN(C1CCOCC1)c1nc(nc2CC[S@+]([O-])c12)N1CC(C1)OC(=O)c1cscn1	Tumor necrosis factor	100	US Patent	"2AZ5,3ALQ,3IT8,3L9J,4G3Y,4TWT,5M2I,5M2J,5M2M,5MU8,5WUX,5YOY,6OOY,6OOZ,6X81,6X82,6X83,6X85,6X86,7JRA"
CN(C1CCOCC1)c1nc(nc2CC[S@@+]([O-])c12)N1CC(C1)OC(=O)c1cscn1	Tumor necrosis factor	100	US Patent	"2AZ5,3ALQ,3IT8,3L9J,4G3Y,4TWT,5M2I,5M2J,5M2M,5MU8,5WUX,5YOY,6OOY,6OOZ,6X81,6X82,6X83,6X85,6X86,7JRA"
[O-][S@@+]1CCc2nc(nc(NC3CCOCC3)c12)N1CC(C1)OC(=O)C1CCCC1	Tumor necrosis factor	100	US Patent	"2AZ5,3ALQ,3IT8,3L9J,4G3Y,4TWT,5M2I,5M2J,5M2M,5MU8,5WUX,5YOY,6OOY,6OOZ,6X81,6X82,6X83,6X85,6X86,7JRA"
[O-][S@@+]1CCc2nc(nc(NC3CCOCC3)c12)N1CC(C1)OC(=O)C1CCOCC1	Tumor necrosis factor	100	US Patent	"2AZ5,3ALQ,3IT8,3L9J,4G3Y,4TWT,5M2I,5M2J,5M2M,5MU8,5WUX,5YOY,6OOY,6OOZ,6X81,6X82,6X83,6X85,6X86,7JRA"
CSCCC(=O)OC1CN(C1)c1nc2CC[S+]([O-])c2c(n1)N(C)C1CCOCC1	Tumor necrosis factor	100	US Patent	"2AZ5,3ALQ,3IT8,3L9J,4G3Y,4TWT,5M2I,5M2J,5M2M,5MU8,5WUX,5YOY,6OOY,6OOZ,6X81,6X82,6X83,6X85,6X86,7JRA"
CN(C1CCOCC1)c1nc(nc2CC[S+]([O-])c12)N1CC(C1)OC(=O)c1ccccc1	Tumor necrosis factor	100	US Patent	"2AZ5,3ALQ,3IT8,3L9J,4G3Y,4TWT,5M2I,5M2J,5M2M,5MU8,5WUX,5YOY,6OOY,6OOZ,6X81,6X82,6X83,6X85,6X86,7JRA"
CN(C1CCOCC1)c1nc(nc2CC[S+]([O-])c12)N1CC(C1)OC(=O)c1ccn(C)n1	Tumor necrosis factor	100	US Patent	"2AZ5,3ALQ,3IT8,3L9J,4G3Y,4TWT,5M2I,5M2J,5M2M,5MU8,5WUX,5YOY,6OOY,6OOZ,6X81,6X82,6X83,6X85,6X86,7JRA"
CN(C1CCOCC1)c1nc(nc2CC[S+]([O-])c12)N1CC(C1)OC(=O)c1cnn(C)c1	Tumor necrosis factor	100	US Patent	"2AZ5,3ALQ,3IT8,3L9J,4G3Y,4TWT,5M2I,5M2J,5M2M,5MU8,5WUX,5YOY,6OOY,6OOZ,6X81,6X82,6X83,6X85,6X86,7JRA"
CN(C1CCOCC1)c1nc(nc2CC[S+]([O-])c12)N1CC(C1)OC(=O)c1cn(C)cn1	Tumor necrosis factor	100	US Patent	"2AZ5,3ALQ,3IT8,3L9J,4G3Y,4TWT,5M2I,5M2J,5M2M,5MU8,5WUX,5YOY,6OOY,6OOZ,6X81,6X82,6X83,6X85,6X86,7JRA"
CN(C1CCOCC1)c1nc(nc2CC[S+]([O-])c12)N1CC(C1)OC(=O)c1coc(C)n1	Tumor necrosis factor	100	US Patent	"2AZ5,3ALQ,3IT8,3L9J,4G3Y,4TWT,5M2I,5M2J,5M2M,5MU8,5WUX,5YOY,6OOY,6OOZ,6X81,6X82,6X83,6X85,6X86,7JRA"
CN(C1CCOCC1)c1nc(nc2CC[S+]([O-])c12)N1CC(C1)OC(=O)c1cnc(C)o1	Tumor necrosis factor	100	US Patent	"2AZ5,3ALQ,3IT8,3L9J,4G3Y,4TWT,5M2I,5M2J,5M2M,5MU8,5WUX,5YOY,6OOY,6OOZ,6X81,6X82,6X83,6X85,6X86,7JRA"
CN(C1CCOCC1)c1nc(nc2CC[S+]([O-])c12)N1CC(C1)OC(=O)c1ccns1	Tumor necrosis factor	100	US Patent	"2AZ5,3ALQ,3IT8,3L9J,4G3Y,4TWT,5M2I,5M2J,5M2M,5MU8,5WUX,5YOY,6OOY,6OOZ,6X81,6X82,6X83,6X85,6X86,7JRA"
CN(C1CCOCC1)c1nc(nc2CC[S+]([O-])c12)N1CC(C1)OC(=O)C1CCOCC1	Tumor necrosis factor	100	US Patent	"2AZ5,3ALQ,3IT8,3L9J,4G3Y,4TWT,5M2I,5M2J,5M2M,5MU8,5WUX,5YOY,6OOY,6OOZ,6X81,6X82,6X83,6X85,6X86,7JRA"
CN(C1CCOCC1)c1nc(nc2CC[S+]([O-])c12)N1CC(C1)OC(=O)c1ccccc1C	Tumor necrosis factor	100	US Patent	"2AZ5,3ALQ,3IT8,3L9J,4G3Y,4TWT,5M2I,5M2J,5M2M,5MU8,5WUX,5YOY,6OOY,6OOZ,6X81,6X82,6X83,6X85,6X86,7JRA"
CN(C1CCOCC1)c1nc(nc2CC[S+]([O-])c12)N1CC(C1)OC(=O)c1cccc(C)c1	Tumor necrosis factor	100	US Patent	"2AZ5,3ALQ,3IT8,3L9J,4G3Y,4TWT,5M2I,5M2J,5M2M,5MU8,5WUX,5YOY,6OOY,6OOZ,6X81,6X82,6X83,6X85,6X86,7JRA"
CN(C1CCOCC1)c1nc(nc2CC[S+]([O-])c12)N1CC(C1)OC(=O)c1ccc(C)cc1	Tumor necrosis factor	100	US Patent	"2AZ5,3ALQ,3IT8,3L9J,4G3Y,4TWT,5M2I,5M2J,5M2M,5MU8,5WUX,5YOY,6OOY,6OOZ,6X81,6X82,6X83,6X85,6X86,7JRA"
CN(C1CCOCC1)c1nc(nc2CC[S+]([O-])c12)N1CC(C1)OC(=O)c1cnc(C)nc1	Tumor necrosis factor	100	US Patent	"2AZ5,3ALQ,3IT8,3L9J,4G3Y,4TWT,5M2I,5M2J,5M2M,5MU8,5WUX,5YOY,6OOY,6OOZ,6X81,6X82,6X83,6X85,6X86,7JRA"
CN(C1CCOCC1)c1nc(nc2CC[S+]([O-])c12)N1CC(C1)OC(=O)c1ccc(F)cc1	Tumor necrosis factor	100	US Patent	"2AZ5,3ALQ,3IT8,3L9J,4G3Y,4TWT,5M2I,5M2J,5M2M,5MU8,5WUX,5YOY,6OOY,6OOZ,6X81,6X82,6X83,6X85,6X86,7JRA"
CN(C1CCOCC1)c1nc(nc2CC[S+]([O-])c12)N1CC(C1)OC(=O)c1ccccc1F	Tumor necrosis factor	100	US Patent	"2AZ5,3ALQ,3IT8,3L9J,4G3Y,4TWT,5M2I,5M2J,5M2M,5MU8,5WUX,5YOY,6OOY,6OOZ,6X81,6X82,6X83,6X85,6X86,7JRA"
CCn1ccc(n1)C(=O)OC1CN(C1)c1nc2CC[S+]([O-])c2c(n1)N(C)C1CCOCC1	Tumor necrosis factor	100	US Patent	"2AZ5,3ALQ,3IT8,3L9J,4G3Y,4TWT,5M2I,5M2J,5M2M,5MU8,5WUX,5YOY,6OOY,6OOZ,6X81,6X82,6X83,6X85,6X86,7JRA"
CN(C1CCOCC1)c1nc(nc2CC[S+]([O-])c12)N1CC(C1)OC(=O)c1cc(C)n(C)n1	Tumor necrosis factor	100	US Patent	"2AZ5,3ALQ,3IT8,3L9J,4G3Y,4TWT,5M2I,5M2J,5M2M,5MU8,5WUX,5YOY,6OOY,6OOZ,6X81,6X82,6X83,6X85,6X86,7JRA"
CCn1cc(cn1)C(=O)OC1CN(C1)c1nc2CC[S+]([O-])c2c(n1)N(C)C1CCOCC1	Tumor necrosis factor	100	US Patent	"2AZ5,3ALQ,3IT8,3L9J,4G3Y,4TWT,5M2I,5M2J,5M2M,5MU8,5WUX,5YOY,6OOY,6OOZ,6X81,6X82,6X83,6X85,6X86,7JRA"
CCc1nc(co1)C(=O)OC1CN(C1)c1nc2CC[S+]([O-])c2c(n1)N(C)C1CCOCC1	Tumor necrosis factor	100	US Patent	"2AZ5,3ALQ,3IT8,3L9J,4G3Y,4TWT,5M2I,5M2J,5M2M,5MU8,5WUX,5YOY,6OOY,6OOZ,6X81,6X82,6X83,6X85,6X86,7JRA"
CN(C1CCOCC1)c1nc(nc2CC[S+]([O-])c12)N1CC(C1)OC(=O)c1cc(C)ns1	Tumor necrosis factor	100	US Patent	"2AZ5,3ALQ,3IT8,3L9J,4G3Y,4TWT,5M2I,5M2J,5M2M,5MU8,5WUX,5YOY,6OOY,6OOZ,6X81,6X82,6X83,6X85,6X86,7JRA"
CN(C1CCOCC1)c1nc(nc2CC[S+]([O-])c12)N1CC(C1)OC(=O)c1csc(C)n1	Tumor necrosis factor	100	US Patent	"2AZ5,3ALQ,3IT8,3L9J,4G3Y,4TWT,5M2I,5M2J,5M2M,5MU8,5WUX,5YOY,6OOY,6OOZ,6X81,6X82,6X83,6X85,6X86,7JRA"
CN(C1CCOCC1)c1nc(nc2CC[S+]([O-])c12)N1CC(C1)OC(=O)c1cnc(C)s1	Tumor necrosis factor	100	US Patent	"2AZ5,3ALQ,3IT8,3L9J,4G3Y,4TWT,5M2I,5M2J,5M2M,5MU8,5WUX,5YOY,6OOY,6OOZ,6X81,6X82,6X83,6X85,6X86,7JRA"
CN(C1CCOCC1)c1nc(nc2CC[S+]([O-])c12)N1CC(C1)OC(=O)[C@@H]1CC[C@H](O)CC1	Tumor necrosis factor	100	US Patent	"2AZ5,3ALQ,3IT8,3L9J,4G3Y,4TWT,5M2I,5M2J,5M2M,5MU8,5WUX,5YOY,6OOY,6OOZ,6X81,6X82,6X83,6X85,6X86,7JRA"
CN(C1CCOCC1)c1nc(nc2CC[S+]([O-])c12)N1CC(C1)OC(=O)[C@@H]1CC[C@H](O)CC1	Tumor necrosis factor	100	US Patent	"2AZ5,3ALQ,3IT8,3L9J,4G3Y,4TWT,5M2I,5M2J,5M2M,5MU8,5WUX,5YOY,6OOY,6OOZ,6X81,6X82,6X83,6X85,6X86,7JRA"
CN(C1CCOCC1)c1nc(nc2CC[S+]([O-])c12)N1CC(C1)OC(=O)[C@H]1CC[C@H](O)CC1	Tumor necrosis factor	100	US Patent	"2AZ5,3ALQ,3IT8,3L9J,4G3Y,4TWT,5M2I,5M2J,5M2M,5MU8,5WUX,5YOY,6OOY,6OOZ,6X81,6X82,6X83,6X85,6X86,7JRA"
CN(C1CCOCC1)c1nc(nc2CC[S+]([O-])c12)N1CC(C1)OC(=O)C1CCSCC1	Tumor necrosis factor	100	US Patent	"2AZ5,3ALQ,3IT8,3L9J,4G3Y,4TWT,5M2I,5M2J,5M2M,5MU8,5WUX,5YOY,6OOY,6OOZ,6X81,6X82,6X83,6X85,6X86,7JRA"
CN(C1CCOCC1)c1nc(nc2CC[S+]([O-])c12)N1CC(C1)OC(=O)c1cc(C)nc(C)c1	Tumor necrosis factor	100	US Patent	"2AZ5,3ALQ,3IT8,3L9J,4G3Y,4TWT,5M2I,5M2J,5M2M,5MU8,5WUX,5YOY,6OOY,6OOZ,6X81,6X82,6X83,6X85,6X86,7JRA"
COc1ccc(cc1)C(=O)OC1CN(C1)c1nc2CC[S+]([O-])c2c(n1)N(C)C1CCOCC1	Tumor necrosis factor	100	US Patent	"2AZ5,3ALQ,3IT8,3L9J,4G3Y,4TWT,5M2I,5M2J,5M2M,5MU8,5WUX,5YOY,6OOY,6OOZ,6X81,6X82,6X83,6X85,6X86,7JRA"
COc1cccc(c1)C(=O)OC1CN(C1)c1nc2CC[S+]([O-])c2c(n1)N(C)C1CCOCC1	Tumor necrosis factor	100	US Patent	"2AZ5,3ALQ,3IT8,3L9J,4G3Y,4TWT,5M2I,5M2J,5M2M,5MU8,5WUX,5YOY,6OOY,6OOZ,6X81,6X82,6X83,6X85,6X86,7JRA"
CCc1cc(nn1C)C(=O)OC1CN(C1)c1nc2CC[S+]([O-])c2c(n1)N(C)C1CCOCC1	Tumor necrosis factor	100	US Patent	"2AZ5,3ALQ,3IT8,3L9J,4G3Y,4TWT,5M2I,5M2J,5M2M,5MU8,5WUX,5YOY,6OOY,6OOZ,6X81,6X82,6X83,6X85,6X86,7JRA"
CCc1nc(cs1)C(=O)OC1CN(C1)c1nc2CC[S+]([O-])c2c(n1)N(C)C1CCOCC1	Tumor necrosis factor	100	US Patent	"2AZ5,3ALQ,3IT8,3L9J,4G3Y,4TWT,5M2I,5M2J,5M2M,5MU8,5WUX,5YOY,6OOY,6OOZ,6X81,6X82,6X83,6X85,6X86,7JRA"
CN(C1CCOCC1)c1nc(nc2CC[S+]([O-])c12)N1CC(C1)OC(=O)c1cccc(c1)C(C)=O	Tumor necrosis factor	100	US Patent	"2AZ5,3ALQ,3IT8,3L9J,4G3Y,4TWT,5M2I,5M2J,5M2M,5MU8,5WUX,5YOY,6OOY,6OOZ,6X81,6X82,6X83,6X85,6X86,7JRA"
CN(C1CCOCC1)c1nc(nc2CC[S+]([O-])c12)N1CC(C1)OC(=O)c1ccc(cc1)C(C)=O	Tumor necrosis factor	100	US Patent	"2AZ5,3ALQ,3IT8,3L9J,4G3Y,4TWT,5M2I,5M2J,5M2M,5MU8,5WUX,5YOY,6OOY,6OOZ,6X81,6X82,6X83,6X85,6X86,7JRA"
CN(C1CCOCC1)c1nc(nc2CC[S+]([O-])c12)N1CC(C1)OC(=O)C1CCN(CC1)C(C)=O	Tumor necrosis factor	100	US Patent	"2AZ5,3ALQ,3IT8,3L9J,4G3Y,4TWT,5M2I,5M2J,5M2M,5MU8,5WUX,5YOY,6OOY,6OOZ,6X81,6X82,6X83,6X85,6X86,7JRA"
CNC(=O)c1ccc(cc1)C(=O)OC1CN(C1)c1nc2CC[S+]([O-])c2c(n1)N(C)C1CCOCC1	Tumor necrosis factor	100	US Patent	"2AZ5,3ALQ,3IT8,3L9J,4G3Y,4TWT,5M2I,5M2J,5M2M,5MU8,5WUX,5YOY,6OOY,6OOZ,6X81,6X82,6X83,6X85,6X86,7JRA"
COC(=O)N1CCC(CC1)C(=O)OC1CN(C1)c1nc2CC[S+]([O-])c2c(n1)N(C)C1CCOCC1	Tumor necrosis factor	100	US Patent	"2AZ5,3ALQ,3IT8,3L9J,4G3Y,4TWT,5M2I,5M2J,5M2M,5MU8,5WUX,5YOY,6OOY,6OOZ,6X81,6X82,6X83,6X85,6X86,7JRA"
CN(C)C(=O)c1ccc(cc1)C(=O)OC1CN(C1)c1nc2CC[S+]([O-])c2c(n1)N(C)C1CCOCC1	Tumor necrosis factor	100	US Patent	"2AZ5,3ALQ,3IT8,3L9J,4G3Y,4TWT,5M2I,5M2J,5M2M,5MU8,5WUX,5YOY,6OOY,6OOZ,6X81,6X82,6X83,6X85,6X86,7JRA"
CN(C1CCOCC1)c1nc(nc2CC[S+]([O-])c12)N1CC(C1)OC(=O)c1ccc(cc1)S(C)(=O)=O	Tumor necrosis factor	100	US Patent	"2AZ5,3ALQ,3IT8,3L9J,4G3Y,4TWT,5M2I,5M2J,5M2M,5MU8,5WUX,5YOY,6OOY,6OOZ,6X81,6X82,6X83,6X85,6X86,7JRA"
CN(C)C(=O)N1CCC(CC1)C(=O)OC1CN(C1)c1nc2CC[S+]([O-])c2c(n1)N(C)C1CCOCC1	Tumor necrosis factor	100	US Patent	"2AZ5,3ALQ,3IT8,3L9J,4G3Y,4TWT,5M2I,5M2J,5M2M,5MU8,5WUX,5YOY,6OOY,6OOZ,6X81,6X82,6X83,6X85,6X86,7JRA"
CCS(=O)(=O)c1cccc(c1)C(=O)OC1CN(C1)c1nc2CC[S+]([O-])c2c(n1)N(C)C1CCOCC1	Tumor necrosis factor	100	US Patent	"2AZ5,3ALQ,3IT8,3L9J,4G3Y,4TWT,5M2I,5M2J,5M2M,5MU8,5WUX,5YOY,6OOY,6OOZ,6X81,6X82,6X83,6X85,6X86,7JRA"
CCS(=O)(=O)c1ccc(cc1)C(=O)OC1CN(C1)c1nc2CC[S+]([O-])c2c(n1)N(C)C1CCOCC1	Tumor necrosis factor	100	US Patent	"2AZ5,3ALQ,3IT8,3L9J,4G3Y,4TWT,5M2I,5M2J,5M2M,5MU8,5WUX,5YOY,6OOY,6OOZ,6X81,6X82,6X83,6X85,6X86,7JRA"
CNS(=O)(=O)c1ccc(cc1)C(=O)OC1CN(C1)c1nc2CC[S+]([O-])c2c(n1)N(C)C1CCOCC1	Tumor necrosis factor	100	US Patent	"2AZ5,3ALQ,3IT8,3L9J,4G3Y,4TWT,5M2I,5M2J,5M2M,5MU8,5WUX,5YOY,6OOY,6OOZ,6X81,6X82,6X83,6X85,6X86,7JRA"
CC(C)S(=O)(=O)c1cccc(c1)C(=O)OC1CN(C1)c1nc2CC[S+]([O-])c2c(n1)N(C)C1CCOCC1	Tumor necrosis factor	100	US Patent	"2AZ5,3ALQ,3IT8,3L9J,4G3Y,4TWT,5M2I,5M2J,5M2M,5MU8,5WUX,5YOY,6OOY,6OOZ,6X81,6X82,6X83,6X85,6X86,7JRA"
CC(C)S(=O)(=O)c1ccc(cc1)C(=O)OC1CN(C1)c1nc2CC[S+]([O-])c2c(n1)N(C)C1CCOCC1	Tumor necrosis factor	100	US Patent	"2AZ5,3ALQ,3IT8,3L9J,4G3Y,4TWT,5M2I,5M2J,5M2M,5MU8,5WUX,5YOY,6OOY,6OOZ,6X81,6X82,6X83,6X85,6X86,7JRA"
CN(C1CCOCC1)c1nc(nc2CC[S+]([O-])c12)N1CC(C1)OC(=O)c1ccc(cc1)C(=O)N1CCOCC1	Tumor necrosis factor	100	US Patent	"2AZ5,3ALQ,3IT8,3L9J,4G3Y,4TWT,5M2I,5M2J,5M2M,5MU8,5WUX,5YOY,6OOY,6OOZ,6X81,6X82,6X83,6X85,6X86,7JRA"
CN(C1CCOCC1)c1nc(nc2CC[S+]([O-])c12)N1CC(C1)OC(=O)c1ccc(cc1)S(=O)(=O)C1CCCC1	Tumor necrosis factor	100	US Patent	"2AZ5,3ALQ,3IT8,3L9J,4G3Y,4TWT,5M2I,5M2J,5M2M,5MU8,5WUX,5YOY,6OOY,6OOZ,6X81,6X82,6X83,6X85,6X86,7JRA"
CN(C1CCOCC1)c1nc(nc2CC[S@@+](O)c12)N1CC(C1)OC(=O)c1cccnc1	Tumor necrosis factor	100	US Patent	"2AZ5,3ALQ,3IT8,3L9J,4G3Y,4TWT,5M2I,5M2J,5M2M,5MU8,5WUX,5YOY,6OOY,6OOZ,6X81,6X82,6X83,6X85,6X86,7JRA"
CN(C1CCOCC1)c1nc(nc2CC[S@@+]([O-])c12)N1CC(C1)OC(=O)c1ccc(C)cc1	Tumor necrosis factor	100	US Patent	"2AZ5,3ALQ,3IT8,3L9J,4G3Y,4TWT,5M2I,5M2J,5M2M,5MU8,5WUX,5YOY,6OOY,6OOZ,6X81,6X82,6X83,6X85,6X86,7JRA"
[O-][S+]1CCc2nc(nc(NC3CC4(COC4)C3)c12)N1CC(C1)OC(=O)c1cnsc1	Tumor necrosis factor	100	US Patent	"2AZ5,3ALQ,3IT8,3L9J,4G3Y,4TWT,5M2I,5M2J,5M2M,5MU8,5WUX,5YOY,6OOY,6OOZ,6X81,6X82,6X83,6X85,6X86,7JRA"
[O-][S+]1CCc2nc(nc(NC3CC4(COC4)C3)c12)N1CC(C1)OC(=O)c1cscn1	Tumor necrosis factor	100	US Patent	"2AZ5,3ALQ,3IT8,3L9J,4G3Y,4TWT,5M2I,5M2J,5M2M,5MU8,5WUX,5YOY,6OOY,6OOZ,6X81,6X82,6X83,6X85,6X86,7JRA"
CN(C1CCOCC1)c1nc(nc2CC[S@@+]([O-])c12)N1CC(C1)OC(=O)c1ccc(C)cc1	Tumor necrosis factor	100	US Patent	"2AZ5,3ALQ,3IT8,3L9J,4G3Y,4TWT,5M2I,5M2J,5M2M,5MU8,5WUX,5YOY,6OOY,6OOZ,6X81,6X82,6X83,6X85,6X86,7JRA"
[O-][S@@+]1CCc2nc(nc(NC3CC4(COC4)C3)c12)N1CC(C1)OC(=O)c1cnsc1	Tumor necrosis factor	100	US Patent	"2AZ5,3ALQ,3IT8,3L9J,4G3Y,4TWT,5M2I,5M2J,5M2M,5MU8,5WUX,5YOY,6OOY,6OOZ,6X81,6X82,6X83,6X85,6X86,7JRA"
[O-][S@@+]1CCc2nc(nc(NC3CC4(COC4)C3)c12)N1CC(C1)OC(=O)c1cscn1	Tumor necrosis factor	100	US Patent	"2AZ5,3ALQ,3IT8,3L9J,4G3Y,4TWT,5M2I,5M2J,5M2M,5MU8,5WUX,5YOY,6OOY,6OOZ,6X81,6X82,6X83,6X85,6X86,7JRA"
CC(=O)N1CC[C@@H](C1)Nc1nc(nc2CC[S@@+]([O-])c12)N1CC(C1)OC(=O)c1cnsc1	Tumor necrosis factor	100	US Patent	"2AZ5,3ALQ,3IT8,3L9J,4G3Y,4TWT,5M2I,5M2J,5M2M,5MU8,5WUX,5YOY,6OOY,6OOZ,6X81,6X82,6X83,6X85,6X86,7JRA"
C[C@@H]1C[C@H]2[C@@H]3CCC4=CC(=O)C=C[C@]4(C)[C@@]3(F)[C@@H](O)C[C@]2(C)[C@@]1(O)C(=O)COC(=O)c1cccc(c1)[C@@H]1C[C@H]1C(=O)Nc1ccc2cnccc2c1F	Tumor necrosis factor	102	US Patent	"2AZ5,3ALQ,3IT8,3L9J,4G3Y,4TWT,5M2I,5M2J,5M2M,5MU8,5WUX,5YOY,6OOY,6OOZ,6X81,6X82,6X83,6X85,6X86,7JRA"
C[C@@H]1C[C@H]2[C@@H]3CCC4=CC(=O)C=C[C@]4(C)[C@@]3(F)[C@@H](O)C[C@]2(C)[C@@]1(O)C(=O)COC(=O)c1cccc(c1)[C@@H]1C[C@H]1C(=O)Nc1ccc2cnccc2c1F	Tumor necrosis factor	102	US Patent	"2AZ5,3ALQ,3IT8,3L9J,4G3Y,4TWT,5M2I,5M2J,5M2M,5MU8,5WUX,5YOY,6OOY,6OOZ,6X81,6X82,6X83,6X85,6X86,7JRA"
COc1ncc(cc1NS(C)(=O)=O)-c1nc(nc2c(O[C@H]3CCC(CC3)N3CCCCC3)cc(F)cc12)N1CCOCC1	Tumor necrosis factor	105	US Patent	"2AZ5,3ALQ,3IT8,3L9J,4G3Y,4TWT,5M2I,5M2J,5M2M,5MU8,5WUX,5YOY,6OOY,6OOZ,6X81,6X82,6X83,6X85,6X86,7JRA"
Cc1ccc(C)c(Nc2c(Cl)cnc3ccc(cc23)-c2cnc(nc2)C(C)(C)O)c1	Tumor necrosis factor	105	ChEMBL	"2AZ5,3ALQ,3IT8,3L9J,4G3Y,4TWT,5M2I,5M2J,5M2M,5MU8,5WUX,5YOY,6OOY,6OOZ,6X81,6X82,6X83,6X85,6X86,7JRA"
CC(Nc1c(Cl)cnc2c(Cl)cc(cc12)-c1cnc(nc1)C(C)(C)O)c1ccccc1F	Tumor necrosis factor	106	ChEMBL	"2AZ5,3ALQ,3IT8,3L9J,4G3Y,4TWT,5M2I,5M2J,5M2M,5MU8,5WUX,5YOY,6OOY,6OOZ,6X81,6X82,6X83,6X85,6X86,7JRA"
Cc1ccc(C)c(Nc2c(C)cnc3ccc(cc23)-c2cnc(nc2)C(C)(C)O)c1	Tumor necrosis factor	107	ChEMBL	"2AZ5,3ALQ,3IT8,3L9J,4G3Y,4TWT,5M2I,5M2J,5M2M,5MU8,5WUX,5YOY,6OOY,6OOZ,6X81,6X82,6X83,6X85,6X86,7JRA"
COc1ncc(cc1NS(C)(=O)=O)-c1nc(nc2c(OC3CN(C3)C(=O)C(C)C)cc(F)cc12)N1CCOCC1	Tumor necrosis factor	108	US Patent	"2AZ5,3ALQ,3IT8,3L9J,4G3Y,4TWT,5M2I,5M2J,5M2M,5MU8,5WUX,5YOY,6OOY,6OOZ,6X81,6X82,6X83,6X85,6X86,7JRA"
O=C1C[C@@H](CN1Cc1ccccc1)Nc1ncnc2[nH]cnc12	Tumor necrosis factor	109	ChEMBL	"2AZ5,3ALQ,3IT8,3L9J,4G3Y,4TWT,5M2I,5M2J,5M2M,5MU8,5WUX,5YOY,6OOY,6OOZ,6X81,6X82,6X83,6X85,6X86,7JRA"
C[C@@H](Nc1c(Cl)cnc2ccc(cc12)-c1cnc(nc1)C(C)(C)O)c1ccccc1F	Tumor necrosis factor	110	ChEMBL	"2AZ5,3ALQ,3IT8,3L9J,4G3Y,4TWT,5M2I,5M2J,5M2M,5MU8,5WUX,5YOY,6OOY,6OOZ,6X81,6X82,6X83,6X85,6X86,7JRA"
C[C@@H](Nc1c(Cl)cnc2ccc(cc12)-c1cnc(nc1)N1CCN(CC(O)=O)CC1)c1ccccc1F	Tumor necrosis factor	115	ChEMBL	"2AZ5,3ALQ,3IT8,3L9J,4G3Y,4TWT,5M2I,5M2J,5M2M,5MU8,5WUX,5YOY,6OOY,6OOZ,6X81,6X82,6X83,6X85,6X86,7JRA"
CC(Nc1c(Cl)cnc2ccc(-c3cnc(nc3)C(C)(C)O)c(Cl)c12)c1ccccc1F	Tumor necrosis factor	116	ChEMBL	"2AZ5,3ALQ,3IT8,3L9J,4G3Y,4TWT,5M2I,5M2J,5M2M,5MU8,5WUX,5YOY,6OOY,6OOZ,6X81,6X82,6X83,6X85,6X86,7JRA"
C[C@@H]1CN(CCN1C(=O)CO)c1ncc(cn1)-c1ccc2C(=O)C(C)(C)N(Cc3cccnc3C#N)c2c1	Tumor necrosis factor	119	ChEMBL	"2TNF,7KP7,7KP8"
COc1cccc2c1ncc1c2n(C2CCCC2)c(=O)n(-c2cccc(c2)C#N)c1=O	Tumor necrosis factor	123	US Patent	"2AZ5,3ALQ,3IT8,3L9J,4G3Y,4TWT,5M2I,5M2J,5M2M,5MU8,5WUX,5YOY,6OOY,6OOZ,6X81,6X82,6X83,6X85,6X86,7JRA"
Cc1ccc(C)c(Cn2c(nc3ccc(cc23)-c2cnn(C)c2)C(O)c2ccncc2)c1	Tumor necrosis factor	125	ChEMBL	"2TNF,7KP7,7KP8"
CN1CCN(Cc2ccc(-c3c[nH]c4ccncc34)c(OCCc3ccc(cc3)-c3cccc4ccncc34)c2)CC1	Tumor necrosis factor	128	ChEMBL	"2TNF,7KP7,7KP8"
CCOC(=O)c1ccc(NC(=O)c2ccc(CN3CCc4ccccc4C3)cc2)cc1	Tumor necrosis factor	140	PubChem	"5MU8,9OK6,9OJY,9OJS,9OJO,6X86,6X85,6X83,6X82,6X81,5YOY,7JRA,8Z8M,6OOZ,6OOY,5WUX,5M2M,5M2J,5M2I,4TWT,4G3Y,3IT8,3ALQ,3L9J,2AZ5,7ASY,7QLF"
C[C@@H]1C[C@H]2[C@@H]3CCC4=CC(=O)C=C[C@]4(C)[C@@]3(F)[C@@H](O)C[C@]2(C)[C@@]1(O)C(=O)COC(=O)CCC(=O)OCc1ccc(cc1)C(N(C)C)C(=O)Nc1ccc2cnccc2c1	Tumor necrosis factor	144	US Patent	"2AZ5,3ALQ,3IT8,3L9J,4G3Y,4TWT,5M2I,5M2J,5M2M,5MU8,5WUX,5YOY,6OOY,6OOZ,6X81,6X82,6X83,6X85,6X86,7JRA"
C[C@@H]1C[C@H]2[C@@H]3CCC4=CC(=O)C=C[C@]4(C)[C@@]3(F)[C@@H](O)C[C@]2(C)[C@@]1(O)C(=O)COC(=O)CCC(=O)OCc1ccc(cc1)C(N(C)C)C(=O)Nc1ccc2cnccc2c1	Tumor necrosis factor	144	US Patent	"2AZ5,3ALQ,3IT8,3L9J,4G3Y,4TWT,5M2I,5M2J,5M2M,5MU8,5WUX,5YOY,6OOY,6OOZ,6X81,6X82,6X83,6X85,6X86,7JRA"
C[C@@H]1CN(CCN1C(=O)CO)c1ncc(cn1)-c1ccc2C(=O)C(C)(C)N(Cc3ccccc3OC(F)F)c2c1	Tumor necrosis factor	146	ChEMBL	"2TNF,7KP7,7KP8"
C[C@@H](Nc1c(Cl)cnc2ccc(cc12)-c1cnc(nc1)N1CCS(=O)(=O)CC1)c1ccccc1F	Tumor necrosis factor	152	ChEMBL	"2AZ5,3ALQ,3IT8,3L9J,4G3Y,4TWT,5M2I,5M2J,5M2M,5MU8,5WUX,5YOY,6OOY,6OOZ,6X81,6X82,6X83,6X85,6X86,7JRA"
COc1cccc2c1ncc1c2n(C2CCCC2)c(=O)n(-c2ccc(C)cc2)c1=O	Tumor necrosis factor	163	US Patent	"2AZ5,3ALQ,3IT8,3L9J,4G3Y,4TWT,5M2I,5M2J,5M2M,5MU8,5WUX,5YOY,6OOY,6OOZ,6X81,6X82,6X83,6X85,6X86,7JRA"
C[C@@H]1CN(CCN1C(=O)CO)c1ncc(cn1)-c1ccc2C(=O)C(C)(C)N(Cc3cccnc3C#N)c2c1	Tumor necrosis factor	163	ChEMBL	"2AZ5,3ALQ,3IT8,3L9J,4G3Y,4TWT,5M2I,5M2J,5M2M,5MU8,5WUX,5YOY,6OOY,6OOZ,6X81,6X82,6X83,6X85,6X86,7JRA"
CC(Nc1c(Cl)cnc2cc(Cl)c(cc12)-c1cnc(nc1)C(C)(C)O)c1ccccc1F	Tumor necrosis factor	178	ChEMBL	"2AZ5,3ALQ,3IT8,3L9J,4G3Y,4TWT,5M2I,5M2J,5M2M,5MU8,5WUX,5YOY,6OOY,6OOZ,6X81,6X82,6X83,6X85,6X86,7JRA"
CCc1cc(C(=O)NC2CCCc3c2cnn3-c2cccc(C)c2C)n(C)n1	Tumor necrosis factor	179	PubChem	"5MU8,9OK6,9OJY,9OJS,9OJO,6X86,6X85,6X83,6X82,6X81,5YOY,7JRA,8Z8M,6OOZ,6OOY,5WUX,5M2M,5M2J,5M2I,4TWT,4G3Y,3IT8,3ALQ,3L9J,2AZ5,7ASY,7QLF"
CCn1c(=O)n(C2CCCC2)c2c3cccc(OC)c3ncc2c1=O	Tumor necrosis factor	180	US Patent	"2AZ5,3ALQ,3IT8,3L9J,4G3Y,4TWT,5M2I,5M2J,5M2M,5MU8,5WUX,5YOY,6OOY,6OOZ,6X81,6X82,6X83,6X85,6X86,7JRA"
C[C@@H]1CN(CCN1C(=O)CO)c1ncc(cn1)-c1ccc2C(=O)C(C)(C)N(Cc3ccccc3OC(F)F)c2c1	Tumor necrosis factor	189	ChEMBL	"2AZ5,3ALQ,3IT8,3L9J,4G3Y,4TWT,5M2I,5M2J,5M2M,5MU8,5WUX,5YOY,6OOY,6OOZ,6X81,6X82,6X83,6X85,6X86,7JRA"
CC(Nc1c(Cl)cnc2ccc(cc12)-c1cnc(nc1)C(C)(C)O)c1ccccc1F	Tumor necrosis factor	190	ChEMBL	"2AZ5,3ALQ,3IT8,3L9J,4G3Y,4TWT,5M2I,5M2J,5M2M,5MU8,5WUX,5YOY,6OOY,6OOZ,6X81,6X82,6X83,6X85,6X86,7JRA"
Cc1ccc(C)c(Nc2c(Cl)c(C)nc3ccc(cc23)-c2cnc(nc2)C(C)(C)O)c1	Tumor necrosis factor	196	ChEMBL	"2AZ5,3ALQ,3IT8,3L9J,4G3Y,4TWT,5M2I,5M2J,5M2M,5MU8,5WUX,5YOY,6OOY,6OOZ,6X81,6X82,6X83,6X85,6X86,7JRA"
Cn1nccc1C(=O)NC1CCCc2c1cnn2-c1ccc(cc1)C(C)(C)C	Tumor necrosis factor	200	PubChem	"5MU8,9OK6,9OJY,9OJS,9OJO,6X86,6X85,6X83,6X82,6X81,5YOY,7JRA,8Z8M,6OOZ,6OOY,5WUX,5M2M,5M2J,5M2I,4TWT,4G3Y,3IT8,3ALQ,3L9J,2AZ5,7ASY,7QLF"
CCn1c(=O)n(C2CCC(C)CC2)c2c3cccc(OC)c3ncc2c1=O	Tumor necrosis factor	200	US Patent	"2AZ5,3ALQ,3IT8,3L9J,4G3Y,4TWT,5M2I,5M2J,5M2M,5MU8,5WUX,5YOY,6OOY,6OOZ,6X81,6X82,6X83,6X85,6X86,7JRA"
O=C1N(Cc2ccc(cc12)-c1cccnc1)c1cccc(n1)-c1nncn1C1CC1	Tumor necrosis factor	200	US Patent	"2AZ5,3ALQ,3IT8,3L9J,4G3Y,4TWT,5M2I,5M2J,5M2M,5MU8,5WUX,5YOY,6OOY,6OOZ,6X81,6X82,6X83,6X85,6X86,7JRA"
Cc1ccncc1-c1ccc2CN(C(=O)c2c1)c1cccc(n1)-c1nncn1C1CC1	Tumor necrosis factor	200	US Patent	"2AZ5,3ALQ,3IT8,3L9J,4G3Y,4TWT,5M2I,5M2J,5M2M,5MU8,5WUX,5YOY,6OOY,6OOZ,6X81,6X82,6X83,6X85,6X86,7JRA"
O=C1N(Cc2ccc(cc12)-c1ccc(nc1)C1CC1)c1cccc(n1)-c1nncn1C1CC1	Tumor necrosis factor	200	US Patent	"2AZ5,3ALQ,3IT8,3L9J,4G3Y,4TWT,5M2I,5M2J,5M2M,5MU8,5WUX,5YOY,6OOY,6OOZ,6X81,6X82,6X83,6X85,6X86,7JRA"
COc1cc2CN(C(=O)c2cc1-c1cccnc1)c1cccc(n1)-c1nncn1C1CC1	Tumor necrosis factor	200	US Patent	"2AZ5,3ALQ,3IT8,3L9J,4G3Y,4TWT,5M2I,5M2J,5M2M,5MU8,5WUX,5YOY,6OOY,6OOZ,6X81,6X82,6X83,6X85,6X86,7JRA"
CC(C)Oc1cc2CN(C(=O)c2cc1-c1cccnc1)c1cccc(n1)-c1nncn1C1CC1	Tumor necrosis factor	200	US Patent	"2AZ5,3ALQ,3IT8,3L9J,4G3Y,4TWT,5M2I,5M2J,5M2M,5MU8,5WUX,5YOY,6OOY,6OOZ,6X81,6X82,6X83,6X85,6X86,7JRA"
O=C1N(Cc2cc(OC3CCCC3)c(cc12)-c1cccnc1)c1cccc(n1)-c1nncn1C1CC1	Tumor necrosis factor	200	US Patent	"2AZ5,3ALQ,3IT8,3L9J,4G3Y,4TWT,5M2I,5M2J,5M2M,5MU8,5WUX,5YOY,6OOY,6OOZ,6X81,6X82,6X83,6X85,6X86,7JRA"
COc1ccc(cc1OC1CCCC1)C1CNC(=O)C1	Tumor necrosis factor	200	ChEMBL	"2AZ5,3ALQ,3IT8,3L9J,4G3Y,4TWT,5M2I,5M2J,5M2M,5MU8,5WUX,5YOY,6OOY,6OOZ,6X81,6X82,6X83,6X85,6X86,7JRA"
Cc1ccc(C)c(Cn2c(nc3ccc(cc23)-c2cnn(C)c2)C(O)c2ccncc2)c1	Tumor necrosis factor	202	ChEMBL	"2AZ5,3ALQ,3IT8,3L9J,4G3Y,4TWT,5M2I,5M2J,5M2M,5MU8,5WUX,5YOY,6OOY,6OOZ,6X81,6X82,6X83,6X85,6X86,7JRA"
Cc1ccc(cc1NC(=O)c1cc(Cl)c2ccccc2c1O)[N+]([O-])=O	Tumor necrosis factor	206	PubChem	"5MU8,9OK6,9OJY,9OJS,9OJO,6X86,6X85,6X83,6X82,6X81,5YOY,7JRA,8Z8M,6OOZ,6OOY,5WUX,5M2M,5M2J,5M2I,4TWT,4G3Y,3IT8,3ALQ,3L9J,2AZ5,7ASY,7QLF"
CC(Nc1c(Cl)cnc2ncc(cc12)-c1cnc(nc1)C(C)(C)O)c1ccccc1F	Tumor necrosis factor	207	ChEMBL	"2AZ5,3ALQ,3IT8,3L9J,4G3Y,4TWT,5M2I,5M2J,5M2M,5MU8,5WUX,5YOY,6OOY,6OOZ,6X81,6X82,6X83,6X85,6X86,7JRA"
Nc1cccc2C(=O)N(Cc12)C1CCC(=O)NC1=O	Tumor necrosis factor	220	US Patent	"2AZ5,3ALQ,3IT8,3L9J,4G3Y,4TWT,5M2I,5M2J,5M2M,5MU8,5WUX,5YOY,6OOY,6OOZ,6X81,6X82,6X83,6X85,6X86,7JRA"
CC(Nc1c(Cl)cnc2c(F)cc(cc12)-c1cnc(nc1)C(C)(C)O)c1ccccc1F	Tumor necrosis factor	224	ChEMBL	"2AZ5,3ALQ,3IT8,3L9J,4G3Y,4TWT,5M2I,5M2J,5M2M,5MU8,5WUX,5YOY,6OOY,6OOZ,6X81,6X82,6X83,6X85,6X86,7JRA"
C[C@@H]1C[C@H]2[C@@H]3CCC4=CC(=O)C=C[C@]4(C)[C@@]3(F)[C@@H](O)C[C@]2(C)[C@@]1(O)C(=O)COC(=O)CCC(=O)OCCc1ccc(cc1)C(CN)C(=O)Nc1ccc2cnccc2c1	Tumor necrosis factor	227	US Patent	"2AZ5,3ALQ,3IT8,3L9J,4G3Y,4TWT,5M2I,5M2J,5M2M,5MU8,5WUX,5YOY,6OOY,6OOZ,6X81,6X82,6X83,6X85,6X86,7JRA"
C[C@@H]1C[C@H]2[C@@H]3CCC4=CC(=O)C=C[C@]4(C)[C@@]3(F)[C@@H](O)C[C@]2(C)[C@@]1(O)C(=O)COC(=O)CCC(=O)OCCc1ccc(cc1)C(CN)C(=O)Nc1ccc2cnccc2c1	Tumor necrosis factor	227	US Patent	"2AZ5,3ALQ,3IT8,3L9J,4G3Y,4TWT,5M2I,5M2J,5M2M,5MU8,5WUX,5YOY,6OOY,6OOZ,6X81,6X82,6X83,6X85,6X86,7JRA"
COC(=O)c1ccc2nc(Nc3nc4c(F)cc(F)cc4s3)sc2c1	Tumor necrosis factor	230	PubChem	"5MU8,9OK6,9OJY,9OJS,9OJO,6X86,6X85,6X83,6X82,6X81,5YOY,7JRA,8Z8M,6OOZ,6OOY,5WUX,5M2M,5M2J,5M2I,4TWT,4G3Y,3IT8,3ALQ,3L9J,2AZ5,7ASY,7QLF"
C[C@@H]1C[C@H]2[C@@H]3CCC4=CC(=O)C=C[C@]4(C)[C@@]3(F)[C@@H](O)C[C@]2(C)[C@@]1(O)C(=O)COC(=O)CCC(=O)OCc1ccc(cc1)C(CNC(=O)OC(C)(C)C)C(=O)Nc1ccc2cnccc2c1	Tumor necrosis factor	230	US Patent	"2AZ5,3ALQ,3IT8,3L9J,4G3Y,4TWT,5M2I,5M2J,5M2M,5MU8,5WUX,5YOY,6OOY,6OOZ,6X81,6X82,6X83,6X85,6X86,7JRA"
COc1ncc(cc1NS(C)(=O)=O)-c1nc(nc2c(CN3CC(C3)C(C)(C)O)cc(F)cc12)N1CCOCC1	Tumor necrosis factor	230	US Patent	"2AZ5,3ALQ,3IT8,3L9J,4G3Y,4TWT,5M2I,5M2J,5M2M,5MU8,5WUX,5YOY,6OOY,6OOZ,6X81,6X82,6X83,6X85,6X86,7JRA"
C[C@@H]1C[C@H]2[C@@H]3CCC4=CC(=O)C=C[C@]4(C)[C@@]3(F)[C@@H](O)C[C@]2(C)[C@@]1(O)C(=O)COC(=O)CCC(=O)OCc1ccc(cc1)C(CNC(=O)OC(C)(C)C)C(=O)Nc1ccc2cnccc2c1	Tumor necrosis factor	230	US Patent	"2AZ5,3ALQ,3IT8,3L9J,4G3Y,4TWT,5M2I,5M2J,5M2M,5MU8,5WUX,5YOY,6OOY,6OOZ,6X81,6X82,6X83,6X85,6X86,7JRA"
CC1Cc2cc(ccc2N1C(=O)C1CC1)S(=O)(=O)N1CCN(CC1)c1ccc(cc1)[N+]([O-])=O	Tumor necrosis factor	236	PubChem	"5MU8,9OK6,9OJY,9OJS,9OJO,6X86,6X85,6X83,6X82,6X81,5YOY,7JRA,8Z8M,6OOZ,6OOY,5WUX,5M2M,5M2J,5M2I,4TWT,4G3Y,3IT8,3ALQ,3L9J,2AZ5,7ASY,7QLF"
COc1cccc2c1ncc1c2n(C2CCCC2)c(=O)n(-c2ccc3OCCOc3c2)c1=O	Tumor necrosis factor	240	US Patent	"2AZ5,3ALQ,3IT8,3L9J,4G3Y,4TWT,5M2I,5M2J,5M2M,5MU8,5WUX,5YOY,6OOY,6OOZ,6X81,6X82,6X83,6X85,6X86,7JRA"
CC(C)(C)c1ccc(cc1)-c1nc2ccccc2s1	Tumor necrosis factor	246	PubChem	"5MU8,9OK6,9OJY,9OJS,9OJO,6X86,6X85,6X83,6X82,6X81,5YOY,7JRA,8Z8M,6OOZ,6OOY,5WUX,5M2M,5M2J,5M2I,4TWT,4G3Y,3IT8,3ALQ,3L9J,2AZ5,7ASY,7QLF"
C[C@]12C[C@H](O)[C@H]3[C@@H](CCC4=CC(=O)C=C[C@]34C)[C@@H]1CC[C@]2(O)C(=O)CO	Tumor necrosis factor	251	US Patent	"2AZ5,3ALQ,3IT8,3L9J,4G3Y,4TWT,5M2I,5M2J,5M2M,5MU8,5WUX,5YOY,6OOY,6OOZ,6X81,6X82,6X83,6X85,6X86,7JRA"
COc1ncc(cc1NS(C)(=O)=O)-c1nc(nc2c(OCCN3CCCCC3)cc(F)cc12)N1CCOCC1	Tumor necrosis factor	260	US Patent	"2AZ5,3ALQ,3IT8,3L9J,4G3Y,4TWT,5M2I,5M2J,5M2M,5MU8,5WUX,5YOY,6OOY,6OOZ,6X81,6X82,6X83,6X85,6X86,7JRA"
CC(Nc1c(Cl)cnc2ccc(cc12)-c1cnc(nc1)C(C)(C)O)c1ccccn1	Tumor necrosis factor	264	ChEMBL	"2AZ5,3ALQ,3IT8,3L9J,4G3Y,4TWT,5M2I,5M2J,5M2M,5MU8,5WUX,5YOY,6OOY,6OOZ,6X81,6X82,6X83,6X85,6X86,7JRA"
COc1ccc2CN(CC3(NC(=O)NC3=O)C#Cc3ccc(cc3)N=C(NC#N)NC3CC3)C(=O)c2c1 |w:24.25|	Tumor necrosis factor	268	US Patent	"5MU8,9OK6,9OJY,9OJS,9OJO,6X86,6X85,6X83,6X82,6X81,5YOY,7JRA,8Z8M,6OOZ,6OOY,5WUX,5M2M,5M2J,5M2I,4TWT,4G3Y,3IT8,3ALQ,3L9J,2AZ5,7ASY,7QLF"
CNC(=O)[C@@H](NC(=O)[C@@H]([C@H](CO)C(=O)NO)c1ccc(C)cc1)C(C)(C)C	Tumor necrosis factor	269	ChEMBL	"2AZ5,3ALQ,3IT8,3L9J,4G3Y,4TWT,5M2I,5M2J,5M2M,5MU8,5WUX,5YOY,6OOY,6OOZ,6X81,6X82,6X83,6X85,6X86,7JRA"
COc1cccc2c1ncc1c2n(C2CCCC2)c(=O)n(C(C)C)c1=O	Tumor necrosis factor	270	US Patent	"2AZ5,3ALQ,3IT8,3L9J,4G3Y,4TWT,5M2I,5M2J,5M2M,5MU8,5WUX,5YOY,6OOY,6OOZ,6X81,6X82,6X83,6X85,6X86,7JRA"
COc1cccc2c1ncc1c2n(C2CCCC2)c(=O)n(-c2cccc(c2)S(C)(=O)=O)c1=O	Tumor necrosis factor	280	US Patent	"2AZ5,3ALQ,3IT8,3L9J,4G3Y,4TWT,5M2I,5M2J,5M2M,5MU8,5WUX,5YOY,6OOY,6OOZ,6X81,6X82,6X83,6X85,6X86,7JRA"
C[C@@H]1C[C@H]2[C@@H]3CCC4=CC(=O)C=C[C@]4(C)[C@@]3(F)[C@@H](O)C[C@]2(C)[C@@]1(O)C(=O)COC(=O)c1cccc(c1)[C@@H]1C[C@H]1C(=O)Nc1ccc2cnccc2c1	Tumor necrosis factor	300	US Patent	"2AZ5,3ALQ,3IT8,3L9J,4G3Y,4TWT,5M2I,5M2J,5M2M,5MU8,5WUX,5YOY,6OOY,6OOZ,6X81,6X82,6X83,6X85,6X86,7JRA"
COc1cccc(CNS(=O)(=O)c2cnc3ccc(nn23)-c2cccnc2)c1	Tumor necrosis factor	300	ChEMBL	"2AZ5,3ALQ,3IT8,3L9J,4G3Y,4TWT,5M2I,5M2J,5M2M,5MU8,5WUX,5YOY,6OOY,6OOZ,6X81,6X82,6X83,6X85,6X86,7JRA"
C[C@@H]1C[C@H]2[C@@H]3CCC4=CC(=O)C=C[C@]4(C)[C@@]3(F)[C@@H](O)C[C@]2(C)[C@@]1(O)C(=O)COC(=O)c1cccc(c1)[C@@H]1C[C@H]1C(=O)Nc1ccc2cnccc2c1	Tumor necrosis factor	300	US Patent	"2AZ5,3ALQ,3IT8,3L9J,4G3Y,4TWT,5M2I,5M2J,5M2M,5MU8,5WUX,5YOY,6OOY,6OOZ,6X81,6X82,6X83,6X85,6X86,7JRA"
CCN(C1CCOCC1)c1nc(nc2CC[S+]([O-])c12)N1CC(C1)OC(=O)c1cnsc1	Tumor necrosis factor	300	US Patent	"2AZ5,3ALQ,3IT8,3L9J,4G3Y,4TWT,5M2I,5M2J,5M2M,5MU8,5WUX,5YOY,6OOY,6OOZ,6X81,6X82,6X83,6X85,6X86,7JRA"
CCN(C1CCOCC1)c1nc(nc2CC[S+]([O-])c12)N1CC(C1)OC(=O)c1cscn1	Tumor necrosis factor	300	US Patent	"2AZ5,3ALQ,3IT8,3L9J,4G3Y,4TWT,5M2I,5M2J,5M2M,5MU8,5WUX,5YOY,6OOY,6OOZ,6X81,6X82,6X83,6X85,6X86,7JRA"
COCCC(=O)OC1CN(C1)c1nc2CC[S+]([O-])c2c(n1)N(C)C1CCOCC1	Tumor necrosis factor	300	US Patent	"2AZ5,3ALQ,3IT8,3L9J,4G3Y,4TWT,5M2I,5M2J,5M2M,5MU8,5WUX,5YOY,6OOY,6OOZ,6X81,6X82,6X83,6X85,6X86,7JRA"
CN(C1CCOCC1)c1nc(nc2CC[S+]([O-])c12)N1CC(C1)OC(=O)[C@@H]1C[C@H](O)C1	Tumor necrosis factor	300	US Patent	"2AZ5,3ALQ,3IT8,3L9J,4G3Y,4TWT,5M2I,5M2J,5M2M,5MU8,5WUX,5YOY,6OOY,6OOZ,6X81,6X82,6X83,6X85,6X86,7JRA"
CN(C1CCOCC1)c1nc(nc2CC[S+]([O-])c12)N1CC(C1)OC(=O)CCS(C)(=O)=O	Tumor necrosis factor	300	US Patent	"2AZ5,3ALQ,3IT8,3L9J,4G3Y,4TWT,5M2I,5M2J,5M2M,5MU8,5WUX,5YOY,6OOY,6OOZ,6X81,6X82,6X83,6X85,6X86,7JRA"
CN(C1CCOCC1)c1nc(nc2CC[S+]([O-])c12)N1CC(C1)OC(=O)C1CCS(=O)(=O)CC1	Tumor necrosis factor	300	US Patent	"2AZ5,3ALQ,3IT8,3L9J,4G3Y,4TWT,5M2I,5M2J,5M2M,5MU8,5WUX,5YOY,6OOY,6OOZ,6X81,6X82,6X83,6X85,6X86,7JRA"
CC(=O)N1CC[C@@H](C1)Nc1nc(nc2CC[S@@+]([O-])c12)N1CC(C1)OC(=O)c1cscn1	Tumor necrosis factor	300	US Patent	"2AZ5,3ALQ,3IT8,3L9J,4G3Y,4TWT,5M2I,5M2J,5M2M,5MU8,5WUX,5YOY,6OOY,6OOZ,6X81,6X82,6X83,6X85,6X86,7JRA"
CC(=O)N1CC[C@@H](C1)Nc1nc(nc2CC[S@@+]([O-])c12)N1CC(C1)OC(=O)C1CCOCC1	Tumor necrosis factor	300	US Patent	"2AZ5,3ALQ,3IT8,3L9J,4G3Y,4TWT,5M2I,5M2J,5M2M,5MU8,5WUX,5YOY,6OOY,6OOZ,6X81,6X82,6X83,6X85,6X86,7JRA"
CC(=O)N1CCC(CC1)Nc1nc(nc2CC[S+]([O-])c12)N1CC(C1)OC(=O)C1CCOCC1	Tumor necrosis factor	300	US Patent	"2AZ5,3ALQ,3IT8,3L9J,4G3Y,4TWT,5M2I,5M2J,5M2M,5MU8,5WUX,5YOY,6OOY,6OOZ,6X81,6X82,6X83,6X85,6X86,7JRA"
CC(C)(C)c1ccc(cc1)C(=O)ON=C(N)c1ccccn1 |w:13.13|	Tumor necrosis factor	312.5	PubChem	"5MU8,9OK6,9OJY,9OJS,9OJO,6X86,6X85,6X83,6X82,6X81,5YOY,7JRA,8Z8M,6OOZ,6OOY,5WUX,5M2M,5M2J,5M2I,4TWT,4G3Y,3IT8,3ALQ,3L9J,2AZ5,7ASY,7QLF"
CC(=O)Nc1ccccc1OCC(=O)c1cc(C)n(Cc2cccs2)c1C	Tumor necrosis factor	312.5	PubChem	"5MU8,9OK6,9OJY,9OJS,9OJO,6X86,6X85,6X83,6X82,6X81,5YOY,7JRA,8Z8M,6OOZ,6OOY,5WUX,5M2M,5M2J,5M2I,4TWT,4G3Y,3IT8,3ALQ,3L9J,2AZ5,7ASY,7QLF"
Cc1sc(NC(=O)c2ccc(C)c(c2)[N+]([O-])=O)c(C(N)=O)c1-c1ccccc1	Tumor necrosis factor	312.5	PubChem	"5MU8,9OK6,9OJY,9OJS,9OJO,6X86,6X85,6X83,6X82,6X81,5YOY,7JRA,8Z8M,6OOZ,6OOY,5WUX,5M2M,5M2J,5M2I,4TWT,4G3Y,3IT8,3ALQ,3L9J,2AZ5,7ASY,7QLF"
Cc1cc(C(=O)COC(=O)c2ccccc2Br)c(C)n1CC1CCCO1	Tumor necrosis factor	312.5	PubChem	"5MU8,9OK6,9OJY,9OJS,9OJO,6X86,6X85,6X83,6X82,6X81,5YOY,7JRA,8Z8M,6OOZ,6OOY,5WUX,5M2M,5M2J,5M2I,4TWT,4G3Y,3IT8,3ALQ,3L9J,2AZ5,7ASY,7QLF"
Cc1ccc2oc(N=C(N)NC(=O)C(C)(C)C)nc2c1 |w:7.6|	Tumor necrosis factor	312.5	PubChem	"5MU8,9OK6,9OJY,9OJS,9OJO,6X86,6X85,6X83,6X82,6X81,5YOY,7JRA,8Z8M,6OOZ,6OOY,5WUX,5M2M,5M2J,5M2I,4TWT,4G3Y,3IT8,3ALQ,3L9J,2AZ5,7ASY,7QLF"
CCOC(=O)c1ccc(NC(=O)c2ccc(CN3CCc4ccccc4C3)cc2)cc1	Tumor necrosis factor	312.5	PubChem	"5MU8,9OK6,9OJY,9OJS,9OJO,6X86,6X85,6X83,6X82,6X81,5YOY,7JRA,8Z8M,6OOZ,6OOY,5WUX,5M2M,5M2J,5M2I,4TWT,4G3Y,3IT8,3ALQ,3L9J,2AZ5,7ASY,7QLF"
C[C@@H](Nc1c(Cl)cnc2ccc(cc12)-c1cnc(nc1)C(C)(C)O)c1cc(ccc1F)N1CCCC1	Tumor necrosis factor	331	ChEMBL	"2AZ5,3ALQ,3IT8,3L9J,4G3Y,4TWT,5M2I,5M2J,5M2M,5MU8,5WUX,5YOY,6OOY,6OOZ,6X81,6X82,6X83,6X85,6X86,7JRA"
CN1C(=S)S\C(=C/c2cc(C)n(c2C)-c2ccc(O)cc2)C1=O	Tumor necrosis factor	344.75	PubChem	"5MU8,9OK6,9OJY,9OJS,9OJO,6X86,6X85,6X83,6X82,6X81,5YOY,7JRA,8Z8M,6OOZ,6OOY,5WUX,5M2M,5M2J,5M2I,4TWT,4G3Y,3IT8,3ALQ,3L9J,2AZ5,7ASY,7QLF"
COc1ncc(cc1NS(C)(=O)=O)-c1nc(nc2c(O[C@@H]3CCOC3)cc(F)cc12)N1CCOCC1	Tumor necrosis factor	352	US Patent	"2AZ5,3ALQ,3IT8,3L9J,4G3Y,4TWT,5M2I,5M2J,5M2M,5MU8,5WUX,5YOY,6OOY,6OOZ,6X81,6X82,6X83,6X85,6X86,7JRA"
CC(Nc1c(Cl)cnc2ccc(-c3cnc(nc3)C(C)(C)O)c(Cl)c12)c1ccccc1F	Tumor necrosis factor	365	ChEMBL	"2AZ5,3ALQ,3IT8,3L9J,4G3Y,4TWT,5M2I,5M2J,5M2M,5MU8,5WUX,5YOY,6OOY,6OOZ,6X81,6X82,6X83,6X85,6X86,7JRA"
CCC(Nc1c(Cl)cnc2ccc(cc12)-c1cnc(nc1)C(C)(C)O)c1ccccc1F	Tumor necrosis factor	368	ChEMBL	"2AZ5,3ALQ,3IT8,3L9J,4G3Y,4TWT,5M2I,5M2J,5M2M,5MU8,5WUX,5YOY,6OOY,6OOZ,6X81,6X82,6X83,6X85,6X86,7JRA"
CSc1ccc(NC(=O)c2ccc(CN3CCc4ccccc4C3)cc2)cc1	Tumor necrosis factor	372	PubChem	"5MU8,9OK6,9OJY,9OJS,9OJO,6X86,6X85,6X83,6X82,6X81,5YOY,7JRA,8Z8M,6OOZ,6OOY,5WUX,5M2M,5M2J,5M2I,4TWT,4G3Y,3IT8,3ALQ,3L9J,2AZ5,7ASY,7QLF"
COC(=O)CC(N1C(=O)c2ccc(N)cc2C1=O)c1ccc(OC)c(OC)c1	Tumor necrosis factor	380	ChEMBL	"2AZ5,3ALQ,3IT8,3L9J,4G3Y,4TWT,5M2I,5M2J,5M2M,5MU8,5WUX,5YOY,6OOY,6OOZ,6X81,6X82,6X83,6X85,6X86,7JRA"
CCCCn1c2c3cccc(OC)c3ncc2c(=O)n(CC)c1=O	Tumor necrosis factor	390	US Patent	"2AZ5,3ALQ,3IT8,3L9J,4G3Y,4TWT,5M2I,5M2J,5M2M,5MU8,5WUX,5YOY,6OOY,6OOZ,6X81,6X82,6X83,6X85,6X86,7JRA"
CC(C)[C@H](NC(=O)C(F)(F)F)[C@H](Oc1ccc2n(ncc2c1)-c1ccc(=O)n(C)c1)c1cccc(Cl)c1	Tumor necrosis factor	398	US Patent	"2AZ5,3ALQ,3IT8,3L9J,4G3Y,4TWT,5M2I,5M2J,5M2M,5MU8,5WUX,5YOY,6OOY,6OOZ,6X81,6X82,6X83,6X85,6X86,7JRA"
Fc1c2C(=O)N(C3CCC(=O)NC3=O)C(=O)c2c(F)c(F)c1F	Tumor necrosis factor	400	ChEMBL	"2AZ5,3ALQ,3IT8,3L9J,4G3Y,4TWT,5M2I,5M2J,5M2M,5MU8,5WUX,5YOY,6OOY,6OOZ,6X81,6X82,6X83,6X85,6X86,7JRA"
CC(Nc1c(Cl)cnc2cnc(cc12)-c1cnc(nc1)C(C)(C)O)c1ccccc1F	Tumor necrosis factor	400	ChEMBL	"2AZ5,3ALQ,3IT8,3L9J,4G3Y,4TWT,5M2I,5M2J,5M2M,5MU8,5WUX,5YOY,6OOY,6OOZ,6X81,6X82,6X83,6X85,6X86,7JRA"
CC(Nc1c(Cl)cnc2ccc(cc12)-c1cnc(nc1)C(C)(C)O)c1ccccc1C(F)(F)F	Tumor necrosis factor	407	ChEMBL	"2AZ5,3ALQ,3IT8,3L9J,4G3Y,4TWT,5M2I,5M2J,5M2M,5MU8,5WUX,5YOY,6OOY,6OOZ,6X81,6X82,6X83,6X85,6X86,7JRA"
COc1cccc2c1ncc1c2n(C2CCCC2)c(=O)n(-c2cccs2)c1=O	Tumor necrosis factor	410	US Patent	"2AZ5,3ALQ,3IT8,3L9J,4G3Y,4TWT,5M2I,5M2J,5M2M,5MU8,5WUX,5YOY,6OOY,6OOZ,6X81,6X82,6X83,6X85,6X86,7JRA"
CCOc1ccc[c-](C=[NH+]NC(=S)Nc2ccccc2[N+]([O-])=O)c1=O |w:9.9|	Tumor necrosis factor	414	PubChem	"5MU8,9OK6,9OJY,9OJS,9OJO,6X86,6X85,6X83,6X82,6X81,5YOY,7JRA,8Z8M,6OOZ,6OOY,5WUX,5M2M,5M2J,5M2I,4TWT,4G3Y,3IT8,3ALQ,3L9J,2AZ5,7ASY,7QLF"
Cc1ccc(C)c(Nc2ccnc3ccc(cc23)-c2ccc(nc2)C#N)c1	Tumor necrosis factor	428	ChEMBL	"2AZ5,3ALQ,3IT8,3L9J,4G3Y,4TWT,5M2I,5M2J,5M2M,5MU8,5WUX,5YOY,6OOY,6OOZ,6X81,6X82,6X83,6X85,6X86,7JRA"
C[C@@H]1C[C@H]2[C@@H]3CCC4=CC(=O)C=C[C@]4(C)[C@@]3(F)[C@@H](O)C[C@]2(C)[C@@]1(O)C(=O)COC(=O)CCC(=O)OCc1ccc(cc1)C(CCNC(=O)OC(C)(C)C)C(=O)Nc1ccc2cnccc2c1	Tumor necrosis factor	429	US Patent	"2AZ5,3ALQ,3IT8,3L9J,4G3Y,4TWT,5M2I,5M2J,5M2M,5MU8,5WUX,5YOY,6OOY,6OOZ,6X81,6X82,6X83,6X85,6X86,7JRA"
C[C@@H]1C[C@H]2[C@@H]3CCC4=CC(=O)C=C[C@]4(C)[C@@]3(F)[C@@H](O)C[C@]2(C)[C@@]1(O)C(=O)COC(=O)CCC(=O)OCc1ccc(cc1)C(CCNC(=O)OC(C)(C)C)C(=O)Nc1ccc2cnccc2c1	Tumor necrosis factor	429	US Patent	"2AZ5,3ALQ,3IT8,3L9J,4G3Y,4TWT,5M2I,5M2J,5M2M,5MU8,5WUX,5YOY,6OOY,6OOZ,6X81,6X82,6X83,6X85,6X86,7JRA"
CCC(C)n1c(=O)n(C2CCCC2)c2c3cccc(OC)c3ncc2c1=O	Tumor necrosis factor	450	US Patent	"2AZ5,3ALQ,3IT8,3L9J,4G3Y,4TWT,5M2I,5M2J,5M2M,5MU8,5WUX,5YOY,6OOY,6OOZ,6X81,6X82,6X83,6X85,6X86,7JRA"
COc1cccc2c1ncc1c2n(C2CCNCC2)c(=O)n(-c2ccc3OCOc3c2)c1=O	Tumor necrosis factor	450	US Patent	"2AZ5,3ALQ,3IT8,3L9J,4G3Y,4TWT,5M2I,5M2J,5M2M,5MU8,5WUX,5YOY,6OOY,6OOZ,6X81,6X82,6X83,6X85,6X86,7JRA"
COC(=O)CC(N1C(=O)c2cccc(N)c2C1=O)c1ccc(OC)c(OC)c1	Tumor necrosis factor	450	ChEMBL	"2AZ5,3ALQ,3IT8,3L9J,4G3Y,4TWT,5M2I,5M2J,5M2M,5MU8,5WUX,5YOY,6OOY,6OOZ,6X81,6X82,6X83,6X85,6X86,7JRA"
CCOc1ccc(cc1)-n1c(C)c(C(C)=O)c2cc(O)ccc12	Tumor necrosis factor	451	PubChem	"5MU8,9OK6,9OJY,9OJS,9OJO,6X86,6X85,6X83,6X82,6X81,5YOY,7JRA,8Z8M,6OOZ,6OOY,5WUX,5M2M,5M2J,5M2I,4TWT,4G3Y,3IT8,3ALQ,3L9J,2AZ5,7ASY,7QLF"
COC(=O)c1ccc2nc(Nc3nc4ccc(F)cc4s3)sc2c1	Tumor necrosis factor	462	PubChem	"5MU8,9OK6,9OJY,9OJS,9OJO,6X86,6X85,6X83,6X82,6X81,5YOY,7JRA,8Z8M,6OOZ,6OOY,5WUX,5M2M,5M2J,5M2I,4TWT,4G3Y,3IT8,3ALQ,3L9J,2AZ5,7ASY,7QLF"
CC(C)c1ccc(cc1)-c1nc2ccccc2s1	Tumor necrosis factor	477.75	PubChem	"5MU8,9OK6,9OJY,9OJS,9OJO,6X86,6X85,6X83,6X82,6X81,5YOY,7JRA,8Z8M,6OOZ,6OOY,5WUX,5M2M,5M2J,5M2I,4TWT,4G3Y,3IT8,3ALQ,3L9J,2AZ5,7ASY,7QLF"
Clc1ccc(NC(=O)c2ccc(CN3CCc4ccccc4C3)cc2)cc1	Tumor necrosis factor	491	PubChem	"5MU8,9OK6,9OJY,9OJS,9OJO,6X86,6X85,6X83,6X82,6X81,5YOY,7JRA,8Z8M,6OOZ,6OOY,5WUX,5M2M,5M2J,5M2I,4TWT,4G3Y,3IT8,3ALQ,3L9J,2AZ5,7ASY,7QLF"
C[C@@H](Nc1c(Cl)cnc2ccc(cc12)-c1cnc(nc1)C(C)(C)O)c1ccccc1	Tumor necrosis factor	496	ChEMBL	"2AZ5,3ALQ,3IT8,3L9J,4G3Y,4TWT,5M2I,5M2J,5M2M,5MU8,5WUX,5YOY,6OOY,6OOZ,6X81,6X82,6X83,6X85,6X86,7JRA"
CCCCCCCCCCCCCCO[C@H]1[C@@H](OC)O[C@H](COC(=O)CCC(=O)OC[C@H](NC(=O)OCC2c3ccccc3-c3ccccc23)C(O)=O)[C@@H](OC)[C@@H]1OCCCCCCCCCCCCCC	Tumor necrosis factor	500	US Patent	"5MU8,9OK6,9OJY,9OJS,9OJO,6X86,6X85,6X83,6X82,6X81,5YOY,7JRA,8Z8M,6OOZ,6OOY,5WUX,5M2M,5M2J,5M2I,4TWT,4G3Y,3IT8,3ALQ,3L9J,2AZ5,7ASY,7QLF"
CCn1c(=O)n(C2CCCC2)c2c3cccc(C)c3ncc2c1=O	Tumor necrosis factor	500	US Patent	"2AZ5,3ALQ,3IT8,3L9J,4G3Y,4TWT,5M2I,5M2J,5M2M,5MU8,5WUX,5YOY,6OOY,6OOZ,6X81,6X82,6X83,6X85,6X86,7JRA"
COc1ccc(cc1OC)-c1ccc2ncc(n2n1)S(=O)(=O)N1CCC(CC1)(C#N)c1ccccc1	Tumor necrosis factor	500	ChEMBL	"2AZ5,3ALQ,3IT8,3L9J,4G3Y,4TWT,5M2I,5M2J,5M2M,5MU8,5WUX,5YOY,6OOY,6OOZ,6X81,6X82,6X83,6X85,6X86,7JRA"
COc1ccc(cc1OC1CCCC1)C1CNC(=O)C1	Tumor necrosis factor	500	ChEMBL	"2AZ5,3ALQ,3IT8,3L9J,4G3Y,4TWT,5M2I,5M2J,5M2M,5MU8,5WUX,5YOY,6OOY,6OOZ,6X81,6X82,6X83,6X85,6X86,7JRA"
CCCN(C1CCOCC1)c1nc(nc2CC[S+]([O-])c12)N1CC(C1)OC(=O)c1cnsc1	Tumor necrosis factor	500	US Patent	"2AZ5,3ALQ,3IT8,3L9J,4G3Y,4TWT,5M2I,5M2J,5M2M,5MU8,5WUX,5YOY,6OOY,6OOZ,6X81,6X82,6X83,6X85,6X86,7JRA"
CCCN(C1CCOCC1)c1nc(nc2CC[S+]([O-])c12)N1CC(C1)OC(=O)c1cscn1	Tumor necrosis factor	500	US Patent	"2AZ5,3ALQ,3IT8,3L9J,4G3Y,4TWT,5M2I,5M2J,5M2M,5MU8,5WUX,5YOY,6OOY,6OOZ,6X81,6X82,6X83,6X85,6X86,7JRA"
[O-][S@@+]1CCc2nc(nc(NC3CC4(COC4)C3)c12)N1CC(C1)OC(=O)c1cnsc1	Tumor necrosis factor	500	US Patent	"2AZ5,3ALQ,3IT8,3L9J,4G3Y,4TWT,5M2I,5M2J,5M2M,5MU8,5WUX,5YOY,6OOY,6OOZ,6X81,6X82,6X83,6X85,6X86,7JRA"
[O-][S@@+]1CCc2nc(nc(NC3CC4(COC4)C3)c12)N1CC(C1)OC(=O)c1cscn1	Tumor necrosis factor	500	US Patent	"2AZ5,3ALQ,3IT8,3L9J,4G3Y,4TWT,5M2I,5M2J,5M2M,5MU8,5WUX,5YOY,6OOY,6OOZ,6X81,6X82,6X83,6X85,6X86,7JRA"
CC(=O)N1CC[C@H](C1)Nc1nc(nc2CC[S@@+]([O-])c12)N1CC(C1)OC(=O)C1CCOCC1	Tumor necrosis factor	500	US Patent	"2AZ5,3ALQ,3IT8,3L9J,4G3Y,4TWT,5M2I,5M2J,5M2M,5MU8,5WUX,5YOY,6OOY,6OOZ,6X81,6X82,6X83,6X85,6X86,7JRA"
CC(=O)N1CCC(CC1)Nc1nc(nc2CC[S+]([O-])c12)N1CC(C1)OC(=O)c1cscn1	Tumor necrosis factor	500	US Patent	"2AZ5,3ALQ,3IT8,3L9J,4G3Y,4TWT,5M2I,5M2J,5M2M,5MU8,5WUX,5YOY,6OOY,6OOZ,6X81,6X82,6X83,6X85,6X86,7JRA"
COc1ccc(cc1OC1CCCC1)C1CNC(=O)C1	Tumor necrosis factor	500	ChEMBL	"2AZ5,3ALQ,3IT8,3L9J,4G3Y,4TWT,5M2I,5M2J,5M2M,5MU8,5WUX,5YOY,6OOY,6OOZ,6X81,6X82,6X83,6X85,6X86,7JRA"
CCC(=O)N1C(C)Cc2cc(ccc12)S(=O)(=O)N1CCN(CC1)c1ccc(Cl)cc1	Tumor necrosis factor	584	PubChem	"5MU8,9OK6,9OJY,9OJS,9OJO,6X86,6X85,6X83,6X82,6X81,5YOY,7JRA,8Z8M,6OOZ,6OOY,5WUX,5M2M,5M2J,5M2I,4TWT,4G3Y,3IT8,3ALQ,3L9J,2AZ5,7ASY,7QLF"
CCOc1ncc(cn1)-c1ccc2ncc(Cl)c(N[C@H](C)c3ccccc3F)c2c1	Tumor necrosis factor	587	ChEMBL	"2AZ5,3ALQ,3IT8,3L9J,4G3Y,4TWT,5M2I,5M2J,5M2M,5MU8,5WUX,5YOY,6OOY,6OOZ,6X81,6X82,6X83,6X85,6X86,7JRA"
CN(C)C(=O)c1ccc2CN(C(=O)c2c1)c1cccc(n1)-c1nncn1C1CC1	Tumor necrosis factor	600	US Patent	"2AZ5,3ALQ,3IT8,3L9J,4G3Y,4TWT,5M2I,5M2J,5M2M,5MU8,5WUX,5YOY,6OOY,6OOZ,6X81,6X82,6X83,6X85,6X86,7JRA"
CN1CCN(CC1)C(=O)c1ccc2C(=O)N(Cc2c1)c1cccc(n1)-c1nncn1C1CC1	Tumor necrosis factor	600	US Patent	"2AZ5,3ALQ,3IT8,3L9J,4G3Y,4TWT,5M2I,5M2J,5M2M,5MU8,5WUX,5YOY,6OOY,6OOZ,6X81,6X82,6X83,6X85,6X86,7JRA"
O=C(N1CCCCC1)c1ccc2C(=O)N(Cc2c1)c1cccc(n1)-c1nncn1C1CC1	Tumor necrosis factor	600	US Patent	"2AZ5,3ALQ,3IT8,3L9J,4G3Y,4TWT,5M2I,5M2J,5M2M,5MU8,5WUX,5YOY,6OOY,6OOZ,6X81,6X82,6X83,6X85,6X86,7JRA"
COC1CCN(CC1)C(=O)c1ccc2C(=O)N(Cc2c1)c1cccc(n1)-c1nncn1C1CC1	Tumor necrosis factor	600	US Patent	"2AZ5,3ALQ,3IT8,3L9J,4G3Y,4TWT,5M2I,5M2J,5M2M,5MU8,5WUX,5YOY,6OOY,6OOZ,6X81,6X82,6X83,6X85,6X86,7JRA"
CN(C)C1CCN(CC1)C(=O)c1ccc2C(=O)N(Cc2c1)c1cccc(n1)-c1nncn1C1CC1	Tumor necrosis factor	600	US Patent	"2AZ5,3ALQ,3IT8,3L9J,4G3Y,4TWT,5M2I,5M2J,5M2M,5MU8,5WUX,5YOY,6OOY,6OOZ,6X81,6X82,6X83,6X85,6X86,7JRA"
O=C1N(Cc2ccc(cc12)-c1cncnc1)c1cccc(n1)-c1nncn1C1CC1	Tumor necrosis factor	600	US Patent	"2AZ5,3ALQ,3IT8,3L9J,4G3Y,4TWT,5M2I,5M2J,5M2M,5MU8,5WUX,5YOY,6OOY,6OOZ,6X81,6X82,6X83,6X85,6X86,7JRA"
Cc1ncc(cn1)-c1ccc2CN(C(=O)c2c1)c1cccc(n1)-c1nncn1C1CC1	Tumor necrosis factor	600	US Patent	"2AZ5,3ALQ,3IT8,3L9J,4G3Y,4TWT,5M2I,5M2J,5M2M,5MU8,5WUX,5YOY,6OOY,6OOZ,6X81,6X82,6X83,6X85,6X86,7JRA"
O=C(N1CCCC1)c1cc2CN(C(=O)c2cc1-c1cccnc1)c1cccc(n1)-c1nncn1C1CC1	Tumor necrosis factor	600	US Patent	"2AZ5,3ALQ,3IT8,3L9J,4G3Y,4TWT,5M2I,5M2J,5M2M,5MU8,5WUX,5YOY,6OOY,6OOZ,6X81,6X82,6X83,6X85,6X86,7JRA"
O=C(Nc1ccc(cc1)S(=O)(=O)N1CCCCC1)c1ccc(CN2CCc3ccccc3C2)cc1	Tumor necrosis factor	616	PubChem	"5MU8,9OK6,9OJY,9OJS,9OJO,6X86,6X85,6X83,6X82,6X81,5YOY,7JRA,8Z8M,6OOZ,6OOY,5WUX,5M2M,5M2J,5M2I,4TWT,4G3Y,3IT8,3ALQ,3L9J,2AZ5,7ASY,7QLF"
CC(C)(C)OC(=O)NC[C@@H](C(=O)Nc1ccc2cnccc2c1)c1ccc(COC(=O)CCC(=O)OCC(=O)[C@@]2(O)CC[C@H]3[C@@H]4CCC5=CC(=O)C=C[C@]5(C)[C@H]4[C@@H](O)C[C@]23C)cc1	Tumor necrosis factor	620	US Patent	"2AZ5,3ALQ,3IT8,3L9J,4G3Y,4TWT,5M2I,5M2J,5M2M,5MU8,5WUX,5YOY,6OOY,6OOZ,6X81,6X82,6X83,6X85,6X86,7JRA"
CC(C)(C)OC(=O)NC[C@@H](C(=O)Nc1ccc2cnccc2c1)c1ccc(COC(=O)CCC(=O)OCC(=O)[C@@]2(O)CC[C@H]3[C@@H]4CCC5=CC(=O)C=C[C@]5(C)[C@H]4[C@@H](O)C[C@]23C)cc1	Tumor necrosis factor	620	US Patent	"2AZ5,3ALQ,3IT8,3L9J,4G3Y,4TWT,5M2I,5M2J,5M2M,5MU8,5WUX,5YOY,6OOY,6OOZ,6X81,6X82,6X83,6X85,6X86,7JRA"
O=C(Nc1ccc(cc1)S(=O)(=O)N1CCOCC1)c1ccc(CN2CCc3ccccc3C2)cc1	Tumor necrosis factor	627	PubChem	"5MU8,9OK6,9OJY,9OJS,9OJO,6X86,6X85,6X83,6X82,6X81,5YOY,7JRA,8Z8M,6OOZ,6OOY,5WUX,5M2M,5M2J,5M2I,4TWT,4G3Y,3IT8,3ALQ,3L9J,2AZ5,7ASY,7QLF"
CC1Cn2c3c(CN1CC=C(C)C)cc(C)cc3[nH]c2=S	Tumor necrosis factor	629	ChEMBL	"2AZ5,3ALQ,3IT8,3L9J,4G3Y,4TWT,5M2I,5M2J,5M2M,5MU8,5WUX,5YOY,6OOY,6OOZ,6X81,6X82,6X83,6X85,6X86,7JRA"
CC(C)[C@H](NC(=O)C(C)(F)F)[C@H](Oc1ccc2n(ncc2c1)-c1ccc(=O)n(C)c1)c1ccccc1	Tumor necrosis factor	631	US Patent	"2AZ5,3ALQ,3IT8,3L9J,4G3Y,4TWT,5M2I,5M2J,5M2M,5MU8,5WUX,5YOY,6OOY,6OOZ,6X81,6X82,6X83,6X85,6X86,7JRA"
O=C(Nc1ccc(cc1)S(=O)(=O)N1CCCC1)c1ccc(CN2CCc3ccccc3C2)cc1	Tumor necrosis factor	639	PubChem	"5MU8,9OK6,9OJY,9OJS,9OJO,6X86,6X85,6X83,6X82,6X81,5YOY,7JRA,8Z8M,6OOZ,6OOY,5WUX,5M2M,5M2J,5M2I,4TWT,4G3Y,3IT8,3ALQ,3L9J,2AZ5,7ASY,7QLF"
COc1ccc(NC(=O)c2ccc(CN3CCc4ccccc4C3)cc2)cc1	Tumor necrosis factor	650	PubChem	"5MU8,9OK6,9OJY,9OJS,9OJO,6X86,6X85,6X83,6X82,6X81,5YOY,7JRA,8Z8M,6OOZ,6OOY,5WUX,5M2M,5M2J,5M2I,4TWT,4G3Y,3IT8,3ALQ,3L9J,2AZ5,7ASY,7QLF"
COC(=O)c1ccc2nc(Nc3nc4c(F)cc(F)cc4s3)sc2c1	Tumor necrosis factor	666.25	PubChem	"5MU8,9OK6,9OJY,9OJS,9OJO,6X86,6X85,6X83,6X82,6X81,5YOY,7JRA,8Z8M,6OOZ,6OOY,5WUX,5M2M,5M2J,5M2I,4TWT,4G3Y,3IT8,3ALQ,3L9J,2AZ5,7ASY,7QLF"
CCCn1c2c3cccc(OC)c3ncc2c(=O)n(CC)c1=O	Tumor necrosis factor	680	US Patent	"2AZ5,3ALQ,3IT8,3L9J,4G3Y,4TWT,5M2I,5M2J,5M2M,5MU8,5WUX,5YOY,6OOY,6OOZ,6X81,6X82,6X83,6X85,6X86,7JRA"
Cc1c(cccc1-c1ccc(NC(=O)c2c(F)cccc2F)cc1)-c1nn(C)c(=O)o1	Tumor necrosis factor	695	ChEMBL	"2AZ5,3ALQ,3IT8,3L9J,4G3Y,4TWT,5M2I,5M2J,5M2M,5MU8,5WUX,5YOY,6OOY,6OOZ,6X81,6X82,6X83,6X85,6X86,7JRA"
Cc1cc(C=c2sc3nc4ccccc4n3c2=O)c(C)n1-c1ccc(C)cc1	Tumor necrosis factor	702.75	PubChem	"5MU8,9OK6,9OJY,9OJS,9OJO,6X86,6X85,6X83,6X82,6X81,5YOY,7JRA,8Z8M,6OOZ,6OOY,5WUX,5M2M,5M2J,5M2I,4TWT,4G3Y,3IT8,3ALQ,3L9J,2AZ5,7ASY,7QLF"
Cc1cc(C(=O)NC2CCCc3c2cnn3-c2cccc(C)c2C)n(C)n1	Tumor necrosis factor	703	PubChem	"5MU8,9OK6,9OJY,9OJS,9OJO,6X86,6X85,6X83,6X82,6X81,5YOY,7JRA,8Z8M,6OOZ,6OOY,5WUX,5M2M,5M2J,5M2I,4TWT,4G3Y,3IT8,3ALQ,3L9J,2AZ5,7ASY,7QLF"
COCCn1c(C)cc(C(=O)COC(=O)c2cccc(O)c2)c1C	Tumor necrosis factor	704	PubChem	"5MU8,9OK6,9OJY,9OJS,9OJO,6X86,6X85,6X83,6X82,6X81,5YOY,7JRA,8Z8M,6OOZ,6OOY,5WUX,5M2M,5M2J,5M2I,4TWT,4G3Y,3IT8,3ALQ,3L9J,2AZ5,7ASY,7QLF"
Cn1nccc1C(=O)NC1CCCc2c1cnn2-c1ccc(F)cc1F	Tumor necrosis factor	712	PubChem	"5MU8,9OK6,9OJY,9OJS,9OJO,6X86,6X85,6X83,6X82,6X81,5YOY,7JRA,8Z8M,6OOZ,6OOY,5WUX,5M2M,5M2J,5M2I,4TWT,4G3Y,3IT8,3ALQ,3L9J,2AZ5,7ASY,7QLF"
Cn1c(Sc2ccc(Cl)cc2)c(C=O)c2ccccc12	Tumor necrosis factor	748.5	PubChem	"5MU8,9OK6,9OJY,9OJS,9OJO,6X86,6X85,6X83,6X82,6X81,5YOY,7JRA,8Z8M,6OOZ,6OOY,5WUX,5M2M,5M2J,5M2I,4TWT,4G3Y,3IT8,3ALQ,3L9J,2AZ5,7ASY,7QLF"
FC(F)(F)c1ccc(NC(=O)CSc2nc3scc(-c4ccccc4)c3c(=O)[nH]2)cc1	Tumor necrosis factor	752	PubChem	"5MU8,9OK6,9OJY,9OJS,9OJO,6X86,6X85,6X83,6X82,6X81,5YOY,7JRA,8Z8M,6OOZ,6OOY,5WUX,5M2M,5M2J,5M2I,4TWT,4G3Y,3IT8,3ALQ,3L9J,2AZ5,7ASY,7QLF"
CC(Nc1c(Cl)cnc2ccc(nc12)-c1cnc(nc1)C(C)(C)O)c1ccccc1F	Tumor necrosis factor	753	ChEMBL	"2AZ5,3ALQ,3IT8,3L9J,4G3Y,4TWT,5M2I,5M2J,5M2M,5MU8,5WUX,5YOY,6OOY,6OOZ,6X81,6X82,6X83,6X85,6X86,7JRA"
CC(Nc1c(Cl)cnc2ccc(nc12)-c1cnc(nc1)C(C)(C)O)c1ccccc1F	Tumor necrosis factor	753	ChEMBL	"2AZ5,3ALQ,3IT8,3L9J,4G3Y,4TWT,5M2I,5M2J,5M2M,5MU8,5WUX,5YOY,6OOY,6OOZ,6X81,6X82,6X83,6X85,6X86,7JRA"
CN(C)c1ccc(cc1)-c1sc2cc(C)ccc2[n+]1C	Tumor necrosis factor	762	PubChem	"5MU8,9OK6,9OJY,9OJS,9OJO,6X86,6X85,6X83,6X82,6X81,5YOY,7JRA,8Z8M,6OOZ,6OOY,5WUX,5M2M,5M2J,5M2I,4TWT,4G3Y,3IT8,3ALQ,3L9J,2AZ5,7ASY,7QLF"
CN(C1CCCCC1)c1ncnc2n(ncc12)-c1cccc(C)c1	Tumor necrosis factor	783.25	PubChem	"5MU8,9OK6,9OJY,9OJS,9OJO,6X86,6X85,6X83,6X82,6X81,5YOY,7JRA,8Z8M,6OOZ,6OOY,5WUX,5M2M,5M2J,5M2I,4TWT,4G3Y,3IT8,3ALQ,3L9J,2AZ5,7ASY,7QLF"
CC(C)C(Nc1c(Cl)cnc2ccc(cc12)-c1cnc(nc1)C(C)(C)O)c1ccccc1F	Tumor necrosis factor	826	ChEMBL	"2AZ5,3ALQ,3IT8,3L9J,4G3Y,4TWT,5M2I,5M2J,5M2M,5MU8,5WUX,5YOY,6OOY,6OOZ,6X81,6X82,6X83,6X85,6X86,7JRA"
Cc1ccc(C)c(Nc2c(Cl)cnc3ccc(Br)cc23)c1	Tumor necrosis factor	840	ChEMBL	"2AZ5,3ALQ,3IT8,3L9J,4G3Y,4TWT,5M2I,5M2J,5M2M,5MU8,5WUX,5YOY,6OOY,6OOZ,6X81,6X82,6X83,6X85,6X86,7JRA"
CC(Nc1c(Cl)cnc2ccc(cc12)-c1cnc(nc1)C(C)(C)O)c1ccc(F)cc1	Tumor necrosis factor	840	ChEMBL	"2AZ5,3ALQ,3IT8,3L9J,4G3Y,4TWT,5M2I,5M2J,5M2M,5MU8,5WUX,5YOY,6OOY,6OOZ,6X81,6X82,6X83,6X85,6X86,7JRA"
Cc1ccc(cc1F)\N=c1\c(nn(-c2ccc3OCCOc3c2)n1O)[N+]([O-])=O	Tumor necrosis factor	841.75	PubChem	"5MU8,9OK6,9OJY,9OJS,9OJO,6X86,6X85,6X83,6X82,6X81,5YOY,7JRA,8Z8M,6OOZ,6OOY,5WUX,5M2M,5M2J,5M2I,4TWT,4G3Y,3IT8,3ALQ,3L9J,2AZ5,7ASY,7QLF"
Oc1c(ccc2ccccc12)C(=O)Nc1ccc(Cl)c(c1)[N+]([O-])=O	Tumor necrosis factor	870	PubChem	"5MU8,9OK6,9OJY,9OJS,9OJO,6X86,6X85,6X83,6X82,6X81,5YOY,7JRA,8Z8M,6OOZ,6OOY,5WUX,5M2M,5M2J,5M2I,4TWT,4G3Y,3IT8,3ALQ,3L9J,2AZ5,7ASY,7QLF"
CCCOc1cc[c-](C=[NH+]NC(=S)Nc2ccccc2[N+]([O-])=O)c(=O)c1 |w:9.9|	Tumor necrosis factor	880	PubChem	"5MU8,9OK6,9OJY,9OJS,9OJO,6X86,6X85,6X83,6X82,6X81,5YOY,7JRA,8Z8M,6OOZ,6OOY,5WUX,5M2M,5M2J,5M2I,4TWT,4G3Y,3IT8,3ALQ,3L9J,2AZ5,7ASY,7QLF"
COP(=O)(OC)Oc1ccc(cc1)[N+]([O-])=O	Tumor necrosis factor	890	ChEMBL	"2AZ5,3ALQ,3IT8,3L9J,4G3Y,4TWT,5M2I,5M2J,5M2M,5MU8,5WUX,5YOY,6OOY,6OOZ,6X81,6X82,6X83,6X85,6X86,7JRA"
CCn1c(=O)n(CCCF)c2c3cccc(OC)c3ncc2c1=O	Tumor necrosis factor	900	US Patent	"2AZ5,3ALQ,3IT8,3L9J,4G3Y,4TWT,5M2I,5M2J,5M2M,5MU8,5WUX,5YOY,6OOY,6OOZ,6X81,6X82,6X83,6X85,6X86,7JRA"
C[C@@H](Nc1c(Cl)cnc2ccc(cc12)-c1ccc(nc1)S(C)(=O)=O)c1ccccc1F	Tumor necrosis factor	909	ChEMBL	"2AZ5,3ALQ,3IT8,3L9J,4G3Y,4TWT,5M2I,5M2J,5M2M,5MU8,5WUX,5YOY,6OOY,6OOZ,6X81,6X82,6X83,6X85,6X86,7JRA"
CCn1c(=O)n(C2CCCC2)c2c3cc(F)cc(OC)c3ncc2c1=O	Tumor necrosis factor	920	US Patent	"2AZ5,3ALQ,3IT8,3L9J,4G3Y,4TWT,5M2I,5M2J,5M2M,5MU8,5WUX,5YOY,6OOY,6OOZ,6X81,6X82,6X83,6X85,6X86,7JRA"
Cc1cc(C(=O)NC2CCCc3c2cnn3-c2cccc(C)c2C)n(C)n1	Tumor necrosis factor	921.5	PubChem	"5MU8,9OK6,9OJY,9OJS,9OJO,6X86,6X85,6X83,6X82,6X81,5YOY,7JRA,8Z8M,6OOZ,6OOY,5WUX,5M2M,5M2J,5M2I,4TWT,4G3Y,3IT8,3ALQ,3L9J,2AZ5,7ASY,7QLF"
CNC(=O)[C@@H](NC(=O)[C@@H]([C@H](CO)C(=O)NO)c1ccccc1)C(C)(C)C	Tumor necrosis factor	928	ChEMBL	"2AZ5,3ALQ,3IT8,3L9J,4G3Y,4TWT,5M2I,5M2J,5M2M,5MU8,5WUX,5YOY,6OOY,6OOZ,6X81,6X82,6X83,6X85,6X86,7JRA"
C[C@H](Nc1c(Cl)cnc2ccc(cc12)-c1cnc(nc1)C(C)(C)O)c1ccccc1	Tumor necrosis factor	943	ChEMBL	"2AZ5,3ALQ,3IT8,3L9J,4G3Y,4TWT,5M2I,5M2J,5M2M,5MU8,5WUX,5YOY,6OOY,6OOZ,6X81,6X82,6X83,6X85,6X86,7JRA"
Clc1ccc(Nc2ncnc3ccc(Br)cc23)cc1	Tumor necrosis factor	949.5	PubChem	"5MU8,9OK6,9OJY,9OJS,9OJO,6X86,6X85,6X83,6X82,6X81,5YOY,7JRA,8Z8M,6OOZ,6OOY,5WUX,5M2M,5M2J,5M2I,4TWT,4G3Y,3IT8,3ALQ,3L9J,2AZ5,7ASY,7QLF"
CC(C)(C)c1ccc(cc1)C(=O)ON=C(N)c1ccccn1 |w:13.13|	Tumor necrosis factor	952	PubChem	"5MU8,9OK6,9OJY,9OJS,9OJO,6X86,6X85,6X83,6X82,6X81,5YOY,7JRA,8Z8M,6OOZ,6OOY,5WUX,5M2M,5M2J,5M2I,4TWT,4G3Y,3IT8,3ALQ,3L9J,2AZ5,7ASY,7QLF"
CCCCCn1c(=O)[nH]c2cc(ccc2c1=O)C(=O)N1CCN(Cc2ccc3OCOc3c2)CC1	Tumor necrosis factor	970.5	PubChem	"5MU8,9OK6,9OJY,9OJS,9OJO,6X86,6X85,6X83,6X82,6X81,5YOY,7JRA,8Z8M,6OOZ,6OOY,5WUX,5M2M,5M2J,5M2I,4TWT,4G3Y,3IT8,3ALQ,3L9J,2AZ5,7ASY,7QLF"
Cn1nccc1C(=O)N[C@H]1CCCc2c1cnn2-c1ccccc1F	Tumor necrosis factor	994	PubChem	"5MU8,9OK6,9OJY,9OJS,9OJO,6X86,6X85,6X83,6X82,6X81,5YOY,7JRA,8Z8M,6OOZ,6OOY,5WUX,5M2M,5M2J,5M2I,4TWT,4G3Y,3IT8,3ALQ,3L9J,2AZ5,7ASY,7QLF"
CCOC(=O)Cn1c(=O)n(C2CCCC2)c2c3cccc(OC)c3ncc2c1=O	Tumor necrosis factor	1000	US Patent	"2AZ5,3ALQ,3IT8,3L9J,4G3Y,4TWT,5M2I,5M2J,5M2M,5MU8,5WUX,5YOY,6OOY,6OOZ,6X81,6X82,6X83,6X85,6X86,7JRA"
COc1cccc2c1ncc1c2n([C@H]2CCNC2)c(=O)n(-c2cccc(Cl)c2)c1=O	Tumor necrosis factor	1000	US Patent	"2AZ5,3ALQ,3IT8,3L9J,4G3Y,4TWT,5M2I,5M2J,5M2M,5MU8,5WUX,5YOY,6OOY,6OOZ,6X81,6X82,6X83,6X85,6X86,7JRA"
CCOC(=O)CCCn1cc(Br)c2cc(O)c(O)cc2c1=O	Tumor necrosis factor	1000	ChEMBL	"2AZ5,3ALQ,3IT8,3L9J,4G3Y,4TWT,5M2I,5M2J,5M2M,5MU8,5WUX,5YOY,6OOY,6OOZ,6X81,6X82,6X83,6X85,6X86,7JRA"
Cc1cc2nc3CCCN(c3n2cc1-c1ccc(CO)nc1)c1ccccc1OC(F)F	Tumor necrosis factor	1000	US Patent	"2AZ5,3ALQ,3IT8,3L9J,4G3Y,4TWT,5M2I,5M2J,5M2M,5MU8,5WUX,5YOY,6OOY,6OOZ,6X81,6X82,6X83,6X85,6X86,7JRA"
Cc1ccc(C)c(c1)N1CCCc2nc3cc(C)c(cn3c12)-c1cnn(C)c1	Tumor necrosis factor	1000	US Patent	"2AZ5,3ALQ,3IT8,3L9J,4G3Y,4TWT,5M2I,5M2J,5M2M,5MU8,5WUX,5YOY,6OOY,6OOZ,6X81,6X82,6X83,6X85,6X86,7JRA"
Cc1ccc(C)c(c1)N1CCCc2nc3ccc(cn3c12)-c1ccc(CO)nc1	Tumor necrosis factor	1000	US Patent	"2AZ5,3ALQ,3IT8,3L9J,4G3Y,4TWT,5M2I,5M2J,5M2M,5MU8,5WUX,5YOY,6OOY,6OOZ,6X81,6X82,6X83,6X85,6X86,7JRA"
COc1ccc(cn1)-c1ccc2nc3CCCN(c3n2c1)c1ccccc1OC(F)F	Tumor necrosis factor	1000	US Patent	"2AZ5,3ALQ,3IT8,3L9J,4G3Y,4TWT,5M2I,5M2J,5M2M,5MU8,5WUX,5YOY,6OOY,6OOZ,6X81,6X82,6X83,6X85,6X86,7JRA"
COc1ccc(cn1)-c1ccc2nc3CCCN(c3n2c1)c1cc(C)ccc1OC	Tumor necrosis factor	1000	US Patent	"2AZ5,3ALQ,3IT8,3L9J,4G3Y,4TWT,5M2I,5M2J,5M2M,5MU8,5WUX,5YOY,6OOY,6OOZ,6X81,6X82,6X83,6X85,6X86,7JRA"
COc1ccc(cn1)-c1ccc2nc3CCCN(c3n2c1)c1ccccc1C	Tumor necrosis factor	1000	US Patent	"2AZ5,3ALQ,3IT8,3L9J,4G3Y,4TWT,5M2I,5M2J,5M2M,5MU8,5WUX,5YOY,6OOY,6OOZ,6X81,6X82,6X83,6X85,6X86,7JRA"
COc1ccc(cn1)-c1ccc2nc3CCCN(c3n2c1)c1ccccc1OC(F)(F)F	Tumor necrosis factor	1000	US Patent	"2AZ5,3ALQ,3IT8,3L9J,4G3Y,4TWT,5M2I,5M2J,5M2M,5MU8,5WUX,5YOY,6OOY,6OOZ,6X81,6X82,6X83,6X85,6X86,7JRA"
CC1CCN(c2c1nc1ccc(cn21)-c1cnn(C)c1)c1cc(C)ccc1C	Tumor necrosis factor	1000	US Patent	"2AZ5,3ALQ,3IT8,3L9J,4G3Y,4TWT,5M2I,5M2J,5M2M,5MU8,5WUX,5YOY,6OOY,6OOZ,6X81,6X82,6X83,6X85,6X86,7JRA"
Cn1cc(cn1)-c1ccc2nc3CCCN(c3n2c1)c1ccccc1OC(F)F	Tumor necrosis factor	1000	US Patent	"2AZ5,3ALQ,3IT8,3L9J,4G3Y,4TWT,5M2I,5M2J,5M2M,5MU8,5WUX,5YOY,6OOY,6OOZ,6X81,6X82,6X83,6X85,6X86,7JRA"
Cc1ccc(C)c(c1)N1CCCc2nc3ccc(cn3c12)-c1cnc(nc1)N1CCOCC1	Tumor necrosis factor	1000	US Patent	"2AZ5,3ALQ,3IT8,3L9J,4G3Y,4TWT,5M2I,5M2J,5M2M,5MU8,5WUX,5YOY,6OOY,6OOZ,6X81,6X82,6X83,6X85,6X86,7JRA"
FC(F)Oc1ccccc1N1CCCc2nc3ccc(cn3c12)-c1cnc(nc1)N1CCOCC1	Tumor necrosis factor	1000	US Patent	"2AZ5,3ALQ,3IT8,3L9J,4G3Y,4TWT,5M2I,5M2J,5M2M,5MU8,5WUX,5YOY,6OOY,6OOZ,6X81,6X82,6X83,6X85,6X86,7JRA"
Cc1nnc(o1)-c1ccc(cc1)-c1ccc2nc3CCCN(c3n2c1)c1cc(C)ccc1C	Tumor necrosis factor	1000	US Patent	"2AZ5,3ALQ,3IT8,3L9J,4G3Y,4TWT,5M2I,5M2J,5M2M,5MU8,5WUX,5YOY,6OOY,6OOZ,6X81,6X82,6X83,6X85,6X86,7JRA"
Cc1nnc(o1)-c1ccc(cc1)-c1ccc2nc3CCCN(c3n2c1)c1ccccc1OC(F)F	Tumor necrosis factor	1000	US Patent	"2AZ5,3ALQ,3IT8,3L9J,4G3Y,4TWT,5M2I,5M2J,5M2M,5MU8,5WUX,5YOY,6OOY,6OOZ,6X81,6X82,6X83,6X85,6X86,7JRA"
Cc1ccc(C)c(c1)N1CCCc2nc3ccc(cn3c12)-c1cnc(nc1)C(C)(C)O	Tumor necrosis factor	1000	US Patent	"2AZ5,3ALQ,3IT8,3L9J,4G3Y,4TWT,5M2I,5M2J,5M2M,5MU8,5WUX,5YOY,6OOY,6OOZ,6X81,6X82,6X83,6X85,6X86,7JRA"
Cc1ccc(OC(F)F)c(c1)N1CCCc2nc3ccc(cn3c12)-c1cnc(nc1)N1CCOCC1	Tumor necrosis factor	1000	US Patent	"2AZ5,3ALQ,3IT8,3L9J,4G3Y,4TWT,5M2I,5M2J,5M2M,5MU8,5WUX,5YOY,6OOY,6OOZ,6X81,6X82,6X83,6X85,6X86,7JRA"
COc1ccc(cn1)-c1ccc2nc3CCCN(c3n2c1)c1cc(C)ccc1OC(F)F	Tumor necrosis factor	1000	US Patent	"2AZ5,3ALQ,3IT8,3L9J,4G3Y,4TWT,5M2I,5M2J,5M2M,5MU8,5WUX,5YOY,6OOY,6OOZ,6X81,6X82,6X83,6X85,6X86,7JRA"
CC(C)(O)c1ncc(cn1)-c1cn2c3N(CCCc3nc2cc1Cl)c1ccccc1	Tumor necrosis factor	1000	US Patent	"2AZ5,3ALQ,3IT8,3L9J,4G3Y,4TWT,5M2I,5M2J,5M2M,5MU8,5WUX,5YOY,6OOY,6OOZ,6X81,6X82,6X83,6X85,6X86,7JRA"
COc1ccc(cn1)-c1ccc2nc3CCCN(c3n2c1)c1cc(F)ccc1C	Tumor necrosis factor	1000	US Patent	"2AZ5,3ALQ,3IT8,3L9J,4G3Y,4TWT,5M2I,5M2J,5M2M,5MU8,5WUX,5YOY,6OOY,6OOZ,6X81,6X82,6X83,6X85,6X86,7JRA"
COc1ccc(cn1)-c1ccc2nc3CCCN(c3n2c1)c1ccc(F)cc1C	Tumor necrosis factor	1000	US Patent	"2AZ5,3ALQ,3IT8,3L9J,4G3Y,4TWT,5M2I,5M2J,5M2M,5MU8,5WUX,5YOY,6OOY,6OOZ,6X81,6X82,6X83,6X85,6X86,7JRA"
COc1ccc(cn1)-c1ccc2nc3CCCN(c3n2c1)c1cc(C)ccc1OC	Tumor necrosis factor	1000	US Patent	"2AZ5,3ALQ,3IT8,3L9J,4G3Y,4TWT,5M2I,5M2J,5M2M,5MU8,5WUX,5YOY,6OOY,6OOZ,6X81,6X82,6X83,6X85,6X86,7JRA"
CCc1ccccc1N1CCCc2nc3ccc(cn3c12)-c1ccc(OC)nc1	Tumor necrosis factor	1000	US Patent	"2AZ5,3ALQ,3IT8,3L9J,4G3Y,4TWT,5M2I,5M2J,5M2M,5MU8,5WUX,5YOY,6OOY,6OOZ,6X81,6X82,6X83,6X85,6X86,7JRA"
COc1ccc(cn1)-c1ccc2nc3CCCN(c3n2c1)c1ccccc1OC(F)(F)F	Tumor necrosis factor	1000	US Patent	"2AZ5,3ALQ,3IT8,3L9J,4G3Y,4TWT,5M2I,5M2J,5M2M,5MU8,5WUX,5YOY,6OOY,6OOZ,6X81,6X82,6X83,6X85,6X86,7JRA"
COc1ccc(cn1)-c1ccc2nc3CCCN(c3n2c1)c1ccccc1Cl	Tumor necrosis factor	1000	US Patent	"2AZ5,3ALQ,3IT8,3L9J,4G3Y,4TWT,5M2I,5M2J,5M2M,5MU8,5WUX,5YOY,6OOY,6OOZ,6X81,6X82,6X83,6X85,6X86,7JRA"
COc1ccc(cn1)-c1ccc2nc3CCCN(c3n2c1)c1cc(Cl)ccc1C	Tumor necrosis factor	1000	US Patent	"2AZ5,3ALQ,3IT8,3L9J,4G3Y,4TWT,5M2I,5M2J,5M2M,5MU8,5WUX,5YOY,6OOY,6OOZ,6X81,6X82,6X83,6X85,6X86,7JRA"
Cc1ccc(C)c(c1)N1CCCc2nc3ccc(cn3c12)-c1cnc(nc1)N1CCOCC1	Tumor necrosis factor	1000	US Patent	"2AZ5,3ALQ,3IT8,3L9J,4G3Y,4TWT,5M2I,5M2J,5M2M,5MU8,5WUX,5YOY,6OOY,6OOZ,6X81,6X82,6X83,6X85,6X86,7JRA"
CC(C)(O)c1ncc(cn1)-c1ccc2nc3CCCN(c3n2c1)c1ccccc1OC(F)(F)F	Tumor necrosis factor	1000	US Patent	"2AZ5,3ALQ,3IT8,3L9J,4G3Y,4TWT,5M2I,5M2J,5M2M,5MU8,5WUX,5YOY,6OOY,6OOZ,6X81,6X82,6X83,6X85,6X86,7JRA"
CC(C)(O)c1ccc(cc1)-c1ccc2nc3CCCN(c3n2c1)c1ccccc1OC(F)F	Tumor necrosis factor	1000	US Patent	"2AZ5,3ALQ,3IT8,3L9J,4G3Y,4TWT,5M2I,5M2J,5M2M,5MU8,5WUX,5YOY,6OOY,6OOZ,6X81,6X82,6X83,6X85,6X86,7JRA"
CC1CCN(c2c1nc1ccc(cn21)-c1ccc(CO)nc1)c1cc(C)ccc1C	Tumor necrosis factor	1000	US Patent	"2AZ5,3ALQ,3IT8,3L9J,4G3Y,4TWT,5M2I,5M2J,5M2M,5MU8,5WUX,5YOY,6OOY,6OOZ,6X81,6X82,6X83,6X85,6X86,7JRA"
CC1CCN(c2c1nc1ccc(cn21)-c1ccc(CO)nc1)c1ccccc1OC(F)(F)F	Tumor necrosis factor	1000	US Patent	"2AZ5,3ALQ,3IT8,3L9J,4G3Y,4TWT,5M2I,5M2J,5M2M,5MU8,5WUX,5YOY,6OOY,6OOZ,6X81,6X82,6X83,6X85,6X86,7JRA"
CC1CCN(c2c1nc1ccc(cn21)-c1cnn(C)c1)c1cc(C)ccc1C	Tumor necrosis factor	1000	US Patent	"2AZ5,3ALQ,3IT8,3L9J,4G3Y,4TWT,5M2I,5M2J,5M2M,5MU8,5WUX,5YOY,6OOY,6OOZ,6X81,6X82,6X83,6X85,6X86,7JRA"
CC1CCN(c2c1nc1ccc(cn21)-c1cnn(C)c1)c1ccccc1OC(F)F	Tumor necrosis factor	1000	US Patent	"2AZ5,3ALQ,3IT8,3L9J,4G3Y,4TWT,5M2I,5M2J,5M2M,5MU8,5WUX,5YOY,6OOY,6OOZ,6X81,6X82,6X83,6X85,6X86,7JRA"
CC(C)(O)c1ccc(cc1)-c1ccc2nc3C(O)CC(c4ccccc4C(F)(F)F)n3c2n1	Tumor necrosis factor	1000	US Patent	"2AZ5,3ALQ,3IT8,3L9J,4G3Y,4TWT,5M2I,5M2J,5M2M,5MU8,5WUX,5YOY,6OOY,6OOZ,6X81,6X82,6X83,6X85,6X86,7JRA"
CC(C)(O)c1ccc(cc1)-c1ccc2nc3C(O)CC(c4ccccc4OC(F)F)n3c2n1	Tumor necrosis factor	1000	US Patent	"2AZ5,3ALQ,3IT8,3L9J,4G3Y,4TWT,5M2I,5M2J,5M2M,5MU8,5WUX,5YOY,6OOY,6OOZ,6X81,6X82,6X83,6X85,6X86,7JRA"
CC(C)(O)c1ccc(cc1)-c1ccc2nc3C(O)CC(c4c(F)cccc4C(F)(F)F)n3c2n1	Tumor necrosis factor	1000	US Patent	"2AZ5,3ALQ,3IT8,3L9J,4G3Y,4TWT,5M2I,5M2J,5M2M,5MU8,5WUX,5YOY,6OOY,6OOZ,6X81,6X82,6X83,6X85,6X86,7JRA"
Cc1ccc(C)c(c1)C1CC(O)c2nc3ccc(nc3n12)-c1ccc(cc1)C(C)(C)O	Tumor necrosis factor	1000	US Patent	"2AZ5,3ALQ,3IT8,3L9J,4G3Y,4TWT,5M2I,5M2J,5M2M,5MU8,5WUX,5YOY,6OOY,6OOZ,6X81,6X82,6X83,6X85,6X86,7JRA"
Cc1ccc(C)c(c1)C1CC(O)c2nc3ccc(nc3n12)-c1cnc(nc1)C(C)(C)O	Tumor necrosis factor	1000	US Patent	"2AZ5,3ALQ,3IT8,3L9J,4G3Y,4TWT,5M2I,5M2J,5M2M,5MU8,5WUX,5YOY,6OOY,6OOZ,6X81,6X82,6X83,6X85,6X86,7JRA"
Cc1ccc(C)c(c1)C1CC(O)c2nc3ccc(nc3n12)-c1cnc(nc1)N1CCOCC1	Tumor necrosis factor	1000	US Patent	"2AZ5,3ALQ,3IT8,3L9J,4G3Y,4TWT,5M2I,5M2J,5M2M,5MU8,5WUX,5YOY,6OOY,6OOZ,6X81,6X82,6X83,6X85,6X86,7JRA"
CC(C)(O)c1ccc(cc1)-c1ccc2nc3C(O)CC(c4ccccc4C4CC4)n3c2n1	Tumor necrosis factor	1000	US Patent	"2AZ5,3ALQ,3IT8,3L9J,4G3Y,4TWT,5M2I,5M2J,5M2M,5MU8,5WUX,5YOY,6OOY,6OOZ,6X81,6X82,6X83,6X85,6X86,7JRA"
OC1CC(c2ccccc2OC(F)F)n2c1nc1ccc(nc21)-c1cnc(nc1)N1CCOCC1	Tumor necrosis factor	1000	US Patent	"2AZ5,3ALQ,3IT8,3L9J,4G3Y,4TWT,5M2I,5M2J,5M2M,5MU8,5WUX,5YOY,6OOY,6OOZ,6X81,6X82,6X83,6X85,6X86,7JRA"
CC(C)(O)c1ncc(cn1)-c1ccc2nc3C(O)CC(c4ccccc4OC(F)F)n3c2n1	Tumor necrosis factor	1000	US Patent	"2AZ5,3ALQ,3IT8,3L9J,4G3Y,4TWT,5M2I,5M2J,5M2M,5MU8,5WUX,5YOY,6OOY,6OOZ,6X81,6X82,6X83,6X85,6X86,7JRA"
CC(C)(O)c1ccc(cc1)-c1ccc2nc3C(O)CC(c4cc(F)ccc4C(F)(F)F)n3c2n1	Tumor necrosis factor	1000	US Patent	"2AZ5,3ALQ,3IT8,3L9J,4G3Y,4TWT,5M2I,5M2J,5M2M,5MU8,5WUX,5YOY,6OOY,6OOZ,6X81,6X82,6X83,6X85,6X86,7JRA"
CC(C)(O)c1ccc(cc1)-c1ccc2nc3C(F)CC(c4ccccc4OC(F)F)n3c2n1	Tumor necrosis factor	1000	US Patent	"2AZ5,3ALQ,3IT8,3L9J,4G3Y,4TWT,5M2I,5M2J,5M2M,5MU8,5WUX,5YOY,6OOY,6OOZ,6X81,6X82,6X83,6X85,6X86,7JRA"
CC(C)(O)c1ncc(cn1)-c1ccc2nc3C(F)CC(c4ccccc4OC(F)F)n3c2n1	Tumor necrosis factor	1000	US Patent	"2AZ5,3ALQ,3IT8,3L9J,4G3Y,4TWT,5M2I,5M2J,5M2M,5MU8,5WUX,5YOY,6OOY,6OOZ,6X81,6X82,6X83,6X85,6X86,7JRA"
FC(F)Oc1ccccc1C1CC(F)c2nc3ccc(nc3n12)-c1cnc(nc1)N1CCOCC1	Tumor necrosis factor	1000	US Patent	"2AZ5,3ALQ,3IT8,3L9J,4G3Y,4TWT,5M2I,5M2J,5M2M,5MU8,5WUX,5YOY,6OOY,6OOZ,6X81,6X82,6X83,6X85,6X86,7JRA"
Cc1ccc(C)c(c1)C1CC(F)c2nc3ccc(nc3n12)-c1cnc(nc1)C(C)(C)O	Tumor necrosis factor	1000	US Patent	"2AZ5,3ALQ,3IT8,3L9J,4G3Y,4TWT,5M2I,5M2J,5M2M,5MU8,5WUX,5YOY,6OOY,6OOZ,6X81,6X82,6X83,6X85,6X86,7JRA"
CC(C)(O)c1ccc(cc1)-c1ccc2nc3C(F)CC(c4ccccc4C4CC4)n3c2n1	Tumor necrosis factor	1000	US Patent	"2AZ5,3ALQ,3IT8,3L9J,4G3Y,4TWT,5M2I,5M2J,5M2M,5MU8,5WUX,5YOY,6OOY,6OOZ,6X81,6X82,6X83,6X85,6X86,7JRA"
CC(C)(O)c1ccc(cc1)-c1ccc2nc3C(F)CC(c4ccccc4OC(F)(F)F)n3c2n1	Tumor necrosis factor	1000	US Patent	"2AZ5,3ALQ,3IT8,3L9J,4G3Y,4TWT,5M2I,5M2J,5M2M,5MU8,5WUX,5YOY,6OOY,6OOZ,6X81,6X82,6X83,6X85,6X86,7JRA"
CC(C)(O)c1ccc(cc1)-c1ccc2nc3C(F)CC(c4c(F)cccc4C(F)(F)F)n3c2n1	Tumor necrosis factor	1000	US Patent	"2AZ5,3ALQ,3IT8,3L9J,4G3Y,4TWT,5M2I,5M2J,5M2M,5MU8,5WUX,5YOY,6OOY,6OOZ,6X81,6X82,6X83,6X85,6X86,7JRA"
CC(C)(O)c1ccc(cc1)-c1ccc2nc3C(F)CC(c4cc(F)ccc4C(F)(F)F)n3c2n1	Tumor necrosis factor	1000	US Patent	"2AZ5,3ALQ,3IT8,3L9J,4G3Y,4TWT,5M2I,5M2J,5M2M,5MU8,5WUX,5YOY,6OOY,6OOZ,6X81,6X82,6X83,6X85,6X86,7JRA"
CC(C)(O)c1ccc(cc1)-c1ccc2nc3CCC(c4ccccc4C(F)(F)F)n3c2n1	Tumor necrosis factor	1000	US Patent	"2AZ5,3ALQ,3IT8,3L9J,4G3Y,4TWT,5M2I,5M2J,5M2M,5MU8,5WUX,5YOY,6OOY,6OOZ,6X81,6X82,6X83,6X85,6X86,7JRA"
CC(C)(O)c1ccc(cc1)-c1ccc2nc3CCC(c4ccccc4OC(F)F)n3c2n1	Tumor necrosis factor	1000	US Patent	"2AZ5,3ALQ,3IT8,3L9J,4G3Y,4TWT,5M2I,5M2J,5M2M,5MU8,5WUX,5YOY,6OOY,6OOZ,6X81,6X82,6X83,6X85,6X86,7JRA"
CC(C)(O)c1ncc(cn1)-c1ccc2nc3CCC(c4ccccc4OC(F)F)n3c2n1	Tumor necrosis factor	1000	US Patent	"2AZ5,3ALQ,3IT8,3L9J,4G3Y,4TWT,5M2I,5M2J,5M2M,5MU8,5WUX,5YOY,6OOY,6OOZ,6X81,6X82,6X83,6X85,6X86,7JRA"
FC(F)Oc1ccccc1C1CCc2nc3ccc(nc3n12)-c1cnc(nc1)N1CCOCC1	Tumor necrosis factor	1000	US Patent	"2AZ5,3ALQ,3IT8,3L9J,4G3Y,4TWT,5M2I,5M2J,5M2M,5MU8,5WUX,5YOY,6OOY,6OOZ,6X81,6X82,6X83,6X85,6X86,7JRA"
COc1ccccc1C1CCc2nc3ccc(nc3n12)-c1ccc(cc1)C(C)(C)O	Tumor necrosis factor	1000	US Patent	"2AZ5,3ALQ,3IT8,3L9J,4G3Y,4TWT,5M2I,5M2J,5M2M,5MU8,5WUX,5YOY,6OOY,6OOZ,6X81,6X82,6X83,6X85,6X86,7JRA"
CC(C)(O)c1ccc(cc1)-c1ccc2nc3CCC(c4c(F)cccc4C(F)(F)F)n3c2n1	Tumor necrosis factor	1000	US Patent	"2AZ5,3ALQ,3IT8,3L9J,4G3Y,4TWT,5M2I,5M2J,5M2M,5MU8,5WUX,5YOY,6OOY,6OOZ,6X81,6X82,6X83,6X85,6X86,7JRA"
CC(C)(O)c1ccc(cc1)-c1ccc2nc3CCC(c4ccccc4C4CC4)n3c2n1	Tumor necrosis factor	1000	US Patent	"2AZ5,3ALQ,3IT8,3L9J,4G3Y,4TWT,5M2I,5M2J,5M2M,5MU8,5WUX,5YOY,6OOY,6OOZ,6X81,6X82,6X83,6X85,6X86,7JRA"
CC(C)(O)c1ccc(cc1)-c1ccc2nc3CCC(c4cc(F)ccc4C(F)(F)F)n3c2n1	Tumor necrosis factor	1000	US Patent	"2AZ5,3ALQ,3IT8,3L9J,4G3Y,4TWT,5M2I,5M2J,5M2M,5MU8,5WUX,5YOY,6OOY,6OOZ,6X81,6X82,6X83,6X85,6X86,7JRA"
Cc1ccc(c(c1)C1CCc2nc3ccc(nc3n12)-c1cnc(nc1)C(C)(C)O)C(F)(F)F	Tumor necrosis factor	1000	US Patent	"2AZ5,3ALQ,3IT8,3L9J,4G3Y,4TWT,5M2I,5M2J,5M2M,5MU8,5WUX,5YOY,6OOY,6OOZ,6X81,6X82,6X83,6X85,6X86,7JRA"
Cc1ccc(C)c(c1)C1CCc2nc3ccc(nc3n12)-c1ccc(cc1)C(C)(C)O	Tumor necrosis factor	1000	US Patent	"2AZ5,3ALQ,3IT8,3L9J,4G3Y,4TWT,5M2I,5M2J,5M2M,5MU8,5WUX,5YOY,6OOY,6OOZ,6X81,6X82,6X83,6X85,6X86,7JRA"
COc1ccc(cn1)-c1ccc2nc3CCNC(c3n2n1)c1ccccc1OC(F)F	Tumor necrosis factor	1000	US Patent	"2AZ5,3ALQ,3IT8,3L9J,4G3Y,4TWT,5M2I,5M2J,5M2M,5MU8,5WUX,5YOY,6OOY,6OOZ,6X81,6X82,6X83,6X85,6X86,7JRA"
CC(C)(O)c1ccc(cc1)-c1ccc2nc3CCNC(c3n2n1)c1ccccc1OC(F)F	Tumor necrosis factor	1000	US Patent	"2AZ5,3ALQ,3IT8,3L9J,4G3Y,4TWT,5M2I,5M2J,5M2M,5MU8,5WUX,5YOY,6OOY,6OOZ,6X81,6X82,6X83,6X85,6X86,7JRA"
CC(C)(O)c1ccc(cc1)-c1ccc2nc3[C@@H](O)CN[C@H](c3n2n1)c1ccccc1OC(F)F	Tumor necrosis factor	1000	US Patent	"2AZ5,3ALQ,3IT8,3L9J,4G3Y,4TWT,5M2I,5M2J,5M2M,5MU8,5WUX,5YOY,6OOY,6OOZ,6X81,6X82,6X83,6X85,6X86,7JRA"
CC(C)(O)c1ccc(cc1)-c1ccc2nc3[C@H](O)CN[C@@H](c3n2n1)c1ccccc1OC(F)F	Tumor necrosis factor	1000	US Patent	"2AZ5,3ALQ,3IT8,3L9J,4G3Y,4TWT,5M2I,5M2J,5M2M,5MU8,5WUX,5YOY,6OOY,6OOZ,6X81,6X82,6X83,6X85,6X86,7JRA"
CC(C)(O)c1ccc(cc1)-c1ccc2nc3[C@@H](F)CN[C@H](c3n2n1)c1ccccc1OC(F)F	Tumor necrosis factor	1000	US Patent	"2AZ5,3ALQ,3IT8,3L9J,4G3Y,4TWT,5M2I,5M2J,5M2M,5MU8,5WUX,5YOY,6OOY,6OOZ,6X81,6X82,6X83,6X85,6X86,7JRA"
CC(C)(O)c1ccc(cc1)-c1ccc2nc3[C@@H](F)CN[C@H](c3n2n1)c1ccccc1OC(F)F	Tumor necrosis factor	1000	US Patent	"2AZ5,3ALQ,3IT8,3L9J,4G3Y,4TWT,5M2I,5M2J,5M2M,5MU8,5WUX,5YOY,6OOY,6OOZ,6X81,6X82,6X83,6X85,6X86,7JRA"
CC(C)(O)c1ccc(cc1)-c1ccc2nc3[C@H](F)CN[C@@H](c3n2n1)c1ccccc1OC(F)F	Tumor necrosis factor	1000	US Patent	"2AZ5,3ALQ,3IT8,3L9J,4G3Y,4TWT,5M2I,5M2J,5M2M,5MU8,5WUX,5YOY,6OOY,6OOZ,6X81,6X82,6X83,6X85,6X86,7JRA"
CCOc1ccccc1[C@H]1NC[C@@H](O)c2nc3ccc(nn3c12)-c1cnc(nc1)C(C)(C)O	Tumor necrosis factor	1000	US Patent	"2AZ5,3ALQ,3IT8,3L9J,4G3Y,4TWT,5M2I,5M2J,5M2M,5MU8,5WUX,5YOY,6OOY,6OOZ,6X81,6X82,6X83,6X85,6X86,7JRA"
CC(C)(O)c1ccc(cc1)-c1ccc2nc3C(O)CNC(c3n2n1)c1ccccc1OC(F)(F)F	Tumor necrosis factor	1000	US Patent	"2AZ5,3ALQ,3IT8,3L9J,4G3Y,4TWT,5M2I,5M2J,5M2M,5MU8,5WUX,5YOY,6OOY,6OOZ,6X81,6X82,6X83,6X85,6X86,7JRA"
CCCOc1ccc(cc1)-c1ccc2nc3[C@@H](O)CN[C@@H](c3n2n1)c1ccccc1OC(F)F	Tumor necrosis factor	1000	US Patent	"2AZ5,3ALQ,3IT8,3L9J,4G3Y,4TWT,5M2I,5M2J,5M2M,5MU8,5WUX,5YOY,6OOY,6OOZ,6X81,6X82,6X83,6X85,6X86,7JRA"
CC(C)(O)c1ccc(cc1)-c1ccc2nc3[C@@H](O)CN[C@@H](c3n2n1)c1ccc(F)cc1C(F)(F)F	Tumor necrosis factor	1000	US Patent	"2AZ5,3ALQ,3IT8,3L9J,4G3Y,4TWT,5M2I,5M2J,5M2M,5MU8,5WUX,5YOY,6OOY,6OOZ,6X81,6X82,6X83,6X85,6X86,7JRA"
CC(C)(C)COc1ccc(cc1)-c1ccc2nc3[C@@H](O)CN[C@@H](c3n2n1)c1ccccc1OC(F)F	Tumor necrosis factor	1000	US Patent	"2AZ5,3ALQ,3IT8,3L9J,4G3Y,4TWT,5M2I,5M2J,5M2M,5MU8,5WUX,5YOY,6OOY,6OOZ,6X81,6X82,6X83,6X85,6X86,7JRA"
CC(C)(O)c1ccc(cc1)-c1ccc2nc3[C@H](O)CN[C@H](c3n2n1)c1ccc(F)cc1C(F)(F)F	Tumor necrosis factor	1000	US Patent	"2AZ5,3ALQ,3IT8,3L9J,4G3Y,4TWT,5M2I,5M2J,5M2M,5MU8,5WUX,5YOY,6OOY,6OOZ,6X81,6X82,6X83,6X85,6X86,7JRA"
CC(C)(O)c1ccc(cc1)-c1ccc2nc3[C@@H](O)CO[C@H](c3n2n1)c1ccccc1OC(F)F	Tumor necrosis factor	1000	US Patent	"2AZ5,3ALQ,3IT8,3L9J,4G3Y,4TWT,5M2I,5M2J,5M2M,5MU8,5WUX,5YOY,6OOY,6OOZ,6X81,6X82,6X83,6X85,6X86,7JRA"
CC(C)(O)c1ccc(cc1)-c1ccc2nc3CCOC(c3n2n1)c1ccccc1OC(F)F	Tumor necrosis factor	1000	US Patent	"2AZ5,3ALQ,3IT8,3L9J,4G3Y,4TWT,5M2I,5M2J,5M2M,5MU8,5WUX,5YOY,6OOY,6OOZ,6X81,6X82,6X83,6X85,6X86,7JRA"
CC(C)(O)c1ncc(cn1)-c1ccc2nc3CCOC(c3n2n1)c1ccccc1OC(F)F	Tumor necrosis factor	1000	US Patent	"2AZ5,3ALQ,3IT8,3L9J,4G3Y,4TWT,5M2I,5M2J,5M2M,5MU8,5WUX,5YOY,6OOY,6OOZ,6X81,6X82,6X83,6X85,6X86,7JRA"
CC(C)(O)c1ncc(cn1)-c1cc2n3C(C4CC4c3nc2cc1F)c1ccccc1OC(F)F	Tumor necrosis factor	1000	US Patent	"2AZ5,3ALQ,3IT8,3L9J,4G3Y,4TWT,5M2I,5M2J,5M2M,5MU8,5WUX,5YOY,6OOY,6OOZ,6X81,6X82,6X83,6X85,6X86,7JRA"
CC(C)(O)c1ncc(cn1)-c1cc2n3[C@H]([C@H]4C[C@H]4c3nc2cc1F)c1ccccc1OC(F)F	Tumor necrosis factor	1000	US Patent	"2AZ5,3ALQ,3IT8,3L9J,4G3Y,4TWT,5M2I,5M2J,5M2M,5MU8,5WUX,5YOY,6OOY,6OOZ,6X81,6X82,6X83,6X85,6X86,7JRA"
CC(C)(O)c1ncc(cn1)-c1cc2n3[C@@H]([C@@H]4C[C@@H]4c3nc2cc1F)c1ccccc1OC(F)F	Tumor necrosis factor	1000	US Patent	"2AZ5,3ALQ,3IT8,3L9J,4G3Y,4TWT,5M2I,5M2J,5M2M,5MU8,5WUX,5YOY,6OOY,6OOZ,6X81,6X82,6X83,6X85,6X86,7JRA"
CN1CCN(CC1)c1ncc(cn1)-c1cc2n3[C@H]([C@H]4C[C@H]4c3nc2cc1F)c1ccccc1OC(F)F	Tumor necrosis factor	1000	US Patent	"2AZ5,3ALQ,3IT8,3L9J,4G3Y,4TWT,5M2I,5M2J,5M2M,5MU8,5WUX,5YOY,6OOY,6OOZ,6X81,6X82,6X83,6X85,6X86,7JRA"
NS(=O)(=O)c1ccc(cc1)-c1cc2n3[C@H]([C@H]4C[C@H]4c3nc2cc1F)c1ccccc1OC(F)F	Tumor necrosis factor	1000	US Patent	"2AZ5,3ALQ,3IT8,3L9J,4G3Y,4TWT,5M2I,5M2J,5M2M,5MU8,5WUX,5YOY,6OOY,6OOZ,6X81,6X82,6X83,6X85,6X86,7JRA"
FC(F)Oc1ccccc1[C@H]1[C@H]2C[C@H]2c2nc3cc(F)c(cc3n12)-c1cnc(nc1)N1CCOCC1	Tumor necrosis factor	1000	US Patent	"2AZ5,3ALQ,3IT8,3L9J,4G3Y,4TWT,5M2I,5M2J,5M2M,5MU8,5WUX,5YOY,6OOY,6OOZ,6X81,6X82,6X83,6X85,6X86,7JRA"
NC(=O)c1ccc(cn1)-c1cc2n3[C@H]([C@H]4C[C@H]4c3nc2cc1F)c1ccccc1OC(F)F	Tumor necrosis factor	1000	US Patent	"2AZ5,3ALQ,3IT8,3L9J,4G3Y,4TWT,5M2I,5M2J,5M2M,5MU8,5WUX,5YOY,6OOY,6OOZ,6X81,6X82,6X83,6X85,6X86,7JRA"
FC(F)Oc1ccccc1[C@H]1[C@H]2C[C@H]2c2nc3cc(F)c(cc3n12)-c1cnc(nc1)N1CCNC(=O)C1	Tumor necrosis factor	1000	US Patent	"2AZ5,3ALQ,3IT8,3L9J,4G3Y,4TWT,5M2I,5M2J,5M2M,5MU8,5WUX,5YOY,6OOY,6OOZ,6X81,6X82,6X83,6X85,6X86,7JRA"
CC(C)(O)c1ccc(cc1)-c1cc2n3[C@H]([C@H]4C[C@H]4c3nc2cc1F)c1ccccc1OC(F)F	Tumor necrosis factor	1000	US Patent	"2AZ5,3ALQ,3IT8,3L9J,4G3Y,4TWT,5M2I,5M2J,5M2M,5MU8,5WUX,5YOY,6OOY,6OOZ,6X81,6X82,6X83,6X85,6X86,7JRA"
CC(C)(O)c1ccc(cn1)-c1cc2n3[C@H]([C@H]4C[C@H]4c3nc2cc1F)c1ccccc1OC(F)F	Tumor necrosis factor	1000	US Patent	"2AZ5,3ALQ,3IT8,3L9J,4G3Y,4TWT,5M2I,5M2J,5M2M,5MU8,5WUX,5YOY,6OOY,6OOZ,6X81,6X82,6X83,6X85,6X86,7JRA"
OC1(COC1)c1ncc(cn1)-c1cc2n3[C@H]([C@H]4C[C@H]4c3nc2cc1F)c1ccccc1OC(F)F	Tumor necrosis factor	1000	US Patent	"2AZ5,3ALQ,3IT8,3L9J,4G3Y,4TWT,5M2I,5M2J,5M2M,5MU8,5WUX,5YOY,6OOY,6OOZ,6X81,6X82,6X83,6X85,6X86,7JRA"
FC(F)Oc1ccccc1[C@H]1[C@H]2C[C@H]2c2nc3cc(F)c(cc3n12)-c1cnc(nc1)N1CCS(=O)(=O)CC1	Tumor necrosis factor	1000	US Patent	"2AZ5,3ALQ,3IT8,3L9J,4G3Y,4TWT,5M2I,5M2J,5M2M,5MU8,5WUX,5YOY,6OOY,6OOZ,6X81,6X82,6X83,6X85,6X86,7JRA"
CN1CCN(CC1)c1ncc(cn1)-c1cc2n3[C@@H]([C@@H]4C[C@@H]4c3nc2cc1F)c1ccccc1OC(F)F	Tumor necrosis factor	1000	US Patent	"2AZ5,3ALQ,3IT8,3L9J,4G3Y,4TWT,5M2I,5M2J,5M2M,5MU8,5WUX,5YOY,6OOY,6OOZ,6X81,6X82,6X83,6X85,6X86,7JRA"
CC(C)(O)c1ncc(cn1)-c1cc2n3[C@H]([C@@H]4C[C@@H]4c3nc2cc1F)c1ccccc1OC(F)F	Tumor necrosis factor	1000	US Patent	"2AZ5,3ALQ,3IT8,3L9J,4G3Y,4TWT,5M2I,5M2J,5M2M,5MU8,5WUX,5YOY,6OOY,6OOZ,6X81,6X82,6X83,6X85,6X86,7JRA"
CC(C)(O)c1ncc(cn1)-c1cc2n3[C@H]([C@@H]4C[C@@H]4c3nc2cc1F)c1ccccc1OC(F)F	Tumor necrosis factor	1000	US Patent	"2AZ5,3ALQ,3IT8,3L9J,4G3Y,4TWT,5M2I,5M2J,5M2M,5MU8,5WUX,5YOY,6OOY,6OOZ,6X81,6X82,6X83,6X85,6X86,7JRA"
NC(=O)c1ccc(cn1)-c1cc2n3[C@H]([C@@H]4C[C@@H]4c3nc2cc1F)c1ccccc1OC(F)F	Tumor necrosis factor	1000	US Patent	"2AZ5,3ALQ,3IT8,3L9J,4G3Y,4TWT,5M2I,5M2J,5M2M,5MU8,5WUX,5YOY,6OOY,6OOZ,6X81,6X82,6X83,6X85,6X86,7JRA"
FC(F)Oc1ccccc1[C@H]1[C@@H]2C[C@@H]2c2nc3cc(F)c(cc3n12)-c1cnc(nc1)N1CCOCC1	Tumor necrosis factor	1000	US Patent	"2AZ5,3ALQ,3IT8,3L9J,4G3Y,4TWT,5M2I,5M2J,5M2M,5MU8,5WUX,5YOY,6OOY,6OOZ,6X81,6X82,6X83,6X85,6X86,7JRA"
OC(=O)CN1CCN(CC1)c1ncc(cn1)-c1cc2n3[C@H]([C@@H]4C[C@@H]4c3nc2cc1F)c1ccccc1OC(F)F	Tumor necrosis factor	1000	US Patent	"2AZ5,3ALQ,3IT8,3L9J,4G3Y,4TWT,5M2I,5M2J,5M2M,5MU8,5WUX,5YOY,6OOY,6OOZ,6X81,6X82,6X83,6X85,6X86,7JRA"
CNC(=O)[C@@H](NC(=O)[C@H](CC(C)C)[C@H](O)C(=O)NO)C(C)(C)C	Tumor necrosis factor	1001	ChEMBL	"2AZ5,3ALQ,3IT8,3L9J,4G3Y,4TWT,5M2I,5M2J,5M2M,5MU8,5WUX,5YOY,6OOY,6OOZ,6X81,6X82,6X83,6X85,6X86,7JRA"
CC(Nc1c(Cl)cnc2ccc(cc12)-c1cnc(nc1)C(C)(C)O)c1cccc(F)c1	Tumor necrosis factor	1037	ChEMBL	"2AZ5,3ALQ,3IT8,3L9J,4G3Y,4TWT,5M2I,5M2J,5M2M,5MU8,5WUX,5YOY,6OOY,6OOZ,6X81,6X82,6X83,6X85,6X86,7JRA"
Cc1c([N+]([O-])=O)c2ccc(O)cc2n1-c1ccc(C)cc1	Tumor necrosis factor	1046	PubChem	"5MU8,9OK6,9OJY,9OJS,9OJO,6X86,6X85,6X83,6X82,6X81,5YOY,7JRA,8Z8M,6OOZ,6OOY,5WUX,5M2M,5M2J,5M2I,4TWT,4G3Y,3IT8,3ALQ,3L9J,2AZ5,7ASY,7QLF"
CCn1c(=O)n(CC(C)C)c2c3cccc(OC)c3ncc2c1=O	Tumor necrosis factor	1100	US Patent	"2AZ5,3ALQ,3IT8,3L9J,4G3Y,4TWT,5M2I,5M2J,5M2M,5MU8,5WUX,5YOY,6OOY,6OOZ,6X81,6X82,6X83,6X85,6X86,7JRA"
Nc1nccc(n1)N(Cc1ccccc1)c1ccccc1-c1cccc(c1)-c1cnc(nc1)N1CCNCC1	Tumor necrosis factor	1100	ChEMBL	"2AZ5,3ALQ,3IT8,3L9J,4G3Y,4TWT,5M2I,5M2J,5M2M,5MU8,5WUX,5YOY,6OOY,6OOZ,6X81,6X82,6X83,6X85,6X86,7JRA"
COC(=O)Cc1[nH]n(-c2nc3ccccc3s2)c(=O)c1C(C)=Nc1ccc(OC)cc1 |w:22.25|	Tumor necrosis factor	1133.5	PubChem	"5MU8,9OK6,9OJY,9OJS,9OJO,6X86,6X85,6X83,6X82,6X81,5YOY,7JRA,8Z8M,6OOZ,6OOY,5WUX,5M2M,5M2J,5M2I,4TWT,4G3Y,3IT8,3ALQ,3L9J,2AZ5,7ASY,7QLF"
CCOP(=O)(OCC)SCCSCC	Tumor necrosis factor	1160	ChEMBL	"2AZ5,3ALQ,3IT8,3L9J,4G3Y,4TWT,5M2I,5M2J,5M2M,5MU8,5WUX,5YOY,6OOY,6OOZ,6X81,6X82,6X83,6X85,6X86,7JRA"
CC(C)c1ccc(C)cc1OCc1ccc(cc1)C(=O)NN=Cc1cccc(O)c1O |w:21.22|	Tumor necrosis factor	1161	PubChem	"5MU8,9OK6,9OJY,9OJS,9OJO,6X86,6X85,6X83,6X82,6X81,5YOY,7JRA,8Z8M,6OOZ,6OOY,5WUX,5M2M,5M2J,5M2I,4TWT,4G3Y,3IT8,3ALQ,3L9J,2AZ5,7ASY,7QLF"
CCCCCn1c(=O)[nH]c2cc(ccc2c1=O)C(=O)N1CCN(Cc2ccc3OCOc3c2)CC1	Tumor necrosis factor	1180	PubChem	"5MU8,9OK6,9OJY,9OJS,9OJO,6X86,6X85,6X83,6X82,6X81,5YOY,7JRA,8Z8M,6OOZ,6OOY,5WUX,5M2M,5M2J,5M2I,4TWT,4G3Y,3IT8,3ALQ,3L9J,2AZ5,7ASY,7QLF"
COc1cc(NC(=O)c2cccs2)c(cc1OC)C(=O)OCC(=O)c1cc(C)n(c1C)-c1ccccc1	Tumor necrosis factor	1194	PubChem	"5MU8,9OK6,9OJY,9OJS,9OJO,6X86,6X85,6X83,6X82,6X81,5YOY,7JRA,8Z8M,6OOZ,6OOY,5WUX,5M2M,5M2J,5M2I,4TWT,4G3Y,3IT8,3ALQ,3L9J,2AZ5,7ASY,7QLF"
CN(CCN(C)Cc1coc2cc(C)c(C)cc2c1=O)Cc1cn(-c2cccc(c2)C(F)(F)F)c2ccccc12	Tumor necrosis factor	1200	ChEMBL	"2AZ5,3ALQ,3IT8,3L9J,4G3Y,4TWT,5M2I,5M2J,5M2M,5MU8,5WUX,5YOY,6OOY,6OOZ,6X81,6X82,6X83,6X85,6X86,7JRA"
Nc1nccc(n1)N(Cc1ccccc1)c1ccccc1-c1cccc(c1)-c1cnc(nc1)N1CCNCC1	Tumor necrosis factor	1200	ChEMBL	"2AZ5,3ALQ,3IT8,3L9J,4G3Y,4TWT,5M2I,5M2J,5M2M,5MU8,5WUX,5YOY,6OOY,6OOZ,6X81,6X82,6X83,6X85,6X86,7JRA"
COc1ccc(cc1)-c1n(Cc2ccccc2)c2ccccc2[n+]1Cc1ccccc1	Tumor necrosis factor	1207	PubChem	"5MU8,9OK6,9OJY,9OJS,9OJO,6X86,6X85,6X83,6X82,6X81,5YOY,7JRA,8Z8M,6OOZ,6OOY,5WUX,5M2M,5M2J,5M2I,4TWT,4G3Y,3IT8,3ALQ,3L9J,2AZ5,7ASY,7QLF"
CCSc1nsc(NC(=O)Nc2cccc(c2)C(C)=O)n1	Tumor necrosis factor	1270.5	PubChem	"5MU8,9OK6,9OJY,9OJS,9OJO,6X86,6X85,6X83,6X82,6X81,5YOY,7JRA,8Z8M,6OOZ,6OOY,5WUX,5M2M,5M2J,5M2I,4TWT,4G3Y,3IT8,3ALQ,3L9J,2AZ5,7ASY,7QLF"
CCc1c(C)nc2ccc(Br)cc2c1SCCC#N	Tumor necrosis factor	1288.5	PubChem	"5MU8,9OK6,9OJY,9OJS,9OJO,6X86,6X85,6X83,6X82,6X81,5YOY,7JRA,8Z8M,6OOZ,6OOY,5WUX,5M2M,5M2J,5M2I,4TWT,4G3Y,3IT8,3ALQ,3L9J,2AZ5,7ASY,7QLF"
COc1cccc2c1ncc1c2n(C2CCCC2)c(=O)n(-c2ccccc2)c1=O	Tumor necrosis factor	1300	US Patent	"2AZ5,3ALQ,3IT8,3L9J,4G3Y,4TWT,5M2I,5M2J,5M2M,5MU8,5WUX,5YOY,6OOY,6OOZ,6X81,6X82,6X83,6X85,6X86,7JRA"
CN(CCN(C)Cc1coc2cc(C)c(C)cc2c1=O)Cc1cn(-c2cccc(c2)C(F)(F)F)c2ccccc12	Tumor necrosis factor	1300	ChEMBL	"2AZ5,3ALQ,3IT8,3L9J,4G3Y,4TWT,5M2I,5M2J,5M2M,5MU8,5WUX,5YOY,6OOY,6OOZ,6X81,6X82,6X83,6X85,6X86,7JRA"
Cn1c2nc(n(Cc3ccccc3)c2c(=O)[nH]c1=O)[N+]([O-])=O	Tumor necrosis factor	1320	PubChem	"5MU8,9OK6,9OJY,9OJS,9OJO,6X86,6X85,6X83,6X82,6X81,5YOY,7JRA,8Z8M,6OOZ,6OOY,5WUX,5M2M,5M2J,5M2I,4TWT,4G3Y,3IT8,3ALQ,3L9J,2AZ5,7ASY,7QLF"
C(Cc1ccc(cc1)-c1cccc2ccncc12)Oc1ccccc1-c1cccc2ccncc12	Tumor necrosis factor	1350	ChEMBL	"2AZ5,3ALQ,3IT8,3L9J,4G3Y,4TWT,5M2I,5M2J,5M2M,5MU8,5WUX,5YOY,6OOY,6OOZ,6X81,6X82,6X83,6X85,6X86,7JRA"
COc1ccc(cc1)-c1cc(C(=O)NC2CCCc3c2cnn3-c2ccccc2F)n(C)n1	Tumor necrosis factor	1360	PubChem	"5MU8,9OK6,9OJY,9OJS,9OJO,6X86,6X85,6X83,6X82,6X81,5YOY,7JRA,8Z8M,6OOZ,6OOY,5WUX,5M2M,5M2J,5M2I,4TWT,4G3Y,3IT8,3ALQ,3L9J,2AZ5,7ASY,7QLF"
CCOC(=O)c1ccc(NC(=O)c2ccc(CN3CCc4ccccc4C3)cc2)cc1	Tumor necrosis factor	1400	PubChem	"5MU8,9OK6,9OJY,9OJS,9OJO,6X86,6X85,6X83,6X82,6X81,5YOY,7JRA,8Z8M,6OOZ,6OOY,5WUX,5M2M,5M2J,5M2I,4TWT,4G3Y,3IT8,3ALQ,3L9J,2AZ5,7ASY,7QLF"
COc1cccc2c1ncc1c2n(C2CCCC2)c(=O)n(C)c1=O	Tumor necrosis factor	1400	US Patent	"2AZ5,3ALQ,3IT8,3L9J,4G3Y,4TWT,5M2I,5M2J,5M2M,5MU8,5WUX,5YOY,6OOY,6OOZ,6X81,6X82,6X83,6X85,6X86,7JRA"
Cc1cc(CN=Nc2ncnc(N)c2[N+]([O-])=O)c(C)n1-c1ccccc1 |w:5.4|	Tumor necrosis factor	1404.25	PubChem	"5MU8,9OK6,9OJY,9OJS,9OJO,6X86,6X85,6X83,6X82,6X81,5YOY,7JRA,8Z8M,6OOZ,6OOY,5WUX,5M2M,5M2J,5M2I,4TWT,4G3Y,3IT8,3ALQ,3L9J,2AZ5,7ASY,7QLF"
C=C(C(CC(=O)c1ccccc1)c1ccccc1)C(=O)c1ccccc1	Tumor necrosis factor	1422.5	PubChem	"5MU8,9OK6,9OJY,9OJS,9OJO,6X86,6X85,6X83,6X82,6X81,5YOY,7JRA,8Z8M,6OOZ,6OOY,5WUX,5M2M,5M2J,5M2I,4TWT,4G3Y,3IT8,3ALQ,3L9J,2AZ5,7ASY,7QLF"
C[C@H]1Cn2c(S)nc3c(Cl)c(Cl)cc(CN1CC=C(C)C)c23	Tumor necrosis factor	1424	ChEMBL	"2AZ5,3ALQ,3IT8,3L9J,4G3Y,4TWT,5M2I,5M2J,5M2M,5MU8,5WUX,5YOY,6OOY,6OOZ,6X81,6X82,6X83,6X85,6X86,7JRA"
Cc1cc(nn1C)C(=O)NC1CCCc2c1cnn2-c1ccc(cc1)C(C)(C)C	Tumor necrosis factor	1440	PubChem	"5MU8,9OK6,9OJY,9OJS,9OJO,6X86,6X85,6X83,6X82,6X81,5YOY,7JRA,8Z8M,6OOZ,6OOY,5WUX,5M2M,5M2J,5M2I,4TWT,4G3Y,3IT8,3ALQ,3L9J,2AZ5,7ASY,7QLF"
Brc1ccc(NC(=O)c2ccc(CN3CCc4ccccc4C3)cc2)cc1	Tumor necrosis factor	1500	PubChem	"5MU8,9OK6,9OJY,9OJS,9OJO,6X86,6X85,6X83,6X82,6X81,5YOY,7JRA,8Z8M,6OOZ,6OOY,5WUX,5M2M,5M2J,5M2I,4TWT,4G3Y,3IT8,3ALQ,3L9J,2AZ5,7ASY,7QLF"
CC(C)(C)c1ccc(cc1)C(=O)ON=C(N)c1ccccc1 |w:13.13|	Tumor necrosis factor	1510	PubChem	"5MU8,9OK6,9OJY,9OJS,9OJO,6X86,6X85,6X83,6X82,6X81,5YOY,7JRA,8Z8M,6OOZ,6OOY,5WUX,5M2M,5M2J,5M2I,4TWT,4G3Y,3IT8,3ALQ,3L9J,2AZ5,7ASY,7QLF"
Fc1ccc2[nH]c3c(ncnc3c2c1)N1CCc2ccccc2C1	Tumor necrosis factor	1511	PubChem	"5MU8,9OK6,9OJY,9OJS,9OJO,6X86,6X85,6X83,6X82,6X81,5YOY,7JRA,8Z8M,6OOZ,6OOY,5WUX,5M2M,5M2J,5M2I,4TWT,4G3Y,3IT8,3ALQ,3L9J,2AZ5,7ASY,7QLF"
CCOc1ccc(cc1)C(=O)C(CCC(CN(C)C)C(=O)c1ccc(OCC)cc1)CN(C)C	Tumor necrosis factor	1526	PubChem	"5MU8,9OK6,9OJY,9OJS,9OJO,6X86,6X85,6X83,6X82,6X81,5YOY,7JRA,8Z8M,6OOZ,6OOY,5WUX,5M2M,5M2J,5M2I,4TWT,4G3Y,3IT8,3ALQ,3L9J,2AZ5,7ASY,7QLF"
OC(=O)CCSc1ncnc2sc(cc12)-c1ccccc1	Tumor necrosis factor	1539.5	PubChem	"5MU8,9OK6,9OJY,9OJS,9OJO,6X86,6X85,6X83,6X82,6X81,5YOY,7JRA,8Z8M,6OOZ,6OOY,5WUX,5M2M,5M2J,5M2I,4TWT,4G3Y,3IT8,3ALQ,3L9J,2AZ5,7ASY,7QLF"
COc1ccc2CN(C[C@]3(NC(=O)NC3=O)C#Cc3cccnc3-c3cncnc3)C(=O)c2c1 |r|	Tumor necrosis factor	1593	US Patent	"5MU8,9OK6,9OJY,9OJS,9OJO,6X86,6X85,6X83,6X82,6X81,5YOY,7JRA,8Z8M,6OOZ,6OOY,5WUX,5M2M,5M2J,5M2I,4TWT,4G3Y,3IT8,3ALQ,3L9J,2AZ5,7ASY,7QLF"
Cc1csc2ncnc(NC3CCN(Cc4ccccc4)CC3)c12	Tumor necrosis factor	1606	PubChem	"5MU8,9OK6,9OJY,9OJS,9OJO,6X86,6X85,6X83,6X82,6X81,5YOY,7JRA,8Z8M,6OOZ,6OOY,5WUX,5M2M,5M2J,5M2I,4TWT,4G3Y,3IT8,3ALQ,3L9J,2AZ5,7ASY,7QLF"
CNC(=O)[C@@H](NC(=O)[C@H](CC(C)C)[C@H](CO)C(=O)NO)C(C)(C)C	Tumor necrosis factor	1606	ChEMBL	"2AZ5,3ALQ,3IT8,3L9J,4G3Y,4TWT,5M2I,5M2J,5M2M,5MU8,5WUX,5YOY,6OOY,6OOZ,6X81,6X82,6X83,6X85,6X86,7JRA"
Nc1ccc(Oc2cccc(Oc3ccc(N)cc3)c2)cc1	Tumor necrosis factor	1610	PubChem	"5MU8,9OK6,9OJY,9OJS,9OJO,6X86,6X85,6X83,6X82,6X81,5YOY,7JRA,8Z8M,6OOZ,6OOY,5WUX,5M2M,5M2J,5M2I,4TWT,4G3Y,3IT8,3ALQ,3L9J,2AZ5,7ASY,7QLF"
ClCC(=O)Nc1ccc(Sc2ccc(NC(=O)CCl)cc2)cc1	Tumor necrosis factor	1615.5	PubChem	"5MU8,9OK6,9OJY,9OJS,9OJO,6X86,6X85,6X83,6X82,6X81,5YOY,7JRA,8Z8M,6OOZ,6OOY,5WUX,5M2M,5M2J,5M2I,4TWT,4G3Y,3IT8,3ALQ,3L9J,2AZ5,7ASY,7QLF"
Clc1cccc(\C=C(\C(=O)c2ccccc2)c2nc3ccccc3[nH]2)c1	Tumor necrosis factor	1628	PubChem	"5MU8,9OK6,9OJY,9OJS,9OJO,6X86,6X85,6X83,6X82,6X81,5YOY,7JRA,8Z8M,6OOZ,6OOY,5WUX,5M2M,5M2J,5M2I,4TWT,4G3Y,3IT8,3ALQ,3L9J,2AZ5,7ASY,7QLF"
CCC(=O)N1C(C)Cc2cc(ccc12)S(=O)(=O)N1CCN(CC1)c1ccc(cc1)C(C)=O	Tumor necrosis factor	1630	PubChem	"5MU8,9OK6,9OJY,9OJS,9OJO,6X86,6X85,6X83,6X82,6X81,5YOY,7JRA,8Z8M,6OOZ,6OOY,5WUX,5M2M,5M2J,5M2I,4TWT,4G3Y,3IT8,3ALQ,3L9J,2AZ5,7ASY,7QLF"
CN(C)C(C(=O)Nc1ccc2cnccc2c1)c1ccc(COC(=O)CCC(=O)OCC(=O)[C@@]2(O)CC[C@H]3[C@@H]4CCC5=CC(=O)C=C[C@]5(C)[C@H]4[C@@H](O)C[C@]23C)cc1	Tumor necrosis factor	1650	US Patent	"2AZ5,3ALQ,3IT8,3L9J,4G3Y,4TWT,5M2I,5M2J,5M2M,5MU8,5WUX,5YOY,6OOY,6OOZ,6X81,6X82,6X83,6X85,6X86,7JRA"
CN(C)C(C(=O)Nc1ccc2cnccc2c1)c1ccc(COC(=O)CCC(=O)OCC(=O)[C@@]2(O)CC[C@H]3[C@@H]4CCC5=CC(=O)C=C[C@]5(C)[C@H]4[C@@H](O)C[C@]23C)cc1	Tumor necrosis factor	1650	US Patent	"2AZ5,3ALQ,3IT8,3L9J,4G3Y,4TWT,5M2I,5M2J,5M2M,5MU8,5WUX,5YOY,6OOY,6OOZ,6X81,6X82,6X83,6X85,6X86,7JRA"
Cc1oc(nc1CSCC(=O)NC1CCN(Cc2ccccc2)CC1)-c1ccc(Cl)cc1	Tumor necrosis factor	1678	PubChem	"5MU8,9OK6,9OJY,9OJS,9OJO,6X86,6X85,6X83,6X82,6X81,5YOY,7JRA,8Z8M,6OOZ,6OOY,5WUX,5M2M,5M2J,5M2I,4TWT,4G3Y,3IT8,3ALQ,3L9J,2AZ5,7ASY,7QLF"
COc1ccc2cc3c(N)nn(C(=O)c4ccc(Cl)c(c4)[N+]([O-])=O)c3nc2c1	Tumor necrosis factor	1708	PubChem	"5MU8,9OK6,9OJY,9OJS,9OJO,6X86,6X85,6X83,6X82,6X81,5YOY,7JRA,8Z8M,6OOZ,6OOY,5WUX,5M2M,5M2J,5M2I,4TWT,4G3Y,3IT8,3ALQ,3L9J,2AZ5,7ASY,7QLF"
[O-][N+](=O)c1cc(ccc1S(=O)(=O)c1cccc(Cl)c1)C(=O)N1CCN(CC1)c1ccccn1	Tumor necrosis factor	1715	PubChem	"5MU8,9OK6,9OJY,9OJS,9OJO,6X86,6X85,6X83,6X82,6X81,5YOY,7JRA,8Z8M,6OOZ,6OOY,5WUX,5M2M,5M2J,5M2I,4TWT,4G3Y,3IT8,3ALQ,3L9J,2AZ5,7ASY,7QLF"
COc1ccc2c(C)nc(Nc3nc(cc(=O)[nH]3)-c3ccccc3)nc2c1	Tumor necrosis factor	1730	PubChem	"5MU8,9OK6,9OJY,9OJS,9OJO,6X86,6X85,6X83,6X82,6X81,5YOY,7JRA,8Z8M,6OOZ,6OOY,5WUX,5M2M,5M2J,5M2I,4TWT,4G3Y,3IT8,3ALQ,3L9J,2AZ5,7ASY,7QLF"
"Cc1cc(CN=Nc2nc(N)ncc2[N+]([O-])=O)c(C)n1-c1ccccc1F |w:5.4,(8.87,-4.72,;7.96,-3.47,;8.44,-2.01,;7.19,-1.1,;7.19,.44,;8.53,1.21,;8.53,2.75,;9.86,3.52,;11.19,2.75,;12.53,3.52,;13.86,2.75,;12.53,5.06,;11.19,5.83,;9.86,5.06,;8.53,5.83,;8.53,7.37,;7.19,5.06,;5.95,-2.01,;4.48,-1.53,;6.42,-3.47,;5.52,-4.72,;6.14,-6.12,;5.24,-7.37,;3.71,-7.21,;3.08,-5.8,;3.99,-4.56,;3.36,-3.15,)|"	Tumor necrosis factor	1765.75	PubChem	"5MU8,9OK6,9OJY,9OJS,9OJO,6X86,6X85,6X83,6X82,6X81,5YOY,7JRA,8Z8M,6OOZ,6OOY,5WUX,5M2M,5M2J,5M2I,4TWT,4G3Y,3IT8,3ALQ,3L9J,2AZ5,7ASY,7QLF"
Cc1ccc(NC(=O)CSc2ncnc3ccccc23)cc1S(=O)(=O)N1CCCCC1	Tumor necrosis factor	1809	PubChem	"5MU8,9OK6,9OJY,9OJS,9OJO,6X86,6X85,6X83,6X82,6X81,5YOY,7JRA,8Z8M,6OOZ,6OOY,5WUX,5M2M,5M2J,5M2I,4TWT,4G3Y,3IT8,3ALQ,3L9J,2AZ5,7ASY,7QLF"
CCCOc1cc[c-](C=[NH+]NC(=S)Nc2ccccc2[N+]([O-])=O)c(=O)c1 |w:9.9|	Tumor necrosis factor	1824.75	PubChem	"5MU8,9OK6,9OJY,9OJS,9OJO,6X86,6X85,6X83,6X82,6X81,5YOY,7JRA,8Z8M,6OOZ,6OOY,5WUX,5M2M,5M2J,5M2I,4TWT,4G3Y,3IT8,3ALQ,3L9J,2AZ5,7ASY,7QLF"
Cc1ccc(CNc2ncnc(N)c2[N+]([O-])=O)cc1	Tumor necrosis factor	1826	PubChem	"5MU8,9OK6,9OJY,9OJS,9OJO,6X86,6X85,6X83,6X82,6X81,5YOY,7JRA,8Z8M,6OOZ,6OOY,5WUX,5M2M,5M2J,5M2I,4TWT,4G3Y,3IT8,3ALQ,3L9J,2AZ5,7ASY,7QLF"
Cc1cc(C)cc(OCC(=O)Nc2nc3ccc(cc3s2)[N+]([O-])=O)c1	Tumor necrosis factor	1827.5	PubChem	"5MU8,9OK6,9OJY,9OJS,9OJO,6X86,6X85,6X83,6X82,6X81,5YOY,7JRA,8Z8M,6OOZ,6OOY,5WUX,5M2M,5M2J,5M2I,4TWT,4G3Y,3IT8,3ALQ,3L9J,2AZ5,7ASY,7QLF"
CN(C)c1ccc(NC(=O)c2ccc(CN3CCc4ccccc4C3)cc2)cc1	Tumor necrosis factor	1830	PubChem	"5MU8,9OK6,9OJY,9OJS,9OJO,6X86,6X85,6X83,6X82,6X81,5YOY,7JRA,8Z8M,6OOZ,6OOY,5WUX,5M2M,5M2J,5M2I,4TWT,4G3Y,3IT8,3ALQ,3L9J,2AZ5,7ASY,7QLF"
CCOc1ccc(cc1)-c1csc([nH+]1)C(=C\[c-]1ccc(=O)c(c1)[N+]([O-])=O)\C#N	Tumor necrosis factor	1832	PubChem	"5MU8,9OK6,9OJY,9OJS,9OJO,6X86,6X85,6X83,6X82,6X81,5YOY,7JRA,8Z8M,6OOZ,6OOY,5WUX,5M2M,5M2J,5M2I,4TWT,4G3Y,3IT8,3ALQ,3L9J,2AZ5,7ASY,7QLF"
COc1ccc(cc1)-c1c[nH]nc1-c1ccc(OCc2ccccc2)cc1O	Tumor necrosis factor	1836.5	PubChem	"5MU8,9OK6,9OJY,9OJS,9OJO,6X86,6X85,6X83,6X82,6X81,5YOY,7JRA,8Z8M,6OOZ,6OOY,5WUX,5M2M,5M2J,5M2I,4TWT,4G3Y,3IT8,3ALQ,3L9J,2AZ5,7ASY,7QLF"
Cc1ccc(C)c(c1)N=Nc1ccc(O)c2ncccc12 |w:8.8|	Tumor necrosis factor	1889	PubChem	"5MU8,9OK6,9OJY,9OJS,9OJO,6X86,6X85,6X83,6X82,6X81,5YOY,7JRA,8Z8M,6OOZ,6OOY,5WUX,5M2M,5M2J,5M2I,4TWT,4G3Y,3IT8,3ALQ,3L9J,2AZ5,7ASY,7QLF"
CCN(CC)c1ccc(\C=C\c2ccc3ccc(OC)cc3[n+]2CC)cc1	Tumor necrosis factor	1901.5	PubChem	"5MU8,9OK6,9OJY,9OJS,9OJO,6X86,6X85,6X83,6X82,6X81,5YOY,7JRA,8Z8M,6OOZ,6OOY,5WUX,5M2M,5M2J,5M2I,4TWT,4G3Y,3IT8,3ALQ,3L9J,2AZ5,7ASY,7QLF"
[O-][N+](=O)c1cc(ccc1Cl)C(=O)c1ccccc1C(=O)OCC(=O)NC1CCCCCC1	Tumor necrosis factor	1903.5	PubChem	"5MU8,9OK6,9OJY,9OJS,9OJO,6X86,6X85,6X83,6X82,6X81,5YOY,7JRA,8Z8M,6OOZ,6OOY,5WUX,5M2M,5M2J,5M2I,4TWT,4G3Y,3IT8,3ALQ,3L9J,2AZ5,7ASY,7QLF"
COc1ccccc1C(=O)NCc1ccc(cc1)-c1nc2ccccc2s1	Tumor necrosis factor	1932	PubChem	"5MU8,9OK6,9OJY,9OJS,9OJO,6X86,6X85,6X83,6X82,6X81,5YOY,7JRA,8Z8M,6OOZ,6OOY,5WUX,5M2M,5M2J,5M2I,4TWT,4G3Y,3IT8,3ALQ,3L9J,2AZ5,7ASY,7QLF"
CC(=O)c1c(C)n(-c2ccc(cc2)C(C)=O)c2ccc(O)cc12	Tumor necrosis factor	1940.5	PubChem	"5MU8,9OK6,9OJY,9OJS,9OJO,6X86,6X85,6X83,6X82,6X81,5YOY,7JRA,8Z8M,6OOZ,6OOY,5WUX,5M2M,5M2J,5M2I,4TWT,4G3Y,3IT8,3ALQ,3L9J,2AZ5,7ASY,7QLF"
CCCCN1\C(Sc2ccccc12)=C\c1ccc2ccccc2[n+]1CC	Tumor necrosis factor	1957.5	PubChem	"5MU8,9OK6,9OJY,9OJS,9OJO,6X86,6X85,6X83,6X82,6X81,5YOY,7JRA,8Z8M,6OOZ,6OOY,5WUX,5M2M,5M2J,5M2I,4TWT,4G3Y,3IT8,3ALQ,3L9J,2AZ5,7ASY,7QLF"
O=C(CSc1nc2scc(-c3ccccc3)c2c(=O)[nH]1)Nc1ccccc1	Tumor necrosis factor	1960	PubChem	"5MU8,9OK6,9OJY,9OJS,9OJO,6X86,6X85,6X83,6X82,6X81,5YOY,7JRA,8Z8M,6OOZ,6OOY,5WUX,5M2M,5M2J,5M2I,4TWT,4G3Y,3IT8,3ALQ,3L9J,2AZ5,7ASY,7QLF"
Oc1ccc2CC(=C/c3ccncc3)C(=O)c2c1	Tumor necrosis factor	1990	ChEMBL	"5MU8,6X86,6X85,6X83,6X82,6X81,5YOY,7JRA,8Z8M,6OOZ,6OOY,5WUX,5M2M,5M2J,5M2I,4TWT,4G3Y,3IT8,3ALQ,3L9J,2AZ5,7ASY,7QLF"
CCOC(=O)CCCn1ccc2cc(O)c(O)cc2c1=O	Tumor necrosis factor	2000	ChEMBL	"2AZ5,3ALQ,3IT8,3L9J,4G3Y,4TWT,5M2I,5M2J,5M2M,5MU8,5WUX,5YOY,6OOY,6OOZ,6X81,6X82,6X83,6X85,6X86,7JRA"
O=C1N(Cc2ccc(cc12)-c1cccnc1)c1cccc(n1)-c1nncn1C1CC1	Tumor necrosis factor	2000	US Patent	"2AZ5,3ALQ,3IT8,3L9J,4G3Y,4TWT,5M2I,5M2J,5M2M,5MU8,5WUX,5YOY,6OOY,6OOZ,6X81,6X82,6X83,6X85,6X86,7JRA"
Cc1ccncc1-c1ccc2CN(C(=O)c2c1)c1cccc(n1)-c1nncn1C1CC1	Tumor necrosis factor	2000	US Patent	"2AZ5,3ALQ,3IT8,3L9J,4G3Y,4TWT,5M2I,5M2J,5M2M,5MU8,5WUX,5YOY,6OOY,6OOZ,6X81,6X82,6X83,6X85,6X86,7JRA"
O=C1N(Cc2ccc(cc12)-c1ccc(nc1)C1CC1)c1cccc(n1)-c1nncn1C1CC1	Tumor necrosis factor	2000	US Patent	"2AZ5,3ALQ,3IT8,3L9J,4G3Y,4TWT,5M2I,5M2J,5M2M,5MU8,5WUX,5YOY,6OOY,6OOZ,6X81,6X82,6X83,6X85,6X86,7JRA"
COc1cc2CN(C(=O)c2cc1-c1cccnc1)c1cccc(n1)-c1nncn1C1CC1	Tumor necrosis factor	2000	US Patent	"2AZ5,3ALQ,3IT8,3L9J,4G3Y,4TWT,5M2I,5M2J,5M2M,5MU8,5WUX,5YOY,6OOY,6OOZ,6X81,6X82,6X83,6X85,6X86,7JRA"
CC(C)Oc1cc2CN(C(=O)c2cc1-c1cccnc1)c1cccc(n1)-c1nncn1C1CC1	Tumor necrosis factor	2000	US Patent	"2AZ5,3ALQ,3IT8,3L9J,4G3Y,4TWT,5M2I,5M2J,5M2M,5MU8,5WUX,5YOY,6OOY,6OOZ,6X81,6X82,6X83,6X85,6X86,7JRA"
O=C1N(Cc2cc(OC3CCCC3)c(cc12)-c1cccnc1)c1cccc(n1)-c1nncn1C1CC1	Tumor necrosis factor	2000	US Patent	"2AZ5,3ALQ,3IT8,3L9J,4G3Y,4TWT,5M2I,5M2J,5M2M,5MU8,5WUX,5YOY,6OOY,6OOZ,6X81,6X82,6X83,6X85,6X86,7JRA"
CCOc1ccc(NC(=O)c2ccc(CN3CCc4ccccc4C3)cc2)cc1	Tumor necrosis factor	2050	PubChem	"5MU8,9OK6,9OJY,9OJS,9OJO,6X86,6X85,6X83,6X82,6X81,5YOY,7JRA,8Z8M,6OOZ,6OOY,5WUX,5M2M,5M2J,5M2I,4TWT,4G3Y,3IT8,3ALQ,3L9J,2AZ5,7ASY,7QLF"
[#6]-[#6]-[#8]-[#6](=O)-[#6](=[#6]/c1ccc(-[#8]-[#6]-c2ccc(cc2)-[#7+](-[#8-])=O)c(-[#8]-[#6])c1)\[#6](=O)-[#8]-[#6]-[#6]	Tumor necrosis factor	2067.5	PubChem	"5MU8,9OK6,9OJY,9OJS,9OJO,6X86,6X85,6X83,6X82,6X81,5YOY,7JRA,8Z8M,6OOZ,6OOY,5WUX,5M2M,5M2J,5M2I,4TWT,4G3Y,3IT8,3ALQ,3L9J,2AZ5,7ASY,7QLF"
CN(C)S(=O)(=O)c1cccc(CSCc2cccc(c2)S(=O)(=O)N(C)C)c1	Tumor necrosis factor	2090	PubChem	"5MU8,9OK6,9OJY,9OJS,9OJO,6X86,6X85,6X83,6X82,6X81,5YOY,7JRA,8Z8M,6OOZ,6OOY,5WUX,5M2M,5M2J,5M2I,4TWT,4G3Y,3IT8,3ALQ,3L9J,2AZ5,7ASY,7QLF"
COc1ccc(cc1)-n1c(C)c([N+]([O-])=O)c2ccc(O)c(CN3CCCCC3)c12	Tumor necrosis factor	2102.5	PubChem	"5MU8,9OK6,9OJY,9OJS,9OJO,6X86,6X85,6X83,6X82,6X81,5YOY,7JRA,8Z8M,6OOZ,6OOY,5WUX,5M2M,5M2J,5M2I,4TWT,4G3Y,3IT8,3ALQ,3L9J,2AZ5,7ASY,7QLF"
Cc1ccc(o1)C1=NN(C(C1)c1cccs1)C(=O)CCl |t:7|	Tumor necrosis factor	2106.5	PubChem	"5MU8,9OK6,9OJY,9OJS,9OJO,6X86,6X85,6X83,6X82,6X81,5YOY,7JRA,8Z8M,6OOZ,6OOY,5WUX,5M2M,5M2J,5M2I,4TWT,4G3Y,3IT8,3ALQ,3L9J,2AZ5,7ASY,7QLF"
Cc1cc(on1)-c1ccc(C)c(c1)S(=O)(=O)N1CCN(CC1)c1ccc(cc1)[N+]([O-])=O	Tumor necrosis factor	2110	PubChem	"5MU8,9OK6,9OJY,9OJS,9OJO,6X86,6X85,6X83,6X82,6X81,5YOY,7JRA,8Z8M,6OOZ,6OOY,5WUX,5M2M,5M2J,5M2I,4TWT,4G3Y,3IT8,3ALQ,3L9J,2AZ5,7ASY,7QLF"
Clc1ccc(NC(=O)c2ccc(CN3CCc4ccccc4C3)cc2)cc1	Tumor necrosis factor	2111	PubChem	"5MU8,9OK6,9OJY,9OJS,9OJO,6X86,6X85,6X83,6X82,6X81,5YOY,7JRA,8Z8M,6OOZ,6OOY,5WUX,5M2M,5M2J,5M2I,4TWT,4G3Y,3IT8,3ALQ,3L9J,2AZ5,7ASY,7QLF"
CC(=O)c1ccc(Sc2nnnn2-c2ccccc2)c(c1)[N+]([O-])=O	Tumor necrosis factor	2120	PubChem	"5MU8,9OK6,9OJY,9OJS,9OJO,6X86,6X85,6X83,6X82,6X81,5YOY,7JRA,8Z8M,6OOZ,6OOY,5WUX,5M2M,5M2J,5M2I,4TWT,4G3Y,3IT8,3ALQ,3L9J,2AZ5,7ASY,7QLF"
CCCn1c(SCC(=O)Nc2nc3CCCCc3s2)nc2n(C)c(=O)n(C)c(=O)c12	Tumor necrosis factor	2120	PubChem	"5MU8,9OK6,9OJY,9OJS,9OJO,6X86,6X85,6X83,6X82,6X81,5YOY,7JRA,8Z8M,6OOZ,6OOY,5WUX,5M2M,5M2J,5M2I,4TWT,4G3Y,3IT8,3ALQ,3L9J,2AZ5,7ASY,7QLF"
O=C1\C(Cc2ccccc12)=C\c1ccncc1	Tumor necrosis factor	2130	ChEMBL	"2AZ5,3ALQ,3IT8,3L9J,4G3Y,4TWT,5M2I,5M2J,5M2M,5MU8,5WUX,5YOY,6OOY,6OOZ,6X81,6X82,6X83,6X85,6X86,7JRA"
Brc1cc(C=NNC(=O)c2ccncc2)sc1Br	Tumor necrosis factor	2130.5	PubChem	"5MU8,9OK6,9OJY,9OJS,9OJO,6X86,6X85,6X83,6X82,6X81,5YOY,7JRA,8Z8M,6OOZ,6OOY,5WUX,5M2M,5M2J,5M2I,4TWT,4G3Y,3IT8,3ALQ,3L9J,2AZ5,7ASY,7QLF"
Oc1cccc2C(=O)\C(Cc12)=C\c1ccncc1	Tumor necrosis factor	2140	ChEMBL	"2AZ5,3ALQ,3IT8,3L9J,4G3Y,4TWT,5M2I,5M2J,5M2M,5MU8,5WUX,5YOY,6OOY,6OOZ,6X81,6X82,6X83,6X85,6X86,7JRA"
Clc1ccc(cc1)S(=O)(=O)c1snnc1-c1ccccc1	Tumor necrosis factor	2174.5	PubChem	"5MU8,9OK6,9OJY,9OJS,9OJO,6X86,6X85,6X83,6X82,6X81,5YOY,7JRA,8Z8M,6OOZ,6OOY,5WUX,5M2M,5M2J,5M2I,4TWT,4G3Y,3IT8,3ALQ,3L9J,2AZ5,7ASY,7QLF"
Oc1cc2ccccc2cc1C(=O)Nc1cccc(c1)[N+]([O-])=O	Tumor necrosis factor	2200	PubChem	"5MU8,9OK6,9OJY,9OJS,9OJO,6X86,6X85,6X83,6X82,6X81,5YOY,7JRA,8Z8M,6OOZ,6OOY,5WUX,5M2M,5M2J,5M2I,4TWT,4G3Y,3IT8,3ALQ,3L9J,2AZ5,7ASY,7QLF"
O=C(COc1ccc2c(cc(=O)oc2c1)-c1ccccc1)Nc1cccnc1	Tumor necrosis factor	2215	PubChem	"5MU8,9OK6,9OJY,9OJS,9OJO,6X86,6X85,6X83,6X82,6X81,5YOY,7JRA,8Z8M,6OOZ,6OOY,5WUX,5M2M,5M2J,5M2I,4TWT,4G3Y,3IT8,3ALQ,3L9J,2AZ5,7ASY,7QLF"
CC1Cc2cc(ccc2N1C(=O)C1CC1)S(=O)(=O)N1CCN(CC1)c1ccc(Cl)cc1	Tumor necrosis factor	2219	PubChem	"5MU8,9OK6,9OJY,9OJS,9OJO,6X86,6X85,6X83,6X82,6X81,5YOY,7JRA,8Z8M,6OOZ,6OOY,5WUX,5M2M,5M2J,5M2I,4TWT,4G3Y,3IT8,3ALQ,3L9J,2AZ5,7ASY,7QLF"
OC(=O)c1c(NC(=O)c2ccc(Br)cc2)sc2CCCCc12	Tumor necrosis factor	2250	PubChem	"5MU8,9OK6,9OJY,9OJS,9OJO,6X86,6X85,6X83,6X82,6X81,5YOY,7JRA,8Z8M,6OOZ,6OOY,5WUX,5M2M,5M2J,5M2I,4TWT,4G3Y,3IT8,3ALQ,3L9J,2AZ5,7ASY,7QLF"
Oc1cccc2CC(=C/c3ccncc3)C(=O)c12	Tumor necrosis factor	2250	ChEMBL	"5MU8,6X86,6X85,6X83,6X82,6X81,5YOY,7JRA,8Z8M,6OOZ,6OOY,5WUX,5M2M,5M2J,5M2I,4TWT,4G3Y,3IT8,3ALQ,3L9J,2AZ5,7ASY,7QLF"
COc1ccc2CN(C[C@]3(NC(=O)NC3=O)C#Cc3cccnc3-c3ccncc3)C(=O)c2c1 |r|	Tumor necrosis factor	2265	US Patent	"5MU8,9OK6,9OJY,9OJS,9OJO,6X86,6X85,6X83,6X82,6X81,5YOY,7JRA,8Z8M,6OOZ,6OOY,5WUX,5M2M,5M2J,5M2I,4TWT,4G3Y,3IT8,3ALQ,3L9J,2AZ5,7ASY,7QLF"
"[H]C12CC3([H])CC([H])(C1)CC(CC(=O)OCC(=O)c1c(N)n(CC(C)C)c(=O)n(C)c1=O)(C2)C3 |TLB:8:1:33:6.9.5,8:6:33:1.32.2,THB:5:6:32:3.33.2|"	Tumor necrosis factor	2313	PubChem	"5MU8,9OK6,9OJY,9OJS,9OJO,6X86,6X85,6X83,6X82,6X81,5YOY,7JRA,8Z8M,6OOZ,6OOY,5WUX,5M2M,5M2J,5M2I,4TWT,4G3Y,3IT8,3ALQ,3L9J,2AZ5,7ASY,7QLF"
Cc1nc2c(cnn2c(N)c1-c1ccc(F)cc1)-c1ccc(Cl)cc1	Tumor necrosis factor	2340	PubChem	"5MU8,9OK6,9OJY,9OJS,9OJO,6X86,6X85,6X83,6X82,6X81,5YOY,7JRA,8Z8M,6OOZ,6OOY,5WUX,5M2M,5M2J,5M2I,4TWT,4G3Y,3IT8,3ALQ,3L9J,2AZ5,7ASY,7QLF"
CC(Nc1ncnc2sccc12)c1ccccc1	Tumor necrosis factor	2350	PubChem	"5MU8,9OK6,9OJY,9OJS,9OJO,6X86,6X85,6X83,6X82,6X81,5YOY,7JRA,8Z8M,6OOZ,6OOY,5WUX,5M2M,5M2J,5M2I,4TWT,4G3Y,3IT8,3ALQ,3L9J,2AZ5,7ASY,7QLF"
Cn1nccc1C(=O)NC1CCCc2c1cnn2-c1ccccc1F	Tumor necrosis factor	2362.5	PubChem	"5MU8,9OK6,9OJY,9OJS,9OJO,6X86,6X85,6X83,6X82,6X81,5YOY,7JRA,8Z8M,6OOZ,6OOY,5WUX,5M2M,5M2J,5M2I,4TWT,4G3Y,3IT8,3ALQ,3L9J,2AZ5,7ASY,7QLF"
Cc1cc(on1)-c1ccc(C)c(c1)S(=O)(=O)N1CCN(CC1)c1ccc(cc1)[N+]([O-])=O	Tumor necrosis factor	2363	PubChem	"5MU8,9OK6,9OJY,9OJS,9OJO,6X86,6X85,6X83,6X82,6X81,5YOY,7JRA,8Z8M,6OOZ,6OOY,5WUX,5M2M,5M2J,5M2I,4TWT,4G3Y,3IT8,3ALQ,3L9J,2AZ5,7ASY,7QLF"
[O-][N+](=O)c1cccnc1S(=O)(=O)c1ccccc1	Tumor necrosis factor	2382.5	PubChem	"5MU8,9OK6,9OJY,9OJS,9OJO,6X86,6X85,6X83,6X82,6X81,5YOY,7JRA,8Z8M,6OOZ,6OOY,5WUX,5M2M,5M2J,5M2I,4TWT,4G3Y,3IT8,3ALQ,3L9J,2AZ5,7ASY,7QLF"
COc1ccc(cc1)-c1cc(=O)oc2cc(O)ccc12	Tumor necrosis factor	2450.5	PubChem	"5MU8,9OK6,9OJY,9OJS,9OJO,6X86,6X85,6X83,6X82,6X81,5YOY,7JRA,8Z8M,6OOZ,6OOY,5WUX,5M2M,5M2J,5M2I,4TWT,4G3Y,3IT8,3ALQ,3L9J,2AZ5,7ASY,7QLF"
Cc1sc(NC(=O)c2nn(C)cc2[N+]([O-])=O)nc1-c1ccc(C)cc1	Tumor necrosis factor	2480	PubChem	"5MU8,9OK6,9OJY,9OJS,9OJO,6X86,6X85,6X83,6X82,6X81,5YOY,7JRA,8Z8M,6OOZ,6OOY,5WUX,5M2M,5M2J,5M2I,4TWT,4G3Y,3IT8,3ALQ,3L9J,2AZ5,7ASY,7QLF"
CCn1c(=O)n(C2CCCC2)c2c3cccc(Cl)c3ncc2c1=O	Tumor necrosis factor	2500	US Patent	"2AZ5,3ALQ,3IT8,3L9J,4G3Y,4TWT,5M2I,5M2J,5M2M,5MU8,5WUX,5YOY,6OOY,6OOZ,6X81,6X82,6X83,6X85,6X86,7JRA"
CCN(CC)S(=O)(=O)c1cccc(NC(=O)CNc2cccc(c2)S(=O)(=O)N2CCCC2)c1	Tumor necrosis factor	2548.5	PubChem	"5MU8,9OK6,9OJY,9OJS,9OJO,6X86,6X85,6X83,6X82,6X81,5YOY,7JRA,8Z8M,6OOZ,6OOY,5WUX,5M2M,5M2J,5M2I,4TWT,4G3Y,3IT8,3ALQ,3L9J,2AZ5,7ASY,7QLF"
CCSCCc1nnc(NC(=O)Nc2cccc(c2)C(F)(F)F)s1	Tumor necrosis factor	2574	PubChem	"5MU8,9OK6,9OJY,9OJS,9OJO,6X86,6X85,6X83,6X82,6X81,5YOY,7JRA,8Z8M,6OOZ,6OOY,5WUX,5M2M,5M2J,5M2I,4TWT,4G3Y,3IT8,3ALQ,3L9J,2AZ5,7ASY,7QLF"
CCCc1cccc2c1ncc1c2n(C2CCCC2)c(=O)n(CC)c1=O	Tumor necrosis factor	2600	US Patent	"2AZ5,3ALQ,3IT8,3L9J,4G3Y,4TWT,5M2I,5M2J,5M2M,5MU8,5WUX,5YOY,6OOY,6OOZ,6X81,6X82,6X83,6X85,6X86,7JRA"
Oc1c(ccc2ccccc12)C(=O)Nc1ccc(Br)c2ccccc12	Tumor necrosis factor	2603	PubChem	"5MU8,9OK6,9OJY,9OJS,9OJO,6X86,6X85,6X83,6X82,6X81,5YOY,7JRA,8Z8M,6OOZ,6OOY,5WUX,5M2M,5M2J,5M2I,4TWT,4G3Y,3IT8,3ALQ,3L9J,2AZ5,7ASY,7QLF"
Fc1ccc(NC(=O)Nc2nc(SCC=C)ns2)cc1	Tumor necrosis factor	2638.5	PubChem	"5MU8,9OK6,9OJY,9OJS,9OJO,6X86,6X85,6X83,6X82,6X81,5YOY,7JRA,8Z8M,6OOZ,6OOY,5WUX,5M2M,5M2J,5M2I,4TWT,4G3Y,3IT8,3ALQ,3L9J,2AZ5,7ASY,7QLF"
CC(Nc1ncnc2sccc12)c1ccccc1	Tumor necrosis factor	2672.5	PubChem	"5MU8,9OK6,9OJY,9OJS,9OJO,6X86,6X85,6X83,6X82,6X81,5YOY,7JRA,8Z8M,6OOZ,6OOY,5WUX,5M2M,5M2J,5M2I,4TWT,4G3Y,3IT8,3ALQ,3L9J,2AZ5,7ASY,7QLF"
Oc1ccc2CC(=C/c3cccnc3)C(=O)c2c1	Tumor necrosis factor	2710	ChEMBL	"5MU8,6X86,6X85,6X83,6X82,6X81,5YOY,7JRA,8Z8M,6OOZ,6OOY,5WUX,5M2M,5M2J,5M2I,4TWT,4G3Y,3IT8,3ALQ,3L9J,2AZ5,7ASY,7QLF"
Cn1nc(cc1C(=O)NC1CCCc2c1cnn2-c1ccccc1F)-c1ccc(Cl)cc1	Tumor necrosis factor	2720	PubChem	"5MU8,9OK6,9OJY,9OJS,9OJO,6X86,6X85,6X83,6X82,6X81,5YOY,7JRA,8Z8M,6OOZ,6OOY,5WUX,5M2M,5M2J,5M2I,4TWT,4G3Y,3IT8,3ALQ,3L9J,2AZ5,7ASY,7QLF"
CC1Sc2ccc(cc2NC1=O)S(=O)(=O)N1CCC(CC1)C(=O)Nc1ccc(C)c(Cl)c1	Tumor necrosis factor	2722.5	PubChem	"5MU8,9OK6,9OJY,9OJS,9OJO,6X86,6X85,6X83,6X82,6X81,5YOY,7JRA,8Z8M,6OOZ,6OOY,5WUX,5M2M,5M2J,5M2I,4TWT,4G3Y,3IT8,3ALQ,3L9J,2AZ5,7ASY,7QLF"
O=S(=O)(Nc1cccc2cccnc12)c1ccccc1	Tumor necrosis factor	2737.5	PubChem	"5MU8,9OK6,9OJY,9OJS,9OJO,6X86,6X85,6X83,6X82,6X81,5YOY,7JRA,8Z8M,6OOZ,6OOY,5WUX,5M2M,5M2J,5M2I,4TWT,4G3Y,3IT8,3ALQ,3L9J,2AZ5,7ASY,7QLF"
CCn1nc(c(C(C#N)c2nc3cc(ccc3s2)C(F)(F)F)c(Cl)c1=O)[N+]([O-])=O	Tumor necrosis factor	2776	PubChem	"5MU8,9OK6,9OJY,9OJS,9OJO,6X86,6X85,6X83,6X82,6X81,5YOY,7JRA,8Z8M,6OOZ,6OOY,5WUX,5M2M,5M2J,5M2I,4TWT,4G3Y,3IT8,3ALQ,3L9J,2AZ5,7ASY,7QLF"
FC(F)(F)c1ccc(cc1)C(=O)Nc1ccc(Oc2cccnc2)nc1	Tumor necrosis factor	2790	PubChem	"5MU8,9OK6,9OJY,9OJS,9OJO,6X86,6X85,6X83,6X82,6X81,5YOY,7JRA,8Z8M,6OOZ,6OOY,5WUX,5M2M,5M2J,5M2I,4TWT,4G3Y,3IT8,3ALQ,3L9J,2AZ5,7ASY,7QLF"
CCc1ccc(OCC(=O)Nc2ccc(c(OC)c2)-c2cc3ccccc3oc2=O)cc1	Tumor necrosis factor	2795	PubChem	"5MU8,9OK6,9OJY,9OJS,9OJO,6X86,6X85,6X83,6X82,6X81,5YOY,7JRA,8Z8M,6OOZ,6OOY,5WUX,5M2M,5M2J,5M2I,4TWT,4G3Y,3IT8,3ALQ,3L9J,2AZ5,7ASY,7QLF"
[O-][N+](=O)c1cc(ccc1S(=O)(=O)Cc1ccccc1Cl)C(=O)N1CCN(CC1)c1ccccn1	Tumor necrosis factor	2809.5	PubChem	"5MU8,9OK6,9OJY,9OJS,9OJO,6X86,6X85,6X83,6X82,6X81,5YOY,7JRA,8Z8M,6OOZ,6OOY,5WUX,5M2M,5M2J,5M2I,4TWT,4G3Y,3IT8,3ALQ,3L9J,2AZ5,7ASY,7QLF"
CC1Sc2ccc(cc2NC1=O)S(=O)(=O)N1CCC(CC1)C(=O)Nc1ccc(C)c(Cl)c1	Tumor necrosis factor	2840	PubChem	"5MU8,9OK6,9OJY,9OJS,9OJO,6X86,6X85,6X83,6X82,6X81,5YOY,7JRA,8Z8M,6OOZ,6OOY,5WUX,5M2M,5M2J,5M2I,4TWT,4G3Y,3IT8,3ALQ,3L9J,2AZ5,7ASY,7QLF"
Clc1ccc(cc1S(=O)(=O)N1CCOCC1)C(=O)Nc1cccc(Br)c1	Tumor necrosis factor	2872.5	PubChem	"5MU8,9OK6,9OJY,9OJS,9OJO,6X86,6X85,6X83,6X82,6X81,5YOY,7JRA,8Z8M,6OOZ,6OOY,5WUX,5M2M,5M2J,5M2I,4TWT,4G3Y,3IT8,3ALQ,3L9J,2AZ5,7ASY,7QLF"
Fc1ccc(NC(=O)c2ccc(CN3CCc4ccccc4C3)cc2)cc1	Tumor necrosis factor	2880	PubChem	"5MU8,9OK6,9OJY,9OJS,9OJO,6X86,6X85,6X83,6X82,6X81,5YOY,7JRA,8Z8M,6OOZ,6OOY,5WUX,5M2M,5M2J,5M2I,4TWT,4G3Y,3IT8,3ALQ,3L9J,2AZ5,7ASY,7QLF"
COC(=O)CC(N1C(=O)c2ccccc2C1=O)c1ccc(OC)c(OC)c1	Tumor necrosis factor	2900	ChEMBL	"2AZ5,3ALQ,3IT8,3L9J,4G3Y,4TWT,5M2I,5M2J,5M2M,5MU8,5WUX,5YOY,6OOY,6OOZ,6X81,6X82,6X83,6X85,6X86,7JRA"
COc1cc(C=C(C(=O)c2cccs2)c2nc3ccccc3[nH]2)ccc1O |w:5.4|	Tumor necrosis factor	2957	PubChem	"5MU8,9OK6,9OJY,9OJS,9OJO,6X86,6X85,6X83,6X82,6X81,5YOY,7JRA,8Z8M,6OOZ,6OOY,5WUX,5M2M,5M2J,5M2I,4TWT,4G3Y,3IT8,3ALQ,3L9J,2AZ5,7ASY,7QLF"
Cc1cccc(NC(=S)NN=C2C(=O)N(CC=C)c3ccccc23)c1 |w:10.9|	Tumor necrosis factor	2972	PubChem	"5MU8,9OK6,9OJY,9OJS,9OJO,6X86,6X85,6X83,6X82,6X81,5YOY,7JRA,8Z8M,6OOZ,6OOY,5WUX,5M2M,5M2J,5M2I,4TWT,4G3Y,3IT8,3ALQ,3L9J,2AZ5,7ASY,7QLF"
CCCCCCCCCCCCCCO[C@H]1C(O)O[C@H](COC(=O)CCC(=O)OC[C@H](NC(=O)OCC2c3ccccc3-c3ccccc23)C(O)=O)C(OC)[C@@H]1OCCCCCCCCCCCCCC	Tumor necrosis factor	3000	US Patent	"5MU8,9OK6,9OJY,9OJS,9OJO,6X86,6X85,6X83,6X82,6X81,5YOY,7JRA,8Z8M,6OOZ,6OOY,5WUX,5M2M,5M2J,5M2I,4TWT,4G3Y,3IT8,3ALQ,3L9J,2AZ5,7ASY,7QLF"
CCCn1c2nccnc2c(=O)n(CCCC(=O)OCC)c1=O	Tumor necrosis factor	3000	ChEMBL	"2AZ5,3ALQ,3IT8,3L9J,4G3Y,4TWT,5M2I,5M2J,5M2M,5MU8,5WUX,5YOY,6OOY,6OOZ,6X81,6X82,6X83,6X85,6X86,7JRA"
CCOC(=O)CCCn1cnc2cc(OC)c(OC)cc2c1=O	Tumor necrosis factor	3000	ChEMBL	"2AZ5,3ALQ,3IT8,3L9J,4G3Y,4TWT,5M2I,5M2J,5M2M,5MU8,5WUX,5YOY,6OOY,6OOZ,6X81,6X82,6X83,6X85,6X86,7JRA"
COc1cccc(c1)N=Nc1ccc(O)c2ncccc12 |w:8.8|	Tumor necrosis factor	3039	PubChem	"5MU8,9OK6,9OJY,9OJS,9OJO,6X86,6X85,6X83,6X82,6X81,5YOY,7JRA,8Z8M,6OOZ,6OOY,5WUX,5M2M,5M2J,5M2I,4TWT,4G3Y,3IT8,3ALQ,3L9J,2AZ5,7ASY,7QLF"
FC(F)Oc1ccc(NC(=O)Nc2cccc(c2)C(F)(F)F)cc1	Tumor necrosis factor	3041	PubChem	"5MU8,9OK6,9OJY,9OJS,9OJO,6X86,6X85,6X83,6X82,6X81,5YOY,7JRA,8Z8M,6OOZ,6OOY,5WUX,5M2M,5M2J,5M2I,4TWT,4G3Y,3IT8,3ALQ,3L9J,2AZ5,7ASY,7QLF"
CN(C)S(=O)(=O)c1cccc(CSCc2cccc(c2)S(=O)(=O)N(C)C)c1	Tumor necrosis factor	3059	PubChem	"5MU8,9OK6,9OJY,9OJS,9OJO,6X86,6X85,6X83,6X82,6X81,5YOY,7JRA,8Z8M,6OOZ,6OOY,5WUX,5M2M,5M2J,5M2I,4TWT,4G3Y,3IT8,3ALQ,3L9J,2AZ5,7ASY,7QLF"
CN(C)S(=O)(=O)c1ccc(cc1)C(=O)Nc1nc(cs1)-c1cc2ccccc2o1	Tumor necrosis factor	3088	PubChem	"5MU8,9OK6,9OJY,9OJS,9OJO,6X86,6X85,6X83,6X82,6X81,5YOY,7JRA,8Z8M,6OOZ,6OOY,5WUX,5M2M,5M2J,5M2I,4TWT,4G3Y,3IT8,3ALQ,3L9J,2AZ5,7ASY,7QLF"
Cc1oc(nc1CSc1nc2CCCCc2c(=O)[nH]1)-c1ccccc1Cl	Tumor necrosis factor	3090	PubChem	"5MU8,9OK6,9OJY,9OJS,9OJO,6X86,6X85,6X83,6X82,6X81,5YOY,7JRA,8Z8M,6OOZ,6OOY,5WUX,5M2M,5M2J,5M2I,4TWT,4G3Y,3IT8,3ALQ,3L9J,2AZ5,7ASY,7QLF"
COc1ccc(cc1S(=O)(=O)N1CCN(CC1)c1ccc(F)cc1)-c1cc(C)no1	Tumor necrosis factor	3097.5	PubChem	"5MU8,9OK6,9OJY,9OJS,9OJO,6X86,6X85,6X83,6X82,6X81,5YOY,7JRA,8Z8M,6OOZ,6OOY,5WUX,5M2M,5M2J,5M2I,4TWT,4G3Y,3IT8,3ALQ,3L9J,2AZ5,7ASY,7QLF"
C[C@@H]1C[C@H]2[C@@H]3CCC4=CC(=O)C=C[C@]4(C)[C@@]3(F)[C@@H](O)C[C@]2(C)[C@@]1(O)C(=O)COC(=O)C1CC1C(=O)OCCc1ccc(cc1)C(CN)C(=O)Nc1ccc2cnccc2c1	Tumor necrosis factor	3100	US Patent	"2AZ5,3ALQ,3IT8,3L9J,4G3Y,4TWT,5M2I,5M2J,5M2M,5MU8,5WUX,5YOY,6OOY,6OOZ,6X81,6X82,6X83,6X85,6X86,7JRA"
C[C@@H]1C[C@H]2[C@@H]3CCC4=CC(=O)C=C[C@]4(C)[C@@]3(F)[C@@H](O)C[C@]2(C)[C@@]1(O)C(=O)COC(=O)C1CC1C(=O)OCCc1ccc(cc1)C(CN)C(=O)Nc1ccc2cnccc2c1	Tumor necrosis factor	3100	US Patent	"2AZ5,3ALQ,3IT8,3L9J,4G3Y,4TWT,5M2I,5M2J,5M2M,5MU8,5WUX,5YOY,6OOY,6OOZ,6X81,6X82,6X83,6X85,6X86,7JRA"
[O-][N+](=O)c1ccc(NC(=O)Nc2ccc(Cl)cc2F)cc1	Tumor necrosis factor	3117.5	PubChem	"5MU8,9OK6,9OJY,9OJS,9OJO,6X86,6X85,6X83,6X82,6X81,5YOY,7JRA,8Z8M,6OOZ,6OOY,5WUX,5M2M,5M2J,5M2I,4TWT,4G3Y,3IT8,3ALQ,3L9J,2AZ5,7ASY,7QLF"
Clc1ccccc1\C=C1/SC(=S)N(CCCC(=O)NNC(=O)c2ccccc2)C1=O	Tumor necrosis factor	3127	PubChem	"5MU8,9OK6,9OJY,9OJS,9OJO,6X86,6X85,6X83,6X82,6X81,5YOY,7JRA,8Z8M,6OOZ,6OOY,5WUX,5M2M,5M2J,5M2I,4TWT,4G3Y,3IT8,3ALQ,3L9J,2AZ5,7ASY,7QLF"
CCN(CC)S(=O)(=O)c1ccc(NC(=O)Nc2cccc(c2)C(F)(F)F)cc1	Tumor necrosis factor	3144	PubChem	"5MU8,9OK6,9OJY,9OJS,9OJO,6X86,6X85,6X83,6X82,6X81,5YOY,7JRA,8Z8M,6OOZ,6OOY,5WUX,5M2M,5M2J,5M2I,4TWT,4G3Y,3IT8,3ALQ,3L9J,2AZ5,7ASY,7QLF"
CC1Sc2ccc(cc2NC1=O)S(=O)(=O)N1CCC(CC1)C(=O)Nc1ccc(Cl)cc1	Tumor necrosis factor	3150	PubChem	"5MU8,9OK6,9OJY,9OJS,9OJO,6X86,6X85,6X83,6X82,6X81,5YOY,7JRA,8Z8M,6OOZ,6OOY,5WUX,5M2M,5M2J,5M2I,4TWT,4G3Y,3IT8,3ALQ,3L9J,2AZ5,7ASY,7QLF"
CCC(=O)N1C(C)Cc2cc(ccc12)S(=O)(=O)N1CCN(CC1)c1ccc(cc1)[N+]([O-])=O	Tumor necrosis factor	3160	PubChem	"5MU8,9OK6,9OJY,9OJS,9OJO,6X86,6X85,6X83,6X82,6X81,5YOY,7JRA,8Z8M,6OOZ,6OOY,5WUX,5M2M,5M2J,5M2I,4TWT,4G3Y,3IT8,3ALQ,3L9J,2AZ5,7ASY,7QLF"
CC1Sc2ccc(cc2NC1=O)S(=O)(=O)N1CCC(CC1)C(=O)Nc1ccc(Cl)cc1	Tumor necrosis factor	3163	PubChem	"5MU8,9OK6,9OJY,9OJS,9OJO,6X86,6X85,6X83,6X82,6X81,5YOY,7JRA,8Z8M,6OOZ,6OOY,5WUX,5M2M,5M2J,5M2I,4TWT,4G3Y,3IT8,3ALQ,3L9J,2AZ5,7ASY,7QLF"
Nc1nc2ccccc2n1C(=O)c1ccc(Cl)cc1Cl	Tumor necrosis factor	3180	PubChem	"5MU8,9OK6,9OJY,9OJS,9OJO,6X86,6X85,6X83,6X82,6X81,5YOY,7JRA,8Z8M,6OOZ,6OOY,5WUX,5M2M,5M2J,5M2I,4TWT,4G3Y,3IT8,3ALQ,3L9J,2AZ5,7ASY,7QLF"
CCCCCCCn1c2ccccc2c(O)c(C(=O)Nc2cnccn2)c1=O	Tumor necrosis factor	3180	PubChem	"5MU8,9OK6,9OJY,9OJS,9OJO,6X86,6X85,6X83,6X82,6X81,5YOY,7JRA,8Z8M,6OOZ,6OOY,5WUX,5M2M,5M2J,5M2I,4TWT,4G3Y,3IT8,3ALQ,3L9J,2AZ5,7ASY,7QLF"
CC1Cc2cc(ccc2N1C(=O)C1CC1)S(=O)(=O)N1CCN(CC1)c1ccc(cc1)C(C)=O	Tumor necrosis factor	3185	PubChem	"5MU8,9OK6,9OJY,9OJS,9OJO,6X86,6X85,6X83,6X82,6X81,5YOY,7JRA,8Z8M,6OOZ,6OOY,5WUX,5M2M,5M2J,5M2I,4TWT,4G3Y,3IT8,3ALQ,3L9J,2AZ5,7ASY,7QLF"
CCC(C)(C)c1ccc(OCCCC[n+]2cccc(C)c2C)c(c1)C(C)(C)CC	Tumor necrosis factor	3198	PubChem	"5MU8,9OK6,9OJY,9OJS,9OJO,6X86,6X85,6X83,6X82,6X81,5YOY,7JRA,8Z8M,6OOZ,6OOY,5WUX,5M2M,5M2J,5M2I,4TWT,4G3Y,3IT8,3ALQ,3L9J,2AZ5,7ASY,7QLF"
CC(=O)n1cc(N(C(=O)CCl)c2ccc(C)cc2)c2ccccc12	Tumor necrosis factor	3219	PubChem	"5MU8,9OK6,9OJY,9OJS,9OJO,6X86,6X85,6X83,6X82,6X81,5YOY,7JRA,8Z8M,6OOZ,6OOY,5WUX,5M2M,5M2J,5M2I,4TWT,4G3Y,3IT8,3ALQ,3L9J,2AZ5,7ASY,7QLF"
CSc1ccccc1OCc1cc(no1)C(=O)N1CCC(CC1)c1ccncc1	Tumor necrosis factor	3220	PubChem	"5MU8,9OK6,9OJY,9OJS,9OJO,6X86,6X85,6X83,6X82,6X81,5YOY,7JRA,8Z8M,6OOZ,6OOY,5WUX,5M2M,5M2J,5M2I,4TWT,4G3Y,3IT8,3ALQ,3L9J,2AZ5,7ASY,7QLF"
C(Nc1ncnc2scc(-c3cccs3)c12)c1ccccn1	Tumor necrosis factor	3220	PubChem	"5MU8,9OK6,9OJY,9OJS,9OJO,6X86,6X85,6X83,6X82,6X81,5YOY,7JRA,8Z8M,6OOZ,6OOY,5WUX,5M2M,5M2J,5M2I,4TWT,4G3Y,3IT8,3ALQ,3L9J,2AZ5,7ASY,7QLF"
CC1Cc2cc(ccc2N1C(C)=O)S(=O)(=O)N1CCN(CC1)c1ccc(cc1)[N+]([O-])=O	Tumor necrosis factor	3270	PubChem	"5MU8,9OK6,9OJY,9OJS,9OJO,6X86,6X85,6X83,6X82,6X81,5YOY,7JRA,8Z8M,6OOZ,6OOY,5WUX,5M2M,5M2J,5M2I,4TWT,4G3Y,3IT8,3ALQ,3L9J,2AZ5,7ASY,7QLF"
CCn1nc(c(C(C#N)c2nc3ccccc3s2)c(Cl)c1=O)[N+]([O-])=O	Tumor necrosis factor	3282.5	PubChem	"5MU8,9OK6,9OJY,9OJS,9OJO,6X86,6X85,6X83,6X82,6X81,5YOY,7JRA,8Z8M,6OOZ,6OOY,5WUX,5M2M,5M2J,5M2I,4TWT,4G3Y,3IT8,3ALQ,3L9J,2AZ5,7ASY,7QLF"
CC(C)c1ccc(cc1)S(=O)(=O)c1cc2cc(Br)ccc2oc1=O	Tumor necrosis factor	3287	PubChem	"5MU8,9OK6,9OJY,9OJS,9OJO,6X86,6X85,6X83,6X82,6X81,5YOY,7JRA,8Z8M,6OOZ,6OOY,5WUX,5M2M,5M2J,5M2I,4TWT,4G3Y,3IT8,3ALQ,3L9J,2AZ5,7ASY,7QLF"
CCCn1c(SCC(=O)Nc2nc3CCCCc3s2)nc2n(C)c(=O)n(C)c(=O)c12	Tumor necrosis factor	3310	PubChem	"5MU8,9OK6,9OJY,9OJS,9OJO,6X86,6X85,6X83,6X82,6X81,5YOY,7JRA,8Z8M,6OOZ,6OOY,5WUX,5M2M,5M2J,5M2I,4TWT,4G3Y,3IT8,3ALQ,3L9J,2AZ5,7ASY,7QLF"
CNC(=O)CSP(=O)(OC)OC	Tumor necrosis factor	3310	ChEMBL	"2AZ5,3ALQ,3IT8,3L9J,4G3Y,4TWT,5M2I,5M2J,5M2M,5MU8,5WUX,5YOY,6OOY,6OOZ,6X81,6X82,6X83,6X85,6X86,7JRA"
Cn1c(Oc2ccc3ccccc3c2)nc2n(C)c(=O)n(C)c(=O)c12	Tumor necrosis factor	3321.5	PubChem	"5MU8,9OK6,9OJY,9OJS,9OJO,6X86,6X85,6X83,6X82,6X81,5YOY,7JRA,8Z8M,6OOZ,6OOY,5WUX,5M2M,5M2J,5M2I,4TWT,4G3Y,3IT8,3ALQ,3L9J,2AZ5,7ASY,7QLF"
CCCCn1c(CN2CCN(CC2)c2cccc(Cl)c2)nc2n(C)c(=O)n(C)c(=O)c12	Tumor necrosis factor	3350	PubChem	"5MU8,9OK6,9OJY,9OJS,9OJO,6X86,6X85,6X83,6X82,6X81,5YOY,7JRA,8Z8M,6OOZ,6OOY,5WUX,5M2M,5M2J,5M2I,4TWT,4G3Y,3IT8,3ALQ,3L9J,2AZ5,7ASY,7QLF"
CC1CCc2nc(NC(=O)CSc3nc4ccccc4o3)sc2C1	Tumor necrosis factor	3360	PubChem	"5MU8,9OK6,9OJY,9OJS,9OJO,6X86,6X85,6X83,6X82,6X81,5YOY,7JRA,8Z8M,6OOZ,6OOY,5WUX,5M2M,5M2J,5M2I,4TWT,4G3Y,3IT8,3ALQ,3L9J,2AZ5,7ASY,7QLF"
"CCCCCCC1=Cc2c\c(=C3\NN\C(O3)=C3\C=CC=CC3=O)c(=O)oc2=CC1=O |c:18,20,29,t:6|"	Tumor necrosis factor	3373.5	PubChem	"5MU8,9OK6,9OJY,9OJS,9OJO,6X86,6X85,6X83,6X82,6X81,5YOY,7JRA,8Z8M,6OOZ,6OOY,5WUX,5M2M,5M2J,5M2I,4TWT,4G3Y,3IT8,3ALQ,3L9J,2AZ5,7ASY,7QLF"
CN(C)S(=O)(=O)c1cccc(NC(=S)Nc2cccc3cnccc23)c1	Tumor necrosis factor	3388.5	PubChem	"5MU8,9OK6,9OJY,9OJS,9OJO,6X86,6X85,6X83,6X82,6X81,5YOY,7JRA,8Z8M,6OOZ,6OOY,5WUX,5M2M,5M2J,5M2I,4TWT,4G3Y,3IT8,3ALQ,3L9J,2AZ5,7ASY,7QLF"
COc1cccc(NC(=S)NN=C2C(=O)N(CC=C)c3ccccc23)c1 |w:11.10|	Tumor necrosis factor	3412.5	PubChem	"5MU8,9OK6,9OJY,9OJS,9OJO,6X86,6X85,6X83,6X82,6X81,5YOY,7JRA,8Z8M,6OOZ,6OOY,5WUX,5M2M,5M2J,5M2I,4TWT,4G3Y,3IT8,3ALQ,3L9J,2AZ5,7ASY,7QLF"
Cc1nc(cs1)C1CCC2C3CCC4=CC(=O)CC[C@]4(C)C3CC[C@]12C |t:14|	Tumor necrosis factor	3417.5	PubChem	"5MU8,9OK6,9OJY,9OJS,9OJO,6X86,6X85,6X83,6X82,6X81,5YOY,7JRA,8Z8M,6OOZ,6OOY,5WUX,5M2M,5M2J,5M2I,4TWT,4G3Y,3IT8,3ALQ,3L9J,2AZ5,7ASY,7QLF"
[#6]-c1ccc(cc1)-[#6](=O)-[#7]\[#6](=[#6](/Cl)Cl)S(=O)(=O)c1ccc(Cl)cc1	Tumor necrosis factor	3418.5	PubChem	"5MU8,9OK6,9OJY,9OJS,9OJO,6X86,6X85,6X83,6X82,6X81,5YOY,7JRA,8Z8M,6OOZ,6OOY,5WUX,5M2M,5M2J,5M2I,4TWT,4G3Y,3IT8,3ALQ,3L9J,2AZ5,7ASY,7QLF"
CCCCCn1c2ccccc2c(O)c(C(=O)Nc2ccccc2S(N)(=O)=O)c1=O	Tumor necrosis factor	3440	PubChem	"5MU8,9OK6,9OJY,9OJS,9OJO,6X86,6X85,6X83,6X82,6X81,5YOY,7JRA,8Z8M,6OOZ,6OOY,5WUX,5M2M,5M2J,5M2I,4TWT,4G3Y,3IT8,3ALQ,3L9J,2AZ5,7ASY,7QLF"
Cc1nc(c(Br)n1CC(=O)c1ccc2ccccc2c1)[N+]([O-])=O	Tumor necrosis factor	3458.5	PubChem	"5MU8,9OK6,9OJY,9OJS,9OJO,6X86,6X85,6X83,6X82,6X81,5YOY,7JRA,8Z8M,6OOZ,6OOY,5WUX,5M2M,5M2J,5M2I,4TWT,4G3Y,3IT8,3ALQ,3L9J,2AZ5,7ASY,7QLF"
CCN(C(=O)c1cnc(N2CCN(CC2)c2ncccn2)c2ccccc12)c1cccc(Cl)c1	Tumor necrosis factor	3496.5	PubChem	"5MU8,9OK6,9OJY,9OJS,9OJO,6X86,6X85,6X83,6X82,6X81,5YOY,7JRA,8Z8M,6OOZ,6OOY,5WUX,5M2M,5M2J,5M2I,4TWT,4G3Y,3IT8,3ALQ,3L9J,2AZ5,7ASY,7QLF"
CCn1c(=O)n(C2CCCC2)c2c3cc(Cl)cc(OC)c3ncc2c1=O	Tumor necrosis factor	3500	US Patent	"2AZ5,3ALQ,3IT8,3L9J,4G3Y,4TWT,5M2I,5M2J,5M2M,5MU8,5WUX,5YOY,6OOY,6OOZ,6X81,6X82,6X83,6X85,6X86,7JRA"
CC1CCc2sc3ncnc(N4CCOCC4)c3c2C1	Tumor necrosis factor	3545	PubChem	"5MU8,9OK6,9OJY,9OJS,9OJO,6X86,6X85,6X83,6X82,6X81,5YOY,7JRA,8Z8M,6OOZ,6OOY,5WUX,5M2M,5M2J,5M2I,4TWT,4G3Y,3IT8,3ALQ,3L9J,2AZ5,7ASY,7QLF"
O=C(Nc1nc(cs1)-c1ccc2ccccc2c1)\C=C/c1ccco1	Tumor necrosis factor	3564	PubChem	"5MU8,9OK6,9OJY,9OJS,9OJO,6X86,6X85,6X83,6X82,6X81,5YOY,7JRA,8Z8M,6OOZ,6OOY,5WUX,5M2M,5M2J,5M2I,4TWT,4G3Y,3IT8,3ALQ,3L9J,2AZ5,7ASY,7QLF"
CC1CCCCC1NC(=O)C(=C\C=C\c1ccccc1[N+]([O-])=O)\C#N	Tumor necrosis factor	3591.5	PubChem	"5MU8,9OK6,9OJY,9OJS,9OJO,6X86,6X85,6X83,6X82,6X81,5YOY,7JRA,8Z8M,6OOZ,6OOY,5WUX,5M2M,5M2J,5M2I,4TWT,4G3Y,3IT8,3ALQ,3L9J,2AZ5,7ASY,7QLF"
COc1cc(\C=C2/CCC\C(=C/c3ccc(O)c(OC)c3)C2=O)ccc1O	Tumor necrosis factor	3596.5	PubChem	"5MU8,9OK6,9OJY,9OJS,9OJO,6X86,6X85,6X83,6X82,6X81,5YOY,7JRA,8Z8M,6OOZ,6OOY,5WUX,5M2M,5M2J,5M2I,4TWT,4G3Y,3IT8,3ALQ,3L9J,2AZ5,7ASY,7QLF"
Cc1ccc(cc1)S(=O)(=O)C(\NC(=O)c1ccccc1)=C\Cl	Tumor necrosis factor	3599.5	PubChem	"5MU8,9OK6,9OJY,9OJS,9OJO,6X86,6X85,6X83,6X82,6X81,5YOY,7JRA,8Z8M,6OOZ,6OOY,5WUX,5M2M,5M2J,5M2I,4TWT,4G3Y,3IT8,3ALQ,3L9J,2AZ5,7ASY,7QLF"
CCn1c(=O)n(C2CCCC2)c2c3cccc(OC(F)(F)F)c3ncc2c1=O	Tumor necrosis factor	3600	US Patent	"2AZ5,3ALQ,3IT8,3L9J,4G3Y,4TWT,5M2I,5M2J,5M2M,5MU8,5WUX,5YOY,6OOY,6OOZ,6X81,6X82,6X83,6X85,6X86,7JRA"
CCSc1nsc(NC(=O)Nc2cccc(F)c2)n1	Tumor necrosis factor	3699.5	PubChem	"5MU8,9OK6,9OJY,9OJS,9OJO,6X86,6X85,6X83,6X82,6X81,5YOY,7JRA,8Z8M,6OOZ,6OOY,5WUX,5M2M,5M2J,5M2I,4TWT,4G3Y,3IT8,3ALQ,3L9J,2AZ5,7ASY,7QLF"
Clc1cccc(c1)C(=O)NC(NC(=S)Nc1ccccc1Cl)C(Cl)(Cl)Cl	Tumor necrosis factor	3722.5	PubChem	"5MU8,9OK6,9OJY,9OJS,9OJO,6X86,6X85,6X83,6X82,6X81,5YOY,7JRA,8Z8M,6OOZ,6OOY,5WUX,5M2M,5M2J,5M2I,4TWT,4G3Y,3IT8,3ALQ,3L9J,2AZ5,7ASY,7QLF"
[#6]-[#6]-[#8]-c1cc(\[#6]=[#6](\[#6](=O)-[#8]-[#6])-[#6](=O)-[#8]-[#6])ccc1-[#8]-[#6]-c1ccc(cc1)-[#7+](-[#8-])=O	Tumor necrosis factor	3723	PubChem	"5MU8,9OK6,9OJY,9OJS,9OJO,6X86,6X85,6X83,6X82,6X81,5YOY,7JRA,8Z8M,6OOZ,6OOY,5WUX,5M2M,5M2J,5M2I,4TWT,4G3Y,3IT8,3ALQ,3L9J,2AZ5,7ASY,7QLF"
COc1cc(CN=Nc2nc3n(C)c(=O)n(C)c(=O)c3n2Cc2ccccc2)ccc1OC(=O)c1ccco1 |w:7.7|	Tumor necrosis factor	3729.5	PubChem	"5MU8,9OK6,9OJY,9OJS,9OJO,6X86,6X85,6X83,6X82,6X81,5YOY,7JRA,8Z8M,6OOZ,6OOY,5WUX,5M2M,5M2J,5M2I,4TWT,4G3Y,3IT8,3ALQ,3L9J,2AZ5,7ASY,7QLF"
FC(F)(F)c1cc(C=Cc2ccc(Cl)cc2Cl)[nH]c(=O)n1 |w:7.6|	Tumor necrosis factor	3750	PubChem	"5MU8,9OK6,9OJY,9OJS,9OJO,6X86,6X85,6X83,6X82,6X81,5YOY,7JRA,8Z8M,6OOZ,6OOY,5WUX,5M2M,5M2J,5M2I,4TWT,4G3Y,3IT8,3ALQ,3L9J,2AZ5,7ASY,7QLF"
COc1ccc(CC2(CO)CCN(CC3=Cc4cc(Cl)ccc4OC3)CC2)cc1 |t:14|	Tumor necrosis factor	3774.5	PubChem	"5MU8,9OK6,9OJY,9OJS,9OJO,6X86,6X85,6X83,6X82,6X81,5YOY,7JRA,8Z8M,6OOZ,6OOY,5WUX,5M2M,5M2J,5M2I,4TWT,4G3Y,3IT8,3ALQ,3L9J,2AZ5,7ASY,7QLF"
COc1ccc(F)c(c1)-c1nc(CN2CCN(CC2)c2ncnc3ccccc23)c(C)o1	Tumor necrosis factor	3800	PubChem	"5MU8,9OK6,9OJY,9OJS,9OJO,6X86,6X85,6X83,6X82,6X81,5YOY,7JRA,8Z8M,6OOZ,6OOY,5WUX,5M2M,5M2J,5M2I,4TWT,4G3Y,3IT8,3ALQ,3L9J,2AZ5,7ASY,7QLF"
CCCn1c(C)cc(C(=O)COc2ccc(C)nc2[N+]([O-])=O)c1C	Tumor necrosis factor	3811	PubChem	"5MU8,9OK6,9OJY,9OJS,9OJO,6X86,6X85,6X83,6X82,6X81,5YOY,7JRA,8Z8M,6OOZ,6OOY,5WUX,5M2M,5M2J,5M2I,4TWT,4G3Y,3IT8,3ALQ,3L9J,2AZ5,7ASY,7QLF"
CN(C(=O)COc1ccccc1C(=O)NCCOc1ccccc1)c1ccccc1	Tumor necrosis factor	3817	PubChem	"5MU8,9OK6,9OJY,9OJS,9OJO,6X86,6X85,6X83,6X82,6X81,5YOY,7JRA,8Z8M,6OOZ,6OOY,5WUX,5M2M,5M2J,5M2I,4TWT,4G3Y,3IT8,3ALQ,3L9J,2AZ5,7ASY,7QLF"
COc1ccc(cc1)N1CCN(CC1)S(=O)(=O)c1ccc2N(C(C)Cc2c1)C(=O)C1CC1	Tumor necrosis factor	3850	PubChem	"5MU8,9OK6,9OJY,9OJS,9OJO,6X86,6X85,6X83,6X82,6X81,5YOY,7JRA,8Z8M,6OOZ,6OOY,5WUX,5M2M,5M2J,5M2I,4TWT,4G3Y,3IT8,3ALQ,3L9J,2AZ5,7ASY,7QLF"
Clc1ccc(OCC(=O)Nc2nc(cs2)-c2ccc(cc2)S(=O)(=O)N2CCOCC2)cc1	Tumor necrosis factor	3900.5	PubChem	"5MU8,9OK6,9OJY,9OJS,9OJO,6X86,6X85,6X83,6X82,6X81,5YOY,7JRA,8Z8M,6OOZ,6OOY,5WUX,5M2M,5M2J,5M2I,4TWT,4G3Y,3IT8,3ALQ,3L9J,2AZ5,7ASY,7QLF"
COc1ccc(NS(=O)(=O)c2ccc(N=NC(C)c3ccncc3)c(c2)[N+]([O-])=O)cc1 |w:14.13|	Tumor necrosis factor	3904.5	PubChem	"5MU8,9OK6,9OJY,9OJS,9OJO,6X86,6X85,6X83,6X82,6X81,5YOY,7JRA,8Z8M,6OOZ,6OOY,5WUX,5M2M,5M2J,5M2I,4TWT,4G3Y,3IT8,3ALQ,3L9J,2AZ5,7ASY,7QLF"
Fc1cccc(F)c1C(=O)Nc1ccncc1	Tumor necrosis factor	3912.5	PubChem	"5MU8,9OK6,9OJY,9OJS,9OJO,6X86,6X85,6X83,6X82,6X81,5YOY,7JRA,8Z8M,6OOZ,6OOY,5WUX,5M2M,5M2J,5M2I,4TWT,4G3Y,3IT8,3ALQ,3L9J,2AZ5,7ASY,7QLF"
Clc1ccc(cc1)C(=O)C1CCCN(Cc2ccc3ncccc3c2)C1	Tumor necrosis factor	3921.5	PubChem	"5MU8,9OK6,9OJY,9OJS,9OJO,6X86,6X85,6X83,6X82,6X81,5YOY,7JRA,8Z8M,6OOZ,6OOY,5WUX,5M2M,5M2J,5M2I,4TWT,4G3Y,3IT8,3ALQ,3L9J,2AZ5,7ASY,7QLF"
Cc1cccc(N2CCN(CC2)C(=O)c2ccc(CS(=O)(=O)c3ccccc3C)o2)c1C	Tumor necrosis factor	3958	PubChem	"5MU8,9OK6,9OJY,9OJS,9OJO,6X86,6X85,6X83,6X82,6X81,5YOY,7JRA,8Z8M,6OOZ,6OOY,5WUX,5M2M,5M2J,5M2I,4TWT,4G3Y,3IT8,3ALQ,3L9J,2AZ5,7ASY,7QLF"
CCOc1ccc(NC(=O)c2ccc(CN3CCc4ccccc4C3)cc2)cc1	Tumor necrosis factor	3962.5	PubChem	"5MU8,9OK6,9OJY,9OJS,9OJO,6X86,6X85,6X83,6X82,6X81,5YOY,7JRA,8Z8M,6OOZ,6OOY,5WUX,5M2M,5M2J,5M2I,4TWT,4G3Y,3IT8,3ALQ,3L9J,2AZ5,7ASY,7QLF"
CSc1ccccc1OCc1cc(no1)C(=O)N1CCC(CC1)c1ccncc1	Tumor necrosis factor	3974	PubChem	"5MU8,9OK6,9OJY,9OJS,9OJO,6X86,6X85,6X83,6X82,6X81,5YOY,7JRA,8Z8M,6OOZ,6OOY,5WUX,5M2M,5M2J,5M2I,4TWT,4G3Y,3IT8,3ALQ,3L9J,2AZ5,7ASY,7QLF"
CCOC(=O)CCCn1cnc2ccc(N)cc2c1=O	Tumor necrosis factor	4000	ChEMBL	"2AZ5,3ALQ,3IT8,3L9J,4G3Y,4TWT,5M2I,5M2J,5M2M,5MU8,5WUX,5YOY,6OOY,6OOZ,6X81,6X82,6X83,6X85,6X86,7JRA"
O=S(=O)(NCC1CCCO1)c1cnc2ccc(nn12)-c1cccnc1	Tumor necrosis factor	4000	ChEMBL	"2AZ5,3ALQ,3IT8,3L9J,4G3Y,4TWT,5M2I,5M2J,5M2M,5MU8,5WUX,5YOY,6OOY,6OOZ,6X81,6X82,6X83,6X85,6X86,7JRA"
Fc1cncc(c1)-c1ccc2ncc(n2n1)S(=O)(=O)NCC1CCCO1	Tumor necrosis factor	4000	ChEMBL	"2AZ5,3ALQ,3IT8,3L9J,4G3Y,4TWT,5M2I,5M2J,5M2M,5MU8,5WUX,5YOY,6OOY,6OOZ,6X81,6X82,6X83,6X85,6X86,7JRA"
Nc1ncc(cc1C(F)(F)F)-c1ccc2ncc(n2n1)S(N)(=O)=O	Tumor necrosis factor	4000	ChEMBL	"2AZ5,3ALQ,3IT8,3L9J,4G3Y,4TWT,5M2I,5M2J,5M2M,5MU8,5WUX,5YOY,6OOY,6OOZ,6X81,6X82,6X83,6X85,6X86,7JRA"
COc1ccc(cc1)-c1ccc2ncc(n2n1)S(=O)(=O)NCC1CCCO1	Tumor necrosis factor	4000	ChEMBL	"2AZ5,3ALQ,3IT8,3L9J,4G3Y,4TWT,5M2I,5M2J,5M2M,5MU8,5WUX,5YOY,6OOY,6OOZ,6X81,6X82,6X83,6X85,6X86,7JRA"
CCc1nc2ccccc2c(C(=O)OCC(=O)Nc2cccc(c2)S(=O)(=O)N2CCOCC2)c1C	Tumor necrosis factor	4007	PubChem	"5MU8,9OK6,9OJY,9OJS,9OJO,6X86,6X85,6X83,6X82,6X81,5YOY,7JRA,8Z8M,6OOZ,6OOY,5WUX,5M2M,5M2J,5M2I,4TWT,4G3Y,3IT8,3ALQ,3L9J,2AZ5,7ASY,7QLF"
[O-][N+](=O)c1ccc(o1)C(=O)Nc1ccc2oc(nc2c1)-c1cccnc1	Tumor necrosis factor	4019.5	PubChem	"5MU8,9OK6,9OJY,9OJS,9OJO,6X86,6X85,6X83,6X82,6X81,5YOY,7JRA,8Z8M,6OOZ,6OOY,5WUX,5M2M,5M2J,5M2I,4TWT,4G3Y,3IT8,3ALQ,3L9J,2AZ5,7ASY,7QLF"
O=C(N1CCN(Cc2ccc3OCOc3c2)CC1)c1[nH]nc-2c1CCc1ccccc-21	Tumor necrosis factor	4074.5	PubChem	"5MU8,9OK6,9OJY,9OJS,9OJO,6X86,6X85,6X83,6X82,6X81,5YOY,7JRA,8Z8M,6OOZ,6OOY,5WUX,5M2M,5M2J,5M2I,4TWT,4G3Y,3IT8,3ALQ,3L9J,2AZ5,7ASY,7QLF"
Clc1ccc(cc1)-c1cn[nH]c1C(=O)C1CO1	Tumor necrosis factor	4077	PubChem	"5MU8,9OK6,9OJY,9OJS,9OJO,6X86,6X85,6X83,6X82,6X81,5YOY,7JRA,8Z8M,6OOZ,6OOY,5WUX,5M2M,5M2J,5M2I,4TWT,4G3Y,3IT8,3ALQ,3L9J,2AZ5,7ASY,7QLF"
COc1ccc(cc1)-c1nc(CN2CCN(CC2)c2ncnc3ccccc23)c(C)o1	Tumor necrosis factor	4080	PubChem	"5MU8,9OK6,9OJY,9OJS,9OJO,6X86,6X85,6X83,6X82,6X81,5YOY,7JRA,8Z8M,6OOZ,6OOY,5WUX,5M2M,5M2J,5M2I,4TWT,4G3Y,3IT8,3ALQ,3L9J,2AZ5,7ASY,7QLF"
Cc1oc(nc1CN1CCN(CC1)c1ncnc2ccccc12)-c1cccc2ccccc12	Tumor necrosis factor	4084.5	PubChem	"5MU8,9OK6,9OJY,9OJS,9OJO,6X86,6X85,6X83,6X82,6X81,5YOY,7JRA,8Z8M,6OOZ,6OOY,5WUX,5M2M,5M2J,5M2I,4TWT,4G3Y,3IT8,3ALQ,3L9J,2AZ5,7ASY,7QLF"
C\C(\C=C1/SC(=S)N(C1=O)c1ccc(cc1)C(O)=O)=C/c1ccccc1	Tumor necrosis factor	4085.5	PubChem	"5MU8,9OK6,9OJY,9OJS,9OJO,6X86,6X85,6X83,6X82,6X81,5YOY,7JRA,8Z8M,6OOZ,6OOY,5WUX,5M2M,5M2J,5M2I,4TWT,4G3Y,3IT8,3ALQ,3L9J,2AZ5,7ASY,7QLF"
CCC(=O)N1C(C)Cc2cc(ccc12)S(=O)(=O)N1CCN(CC1)c1ccc(cc1)[N+]([O-])=O	Tumor necrosis factor	4090	PubChem	"5MU8,9OK6,9OJY,9OJS,9OJO,6X86,6X85,6X83,6X82,6X81,5YOY,7JRA,8Z8M,6OOZ,6OOY,5WUX,5M2M,5M2J,5M2I,4TWT,4G3Y,3IT8,3ALQ,3L9J,2AZ5,7ASY,7QLF"
CCC(C)(C)c1ccc(OCCCC[n+]2cccc(C)c2)c(c1)C(C)(C)CC	Tumor necrosis factor	4110.5	PubChem	"5MU8,9OK6,9OJY,9OJS,9OJO,6X86,6X85,6X83,6X82,6X81,5YOY,7JRA,8Z8M,6OOZ,6OOY,5WUX,5M2M,5M2J,5M2I,4TWT,4G3Y,3IT8,3ALQ,3L9J,2AZ5,7ASY,7QLF"
COC(=O)Cc1[nH]n(-c2nc3ccccc3s2)c(=O)c1C(C)=Nc1ccc(OC)cc1 |w:22.25|	Tumor necrosis factor	4125	PubChem	"5MU8,9OK6,9OJY,9OJS,9OJO,6X86,6X85,6X83,6X82,6X81,5YOY,7JRA,8Z8M,6OOZ,6OOY,5WUX,5M2M,5M2J,5M2I,4TWT,4G3Y,3IT8,3ALQ,3L9J,2AZ5,7ASY,7QLF"
Cc1nc2ccccc2c2oc(cc12)C(=O)NCC1COc2ccccc2O1	Tumor necrosis factor	4143.5	PubChem	"5MU8,9OK6,9OJY,9OJS,9OJO,6X86,6X85,6X83,6X82,6X81,5YOY,7JRA,8Z8M,6OOZ,6OOY,5WUX,5M2M,5M2J,5M2I,4TWT,4G3Y,3IT8,3ALQ,3L9J,2AZ5,7ASY,7QLF"
Cc1sc2ncnc(N3CCN(CC3)S(=O)(=O)c3ccc(Br)cc3)c2c1C	Tumor necrosis factor	4155.5	PubChem	"5MU8,9OK6,9OJY,9OJS,9OJO,6X86,6X85,6X83,6X82,6X81,5YOY,7JRA,8Z8M,6OOZ,6OOY,5WUX,5M2M,5M2J,5M2I,4TWT,4G3Y,3IT8,3ALQ,3L9J,2AZ5,7ASY,7QLF"
Cc1nc(C)c(s1)-c1ccc(SCC(=O)Nc2cccc(Cl)c2)nn1	Tumor necrosis factor	4184	PubChem	"5MU8,9OK6,9OJY,9OJS,9OJO,6X86,6X85,6X83,6X82,6X81,5YOY,7JRA,8Z8M,6OOZ,6OOY,5WUX,5M2M,5M2J,5M2I,4TWT,4G3Y,3IT8,3ALQ,3L9J,2AZ5,7ASY,7QLF"
COc1ccccc1CNc1ncnc2sccc12	Tumor necrosis factor	4190	PubChem	"5MU8,9OK6,9OJY,9OJS,9OJO,6X86,6X85,6X83,6X82,6X81,5YOY,7JRA,8Z8M,6OOZ,6OOY,5WUX,5M2M,5M2J,5M2I,4TWT,4G3Y,3IT8,3ALQ,3L9J,2AZ5,7ASY,7QLF"
COC(=O)CC(N1C(=O)c2ccc(cc2C1=O)C(C)(C)C)c1ccc(OC)c(OC)c1	Tumor necrosis factor	4200	ChEMBL	"2AZ5,3ALQ,3IT8,3L9J,4G3Y,4TWT,5M2I,5M2J,5M2M,5MU8,5WUX,5YOY,6OOY,6OOZ,6X81,6X82,6X83,6X85,6X86,7JRA"
C(Nc1ncnc2scc(-c3ccccc3)c12)c1ccccn1	Tumor necrosis factor	4230	PubChem	"5MU8,9OK6,9OJY,9OJS,9OJO,6X86,6X85,6X83,6X82,6X81,5YOY,7JRA,8Z8M,6OOZ,6OOY,5WUX,5M2M,5M2J,5M2I,4TWT,4G3Y,3IT8,3ALQ,3L9J,2AZ5,7ASY,7QLF"
ClCC(=O)N(C(C(=O)NCCc1ccccc1)c1cccs1)c1ccc(Cl)cc1	Tumor necrosis factor	4236.5	PubChem	"5MU8,9OK6,9OJY,9OJS,9OJO,6X86,6X85,6X83,6X82,6X81,5YOY,7JRA,8Z8M,6OOZ,6OOY,5WUX,5M2M,5M2J,5M2I,4TWT,4G3Y,3IT8,3ALQ,3L9J,2AZ5,7ASY,7QLF"
Cc1ccc(OCc2cc(no2)C(=O)N2CCCC2(CC=C)CC=C)cn1	Tumor necrosis factor	4240	PubChem	"5MU8,9OK6,9OJY,9OJS,9OJO,6X86,6X85,6X83,6X82,6X81,5YOY,7JRA,8Z8M,6OOZ,6OOY,5WUX,5M2M,5M2J,5M2I,4TWT,4G3Y,3IT8,3ALQ,3L9J,2AZ5,7ASY,7QLF"
CC(C)CC(=O)C(=Cc1ccc(Cl)cc1Cl)n1cncn1 |w:7.7|	Tumor necrosis factor	4253	PubChem	"5MU8,9OK6,9OJY,9OJS,9OJO,6X86,6X85,6X83,6X82,6X81,5YOY,7JRA,8Z8M,6OOZ,6OOY,5WUX,5M2M,5M2J,5M2I,4TWT,4G3Y,3IT8,3ALQ,3L9J,2AZ5,7ASY,7QLF"
Cn1nccc1C(=O)NC1CCCc2c1cnn2-c1ccccc1F	Tumor necrosis factor	4280	PubChem	"5MU8,9OK6,9OJY,9OJS,9OJO,6X86,6X85,6X83,6X82,6X81,5YOY,7JRA,8Z8M,6OOZ,6OOY,5WUX,5M2M,5M2J,5M2I,4TWT,4G3Y,3IT8,3ALQ,3L9J,2AZ5,7ASY,7QLF"
COc1ccc(cc1)N1CCN(CC1)S(=O)(=O)c1ccc2SC(C)C(=O)Nc2c1	Tumor necrosis factor	4282.5	PubChem	"5MU8,9OK6,9OJY,9OJS,9OJO,6X86,6X85,6X83,6X82,6X81,5YOY,7JRA,8Z8M,6OOZ,6OOY,5WUX,5M2M,5M2J,5M2I,4TWT,4G3Y,3IT8,3ALQ,3L9J,2AZ5,7ASY,7QLF"
Cc1cc(Cl)c(cc1OCC(=O)NC1CCCCC1)S(=O)(=O)N1CCSCC1	Tumor necrosis factor	4290	PubChem	"5MU8,9OK6,9OJY,9OJS,9OJO,6X86,6X85,6X83,6X82,6X81,5YOY,7JRA,8Z8M,6OOZ,6OOY,5WUX,5M2M,5M2J,5M2I,4TWT,4G3Y,3IT8,3ALQ,3L9J,2AZ5,7ASY,7QLF"
Cc1ccc(cc1)-c1csc(n1)N1CCN(CCCn2c(nc3ccccc23)-c2ccncc2)CC1	Tumor necrosis factor	4298	PubChem	"5MU8,9OK6,9OJY,9OJS,9OJO,6X86,6X85,6X83,6X82,6X81,5YOY,7JRA,8Z8M,6OOZ,6OOY,5WUX,5M2M,5M2J,5M2I,4TWT,4G3Y,3IT8,3ALQ,3L9J,2AZ5,7ASY,7QLF"
COc1ccc(cc1)N1CCN(CC1)S(=O)(=O)c1ccc2N(C(C)Cc2c1)C(C)=O	Tumor necrosis factor	4300	PubChem	"5MU8,9OK6,9OJY,9OJS,9OJO,6X86,6X85,6X83,6X82,6X81,5YOY,7JRA,8Z8M,6OOZ,6OOY,5WUX,5M2M,5M2J,5M2I,4TWT,4G3Y,3IT8,3ALQ,3L9J,2AZ5,7ASY,7QLF"
CCN(CC)S(=O)(=O)c1cccc(c1)C(=O)Nc1nc2cc3OCCOc3cc2s1	Tumor necrosis factor	4303.5	PubChem	"5MU8,9OK6,9OJY,9OJS,9OJO,6X86,6X85,6X83,6X82,6X81,5YOY,7JRA,8Z8M,6OOZ,6OOY,5WUX,5M2M,5M2J,5M2I,4TWT,4G3Y,3IT8,3ALQ,3L9J,2AZ5,7ASY,7QLF"
[#6]-[#8]-[#6](=O)-[#6](=[#6]\c1ccc(-[#8]-[#6]-c2ccc(cc2)-[#7+](-[#8-])=O)c(-[#8]-[#6])c1)\[#6](=O)-[#8]-[#6]	Tumor necrosis factor	4311	PubChem	"5MU8,9OK6,9OJY,9OJS,9OJO,6X86,6X85,6X83,6X82,6X81,5YOY,7JRA,8Z8M,6OOZ,6OOY,5WUX,5M2M,5M2J,5M2I,4TWT,4G3Y,3IT8,3ALQ,3L9J,2AZ5,7ASY,7QLF"
Cn1c(\C=C\c2ccc(Br)cc2)c([N+]([O-])=O)c(=O)n(C)c1=O	Tumor necrosis factor	4312	PubChem	"5MU8,9OK6,9OJY,9OJS,9OJO,6X86,6X85,6X83,6X82,6X81,5YOY,7JRA,8Z8M,6OOZ,6OOY,5WUX,5M2M,5M2J,5M2I,4TWT,4G3Y,3IT8,3ALQ,3L9J,2AZ5,7ASY,7QLF"
FC(F)(F)c1ccc(cc1)C(=O)Nc1ccc(Oc2cccnc2)nc1	Tumor necrosis factor	4317	PubChem	"5MU8,9OK6,9OJY,9OJS,9OJO,6X86,6X85,6X83,6X82,6X81,5YOY,7JRA,8Z8M,6OOZ,6OOY,5WUX,5M2M,5M2J,5M2I,4TWT,4G3Y,3IT8,3ALQ,3L9J,2AZ5,7ASY,7QLF"
CC1Cc2cc(ccc2N1C(C)=O)S(=O)(=O)N1CCN(CC1)c1ccc(C)cc1	Tumor necrosis factor	4320	PubChem	"5MU8,9OK6,9OJY,9OJS,9OJO,6X86,6X85,6X83,6X82,6X81,5YOY,7JRA,8Z8M,6OOZ,6OOY,5WUX,5M2M,5M2J,5M2I,4TWT,4G3Y,3IT8,3ALQ,3L9J,2AZ5,7ASY,7QLF"
Cc1cc(C)n(Cc2ccc(NC(=O)c3ccc(COc4ccccc4Br)cc3)cc2)n1	Tumor necrosis factor	4343	PubChem	"5MU8,9OK6,9OJY,9OJS,9OJO,6X86,6X85,6X83,6X82,6X81,5YOY,7JRA,8Z8M,6OOZ,6OOY,5WUX,5M2M,5M2J,5M2I,4TWT,4G3Y,3IT8,3ALQ,3L9J,2AZ5,7ASY,7QLF"
COc1ccccc1CNc1ncnc2sccc12	Tumor necrosis factor	4399	PubChem	"5MU8,9OK6,9OJY,9OJS,9OJO,6X86,6X85,6X83,6X82,6X81,5YOY,7JRA,8Z8M,6OOZ,6OOY,5WUX,5M2M,5M2J,5M2I,4TWT,4G3Y,3IT8,3ALQ,3L9J,2AZ5,7ASY,7QLF"
CC(=O)c1c(C)[nH]c(C(=O)Nc2nc(cs2)-c2ccc(cc2)-c2ccccc2)c1C	Tumor necrosis factor	4406.5	PubChem	"5MU8,9OK6,9OJY,9OJS,9OJO,6X86,6X85,6X83,6X82,6X81,5YOY,7JRA,8Z8M,6OOZ,6OOY,5WUX,5M2M,5M2J,5M2I,4TWT,4G3Y,3IT8,3ALQ,3L9J,2AZ5,7ASY,7QLF"
Cc1cc(OCC(=O)Nc2ccncc2)cc(C)c1Cl	Tumor necrosis factor	4406.5	PubChem	"5MU8,9OK6,9OJY,9OJS,9OJO,6X86,6X85,6X83,6X82,6X81,5YOY,7JRA,8Z8M,6OOZ,6OOY,5WUX,5M2M,5M2J,5M2I,4TWT,4G3Y,3IT8,3ALQ,3L9J,2AZ5,7ASY,7QLF"
CC1CCc2c(C1)sc(NC(=O)c1ccc(Cl)cc1)c2C(O)=O	Tumor necrosis factor	4410	PubChem	"5MU8,9OK6,9OJY,9OJS,9OJO,6X86,6X85,6X83,6X82,6X81,5YOY,7JRA,8Z8M,6OOZ,6OOY,5WUX,5M2M,5M2J,5M2I,4TWT,4G3Y,3IT8,3ALQ,3L9J,2AZ5,7ASY,7QLF"
CCOc1ccc(cc1)-c1nc(CSCC(=O)N2CCN(CC2)c2cccc(OC)c2)c(C)o1	Tumor necrosis factor	4422	PubChem	"5MU8,9OK6,9OJY,9OJS,9OJO,6X86,6X85,6X83,6X82,6X81,5YOY,7JRA,8Z8M,6OOZ,6OOY,5WUX,5M2M,5M2J,5M2I,4TWT,4G3Y,3IT8,3ALQ,3L9J,2AZ5,7ASY,7QLF"
CCc1ccc(cc1S(=O)(=O)NCCCN1CCN(CC1)c1ccccc1)-c1cc(C)no1	Tumor necrosis factor	4422.5	PubChem	"5MU8,9OK6,9OJY,9OJS,9OJO,6X86,6X85,6X83,6X82,6X81,5YOY,7JRA,8Z8M,6OOZ,6OOY,5WUX,5M2M,5M2J,5M2I,4TWT,4G3Y,3IT8,3ALQ,3L9J,2AZ5,7ASY,7QLF"
[O-][N+](=O)c1cc(ccc1S(=O)(=O)c1cccc(Cl)c1)C(=O)N1CCN(CC1)c1ccccn1	Tumor necrosis factor	4430	PubChem	"5MU8,9OK6,9OJY,9OJS,9OJO,6X86,6X85,6X83,6X82,6X81,5YOY,7JRA,8Z8M,6OOZ,6OOY,5WUX,5M2M,5M2J,5M2I,4TWT,4G3Y,3IT8,3ALQ,3L9J,2AZ5,7ASY,7QLF"
CCn1nc(C)cc1C(=O)NC1CCCc2c1cnn2-c1ccc(C)c(C)c1	Tumor necrosis factor	4430	PubChem	"5MU8,9OK6,9OJY,9OJS,9OJO,6X86,6X85,6X83,6X82,6X81,5YOY,7JRA,8Z8M,6OOZ,6OOY,5WUX,5M2M,5M2J,5M2I,4TWT,4G3Y,3IT8,3ALQ,3L9J,2AZ5,7ASY,7QLF"
Cc1ccc(OCc2cc(no2)C(=O)N2CCCC2(CC=C)CC=C)cn1	Tumor necrosis factor	4438	PubChem	"5MU8,9OK6,9OJY,9OJS,9OJO,6X86,6X85,6X83,6X82,6X81,5YOY,7JRA,8Z8M,6OOZ,6OOY,5WUX,5M2M,5M2J,5M2I,4TWT,4G3Y,3IT8,3ALQ,3L9J,2AZ5,7ASY,7QLF"
O=C(Nc1nc(cs1)-c1ccc2OCOc2c1)c1ccncc1	Tumor necrosis factor	4501	PubChem	"5MU8,9OK6,9OJY,9OJS,9OJO,6X86,6X85,6X83,6X82,6X81,5YOY,7JRA,8Z8M,6OOZ,6OOY,5WUX,5M2M,5M2J,5M2I,4TWT,4G3Y,3IT8,3ALQ,3L9J,2AZ5,7ASY,7QLF"
Cc1nc(SCCC(O)=O)c2cc(sc2n1)-c1ccccc1	Tumor necrosis factor	4505	PubChem	"5MU8,9OK6,9OJY,9OJS,9OJO,6X86,6X85,6X83,6X82,6X81,5YOY,7JRA,8Z8M,6OOZ,6OOY,5WUX,5M2M,5M2J,5M2I,4TWT,4G3Y,3IT8,3ALQ,3L9J,2AZ5,7ASY,7QLF"
[O-][N+](=O)c1cc(ccc1S(=O)(=O)Cc1ccccc1Cl)C(=O)N1CCN(CC1)c1ccccn1	Tumor necrosis factor	4530	PubChem	"5MU8,9OK6,9OJY,9OJS,9OJO,6X86,6X85,6X83,6X82,6X81,5YOY,7JRA,8Z8M,6OOZ,6OOY,5WUX,5M2M,5M2J,5M2I,4TWT,4G3Y,3IT8,3ALQ,3L9J,2AZ5,7ASY,7QLF"
CCCc1cc(NC(=O)CCl)n(n1)-c1ccccc1	Tumor necrosis factor	4549	PubChem	"5MU8,9OK6,9OJY,9OJS,9OJO,6X86,6X85,6X83,6X82,6X81,5YOY,7JRA,8Z8M,6OOZ,6OOY,5WUX,5M2M,5M2J,5M2I,4TWT,4G3Y,3IT8,3ALQ,3L9J,2AZ5,7ASY,7QLF"
Cc1ccccc1C(=O)N1CCN(CC1)c1ccc(NC(=O)c2ccc3OCCOc3c2)cc1	Tumor necrosis factor	4550.5	PubChem	"5MU8,9OK6,9OJY,9OJS,9OJO,6X86,6X85,6X83,6X82,6X81,5YOY,7JRA,8Z8M,6OOZ,6OOY,5WUX,5M2M,5M2J,5M2I,4TWT,4G3Y,3IT8,3ALQ,3L9J,2AZ5,7ASY,7QLF"
CN1C(=S)S\C(=C/c2cc(C)n(c2C)-c2cccc(O)c2)C1=O	Tumor necrosis factor	4554	PubChem	"5MU8,9OK6,9OJY,9OJS,9OJO,6X86,6X85,6X83,6X82,6X81,5YOY,7JRA,8Z8M,6OOZ,6OOY,5WUX,5M2M,5M2J,5M2I,4TWT,4G3Y,3IT8,3ALQ,3L9J,2AZ5,7ASY,7QLF"
COc1cc(\C=C\C(=O)c2ccc(C)cc2)ccc1OCC#N	Tumor necrosis factor	4555.5	PubChem	"5MU8,9OK6,9OJY,9OJS,9OJO,6X86,6X85,6X83,6X82,6X81,5YOY,7JRA,8Z8M,6OOZ,6OOY,5WUX,5M2M,5M2J,5M2I,4TWT,4G3Y,3IT8,3ALQ,3L9J,2AZ5,7ASY,7QLF"
ClCC(=O)Nc1ccccc1Sc1ccc(Cl)cc1	Tumor necrosis factor	4562.5	PubChem	"5MU8,9OK6,9OJY,9OJS,9OJO,6X86,6X85,6X83,6X82,6X81,5YOY,7JRA,8Z8M,6OOZ,6OOY,5WUX,5M2M,5M2J,5M2I,4TWT,4G3Y,3IT8,3ALQ,3L9J,2AZ5,7ASY,7QLF"
Brc1ccc2ncnc(NCc3ccco3)c2c1	Tumor necrosis factor	4572.5	PubChem	"5MU8,9OK6,9OJY,9OJS,9OJO,6X86,6X85,6X83,6X82,6X81,5YOY,7JRA,8Z8M,6OOZ,6OOY,5WUX,5M2M,5M2J,5M2I,4TWT,4G3Y,3IT8,3ALQ,3L9J,2AZ5,7ASY,7QLF"
O=C(Nc1ccc(Cc2ccncc2)cc1)c1ccc(cc1)S(=O)(=O)N1CCCC1	Tumor necrosis factor	4588.5	PubChem	"5MU8,9OK6,9OJY,9OJS,9OJO,6X86,6X85,6X83,6X82,6X81,5YOY,7JRA,8Z8M,6OOZ,6OOY,5WUX,5M2M,5M2J,5M2I,4TWT,4G3Y,3IT8,3ALQ,3L9J,2AZ5,7ASY,7QLF"
O=C(COc1ccc2c(cc(=O)oc2c1)-c1ccccc1)Nc1cccnc1	Tumor necrosis factor	4590	PubChem	"5MU8,9OK6,9OJY,9OJS,9OJO,6X86,6X85,6X83,6X82,6X81,5YOY,7JRA,8Z8M,6OOZ,6OOY,5WUX,5M2M,5M2J,5M2I,4TWT,4G3Y,3IT8,3ALQ,3L9J,2AZ5,7ASY,7QLF"
[O-][N+](=O)c1cc(ccc1S(=O)(=O)c1ccccc1Cl)C(=O)N1CCN(Cc2ccccc2)CC1	Tumor necrosis factor	4592.5	PubChem	"5MU8,9OK6,9OJY,9OJS,9OJO,6X86,6X85,6X83,6X82,6X81,5YOY,7JRA,8Z8M,6OOZ,6OOY,5WUX,5M2M,5M2J,5M2I,4TWT,4G3Y,3IT8,3ALQ,3L9J,2AZ5,7ASY,7QLF"
Fc1ccccc1S(=O)(=O)Nc1ccccc1SCC(=O)Nc1nnc(s1)C(F)(F)F	Tumor necrosis factor	4630	PubChem	"5MU8,9OK6,9OJY,9OJS,9OJO,6X86,6X85,6X83,6X82,6X81,5YOY,7JRA,8Z8M,6OOZ,6OOY,5WUX,5M2M,5M2J,5M2I,4TWT,4G3Y,3IT8,3ALQ,3L9J,2AZ5,7ASY,7QLF"
ClCC(=O)Nc1cc(nn1-c1ccccc1)-c1ccccc1	Tumor necrosis factor	4635	PubChem	"5MU8,9OK6,9OJY,9OJS,9OJO,6X86,6X85,6X83,6X82,6X81,5YOY,7JRA,8Z8M,6OOZ,6OOY,5WUX,5M2M,5M2J,5M2I,4TWT,4G3Y,3IT8,3ALQ,3L9J,2AZ5,7ASY,7QLF"
Clc1ccc(NC(=O)c2ccc(CN3CCc4ccccc4C3)cc2)cc1	Tumor necrosis factor	4655	PubChem	"5MU8,9OK6,9OJY,9OJS,9OJO,6X86,6X85,6X83,6X82,6X81,5YOY,7JRA,8Z8M,6OOZ,6OOY,5WUX,5M2M,5M2J,5M2I,4TWT,4G3Y,3IT8,3ALQ,3L9J,2AZ5,7ASY,7QLF"
Cc1ccc(cc1)S(=O)(=O)NCc1ccc(cc1)C(=O)N1CCN(CC1)c1ccc(cc1)[N+]([O-])=O	Tumor necrosis factor	4671	PubChem	"5MU8,9OK6,9OJY,9OJS,9OJO,6X86,6X85,6X83,6X82,6X81,5YOY,7JRA,8Z8M,6OOZ,6OOY,5WUX,5M2M,5M2J,5M2I,4TWT,4G3Y,3IT8,3ALQ,3L9J,2AZ5,7ASY,7QLF"
COc1ccc(cc1S(=O)(=O)N1CCN(CC1)c1ccc(F)cc1)-c1cc(C)no1	Tumor necrosis factor	4690	PubChem	"5MU8,9OK6,9OJY,9OJS,9OJO,6X86,6X85,6X83,6X82,6X81,5YOY,7JRA,8Z8M,6OOZ,6OOY,5WUX,5M2M,5M2J,5M2I,4TWT,4G3Y,3IT8,3ALQ,3L9J,2AZ5,7ASY,7QLF"
CCOC(=O)N1CCN(CC1)C(=O)c1ccc(Cn2c(=S)[nH]c3ccc(Br)cc3c2=O)cc1	Tumor necrosis factor	4690	PubChem	"5MU8,9OK6,9OJY,9OJS,9OJO,6X86,6X85,6X83,6X82,6X81,5YOY,7JRA,8Z8M,6OOZ,6OOY,5WUX,5M2M,5M2J,5M2I,4TWT,4G3Y,3IT8,3ALQ,3L9J,2AZ5,7ASY,7QLF"
COC(=O)CC(N1C(=O)c2cc3ccccc3cc2C1=O)c1ccc(OC)c(OC)c1	Tumor necrosis factor	4700	ChEMBL	"2AZ5,3ALQ,3IT8,3L9J,4G3Y,4TWT,5M2I,5M2J,5M2M,5MU8,5WUX,5YOY,6OOY,6OOZ,6X81,6X82,6X83,6X85,6X86,7JRA"
Oc1c(ccc2ccccc12)C(=O)Nc1cccc(c1)[N+]([O-])=O	Tumor necrosis factor	4720	PubChem	"5MU8,9OK6,9OJY,9OJS,9OJO,6X86,6X85,6X83,6X82,6X81,5YOY,7JRA,8Z8M,6OOZ,6OOY,5WUX,5M2M,5M2J,5M2I,4TWT,4G3Y,3IT8,3ALQ,3L9J,2AZ5,7ASY,7QLF"
Oc1c(\C=C2\SC(=S)N(Cc3ccccc3)C2=O)cccc1[N+]([O-])=O	Tumor necrosis factor	4723.5	PubChem	"5MU8,9OK6,9OJY,9OJS,9OJO,6X86,6X85,6X83,6X82,6X81,5YOY,7JRA,8Z8M,6OOZ,6OOY,5WUX,5M2M,5M2J,5M2I,4TWT,4G3Y,3IT8,3ALQ,3L9J,2AZ5,7ASY,7QLF"
Cc1ccccc1C(=O)N1CCN(CC1)c1ccc(NC(=O)c2ccc3OCCOc3c2)cc1	Tumor necrosis factor	4730	PubChem	"5MU8,9OK6,9OJY,9OJS,9OJO,6X86,6X85,6X83,6X82,6X81,5YOY,7JRA,8Z8M,6OOZ,6OOY,5WUX,5M2M,5M2J,5M2I,4TWT,4G3Y,3IT8,3ALQ,3L9J,2AZ5,7ASY,7QLF"
Cc1conc1NC(c1cccs1)c1ccc2cccnc2c1O	Tumor necrosis factor	4735.5	PubChem	"5MU8,9OK6,9OJY,9OJS,9OJO,6X86,6X85,6X83,6X82,6X81,5YOY,7JRA,8Z8M,6OOZ,6OOY,5WUX,5M2M,5M2J,5M2I,4TWT,4G3Y,3IT8,3ALQ,3L9J,2AZ5,7ASY,7QLF"
COc1ccc(NS(=O)(=O)c2ccc(cc2)-c2coc(C)n2)cc1OC	Tumor necrosis factor	4747	PubChem	"5MU8,9OK6,9OJY,9OJS,9OJO,6X86,6X85,6X83,6X82,6X81,5YOY,7JRA,8Z8M,6OOZ,6OOY,5WUX,5M2M,5M2J,5M2I,4TWT,4G3Y,3IT8,3ALQ,3L9J,2AZ5,7ASY,7QLF"
COc1cc(\C=C2/CC(C\C(=C/c3cc(OC)c(OC)c(OC)c3)C2=O)C(C)(C)C)cc(OC)c1OC	Tumor necrosis factor	4763	PubChem	"5MU8,9OK6,9OJY,9OJS,9OJO,6X86,6X85,6X83,6X82,6X81,5YOY,7JRA,8Z8M,6OOZ,6OOY,5WUX,5M2M,5M2J,5M2I,4TWT,4G3Y,3IT8,3ALQ,3L9J,2AZ5,7ASY,7QLF"
O=C(CSc1nc2scc(-c3ccccc3)c2c(=O)[nH]1)Nc1ccccc1	Tumor necrosis factor	4782.5	PubChem	"5MU8,9OK6,9OJY,9OJS,9OJO,6X86,6X85,6X83,6X82,6X81,5YOY,7JRA,8Z8M,6OOZ,6OOY,5WUX,5M2M,5M2J,5M2I,4TWT,4G3Y,3IT8,3ALQ,3L9J,2AZ5,7ASY,7QLF"
Cc1csc2c(ncnc12)N1CCN(CC1)C(=O)Nc1ccc(Cl)c(Cl)c1	Tumor necrosis factor	4783.5	PubChem	"5MU8,9OK6,9OJY,9OJS,9OJO,6X86,6X85,6X83,6X82,6X81,5YOY,7JRA,8Z8M,6OOZ,6OOY,5WUX,5M2M,5M2J,5M2I,4TWT,4G3Y,3IT8,3ALQ,3L9J,2AZ5,7ASY,7QLF"
CCN(CC)C(=O)c1oc2ccc(cc2c1C)S(=O)(=O)N1CC(C)CC(C)C1	Tumor necrosis factor	4788	PubChem	"5MU8,9OK6,9OJY,9OJS,9OJO,6X86,6X85,6X83,6X82,6X81,5YOY,7JRA,8Z8M,6OOZ,6OOY,5WUX,5M2M,5M2J,5M2I,4TWT,4G3Y,3IT8,3ALQ,3L9J,2AZ5,7ASY,7QLF"
COc1ccc2cc3cc(oc3nc2c1)C(=O)NCCc1ccc(OC)c(OC)c1	Tumor necrosis factor	4796.5	PubChem	"5MU8,9OK6,9OJY,9OJS,9OJO,6X86,6X85,6X83,6X82,6X81,5YOY,7JRA,8Z8M,6OOZ,6OOY,5WUX,5M2M,5M2J,5M2I,4TWT,4G3Y,3IT8,3ALQ,3L9J,2AZ5,7ASY,7QLF"
Oc1cccc2C(=O)C(Cc12)=Cc1cccnc1	Tumor necrosis factor	4800	ChEMBL	"5MU8,6X86,6X85,6X83,6X82,6X81,5YOY,7JRA,8Z8M,6OOZ,6OOY,5WUX,5M2M,5M2J,5M2I,4TWT,4G3Y,3IT8,3ALQ,3L9J,2AZ5,7ASY,7QLF"
COCC1CCN(CC1)C(=O)c1cc(COc2ccc3ncccc3c2)on1	Tumor necrosis factor	4810	PubChem	"5MU8,9OK6,9OJY,9OJS,9OJO,6X86,6X85,6X83,6X82,6X81,5YOY,7JRA,8Z8M,6OOZ,6OOY,5WUX,5M2M,5M2J,5M2I,4TWT,4G3Y,3IT8,3ALQ,3L9J,2AZ5,7ASY,7QLF"
Cc1c(sc2ncnc(N3CCN(CC3)c3ccccn3)c12)C(=O)N1CCN(CC1)c1ccc(F)cc1	Tumor necrosis factor	4814.5	PubChem	"5MU8,9OK6,9OJY,9OJS,9OJO,6X86,6X85,6X83,6X82,6X81,5YOY,7JRA,8Z8M,6OOZ,6OOY,5WUX,5M2M,5M2J,5M2I,4TWT,4G3Y,3IT8,3ALQ,3L9J,2AZ5,7ASY,7QLF"
CN1CCN(CC1)c1ncnc2ccc(Br)cc12	Tumor necrosis factor	4832.5	PubChem	"5MU8,9OK6,9OJY,9OJS,9OJO,6X86,6X85,6X83,6X82,6X81,5YOY,7JRA,8Z8M,6OOZ,6OOY,5WUX,5M2M,5M2J,5M2I,4TWT,4G3Y,3IT8,3ALQ,3L9J,2AZ5,7ASY,7QLF"
ClCC(=O)Nc1cccc(c1)S(=O)(=O)N1CCCCCC1	Tumor necrosis factor	4833.5	PubChem	"5MU8,9OK6,9OJY,9OJS,9OJO,6X86,6X85,6X83,6X82,6X81,5YOY,7JRA,8Z8M,6OOZ,6OOY,5WUX,5M2M,5M2J,5M2I,4TWT,4G3Y,3IT8,3ALQ,3L9J,2AZ5,7ASY,7QLF"
O=C(CSc1ncnc2c3ccccc3oc12)N1CCCc2ccccc12	Tumor necrosis factor	4855	PubChem	"5MU8,9OK6,9OJY,9OJS,9OJO,6X86,6X85,6X83,6X82,6X81,5YOY,7JRA,8Z8M,6OOZ,6OOY,5WUX,5M2M,5M2J,5M2I,4TWT,4G3Y,3IT8,3ALQ,3L9J,2AZ5,7ASY,7QLF"
Cc1ccc(OCCn2c(NC(=O)c3ccco3)nc3ccccc23)cc1	Tumor necrosis factor	4866	PubChem	"5MU8,9OK6,9OJY,9OJS,9OJO,6X86,6X85,6X83,6X82,6X81,5YOY,7JRA,8Z8M,6OOZ,6OOY,5WUX,5M2M,5M2J,5M2I,4TWT,4G3Y,3IT8,3ALQ,3L9J,2AZ5,7ASY,7QLF"
CCC(=O)N1C(C)Cc2cc(ccc12)S(=O)(=O)N1CCN(CC1)c1ccc(cc1)[N+]([O-])=O	Tumor necrosis factor	4880	PubChem	"5MU8,9OK6,9OJY,9OJS,9OJO,6X86,6X85,6X83,6X82,6X81,5YOY,7JRA,8Z8M,6OOZ,6OOY,5WUX,5M2M,5M2J,5M2I,4TWT,4G3Y,3IT8,3ALQ,3L9J,2AZ5,7ASY,7QLF"
"COc1ccc2nc(N3CCCCC3)c(C=C3SC(S)=NC3=O)cc2c1 |w:15.15,c:20|"	Tumor necrosis factor	4904	PubChem	"5MU8,9OK6,9OJY,9OJS,9OJO,6X86,6X85,6X83,6X82,6X81,5YOY,7JRA,8Z8M,6OOZ,6OOY,5WUX,5M2M,5M2J,5M2I,4TWT,4G3Y,3IT8,3ALQ,3L9J,2AZ5,7ASY,7QLF"
CCCCn1c2ccccc2c(O)c(C(=O)Nc2cnccn2)c1=O	Tumor necrosis factor	4920	PubChem	"5MU8,9OK6,9OJY,9OJS,9OJO,6X86,6X85,6X83,6X82,6X81,5YOY,7JRA,8Z8M,6OOZ,6OOY,5WUX,5M2M,5M2J,5M2I,4TWT,4G3Y,3IT8,3ALQ,3L9J,2AZ5,7ASY,7QLF"
CCn1nc(C)c(CNC(=O)c2ccc(OC3CCN(Cc4ccccn4)CC3)cc2)c1C	Tumor necrosis factor	4937.5	PubChem	"5MU8,9OK6,9OJY,9OJS,9OJO,6X86,6X85,6X83,6X82,6X81,5YOY,7JRA,8Z8M,6OOZ,6OOY,5WUX,5M2M,5M2J,5M2I,4TWT,4G3Y,3IT8,3ALQ,3L9J,2AZ5,7ASY,7QLF"
CCN1CCN(Cc2ccc(NC(=O)c3ccc(C)c(NC(=O)C(=O)c4c[nH]c5ccccc45)c3)cc2C(F)(F)F)CC1	Tumor necrosis factor	4960.5	PubChem	"5MU8,9OK6,9OJY,9OJS,9OJO,6X86,6X85,6X83,6X82,6X81,5YOY,7JRA,8Z8M,6OOZ,6OOY,5WUX,5M2M,5M2J,5M2I,4TWT,4G3Y,3IT8,3ALQ,3L9J,2AZ5,7ASY,7QLF"
CCCn1c2nccnc2c(=O)n(CCCC(=O)OCC)c1=O	Tumor necrosis factor	5000	ChEMBL	"2AZ5,3ALQ,3IT8,3L9J,4G3Y,4TWT,5M2I,5M2J,5M2M,5MU8,5WUX,5YOY,6OOY,6OOZ,6X81,6X82,6X83,6X85,6X86,7JRA"
CCCn1c2ncn(C)c2c(=O)n(CCCC(=O)OCC)c1=O	Tumor necrosis factor	5000	ChEMBL	"2AZ5,3ALQ,3IT8,3L9J,4G3Y,4TWT,5M2I,5M2J,5M2M,5MU8,5WUX,5YOY,6OOY,6OOZ,6X81,6X82,6X83,6X85,6X86,7JRA"
CCOC(=O)CCCn1cc(C#N)c2cc(OC)c(OC)cc2c1=O	Tumor necrosis factor	5000	ChEMBL	"2AZ5,3ALQ,3IT8,3L9J,4G3Y,4TWT,5M2I,5M2J,5M2M,5MU8,5WUX,5YOY,6OOY,6OOZ,6X81,6X82,6X83,6X85,6X86,7JRA"
CCOC(=O)CCCn1ccc2ccccc2c1=O	Tumor necrosis factor	5000	ChEMBL	"2AZ5,3ALQ,3IT8,3L9J,4G3Y,4TWT,5M2I,5M2J,5M2M,5MU8,5WUX,5YOY,6OOY,6OOZ,6X81,6X82,6X83,6X85,6X86,7JRA"
CCOC(=O)CCCn1ccc2cc(OC)c(OC)cc2c1=O	Tumor necrosis factor	5000	ChEMBL	"2AZ5,3ALQ,3IT8,3L9J,4G3Y,4TWT,5M2I,5M2J,5M2M,5MU8,5WUX,5YOY,6OOY,6OOZ,6X81,6X82,6X83,6X85,6X86,7JRA"
CCOC(=O)CCCN1CNc2cc(N)ccc2C1=O	Tumor necrosis factor	5000	ChEMBL	"2AZ5,3ALQ,3IT8,3L9J,4G3Y,4TWT,5M2I,5M2J,5M2M,5MU8,5WUX,5YOY,6OOY,6OOZ,6X81,6X82,6X83,6X85,6X86,7JRA"
CC(=O)c1cn(Cc2ccccc2F)c2ccccc12	Tumor necrosis factor	5005	PubChem	"5MU8,9OK6,9OJY,9OJS,9OJO,6X86,6X85,6X83,6X82,6X81,5YOY,7JRA,8Z8M,6OOZ,6OOY,5WUX,5M2M,5M2J,5M2I,4TWT,4G3Y,3IT8,3ALQ,3L9J,2AZ5,7ASY,7QLF"
Cc1oc2c(C)c3oc(=O)c(CCC(O)=O)c(C)c3cc2c1-c1ccccc1	Tumor necrosis factor	5030	PubChem	"5MU8,9OK6,9OJY,9OJS,9OJO,6X86,6X85,6X83,6X82,6X81,5YOY,7JRA,8Z8M,6OOZ,6OOY,5WUX,5M2M,5M2J,5M2I,4TWT,4G3Y,3IT8,3ALQ,3L9J,2AZ5,7ASY,7QLF"
COc1cc(OC)c(\C=C2/CCC\C(=C/c3cc(OC)c(OC)cc3OC)C2=O)cc1OC	Tumor necrosis factor	5032	PubChem	"5MU8,9OK6,9OJY,9OJS,9OJO,6X86,6X85,6X83,6X82,6X81,5YOY,7JRA,8Z8M,6OOZ,6OOY,5WUX,5M2M,5M2J,5M2I,4TWT,4G3Y,3IT8,3ALQ,3L9J,2AZ5,7ASY,7QLF"
CN(C1=C(NC(=O)c2ccc(Cl)cc2)C(=O)c2ccccc2C1=O)c1ccccc1 |c:2|	Tumor necrosis factor	5147.5	PubChem	"5MU8,9OK6,9OJY,9OJS,9OJO,6X86,6X85,6X83,6X82,6X81,5YOY,7JRA,8Z8M,6OOZ,6OOY,5WUX,5M2M,5M2J,5M2I,4TWT,4G3Y,3IT8,3ALQ,3L9J,2AZ5,7ASY,7QLF"
[#6]-[#6]-[#8]-[#6](=O)-[#6](=[#6]\c1ccc(cc1)-n1cncn1)\[#6](=O)-[#8]-[#6]-[#6]	Tumor necrosis factor	5189	PubChem	"5MU8,9OK6,9OJY,9OJS,9OJO,6X86,6X85,6X83,6X82,6X81,5YOY,7JRA,8Z8M,6OOZ,6OOY,5WUX,5M2M,5M2J,5M2I,4TWT,4G3Y,3IT8,3ALQ,3L9J,2AZ5,7ASY,7QLF"
COc1cccc(c1)N=Nc1ccc2cccnc2c1O |w:8.8|	Tumor necrosis factor	5210	PubChem	"5MU8,9OK6,9OJY,9OJS,9OJO,6X86,6X85,6X83,6X82,6X81,5YOY,7JRA,8Z8M,6OOZ,6OOY,5WUX,5M2M,5M2J,5M2I,4TWT,4G3Y,3IT8,3ALQ,3L9J,2AZ5,7ASY,7QLF"
C\C(Cl)=C/Cn1c(NCCc2ccccc2)nc2n(C)c(=O)n(C)c(=O)c12	Tumor necrosis factor	5210	PubChem	"5MU8,9OK6,9OJY,9OJS,9OJO,6X86,6X85,6X83,6X82,6X81,5YOY,7JRA,8Z8M,6OOZ,6OOY,5WUX,5M2M,5M2J,5M2I,4TWT,4G3Y,3IT8,3ALQ,3L9J,2AZ5,7ASY,7QLF"
[O-][N+](=O)c1ccccc1C(=O)Oc1c(Br)cc(Br)cc1CNC(=O)c1ccccc1	Tumor necrosis factor	5217.5	PubChem	"5MU8,9OK6,9OJY,9OJS,9OJO,6X86,6X85,6X83,6X82,6X81,5YOY,7JRA,8Z8M,6OOZ,6OOY,5WUX,5M2M,5M2J,5M2I,4TWT,4G3Y,3IT8,3ALQ,3L9J,2AZ5,7ASY,7QLF"
CCc1nnc(NC(=O)c2ccc(Cl)c(c2)S(=O)(=O)N2CCc3ccccc3C2)s1	Tumor necrosis factor	5229.5	PubChem	"5MU8,9OK6,9OJY,9OJS,9OJO,6X86,6X85,6X83,6X82,6X81,5YOY,7JRA,8Z8M,6OOZ,6OOY,5WUX,5M2M,5M2J,5M2I,4TWT,4G3Y,3IT8,3ALQ,3L9J,2AZ5,7ASY,7QLF"
CN(C)S(=O)(=O)c1cc(NC(=O)CSc2nn(-c3ccc(Cl)cc3)c(=S)s2)ccc1Cl	Tumor necrosis factor	5231.5	PubChem	"5MU8,9OK6,9OJY,9OJS,9OJO,6X86,6X85,6X83,6X82,6X81,5YOY,7JRA,8Z8M,6OOZ,6OOY,5WUX,5M2M,5M2J,5M2I,4TWT,4G3Y,3IT8,3ALQ,3L9J,2AZ5,7ASY,7QLF"
Cc1cc(OCC(=O)Nc2ccncc2)cc(C)c1Br	Tumor necrosis factor	5236.5	PubChem	"5MU8,9OK6,9OJY,9OJS,9OJO,6X86,6X85,6X83,6X82,6X81,5YOY,7JRA,8Z8M,6OOZ,6OOY,5WUX,5M2M,5M2J,5M2I,4TWT,4G3Y,3IT8,3ALQ,3L9J,2AZ5,7ASY,7QLF"
CN(Cc1cccnc1)C(=O)c1cc(COc2ccc3ncccc3c2)on1	Tumor necrosis factor	5240	PubChem	"5MU8,9OK6,9OJY,9OJS,9OJO,6X86,6X85,6X83,6X82,6X81,5YOY,7JRA,8Z8M,6OOZ,6OOY,5WUX,5M2M,5M2J,5M2I,4TWT,4G3Y,3IT8,3ALQ,3L9J,2AZ5,7ASY,7QLF"
COc1ccc(\C=C\c2cc(o[n+]2C)-c2ccc(C)cc2)cc1	Tumor necrosis factor	5246.5	PubChem	"5MU8,9OK6,9OJY,9OJS,9OJO,6X86,6X85,6X83,6X82,6X81,5YOY,7JRA,8Z8M,6OOZ,6OOY,5WUX,5M2M,5M2J,5M2I,4TWT,4G3Y,3IT8,3ALQ,3L9J,2AZ5,7ASY,7QLF"
CCOC(=O)\C=C\C(=O)Nc1ccc(cc1)S(=O)(=O)N(C)c1ccccc1	Tumor necrosis factor	5258.5	PubChem	"5MU8,9OK6,9OJY,9OJS,9OJO,6X86,6X85,6X83,6X82,6X81,5YOY,7JRA,8Z8M,6OOZ,6OOY,5WUX,5M2M,5M2J,5M2I,4TWT,4G3Y,3IT8,3ALQ,3L9J,2AZ5,7ASY,7QLF"
S=C(Nc1ccc(Oc2ccccc2)cc1)N1CCN(CC1)c1ccccn1	Tumor necrosis factor	5270.5	PubChem	"5MU8,9OK6,9OJY,9OJS,9OJO,6X86,6X85,6X83,6X82,6X81,5YOY,7JRA,8Z8M,6OOZ,6OOY,5WUX,5M2M,5M2J,5M2I,4TWT,4G3Y,3IT8,3ALQ,3L9J,2AZ5,7ASY,7QLF"
Cc1c(NS(=O)(=O)c2ccc3OCCOc3c2)cccc1-c1nc2cccnc2s1	Tumor necrosis factor	5274.5	PubChem	"5MU8,9OK6,9OJY,9OJS,9OJO,6X86,6X85,6X83,6X82,6X81,5YOY,7JRA,8Z8M,6OOZ,6OOY,5WUX,5M2M,5M2J,5M2I,4TWT,4G3Y,3IT8,3ALQ,3L9J,2AZ5,7ASY,7QLF"
ClCC(=O)Nc1cn(nc1-c1ccccc1)-c1ccccc1	Tumor necrosis factor	5275	PubChem	"5MU8,9OK6,9OJY,9OJS,9OJO,6X86,6X85,6X83,6X82,6X81,5YOY,7JRA,8Z8M,6OOZ,6OOY,5WUX,5M2M,5M2J,5M2I,4TWT,4G3Y,3IT8,3ALQ,3L9J,2AZ5,7ASY,7QLF"
CC1(C)N(Cc2ccccc2OC(F)F)c2ccccc2C1=O	Tumor necrosis factor	5300	ChEMBL	"2AZ5,3ALQ,3IT8,3L9J,4G3Y,4TWT,5M2I,5M2J,5M2M,5MU8,5WUX,5YOY,6OOY,6OOZ,6X81,6X82,6X83,6X85,6X86,7JRA"
O=C(Nc1ccc2nn(nc2c1)-c1ccccc1)c1ccc2OCCOc2c1	Tumor necrosis factor	5312	PubChem	"5MU8,9OK6,9OJY,9OJS,9OJO,6X86,6X85,6X83,6X82,6X81,5YOY,7JRA,8Z8M,6OOZ,6OOY,5WUX,5M2M,5M2J,5M2I,4TWT,4G3Y,3IT8,3ALQ,3L9J,2AZ5,7ASY,7QLF"
Cc1sc2nc(C)nc(N3CCN(CC3)C(=O)COc3ccccc3)c2c1C	Tumor necrosis factor	5321	PubChem	"5MU8,9OK6,9OJY,9OJS,9OJO,6X86,6X85,6X83,6X82,6X81,5YOY,7JRA,8Z8M,6OOZ,6OOY,5WUX,5M2M,5M2J,5M2I,4TWT,4G3Y,3IT8,3ALQ,3L9J,2AZ5,7ASY,7QLF"
ClCC(=O)N1N=C(CC1c1cccs1)c1ccco1 |c:5|	Tumor necrosis factor	5321.5	PubChem	"5MU8,9OK6,9OJY,9OJS,9OJO,6X86,6X85,6X83,6X82,6X81,5YOY,7JRA,8Z8M,6OOZ,6OOY,5WUX,5M2M,5M2J,5M2I,4TWT,4G3Y,3IT8,3ALQ,3L9J,2AZ5,7ASY,7QLF"
COc1ccc(NS(=O)(=O)c2ccc(NC(=O)c3ccc(CN4CCOCC4)cc3)cc2)cc1	Tumor necrosis factor	5347	PubChem	"5MU8,9OK6,9OJY,9OJS,9OJO,6X86,6X85,6X83,6X82,6X81,5YOY,7JRA,8Z8M,6OOZ,6OOY,5WUX,5M2M,5M2J,5M2I,4TWT,4G3Y,3IT8,3ALQ,3L9J,2AZ5,7ASY,7QLF"
COc1cc2CCN=C(c3ccc(o3)-c3cc(Cl)ccc3Cl)c2cc1OC |t:7|	Tumor necrosis factor	5363	PubChem	"5MU8,9OK6,9OJY,9OJS,9OJO,6X86,6X85,6X83,6X82,6X81,5YOY,7JRA,8Z8M,6OOZ,6OOY,5WUX,5M2M,5M2J,5M2I,4TWT,4G3Y,3IT8,3ALQ,3L9J,2AZ5,7ASY,7QLF"
O=S(=O)(NCC1CCCO1)c1ccc(cc1)-c1ccc(cc1)S(=O)(=O)NCC1CCCO1	Tumor necrosis factor	5366	PubChem	"5MU8,9OK6,9OJY,9OJS,9OJO,6X86,6X85,6X83,6X82,6X81,5YOY,7JRA,8Z8M,6OOZ,6OOY,5WUX,5M2M,5M2J,5M2I,4TWT,4G3Y,3IT8,3ALQ,3L9J,2AZ5,7ASY,7QLF"
CN(C)c1ccc(NC(=O)c2ccc(CN3CCc4ccccc34)cc2)cc1	Tumor necrosis factor	5370	PubChem	"5MU8,9OK6,9OJY,9OJS,9OJO,6X86,6X85,6X83,6X82,6X81,5YOY,7JRA,8Z8M,6OOZ,6OOY,5WUX,5M2M,5M2J,5M2I,4TWT,4G3Y,3IT8,3ALQ,3L9J,2AZ5,7ASY,7QLF"
Cc1ccc(cc1)S(=O)(=O)c1ccc(cn1)[N+]([O-])=O	Tumor necrosis factor	5371.5	PubChem	"5MU8,9OK6,9OJY,9OJS,9OJO,6X86,6X85,6X83,6X82,6X81,5YOY,7JRA,8Z8M,6OOZ,6OOY,5WUX,5M2M,5M2J,5M2I,4TWT,4G3Y,3IT8,3ALQ,3L9J,2AZ5,7ASY,7QLF"
CN(c1ccccc1)S(=O)(=O)c1cc(ccc1Cl)C(=O)Nc1nc2ccccc2[nH]1	Tumor necrosis factor	5374.5	PubChem	"5MU8,9OK6,9OJY,9OJS,9OJO,6X86,6X85,6X83,6X82,6X81,5YOY,7JRA,8Z8M,6OOZ,6OOY,5WUX,5M2M,5M2J,5M2I,4TWT,4G3Y,3IT8,3ALQ,3L9J,2AZ5,7ASY,7QLF"
COc1ccc(\C=C2/SC(=S)N(CCCC(=O)NNC(=O)c3ccccc3O)C2=O)cc1	Tumor necrosis factor	5392	PubChem	"5MU8,9OK6,9OJY,9OJS,9OJO,6X86,6X85,6X83,6X82,6X81,5YOY,7JRA,8Z8M,6OOZ,6OOY,5WUX,5M2M,5M2J,5M2I,4TWT,4G3Y,3IT8,3ALQ,3L9J,2AZ5,7ASY,7QLF"
Nc1nc(CCl)nc(Nc2ccc3ccccc3c2)n1	Tumor necrosis factor	5397	PubChem	"5MU8,9OK6,9OJY,9OJS,9OJO,6X86,6X85,6X83,6X82,6X81,5YOY,7JRA,8Z8M,6OOZ,6OOY,5WUX,5M2M,5M2J,5M2I,4TWT,4G3Y,3IT8,3ALQ,3L9J,2AZ5,7ASY,7QLF"
CN(c1ccccc1)S(=O)(=O)c1ccc(Cl)c(c1)C(=O)Nc1ccc2nc(C)sc2c1	Tumor necrosis factor	5430	PubChem	"5MU8,9OK6,9OJY,9OJS,9OJO,6X86,6X85,6X83,6X82,6X81,5YOY,7JRA,8Z8M,6OOZ,6OOY,5WUX,5M2M,5M2J,5M2I,4TWT,4G3Y,3IT8,3ALQ,3L9J,2AZ5,7ASY,7QLF"
CC(C)(C)OC(=O)NCC(C(=O)Nc1ccc2cnccc2c1)c1ccc(CCOC(=O)CCC(=O)OCC(=O)[C@@]23OC(C)(C)O[C@@H]2C[C@H]2[C@@H]4C[C@H](F)C5=CC(=O)C=C[C@]5(C)[C@@]4(F)[C@@H](O)C[C@]32C)cc1	Tumor necrosis factor	5465	US Patent	"2AZ5,3ALQ,3IT8,3L9J,4G3Y,4TWT,5M2I,5M2J,5M2M,5MU8,5WUX,5YOY,6OOY,6OOZ,6X81,6X82,6X83,6X85,6X86,7JRA"
CC(C)(C)OC(=O)NCC(C(=O)Nc1ccc2cnccc2c1)c1ccc(CCOC(=O)CCC(=O)OCC(=O)[C@@]23OC(C)(C)O[C@@H]2C[C@H]2[C@@H]4C[C@H](F)C5=CC(=O)C=C[C@]5(C)[C@@]4(F)[C@@H](O)C[C@]32C)cc1	Tumor necrosis factor	5465	US Patent	"2AZ5,3ALQ,3IT8,3L9J,4G3Y,4TWT,5M2I,5M2J,5M2M,5MU8,5WUX,5YOY,6OOY,6OOZ,6X81,6X82,6X83,6X85,6X86,7JRA"
CC(=NNC(=O)c1cc(Cl)ccc1O)c1ccc(Br)s1 |w:2.2|	Tumor necrosis factor	5474.5	PubChem	"5MU8,9OK6,9OJY,9OJS,9OJO,6X86,6X85,6X83,6X82,6X81,5YOY,7JRA,8Z8M,6OOZ,6OOY,5WUX,5M2M,5M2J,5M2I,4TWT,4G3Y,3IT8,3ALQ,3L9J,2AZ5,7ASY,7QLF"
ClCC(=O)N1C(CSc2ccccc12)c1ccccc1	Tumor necrosis factor	5492.5	PubChem	"5MU8,9OK6,9OJY,9OJS,9OJO,6X86,6X85,6X83,6X82,6X81,5YOY,7JRA,8Z8M,6OOZ,6OOY,5WUX,5M2M,5M2J,5M2I,4TWT,4G3Y,3IT8,3ALQ,3L9J,2AZ5,7ASY,7QLF"
Cc1cccc2cc3c(N)c(sc3nc12)C(=O)Nc1ccc(cc1)N1CCOCC1	Tumor necrosis factor	5496.5	PubChem	"5MU8,9OK6,9OJY,9OJS,9OJO,6X86,6X85,6X83,6X82,6X81,5YOY,7JRA,8Z8M,6OOZ,6OOY,5WUX,5M2M,5M2J,5M2I,4TWT,4G3Y,3IT8,3ALQ,3L9J,2AZ5,7ASY,7QLF"
Cc1ccc(C)c(c1)N1CCCc2nc3cc(C)c(cn3c12)-c1ccc(CO)nc1	Tumor necrosis factor	5500	US Patent	"2AZ5,3ALQ,3IT8,3L9J,4G3Y,4TWT,5M2I,5M2J,5M2M,5MU8,5WUX,5YOY,6OOY,6OOZ,6X81,6X82,6X83,6X85,6X86,7JRA"
Cc1cc2nc3CCCN(c3n2cc1-c1cnn(C)c1)c1ccccc1OC(F)F	Tumor necrosis factor	5500	US Patent	"2AZ5,3ALQ,3IT8,3L9J,4G3Y,4TWT,5M2I,5M2J,5M2M,5MU8,5WUX,5YOY,6OOY,6OOZ,6X81,6X82,6X83,6X85,6X86,7JRA"
COc1ccc(cn1)-c1ccc2nc3CCCN(c3n2c1)c1nccc2ccccc12	Tumor necrosis factor	5500	US Patent	"2AZ5,3ALQ,3IT8,3L9J,4G3Y,4TWT,5M2I,5M2J,5M2M,5MU8,5WUX,5YOY,6OOY,6OOZ,6X81,6X82,6X83,6X85,6X86,7JRA"
COc1ccc(cn1)-c1ccc2nc3CCCN(c3n2c1)c1cc(ccc1C)C(F)(F)F	Tumor necrosis factor	5500	US Patent	"2AZ5,3ALQ,3IT8,3L9J,4G3Y,4TWT,5M2I,5M2J,5M2M,5MU8,5WUX,5YOY,6OOY,6OOZ,6X81,6X82,6X83,6X85,6X86,7JRA"
COc1ccc(cn1)-c1cn2c3N(CCCc3nc2cc1Cl)c1ccccc1OC(F)F	Tumor necrosis factor	5500	US Patent	"2AZ5,3ALQ,3IT8,3L9J,4G3Y,4TWT,5M2I,5M2J,5M2M,5MU8,5WUX,5YOY,6OOY,6OOZ,6X81,6X82,6X83,6X85,6X86,7JRA"
COc1ccc(cn1)-c1ccc2nc3CCCN(c3n2c1)c1cc(C)ccc1C	Tumor necrosis factor	5500	US Patent	"2AZ5,3ALQ,3IT8,3L9J,4G3Y,4TWT,5M2I,5M2J,5M2M,5MU8,5WUX,5YOY,6OOY,6OOZ,6X81,6X82,6X83,6X85,6X86,7JRA"
COc1ccc(cn1)-c1ccc2nc3CCCN(c3n2c1)c1cccc(C)c1C	Tumor necrosis factor	5500	US Patent	"2AZ5,3ALQ,3IT8,3L9J,4G3Y,4TWT,5M2I,5M2J,5M2M,5MU8,5WUX,5YOY,6OOY,6OOZ,6X81,6X82,6X83,6X85,6X86,7JRA"
COc1ccc(cn1)-c1ccc2nc3CCCN(c3n2c1)c1ccc(C)cc1C	Tumor necrosis factor	5500	US Patent	"2AZ5,3ALQ,3IT8,3L9J,4G3Y,4TWT,5M2I,5M2J,5M2M,5MU8,5WUX,5YOY,6OOY,6OOZ,6X81,6X82,6X83,6X85,6X86,7JRA"
Cc1ccc(C)c(c1)N1CCCc2nc3ccc(cn3c12)-c1ccc(cc1)C(C)(C)O	Tumor necrosis factor	5500	US Patent	"2AZ5,3ALQ,3IT8,3L9J,4G3Y,4TWT,5M2I,5M2J,5M2M,5MU8,5WUX,5YOY,6OOY,6OOZ,6X81,6X82,6X83,6X85,6X86,7JRA"
Cc1ccc(C)c(c1)N1CCCc2nc3c(C)c(C)c(cn3c12)-c1cnc(nc1)N1CCOCC1	Tumor necrosis factor	5500	US Patent	"2AZ5,3ALQ,3IT8,3L9J,4G3Y,4TWT,5M2I,5M2J,5M2M,5MU8,5WUX,5YOY,6OOY,6OOZ,6X81,6X82,6X83,6X85,6X86,7JRA"
O=C(N1CCOCC1)c1ccc2C(=O)N(Cc2c1)c1cccc(n1)-c1nncn1C1CC1	Tumor necrosis factor	5500	US Patent	"2AZ5,3ALQ,3IT8,3L9J,4G3Y,4TWT,5M2I,5M2J,5M2M,5MU8,5WUX,5YOY,6OOY,6OOZ,6X81,6X82,6X83,6X85,6X86,7JRA"
OC1CCN(CC1)C(=O)c1ccc2C(=O)N(Cc2c1)c1cccc(n1)-c1nncn1C1CC1	Tumor necrosis factor	5500	US Patent	"2AZ5,3ALQ,3IT8,3L9J,4G3Y,4TWT,5M2I,5M2J,5M2M,5MU8,5WUX,5YOY,6OOY,6OOZ,6X81,6X82,6X83,6X85,6X86,7JRA"
CC1(O)CCN(CC1)C(=O)c1ccc2C(=O)N(Cc2c1)c1cccc(n1)-c1nncn1C1CC1	Tumor necrosis factor	5500	US Patent	"2AZ5,3ALQ,3IT8,3L9J,4G3Y,4TWT,5M2I,5M2J,5M2M,5MU8,5WUX,5YOY,6OOY,6OOZ,6X81,6X82,6X83,6X85,6X86,7JRA"
CC(=O)N1CCN(CC1)C(=O)c1ccc2C(=O)N(Cc2c1)c1cccc(n1)-c1nncn1C1CC1	Tumor necrosis factor	5500	US Patent	"2AZ5,3ALQ,3IT8,3L9J,4G3Y,4TWT,5M2I,5M2J,5M2M,5MU8,5WUX,5YOY,6OOY,6OOZ,6X81,6X82,6X83,6X85,6X86,7JRA"
CC(=O)NC1CCN(CC1)C(=O)c1ccc2C(=O)N(Cc2c1)c1cccc(n1)-c1nncn1C1CC1	Tumor necrosis factor	5500	US Patent	"2AZ5,3ALQ,3IT8,3L9J,4G3Y,4TWT,5M2I,5M2J,5M2M,5MU8,5WUX,5YOY,6OOY,6OOZ,6X81,6X82,6X83,6X85,6X86,7JRA"
O=C1N(Cc2ccc(cc12)-c1cnc(cn1)C1CC1)c1cccc(n1)-c1nncn1C1CC1	Tumor necrosis factor	5500	US Patent	"2AZ5,3ALQ,3IT8,3L9J,4G3Y,4TWT,5M2I,5M2J,5M2M,5MU8,5WUX,5YOY,6OOY,6OOZ,6X81,6X82,6X83,6X85,6X86,7JRA"
Cc1ccc(cc1C1CC(O)c2nc3ccc(nc3n12)-c1ccc(cc1)C(C)(C)O)C(F)(F)F	Tumor necrosis factor	5500	US Patent	"2AZ5,3ALQ,3IT8,3L9J,4G3Y,4TWT,5M2I,5M2J,5M2M,5MU8,5WUX,5YOY,6OOY,6OOZ,6X81,6X82,6X83,6X85,6X86,7JRA"
CC(C)(O)c1ccc(cc1)-c1ccc2nc3C(O)CC(c4cc(ccc4C(F)(F)F)C(F)(F)F)n3c2n1	Tumor necrosis factor	5500	US Patent	"2AZ5,3ALQ,3IT8,3L9J,4G3Y,4TWT,5M2I,5M2J,5M2M,5MU8,5WUX,5YOY,6OOY,6OOZ,6X81,6X82,6X83,6X85,6X86,7JRA"
COc1ccccc1C1CC(O)c2nc3ccc(nc3n12)-c1ccc(cc1)C(C)(C)O	Tumor necrosis factor	5500	US Patent	"2AZ5,3ALQ,3IT8,3L9J,4G3Y,4TWT,5M2I,5M2J,5M2M,5MU8,5WUX,5YOY,6OOY,6OOZ,6X81,6X82,6X83,6X85,6X86,7JRA"
CC(C)(O)c1ccc(cc1)-c1ccc2nc3C(F)CC(c4ccccc4C(F)(F)F)n3c2n1	Tumor necrosis factor	5500	US Patent	"2AZ5,3ALQ,3IT8,3L9J,4G3Y,4TWT,5M2I,5M2J,5M2M,5MU8,5WUX,5YOY,6OOY,6OOZ,6X81,6X82,6X83,6X85,6X86,7JRA"
OCc1ccc(cn1)-c1ccc2nc3C(F)CC(c4ccccc4OC(F)F)n3c2n1	Tumor necrosis factor	5500	US Patent	"2AZ5,3ALQ,3IT8,3L9J,4G3Y,4TWT,5M2I,5M2J,5M2M,5MU8,5WUX,5YOY,6OOY,6OOZ,6X81,6X82,6X83,6X85,6X86,7JRA"
Cn1cc(cn1)-c1ccc2nc3C(F)CC(c4ccccc4OC(F)F)n3c2n1	Tumor necrosis factor	5500	US Patent	"2AZ5,3ALQ,3IT8,3L9J,4G3Y,4TWT,5M2I,5M2J,5M2M,5MU8,5WUX,5YOY,6OOY,6OOZ,6X81,6X82,6X83,6X85,6X86,7JRA"
OCc1ccc(cn1)-c1ccc2nc3CCC(c4ccccc4OC(F)F)n3c2n1	Tumor necrosis factor	5500	US Patent	"2AZ5,3ALQ,3IT8,3L9J,4G3Y,4TWT,5M2I,5M2J,5M2M,5MU8,5WUX,5YOY,6OOY,6OOZ,6X81,6X82,6X83,6X85,6X86,7JRA"
Cn1cc(cn1)-c1ccc2nc3CCC(c4ccccc4OC(F)F)n3c2n1	Tumor necrosis factor	5500	US Patent	"2AZ5,3ALQ,3IT8,3L9J,4G3Y,4TWT,5M2I,5M2J,5M2M,5MU8,5WUX,5YOY,6OOY,6OOZ,6X81,6X82,6X83,6X85,6X86,7JRA"
COc1ccccc1C1CCc2nc3ccc(nc3n12)-c1cnc(nc1)N1CCN(CC(O)=O)CC1	Tumor necrosis factor	5500	US Patent	"2AZ5,3ALQ,3IT8,3L9J,4G3Y,4TWT,5M2I,5M2J,5M2M,5MU8,5WUX,5YOY,6OOY,6OOZ,6X81,6X82,6X83,6X85,6X86,7JRA"
CN1CCN(CC1)c1ccc(cc1)-c1ccc2nc3CCC(c4cc(C)ccc4C)n3c2n1	Tumor necrosis factor	5500	US Patent	"2AZ5,3ALQ,3IT8,3L9J,4G3Y,4TWT,5M2I,5M2J,5M2M,5MU8,5WUX,5YOY,6OOY,6OOZ,6X81,6X82,6X83,6X85,6X86,7JRA"
Cc1ccc(C)c(c1)C1CCc2nc3ccc(nc3n12)-c1ccc(CO)nc1	Tumor necrosis factor	5500	US Patent	"2AZ5,3ALQ,3IT8,3L9J,4G3Y,4TWT,5M2I,5M2J,5M2M,5MU8,5WUX,5YOY,6OOY,6OOZ,6X81,6X82,6X83,6X85,6X86,7JRA"
Cc1ccc(C)c(c1)C1CCc2nc3ccc(nc3n12)-c1cnn(C)c1	Tumor necrosis factor	5500	US Patent	"2AZ5,3ALQ,3IT8,3L9J,4G3Y,4TWT,5M2I,5M2J,5M2M,5MU8,5WUX,5YOY,6OOY,6OOZ,6X81,6X82,6X83,6X85,6X86,7JRA"
CC(C)(O)c1ncc(cn1)-c1ccc2nc3CCNC(c3n2n1)c1ccccc1OC(F)F	Tumor necrosis factor	5500	US Patent	"2AZ5,3ALQ,3IT8,3L9J,4G3Y,4TWT,5M2I,5M2J,5M2M,5MU8,5WUX,5YOY,6OOY,6OOZ,6X81,6X82,6X83,6X85,6X86,7JRA"
CC(C)(O)c1ccc(cc1)-c1ccc2nc3[C@@H](O)CN[C@H](c3n2n1)c1ccccc1OC(F)F	Tumor necrosis factor	5500	US Patent	"2AZ5,3ALQ,3IT8,3L9J,4G3Y,4TWT,5M2I,5M2J,5M2M,5MU8,5WUX,5YOY,6OOY,6OOZ,6X81,6X82,6X83,6X85,6X86,7JRA"
CC(C)(O)c1ccc(cc1)-c1ccc2nc3[C@@H](O)CN[C@H](c3n2n1)c1ccccc1OC(F)F	Tumor necrosis factor	5500	US Patent	"2AZ5,3ALQ,3IT8,3L9J,4G3Y,4TWT,5M2I,5M2J,5M2M,5MU8,5WUX,5YOY,6OOY,6OOZ,6X81,6X82,6X83,6X85,6X86,7JRA"
CC(C)(O)c1ccc(cc1)-c1ccc2nc3C(F)CNC(c3n2n1)c1ccccc1OC(F)F	Tumor necrosis factor	5500	US Patent	"2AZ5,3ALQ,3IT8,3L9J,4G3Y,4TWT,5M2I,5M2J,5M2M,5MU8,5WUX,5YOY,6OOY,6OOZ,6X81,6X82,6X83,6X85,6X86,7JRA"
CC(C)(O)c1ncc(cn1)-c1ccc2nc3C(F)CNC(c3n2n1)c1ccccc1OC(F)F	Tumor necrosis factor	5500	US Patent	"2AZ5,3ALQ,3IT8,3L9J,4G3Y,4TWT,5M2I,5M2J,5M2M,5MU8,5WUX,5YOY,6OOY,6OOZ,6X81,6X82,6X83,6X85,6X86,7JRA"
CC(C)(O)c1ccc(cc1)-c1ccc2nc3[C@H](O)CN[C@H](c3n2n1)c1ccccc1OC(F)F	Tumor necrosis factor	5500	US Patent	"2AZ5,3ALQ,3IT8,3L9J,4G3Y,4TWT,5M2I,5M2J,5M2M,5MU8,5WUX,5YOY,6OOY,6OOZ,6X81,6X82,6X83,6X85,6X86,7JRA"
CC(C)(O)c1ccc(cc1)-c1ccc2nc3[C@@H](O)CN[C@@H](c3n2n1)c1ccccc1OC(F)F	Tumor necrosis factor	5500	US Patent	"2AZ5,3ALQ,3IT8,3L9J,4G3Y,4TWT,5M2I,5M2J,5M2M,5MU8,5WUX,5YOY,6OOY,6OOZ,6X81,6X82,6X83,6X85,6X86,7JRA"
CC(=O)c1ccc(cn1)-c1ccc2nc3[C@H](O)CN[C@H](c3n2n1)c1ccccc1OC(F)F	Tumor necrosis factor	5500	US Patent	"2AZ5,3ALQ,3IT8,3L9J,4G3Y,4TWT,5M2I,5M2J,5M2M,5MU8,5WUX,5YOY,6OOY,6OOZ,6X81,6X82,6X83,6X85,6X86,7JRA"
CC(C)(O)c1ncc(cn1)-c1ccc2nc3C(O)CNC(c3n2n1)c1ccccc1OC(F)F	Tumor necrosis factor	5500	US Patent	"2AZ5,3ALQ,3IT8,3L9J,4G3Y,4TWT,5M2I,5M2J,5M2M,5MU8,5WUX,5YOY,6OOY,6OOZ,6X81,6X82,6X83,6X85,6X86,7JRA"
OC1CNC(c2c1nc1ccc(nn21)-c1ccc(cc1)C(=O)N1CCOCC1)c1ccccc1OC(F)F	Tumor necrosis factor	5500	US Patent	"2AZ5,3ALQ,3IT8,3L9J,4G3Y,4TWT,5M2I,5M2J,5M2M,5MU8,5WUX,5YOY,6OOY,6OOZ,6X81,6X82,6X83,6X85,6X86,7JRA"
OC1CNC(c2c1nc1ccc(nn21)-c1ccc(nc1)C(=O)NC1CC1)c1ccccc1OC(F)F	Tumor necrosis factor	5500	US Patent	"2AZ5,3ALQ,3IT8,3L9J,4G3Y,4TWT,5M2I,5M2J,5M2M,5MU8,5WUX,5YOY,6OOY,6OOZ,6X81,6X82,6X83,6X85,6X86,7JRA"
OC1CNC(c2c1nc1ccc(nn21)-c1cnc(nc1)N1CCN(CC(O)=O)CC1)c1ccccc1OC(F)F	Tumor necrosis factor	5500	US Patent	"2AZ5,3ALQ,3IT8,3L9J,4G3Y,4TWT,5M2I,5M2J,5M2M,5MU8,5WUX,5YOY,6OOY,6OOZ,6X81,6X82,6X83,6X85,6X86,7JRA"
COc1cc(F)ccc1C1NCC(O)c2nc3ccc(nn3c12)-c1ccc(cc1)C(C)(C)O	Tumor necrosis factor	5500	US Patent	"2AZ5,3ALQ,3IT8,3L9J,4G3Y,4TWT,5M2I,5M2J,5M2M,5MU8,5WUX,5YOY,6OOY,6OOZ,6X81,6X82,6X83,6X85,6X86,7JRA"
COc1cc(F)ccc1[C@@H]1NC[C@H](O)c2nc3ccc(nn3c12)-c1ccc(cc1)C(C)(C)O	Tumor necrosis factor	5500	US Patent	"2AZ5,3ALQ,3IT8,3L9J,4G3Y,4TWT,5M2I,5M2J,5M2M,5MU8,5WUX,5YOY,6OOY,6OOZ,6X81,6X82,6X83,6X85,6X86,7JRA"
CC(C)Oc1ccc(cc1)-c1ccc2nc3[C@H](O)CN[C@H](c3n2n1)c1ccccc1OC(F)F	Tumor necrosis factor	5500	US Patent	"2AZ5,3ALQ,3IT8,3L9J,4G3Y,4TWT,5M2I,5M2J,5M2M,5MU8,5WUX,5YOY,6OOY,6OOZ,6X81,6X82,6X83,6X85,6X86,7JRA"
CC(C)(O)c1ccc(cc1)-c1ccc2nc3[C@H](O)CN[C@H](c3n2n1)c1cc(Cl)ccc1OC(F)F	Tumor necrosis factor	5500	US Patent	"2AZ5,3ALQ,3IT8,3L9J,4G3Y,4TWT,5M2I,5M2J,5M2M,5MU8,5WUX,5YOY,6OOY,6OOZ,6X81,6X82,6X83,6X85,6X86,7JRA"
CC(C)(C)COc1ccc(cc1)-c1ccc2nc3[C@@H](O)CN[C@@H](c3n2n1)c1ccccc1OC(F)F	Tumor necrosis factor	5500	US Patent	"2AZ5,3ALQ,3IT8,3L9J,4G3Y,4TWT,5M2I,5M2J,5M2M,5MU8,5WUX,5YOY,6OOY,6OOZ,6X81,6X82,6X83,6X85,6X86,7JRA"
COc1cc(ccc1OCC(C)(C)C)-c1ccc2nc3[C@@H](O)CN[C@@H](c3n2n1)c1ccccc1OC(F)F	Tumor necrosis factor	5500	US Patent	"2AZ5,3ALQ,3IT8,3L9J,4G3Y,4TWT,5M2I,5M2J,5M2M,5MU8,5WUX,5YOY,6OOY,6OOZ,6X81,6X82,6X83,6X85,6X86,7JRA"
CCC(=O)c1ccc(cc1)-c1ccc2nc3[C@@H](O)CN[C@@H](c3n2n1)c1ccccc1OC(F)F	Tumor necrosis factor	5500	US Patent	"2AZ5,3ALQ,3IT8,3L9J,4G3Y,4TWT,5M2I,5M2J,5M2M,5MU8,5WUX,5YOY,6OOY,6OOZ,6X81,6X82,6X83,6X85,6X86,7JRA"
CC(C)Oc1ccc(cc1)-c1ccc2nc3[C@@H](O)CN[C@@H](c3n2n1)c1ccccc1OC(F)F	Tumor necrosis factor	5500	US Patent	"2AZ5,3ALQ,3IT8,3L9J,4G3Y,4TWT,5M2I,5M2J,5M2M,5MU8,5WUX,5YOY,6OOY,6OOZ,6X81,6X82,6X83,6X85,6X86,7JRA"
CCCOc1ccc(cc1)-c1ccc2nc3[C@@H](O)CN[C@H](c3n2n1)c1ccccc1OC(F)F	Tumor necrosis factor	5500	US Patent	"2AZ5,3ALQ,3IT8,3L9J,4G3Y,4TWT,5M2I,5M2J,5M2M,5MU8,5WUX,5YOY,6OOY,6OOZ,6X81,6X82,6X83,6X85,6X86,7JRA"
CCOC(C)c1ccc(cc1)-c1ccc2nc3[C@@H](O)CN[C@@H](c3n2n1)c1ccccc1OC(F)F	Tumor necrosis factor	5500	US Patent	"2AZ5,3ALQ,3IT8,3L9J,4G3Y,4TWT,5M2I,5M2J,5M2M,5MU8,5WUX,5YOY,6OOY,6OOZ,6X81,6X82,6X83,6X85,6X86,7JRA"
O[C@H]1CN[C@@H](c2c1nc1ccc(nn21)-c1ccc(cc1)C1(O)CC1)c1ccccc1OC(F)F	Tumor necrosis factor	5500	US Patent	"2AZ5,3ALQ,3IT8,3L9J,4G3Y,4TWT,5M2I,5M2J,5M2M,5MU8,5WUX,5YOY,6OOY,6OOZ,6X81,6X82,6X83,6X85,6X86,7JRA"
COc1ccccc1COc1ccc(cc1)-c1ccc2nc3[C@@H](O)CN[C@@H](c3n2n1)c1ccccc1OC(F)F	Tumor necrosis factor	5500	US Patent	"2AZ5,3ALQ,3IT8,3L9J,4G3Y,4TWT,5M2I,5M2J,5M2M,5MU8,5WUX,5YOY,6OOY,6OOZ,6X81,6X82,6X83,6X85,6X86,7JRA"
Cc1cc(F)ccc1[C@@H]1NC[C@@H](O)c2nc3ccc(nn3c12)-c1ccc(cc1)C(C)(C)O	Tumor necrosis factor	5500	US Patent	"2AZ5,3ALQ,3IT8,3L9J,4G3Y,4TWT,5M2I,5M2J,5M2M,5MU8,5WUX,5YOY,6OOY,6OOZ,6X81,6X82,6X83,6X85,6X86,7JRA"
CNS(=O)(=O)c1ccc(cc1)-c1ccc2nc3[C@@H](O)CN[C@@H](c3n2n1)c1ccccc1OC(F)F	Tumor necrosis factor	5500	US Patent	"2AZ5,3ALQ,3IT8,3L9J,4G3Y,4TWT,5M2I,5M2J,5M2M,5MU8,5WUX,5YOY,6OOY,6OOZ,6X81,6X82,6X83,6X85,6X86,7JRA"
CS(=O)(=O)c1ccc(cc1)-c1ccc2nc3[C@@H](O)CN[C@@H](c3n2n1)c1ccccc1OC(F)F	Tumor necrosis factor	5500	US Patent	"2AZ5,3ALQ,3IT8,3L9J,4G3Y,4TWT,5M2I,5M2J,5M2M,5MU8,5WUX,5YOY,6OOY,6OOZ,6X81,6X82,6X83,6X85,6X86,7JRA"
Cc1cc(F)ccc1[C@H]1NC[C@H](O)c2nc3ccc(nn3c12)-c1ccc(cc1)C(C)(C)O	Tumor necrosis factor	5500	US Patent	"2AZ5,3ALQ,3IT8,3L9J,4G3Y,4TWT,5M2I,5M2J,5M2M,5MU8,5WUX,5YOY,6OOY,6OOZ,6X81,6X82,6X83,6X85,6X86,7JRA"
O[C@H]1CN[C@@H](c2c1nc1ccc(nn21)-c1ccc(cc1)N1CCOCC1)c1ccccc1OC(F)F	Tumor necrosis factor	5500	US Patent	"2AZ5,3ALQ,3IT8,3L9J,4G3Y,4TWT,5M2I,5M2J,5M2M,5MU8,5WUX,5YOY,6OOY,6OOZ,6X81,6X82,6X83,6X85,6X86,7JRA"
NS(=O)(=O)c1ccc(cc1)-c1ccc2nc3[C@@H](O)CN[C@@H](c3n2n1)c1ccccc1OC(F)F	Tumor necrosis factor	5500	US Patent	"2AZ5,3ALQ,3IT8,3L9J,4G3Y,4TWT,5M2I,5M2J,5M2M,5MU8,5WUX,5YOY,6OOY,6OOZ,6X81,6X82,6X83,6X85,6X86,7JRA"
O[C@H]1CN[C@@H](c2c1nc1ccc(nn21)-c1ccc(C(=O)N2CCOCC2)c(Cl)c1)c1ccccc1OC(F)F	Tumor necrosis factor	5500	US Patent	"2AZ5,3ALQ,3IT8,3L9J,4G3Y,4TWT,5M2I,5M2J,5M2M,5MU8,5WUX,5YOY,6OOY,6OOZ,6X81,6X82,6X83,6X85,6X86,7JRA"
CCC(O)(CC)c1ccc(cc1)-c1ccc2nc3[C@@H](O)CN[C@@H](c3n2n1)c1ccccc1OC(F)F	Tumor necrosis factor	5500	US Patent	"2AZ5,3ALQ,3IT8,3L9J,4G3Y,4TWT,5M2I,5M2J,5M2M,5MU8,5WUX,5YOY,6OOY,6OOZ,6X81,6X82,6X83,6X85,6X86,7JRA"
CCC(C)(O)c1ccc(cc1)-c1ccc2nc3[C@@H](O)CN[C@@H](c3n2n1)c1ccccc1OC(F)F	Tumor necrosis factor	5500	US Patent	"2AZ5,3ALQ,3IT8,3L9J,4G3Y,4TWT,5M2I,5M2J,5M2M,5MU8,5WUX,5YOY,6OOY,6OOZ,6X81,6X82,6X83,6X85,6X86,7JRA"
CC(C)(O)COc1ccc(cc1)-c1ccc2nc3[C@H](O)CN[C@H](c3n2n1)c1ccccc1OC(F)F	Tumor necrosis factor	5500	US Patent	"2AZ5,3ALQ,3IT8,3L9J,4G3Y,4TWT,5M2I,5M2J,5M2M,5MU8,5WUX,5YOY,6OOY,6OOZ,6X81,6X82,6X83,6X85,6X86,7JRA"
Cc1ccc(C)c(c1)[C@H]1NC[C@H](O)c2nc3ccc(nn3c12)-c1ccc(cc1)C(C)(C)O	Tumor necrosis factor	5500	US Patent	"2AZ5,3ALQ,3IT8,3L9J,4G3Y,4TWT,5M2I,5M2J,5M2M,5MU8,5WUX,5YOY,6OOY,6OOZ,6X81,6X82,6X83,6X85,6X86,7JRA"
CC(C)(O)c1ccc(cc1)-c1ccc2nc3[C@@H](O)CN[C@@H](c3n2n1)c1cc(Cl)ccc1OC(F)F	Tumor necrosis factor	5500	US Patent	"2AZ5,3ALQ,3IT8,3L9J,4G3Y,4TWT,5M2I,5M2J,5M2M,5MU8,5WUX,5YOY,6OOY,6OOZ,6X81,6X82,6X83,6X85,6X86,7JRA"
CCC(O)(CC)c1ccc(cc1Cl)-c1ccc2nc3[C@@H](O)CN[C@@H](c3n2n1)c1cc(Cl)ccc1C(F)(F)F	Tumor necrosis factor	5500	US Patent	"2AZ5,3ALQ,3IT8,3L9J,4G3Y,4TWT,5M2I,5M2J,5M2M,5MU8,5WUX,5YOY,6OOY,6OOZ,6X81,6X82,6X83,6X85,6X86,7JRA"
COc1ccc(Cl)cc1[C@H]1NC[C@H](O)c2nc3ccc(nn3c12)-c1ccc(cc1)C(C)(C)O	Tumor necrosis factor	5500	US Patent	"2AZ5,3ALQ,3IT8,3L9J,4G3Y,4TWT,5M2I,5M2J,5M2M,5MU8,5WUX,5YOY,6OOY,6OOZ,6X81,6X82,6X83,6X85,6X86,7JRA"
CC(C)(O)c1ccc(cc1)-c1ccc2nc3[C@H](O)CO[C@H](c3n2n1)c1ccccc1OC(F)F	Tumor necrosis factor	5500	US Patent	"2AZ5,3ALQ,3IT8,3L9J,4G3Y,4TWT,5M2I,5M2J,5M2M,5MU8,5WUX,5YOY,6OOY,6OOZ,6X81,6X82,6X83,6X85,6X86,7JRA"
CC(C)(O)c1ccc(cc1)-c1ccc2nc3c(C(OCC3(C)O)c3ccccc3OC(F)F)n2n1	Tumor necrosis factor	5500	US Patent	"2AZ5,3ALQ,3IT8,3L9J,4G3Y,4TWT,5M2I,5M2J,5M2M,5MU8,5WUX,5YOY,6OOY,6OOZ,6X81,6X82,6X83,6X85,6X86,7JRA"
CC(C)(O)c1ccc(cc1)-c1ccc2nc3c(C(OCC3(O)c3ccncc3)c3ccccc3OC(F)F)n2n1	Tumor necrosis factor	5500	US Patent	"2AZ5,3ALQ,3IT8,3L9J,4G3Y,4TWT,5M2I,5M2J,5M2M,5MU8,5WUX,5YOY,6OOY,6OOZ,6X81,6X82,6X83,6X85,6X86,7JRA"
Cn1cc(cn1)-c1ccc2nc3CCOC(c3n2n1)c1ccccc1OC(F)F	Tumor necrosis factor	5500	US Patent	"2AZ5,3ALQ,3IT8,3L9J,4G3Y,4TWT,5M2I,5M2J,5M2M,5MU8,5WUX,5YOY,6OOY,6OOZ,6X81,6X82,6X83,6X85,6X86,7JRA"
CNC(=O)c1ccc(cn1)-c1cc2n3[C@H]([C@H]4C[C@H]4c3nc2cc1F)c1ccccc1OC(F)F	Tumor necrosis factor	5500	US Patent	"2AZ5,3ALQ,3IT8,3L9J,4G3Y,4TWT,5M2I,5M2J,5M2M,5MU8,5WUX,5YOY,6OOY,6OOZ,6X81,6X82,6X83,6X85,6X86,7JRA"
FC(F)Oc1ccccc1[C@H]1[C@H]2C[C@H]2c2nc3cc(F)c(cc3n12)-c1ccc(nc1)C#N	Tumor necrosis factor	5500	US Patent	"2AZ5,3ALQ,3IT8,3L9J,4G3Y,4TWT,5M2I,5M2J,5M2M,5MU8,5WUX,5YOY,6OOY,6OOZ,6X81,6X82,6X83,6X85,6X86,7JRA"
CC(C)(O)Cn1cc(cn1)-c1cc2n3[C@H]([C@H]4C[C@H]4c3nc2cc1F)c1ccccc1OC(F)F	Tumor necrosis factor	5500	US Patent	"2AZ5,3ALQ,3IT8,3L9J,4G3Y,4TWT,5M2I,5M2J,5M2M,5MU8,5WUX,5YOY,6OOY,6OOZ,6X81,6X82,6X83,6X85,6X86,7JRA"
CC(C)(C)OC(=O)N1CCC(=CC1)c1cc2n3[C@H]([C@H]4C[C@H]4c3nc2cc1F)c1ccccc1OC(F)F	Tumor necrosis factor	5500	US Patent	"2AZ5,3ALQ,3IT8,3L9J,4G3Y,4TWT,5M2I,5M2J,5M2M,5MU8,5WUX,5YOY,6OOY,6OOZ,6X81,6X82,6X83,6X85,6X86,7JRA"
NC(=O)c1ccc(cn1)-c1cc2n3[C@@H]([C@@H]4C[C@@H]4c3nc2cc1F)c1ccccc1OC(F)F	Tumor necrosis factor	5500	US Patent	"2AZ5,3ALQ,3IT8,3L9J,4G3Y,4TWT,5M2I,5M2J,5M2M,5MU8,5WUX,5YOY,6OOY,6OOZ,6X81,6X82,6X83,6X85,6X86,7JRA"
CC(C)(O)c1ncc(cn1)-c1cc2n3[C@H]([C@@H]4C[C@@H]4c3nc2cc1F)c1ccccc1Oc1ccccc1	Tumor necrosis factor	5500	US Patent	"2AZ5,3ALQ,3IT8,3L9J,4G3Y,4TWT,5M2I,5M2J,5M2M,5MU8,5WUX,5YOY,6OOY,6OOZ,6X81,6X82,6X83,6X85,6X86,7JRA"
CC(C)(O)c1ncc(cn1)-c1cc2n3[C@H]([C@H]4C[C@H]4c3nc2cc1F)c1ccccc1Oc1ccccc1	Tumor necrosis factor	5500	US Patent	"2AZ5,3ALQ,3IT8,3L9J,4G3Y,4TWT,5M2I,5M2J,5M2M,5MU8,5WUX,5YOY,6OOY,6OOZ,6X81,6X82,6X83,6X85,6X86,7JRA"
CC(C)(O)c1ncc(cn1)-c1cc2n3[C@H]([C@@H]4C[C@@H]4c3nc2cc1F)c1ccccc1OCc1ccccc1	Tumor necrosis factor	5500	US Patent	"2AZ5,3ALQ,3IT8,3L9J,4G3Y,4TWT,5M2I,5M2J,5M2M,5MU8,5WUX,5YOY,6OOY,6OOZ,6X81,6X82,6X83,6X85,6X86,7JRA"
CC(C)(O)c1ncc(cn1)-c1cc2n3[C@H]([C@@H]4C[C@@H]4c3nc2cc1F)c1ccccc1Oc1ccccc1	Tumor necrosis factor	5500	US Patent	"2AZ5,3ALQ,3IT8,3L9J,4G3Y,4TWT,5M2I,5M2J,5M2M,5MU8,5WUX,5YOY,6OOY,6OOZ,6X81,6X82,6X83,6X85,6X86,7JRA"
CC(C)(O)c1ncc(cn1)-c1cc2n3[C@@H]([C@@H]4C[C@@H]4c3nc2cc1F)c1ccccc1Oc1ccccc1	Tumor necrosis factor	5500	US Patent	"2AZ5,3ALQ,3IT8,3L9J,4G3Y,4TWT,5M2I,5M2J,5M2M,5MU8,5WUX,5YOY,6OOY,6OOZ,6X81,6X82,6X83,6X85,6X86,7JRA"
CC(C)(O)c1ncc(cn1)-c1cc2n3[C@H]([C@@H]4C[C@@H]4c3nc2cc1F)c1ccccc1Oc1ccccc1F	Tumor necrosis factor	5500	US Patent	"2AZ5,3ALQ,3IT8,3L9J,4G3Y,4TWT,5M2I,5M2J,5M2M,5MU8,5WUX,5YOY,6OOY,6OOZ,6X81,6X82,6X83,6X85,6X86,7JRA"
FC(F)Oc1ccccc1[C@@H]1[C@@H]2C[C@@H]2c2nc3cc(F)c(cc3n12)-c1cnc(nc1)N1CCOCC1	Tumor necrosis factor	5500	US Patent	"2AZ5,3ALQ,3IT8,3L9J,4G3Y,4TWT,5M2I,5M2J,5M2M,5MU8,5WUX,5YOY,6OOY,6OOZ,6X81,6X82,6X83,6X85,6X86,7JRA"
CC(C)(O)c1ncc(cn1)-c1cc2n3[C@H]([C@@H]4C[C@@H]4c3nc2cc1F)c1ccccc1OCc1ccncc1	Tumor necrosis factor	5500	US Patent	"2AZ5,3ALQ,3IT8,3L9J,4G3Y,4TWT,5M2I,5M2J,5M2M,5MU8,5WUX,5YOY,6OOY,6OOZ,6X81,6X82,6X83,6X85,6X86,7JRA"
CC(C)(C)NC(=O)N1C[C@H]2[C@@H](C1)c1nc3ccc(cc3n1[C@H]2c1ccccc1)-c1ccc(CO)nc1	Tumor necrosis factor	5500	US Patent	"2AZ5,3ALQ,3IT8,3L9J,4G3Y,4TWT,5M2I,5M2J,5M2M,5MU8,5WUX,5YOY,6OOY,6OOZ,6X81,6X82,6X83,6X85,6X86,7JRA"
CCNC(=O)N1C[C@H]2[C@@H](C1)c1nc3ccc(cc3n1[C@H]2c1ccccc1)-c1ccc(CO)nc1	Tumor necrosis factor	5500	US Patent	"2AZ5,3ALQ,3IT8,3L9J,4G3Y,4TWT,5M2I,5M2J,5M2M,5MU8,5WUX,5YOY,6OOY,6OOZ,6X81,6X82,6X83,6X85,6X86,7JRA"
COc1ccc(cc1)-c1csc(NC(=O)C2=NN(C(=O)CC2)c2ccccc2)n1 |t:16|	Tumor necrosis factor	5507	PubChem	"5MU8,9OK6,9OJY,9OJS,9OJO,6X86,6X85,6X83,6X82,6X81,5YOY,7JRA,8Z8M,6OOZ,6OOY,5WUX,5M2M,5M2J,5M2I,4TWT,4G3Y,3IT8,3ALQ,3L9J,2AZ5,7ASY,7QLF"
COc1cc(cc(OC)c1OC)C(=O)NCCOc1cc(C)ccc1C(C)C	Tumor necrosis factor	5523.5	PubChem	"5MU8,9OK6,9OJY,9OJS,9OJO,6X86,6X85,6X83,6X82,6X81,5YOY,7JRA,8Z8M,6OOZ,6OOY,5WUX,5M2M,5M2J,5M2I,4TWT,4G3Y,3IT8,3ALQ,3L9J,2AZ5,7ASY,7QLF"
O=S1(=O)C=C(Sc2nnc(o2)-c2ccccc2)c2ccccc12 |t:3|	Tumor necrosis factor	5524	PubChem	"5MU8,9OK6,9OJY,9OJS,9OJO,6X86,6X85,6X83,6X82,6X81,5YOY,7JRA,8Z8M,6OOZ,6OOY,5WUX,5M2M,5M2J,5M2I,4TWT,4G3Y,3IT8,3ALQ,3L9J,2AZ5,7ASY,7QLF"
O=C(N1CCN(CCN2C(=O)c3cccc4cccc(C2=O)c34)CC1)c1ccc(cc1)S(=O)(=O)N1CCCCC1	Tumor necrosis factor	5550	PubChem	"5MU8,9OK6,9OJY,9OJS,9OJO,6X86,6X85,6X83,6X82,6X81,5YOY,7JRA,8Z8M,6OOZ,6OOY,5WUX,5M2M,5M2J,5M2I,4TWT,4G3Y,3IT8,3ALQ,3L9J,2AZ5,7ASY,7QLF"
CCc1nc(SCC(=O)N2CCN(CC2)c2ccccc2)c2oc3ccccc3c2n1	Tumor necrosis factor	5580	PubChem	"5MU8,9OK6,9OJY,9OJS,9OJO,6X86,6X85,6X83,6X82,6X81,5YOY,7JRA,8Z8M,6OOZ,6OOY,5WUX,5M2M,5M2J,5M2I,4TWT,4G3Y,3IT8,3ALQ,3L9J,2AZ5,7ASY,7QLF"
CCOc1ccc(cc1OCC)C(CC(N)=O)N1C(=O)c2ccccc2C1=O	Tumor necrosis factor	5600	ChEMBL	"2AZ5,3ALQ,3IT8,3L9J,4G3Y,4TWT,5M2I,5M2J,5M2M,5MU8,5WUX,5YOY,6OOY,6OOZ,6X81,6X82,6X83,6X85,6X86,7JRA"
C\C(Cl)=C/Cn1c(NCCc2ccccc2)nc2n(C)c(=O)n(C)c(=O)c12	Tumor necrosis factor	5660	PubChem	"5MU8,9OK6,9OJY,9OJS,9OJO,6X86,6X85,6X83,6X82,6X81,5YOY,7JRA,8Z8M,6OOZ,6OOY,5WUX,5M2M,5M2J,5M2I,4TWT,4G3Y,3IT8,3ALQ,3L9J,2AZ5,7ASY,7QLF"
COc1ccccc1N1CCN(CC1)c1ncc(C(=O)N2CCN(CC2)c2cccc(Cl)c2)c2ccccc12	Tumor necrosis factor	5677.5	PubChem	"5MU8,9OK6,9OJY,9OJS,9OJO,6X86,6X85,6X83,6X82,6X81,5YOY,7JRA,8Z8M,6OOZ,6OOY,5WUX,5M2M,5M2J,5M2I,4TWT,4G3Y,3IT8,3ALQ,3L9J,2AZ5,7ASY,7QLF"
COC(=O)c1c(NC(=O)C=Cc2cccs2)sc2CC(C)CCc12	Tumor necrosis factor	5680	PubChem	"5MU8,9OK6,9OJY,9OJS,9OJO,6X86,6X85,6X83,6X82,6X81,5YOY,7JRA,8Z8M,6OOZ,6OOY,5WUX,5M2M,5M2J,5M2I,4TWT,4G3Y,3IT8,3ALQ,3L9J,2AZ5,7ASY,7QLF"
CCCCn1c(CN2CCN(CC2)c2cccc(Cl)c2)nc2n(C)c(=O)n(C)c(=O)c12	Tumor necrosis factor	5690	PubChem	"5MU8,9OK6,9OJY,9OJS,9OJO,6X86,6X85,6X83,6X82,6X81,5YOY,7JRA,8Z8M,6OOZ,6OOY,5WUX,5M2M,5M2J,5M2I,4TWT,4G3Y,3IT8,3ALQ,3L9J,2AZ5,7ASY,7QLF"
Cc1nc2CCCCc2cc1C(=O)C=Cc1ccccc1 |w:13.14|	Tumor necrosis factor	5693	PubChem	"5MU8,9OK6,9OJY,9OJS,9OJO,6X86,6X85,6X83,6X82,6X81,5YOY,7JRA,8Z8M,6OOZ,6OOY,5WUX,5M2M,5M2J,5M2I,4TWT,4G3Y,3IT8,3ALQ,3L9J,2AZ5,7ASY,7QLF"
OC(=O)c1cc(Br)ccc1NC(=O)CSc1nc2ccccc2c(=O)n1Cc1ccccc1	Tumor necrosis factor	5700	PubChem	"5MU8,9OK6,9OJY,9OJS,9OJO,6X86,6X85,6X83,6X82,6X81,5YOY,7JRA,8Z8M,6OOZ,6OOY,5WUX,5M2M,5M2J,5M2I,4TWT,4G3Y,3IT8,3ALQ,3L9J,2AZ5,7ASY,7QLF"
COc1cc(OC)c(\C=C2/CC(C)C\C(=C/c3cc(OC)c(OC)cc3OC)C2=O)cc1OC	Tumor necrosis factor	5703.5	PubChem	"5MU8,9OK6,9OJY,9OJS,9OJO,6X86,6X85,6X83,6X82,6X81,5YOY,7JRA,8Z8M,6OOZ,6OOY,5WUX,5M2M,5M2J,5M2I,4TWT,4G3Y,3IT8,3ALQ,3L9J,2AZ5,7ASY,7QLF"
[O-][N+](=O)c1cc(ccc1S(=O)(=O)c1ccc(F)cc1)C(=O)N1CCCCCC1	Tumor necrosis factor	5703.5	PubChem	"5MU8,9OK6,9OJY,9OJS,9OJO,6X86,6X85,6X83,6X82,6X81,5YOY,7JRA,8Z8M,6OOZ,6OOY,5WUX,5M2M,5M2J,5M2I,4TWT,4G3Y,3IT8,3ALQ,3L9J,2AZ5,7ASY,7QLF"
CCCCCCCn1ccc(=N)cc1	Tumor necrosis factor	5715.5	PubChem	"5MU8,9OK6,9OJY,9OJS,9OJO,6X86,6X85,6X83,6X82,6X81,5YOY,7JRA,8Z8M,6OOZ,6OOY,5WUX,5M2M,5M2J,5M2I,4TWT,4G3Y,3IT8,3ALQ,3L9J,2AZ5,7ASY,7QLF"
COC(=O)c1ccc2c(c1)C(C)(C)C(\C=C\c1ccccc1O)=[N+]2C |c:24|	Tumor necrosis factor	5739.5	PubChem	"5MU8,9OK6,9OJY,9OJS,9OJO,6X86,6X85,6X83,6X82,6X81,5YOY,7JRA,8Z8M,6OOZ,6OOY,5WUX,5M2M,5M2J,5M2I,4TWT,4G3Y,3IT8,3ALQ,3L9J,2AZ5,7ASY,7QLF"
O=C1\C(Cc2ccccc12)=C\c1ccncc1	Tumor necrosis factor	5750	ChEMBL	"2AZ5,3ALQ,3IT8,3L9J,4G3Y,4TWT,5M2I,5M2J,5M2M,5MU8,5WUX,5YOY,6OOY,6OOZ,6X81,6X82,6X83,6X85,6X86,7JRA"
COc1ccc(cc1)C(N(C(=O)CCl)c1ccc(C)cc1)C(=O)NC1CCCCC1	Tumor necrosis factor	5755	PubChem	"5MU8,9OK6,9OJY,9OJS,9OJO,6X86,6X85,6X83,6X82,6X81,5YOY,7JRA,8Z8M,6OOZ,6OOY,5WUX,5M2M,5M2J,5M2I,4TWT,4G3Y,3IT8,3ALQ,3L9J,2AZ5,7ASY,7QLF"
CC1Cc2cc(ccc2N1C(C)=O)S(=O)(=O)N1CCN(CC1)c1ccc(Cl)cc1	Tumor necrosis factor	5760	PubChem	"5MU8,9OK6,9OJY,9OJS,9OJO,6X86,6X85,6X83,6X82,6X81,5YOY,7JRA,8Z8M,6OOZ,6OOY,5WUX,5M2M,5M2J,5M2I,4TWT,4G3Y,3IT8,3ALQ,3L9J,2AZ5,7ASY,7QLF"
O=C(N1CCCCCC1)c1cc(COc2ccc3ncccc3c2)on1	Tumor necrosis factor	5760.5	PubChem	"5MU8,9OK6,9OJY,9OJS,9OJO,6X86,6X85,6X83,6X82,6X81,5YOY,7JRA,8Z8M,6OOZ,6OOY,5WUX,5M2M,5M2J,5M2I,4TWT,4G3Y,3IT8,3ALQ,3L9J,2AZ5,7ASY,7QLF"
Clc1ccc(CC(=O)Nc2ccncc2Cl)c(Cl)c1	Tumor necrosis factor	5767.5	PubChem	"5MU8,9OK6,9OJY,9OJS,9OJO,6X86,6X85,6X83,6X82,6X81,5YOY,7JRA,8Z8M,6OOZ,6OOY,5WUX,5M2M,5M2J,5M2I,4TWT,4G3Y,3IT8,3ALQ,3L9J,2AZ5,7ASY,7QLF"
Cc1c(O)ccc2c(cc(=O)oc12)-c1ccccc1	Tumor necrosis factor	5776.5	PubChem	"5MU8,9OK6,9OJY,9OJS,9OJO,6X86,6X85,6X83,6X82,6X81,5YOY,7JRA,8Z8M,6OOZ,6OOY,5WUX,5M2M,5M2J,5M2I,4TWT,4G3Y,3IT8,3ALQ,3L9J,2AZ5,7ASY,7QLF"
Cc1cc(C(=O)COc2ccc(C)nc2[N+]([O-])=O)c(C)n1CC=C	Tumor necrosis factor	5779	PubChem	"5MU8,9OK6,9OJY,9OJS,9OJO,6X86,6X85,6X83,6X82,6X81,5YOY,7JRA,8Z8M,6OOZ,6OOY,5WUX,5M2M,5M2J,5M2I,4TWT,4G3Y,3IT8,3ALQ,3L9J,2AZ5,7ASY,7QLF"
Cc1c(sc2nc(C)nc(N3CCN(CC3)c3ccccn3)c12)C(=O)Nc1ccccc1F	Tumor necrosis factor	5781.5	PubChem	"5MU8,9OK6,9OJY,9OJS,9OJO,6X86,6X85,6X83,6X82,6X81,5YOY,7JRA,8Z8M,6OOZ,6OOY,5WUX,5M2M,5M2J,5M2I,4TWT,4G3Y,3IT8,3ALQ,3L9J,2AZ5,7ASY,7QLF"
COc1ccc(cc1)C(C(=C)C(=O)c1ccccc1)C(=C)C(=O)c1ccccc1	Tumor necrosis factor	5784.5	PubChem	"5MU8,9OK6,9OJY,9OJS,9OJO,6X86,6X85,6X83,6X82,6X81,5YOY,7JRA,8Z8M,6OOZ,6OOY,5WUX,5M2M,5M2J,5M2I,4TWT,4G3Y,3IT8,3ALQ,3L9J,2AZ5,7ASY,7QLF"
Cc1ccc(NC(=O)Nc2nnc(s2)-c2ccncc2)cc1	Tumor necrosis factor	5802.5	PubChem	"5MU8,9OK6,9OJY,9OJS,9OJO,6X86,6X85,6X83,6X82,6X81,5YOY,7JRA,8Z8M,6OOZ,6OOY,5WUX,5M2M,5M2J,5M2I,4TWT,4G3Y,3IT8,3ALQ,3L9J,2AZ5,7ASY,7QLF"
CCCCn1c(SCC(=O)Nc2nnc(s2)C(C)C)nc2n(C)c(=O)n(C)c(=O)c12	Tumor necrosis factor	5820	PubChem	"5MU8,9OK6,9OJY,9OJS,9OJO,6X86,6X85,6X83,6X82,6X81,5YOY,7JRA,8Z8M,6OOZ,6OOY,5WUX,5M2M,5M2J,5M2I,4TWT,4G3Y,3IT8,3ALQ,3L9J,2AZ5,7ASY,7QLF"
COc1ccc(NC(=O)Nc2nnc(s2)-c2ccncc2)cc1	Tumor necrosis factor	5848.5	PubChem	"5MU8,9OK6,9OJY,9OJS,9OJO,6X86,6X85,6X83,6X82,6X81,5YOY,7JRA,8Z8M,6OOZ,6OOY,5WUX,5M2M,5M2J,5M2I,4TWT,4G3Y,3IT8,3ALQ,3L9J,2AZ5,7ASY,7QLF"
Cn1c(SCC(=O)N2CCCc3ccccc23)nc2ccccc2c1=O	Tumor necrosis factor	5851.5	PubChem	"5MU8,9OK6,9OJY,9OJS,9OJO,6X86,6X85,6X83,6X82,6X81,5YOY,7JRA,8Z8M,6OOZ,6OOY,5WUX,5M2M,5M2J,5M2I,4TWT,4G3Y,3IT8,3ALQ,3L9J,2AZ5,7ASY,7QLF"
COc1ccc(CCNc2oc(COc3ccc(Br)cc3)nc2C#N)cc1OC	Tumor necrosis factor	5857.5	PubChem	"5MU8,9OK6,9OJY,9OJS,9OJO,6X86,6X85,6X83,6X82,6X81,5YOY,7JRA,8Z8M,6OOZ,6OOY,5WUX,5M2M,5M2J,5M2I,4TWT,4G3Y,3IT8,3ALQ,3L9J,2AZ5,7ASY,7QLF"
FC(F)(F)c1cc(c2ccc(nc2n1)C(C#N)c1ccccc1)C(F)(F)F	Tumor necrosis factor	5880	PubChem	"5MU8,9OK6,9OJY,9OJS,9OJO,6X86,6X85,6X83,6X82,6X81,5YOY,7JRA,8Z8M,6OOZ,6OOY,5WUX,5M2M,5M2J,5M2I,4TWT,4G3Y,3IT8,3ALQ,3L9J,2AZ5,7ASY,7QLF"
Cc1cc(C(=O)CCl)c(C)n1CCc1ccccc1	Tumor necrosis factor	5939	PubChem	"5MU8,9OK6,9OJY,9OJS,9OJO,6X86,6X85,6X83,6X82,6X81,5YOY,7JRA,8Z8M,6OOZ,6OOY,5WUX,5M2M,5M2J,5M2I,4TWT,4G3Y,3IT8,3ALQ,3L9J,2AZ5,7ASY,7QLF"
COc1cccc2sc(nc12)N(CCCN(C)C)C(=O)CCS(=O)(=O)c1ccccc1	Tumor necrosis factor	5959	PubChem	"5MU8,9OK6,9OJY,9OJS,9OJO,6X86,6X85,6X83,6X82,6X81,5YOY,7JRA,8Z8M,6OOZ,6OOY,5WUX,5M2M,5M2J,5M2I,4TWT,4G3Y,3IT8,3ALQ,3L9J,2AZ5,7ASY,7QLF"
CN1C(=O)\C(Sc2ccc(cc12)C(=O)N1CCN(CC1)c1ccccn1)=C\c1ccccc1C	Tumor necrosis factor	5970	PubChem	"5MU8,9OK6,9OJY,9OJS,9OJO,6X86,6X85,6X83,6X82,6X81,5YOY,7JRA,8Z8M,6OOZ,6OOY,5WUX,5M2M,5M2J,5M2I,4TWT,4G3Y,3IT8,3ALQ,3L9J,2AZ5,7ASY,7QLF"
Cc1oc(nc1CN1CCN(CC1)c1ncnc2ccccc12)-c1cc(F)ccc1F	Tumor necrosis factor	5970	PubChem	"5MU8,9OK6,9OJY,9OJS,9OJO,6X86,6X85,6X83,6X82,6X81,5YOY,7JRA,8Z8M,6OOZ,6OOY,5WUX,5M2M,5M2J,5M2I,4TWT,4G3Y,3IT8,3ALQ,3L9J,2AZ5,7ASY,7QLF"
CCOc1ccc(cc1)C(=O)\C=C\c1cc(OC)c(OC)c(OC)c1	Tumor necrosis factor	5974	PubChem	"5MU8,9OK6,9OJY,9OJS,9OJO,6X86,6X85,6X83,6X82,6X81,5YOY,7JRA,8Z8M,6OOZ,6OOY,5WUX,5M2M,5M2J,5M2I,4TWT,4G3Y,3IT8,3ALQ,3L9J,2AZ5,7ASY,7QLF"
C(Nc1ncnc2scc(-c3cccs3)c12)c1ccccn1	Tumor necrosis factor	5998	PubChem	"5MU8,9OK6,9OJY,9OJS,9OJO,6X86,6X85,6X83,6X82,6X81,5YOY,7JRA,8Z8M,6OOZ,6OOY,5WUX,5M2M,5M2J,5M2I,4TWT,4G3Y,3IT8,3ALQ,3L9J,2AZ5,7ASY,7QLF"
CCCCCCCCCCCCCCO[C@H]1[C@H](O)[C@@H](C[N+](C)(C)C2CCCC2)O[C@H](OC)[C@@H]1OCCCCCCCCCCCCCC	Tumor necrosis factor	6000	US Patent	"5MU8,9OK6,9OJY,9OJS,9OJO,6X86,6X85,6X83,6X82,6X81,5YOY,7JRA,8Z8M,6OOZ,6OOY,5WUX,5M2M,5M2J,5M2I,4TWT,4G3Y,3IT8,3ALQ,3L9J,2AZ5,7ASY,7QLF"
CCOC(=O)CCCn1c(=O)n(C)c2ncn(C)c2c1=O	Tumor necrosis factor	6000	ChEMBL	"2AZ5,3ALQ,3IT8,3L9J,4G3Y,4TWT,5M2I,5M2J,5M2M,5MU8,5WUX,5YOY,6OOY,6OOZ,6X81,6X82,6X83,6X85,6X86,7JRA"
CCOC(=O)CCCCn1cnc2cc(OC)c(OC)cc2c1=O	Tumor necrosis factor	6000	ChEMBL	"2AZ5,3ALQ,3IT8,3L9J,4G3Y,4TWT,5M2I,5M2J,5M2M,5MU8,5WUX,5YOY,6OOY,6OOZ,6X81,6X82,6X83,6X85,6X86,7JRA"
CNC(=O)c1ccc2C(=O)N(Cc2c1)c1cccc(n1)-c1nncn1C1CC1	Tumor necrosis factor	6000	US Patent	"2AZ5,3ALQ,3IT8,3L9J,4G3Y,4TWT,5M2I,5M2J,5M2M,5MU8,5WUX,5YOY,6OOY,6OOZ,6X81,6X82,6X83,6X85,6X86,7JRA"
CN1CCN(CC1)C(=O)c1ccc2C(=O)N(Cc2c1)c1cccc(n1)-c1nncn1C1CC1	Tumor necrosis factor	6000	US Patent	"2AZ5,3ALQ,3IT8,3L9J,4G3Y,4TWT,5M2I,5M2J,5M2M,5MU8,5WUX,5YOY,6OOY,6OOZ,6X81,6X82,6X83,6X85,6X86,7JRA"
O=C(N1CCCCC1)c1ccc2C(=O)N(Cc2c1)c1cccc(n1)-c1nncn1C1CC1	Tumor necrosis factor	6000	US Patent	"2AZ5,3ALQ,3IT8,3L9J,4G3Y,4TWT,5M2I,5M2J,5M2M,5MU8,5WUX,5YOY,6OOY,6OOZ,6X81,6X82,6X83,6X85,6X86,7JRA"
COC1CCN(CC1)C(=O)c1ccc2C(=O)N(Cc2c1)c1cccc(n1)-c1nncn1C1CC1	Tumor necrosis factor	6000	US Patent	"2AZ5,3ALQ,3IT8,3L9J,4G3Y,4TWT,5M2I,5M2J,5M2M,5MU8,5WUX,5YOY,6OOY,6OOZ,6X81,6X82,6X83,6X85,6X86,7JRA"
CN(C)C1CCN(CC1)C(=O)c1ccc2C(=O)N(Cc2c1)c1cccc(n1)-c1nncn1C1CC1	Tumor necrosis factor	6000	US Patent	"2AZ5,3ALQ,3IT8,3L9J,4G3Y,4TWT,5M2I,5M2J,5M2M,5MU8,5WUX,5YOY,6OOY,6OOZ,6X81,6X82,6X83,6X85,6X86,7JRA"
O=C1N(Cc2ccc(cc12)-c1cncnc1)c1cccc(n1)-c1nncn1C1CC1	Tumor necrosis factor	6000	US Patent	"2AZ5,3ALQ,3IT8,3L9J,4G3Y,4TWT,5M2I,5M2J,5M2M,5MU8,5WUX,5YOY,6OOY,6OOZ,6X81,6X82,6X83,6X85,6X86,7JRA"
Cc1ncc(cn1)-c1ccc2CN(C(=O)c2c1)c1cccc(n1)-c1nncn1C1CC1	Tumor necrosis factor	6000	US Patent	"2AZ5,3ALQ,3IT8,3L9J,4G3Y,4TWT,5M2I,5M2J,5M2M,5MU8,5WUX,5YOY,6OOY,6OOZ,6X81,6X82,6X83,6X85,6X86,7JRA"
O=C(N1CCCC1)c1cc2CN(C(=O)c2cc1-c1cccnc1)c1cccc(n1)-c1nncn1C1CC1	Tumor necrosis factor	6000	US Patent	"2AZ5,3ALQ,3IT8,3L9J,4G3Y,4TWT,5M2I,5M2J,5M2M,5MU8,5WUX,5YOY,6OOY,6OOZ,6X81,6X82,6X83,6X85,6X86,7JRA"
COc1cccc(CNS(=O)(=O)c2cnc3ccc(nn23)-c2cncc(F)c2)c1	Tumor necrosis factor	6000	ChEMBL	"2AZ5,3ALQ,3IT8,3L9J,4G3Y,4TWT,5M2I,5M2J,5M2M,5MU8,5WUX,5YOY,6OOY,6OOZ,6X81,6X82,6X83,6X85,6X86,7JRA"
COc1ccc(cn1)-c1ccc2ncc(n2n1)S(=O)(=O)NCC1CCCO1	Tumor necrosis factor	6000	ChEMBL	"2AZ5,3ALQ,3IT8,3L9J,4G3Y,4TWT,5M2I,5M2J,5M2M,5MU8,5WUX,5YOY,6OOY,6OOZ,6X81,6X82,6X83,6X85,6X86,7JRA"
CC1Cc2cc(ccc2N1C(C)=O)S(=O)(=O)N1CCC(CC1)C(=O)Nc1cccc(C)n1	Tumor necrosis factor	6020	PubChem	"5MU8,9OK6,9OJY,9OJS,9OJO,6X86,6X85,6X83,6X82,6X81,5YOY,7JRA,8Z8M,6OOZ,6OOY,5WUX,5M2M,5M2J,5M2I,4TWT,4G3Y,3IT8,3ALQ,3L9J,2AZ5,7ASY,7QLF"
Cc1c(sc2nc(C)nc(N3CCN(CC3)c3ccccn3)c12)C(=O)N1CCN(CC1)c1ccc(F)cc1	Tumor necrosis factor	6022.5	PubChem	"5MU8,9OK6,9OJY,9OJS,9OJO,6X86,6X85,6X83,6X82,6X81,5YOY,7JRA,8Z8M,6OOZ,6OOY,5WUX,5M2M,5M2J,5M2I,4TWT,4G3Y,3IT8,3ALQ,3L9J,2AZ5,7ASY,7QLF"
"COc1cccc(OCCOc2ccc(C=C3SC(S)=NC3=O)cc2)c1 |w:15.14,c:19|"	Tumor necrosis factor	6044	PubChem	"5MU8,9OK6,9OJY,9OJS,9OJO,6X86,6X85,6X83,6X82,6X81,5YOY,7JRA,8Z8M,6OOZ,6OOY,5WUX,5M2M,5M2J,5M2I,4TWT,4G3Y,3IT8,3ALQ,3L9J,2AZ5,7ASY,7QLF"
O=C(N1CCN(CC1)c1ccccn1)c1ccc(Cn2c(=S)[nH]c3ccccc3c2=O)cc1	Tumor necrosis factor	6046	PubChem	"5MU8,9OK6,9OJY,9OJS,9OJO,6X86,6X85,6X83,6X82,6X81,5YOY,7JRA,8Z8M,6OOZ,6OOY,5WUX,5M2M,5M2J,5M2I,4TWT,4G3Y,3IT8,3ALQ,3L9J,2AZ5,7ASY,7QLF"
CCOc1ccc(NC(=O)c2ccc(CN3CCc4ccccc4C3)cc2)cc1	Tumor necrosis factor	6050	PubChem	"5MU8,9OK6,9OJY,9OJS,9OJO,6X86,6X85,6X83,6X82,6X81,5YOY,7JRA,8Z8M,6OOZ,6OOY,5WUX,5M2M,5M2J,5M2I,4TWT,4G3Y,3IT8,3ALQ,3L9J,2AZ5,7ASY,7QLF"
COc1ccc(NS(=O)(=O)c2ccc(cc2)-c2cnc(o2)C2CC2)cc1OC	Tumor necrosis factor	6050.5	PubChem	"5MU8,9OK6,9OJY,9OJS,9OJO,6X86,6X85,6X83,6X82,6X81,5YOY,7JRA,8Z8M,6OOZ,6OOY,5WUX,5M2M,5M2J,5M2I,4TWT,4G3Y,3IT8,3ALQ,3L9J,2AZ5,7ASY,7QLF"
Oc1ccc(Cl)cc1-c1cc([nH]n1)C(=O)Nc1ccc(cc1)S(=O)(=O)N1CCOCC1	Tumor necrosis factor	6053	PubChem	"5MU8,9OK6,9OJY,9OJS,9OJO,6X86,6X85,6X83,6X82,6X81,5YOY,7JRA,8Z8M,6OOZ,6OOY,5WUX,5M2M,5M2J,5M2I,4TWT,4G3Y,3IT8,3ALQ,3L9J,2AZ5,7ASY,7QLF"
Cc1ccc(cc1)-c1c(C#N)c(N)n2c3ccccc3nc2c1C#N	Tumor necrosis factor	6058.5	PubChem	"5MU8,9OK6,9OJY,9OJS,9OJO,6X86,6X85,6X83,6X82,6X81,5YOY,7JRA,8Z8M,6OOZ,6OOY,5WUX,5M2M,5M2J,5M2I,4TWT,4G3Y,3IT8,3ALQ,3L9J,2AZ5,7ASY,7QLF"
COc1ccc(cc1OC)-c1c[nH]nc1-c1ccc(OCc2ccccc2F)cc1O	Tumor necrosis factor	6092	PubChem	"5MU8,9OK6,9OJY,9OJS,9OJO,6X86,6X85,6X83,6X82,6X81,5YOY,7JRA,8Z8M,6OOZ,6OOY,5WUX,5M2M,5M2J,5M2I,4TWT,4G3Y,3IT8,3ALQ,3L9J,2AZ5,7ASY,7QLF"
Cc1cc(NC(=O)CCS(=O)(=O)c2nc(cc(n2)C(F)(F)F)-c2ccccc2)no1	Tumor necrosis factor	6105.5	PubChem	"5MU8,9OK6,9OJY,9OJS,9OJO,6X86,6X85,6X83,6X82,6X81,5YOY,7JRA,8Z8M,6OOZ,6OOY,5WUX,5M2M,5M2J,5M2I,4TWT,4G3Y,3IT8,3ALQ,3L9J,2AZ5,7ASY,7QLF"
CN(c1ccccc1)S(=O)(=O)c1cccc(c1)C(=O)Nc1ccc2nc(C)sc2c1	Tumor necrosis factor	6114	PubChem	"5MU8,9OK6,9OJY,9OJS,9OJO,6X86,6X85,6X83,6X82,6X81,5YOY,7JRA,8Z8M,6OOZ,6OOY,5WUX,5M2M,5M2J,5M2I,4TWT,4G3Y,3IT8,3ALQ,3L9J,2AZ5,7ASY,7QLF"
CCn1c(SCC(=O)Nc2nc(cs2)-c2ccccc2)nnc1-c1ccccc1	Tumor necrosis factor	6129	PubChem	"5MU8,9OK6,9OJY,9OJS,9OJO,6X86,6X85,6X83,6X82,6X81,5YOY,7JRA,8Z8M,6OOZ,6OOY,5WUX,5M2M,5M2J,5M2I,4TWT,4G3Y,3IT8,3ALQ,3L9J,2AZ5,7ASY,7QLF"
Cc1cc(C)nc(Sc2ccc(cc2[N+]([O-])=O)[N+]([O-])=O)n1	Tumor necrosis factor	6200	PubChem	"5MU8,9OK6,9OJY,9OJS,9OJO,6X86,6X85,6X83,6X82,6X81,5YOY,7JRA,8Z8M,6OOZ,6OOY,5WUX,5M2M,5M2J,5M2I,4TWT,4G3Y,3IT8,3ALQ,3L9J,2AZ5,7ASY,7QLF"
CCCOC(=O)c1[nH]c2CC(CC(=O)c2c1C)c1cc(OC)c(OC)c(OC)c1	Tumor necrosis factor	6210	PubChem	"5MU8,9OK6,9OJY,9OJS,9OJO,6X86,6X85,6X83,6X82,6X81,5YOY,7JRA,8Z8M,6OOZ,6OOY,5WUX,5M2M,5M2J,5M2I,4TWT,4G3Y,3IT8,3ALQ,3L9J,2AZ5,7ASY,7QLF"
CN1C(=O)\C(Sc2ccc(cc12)C(=O)N1CCN(CC1)c1ccccn1)=C\c1ccccc1C	Tumor necrosis factor	6220	PubChem	"5MU8,9OK6,9OJY,9OJS,9OJO,6X86,6X85,6X83,6X82,6X81,5YOY,7JRA,8Z8M,6OOZ,6OOY,5WUX,5M2M,5M2J,5M2I,4TWT,4G3Y,3IT8,3ALQ,3L9J,2AZ5,7ASY,7QLF"
CN(Cc1cccnc1)C(=O)c1cc(COc2ccc3ncccc3c2)on1	Tumor necrosis factor	6227.5	PubChem	"5MU8,9OK6,9OJY,9OJS,9OJO,6X86,6X85,6X83,6X82,6X81,5YOY,7JRA,8Z8M,6OOZ,6OOY,5WUX,5M2M,5M2J,5M2I,4TWT,4G3Y,3IT8,3ALQ,3L9J,2AZ5,7ASY,7QLF"
Oc1c(CN2CCN(CC2)c2ccccn2)cc(Cl)c2cccnc12	Tumor necrosis factor	6233.5	PubChem	"5MU8,9OK6,9OJY,9OJS,9OJO,6X86,6X85,6X83,6X82,6X81,5YOY,7JRA,8Z8M,6OOZ,6OOY,5WUX,5M2M,5M2J,5M2I,4TWT,4G3Y,3IT8,3ALQ,3L9J,2AZ5,7ASY,7QLF"
CCOC(=O)C1=C(Cc2ccc(Cl)cc2)C(=O)c2ccccc2C1=O |c:5|	Tumor necrosis factor	6240	PubChem	"5MU8,9OK6,9OJY,9OJS,9OJO,6X86,6X85,6X83,6X82,6X81,5YOY,7JRA,8Z8M,6OOZ,6OOY,5WUX,5M2M,5M2J,5M2I,4TWT,4G3Y,3IT8,3ALQ,3L9J,2AZ5,7ASY,7QLF"
"[H]C12CC3([H])CC(C1)(CC(C2)(C3)n1nnc(C)n1)C(=O)N1CCN(CC1)c1cc(C)ccc1C |TLB:11:9:7:3.5.2,THB:12:9:7:3.5.2,12:9:5:1.7.2,10:9:5:1.7.2,10:1:5:9.8.11|"	Tumor necrosis factor	6274	PubChem	"5MU8,9OK6,9OJY,9OJS,9OJO,6X86,6X85,6X83,6X82,6X81,5YOY,7JRA,8Z8M,6OOZ,6OOY,5WUX,5M2M,5M2J,5M2I,4TWT,4G3Y,3IT8,3ALQ,3L9J,2AZ5,7ASY,7QLF"
Oc1ccc(cc1Nc1ncnc2ccc(Br)cc12)[N+]([O-])=O	Tumor necrosis factor	6280	PubChem	"5MU8,9OK6,9OJY,9OJS,9OJO,6X86,6X85,6X83,6X82,6X81,5YOY,7JRA,8Z8M,6OOZ,6OOY,5WUX,5M2M,5M2J,5M2I,4TWT,4G3Y,3IT8,3ALQ,3L9J,2AZ5,7ASY,7QLF"
[#6]-c1ccc(cc1)-[#6](=O)-[#7]\[#6](=[#6](/Cl)Cl)S(=O)(=O)c1ccc(-[#6])cc1	Tumor necrosis factor	6282.5	PubChem	"5MU8,9OK6,9OJY,9OJS,9OJO,6X86,6X85,6X83,6X82,6X81,5YOY,7JRA,8Z8M,6OOZ,6OOY,5WUX,5M2M,5M2J,5M2I,4TWT,4G3Y,3IT8,3ALQ,3L9J,2AZ5,7ASY,7QLF"
Cc1nc2c(Br)cc(Br)cc2cc1O	Tumor necrosis factor	6296	PubChem	"5MU8,9OK6,9OJY,9OJS,9OJO,6X86,6X85,6X83,6X82,6X81,5YOY,7JRA,8Z8M,6OOZ,6OOY,5WUX,5M2M,5M2J,5M2I,4TWT,4G3Y,3IT8,3ALQ,3L9J,2AZ5,7ASY,7QLF"
Cc1ccc(NS(=O)(=O)c2cc(NC(=O)c3ccc4SCC(=O)Nc4c3)ccc2Cl)c(C)c1	Tumor necrosis factor	6296	PubChem	"5MU8,9OK6,9OJY,9OJS,9OJO,6X86,6X85,6X83,6X82,6X81,5YOY,7JRA,8Z8M,6OOZ,6OOY,5WUX,5M2M,5M2J,5M2I,4TWT,4G3Y,3IT8,3ALQ,3L9J,2AZ5,7ASY,7QLF"
Cc1onc(c1C(=O)Nc1ncc(s1)[N+]([O-])=O)-c1ccccc1	Tumor necrosis factor	6310	PubChem	"5MU8,9OK6,9OJY,9OJS,9OJO,6X86,6X85,6X83,6X82,6X81,5YOY,7JRA,8Z8M,6OOZ,6OOY,5WUX,5M2M,5M2J,5M2I,4TWT,4G3Y,3IT8,3ALQ,3L9J,2AZ5,7ASY,7QLF"
C(Nc1ncnc2scc(-c3ccccc3)c12)c1ccccn1	Tumor necrosis factor	6337.5	PubChem	"5MU8,9OK6,9OJY,9OJS,9OJO,6X86,6X85,6X83,6X82,6X81,5YOY,7JRA,8Z8M,6OOZ,6OOY,5WUX,5M2M,5M2J,5M2I,4TWT,4G3Y,3IT8,3ALQ,3L9J,2AZ5,7ASY,7QLF"
CCCC[C@@H]1OC(=O)C2=CCCC[C@@H]12	Tumor necrosis factor	6380	ChEMBL	"2AZ5,3ALQ,3IT8,3L9J,4G3Y,4TWT,5M2I,5M2J,5M2M,5MU8,5WUX,5YOY,6OOY,6OOZ,6X81,6X82,6X83,6X85,6X86,7JRA"
CC(Sc1nnc2c(n1)[nH]c1ccccc21)C(=O)N(C)C1CCCCC1	Tumor necrosis factor	6407	PubChem	"5MU8,9OK6,9OJY,9OJS,9OJO,6X86,6X85,6X83,6X82,6X81,5YOY,7JRA,8Z8M,6OOZ,6OOY,5WUX,5M2M,5M2J,5M2I,4TWT,4G3Y,3IT8,3ALQ,3L9J,2AZ5,7ASY,7QLF"
Cc1cc(C)c(C#N)c(SCc2nnc(o2)-c2ccccc2)n1	Tumor necrosis factor	6413.25	PubChem	"5MU8,9OK6,9OJY,9OJS,9OJO,6X86,6X85,6X83,6X82,6X81,5YOY,7JRA,8Z8M,6OOZ,6OOY,5WUX,5M2M,5M2J,5M2I,4TWT,4G3Y,3IT8,3ALQ,3L9J,2AZ5,7ASY,7QLF"
Fc1ccc(F)c(CNc2ncnc3cc(Cl)ccc23)c1	Tumor necrosis factor	6416	PubChem	"5MU8,9OK6,9OJY,9OJS,9OJO,6X86,6X85,6X83,6X82,6X81,5YOY,7JRA,8Z8M,6OOZ,6OOY,5WUX,5M2M,5M2J,5M2I,4TWT,4G3Y,3IT8,3ALQ,3L9J,2AZ5,7ASY,7QLF"
COc1ccc([CH+][N-]NS(=O)(=O)c2ccc(F)cc2)cc1COc1cc(F)ccc1[N+]([O-])=O	Tumor necrosis factor	6446.5	PubChem	"5MU8,9OK6,9OJY,9OJS,9OJO,6X86,6X85,6X83,6X82,6X81,5YOY,7JRA,8Z8M,6OOZ,6OOY,5WUX,5M2M,5M2J,5M2I,4TWT,4G3Y,3IT8,3ALQ,3L9J,2AZ5,7ASY,7QLF"
FC(F)(F)c1cnc(NNC(=S)Nc2ccccc2Cl)c(Cl)c1	Tumor necrosis factor	6486.5	PubChem	"5MU8,9OK6,9OJY,9OJS,9OJO,6X86,6X85,6X83,6X82,6X81,5YOY,7JRA,8Z8M,6OOZ,6OOY,5WUX,5M2M,5M2J,5M2I,4TWT,4G3Y,3IT8,3ALQ,3L9J,2AZ5,7ASY,7QLF"
CC1Cc2cc(ccc2N1C(C)=O)S(=O)(=O)N1CCN(CC1)c1ccc(cc1)C(C)=O	Tumor necrosis factor	6500	PubChem	"5MU8,9OK6,9OJY,9OJS,9OJO,6X86,6X85,6X83,6X82,6X81,5YOY,7JRA,8Z8M,6OOZ,6OOY,5WUX,5M2M,5M2J,5M2I,4TWT,4G3Y,3IT8,3ALQ,3L9J,2AZ5,7ASY,7QLF"
O=S(=O)(Nc1cccc(c1)-c1cn2cccnc2n1)c1ccc(cc1)-c1ccccc1	Tumor necrosis factor	6517	PubChem	"5MU8,9OK6,9OJY,9OJS,9OJO,6X86,6X85,6X83,6X82,6X81,5YOY,7JRA,8Z8M,6OOZ,6OOY,5WUX,5M2M,5M2J,5M2I,4TWT,4G3Y,3IT8,3ALQ,3L9J,2AZ5,7ASY,7QLF"
Cc1c(C=NNC(=O)c2ccccc2O)c2ccccn2c1C(=O)c1ccc(F)cc1 |w:4.4|	Tumor necrosis factor	6521	PubChem	"5MU8,9OK6,9OJY,9OJS,9OJO,6X86,6X85,6X83,6X82,6X81,5YOY,7JRA,8Z8M,6OOZ,6OOY,5WUX,5M2M,5M2J,5M2I,4TWT,4G3Y,3IT8,3ALQ,3L9J,2AZ5,7ASY,7QLF"
Oc1ccccc1C(=O)NN=Cc1cccc2cccnc12	Tumor necrosis factor	6521	PubChem	"5MU8,9OK6,9OJY,9OJS,9OJO,6X86,6X85,6X83,6X82,6X81,5YOY,7JRA,8Z8M,6OOZ,6OOY,5WUX,5M2M,5M2J,5M2I,4TWT,4G3Y,3IT8,3ALQ,3L9J,2AZ5,7ASY,7QLF"
COCCN(C(C(=O)NC1CCCCC1)c1ccccc1C)C(=O)CCl	Tumor necrosis factor	6535.5	PubChem	"5MU8,9OK6,9OJY,9OJS,9OJO,6X86,6X85,6X83,6X82,6X81,5YOY,7JRA,8Z8M,6OOZ,6OOY,5WUX,5M2M,5M2J,5M2I,4TWT,4G3Y,3IT8,3ALQ,3L9J,2AZ5,7ASY,7QLF"
[O-][N+](=O)c1cnc(NC(=O)Cc2ccc(Br)cc2)s1	Tumor necrosis factor	6547.5	PubChem	"5MU8,9OK6,9OJY,9OJS,9OJO,6X86,6X85,6X83,6X82,6X81,5YOY,7JRA,8Z8M,6OOZ,6OOY,5WUX,5M2M,5M2J,5M2I,4TWT,4G3Y,3IT8,3ALQ,3L9J,2AZ5,7ASY,7QLF"
CCS(=O)(=O)c1nnnn1-c1ccccc1S(C)(=O)=O	Tumor necrosis factor	6549.5	PubChem	"5MU8,9OK6,9OJY,9OJS,9OJO,6X86,6X85,6X83,6X82,6X81,5YOY,7JRA,8Z8M,6OOZ,6OOY,5WUX,5M2M,5M2J,5M2I,4TWT,4G3Y,3IT8,3ALQ,3L9J,2AZ5,7ASY,7QLF"
O=C(N1CCN(CCN2C(=O)c3cccc4cccc(C2=O)c34)CC1)c1ccc(cc1)S(=O)(=O)N1CCCCC1	Tumor necrosis factor	6571	PubChem	"5MU8,9OK6,9OJY,9OJS,9OJO,6X86,6X85,6X83,6X82,6X81,5YOY,7JRA,8Z8M,6OOZ,6OOY,5WUX,5M2M,5M2J,5M2I,4TWT,4G3Y,3IT8,3ALQ,3L9J,2AZ5,7ASY,7QLF"
[O-][N+](=O)c1cc(ccc1S(=O)(=O)c1ccccc1Cl)C(=O)N1CCN(Cc2ccccc2)CC1	Tumor necrosis factor	6580	PubChem	"5MU8,9OK6,9OJY,9OJS,9OJO,6X86,6X85,6X83,6X82,6X81,5YOY,7JRA,8Z8M,6OOZ,6OOY,5WUX,5M2M,5M2J,5M2I,4TWT,4G3Y,3IT8,3ALQ,3L9J,2AZ5,7ASY,7QLF"
COc1ccccc1NS(=O)(=O)c1cccc(NC(=O)Nc2ccc(Cl)cc2)c1	Tumor necrosis factor	6588.5	PubChem	"5MU8,9OK6,9OJY,9OJS,9OJO,6X86,6X85,6X83,6X82,6X81,5YOY,7JRA,8Z8M,6OOZ,6OOY,5WUX,5M2M,5M2J,5M2I,4TWT,4G3Y,3IT8,3ALQ,3L9J,2AZ5,7ASY,7QLF"
Cc1c(O)ccc2c(cc(=O)oc12)-c1ccccc1	Tumor necrosis factor	6620	PubChem	"5MU8,9OK6,9OJY,9OJS,9OJO,6X86,6X85,6X83,6X82,6X81,5YOY,7JRA,8Z8M,6OOZ,6OOY,5WUX,5M2M,5M2J,5M2I,4TWT,4G3Y,3IT8,3ALQ,3L9J,2AZ5,7ASY,7QLF"
Cc1nn(-c2ccccc2)c2nc([nH]c(=O)c12)C(Cl)(Cl)Cl	Tumor necrosis factor	6620	PubChem	"5MU8,9OK6,9OJY,9OJS,9OJO,6X86,6X85,6X83,6X82,6X81,5YOY,7JRA,8Z8M,6OOZ,6OOY,5WUX,5M2M,5M2J,5M2I,4TWT,4G3Y,3IT8,3ALQ,3L9J,2AZ5,7ASY,7QLF"
Cc1c(sc2nc(C)nc(N3CCN(CC3)c3ccccn3)c12)C(=O)N1CCN(CC1)c1ccccc1F	Tumor necrosis factor	6620.5	PubChem	"5MU8,9OK6,9OJY,9OJS,9OJO,6X86,6X85,6X83,6X82,6X81,5YOY,7JRA,8Z8M,6OOZ,6OOY,5WUX,5M2M,5M2J,5M2I,4TWT,4G3Y,3IT8,3ALQ,3L9J,2AZ5,7ASY,7QLF"
CC1CCN(CC1)S(=O)(=O)c1nnc(NC(=O)c2cccc(Cl)c2)s1	Tumor necrosis factor	6640	PubChem	"5MU8,9OK6,9OJY,9OJS,9OJO,6X86,6X85,6X83,6X82,6X81,5YOY,7JRA,8Z8M,6OOZ,6OOY,5WUX,5M2M,5M2J,5M2I,4TWT,4G3Y,3IT8,3ALQ,3L9J,2AZ5,7ASY,7QLF"
COc1ccccc1N1CCN(CC1)c1ncnc2sc(C)c(-c3ccccc3)c12	Tumor necrosis factor	6681.5	PubChem	"5MU8,9OK6,9OJY,9OJS,9OJO,6X86,6X85,6X83,6X82,6X81,5YOY,7JRA,8Z8M,6OOZ,6OOY,5WUX,5M2M,5M2J,5M2I,4TWT,4G3Y,3IT8,3ALQ,3L9J,2AZ5,7ASY,7QLF"
CN(C)S(=O)(=O)Oc1ccc(cc1)C(=O)Nc1cccc(c1)C(F)(F)F	Tumor necrosis factor	6708.5	PubChem	"5MU8,9OK6,9OJY,9OJS,9OJO,6X86,6X85,6X83,6X82,6X81,5YOY,7JRA,8Z8M,6OOZ,6OOY,5WUX,5M2M,5M2J,5M2I,4TWT,4G3Y,3IT8,3ALQ,3L9J,2AZ5,7ASY,7QLF"
Cc1sc(NC(=O)c2nn(C)cc2[N+]([O-])=O)nc1-c1ccc(C)c(C)c1	Tumor necrosis factor	6718.5	PubChem	"5MU8,9OK6,9OJY,9OJS,9OJO,6X86,6X85,6X83,6X82,6X81,5YOY,7JRA,8Z8M,6OOZ,6OOY,5WUX,5M2M,5M2J,5M2I,4TWT,4G3Y,3IT8,3ALQ,3L9J,2AZ5,7ASY,7QLF"
CC(C)(C)c1ccc(cc1)-c1noc(CCC(=O)NCc2ccco2)n1	Tumor necrosis factor	6760	PubChem	"5MU8,9OK6,9OJY,9OJS,9OJO,6X86,6X85,6X83,6X82,6X81,5YOY,7JRA,8Z8M,6OOZ,6OOY,5WUX,5M2M,5M2J,5M2I,4TWT,4G3Y,3IT8,3ALQ,3L9J,2AZ5,7ASY,7QLF"
CC1CCc2c(C1)sc(NC(=O)c1ccc(Br)cc1)c2C(O)=O	Tumor necrosis factor	6820	PubChem	"5MU8,9OK6,9OJY,9OJS,9OJO,6X86,6X85,6X83,6X82,6X81,5YOY,7JRA,8Z8M,6OOZ,6OOY,5WUX,5M2M,5M2J,5M2I,4TWT,4G3Y,3IT8,3ALQ,3L9J,2AZ5,7ASY,7QLF"
Oc1c(ccc2ccccc12)C(=O)Nc1cccc(c1)[N+]([O-])=O	Tumor necrosis factor	6825	PubChem	"5MU8,9OK6,9OJY,9OJS,9OJO,6X86,6X85,6X83,6X82,6X81,5YOY,7JRA,8Z8M,6OOZ,6OOY,5WUX,5M2M,5M2J,5M2I,4TWT,4G3Y,3IT8,3ALQ,3L9J,2AZ5,7ASY,7QLF"
Cc1c(\[NH+]=c2/scc(-c3ccc(Cl)cc3Cl)n2CC=C)c(=O)n(-c2ccccc2)n1C	Tumor necrosis factor	6869	PubChem	"5MU8,9OK6,9OJY,9OJS,9OJO,6X86,6X85,6X83,6X82,6X81,5YOY,7JRA,8Z8M,6OOZ,6OOY,5WUX,5M2M,5M2J,5M2I,4TWT,4G3Y,3IT8,3ALQ,3L9J,2AZ5,7ASY,7QLF"
COc1cc(cc(OC)c1OC)C(=O)Nc1scc(c1C(O)=O)-c1ccc(Br)cc1	Tumor necrosis factor	6880	PubChem	"5MU8,9OK6,9OJY,9OJS,9OJO,6X86,6X85,6X83,6X82,6X81,5YOY,7JRA,8Z8M,6OOZ,6OOY,5WUX,5M2M,5M2J,5M2I,4TWT,4G3Y,3IT8,3ALQ,3L9J,2AZ5,7ASY,7QLF"
COCC(C)n1c(C)cc(C(=O)COc2ccc(C)nc2[N+]([O-])=O)c1C	Tumor necrosis factor	6883	PubChem	"5MU8,9OK6,9OJY,9OJS,9OJO,6X86,6X85,6X83,6X82,6X81,5YOY,7JRA,8Z8M,6OOZ,6OOY,5WUX,5M2M,5M2J,5M2I,4TWT,4G3Y,3IT8,3ALQ,3L9J,2AZ5,7ASY,7QLF"
Clc1ccc(-c2nnc(SC3CCOC3=O)o2)c(Cl)c1	Tumor necrosis factor	6932	PubChem	"5MU8,9OK6,9OJY,9OJS,9OJO,6X86,6X85,6X83,6X82,6X81,5YOY,7JRA,8Z8M,6OOZ,6OOY,5WUX,5M2M,5M2J,5M2I,4TWT,4G3Y,3IT8,3ALQ,3L9J,2AZ5,7ASY,7QLF"
COc1ccc(CN(CCC(c2ccccc2)c2ccc(OC(C)C)cc2)C(=O)CCl)cc1OC	Tumor necrosis factor	6936.5	PubChem	"5MU8,9OK6,9OJY,9OJS,9OJO,6X86,6X85,6X83,6X82,6X81,5YOY,7JRA,8Z8M,6OOZ,6OOY,5WUX,5M2M,5M2J,5M2I,4TWT,4G3Y,3IT8,3ALQ,3L9J,2AZ5,7ASY,7QLF"
COc1ccc(-c2nc(CN3CCN(CC3)c3ncnc4ccccc34)c(C)o2)c(OC)c1	Tumor necrosis factor	6958	PubChem	"5MU8,9OK6,9OJY,9OJS,9OJO,6X86,6X85,6X83,6X82,6X81,5YOY,7JRA,8Z8M,6OOZ,6OOY,5WUX,5M2M,5M2J,5M2I,4TWT,4G3Y,3IT8,3ALQ,3L9J,2AZ5,7ASY,7QLF"
O=S(=O)(N1CCC(CC1)(C#N)c1ccccc1)c1cnc2ccc(nn12)-c1cccnc1	Tumor necrosis factor	7000	ChEMBL	"2AZ5,3ALQ,3IT8,3L9J,4G3Y,4TWT,5M2I,5M2J,5M2M,5MU8,5WUX,5YOY,6OOY,6OOZ,6X81,6X82,6X83,6X85,6X86,7JRA"
Oc1ccc(N=Nc2ccccc2C(F)(F)F)c2cccnc12 |w:6.6|	Tumor necrosis factor	7030	PubChem	"5MU8,9OK6,9OJY,9OJS,9OJO,6X86,6X85,6X83,6X82,6X81,5YOY,7JRA,8Z8M,6OOZ,6OOY,5WUX,5M2M,5M2J,5M2I,4TWT,4G3Y,3IT8,3ALQ,3L9J,2AZ5,7ASY,7QLF"
CCCc1nc(SCC(=O)Nc2nnc(SCC)s2)c2c(n1)n(C)c(=O)n(C)c2=O	Tumor necrosis factor	7035.5	PubChem	"5MU8,9OK6,9OJY,9OJS,9OJO,6X86,6X85,6X83,6X82,6X81,5YOY,7JRA,8Z8M,6OOZ,6OOY,5WUX,5M2M,5M2J,5M2I,4TWT,4G3Y,3IT8,3ALQ,3L9J,2AZ5,7ASY,7QLF"
Cc1ccc(NC(=O)CC(=O)c2ccc(cc2)[N+]([O-])=O)cc1S(=O)(=O)Nc1cccc(Cl)c1	Tumor necrosis factor	7046	PubChem	"5MU8,9OK6,9OJY,9OJS,9OJO,6X86,6X85,6X83,6X82,6X81,5YOY,7JRA,8Z8M,6OOZ,6OOY,5WUX,5M2M,5M2J,5M2I,4TWT,4G3Y,3IT8,3ALQ,3L9J,2AZ5,7ASY,7QLF"
CCN(CC)c1ccc(cc1NC(=O)CN1CCc2ccccc2C1)S(=O)(=O)N1CCOCC1	Tumor necrosis factor	7070	PubChem	"5MU8,9OK6,9OJY,9OJS,9OJO,6X86,6X85,6X83,6X82,6X81,5YOY,7JRA,8Z8M,6OOZ,6OOY,5WUX,5M2M,5M2J,5M2I,4TWT,4G3Y,3IT8,3ALQ,3L9J,2AZ5,7ASY,7QLF"
Cn1c(nc2n(C)c(=O)n(Cc3ccc(Cl)cc3)c(=O)c12)N1CCN(CC1)c1ccccn1	Tumor necrosis factor	7188.5	PubChem	"5MU8,9OK6,9OJY,9OJS,9OJO,6X86,6X85,6X83,6X82,6X81,5YOY,7JRA,8Z8M,6OOZ,6OOY,5WUX,5M2M,5M2J,5M2I,4TWT,4G3Y,3IT8,3ALQ,3L9J,2AZ5,7ASY,7QLF"
COc1ccc(cc1)N(Cc1cc2cc(OC)ccc2[nH]c1=O)S(=O)(=O)c1ccc(NC(C)=O)cc1	Tumor necrosis factor	7216.5	PubChem	"5MU8,9OK6,9OJY,9OJS,9OJO,6X86,6X85,6X83,6X82,6X81,5YOY,7JRA,8Z8M,6OOZ,6OOY,5WUX,5M2M,5M2J,5M2I,4TWT,4G3Y,3IT8,3ALQ,3L9J,2AZ5,7ASY,7QLF"
[#6]-[#6]-1-[#6]-[#6](-[#6])-[#6]\[#7+](-[#6]-1)=[#6]-1/[#6]C([#6])([#6])[#6]-[#6](=[#6]-1)-[#7]-1-[#6]-[#6]-[#6]-[#6]-1 |c:15|	Tumor necrosis factor	7237	PubChem	"5MU8,9OK6,9OJY,9OJS,9OJO,6X86,6X85,6X83,6X82,6X81,5YOY,7JRA,8Z8M,6OOZ,6OOY,5WUX,5M2M,5M2J,5M2I,4TWT,4G3Y,3IT8,3ALQ,3L9J,2AZ5,7ASY,7QLF"
Nc1[nH]nc2ncc3cc4ccccc4nc3c12	Tumor necrosis factor	7353	PubChem	"5MU8,9OK6,9OJY,9OJS,9OJO,6X86,6X85,6X83,6X82,6X81,5YOY,7JRA,8Z8M,6OOZ,6OOY,5WUX,5M2M,5M2J,5M2I,4TWT,4G3Y,3IT8,3ALQ,3L9J,2AZ5,7ASY,7QLF"
COc1cc(cc(OC)c1OC)C(=O)Nc1sc2CC(C)CCc2c1C(O)=O	Tumor necrosis factor	7410	PubChem	"5MU8,9OK6,9OJY,9OJS,9OJO,6X86,6X85,6X83,6X82,6X81,5YOY,7JRA,8Z8M,6OOZ,6OOY,5WUX,5M2M,5M2J,5M2I,4TWT,4G3Y,3IT8,3ALQ,3L9J,2AZ5,7ASY,7QLF"
COc1ccccc1NS(=O)(=O)c1cccc(NC(=O)c2ccc3ccccc3n2)c1	Tumor necrosis factor	7411	PubChem	"5MU8,9OK6,9OJY,9OJS,9OJO,6X86,6X85,6X83,6X82,6X81,5YOY,7JRA,8Z8M,6OOZ,6OOY,5WUX,5M2M,5M2J,5M2I,4TWT,4G3Y,3IT8,3ALQ,3L9J,2AZ5,7ASY,7QLF"
COc1ccc(cc1OC)C(CCO)N1C(=O)c2ccccc2C1=O	Tumor necrosis factor	7500	ChEMBL	"2AZ5,3ALQ,3IT8,3L9J,4G3Y,4TWT,5M2I,5M2J,5M2M,5MU8,5WUX,5YOY,6OOY,6OOZ,6X81,6X82,6X83,6X85,6X86,7JRA"
Cc1ccc2N(CCCc2c1)S(=O)(=O)c1cccc(c1)C(=O)Nc1ccccc1C(O)=O	Tumor necrosis factor	7520	PubChem	"5MU8,9OK6,9OJY,9OJS,9OJO,6X86,6X85,6X83,6X82,6X81,5YOY,7JRA,8Z8M,6OOZ,6OOY,5WUX,5M2M,5M2J,5M2I,4TWT,4G3Y,3IT8,3ALQ,3L9J,2AZ5,7ASY,7QLF"
Oc1ccc(\C=C2/SC(=O)N(Cc3cccc(c3)[N+]([O-])=O)C2=O)cc1[N+]([O-])=O	Tumor necrosis factor	7533.5	PubChem	"5MU8,9OK6,9OJY,9OJS,9OJO,6X86,6X85,6X83,6X82,6X81,5YOY,7JRA,8Z8M,6OOZ,6OOY,5WUX,5M2M,5M2J,5M2I,4TWT,4G3Y,3IT8,3ALQ,3L9J,2AZ5,7ASY,7QLF"
Cc1ccc(Sc2ccc(\C=C3\C(=O)NN(C3=O)c3ccccc3)o2)cc1	Tumor necrosis factor	7563.5	PubChem	"5MU8,9OK6,9OJY,9OJS,9OJO,6X86,6X85,6X83,6X82,6X81,5YOY,7JRA,8Z8M,6OOZ,6OOY,5WUX,5M2M,5M2J,5M2I,4TWT,4G3Y,3IT8,3ALQ,3L9J,2AZ5,7ASY,7QLF"
O=C(N1CCN(CC1)c1ccccn1)c1ccc(Cn2c(=S)[nH]c3ccccc3c2=O)cc1	Tumor necrosis factor	7610	PubChem	"5MU8,9OK6,9OJY,9OJS,9OJO,6X86,6X85,6X83,6X82,6X81,5YOY,7JRA,8Z8M,6OOZ,6OOY,5WUX,5M2M,5M2J,5M2I,4TWT,4G3Y,3IT8,3ALQ,3L9J,2AZ5,7ASY,7QLF"
CN(Cc1csc(C)n1)C(=O)c1cc(COc2ccc3ncccc3c2)on1	Tumor necrosis factor	7665.5	PubChem	"5MU8,9OK6,9OJY,9OJS,9OJO,6X86,6X85,6X83,6X82,6X81,5YOY,7JRA,8Z8M,6OOZ,6OOY,5WUX,5M2M,5M2J,5M2I,4TWT,4G3Y,3IT8,3ALQ,3L9J,2AZ5,7ASY,7QLF"
Cc1ccc(NS(=O)(=O)c2ccc3C(=O)c4ccccc4C(=O)c3c2)c(C)c1	Tumor necrosis factor	7677	PubChem	"5MU8,9OK6,9OJY,9OJS,9OJO,6X86,6X85,6X83,6X82,6X81,5YOY,7JRA,8Z8M,6OOZ,6OOY,5WUX,5M2M,5M2J,5M2I,4TWT,4G3Y,3IT8,3ALQ,3L9J,2AZ5,7ASY,7QLF"
CCCCCCc1cc2cc(C(=O)OCC)c(=O)oc2cc1O	Tumor necrosis factor	7713	PubChem	"5MU8,9OK6,9OJY,9OJS,9OJO,6X86,6X85,6X83,6X82,6X81,5YOY,7JRA,8Z8M,6OOZ,6OOY,5WUX,5M2M,5M2J,5M2I,4TWT,4G3Y,3IT8,3ALQ,3L9J,2AZ5,7ASY,7QLF"
FC(F)(F)c1cc(C=Cc2ccc(Cl)cc2Cl)[nH]c(=O)n1 |w:7.6|	Tumor necrosis factor	7723.5	PubChem	"5MU8,9OK6,9OJY,9OJS,9OJO,6X86,6X85,6X83,6X82,6X81,5YOY,7JRA,8Z8M,6OOZ,6OOY,5WUX,5M2M,5M2J,5M2I,4TWT,4G3Y,3IT8,3ALQ,3L9J,2AZ5,7ASY,7QLF"
Clc1ccc(NC(=O)c2ccc(Br)c(c2)S(=O)(=O)N2CCCCC2)nc1	Tumor necrosis factor	7733	PubChem	"5MU8,9OK6,9OJY,9OJS,9OJO,6X86,6X85,6X83,6X82,6X81,5YOY,7JRA,8Z8M,6OOZ,6OOY,5WUX,5M2M,5M2J,5M2I,4TWT,4G3Y,3IT8,3ALQ,3L9J,2AZ5,7ASY,7QLF"
Clc1cccc(Cl)c1CON=CNc1ncnc2sccc12 |w:10.10|	Tumor necrosis factor	7790	PubChem	"5MU8,9OK6,9OJY,9OJS,9OJO,6X86,6X85,6X83,6X82,6X81,5YOY,7JRA,8Z8M,6OOZ,6OOY,5WUX,5M2M,5M2J,5M2I,4TWT,4G3Y,3IT8,3ALQ,3L9J,2AZ5,7ASY,7QLF"
ClCC(=O)Nc1cc(ccc1Cl)S(=O)(=O)N1CCCCCC1	Tumor necrosis factor	7856	PubChem	"5MU8,9OK6,9OJY,9OJS,9OJO,6X86,6X85,6X83,6X82,6X81,5YOY,7JRA,8Z8M,6OOZ,6OOY,5WUX,5M2M,5M2J,5M2I,4TWT,4G3Y,3IT8,3ALQ,3L9J,2AZ5,7ASY,7QLF"
Nc1ncnc(Nc2ccccn2)c1[N+]([O-])=O	Tumor necrosis factor	7857	PubChem	"5MU8,9OK6,9OJY,9OJS,9OJO,6X86,6X85,6X83,6X82,6X81,5YOY,7JRA,8Z8M,6OOZ,6OOY,5WUX,5M2M,5M2J,5M2I,4TWT,4G3Y,3IT8,3ALQ,3L9J,2AZ5,7ASY,7QLF"
CC(C)CCn1c(Sc2nc3ccccc3o2)nc2n(C)c(=O)[nH]c(=O)c12	Tumor necrosis factor	7888.5	PubChem	"5MU8,9OK6,9OJY,9OJS,9OJO,6X86,6X85,6X83,6X82,6X81,5YOY,7JRA,8Z8M,6OOZ,6OOY,5WUX,5M2M,5M2J,5M2I,4TWT,4G3Y,3IT8,3ALQ,3L9J,2AZ5,7ASY,7QLF"
COc1ccc(cc1)-n1nc2CSCc2c1NC(=O)CCl	Tumor necrosis factor	7892.5	PubChem	"5MU8,9OK6,9OJY,9OJS,9OJO,6X86,6X85,6X83,6X82,6X81,5YOY,7JRA,8Z8M,6OOZ,6OOY,5WUX,5M2M,5M2J,5M2I,4TWT,4G3Y,3IT8,3ALQ,3L9J,2AZ5,7ASY,7QLF"
COC(=O)CC(N1C(=O)c2c(C1=O)c(Cl)ccc2Cl)c1ccc(OC)c(OC)c1	Tumor necrosis factor	7900	ChEMBL	"2AZ5,3ALQ,3IT8,3L9J,4G3Y,4TWT,5M2I,5M2J,5M2M,5MU8,5WUX,5YOY,6OOY,6OOZ,6X81,6X82,6X83,6X85,6X86,7JRA"
COc1ccc(CNS(=O)(=O)c2ccc3N(C(C)Cc3c2)C(=O)C2CC2)cc1	Tumor necrosis factor	7958.5	PubChem	"5MU8,9OK6,9OJY,9OJS,9OJO,6X86,6X85,6X83,6X82,6X81,5YOY,7JRA,8Z8M,6OOZ,6OOY,5WUX,5M2M,5M2J,5M2I,4TWT,4G3Y,3IT8,3ALQ,3L9J,2AZ5,7ASY,7QLF"
N#CCc1ccc(cc1)-c1cccc2ccncc12	Tumor necrosis factor	7960	ChEMBL	"2AZ5,3ALQ,3IT8,3L9J,4G3Y,4TWT,5M2I,5M2J,5M2M,5MU8,5WUX,5YOY,6OOY,6OOZ,6X81,6X82,6X83,6X85,6X86,7JRA"
CS(=O)(=O)c1ccc(cc1)-c1ccc2ncc(n2n1)S(=O)(=O)N1CCC(CC1)(C#N)c1ccccc1	Tumor necrosis factor	8000	ChEMBL	"2AZ5,3ALQ,3IT8,3L9J,4G3Y,4TWT,5M2I,5M2J,5M2M,5MU8,5WUX,5YOY,6OOY,6OOZ,6X81,6X82,6X83,6X85,6X86,7JRA"
[#6]C1([#6])[#6]-[#6](=[#6]\[#6](-[#6]1)=[#7+]-1/[#6]-[#6]-[#6]-[#6]-[#6]-[#6]-1)-[#7]-1-[#6]-[#6]-[#6]-[#6]-1 |c:4|	Tumor necrosis factor	8007	PubChem	"5MU8,9OK6,9OJY,9OJS,9OJO,6X86,6X85,6X83,6X82,6X81,5YOY,7JRA,8Z8M,6OOZ,6OOY,5WUX,5M2M,5M2J,5M2I,4TWT,4G3Y,3IT8,3ALQ,3L9J,2AZ5,7ASY,7QLF"
COc1ccc(CN(C)S(=O)(=O)c2nnc(NC(=O)c3cccc(F)c3)s2)cc1	Tumor necrosis factor	8030	PubChem	"5MU8,9OK6,9OJY,9OJS,9OJO,6X86,6X85,6X83,6X82,6X81,5YOY,7JRA,8Z8M,6OOZ,6OOY,5WUX,5M2M,5M2J,5M2I,4TWT,4G3Y,3IT8,3ALQ,3L9J,2AZ5,7ASY,7QLF"
FC(F)(F)c1cccc(CSc2nc(-c3ccccc3)c(C#N)c(=O)[nH]2)c1	Tumor necrosis factor	8050	PubChem	"5MU8,9OK6,9OJY,9OJS,9OJO,6X86,6X85,6X83,6X82,6X81,5YOY,7JRA,8Z8M,6OOZ,6OOY,5WUX,5M2M,5M2J,5M2I,4TWT,4G3Y,3IT8,3ALQ,3L9J,2AZ5,7ASY,7QLF"
[#6]-[#8]-c1ccc(cc1)-[#6](=O)-[#7]\[#6](=[#6](/Cl)Cl)S(=O)(=O)c1ccc(-[#6])cc1	Tumor necrosis factor	8067.5	PubChem	"5MU8,9OK6,9OJY,9OJS,9OJO,6X86,6X85,6X83,6X82,6X81,5YOY,7JRA,8Z8M,6OOZ,6OOY,5WUX,5M2M,5M2J,5M2I,4TWT,4G3Y,3IT8,3ALQ,3L9J,2AZ5,7ASY,7QLF"
COc1ccc(cc1)-n1ncc2c(ncnc12)N(C)C1CCCCC1	Tumor necrosis factor	8112	PubChem	"5MU8,9OK6,9OJY,9OJS,9OJO,6X86,6X85,6X83,6X82,6X81,5YOY,7JRA,8Z8M,6OOZ,6OOY,5WUX,5M2M,5M2J,5M2I,4TWT,4G3Y,3IT8,3ALQ,3L9J,2AZ5,7ASY,7QLF"
Cn1c(\C=C\c2ccc(Cl)cc2)c([N+]([O-])=O)c(=O)n(C)c1=O	Tumor necrosis factor	8133.5	PubChem	"5MU8,9OK6,9OJY,9OJS,9OJO,6X86,6X85,6X83,6X82,6X81,5YOY,7JRA,8Z8M,6OOZ,6OOY,5WUX,5M2M,5M2J,5M2I,4TWT,4G3Y,3IT8,3ALQ,3L9J,2AZ5,7ASY,7QLF"
CCC(NC(=O)c1ccc2nc(Cc3ccc(OC)cc3)oc2c1)c1ccncc1	Tumor necrosis factor	8151.5	PubChem	"5MU8,9OK6,9OJY,9OJS,9OJO,6X86,6X85,6X83,6X82,6X81,5YOY,7JRA,8Z8M,6OOZ,6OOY,5WUX,5M2M,5M2J,5M2I,4TWT,4G3Y,3IT8,3ALQ,3L9J,2AZ5,7ASY,7QLF"
CCc1cc2\C(C(=O)N3c2c(c1)C(C)CC3(C)C)=C1\SC(=O)NC1=O	Tumor necrosis factor	8160	PubChem	"5MU8,9OK6,9OJY,9OJS,9OJO,6X86,6X85,6X83,6X82,6X81,5YOY,7JRA,8Z8M,6OOZ,6OOY,5WUX,5M2M,5M2J,5M2I,4TWT,4G3Y,3IT8,3ALQ,3L9J,2AZ5,7ASY,7QLF"
COc1cc(Br)cc(C=Cc2ccc3cccc(O)c3n2)c1O |w:9.9|	Tumor necrosis factor	8181	PubChem	"5MU8,9OK6,9OJY,9OJS,9OJO,6X86,6X85,6X83,6X82,6X81,5YOY,7JRA,8Z8M,6OOZ,6OOY,5WUX,5M2M,5M2J,5M2I,4TWT,4G3Y,3IT8,3ALQ,3L9J,2AZ5,7ASY,7QLF"
Cc1ccc(CSc2nc(-c3ccccc3)c(C#N)c(=O)[nH]2)cc1	Tumor necrosis factor	8200	PubChem	"5MU8,9OK6,9OJY,9OJS,9OJO,6X86,6X85,6X83,6X82,6X81,5YOY,7JRA,8Z8M,6OOZ,6OOY,5WUX,5M2M,5M2J,5M2I,4TWT,4G3Y,3IT8,3ALQ,3L9J,2AZ5,7ASY,7QLF"
COC(=O)c1sccc1NC(=O)CSc1ccccc1NS(=O)(=O)c1cc(Cl)ccc1Cl	Tumor necrosis factor	8222.5	PubChem	"5MU8,9OK6,9OJY,9OJS,9OJO,6X86,6X85,6X83,6X82,6X81,5YOY,7JRA,8Z8M,6OOZ,6OOY,5WUX,5M2M,5M2J,5M2I,4TWT,4G3Y,3IT8,3ALQ,3L9J,2AZ5,7ASY,7QLF"
CCC1CCCCN1S(=O)(=O)c1ccc(NC(=O)c2ccncc2)cc1	Tumor necrosis factor	8226	PubChem	"5MU8,9OK6,9OJY,9OJS,9OJO,6X86,6X85,6X83,6X82,6X81,5YOY,7JRA,8Z8M,6OOZ,6OOY,5WUX,5M2M,5M2J,5M2I,4TWT,4G3Y,3IT8,3ALQ,3L9J,2AZ5,7ASY,7QLF"
CCN(c1ccccc1)S(=O)(=O)c1ccc(NC(=O)c2nc(ncc2Cl)S(C)(=O)=O)cc1	Tumor necrosis factor	8251	PubChem	"5MU8,9OK6,9OJY,9OJS,9OJO,6X86,6X85,6X83,6X82,6X81,5YOY,7JRA,8Z8M,6OOZ,6OOY,5WUX,5M2M,5M2J,5M2I,4TWT,4G3Y,3IT8,3ALQ,3L9J,2AZ5,7ASY,7QLF"
COCC1CCN(CC1)C(=O)c1cc(COc2ccc3ncccc3c2)on1	Tumor necrosis factor	8360	PubChem	"5MU8,9OK6,9OJY,9OJS,9OJO,6X86,6X85,6X83,6X82,6X81,5YOY,7JRA,8Z8M,6OOZ,6OOY,5WUX,5M2M,5M2J,5M2I,4TWT,4G3Y,3IT8,3ALQ,3L9J,2AZ5,7ASY,7QLF"
Clc1ccc(s1)C(=O)Nc1nc(cs1)-c1ccccn1	Tumor necrosis factor	8386	PubChem	"5MU8,9OK6,9OJY,9OJS,9OJO,6X86,6X85,6X83,6X82,6X81,5YOY,7JRA,8Z8M,6OOZ,6OOY,5WUX,5M2M,5M2J,5M2I,4TWT,4G3Y,3IT8,3ALQ,3L9J,2AZ5,7ASY,7QLF"
CCc1ccc(cc1)C(=O)OCC(=O)c1c(N)n(CC(C)C)c(=O)n(C)c1=O	Tumor necrosis factor	8391.5	PubChem	"5MU8,9OK6,9OJY,9OJS,9OJO,6X86,6X85,6X83,6X82,6X81,5YOY,7JRA,8Z8M,6OOZ,6OOY,5WUX,5M2M,5M2J,5M2I,4TWT,4G3Y,3IT8,3ALQ,3L9J,2AZ5,7ASY,7QLF"
C\C=C\Cn1c(SCCCc2ccccc2)nc2n(C)c(=O)[nH]c(=O)c12	Tumor necrosis factor	8490	PubChem	"5MU8,9OK6,9OJY,9OJS,9OJO,6X86,6X85,6X83,6X82,6X81,5YOY,7JRA,8Z8M,6OOZ,6OOY,5WUX,5M2M,5M2J,5M2I,4TWT,4G3Y,3IT8,3ALQ,3L9J,2AZ5,7ASY,7QLF"
CN1CCN(CC1)c1cc2nc(C)n(Cc3ccccc3)c(=O)c2cc1NC(=O)Cc1ccccc1	Tumor necrosis factor	8496	PubChem	"5MU8,9OK6,9OJY,9OJS,9OJO,6X86,6X85,6X83,6X82,6X81,5YOY,7JRA,8Z8M,6OOZ,6OOY,5WUX,5M2M,5M2J,5M2I,4TWT,4G3Y,3IT8,3ALQ,3L9J,2AZ5,7ASY,7QLF"
COc1ccc(CCNc2oc(COc3ccccc3Cl)nc2C#N)cc1OC	Tumor necrosis factor	8528	PubChem	"5MU8,9OK6,9OJY,9OJS,9OJO,6X86,6X85,6X83,6X82,6X81,5YOY,7JRA,8Z8M,6OOZ,6OOY,5WUX,5M2M,5M2J,5M2I,4TWT,4G3Y,3IT8,3ALQ,3L9J,2AZ5,7ASY,7QLF"
CN1\C(=C\c2cc[n+](C)c3ccccc23)C=Cc2ccccc12 |c:17|	Tumor necrosis factor	8556.5	PubChem	"5MU8,9OK6,9OJY,9OJS,9OJO,6X86,6X85,6X83,6X82,6X81,5YOY,7JRA,8Z8M,6OOZ,6OOY,5WUX,5M2M,5M2J,5M2I,4TWT,4G3Y,3IT8,3ALQ,3L9J,2AZ5,7ASY,7QLF"
CCc1nc(N2CCN(CC2)C(=O)CCl)c2c3CCC(C)Cc3sc2n1	Tumor necrosis factor	8569.5	PubChem	"5MU8,9OK6,9OJY,9OJS,9OJO,6X86,6X85,6X83,6X82,6X81,5YOY,7JRA,8Z8M,6OOZ,6OOY,5WUX,5M2M,5M2J,5M2I,4TWT,4G3Y,3IT8,3ALQ,3L9J,2AZ5,7ASY,7QLF"
ClCC(=O)Nc1c2CSCc2nn1-c1ccccc1	Tumor necrosis factor	8633.5	PubChem	"5MU8,9OK6,9OJY,9OJS,9OJO,6X86,6X85,6X83,6X82,6X81,5YOY,7JRA,8Z8M,6OOZ,6OOY,5WUX,5M2M,5M2J,5M2I,4TWT,4G3Y,3IT8,3ALQ,3L9J,2AZ5,7ASY,7QLF"
CC1=C(OCCO1)C(=O)NC1CCCc2c1cnn2-c1cccc(C)c1C |t:1|	Tumor necrosis factor	8635.5	PubChem	"5MU8,9OK6,9OJY,9OJS,9OJO,6X86,6X85,6X83,6X82,6X81,5YOY,7JRA,8Z8M,6OOZ,6OOY,5WUX,5M2M,5M2J,5M2I,4TWT,4G3Y,3IT8,3ALQ,3L9J,2AZ5,7ASY,7QLF"
COc1ccc(CCNC(=O)c2ccc3SCCN(Cc4ccccc4)c3c2)cc1OC	Tumor necrosis factor	8649.5	PubChem	"5MU8,9OK6,9OJY,9OJS,9OJO,6X86,6X85,6X83,6X82,6X81,5YOY,7JRA,8Z8M,6OOZ,6OOY,5WUX,5M2M,5M2J,5M2I,4TWT,4G3Y,3IT8,3ALQ,3L9J,2AZ5,7ASY,7QLF"
Cc1ccc(SCc2cc(=O)[nH]c(SCC(=O)Nc3cc(Cl)ccc3Cl)n2)cc1	Tumor necrosis factor	8650	PubChem	"5MU8,9OK6,9OJY,9OJS,9OJO,6X86,6X85,6X83,6X82,6X81,5YOY,7JRA,8Z8M,6OOZ,6OOY,5WUX,5M2M,5M2J,5M2I,4TWT,4G3Y,3IT8,3ALQ,3L9J,2AZ5,7ASY,7QLF"
Cc1ccccc1N1C(=O)NC(=O)C(=Cc2c([nH]c3ccccc23)-c2ccccc2)C1=O |w:14.15|	Tumor necrosis factor	8688.5	PubChem	"5MU8,9OK6,9OJY,9OJS,9OJO,6X86,6X85,6X83,6X82,6X81,5YOY,7JRA,8Z8M,6OOZ,6OOY,5WUX,5M2M,5M2J,5M2I,4TWT,4G3Y,3IT8,3ALQ,3L9J,2AZ5,7ASY,7QLF"
Cc1sc2nc(C)nc(SCC(=O)N3CCc4ccccc4C3)c2c1C	Tumor necrosis factor	8709.5	PubChem	"5MU8,9OK6,9OJY,9OJS,9OJO,6X86,6X85,6X83,6X82,6X81,5YOY,7JRA,8Z8M,6OOZ,6OOY,5WUX,5M2M,5M2J,5M2I,4TWT,4G3Y,3IT8,3ALQ,3L9J,2AZ5,7ASY,7QLF"
Clc1ccc(cc1)N1CCN(CC1)C(=O)CCCn1c(=S)[nH]c2cc3OCOc3cc2c1=O	Tumor necrosis factor	8751.5	PubChem	"5MU8,9OK6,9OJY,9OJS,9OJO,6X86,6X85,6X83,6X82,6X81,5YOY,7JRA,8Z8M,6OOZ,6OOY,5WUX,5M2M,5M2J,5M2I,4TWT,4G3Y,3IT8,3ALQ,3L9J,2AZ5,7ASY,7QLF"
Cc1noc2ncnc(N3CCN(CC3)c3cccc(Cl)c3)c12	Tumor necrosis factor	8786	PubChem	"5MU8,9OK6,9OJY,9OJS,9OJO,6X86,6X85,6X83,6X82,6X81,5YOY,7JRA,8Z8M,6OOZ,6OOY,5WUX,5M2M,5M2J,5M2I,4TWT,4G3Y,3IT8,3ALQ,3L9J,2AZ5,7ASY,7QLF"
CC(=O)N1CCc2cc(ccc12)S(=O)(=O)N1CCN(CC1)c1ccc(cc1)C#N	Tumor necrosis factor	8790	PubChem	"5MU8,9OK6,9OJY,9OJS,9OJO,6X86,6X85,6X83,6X82,6X81,5YOY,7JRA,8Z8M,6OOZ,6OOY,5WUX,5M2M,5M2J,5M2I,4TWT,4G3Y,3IT8,3ALQ,3L9J,2AZ5,7ASY,7QLF"
Clc1ccc(Sc2ccc(\C=C3/C(=O)NN(C3=O)c3ccccc3)o2)cc1	Tumor necrosis factor	8907	PubChem	"5MU8,9OK6,9OJY,9OJS,9OJO,6X86,6X85,6X83,6X82,6X81,5YOY,7JRA,8Z8M,6OOZ,6OOY,5WUX,5M2M,5M2J,5M2I,4TWT,4G3Y,3IT8,3ALQ,3L9J,2AZ5,7ASY,7QLF"
Fc1ccc(cc1)S(=O)(=O)Nc1nc2ccccc2nc1Nc1ccc2OCOc2c1	Tumor necrosis factor	8917	PubChem	"5MU8,9OK6,9OJY,9OJS,9OJO,6X86,6X85,6X83,6X82,6X81,5YOY,7JRA,8Z8M,6OOZ,6OOY,5WUX,5M2M,5M2J,5M2I,4TWT,4G3Y,3IT8,3ALQ,3L9J,2AZ5,7ASY,7QLF"
c1ccc2c(c1)nc(n2Cc3ccc(cc3)Cl)N	Tumor necrosis factor	8920	PubChem	"5MU8,9OK6,9OJY,9OJS,9OJO,6X86,6X85,6X83,6X82,6X81,5YOY,7JRA,8Z8M,6OOZ,6OOY,5WUX,5M2M,5M2J,5M2I,4TWT,4G3Y,3IT8,3ALQ,3L9J,2AZ5,7ASY,7QLF"
CC1Cc2cc(ccc2N1C(C)=O)S(=O)(=O)N1CCC(CC1)C(=O)Nc1cccc(C)n1	Tumor necrosis factor	8994	PubChem	"5MU8,9OK6,9OJY,9OJS,9OJO,6X86,6X85,6X83,6X82,6X81,5YOY,7JRA,8Z8M,6OOZ,6OOY,5WUX,5M2M,5M2J,5M2I,4TWT,4G3Y,3IT8,3ALQ,3L9J,2AZ5,7ASY,7QLF"
CCOC(=O)CCCn1cnc2cc(N)ccc2c1=O	Tumor necrosis factor	9000	ChEMBL	"2AZ5,3ALQ,3IT8,3L9J,4G3Y,4TWT,5M2I,5M2J,5M2M,5MU8,5WUX,5YOY,6OOY,6OOZ,6X81,6X82,6X83,6X85,6X86,7JRA"
CCOC(=O)CCn1cnc2cc(OC)c(OC)cc2c1=O	Tumor necrosis factor	9000	ChEMBL	"2AZ5,3ALQ,3IT8,3L9J,4G3Y,4TWT,5M2I,5M2J,5M2M,5MU8,5WUX,5YOY,6OOY,6OOZ,6X81,6X82,6X83,6X85,6X86,7JRA"
CCOC(=O)CCCn1ccc2cc(OC(C)=O)c(OC(C)=O)cc2c1=O	Tumor necrosis factor	9000	ChEMBL	"2AZ5,3ALQ,3IT8,3L9J,4G3Y,4TWT,5M2I,5M2J,5M2M,5MU8,5WUX,5YOY,6OOY,6OOZ,6X81,6X82,6X83,6X85,6X86,7JRA"
CCN1CCN(CC1)S(=O)(=O)c1cnc2ccc(nn12)-c1cncc(c1)C(F)(F)F	Tumor necrosis factor	9000	ChEMBL	"2AZ5,3ALQ,3IT8,3L9J,4G3Y,4TWT,5M2I,5M2J,5M2M,5MU8,5WUX,5YOY,6OOY,6OOZ,6X81,6X82,6X83,6X85,6X86,7JRA"
CCOC(=O)N1CCN(CC1)C(=O)c1ccc(Cn2c(=S)[nH]c3ccc(Br)cc3c2=O)cc1	Tumor necrosis factor	9034	PubChem	"5MU8,9OK6,9OJY,9OJS,9OJO,6X86,6X85,6X83,6X82,6X81,5YOY,7JRA,8Z8M,6OOZ,6OOY,5WUX,5M2M,5M2J,5M2I,4TWT,4G3Y,3IT8,3ALQ,3L9J,2AZ5,7ASY,7QLF"
[O-][N+](=O)c1cnc(NC(=O)Cc2ccc(Cl)cc2)s1	Tumor necrosis factor	9115	PubChem	"5MU8,9OK6,9OJY,9OJS,9OJO,6X86,6X85,6X83,6X82,6X81,5YOY,7JRA,8Z8M,6OOZ,6OOY,5WUX,5M2M,5M2J,5M2I,4TWT,4G3Y,3IT8,3ALQ,3L9J,2AZ5,7ASY,7QLF"
Cc1cccc(Nc2nc(N)nc(CCl)n2)c1C	Tumor necrosis factor	9125	PubChem	"5MU8,9OK6,9OJY,9OJS,9OJO,6X86,6X85,6X83,6X82,6X81,5YOY,7JRA,8Z8M,6OOZ,6OOY,5WUX,5M2M,5M2J,5M2I,4TWT,4G3Y,3IT8,3ALQ,3L9J,2AZ5,7ASY,7QLF"
Cc1ccccc1CS(=O)(=O)c1ncc(Cl)c(n1)C(=O)Nc1ccc(F)cc1	Tumor necrosis factor	9143	PubChem	"5MU8,9OK6,9OJY,9OJS,9OJO,6X86,6X85,6X83,6X82,6X81,5YOY,7JRA,8Z8M,6OOZ,6OOY,5WUX,5M2M,5M2J,5M2I,4TWT,4G3Y,3IT8,3ALQ,3L9J,2AZ5,7ASY,7QLF"
Fc1cccc(F)c1OCc1cc(no1)C(=O)N1CCC(CC1)c1ccncc1	Tumor necrosis factor	9143.5	PubChem	"5MU8,9OK6,9OJY,9OJS,9OJO,6X86,6X85,6X83,6X82,6X81,5YOY,7JRA,8Z8M,6OOZ,6OOY,5WUX,5M2M,5M2J,5M2I,4TWT,4G3Y,3IT8,3ALQ,3L9J,2AZ5,7ASY,7QLF"
CC(=NNC(=O)c1ccccc1F)c1ccccn1 |w:2.2|	Tumor necrosis factor	9170.5	PubChem	"5MU8,9OK6,9OJY,9OJS,9OJO,6X86,6X85,6X83,6X82,6X81,5YOY,7JRA,8Z8M,6OOZ,6OOY,5WUX,5M2M,5M2J,5M2I,4TWT,4G3Y,3IT8,3ALQ,3L9J,2AZ5,7ASY,7QLF"
Cc1cccc(Nc2nc(N)nc(CCl)n2)c1	Tumor necrosis factor	9202	PubChem	"5MU8,9OK6,9OJY,9OJS,9OJO,6X86,6X85,6X83,6X82,6X81,5YOY,7JRA,8Z8M,6OOZ,6OOY,5WUX,5M2M,5M2J,5M2I,4TWT,4G3Y,3IT8,3ALQ,3L9J,2AZ5,7ASY,7QLF"
C=CCN1C(=O)NC(=O)\C(=C\C=C\c2ccccc2)C1=O	Tumor necrosis factor	9212.5	PubChem	"5MU8,9OK6,9OJY,9OJS,9OJO,6X86,6X85,6X83,6X82,6X81,5YOY,7JRA,8Z8M,6OOZ,6OOY,5WUX,5M2M,5M2J,5M2I,4TWT,4G3Y,3IT8,3ALQ,3L9J,2AZ5,7ASY,7QLF"
Cc1cc(c(C)cc1Br)S(=O)(=O)NCc1ccncc1	Tumor necrosis factor	9240.5	PubChem	"5MU8,9OK6,9OJY,9OJS,9OJO,6X86,6X85,6X83,6X82,6X81,5YOY,7JRA,8Z8M,6OOZ,6OOY,5WUX,5M2M,5M2J,5M2I,4TWT,4G3Y,3IT8,3ALQ,3L9J,2AZ5,7ASY,7QLF"
COc1cc(\C=C2\CCc3ccccc3C2=O)cc(OC)c1OC	Tumor necrosis factor	9278.5	PubChem	"5MU8,9OK6,9OJY,9OJS,9OJO,6X86,6X85,6X83,6X82,6X81,5YOY,7JRA,8Z8M,6OOZ,6OOY,5WUX,5M2M,5M2J,5M2I,4TWT,4G3Y,3IT8,3ALQ,3L9J,2AZ5,7ASY,7QLF"
COc1ccc(O)c(c1)-c1n[nH]cc1C(=O)c1ccccc1	Tumor necrosis factor	9312.5	PubChem	"5MU8,9OK6,9OJY,9OJS,9OJO,6X86,6X85,6X83,6X82,6X81,5YOY,7JRA,8Z8M,6OOZ,6OOY,5WUX,5M2M,5M2J,5M2I,4TWT,4G3Y,3IT8,3ALQ,3L9J,2AZ5,7ASY,7QLF"
CC(C)(C)C1CCC2(CC1)C(C#N)C(=O)NC(SCC(=O)NC1CCCCC1)=C2C#N |c:29|	Tumor necrosis factor	9315.5	PubChem	"5MU8,9OK6,9OJY,9OJS,9OJO,6X86,6X85,6X83,6X82,6X81,5YOY,7JRA,8Z8M,6OOZ,6OOY,5WUX,5M2M,5M2J,5M2I,4TWT,4G3Y,3IT8,3ALQ,3L9J,2AZ5,7ASY,7QLF"
"CCCCCCC1=Cc2c\c(=C3\NN=C(O3)c3ccccc3OC)c(=O)oc2=CC1=O |c:13,30,t:6|"	Tumor necrosis factor	9411.5	PubChem	"5MU8,9OK6,9OJY,9OJS,9OJO,6X86,6X85,6X83,6X82,6X81,5YOY,7JRA,8Z8M,6OOZ,6OOY,5WUX,5M2M,5M2J,5M2I,4TWT,4G3Y,3IT8,3ALQ,3L9J,2AZ5,7ASY,7QLF"
COc1cc(\C=C\c2ccc3cccc(O)c3n2)cc(Cl)c1OC	Tumor necrosis factor	9424.5	PubChem	"5MU8,9OK6,9OJY,9OJS,9OJO,6X86,6X85,6X83,6X82,6X81,5YOY,7JRA,8Z8M,6OOZ,6OOY,5WUX,5M2M,5M2J,5M2I,4TWT,4G3Y,3IT8,3ALQ,3L9J,2AZ5,7ASY,7QLF"
Cc1cccc(Nc2nc(N)nc(CCl)n2)c1C	Tumor necrosis factor	9450	PubChem	"5MU8,9OK6,9OJY,9OJS,9OJO,6X86,6X85,6X83,6X82,6X81,5YOY,7JRA,8Z8M,6OOZ,6OOY,5WUX,5M2M,5M2J,5M2I,4TWT,4G3Y,3IT8,3ALQ,3L9J,2AZ5,7ASY,7QLF"
O=C1C=C(N2CCOCC2)c2ccccc2C1=O |t:2|	Tumor necrosis factor	9463.5	PubChem	"5MU8,9OK6,9OJY,9OJS,9OJO,6X86,6X85,6X83,6X82,6X81,5YOY,7JRA,8Z8M,6OOZ,6OOY,5WUX,5M2M,5M2J,5M2I,4TWT,4G3Y,3IT8,3ALQ,3L9J,2AZ5,7ASY,7QLF"
CC1Cc2cc(ccc2N1C(=O)C1CC1)S(=O)(=O)N1CCN(CC1)c1ccc(Cl)cc1	Tumor necrosis factor	9520	PubChem	"5MU8,9OK6,9OJY,9OJS,9OJO,6X86,6X85,6X83,6X82,6X81,5YOY,7JRA,8Z8M,6OOZ,6OOY,5WUX,5M2M,5M2J,5M2I,4TWT,4G3Y,3IT8,3ALQ,3L9J,2AZ5,7ASY,7QLF"
CCOC(=O)c1sc2ccccc2c1OC(=O)c1ccc(C)cc1	Tumor necrosis factor	9527.5	PubChem	"5MU8,9OK6,9OJY,9OJS,9OJO,6X86,6X85,6X83,6X82,6X81,5YOY,7JRA,8Z8M,6OOZ,6OOY,5WUX,5M2M,5M2J,5M2I,4TWT,4G3Y,3IT8,3ALQ,3L9J,2AZ5,7ASY,7QLF"
FC(F)(F)c1cc(nc2nc(SCC(=O)Nc3cc(Cl)ccc3C#N)[nH]c(=O)c12)-c1cccs1	Tumor necrosis factor	9548	PubChem	"5MU8,9OK6,9OJY,9OJS,9OJO,6X86,6X85,6X83,6X82,6X81,5YOY,7JRA,8Z8M,6OOZ,6OOY,5WUX,5M2M,5M2J,5M2I,4TWT,4G3Y,3IT8,3ALQ,3L9J,2AZ5,7ASY,7QLF"
CC1CCc2c(C1)sc(NC(=O)\C=C\c1cccs1)c2C(O)=O	Tumor necrosis factor	9630	PubChem	"5MU8,9OK6,9OJY,9OJS,9OJO,6X86,6X85,6X83,6X82,6X81,5YOY,7JRA,8Z8M,6OOZ,6OOY,5WUX,5M2M,5M2J,5M2I,4TWT,4G3Y,3IT8,3ALQ,3L9J,2AZ5,7ASY,7QLF"
Cc1c(OCc2ccccc2Cl)ccc2c(C)c(CCC(O)=O)c(=O)oc12	Tumor necrosis factor	9679	PubChem	"5MU8,9OK6,9OJY,9OJS,9OJO,6X86,6X85,6X83,6X82,6X81,5YOY,7JRA,8Z8M,6OOZ,6OOY,5WUX,5M2M,5M2J,5M2I,4TWT,4G3Y,3IT8,3ALQ,3L9J,2AZ5,7ASY,7QLF"
Cc1ccc(NC(=O)c2cc(=O)c3ccccc3o2)cc1S(=O)(=O)N1CCCCC1	Tumor necrosis factor	9681	PubChem	"5MU8,9OK6,9OJY,9OJS,9OJO,6X86,6X85,6X83,6X82,6X81,5YOY,7JRA,8Z8M,6OOZ,6OOY,5WUX,5M2M,5M2J,5M2I,4TWT,4G3Y,3IT8,3ALQ,3L9J,2AZ5,7ASY,7QLF"
Cc1cc(C)cc(NC(=O)\C=C\c2ccc(s2)[N+]([O-])=O)c1	Tumor necrosis factor	9786.5	PubChem	"5MU8,9OK6,9OJY,9OJS,9OJO,6X86,6X85,6X83,6X82,6X81,5YOY,7JRA,8Z8M,6OOZ,6OOY,5WUX,5M2M,5M2J,5M2I,4TWT,4G3Y,3IT8,3ALQ,3L9J,2AZ5,7ASY,7QLF"
COc1ccc(NS(=O)(=O)c2ccc-3c(Cc4ccccc-34)c2)cn1	Tumor necrosis factor	9793.5	PubChem	"5MU8,9OK6,9OJY,9OJS,9OJO,6X86,6X85,6X83,6X82,6X81,5YOY,7JRA,8Z8M,6OOZ,6OOY,5WUX,5M2M,5M2J,5M2I,4TWT,4G3Y,3IT8,3ALQ,3L9J,2AZ5,7ASY,7QLF"
Cc1ccc(cc1S(=O)(=O)N1CCCCC1)C(=O)N1CCN(CC1)c1ccc(F)cc1	Tumor necrosis factor	9820	PubChem	"5MU8,9OK6,9OJY,9OJS,9OJO,6X86,6X85,6X83,6X82,6X81,5YOY,7JRA,8Z8M,6OOZ,6OOY,5WUX,5M2M,5M2J,5M2I,4TWT,4G3Y,3IT8,3ALQ,3L9J,2AZ5,7ASY,7QLF"
Cc1cccc(c1C)-n1ncc2C(CCCc12)NC(=O)C1(CC1)C(N)=O	Tumor necrosis factor	9933.5	PubChem	"5MU8,9OK6,9OJY,9OJS,9OJO,6X86,6X85,6X83,6X82,6X81,5YOY,7JRA,8Z8M,6OOZ,6OOY,5WUX,5M2M,5M2J,5M2I,4TWT,4G3Y,3IT8,3ALQ,3L9J,2AZ5,7ASY,7QLF"
O=C1N(C2CCC(=O)NC2=O)C(=O)c2ccccc12	Tumor necrosis factor	10000	US Patent	"2AZ5,3ALQ,3IT8,3L9J,4G3Y,4TWT,5M2I,5M2J,5M2M,5MU8,5WUX,5YOY,6OOY,6OOZ,6X81,6X82,6X83,6X85,6X86,7JRA"
CCOC(=O)CCn1c(=O)n(C)c2ncn(C)c2c1=O	Tumor necrosis factor	10000	ChEMBL	"2AZ5,3ALQ,3IT8,3L9J,4G3Y,4TWT,5M2I,5M2J,5M2M,5MU8,5WUX,5YOY,6OOY,6OOZ,6X81,6X82,6X83,6X85,6X86,7JRA"
CCOC(=O)CCCN1CNc2ccc(N)cc2C1=O	Tumor necrosis factor	10000	ChEMBL	"2AZ5,3ALQ,3IT8,3L9J,4G3Y,4TWT,5M2I,5M2J,5M2M,5MU8,5WUX,5YOY,6OOY,6OOZ,6X81,6X82,6X83,6X85,6X86,7JRA"
COc1cc2ccn(CCCC(=O)OCCN3CCOCC3)c(=O)c2cc1OC	Tumor necrosis factor	10000	ChEMBL	"2AZ5,3ALQ,3IT8,3L9J,4G3Y,4TWT,5M2I,5M2J,5M2M,5MU8,5WUX,5YOY,6OOY,6OOZ,6X81,6X82,6X83,6X85,6X86,7JRA"
O=C(N1CCOCC1)c1ccc2C(=O)N(Cc2c1)c1cccc(n1)-c1nncn1C1CC1	Tumor necrosis factor	10000	US Patent	"2AZ5,3ALQ,3IT8,3L9J,4G3Y,4TWT,5M2I,5M2J,5M2M,5MU8,5WUX,5YOY,6OOY,6OOZ,6X81,6X82,6X83,6X85,6X86,7JRA"
OC1CCN(CC1)C(=O)c1ccc2C(=O)N(Cc2c1)c1cccc(n1)-c1nncn1C1CC1	Tumor necrosis factor	10000	US Patent	"2AZ5,3ALQ,3IT8,3L9J,4G3Y,4TWT,5M2I,5M2J,5M2M,5MU8,5WUX,5YOY,6OOY,6OOZ,6X81,6X82,6X83,6X85,6X86,7JRA"
CC1(O)CCN(CC1)C(=O)c1ccc2C(=O)N(Cc2c1)c1cccc(n1)-c1nncn1C1CC1	Tumor necrosis factor	10000	US Patent	"2AZ5,3ALQ,3IT8,3L9J,4G3Y,4TWT,5M2I,5M2J,5M2M,5MU8,5WUX,5YOY,6OOY,6OOZ,6X81,6X82,6X83,6X85,6X86,7JRA"
CC(=O)N1CCN(CC1)C(=O)c1ccc2C(=O)N(Cc2c1)c1cccc(n1)-c1nncn1C1CC1	Tumor necrosis factor	10000	US Patent	"2AZ5,3ALQ,3IT8,3L9J,4G3Y,4TWT,5M2I,5M2J,5M2M,5MU8,5WUX,5YOY,6OOY,6OOZ,6X81,6X82,6X83,6X85,6X86,7JRA"
CC(=O)NC1CCN(CC1)C(=O)c1ccc2C(=O)N(Cc2c1)c1cccc(n1)-c1nncn1C1CC1	Tumor necrosis factor	10000	US Patent	"2AZ5,3ALQ,3IT8,3L9J,4G3Y,4TWT,5M2I,5M2J,5M2M,5MU8,5WUX,5YOY,6OOY,6OOZ,6X81,6X82,6X83,6X85,6X86,7JRA"
O=C1N(Cc2ccc(cc12)-c1cnc(cn1)C1CC1)c1cccc(n1)-c1nncn1C1CC1	Tumor necrosis factor	10000	US Patent	"2AZ5,3ALQ,3IT8,3L9J,4G3Y,4TWT,5M2I,5M2J,5M2M,5MU8,5WUX,5YOY,6OOY,6OOZ,6X81,6X82,6X83,6X85,6X86,7JRA"
CC(C)(O)c1ncc(cn1)-c1ccc2ncc(Cl)c(NC(C)(C)c3ccccc3)c2c1	Tumor necrosis factor	10000	ChEMBL	"2AZ5,3ALQ,3IT8,3L9J,4G3Y,4TWT,5M2I,5M2J,5M2M,5MU8,5WUX,5YOY,6OOY,6OOZ,6X81,6X82,6X83,6X85,6X86,7JRA"
COc1ccc(cc1)N1CCN(CC1)C(=O)c1ccc(CNS(=O)(=O)c2ccc(C)cc2)cc1	Tumor necrosis factor	10060.5	PubChem	"5MU8,9OK6,9OJY,9OJS,9OJO,6X86,6X85,6X83,6X82,6X81,5YOY,7JRA,8Z8M,6OOZ,6OOY,5WUX,5M2M,5M2J,5M2I,4TWT,4G3Y,3IT8,3ALQ,3L9J,2AZ5,7ASY,7QLF"
COc1ccc(C=CC(=O)c2c(C)cc(C)[nH]c2=O)c2ccccc12 |w:6.5|	Tumor necrosis factor	10131	PubChem	"5MU8,9OK6,9OJY,9OJS,9OJO,6X86,6X85,6X83,6X82,6X81,5YOY,7JRA,8Z8M,6OOZ,6OOY,5WUX,5M2M,5M2J,5M2I,4TWT,4G3Y,3IT8,3ALQ,3L9J,2AZ5,7ASY,7QLF"
CCN(CC)S(=O)(=O)c1cccc(NC(=O)c2ccc(Br)cc2)c1	Tumor necrosis factor	10131.5	PubChem	"5MU8,9OK6,9OJY,9OJS,9OJO,6X86,6X85,6X83,6X82,6X81,5YOY,7JRA,8Z8M,6OOZ,6OOY,5WUX,5M2M,5M2J,5M2I,4TWT,4G3Y,3IT8,3ALQ,3L9J,2AZ5,7ASY,7QLF"
COc1ccc(cc1)N1CCN(CC1)S(=O)(=O)c1ccc2SC(C)C(=O)Nc2c1	Tumor necrosis factor	10200	PubChem	"5MU8,9OK6,9OJY,9OJS,9OJO,6X86,6X85,6X83,6X82,6X81,5YOY,7JRA,8Z8M,6OOZ,6OOY,5WUX,5M2M,5M2J,5M2I,4TWT,4G3Y,3IT8,3ALQ,3L9J,2AZ5,7ASY,7QLF"
[O-][N+](=O)c1ccc(Cl)c(C=Cc2cc(nc(=O)[nH]2)C(F)(F)F)c1 |w:9.8|	Tumor necrosis factor	10247.5	PubChem	"5MU8,9OK6,9OJY,9OJS,9OJO,6X86,6X85,6X83,6X82,6X81,5YOY,7JRA,8Z8M,6OOZ,6OOY,5WUX,5M2M,5M2J,5M2I,4TWT,4G3Y,3IT8,3ALQ,3L9J,2AZ5,7ASY,7QLF"
[O-][N+](=O)c1ccc(Cl)c(C=Cc2cc(nc(=O)[nH]2)C(F)(F)F)c1 |w:9.8|	Tumor necrosis factor	10300	PubChem	"5MU8,9OK6,9OJY,9OJS,9OJO,6X86,6X85,6X83,6X82,6X81,5YOY,7JRA,8Z8M,6OOZ,6OOY,5WUX,5M2M,5M2J,5M2I,4TWT,4G3Y,3IT8,3ALQ,3L9J,2AZ5,7ASY,7QLF"
COc1ccc(cc1OC)-c1cc(N)n(n1)S(=O)(=O)c1c(F)c(F)c(F)c(F)c1F	Tumor necrosis factor	10300	PubChem	"5MU8,9OK6,9OJY,9OJS,9OJO,6X86,6X85,6X83,6X82,6X81,5YOY,7JRA,8Z8M,6OOZ,6OOY,5WUX,5M2M,5M2J,5M2I,4TWT,4G3Y,3IT8,3ALQ,3L9J,2AZ5,7ASY,7QLF"
COc1cc(\C=C\c2ccc3cccc(O)c3n2)cc(Br)c1OC	Tumor necrosis factor	10402.5	PubChem	"5MU8,9OK6,9OJY,9OJS,9OJO,6X86,6X85,6X83,6X82,6X81,5YOY,7JRA,8Z8M,6OOZ,6OOY,5WUX,5M2M,5M2J,5M2I,4TWT,4G3Y,3IT8,3ALQ,3L9J,2AZ5,7ASY,7QLF"
Clc1ccsc1-c1csc(NS(=O)(=O)c2cc(Cl)ccc2Cl)n1	Tumor necrosis factor	10415.5	PubChem	"5MU8,9OK6,9OJY,9OJS,9OJO,6X86,6X85,6X83,6X82,6X81,5YOY,7JRA,8Z8M,6OOZ,6OOY,5WUX,5M2M,5M2J,5M2I,4TWT,4G3Y,3IT8,3ALQ,3L9J,2AZ5,7ASY,7QLF"
CN1\C(Sc2ccc(C)cc12)=C\c1cccc[n+]1C	Tumor necrosis factor	10551.5	PubChem	"5MU8,9OK6,9OJY,9OJS,9OJO,6X86,6X85,6X83,6X82,6X81,5YOY,7JRA,8Z8M,6OOZ,6OOY,5WUX,5M2M,5M2J,5M2I,4TWT,4G3Y,3IT8,3ALQ,3L9J,2AZ5,7ASY,7QLF"
Cn1cc(cc1C(=O)NC(C)(C)C)S(=O)(=O)N1CCc2ccccc12	Tumor necrosis factor	10556.5	PubChem	"5MU8,9OK6,9OJY,9OJS,9OJO,6X86,6X85,6X83,6X82,6X81,5YOY,7JRA,8Z8M,6OOZ,6OOY,5WUX,5M2M,5M2J,5M2I,4TWT,4G3Y,3IT8,3ALQ,3L9J,2AZ5,7ASY,7QLF"
COc1cccc(\C=C\c2ccc3cccc(O)c3n2)c1OC	Tumor necrosis factor	10561	PubChem	"5MU8,9OK6,9OJY,9OJS,9OJO,6X86,6X85,6X83,6X82,6X81,5YOY,7JRA,8Z8M,6OOZ,6OOY,5WUX,5M2M,5M2J,5M2I,4TWT,4G3Y,3IT8,3ALQ,3L9J,2AZ5,7ASY,7QLF"
OC(=O)CCn1cc(\C=C\C(=O)c2ccc(Cl)cc2)c(n1)-c1cccc(Br)c1	Tumor necrosis factor	10640	PubChem	"5MU8,9OK6,9OJY,9OJS,9OJO,6X86,6X85,6X83,6X82,6X81,5YOY,7JRA,8Z8M,6OOZ,6OOY,5WUX,5M2M,5M2J,5M2I,4TWT,4G3Y,3IT8,3ALQ,3L9J,2AZ5,7ASY,7QLF"
Fc1ccccc1-n1ncc2C(CCCc12)NC(=O)c1cc(n[nH]1)-c1ccccc1	Tumor necrosis factor	10700	PubChem	"5MU8,9OK6,9OJY,9OJS,9OJO,6X86,6X85,6X83,6X82,6X81,5YOY,7JRA,8Z8M,6OOZ,6OOY,5WUX,5M2M,5M2J,5M2I,4TWT,4G3Y,3IT8,3ALQ,3L9J,2AZ5,7ASY,7QLF"
CSc1cccc(NS(=O)(=O)c2ccc3N(CCc3c2)C(C)=O)c1	Tumor necrosis factor	10753.5	PubChem	"5MU8,9OK6,9OJY,9OJS,9OJO,6X86,6X85,6X83,6X82,6X81,5YOY,7JRA,8Z8M,6OOZ,6OOY,5WUX,5M2M,5M2J,5M2I,4TWT,4G3Y,3IT8,3ALQ,3L9J,2AZ5,7ASY,7QLF"
CN(C)c1ccc(\C=C\c2ccc(C)c[n+]2C)cc1	Tumor necrosis factor	10787	PubChem	"5MU8,9OK6,9OJY,9OJS,9OJO,6X86,6X85,6X83,6X82,6X81,5YOY,7JRA,8Z8M,6OOZ,6OOY,5WUX,5M2M,5M2J,5M2I,4TWT,4G3Y,3IT8,3ALQ,3L9J,2AZ5,7ASY,7QLF"
CCOC(=O)c1ccc(NC(=O)c2ccc(CCN3CCc4ccccc4C3)cc2)cc1	Tumor necrosis factor	10800	PubChem	"5MU8,9OK6,9OJY,9OJS,9OJO,6X86,6X85,6X83,6X82,6X81,5YOY,7JRA,8Z8M,6OOZ,6OOY,5WUX,5M2M,5M2J,5M2I,4TWT,4G3Y,3IT8,3ALQ,3L9J,2AZ5,7ASY,7QLF"
Cc1cccc(CS(=O)(=O)c2ncc(Cl)c(n2)C(=O)Nc2ccc(F)cc2)c1	Tumor necrosis factor	10869.5	PubChem	"5MU8,9OK6,9OJY,9OJS,9OJO,6X86,6X85,6X83,6X82,6X81,5YOY,7JRA,8Z8M,6OOZ,6OOY,5WUX,5M2M,5M2J,5M2I,4TWT,4G3Y,3IT8,3ALQ,3L9J,2AZ5,7ASY,7QLF"
CC1(C)CC[C@@]2(CC[C@]3(C)[C@H](CC[C@@H]4[C@@]5(C)CCC(=O)C(C)(C)[C@@H]5CC[C@@]34C)C2=C1)C(O)=O |c:32|	Tumor necrosis factor	10880	PubChem	"5MU8,9OK6,9OJY,9OJS,9OJO,6X86,6X85,6X83,6X82,6X81,5YOY,7JRA,8Z8M,6OOZ,6OOY,5WUX,5M2M,5M2J,5M2I,4TWT,4G3Y,3IT8,3ALQ,3L9J,2AZ5,7ASY,7QLF"
Brc1ccc(NC(=O)c2ccc(CN3CCc4ccccc4C3)cc2)cc1	Tumor necrosis factor	10900	PubChem	"5MU8,9OK6,9OJY,9OJS,9OJO,6X86,6X85,6X83,6X82,6X81,5YOY,7JRA,8Z8M,6OOZ,6OOY,5WUX,5M2M,5M2J,5M2I,4TWT,4G3Y,3IT8,3ALQ,3L9J,2AZ5,7ASY,7QLF"
COC(=O)c1scc(c1NN=C(C#N)C(=O)c1ccc(Cl)cc1)S(=O)(=O)C(C)C |w:10.10|	Tumor necrosis factor	10900	PubChem	"5MU8,9OK6,9OJY,9OJS,9OJO,6X86,6X85,6X83,6X82,6X81,5YOY,7JRA,8Z8M,6OOZ,6OOY,5WUX,5M2M,5M2J,5M2I,4TWT,4G3Y,3IT8,3ALQ,3L9J,2AZ5,7ASY,7QLF"
Cc1nc2ccc(NS(=O)(=O)c3ccc(C)c(C)c3)cc2s1	Tumor necrosis factor	10921	PubChem	"5MU8,9OK6,9OJY,9OJS,9OJO,6X86,6X85,6X83,6X82,6X81,5YOY,7JRA,8Z8M,6OOZ,6OOY,5WUX,5M2M,5M2J,5M2I,4TWT,4G3Y,3IT8,3ALQ,3L9J,2AZ5,7ASY,7QLF"
CCCc1nc(SCC(=O)N2CCC(Cc3ccccc3)CC2)c2c(n1)n(C)c(=O)n(C)c2=O	Tumor necrosis factor	11000	PubChem	"5MU8,9OK6,9OJY,9OJS,9OJO,6X86,6X85,6X83,6X82,6X81,5YOY,7JRA,8Z8M,6OOZ,6OOY,5WUX,5M2M,5M2J,5M2I,4TWT,4G3Y,3IT8,3ALQ,3L9J,2AZ5,7ASY,7QLF"
CCOC(=O)CCCCn1c(=O)n(C)c2ncn(C)c2c1=O	Tumor necrosis factor	11000	ChEMBL	"2AZ5,3ALQ,3IT8,3L9J,4G3Y,4TWT,5M2I,5M2J,5M2M,5MU8,5WUX,5YOY,6OOY,6OOZ,6X81,6X82,6X83,6X85,6X86,7JRA"
CCOC(=O)CCCn1ccc2cc(OC(=O)OCC)c(OC(=O)OCC)cc2c1=O	Tumor necrosis factor	11000	ChEMBL	"2AZ5,3ALQ,3IT8,3L9J,4G3Y,4TWT,5M2I,5M2J,5M2M,5MU8,5WUX,5YOY,6OOY,6OOZ,6X81,6X82,6X83,6X85,6X86,7JRA"
CCOC(=O)CCCn1cnc2cc(OC)c(OC)c([N+]([O-])=O)c2c1=O	Tumor necrosis factor	11000	ChEMBL	"2AZ5,3ALQ,3IT8,3L9J,4G3Y,4TWT,5M2I,5M2J,5M2M,5MU8,5WUX,5YOY,6OOY,6OOZ,6X81,6X82,6X83,6X85,6X86,7JRA"
FC(F)(F)c1cncc(c1)-c1ccc2ncc(n2n1)S(=O)(=O)N1CCN(CC1)c1ccccn1	Tumor necrosis factor	11000	ChEMBL	"2AZ5,3ALQ,3IT8,3L9J,4G3Y,4TWT,5M2I,5M2J,5M2M,5MU8,5WUX,5YOY,6OOY,6OOZ,6X81,6X82,6X83,6X85,6X86,7JRA"
Nc1ncc(cc1C(F)(F)F)-c1ccc2ncc(n2n1)S(=O)(=O)N1CCN(CC1)c1ccccn1	Tumor necrosis factor	11000	ChEMBL	"2AZ5,3ALQ,3IT8,3L9J,4G3Y,4TWT,5M2I,5M2J,5M2M,5MU8,5WUX,5YOY,6OOY,6OOZ,6X81,6X82,6X83,6X85,6X86,7JRA"
O=S(=O)(N1CCN(CC1)c1ccccn1)c1cnc2ccc(nn12)-c1cccnc1	Tumor necrosis factor	11000	ChEMBL	"2AZ5,3ALQ,3IT8,3L9J,4G3Y,4TWT,5M2I,5M2J,5M2M,5MU8,5WUX,5YOY,6OOY,6OOZ,6X81,6X82,6X83,6X85,6X86,7JRA"
CC1CCN(CC1)S(=O)(=O)c1nnc(NC(=O)c2cccc(Cl)c2)s1	Tumor necrosis factor	11096.5	PubChem	"5MU8,9OK6,9OJY,9OJS,9OJO,6X86,6X85,6X83,6X82,6X81,5YOY,7JRA,8Z8M,6OOZ,6OOY,5WUX,5M2M,5M2J,5M2I,4TWT,4G3Y,3IT8,3ALQ,3L9J,2AZ5,7ASY,7QLF"
Nc1nc(CCl)nc(Nc2ccc3ccccc3c2)n1	Tumor necrosis factor	11100	PubChem	"5MU8,9OK6,9OJY,9OJS,9OJO,6X86,6X85,6X83,6X82,6X81,5YOY,7JRA,8Z8M,6OOZ,6OOY,5WUX,5M2M,5M2J,5M2I,4TWT,4G3Y,3IT8,3ALQ,3L9J,2AZ5,7ASY,7QLF"
CCOC(=O)c1c(C)[nH]c(C)c1C(=O)CSc1nc2ccccc2c(=O)n1-c1ccc(CC)cc1	Tumor necrosis factor	11100	PubChem	"5MU8,9OK6,9OJY,9OJS,9OJO,6X86,6X85,6X83,6X82,6X81,5YOY,7JRA,8Z8M,6OOZ,6OOY,5WUX,5M2M,5M2J,5M2I,4TWT,4G3Y,3IT8,3ALQ,3L9J,2AZ5,7ASY,7QLF"
Cc1oc(nc1CN1CCN(CC1)c1ncnc2ccccc12)-c1cc(F)ccc1F	Tumor necrosis factor	11116	PubChem	"5MU8,9OK6,9OJY,9OJS,9OJO,6X86,6X85,6X83,6X82,6X81,5YOY,7JRA,8Z8M,6OOZ,6OOY,5WUX,5M2M,5M2J,5M2I,4TWT,4G3Y,3IT8,3ALQ,3L9J,2AZ5,7ASY,7QLF"
CC(Sc1nnc2c(n1)[nH]c1ccccc21)C(=O)NC1CCCCC1	Tumor necrosis factor	11141.5	PubChem	"5MU8,9OK6,9OJY,9OJS,9OJO,6X86,6X85,6X83,6X82,6X81,5YOY,7JRA,8Z8M,6OOZ,6OOY,5WUX,5M2M,5M2J,5M2I,4TWT,4G3Y,3IT8,3ALQ,3L9J,2AZ5,7ASY,7QLF"
CC(=O)Nc1nc(C)c(s1)-c1csc(Nc2cccc(c2)[N+]([O-])=O)n1	Tumor necrosis factor	11146.5	PubChem	"5MU8,9OK6,9OJY,9OJS,9OJO,6X86,6X85,6X83,6X82,6X81,5YOY,7JRA,8Z8M,6OOZ,6OOY,5WUX,5M2M,5M2J,5M2I,4TWT,4G3Y,3IT8,3ALQ,3L9J,2AZ5,7ASY,7QLF"
Clc1ccc(NC(=S)NNc2ccnc3cc(Cl)ccc23)c(Cl)c1	Tumor necrosis factor	11179.5	PubChem	"5MU8,9OK6,9OJY,9OJS,9OJO,6X86,6X85,6X83,6X82,6X81,5YOY,7JRA,8Z8M,6OOZ,6OOY,5WUX,5M2M,5M2J,5M2I,4TWT,4G3Y,3IT8,3ALQ,3L9J,2AZ5,7ASY,7QLF"
Cc1ccc(cc1S(=O)(=O)N1CCCCC1)C(=O)N1CCN(CC1)c1ccc(F)cc1	Tumor necrosis factor	11191	PubChem	"5MU8,9OK6,9OJY,9OJS,9OJO,6X86,6X85,6X83,6X82,6X81,5YOY,7JRA,8Z8M,6OOZ,6OOY,5WUX,5M2M,5M2J,5M2I,4TWT,4G3Y,3IT8,3ALQ,3L9J,2AZ5,7ASY,7QLF"
CN(C)S(=O)(=O)N1CCC(CC1)Oc1cccc(c1)C(=O)NC1CCCCC1	Tumor necrosis factor	11276.5	PubChem	"5MU8,9OK6,9OJY,9OJS,9OJO,6X86,6X85,6X83,6X82,6X81,5YOY,7JRA,8Z8M,6OOZ,6OOY,5WUX,5M2M,5M2J,5M2I,4TWT,4G3Y,3IT8,3ALQ,3L9J,2AZ5,7ASY,7QLF"
FC(F)(F)c1cc(C=Cc2ccccc2C(F)(F)F)[nH]c(=O)n1 |w:8.8|	Tumor necrosis factor	11300	PubChem	"5MU8,9OK6,9OJY,9OJS,9OJO,6X86,6X85,6X83,6X82,6X81,5YOY,7JRA,8Z8M,6OOZ,6OOY,5WUX,5M2M,5M2J,5M2I,4TWT,4G3Y,3IT8,3ALQ,3L9J,2AZ5,7ASY,7QLF"
[O-][N+](=O)c1ccc(C=NNC(=S)Nc2ccc(Cl)cc2Cl)s1 |w:8.8|	Tumor necrosis factor	11386.5	PubChem	"5MU8,9OK6,9OJY,9OJS,9OJO,6X86,6X85,6X83,6X82,6X81,5YOY,7JRA,8Z8M,6OOZ,6OOY,5WUX,5M2M,5M2J,5M2I,4TWT,4G3Y,3IT8,3ALQ,3L9J,2AZ5,7ASY,7QLF"
Cc1ccc(cc1)S(=O)(=O)NCc1ccc(cc1)C(=O)N1CCN(CC1)c1ccc(cc1)[N+]([O-])=O	Tumor necrosis factor	11400	PubChem	"5MU8,9OK6,9OJY,9OJS,9OJO,6X86,6X85,6X83,6X82,6X81,5YOY,7JRA,8Z8M,6OOZ,6OOY,5WUX,5M2M,5M2J,5M2I,4TWT,4G3Y,3IT8,3ALQ,3L9J,2AZ5,7ASY,7QLF"
CCOc1cccc(C=Cc2ccc3cccc(O)c3n2)c1O |w:9.9|	Tumor necrosis factor	11481.5	PubChem	"5MU8,9OK6,9OJY,9OJS,9OJO,6X86,6X85,6X83,6X82,6X81,5YOY,7JRA,8Z8M,6OOZ,6OOY,5WUX,5M2M,5M2J,5M2I,4TWT,4G3Y,3IT8,3ALQ,3L9J,2AZ5,7ASY,7QLF"
Clc1ccc(CSc2nc(-c3cccs3)c(C#N)c(=O)[nH]2)cc1	Tumor necrosis factor	11483	PubChem	"5MU8,9OK6,9OJY,9OJS,9OJO,6X86,6X85,6X83,6X82,6X81,5YOY,7JRA,8Z8M,6OOZ,6OOY,5WUX,5M2M,5M2J,5M2I,4TWT,4G3Y,3IT8,3ALQ,3L9J,2AZ5,7ASY,7QLF"
CCCCn1c(SCC(=O)N2CCN(CC2)c2ccccc2)nc2ccsc2c1=O	Tumor necrosis factor	11494	PubChem	"5MU8,9OK6,9OJY,9OJS,9OJO,6X86,6X85,6X83,6X82,6X81,5YOY,7JRA,8Z8M,6OOZ,6OOY,5WUX,5M2M,5M2J,5M2I,4TWT,4G3Y,3IT8,3ALQ,3L9J,2AZ5,7ASY,7QLF"
Nc1nc(N)c2cc(Sc3ccc4ccccc4c3)ccc2n1	Tumor necrosis factor	11513.5	PubChem	"5MU8,9OK6,9OJY,9OJS,9OJO,6X86,6X85,6X83,6X82,6X81,5YOY,7JRA,8Z8M,6OOZ,6OOY,5WUX,5M2M,5M2J,5M2I,4TWT,4G3Y,3IT8,3ALQ,3L9J,2AZ5,7ASY,7QLF"
Cc1ccc(NC(=O)Cc2cc(C(O)=O)c3ccccc3n2)c(C)c1	Tumor necrosis factor	11673.5	PubChem	"5MU8,9OK6,9OJY,9OJS,9OJO,6X86,6X85,6X83,6X82,6X81,5YOY,7JRA,8Z8M,6OOZ,6OOY,5WUX,5M2M,5M2J,5M2I,4TWT,4G3Y,3IT8,3ALQ,3L9J,2AZ5,7ASY,7QLF"
Cc1ccc(cc1)S(=O)(=O)Nc1ccccc1-c1ccccc1NS(=O)(=O)c1ccc(C)cc1	Tumor necrosis factor	11782.5	PubChem	"5MU8,9OK6,9OJY,9OJS,9OJO,6X86,6X85,6X83,6X82,6X81,5YOY,7JRA,8Z8M,6OOZ,6OOY,5WUX,5M2M,5M2J,5M2I,4TWT,4G3Y,3IT8,3ALQ,3L9J,2AZ5,7ASY,7QLF"
Clc1ccc(Cn2c3CCCc3c(=N)c3CCCc23)cc1	Tumor necrosis factor	11802.5	PubChem	"5MU8,9OK6,9OJY,9OJS,9OJO,6X86,6X85,6X83,6X82,6X81,5YOY,7JRA,8Z8M,6OOZ,6OOY,5WUX,5M2M,5M2J,5M2I,4TWT,4G3Y,3IT8,3ALQ,3L9J,2AZ5,7ASY,7QLF"
CCCCc1nc(N2CCN(CC2)C(=O)c2ccco2)c(C#N)c2CCCCc12	Tumor necrosis factor	11851.5	PubChem	"5MU8,9OK6,9OJY,9OJS,9OJO,6X86,6X85,6X83,6X82,6X81,5YOY,7JRA,8Z8M,6OOZ,6OOY,5WUX,5M2M,5M2J,5M2I,4TWT,4G3Y,3IT8,3ALQ,3L9J,2AZ5,7ASY,7QLF"
COc1ccc(cc1OC)C(CC(N)=O)N1C(=O)c2ccccc2C1=O	Tumor necrosis factor	12000	ChEMBL	"2AZ5,3ALQ,3IT8,3L9J,4G3Y,4TWT,5M2I,5M2J,5M2M,5MU8,5WUX,5YOY,6OOY,6OOZ,6X81,6X82,6X83,6X85,6X86,7JRA"
CNC(=O)CC(N1C(=O)c2ccccc2C1=O)c1ccc(OC)c(OC)c1	Tumor necrosis factor	12000	ChEMBL	"2AZ5,3ALQ,3IT8,3L9J,4G3Y,4TWT,5M2I,5M2J,5M2M,5MU8,5WUX,5YOY,6OOY,6OOZ,6X81,6X82,6X83,6X85,6X86,7JRA"
COc1ccc(cc1OC1CCCC1)C1CNC(=O)C1	Tumor necrosis factor	12000	ChEMBL	"2AZ5,3ALQ,3IT8,3L9J,4G3Y,4TWT,5M2I,5M2J,5M2M,5MU8,5WUX,5YOY,6OOY,6OOZ,6X81,6X82,6X83,6X85,6X86,7JRA"
CCOC(=O)CCCn1c(=O)n(C)c2nccnc2c1=O	Tumor necrosis factor	12000	ChEMBL	"2AZ5,3ALQ,3IT8,3L9J,4G3Y,4TWT,5M2I,5M2J,5M2M,5MU8,5WUX,5YOY,6OOY,6OOZ,6X81,6X82,6X83,6X85,6X86,7JRA"
CS(=O)(=O)c1ccc(cc1)-c1ccc2ncc(n2n1)S(=O)(=O)N1CCN(CC1)c1ccccn1	Tumor necrosis factor	12000	ChEMBL	"2AZ5,3ALQ,3IT8,3L9J,4G3Y,4TWT,5M2I,5M2J,5M2M,5MU8,5WUX,5YOY,6OOY,6OOZ,6X81,6X82,6X83,6X85,6X86,7JRA"
CS(=O)(=O)c1ccc(cc1)-c1ccc2ncc(n2n1)S(=O)(=O)N1CCN(Cc2ccccc2)CC1	Tumor necrosis factor	12000	ChEMBL	"2AZ5,3ALQ,3IT8,3L9J,4G3Y,4TWT,5M2I,5M2J,5M2M,5MU8,5WUX,5YOY,6OOY,6OOZ,6X81,6X82,6X83,6X85,6X86,7JRA"
CC(=O)NC(c1ccc(Cl)cc1Cl)c1ccc2cccnc2c1O	Tumor necrosis factor	12006	PubChem	"5MU8,9OK6,9OJY,9OJS,9OJO,6X86,6X85,6X83,6X82,6X81,5YOY,7JRA,8Z8M,6OOZ,6OOY,5WUX,5M2M,5M2J,5M2I,4TWT,4G3Y,3IT8,3ALQ,3L9J,2AZ5,7ASY,7QLF"
COc1ccc(cc1)C1=Nn2c(SC1)[n+](C)c1ccccc21 |t:9|	Tumor necrosis factor	12244.5	PubChem	"5MU8,9OK6,9OJY,9OJS,9OJO,6X86,6X85,6X83,6X82,6X81,5YOY,7JRA,8Z8M,6OOZ,6OOY,5WUX,5M2M,5M2J,5M2I,4TWT,4G3Y,3IT8,3ALQ,3L9J,2AZ5,7ASY,7QLF"
COc1cccc(Nc2nc3ccccc3nc2NS(=O)(=O)c2cccs2)c1	Tumor necrosis factor	12300	PubChem	"5MU8,9OK6,9OJY,9OJS,9OJO,6X86,6X85,6X83,6X82,6X81,5YOY,7JRA,8Z8M,6OOZ,6OOY,5WUX,5M2M,5M2J,5M2I,4TWT,4G3Y,3IT8,3ALQ,3L9J,2AZ5,7ASY,7QLF"
Cc1cc(Cl)ccc1OCC(=O)Nc1ccccc1NS(=O)(=O)c1cccs1	Tumor necrosis factor	12300	PubChem	"5MU8,9OK6,9OJY,9OJS,9OJO,6X86,6X85,6X83,6X82,6X81,5YOY,7JRA,8Z8M,6OOZ,6OOY,5WUX,5M2M,5M2J,5M2I,4TWT,4G3Y,3IT8,3ALQ,3L9J,2AZ5,7ASY,7QLF"
[O-][N+](=O)c1ccc(cc1)N1CCN(CC1)S(=O)(=O)c1ccc2N(CCc2c1)C(=O)C1CC1	Tumor necrosis factor	12400	PubChem	"5MU8,9OK6,9OJY,9OJS,9OJO,6X86,6X85,6X83,6X82,6X81,5YOY,7JRA,8Z8M,6OOZ,6OOY,5WUX,5M2M,5M2J,5M2I,4TWT,4G3Y,3IT8,3ALQ,3L9J,2AZ5,7ASY,7QLF"
NC(=O)C1CCN(CC1)c1ccc(cn1)S(=O)(=O)N1CCC(Cc2ccccc2)CC1	Tumor necrosis factor	12400	PubChem	"5MU8,9OK6,9OJY,9OJS,9OJO,6X86,6X85,6X83,6X82,6X81,5YOY,7JRA,8Z8M,6OOZ,6OOY,5WUX,5M2M,5M2J,5M2I,4TWT,4G3Y,3IT8,3ALQ,3L9J,2AZ5,7ASY,7QLF"
CC1=C(OCCO1)C(=O)NC1CCCc2c1cnn2-c1cccc(C)c1C |t:1|	Tumor necrosis factor	12500	PubChem	"5MU8,9OK6,9OJY,9OJS,9OJO,6X86,6X85,6X83,6X82,6X81,5YOY,7JRA,8Z8M,6OOZ,6OOY,5WUX,5M2M,5M2J,5M2I,4TWT,4G3Y,3IT8,3ALQ,3L9J,2AZ5,7ASY,7QLF"
Nc1nc2ccccc2n1Cc1ccccc1Cl	Tumor necrosis factor	12500	PubChem	"5MU8,9OK6,9OJY,9OJS,9OJO,6X86,6X85,6X83,6X82,6X81,5YOY,7JRA,8Z8M,6OOZ,6OOY,5WUX,5M2M,5M2J,5M2I,4TWT,4G3Y,3IT8,3ALQ,3L9J,2AZ5,7ASY,7QLF"
COc1c(O)cc2C(=O)O[C@@H]3[C@@H](O)[C@H](O)[C@@H](CO)O[C@H]3c2c1O	Tumor necrosis factor	12500	ChEMBL	"2AZ5,3ALQ,3IT8,3L9J,4G3Y,4TWT,5M2I,5M2J,5M2M,5MU8,5WUX,5YOY,6OOY,6OOZ,6X81,6X82,6X83,6X85,6X86,7JRA"
Fc1ccc(cc1)-c1cc2nc(CCl)[nH]c(=O)c2s1	Tumor necrosis factor	12569.5	PubChem	"5MU8,9OK6,9OJY,9OJS,9OJO,6X86,6X85,6X83,6X82,6X81,5YOY,7JRA,8Z8M,6OOZ,6OOY,5WUX,5M2M,5M2J,5M2I,4TWT,4G3Y,3IT8,3ALQ,3L9J,2AZ5,7ASY,7QLF"
COc1ccccc1NC(=O)CSc1nc2sc(C)c(C)c2c(=O)n1C	Tumor necrosis factor	12682	PubChem	"5MU8,9OK6,9OJY,9OJS,9OJO,6X86,6X85,6X83,6X82,6X81,5YOY,7JRA,8Z8M,6OOZ,6OOY,5WUX,5M2M,5M2J,5M2I,4TWT,4G3Y,3IT8,3ALQ,3L9J,2AZ5,7ASY,7QLF"
Cc1ccc(Nc2nc(N)nc(CCl)n2)c(C)c1	Tumor necrosis factor	12781	PubChem	"5MU8,9OK6,9OJY,9OJS,9OJO,6X86,6X85,6X83,6X82,6X81,5YOY,7JRA,8Z8M,6OOZ,6OOY,5WUX,5M2M,5M2J,5M2I,4TWT,4G3Y,3IT8,3ALQ,3L9J,2AZ5,7ASY,7QLF"
Nc1ccc(cc1)S(=O)(=O)Nc1nccc(\C=C\c2cccc(Br)c2)n1	Tumor necrosis factor	12791.5	PubChem	"5MU8,9OK6,9OJY,9OJS,9OJO,6X86,6X85,6X83,6X82,6X81,5YOY,7JRA,8Z8M,6OOZ,6OOY,5WUX,5M2M,5M2J,5M2I,4TWT,4G3Y,3IT8,3ALQ,3L9J,2AZ5,7ASY,7QLF"
CN(C(=O)C(C)(C)C)c1ccc(OCC(=O)N2CCc3ccccc3C2)cc1	Tumor necrosis factor	12857	PubChem	"5MU8,9OK6,9OJY,9OJS,9OJO,6X86,6X85,6X83,6X82,6X81,5YOY,7JRA,8Z8M,6OOZ,6OOY,5WUX,5M2M,5M2J,5M2I,4TWT,4G3Y,3IT8,3ALQ,3L9J,2AZ5,7ASY,7QLF"
OC(=O)c1c(NC(=O)c2ccccc2Cl)sc2CCCCc12	Tumor necrosis factor	12900	PubChem	"5MU8,9OK6,9OJY,9OJS,9OJO,6X86,6X85,6X83,6X82,6X81,5YOY,7JRA,8Z8M,6OOZ,6OOY,5WUX,5M2M,5M2J,5M2I,4TWT,4G3Y,3IT8,3ALQ,3L9J,2AZ5,7ASY,7QLF"
COC(=O)c1ccc(NC(=O)c2ccccc2NS(=O)(=O)c2ccccc2)cc1	Tumor necrosis factor	12909.5	PubChem	"5MU8,9OK6,9OJY,9OJS,9OJO,6X86,6X85,6X83,6X82,6X81,5YOY,7JRA,8Z8M,6OOZ,6OOY,5WUX,5M2M,5M2J,5M2I,4TWT,4G3Y,3IT8,3ALQ,3L9J,2AZ5,7ASY,7QLF"
COc1ccc(CNc2ncnc3sccc23)cc1OC	Tumor necrosis factor	13000	PubChem	"5MU8,9OK6,9OJY,9OJS,9OJO,6X86,6X85,6X83,6X82,6X81,5YOY,7JRA,8Z8M,6OOZ,6OOY,5WUX,5M2M,5M2J,5M2I,4TWT,4G3Y,3IT8,3ALQ,3L9J,2AZ5,7ASY,7QLF"
CCCCn1c(SCC(=O)Nc2nnc(CC)s2)nc2n(C)c(=O)n(C)c(=O)c12	Tumor necrosis factor	13000	PubChem	"5MU8,9OK6,9OJY,9OJS,9OJO,6X86,6X85,6X83,6X82,6X81,5YOY,7JRA,8Z8M,6OOZ,6OOY,5WUX,5M2M,5M2J,5M2I,4TWT,4G3Y,3IT8,3ALQ,3L9J,2AZ5,7ASY,7QLF"
COC(=O)CC(N1C(=O)c2cc(Cl)c(Cl)cc2C1=O)c1ccc(OC)c(OC)c1	Tumor necrosis factor	13000	ChEMBL	"2AZ5,3ALQ,3IT8,3L9J,4G3Y,4TWT,5M2I,5M2J,5M2M,5MU8,5WUX,5YOY,6OOY,6OOZ,6X81,6X82,6X83,6X85,6X86,7JRA"
CCOC(=O)CCCn1cc(CN)c2cc(OC)c(OC)cc2c1=O	Tumor necrosis factor	13000	ChEMBL	"2AZ5,3ALQ,3IT8,3L9J,4G3Y,4TWT,5M2I,5M2J,5M2M,5MU8,5WUX,5YOY,6OOY,6OOZ,6X81,6X82,6X83,6X85,6X86,7JRA"
CCCCn1c(SCC(=O)Nc2nnc(CC)s2)nc2n(C)c(=O)n(C)c(=O)c12	Tumor necrosis factor	13100	PubChem	"5MU8,9OK6,9OJY,9OJS,9OJO,6X86,6X85,6X83,6X82,6X81,5YOY,7JRA,8Z8M,6OOZ,6OOY,5WUX,5M2M,5M2J,5M2I,4TWT,4G3Y,3IT8,3ALQ,3L9J,2AZ5,7ASY,7QLF"
CCCCc1c(C)c(C#N)c2[nH]c3ccccc3n2c1=O	Tumor necrosis factor	13135	PubChem	"5MU8,9OK6,9OJY,9OJS,9OJO,6X86,6X85,6X83,6X82,6X81,5YOY,7JRA,8Z8M,6OOZ,6OOY,5WUX,5M2M,5M2J,5M2I,4TWT,4G3Y,3IT8,3ALQ,3L9J,2AZ5,7ASY,7QLF"
CC(=O)N1CCc2cc(ccc12)S(=O)(=O)N1CCN(CC1)c1ccc(cc1)C(C)=O	Tumor necrosis factor	13200	PubChem	"5MU8,9OK6,9OJY,9OJS,9OJO,6X86,6X85,6X83,6X82,6X81,5YOY,7JRA,8Z8M,6OOZ,6OOY,5WUX,5M2M,5M2J,5M2I,4TWT,4G3Y,3IT8,3ALQ,3L9J,2AZ5,7ASY,7QLF"
COc1ccccc1N(CC=C)S(=O)(=O)c1ccc(Cl)c(c1)C(=O)Nc1ccc(cc1)N1CCOCC1	Tumor necrosis factor	13200	PubChem	"5MU8,9OK6,9OJY,9OJS,9OJO,6X86,6X85,6X83,6X82,6X81,5YOY,7JRA,8Z8M,6OOZ,6OOY,5WUX,5M2M,5M2J,5M2I,4TWT,4G3Y,3IT8,3ALQ,3L9J,2AZ5,7ASY,7QLF"
O=C(C1CC1)N1CCc2cc(ccc12)S(=O)(=O)N1CCN(CC1)c1ccc(cc1)C#N	Tumor necrosis factor	13300	PubChem	"5MU8,9OK6,9OJY,9OJS,9OJO,6X86,6X85,6X83,6X82,6X81,5YOY,7JRA,8Z8M,6OOZ,6OOY,5WUX,5M2M,5M2J,5M2I,4TWT,4G3Y,3IT8,3ALQ,3L9J,2AZ5,7ASY,7QLF"
Cc1cc(C(=O)CSc2nnc(o2)-c2ccco2)c(C)n1-c1ccc2OCCOc2c1	Tumor necrosis factor	13304.5	PubChem	"5MU8,9OK6,9OJY,9OJS,9OJO,6X86,6X85,6X83,6X82,6X81,5YOY,7JRA,8Z8M,6OOZ,6OOY,5WUX,5M2M,5M2J,5M2I,4TWT,4G3Y,3IT8,3ALQ,3L9J,2AZ5,7ASY,7QLF"
c1cc(ccc1C(=O)Nc2c(c3c(s2)CCCC3)C(=O)O)Cl	Tumor necrosis factor	13400	PubChem	"5MU8,9OK6,9OJY,9OJS,9OJO,6X86,6X85,6X83,6X82,6X81,5YOY,7JRA,8Z8M,6OOZ,6OOY,5WUX,5M2M,5M2J,5M2I,4TWT,4G3Y,3IT8,3ALQ,3L9J,2AZ5,7ASY,7QLF"
Cc1cccc(CN2CCN(CC2)C(=O)CCl)c1	Tumor necrosis factor	13885.5	PubChem	"5MU8,9OK6,9OJY,9OJS,9OJO,6X86,6X85,6X83,6X82,6X81,5YOY,7JRA,8Z8M,6OOZ,6OOY,5WUX,5M2M,5M2J,5M2I,4TWT,4G3Y,3IT8,3ALQ,3L9J,2AZ5,7ASY,7QLF"
Clc1c(Cl)c(Cl)c2[nH]nnc2c1Cl	Tumor necrosis factor	13910	PubChem	"5MU8,9OK6,9OJY,9OJS,9OJO,6X86,6X85,6X83,6X82,6X81,5YOY,7JRA,8Z8M,6OOZ,6OOY,5WUX,5M2M,5M2J,5M2I,4TWT,4G3Y,3IT8,3ALQ,3L9J,2AZ5,7ASY,7QLF"
COc1ccc(CC(=O)Nc2ccncc2Cl)cc1	Tumor necrosis factor	13969	PubChem	"5MU8,9OK6,9OJY,9OJS,9OJO,6X86,6X85,6X83,6X82,6X81,5YOY,7JRA,8Z8M,6OOZ,6OOY,5WUX,5M2M,5M2J,5M2I,4TWT,4G3Y,3IT8,3ALQ,3L9J,2AZ5,7ASY,7QLF"
Oc1ccc(NS(=O)(=O)c2cc(c3cccc4C(=O)Sc2c34)S(=O)(=O)Nc2ccc(O)cc2)cc1	Tumor necrosis factor	14000	ChEMBL	"2AZ5,3ALQ,3IT8,3L9J,4G3Y,4TWT,5M2I,5M2J,5M2M,5MU8,5WUX,5YOY,6OOY,6OOZ,6X81,6X82,6X83,6X85,6X86,7JRA"
CCOC(=O)CCCn1c(N=[N+]=[N-])nc2cc(OC)c(OC)cc2c1=O	Tumor necrosis factor	14000	ChEMBL	"2AZ5,3ALQ,3IT8,3L9J,4G3Y,4TWT,5M2I,5M2J,5M2M,5MU8,5WUX,5YOY,6OOY,6OOZ,6X81,6X82,6X83,6X85,6X86,7JRA"
COc1ccc(Cl)cc1\C=C\c1ccc2cccc(O)c2n1	Tumor necrosis factor	14005.5	PubChem	"5MU8,9OK6,9OJY,9OJS,9OJO,6X86,6X85,6X83,6X82,6X81,5YOY,7JRA,8Z8M,6OOZ,6OOY,5WUX,5M2M,5M2J,5M2I,4TWT,4G3Y,3IT8,3ALQ,3L9J,2AZ5,7ASY,7QLF"
CC1Cc2cc(ccc2N1C(C)=O)S(=O)(=O)N1CCN(CC1)c1ccccc1	Tumor necrosis factor	14100	PubChem	"5MU8,9OK6,9OJY,9OJS,9OJO,6X86,6X85,6X83,6X82,6X81,5YOY,7JRA,8Z8M,6OOZ,6OOY,5WUX,5M2M,5M2J,5M2I,4TWT,4G3Y,3IT8,3ALQ,3L9J,2AZ5,7ASY,7QLF"
COc1ccc(C)cc1NC(=O)CSc1ccc(nn1)-c1sc(C)nc1C	Tumor necrosis factor	14137	PubChem	"5MU8,9OK6,9OJY,9OJS,9OJO,6X86,6X85,6X83,6X82,6X81,5YOY,7JRA,8Z8M,6OOZ,6OOY,5WUX,5M2M,5M2J,5M2I,4TWT,4G3Y,3IT8,3ALQ,3L9J,2AZ5,7ASY,7QLF"
Cc1[nH]n(-c2cccc(Cl)c2)c(=O)c1-c1ccc(Cl)cc1	Tumor necrosis factor	14156	PubChem	"5MU8,9OK6,9OJY,9OJS,9OJO,6X86,6X85,6X83,6X82,6X81,5YOY,7JRA,8Z8M,6OOZ,6OOY,5WUX,5M2M,5M2J,5M2I,4TWT,4G3Y,3IT8,3ALQ,3L9J,2AZ5,7ASY,7QLF"
CCn1c(=O)n(-c2ccc(OC)c(OC)c2)c2c3cccc(OC)c3ncc2c1=O	Tumor necrosis factor	14200	US Patent	"2AZ5,3ALQ,3IT8,3L9J,4G3Y,4TWT,5M2I,5M2J,5M2M,5MU8,5WUX,5YOY,6OOY,6OOZ,6X81,6X82,6X83,6X85,6X86,7JRA"
Brc1ccc(cc1)C(=O)Nc1nnc(s1)S(=O)(=O)N1CCCCCC1	Tumor necrosis factor	14249	PubChem	"5MU8,9OK6,9OJY,9OJS,9OJO,6X86,6X85,6X83,6X82,6X81,5YOY,7JRA,8Z8M,6OOZ,6OOY,5WUX,5M2M,5M2J,5M2I,4TWT,4G3Y,3IT8,3ALQ,3L9J,2AZ5,7ASY,7QLF"
CC(=O)c1cccc(NS(=O)(=O)c2ccc(NC(=O)N3CCCCC3)cc2)c1	Tumor necrosis factor	14278	PubChem	"5MU8,9OK6,9OJY,9OJS,9OJO,6X86,6X85,6X83,6X82,6X81,5YOY,7JRA,8Z8M,6OOZ,6OOY,5WUX,5M2M,5M2J,5M2I,4TWT,4G3Y,3IT8,3ALQ,3L9J,2AZ5,7ASY,7QLF"
COc1ccc2c3ccc(OCc4ccc(cc4)C(O)=O)c(C)c3oc(=O)c2c1	Tumor necrosis factor	14442	PubChem	"5MU8,9OK6,9OJY,9OJS,9OJO,6X86,6X85,6X83,6X82,6X81,5YOY,7JRA,8Z8M,6OOZ,6OOY,5WUX,5M2M,5M2J,5M2I,4TWT,4G3Y,3IT8,3ALQ,3L9J,2AZ5,7ASY,7QLF"
Cc1cccc(c1C)-n1ncc2C(CCCc12)NC(=O)C1(CC1)C(N)=O	Tumor necrosis factor	14500	PubChem	"5MU8,9OK6,9OJY,9OJS,9OJO,6X86,6X85,6X83,6X82,6X81,5YOY,7JRA,8Z8M,6OOZ,6OOY,5WUX,5M2M,5M2J,5M2I,4TWT,4G3Y,3IT8,3ALQ,3L9J,2AZ5,7ASY,7QLF"
COc1ccc(CNC(=O)c2ccc3ccccc3n2)cc1OC	Tumor necrosis factor	14539.5	PubChem	"5MU8,9OK6,9OJY,9OJS,9OJO,6X86,6X85,6X83,6X82,6X81,5YOY,7JRA,8Z8M,6OOZ,6OOY,5WUX,5M2M,5M2J,5M2I,4TWT,4G3Y,3IT8,3ALQ,3L9J,2AZ5,7ASY,7QLF"
Cn1nccc1C(=O)NC1CCCc2c1cnn2-c1ccccc1F	Tumor necrosis factor	14600	PubChem	"5MU8,9OK6,9OJY,9OJS,9OJO,6X86,6X85,6X83,6X82,6X81,5YOY,7JRA,8Z8M,6OOZ,6OOY,5WUX,5M2M,5M2J,5M2I,4TWT,4G3Y,3IT8,3ALQ,3L9J,2AZ5,7ASY,7QLF"
Cc1ccc(NC(=O)CCC(=O)NN=Cc2ccccc2O)cc1 |w:13.12|	Tumor necrosis factor	14672	PubChem	"5MU8,9OK6,9OJY,9OJS,9OJO,6X86,6X85,6X83,6X82,6X81,5YOY,7JRA,8Z8M,6OOZ,6OOY,5WUX,5M2M,5M2J,5M2I,4TWT,4G3Y,3IT8,3ALQ,3L9J,2AZ5,7ASY,7QLF"
Cc1ccc(cc1)C(=O)c1cnc2cc3OCCOc3cc2c1S(=O)(=O)c1ccccc1	Tumor necrosis factor	14727.5	PubChem	"5MU8,9OK6,9OJY,9OJS,9OJO,6X86,6X85,6X83,6X82,6X81,5YOY,7JRA,8Z8M,6OOZ,6OOY,5WUX,5M2M,5M2J,5M2I,4TWT,4G3Y,3IT8,3ALQ,3L9J,2AZ5,7ASY,7QLF"
Cc1ccc(O)c(c1)C(=O)c1cc(C#N)c2nc3ccccc3n2c1	Tumor necrosis factor	14835.5	PubChem	"5MU8,9OK6,9OJY,9OJS,9OJO,6X86,6X85,6X83,6X82,6X81,5YOY,7JRA,8Z8M,6OOZ,6OOY,5WUX,5M2M,5M2J,5M2I,4TWT,4G3Y,3IT8,3ALQ,3L9J,2AZ5,7ASY,7QLF"
COc1ccc2nc(Nc3nc(C)c(s3)C(C)=O)sc2c1	Tumor necrosis factor	14851	PubChem	"5MU8,9OK6,9OJY,9OJS,9OJO,6X86,6X85,6X83,6X82,6X81,5YOY,7JRA,8Z8M,6OOZ,6OOY,5WUX,5M2M,5M2J,5M2I,4TWT,4G3Y,3IT8,3ALQ,3L9J,2AZ5,7ASY,7QLF"
COCCn1c(C)cc(C(=O)CSc2ncnc3sc4CCCc4c23)c1C	Tumor necrosis factor	14969	PubChem	"5MU8,9OK6,9OJY,9OJS,9OJO,6X86,6X85,6X83,6X82,6X81,5YOY,7JRA,8Z8M,6OOZ,6OOY,5WUX,5M2M,5M2J,5M2I,4TWT,4G3Y,3IT8,3ALQ,3L9J,2AZ5,7ASY,7QLF"
COC(=O)CC(N1C(=O)c2cccc(O)c2C1=O)c1ccc(OC)c(OC)c1	Tumor necrosis factor	15000	ChEMBL	"2AZ5,3ALQ,3IT8,3L9J,4G3Y,4TWT,5M2I,5M2J,5M2M,5MU8,5WUX,5YOY,6OOY,6OOZ,6X81,6X82,6X83,6X85,6X86,7JRA"
CCCCn1c2nccnc2c(=O)n(CCCC(=O)OCC)c1=O	Tumor necrosis factor	15000	ChEMBL	"2AZ5,3ALQ,3IT8,3L9J,4G3Y,4TWT,5M2I,5M2J,5M2M,5MU8,5WUX,5YOY,6OOY,6OOZ,6X81,6X82,6X83,6X85,6X86,7JRA"
CCOC(=O)CCCn1cc(C(C)=O)c2cc(OC)c(OC)cc2c1=O	Tumor necrosis factor	15000	ChEMBL	"2AZ5,3ALQ,3IT8,3L9J,4G3Y,4TWT,5M2I,5M2J,5M2M,5MU8,5WUX,5YOY,6OOY,6OOZ,6X81,6X82,6X83,6X85,6X86,7JRA"
CCOC(=O)CCCn1cnc2cc(OC)c(OC)c(N)c2c1=O	Tumor necrosis factor	15000	ChEMBL	"2AZ5,3ALQ,3IT8,3L9J,4G3Y,4TWT,5M2I,5M2J,5M2M,5MU8,5WUX,5YOY,6OOY,6OOZ,6X81,6X82,6X83,6X85,6X86,7JRA"
CCN1CCN(CC1)S(=O)(=O)c1cnc2ccc(nn12)-c1ccc(cc1)S(C)(=O)=O	Tumor necrosis factor	15000	ChEMBL	"2AZ5,3ALQ,3IT8,3L9J,4G3Y,4TWT,5M2I,5M2J,5M2M,5MU8,5WUX,5YOY,6OOY,6OOZ,6X81,6X82,6X83,6X85,6X86,7JRA"
CCN1CCN(CC1)S(=O)(=O)c1cnc2ccc(nn12)-c1cccnc1	Tumor necrosis factor	15000	ChEMBL	"2AZ5,3ALQ,3IT8,3L9J,4G3Y,4TWT,5M2I,5M2J,5M2M,5MU8,5WUX,5YOY,6OOY,6OOZ,6X81,6X82,6X83,6X85,6X86,7JRA"
CN(Cc1ccc(F)cc1)S(=O)(=O)c1nnc(NC(=O)c2ccccc2)s1	Tumor necrosis factor	15100	PubChem	"5MU8,9OK6,9OJY,9OJS,9OJO,6X86,6X85,6X83,6X82,6X81,5YOY,7JRA,8Z8M,6OOZ,6OOY,5WUX,5M2M,5M2J,5M2I,4TWT,4G3Y,3IT8,3ALQ,3L9J,2AZ5,7ASY,7QLF"
C[C@@H](Nc1ccnc2ccc(cc12)-c1cnc(nc1)C(C)(C)O)c1cc(ccc1F)N1CCCC1	Tumor necrosis factor	15125	ChEMBL	"2AZ5,3ALQ,3IT8,3L9J,4G3Y,4TWT,5M2I,5M2J,5M2M,5MU8,5WUX,5YOY,6OOY,6OOZ,6X81,6X82,6X83,6X85,6X86,7JRA"
CC(C)c1ccc(C)cc1OCc1ccc(cc1)-c1nnco1	Tumor necrosis factor	15241	PubChem	"5MU8,9OK6,9OJY,9OJS,9OJO,6X86,6X85,6X83,6X82,6X81,5YOY,7JRA,8Z8M,6OOZ,6OOY,5WUX,5M2M,5M2J,5M2I,4TWT,4G3Y,3IT8,3ALQ,3L9J,2AZ5,7ASY,7QLF"
CC1Cc2cc(ccc2N1C(=O)C1CC1)S(=O)(=O)N1CCN(CC1)c1ccccc1	Tumor necrosis factor	15300	PubChem	"5MU8,9OK6,9OJY,9OJS,9OJO,6X86,6X85,6X83,6X82,6X81,5YOY,7JRA,8Z8M,6OOZ,6OOY,5WUX,5M2M,5M2J,5M2I,4TWT,4G3Y,3IT8,3ALQ,3L9J,2AZ5,7ASY,7QLF"
FC(F)(F)c1cc(c2ccc(nc2n1)C(C#N)c1ccccc1)C(F)(F)F	Tumor necrosis factor	15418	PubChem	"5MU8,9OK6,9OJY,9OJS,9OJO,6X86,6X85,6X83,6X82,6X81,5YOY,7JRA,8Z8M,6OOZ,6OOY,5WUX,5M2M,5M2J,5M2I,4TWT,4G3Y,3IT8,3ALQ,3L9J,2AZ5,7ASY,7QLF"
OC(=O)c1c(NC(=S)NC(=O)c2ccccc2)sc2CCCCc12	Tumor necrosis factor	15500	PubChem	"5MU8,9OK6,9OJY,9OJS,9OJO,6X86,6X85,6X83,6X82,6X81,5YOY,7JRA,8Z8M,6OOZ,6OOY,5WUX,5M2M,5M2J,5M2I,4TWT,4G3Y,3IT8,3ALQ,3L9J,2AZ5,7ASY,7QLF"
CC(C)(C)NC(=S)NN=Cc1cc(Br)c(O)c(Br)c1 |w:8.7|	Tumor necrosis factor	15600	PubChem	"5MU8,9OK6,9OJY,9OJS,9OJO,6X86,6X85,6X83,6X82,6X81,5YOY,7JRA,8Z8M,6OOZ,6OOY,5WUX,5M2M,5M2J,5M2I,4TWT,4G3Y,3IT8,3ALQ,3L9J,2AZ5,7ASY,7QLF"
CC(=O)c1ccc(Nc2nc3ccccc3nc2NS(=O)(=O)c2cccs2)cc1	Tumor necrosis factor	15626.5	PubChem	"5MU8,9OK6,9OJY,9OJS,9OJO,6X86,6X85,6X83,6X82,6X81,5YOY,7JRA,8Z8M,6OOZ,6OOY,5WUX,5M2M,5M2J,5M2I,4TWT,4G3Y,3IT8,3ALQ,3L9J,2AZ5,7ASY,7QLF"
Cc1cc(C)n(n1)-c1nc(C)cc(N=NCc2ccccc2[N+]([O-])=O)n1 |w:13.13|	Tumor necrosis factor	15632.5	PubChem	"5MU8,9OK6,9OJY,9OJS,9OJO,6X86,6X85,6X83,6X82,6X81,5YOY,7JRA,8Z8M,6OOZ,6OOY,5WUX,5M2M,5M2J,5M2I,4TWT,4G3Y,3IT8,3ALQ,3L9J,2AZ5,7ASY,7QLF"
COc1ccccc1OCCCOc1cccc(\C=C2/SC(=O)NC2=O)c1	Tumor necrosis factor	15673.5	PubChem	"5MU8,9OK6,9OJY,9OJS,9OJO,6X86,6X85,6X83,6X82,6X81,5YOY,7JRA,8Z8M,6OOZ,6OOY,5WUX,5M2M,5M2J,5M2I,4TWT,4G3Y,3IT8,3ALQ,3L9J,2AZ5,7ASY,7QLF"
"[H]C12CCC([H])(C1)C1C2C(=O)N(C1=O)c1cccc(c1)C(=O)Nc1ccc(Cl)cc1 |TLB:9:8:6:2.3,THB:12:7:6:2.3|"	Tumor necrosis factor	15736.5	PubChem	"5MU8,9OK6,9OJY,9OJS,9OJO,6X86,6X85,6X83,6X82,6X81,5YOY,7JRA,8Z8M,6OOZ,6OOY,5WUX,5M2M,5M2J,5M2I,4TWT,4G3Y,3IT8,3ALQ,3L9J,2AZ5,7ASY,7QLF"
CCOc1ccccc1C(=O)N1CCN(CC1)C(c1ccccc1)c1ccccc1	Tumor necrosis factor	15744	PubChem	"5MU8,9OK6,9OJY,9OJS,9OJO,6X86,6X85,6X83,6X82,6X81,5YOY,7JRA,8Z8M,6OOZ,6OOY,5WUX,5M2M,5M2J,5M2I,4TWT,4G3Y,3IT8,3ALQ,3L9J,2AZ5,7ASY,7QLF"
Cc1onc(c1C(=O)Nc1ncc(s1)[N+]([O-])=O)-c1ccccc1	Tumor necrosis factor	15767	PubChem	"5MU8,9OK6,9OJY,9OJS,9OJO,6X86,6X85,6X83,6X82,6X81,5YOY,7JRA,8Z8M,6OOZ,6OOY,5WUX,5M2M,5M2J,5M2I,4TWT,4G3Y,3IT8,3ALQ,3L9J,2AZ5,7ASY,7QLF"
Cc1cc(C(=O)N\N=C\c2ccc(s2)[N+]([O-])=O)c2ccccc2n1	Tumor necrosis factor	15792	PubChem	"5MU8,9OK6,9OJY,9OJS,9OJO,6X86,6X85,6X83,6X82,6X81,5YOY,7JRA,8Z8M,6OOZ,6OOY,5WUX,5M2M,5M2J,5M2I,4TWT,4G3Y,3IT8,3ALQ,3L9J,2AZ5,7ASY,7QLF"
[O-][N+](=O)c1ccc(\C=N\NC(=O)CNc2cccc3ccccc23)o1	Tumor necrosis factor	15794	PubChem	"5MU8,9OK6,9OJY,9OJS,9OJO,6X86,6X85,6X83,6X82,6X81,5YOY,7JRA,8Z8M,6OOZ,6OOY,5WUX,5M2M,5M2J,5M2I,4TWT,4G3Y,3IT8,3ALQ,3L9J,2AZ5,7ASY,7QLF"
NC(=O)c1ccc(N2CCN(CC2)S(=O)(=O)c2ccccc2)c(c1)[N+]([O-])=O	Tumor necrosis factor	15953	PubChem	"5MU8,9OK6,9OJY,9OJS,9OJO,6X86,6X85,6X83,6X82,6X81,5YOY,7JRA,8Z8M,6OOZ,6OOY,5WUX,5M2M,5M2J,5M2I,4TWT,4G3Y,3IT8,3ALQ,3L9J,2AZ5,7ASY,7QLF"
CCCCCn1c2nccnc2c(=O)n(CCCC(=O)OCC)c1=O	Tumor necrosis factor	16000	ChEMBL	"2AZ5,3ALQ,3IT8,3L9J,4G3Y,4TWT,5M2I,5M2J,5M2M,5MU8,5WUX,5YOY,6OOY,6OOZ,6X81,6X82,6X83,6X85,6X86,7JRA"
Cc1cc(C)c(c(O)c1)-c1ccc(NCCc2ccc(cc2)S(N)(=O)=O)nn1	Tumor necrosis factor	16000	US Patent	"2AZ5,3ALQ,3IT8,3L9J,4G3Y,4TWT,5M2I,5M2J,5M2M,5MU8,5WUX,5YOY,6OOY,6OOZ,6X81,6X82,6X83,6X85,6X86,7JRA"
Brc1cccc(c1)C(=O)NC(=S)N1CCN(Cc2ccc3OCOc3c2)CC1	Tumor necrosis factor	16066.5	PubChem	"5MU8,9OK6,9OJY,9OJS,9OJO,6X86,6X85,6X83,6X82,6X81,5YOY,7JRA,8Z8M,6OOZ,6OOY,5WUX,5M2M,5M2J,5M2I,4TWT,4G3Y,3IT8,3ALQ,3L9J,2AZ5,7ASY,7QLF"
[O-][N+](=O)c1ccc(\C=N\NC(=O)c2cc3ccccc3o2)o1	Tumor necrosis factor	16125.5	PubChem	"5MU8,9OK6,9OJY,9OJS,9OJO,6X86,6X85,6X83,6X82,6X81,5YOY,7JRA,8Z8M,6OOZ,6OOY,5WUX,5M2M,5M2J,5M2I,4TWT,4G3Y,3IT8,3ALQ,3L9J,2AZ5,7ASY,7QLF"
O=C1NC(=O)\C(=C/C=C/c2ccco2)C(=O)N1Cc1ccco1	Tumor necrosis factor	16205.5	PubChem	"5MU8,9OK6,9OJY,9OJS,9OJO,6X86,6X85,6X83,6X82,6X81,5YOY,7JRA,8Z8M,6OOZ,6OOY,5WUX,5M2M,5M2J,5M2I,4TWT,4G3Y,3IT8,3ALQ,3L9J,2AZ5,7ASY,7QLF"
Cc1cccc(c1)-n1[nH]c2c3C(=O)c4ccccc4C(=O)c3ccc2c1=O	Tumor necrosis factor	16300	PubChem	"5MU8,9OK6,9OJY,9OJS,9OJO,6X86,6X85,6X83,6X82,6X81,5YOY,7JRA,8Z8M,6OOZ,6OOY,5WUX,5M2M,5M2J,5M2I,4TWT,4G3Y,3IT8,3ALQ,3L9J,2AZ5,7ASY,7QLF"
COc1cc(ccc1Br)S(=O)(=O)NCc1ccncc1	Tumor necrosis factor	16460	PubChem	"5MU8,9OK6,9OJY,9OJS,9OJO,6X86,6X85,6X83,6X82,6X81,5YOY,7JRA,8Z8M,6OOZ,6OOY,5WUX,5M2M,5M2J,5M2I,4TWT,4G3Y,3IT8,3ALQ,3L9J,2AZ5,7ASY,7QLF"
CC(C)(C)C(=O)NC(N)=Nc1nc2ccccc2o1 |w:9.9|	Tumor necrosis factor	16500	PubChem	"5MU8,9OK6,9OJY,9OJS,9OJO,6X86,6X85,6X83,6X82,6X81,5YOY,7JRA,8Z8M,6OOZ,6OOY,5WUX,5M2M,5M2J,5M2I,4TWT,4G3Y,3IT8,3ALQ,3L9J,2AZ5,7ASY,7QLF"
CCCCn1cnc(CC(c2c(O)c3ccccc3oc2=O)c2c(O)c3ccccc3oc2=O)c1Cl	Tumor necrosis factor	16500	ChEMBL	"2TNF,7KP7,7KP8"
CCc1cc(C(=O)NC2CCCN(Cc3ccccc3F)C2)n(C)n1	Tumor necrosis factor	16519.5	PubChem	"5MU8,9OK6,9OJY,9OJS,9OJO,6X86,6X85,6X83,6X82,6X81,5YOY,7JRA,8Z8M,6OOZ,6OOY,5WUX,5M2M,5M2J,5M2I,4TWT,4G3Y,3IT8,3ALQ,3L9J,2AZ5,7ASY,7QLF"
COCCN(CC(=O)NC1CCCCC1)C(=O)\C=C\C(=O)c1ccc(OC)cc1O	Tumor necrosis factor	16577	PubChem	"5MU8,9OK6,9OJY,9OJS,9OJO,6X86,6X85,6X83,6X82,6X81,5YOY,7JRA,8Z8M,6OOZ,6OOY,5WUX,5M2M,5M2J,5M2I,4TWT,4G3Y,3IT8,3ALQ,3L9J,2AZ5,7ASY,7QLF"
CC(=O)c1ccc(cc1)N1CCN(CC1)S(=O)(=O)c1ccc2N(CCc2c1)C(=O)C1CC1	Tumor necrosis factor	16600	PubChem	"5MU8,9OK6,9OJY,9OJS,9OJO,6X86,6X85,6X83,6X82,6X81,5YOY,7JRA,8Z8M,6OOZ,6OOY,5WUX,5M2M,5M2J,5M2I,4TWT,4G3Y,3IT8,3ALQ,3L9J,2AZ5,7ASY,7QLF"
Cn1c2nc(SCCCc3ccccc3)n(CC=C)c2c(=O)[nH]c1=O	Tumor necrosis factor	16800	PubChem	"5MU8,9OK6,9OJY,9OJS,9OJO,6X86,6X85,6X83,6X82,6X81,5YOY,7JRA,8Z8M,6OOZ,6OOY,5WUX,5M2M,5M2J,5M2I,4TWT,4G3Y,3IT8,3ALQ,3L9J,2AZ5,7ASY,7QLF"
ClC(Cl)C(=O)N1C(COc2ccccc12)c1ccccc1	Tumor necrosis factor	16861.5	PubChem	"5MU8,9OK6,9OJY,9OJS,9OJO,6X86,6X85,6X83,6X82,6X81,5YOY,7JRA,8Z8M,6OOZ,6OOY,5WUX,5M2M,5M2J,5M2I,4TWT,4G3Y,3IT8,3ALQ,3L9J,2AZ5,7ASY,7QLF"
Brc1ccc(cc1)-c1cc2nc(cc(=O)n2[nH]1)-c1ccccc1	Tumor necrosis factor	16873	PubChem	"5MU8,9OK6,9OJY,9OJS,9OJO,6X86,6X85,6X83,6X82,6X81,5YOY,7JRA,8Z8M,6OOZ,6OOY,5WUX,5M2M,5M2J,5M2I,4TWT,4G3Y,3IT8,3ALQ,3L9J,2AZ5,7ASY,7QLF"
CS(=O)(=O)c1ccc2nc(NC(=O)c3cccc(NS(=O)(=O)c4ccc(F)c(F)c4)c3)sc2c1	Tumor necrosis factor	16900	PubChem	"5MU8,9OK6,9OJY,9OJS,9OJO,6X86,6X85,6X83,6X82,6X81,5YOY,7JRA,8Z8M,6OOZ,6OOY,5WUX,5M2M,5M2J,5M2I,4TWT,4G3Y,3IT8,3ALQ,3L9J,2AZ5,7ASY,7QLF"
CCC(=O)Nc1nc2ccccc2n1Cc1ccccc1Cl	Tumor necrosis factor	16900	PubChem	"5MU8,9OK6,9OJY,9OJS,9OJO,6X86,6X85,6X83,6X82,6X81,5YOY,7JRA,8Z8M,6OOZ,6OOY,5WUX,5M2M,5M2J,5M2I,4TWT,4G3Y,3IT8,3ALQ,3L9J,2AZ5,7ASY,7QLF"
COc1ccc(CN(C)S(=O)(=O)c2nnc(NC(=O)c3cccc(F)c3)s2)cc1	Tumor necrosis factor	17090	PubChem	"5MU8,9OK6,9OJY,9OJS,9OJO,6X86,6X85,6X83,6X82,6X81,5YOY,7JRA,8Z8M,6OOZ,6OOY,5WUX,5M2M,5M2J,5M2I,4TWT,4G3Y,3IT8,3ALQ,3L9J,2AZ5,7ASY,7QLF"
COc1ccc(NC(=O)c2cccc(c2)S(=O)(=O)Nc2ccc(Br)cc2)cn1	Tumor necrosis factor	17263	PubChem	"5MU8,9OK6,9OJY,9OJS,9OJO,6X86,6X85,6X83,6X82,6X81,5YOY,7JRA,8Z8M,6OOZ,6OOY,5WUX,5M2M,5M2J,5M2I,4TWT,4G3Y,3IT8,3ALQ,3L9J,2AZ5,7ASY,7QLF"
COc1ccc(CNc2ncnc3sccc23)cc1OC	Tumor necrosis factor	17370	PubChem	"5MU8,9OK6,9OJY,9OJS,9OJO,6X86,6X85,6X83,6X82,6X81,5YOY,7JRA,8Z8M,6OOZ,6OOY,5WUX,5M2M,5M2J,5M2I,4TWT,4G3Y,3IT8,3ALQ,3L9J,2AZ5,7ASY,7QLF"
Oc1cccc(CN=Nc2ccc(Cl)nn2)c1O |w:8.8|	Tumor necrosis factor	17483	PubChem	"5MU8,9OK6,9OJY,9OJS,9OJO,6X86,6X85,6X83,6X82,6X81,5YOY,7JRA,8Z8M,6OOZ,6OOY,5WUX,5M2M,5M2J,5M2I,4TWT,4G3Y,3IT8,3ALQ,3L9J,2AZ5,7ASY,7QLF"
O=C1NC(=O)\C(=C/C=C/c2ccco2)C(=O)N1Cc1ccccc1	Tumor necrosis factor	17494	PubChem	"5MU8,9OK6,9OJY,9OJS,9OJO,6X86,6X85,6X83,6X82,6X81,5YOY,7JRA,8Z8M,6OOZ,6OOY,5WUX,5M2M,5M2J,5M2I,4TWT,4G3Y,3IT8,3ALQ,3L9J,2AZ5,7ASY,7QLF"
COc1ccc(cn1)-c1ccc2nc3C(F)CNC(c3n2n1)c1ccccc1OC(F)F	Tumor necrosis factor	17500	US Patent	"2AZ5,3ALQ,3IT8,3L9J,4G3Y,4TWT,5M2I,5M2J,5M2M,5MU8,5WUX,5YOY,6OOY,6OOZ,6X81,6X82,6X83,6X85,6X86,7JRA"
OC1CNC(c2c1nc1ccc(nn21)-c1ccc(cc1)C(=O)N1CC(C1)C(O)=O)c1ccccc1OC(F)F	Tumor necrosis factor	17500	US Patent	"2AZ5,3ALQ,3IT8,3L9J,4G3Y,4TWT,5M2I,5M2J,5M2M,5MU8,5WUX,5YOY,6OOY,6OOZ,6X81,6X82,6X83,6X85,6X86,7JRA"
OC1CNC(c2c1nc1ccc(nn21)-c1ccc(cc1)C(=O)NC1CC1)c1ccccc1OC(F)F	Tumor necrosis factor	17500	US Patent	"2AZ5,3ALQ,3IT8,3L9J,4G3Y,4TWT,5M2I,5M2J,5M2M,5MU8,5WUX,5YOY,6OOY,6OOZ,6X81,6X82,6X83,6X85,6X86,7JRA"
NC(=O)c1ccc(cc1Cl)-c1ccc2nc3[C@@H](O)CN[C@@H](c3n2n1)c1ccccc1OC(F)F	Tumor necrosis factor	17500	US Patent	"2AZ5,3ALQ,3IT8,3L9J,4G3Y,4TWT,5M2I,5M2J,5M2M,5MU8,5WUX,5YOY,6OOY,6OOZ,6X81,6X82,6X83,6X85,6X86,7JRA"
COc1ccc(cn1)-c1ccc2nc3[C@@H](O)CN[C@@H](c3n2n1)c1ccccc1OC(F)F	Tumor necrosis factor	17500	US Patent	"2AZ5,3ALQ,3IT8,3L9J,4G3Y,4TWT,5M2I,5M2J,5M2M,5MU8,5WUX,5YOY,6OOY,6OOZ,6X81,6X82,6X83,6X85,6X86,7JRA"
CC(C)(O)c1ncc(cn1)-c1ccc2nc3[C@@H](O)CO[C@H](c3n2n1)c1ccccc1OC(F)F	Tumor necrosis factor	17500	US Patent	"2AZ5,3ALQ,3IT8,3L9J,4G3Y,4TWT,5M2I,5M2J,5M2M,5MU8,5WUX,5YOY,6OOY,6OOZ,6X81,6X82,6X83,6X85,6X86,7JRA"
FC(F)Oc1ccccc1[C@H]1[C@H]2C[C@H]2c2nc3cc(F)c(Br)cc3n12	Tumor necrosis factor	17500	US Patent	"2AZ5,3ALQ,3IT8,3L9J,4G3Y,4TWT,5M2I,5M2J,5M2M,5MU8,5WUX,5YOY,6OOY,6OOZ,6X81,6X82,6X83,6X85,6X86,7JRA"
CC(C)(O)c1ncc(cn1)-c1cc2n3[C@H]([C@H]4C[C@H]4c3nc2cc1F)c1ccccc1OCc1ccccc1	Tumor necrosis factor	17500	US Patent	"2AZ5,3ALQ,3IT8,3L9J,4G3Y,4TWT,5M2I,5M2J,5M2M,5MU8,5WUX,5YOY,6OOY,6OOZ,6X81,6X82,6X83,6X85,6X86,7JRA"
CC(C)(O)c1ncc(cn1)-c1cc2n3[C@@H]([C@@H]4C[C@@H]4c3nc2cc1F)c1ccccc1Oc1ccccc1F	Tumor necrosis factor	17500	US Patent	"2AZ5,3ALQ,3IT8,3L9J,4G3Y,4TWT,5M2I,5M2J,5M2M,5MU8,5WUX,5YOY,6OOY,6OOZ,6X81,6X82,6X83,6X85,6X86,7JRA"
CC(C)(O)c1ncc(cn1)-c1cc2n3[C@@H]([C@@H]4C[C@@H]4c3nc2cc1F)c1ccccc1OCc1ccncc1	Tumor necrosis factor	17500	US Patent	"2AZ5,3ALQ,3IT8,3L9J,4G3Y,4TWT,5M2I,5M2J,5M2M,5MU8,5WUX,5YOY,6OOY,6OOZ,6X81,6X82,6X83,6X85,6X86,7JRA"
OCc1ccc(cn1)-c1ccc2nc3[C@@H]4CNC[C@@H]4[C@H](c4ccccc4)n3c2c1	Tumor necrosis factor	17500	US Patent	"2AZ5,3ALQ,3IT8,3L9J,4G3Y,4TWT,5M2I,5M2J,5M2M,5MU8,5WUX,5YOY,6OOY,6OOZ,6X81,6X82,6X83,6X85,6X86,7JRA"
CC(=O)N1C[C@H]2[C@@H](C1)c1nc3ccc(cc3n1[C@H]2c1ccccc1)-c1ccc(CO)nc1	Tumor necrosis factor	17500	US Patent	"2AZ5,3ALQ,3IT8,3L9J,4G3Y,4TWT,5M2I,5M2J,5M2M,5MU8,5WUX,5YOY,6OOY,6OOZ,6X81,6X82,6X83,6X85,6X86,7JRA"
CC(C)(C)OC(=O)N1C[C@H]2[C@@H](C1)c1nc3ccc(cc3n1[C@H]2c1ccccc1)-c1ccc(CO)nc1	Tumor necrosis factor	17500	US Patent	"2AZ5,3ALQ,3IT8,3L9J,4G3Y,4TWT,5M2I,5M2J,5M2M,5MU8,5WUX,5YOY,6OOY,6OOZ,6X81,6X82,6X83,6X85,6X86,7JRA"
OCc1ccc(cn1)-c1ccc2nc3[C@@H]4CN(C[C@@H]4[C@H](c4ccccc4)n3c2c1)C(=O)c1ccccc1	Tumor necrosis factor	17500	US Patent	"2AZ5,3ALQ,3IT8,3L9J,4G3Y,4TWT,5M2I,5M2J,5M2M,5MU8,5WUX,5YOY,6OOY,6OOZ,6X81,6X82,6X83,6X85,6X86,7JRA"
OCc1ccc(cn1)-c1ccc2nc3[C@@H]4CC=CC[C@@H]4[C@H](c4ccccc4)n3c2c1	Tumor necrosis factor	17500	US Patent	"2AZ5,3ALQ,3IT8,3L9J,4G3Y,4TWT,5M2I,5M2J,5M2M,5MU8,5WUX,5YOY,6OOY,6OOZ,6X81,6X82,6X83,6X85,6X86,7JRA"
CNC(=O)c1ccc(cn1)-c1ccc2nc3[C@H]4[C@H]([C@@H]4c4ccccc4)[C@H](c4cc(C)ccc4C)n3c2c1	Tumor necrosis factor	17500	US Patent	"2AZ5,3ALQ,3IT8,3L9J,4G3Y,4TWT,5M2I,5M2J,5M2M,5MU8,5WUX,5YOY,6OOY,6OOZ,6X81,6X82,6X83,6X85,6X86,7JRA"
CC(=NNC(=O)c1cc(Br)ccc1O)c1ccccn1 |w:2.2|	Tumor necrosis factor	17637	PubChem	"5MU8,9OK6,9OJY,9OJS,9OJO,6X86,6X85,6X83,6X82,6X81,5YOY,7JRA,8Z8M,6OOZ,6OOY,5WUX,5M2M,5M2J,5M2I,4TWT,4G3Y,3IT8,3ALQ,3L9J,2AZ5,7ASY,7QLF"
CCCCn1c(SCCCc2ccccc2)nc2n(C)c(=O)[nH]c(=O)c12	Tumor necrosis factor	17700	PubChem	"5MU8,9OK6,9OJY,9OJS,9OJO,6X86,6X85,6X83,6X82,6X81,5YOY,7JRA,8Z8M,6OOZ,6OOY,5WUX,5M2M,5M2J,5M2I,4TWT,4G3Y,3IT8,3ALQ,3L9J,2AZ5,7ASY,7QLF"
Cc1ccc(\C=C2\SC(=S)N(C2=O)c2ccc(cc2)S(=O)(=O)Nc2nccs2)cc1	Tumor necrosis factor	17770.5	PubChem	"5MU8,9OK6,9OJY,9OJS,9OJO,6X86,6X85,6X83,6X82,6X81,5YOY,7JRA,8Z8M,6OOZ,6OOY,5WUX,5M2M,5M2J,5M2I,4TWT,4G3Y,3IT8,3ALQ,3L9J,2AZ5,7ASY,7QLF"
Cc1c(\C=C\c2cc[n+](C)cc2)c2cc(C)ccc2n1C	Tumor necrosis factor	17967.5	PubChem	"5MU8,9OK6,9OJY,9OJS,9OJO,6X86,6X85,6X83,6X82,6X81,5YOY,7JRA,8Z8M,6OOZ,6OOY,5WUX,5M2M,5M2J,5M2I,4TWT,4G3Y,3IT8,3ALQ,3L9J,2AZ5,7ASY,7QLF"
COc1ccc(NC(C)=O)cc1S(=O)(=O)Nc1ccc(OCc2ccccc2)cc1	Tumor necrosis factor	18000	PubChem	"5MU8,9OK6,9OJY,9OJS,9OJO,6X86,6X85,6X83,6X82,6X81,5YOY,7JRA,8Z8M,6OOZ,6OOY,5WUX,5M2M,5M2J,5M2I,4TWT,4G3Y,3IT8,3ALQ,3L9J,2AZ5,7ASY,7QLF"
CCCn1c2nsnc2c(=O)n(CCCC(=O)OCC)c1=O	Tumor necrosis factor	18000	ChEMBL	"2AZ5,3ALQ,3IT8,3L9J,4G3Y,4TWT,5M2I,5M2J,5M2M,5MU8,5WUX,5YOY,6OOY,6OOZ,6X81,6X82,6X83,6X85,6X86,7JRA"
O=S(=O)(N1CCN(Cc2ccccc2)CC1)c1cnc2ccc(nn12)-c1cccnc1	Tumor necrosis factor	18000	ChEMBL	"2AZ5,3ALQ,3IT8,3L9J,4G3Y,4TWT,5M2I,5M2J,5M2M,5MU8,5WUX,5YOY,6OOY,6OOZ,6X81,6X82,6X83,6X85,6X86,7JRA"
C\C=C\Cn1c(SCCCc2ccccc2)nc2n(C)c(=O)[nH]c(=O)c12	Tumor necrosis factor	18200	PubChem	"5MU8,9OK6,9OJY,9OJS,9OJO,6X86,6X85,6X83,6X82,6X81,5YOY,7JRA,8Z8M,6OOZ,6OOY,5WUX,5M2M,5M2J,5M2I,4TWT,4G3Y,3IT8,3ALQ,3L9J,2AZ5,7ASY,7QLF"
Cc1cc(C(=O)COc2cccnc2[N+]([O-])=O)c(C)n1Cc1ccco1	Tumor necrosis factor	18232	PubChem	"5MU8,9OK6,9OJY,9OJS,9OJO,6X86,6X85,6X83,6X82,6X81,5YOY,7JRA,8Z8M,6OOZ,6OOY,5WUX,5M2M,5M2J,5M2I,4TWT,4G3Y,3IT8,3ALQ,3L9J,2AZ5,7ASY,7QLF"
COc1ccccc1-c1nc(C#N)c(o1)N1CCN(CC1)c1cccc(Cl)c1	Tumor necrosis factor	18541	PubChem	"5MU8,9OK6,9OJY,9OJS,9OJO,6X86,6X85,6X83,6X82,6X81,5YOY,7JRA,8Z8M,6OOZ,6OOY,5WUX,5M2M,5M2J,5M2I,4TWT,4G3Y,3IT8,3ALQ,3L9J,2AZ5,7ASY,7QLF"
[O-][N+](=O)c1ccc(o1)C(=O)Nc1nc2c(Cl)cccc2s1	Tumor necrosis factor	18569	PubChem	"5MU8,9OK6,9OJY,9OJS,9OJO,6X86,6X85,6X83,6X82,6X81,5YOY,7JRA,8Z8M,6OOZ,6OOY,5WUX,5M2M,5M2J,5M2I,4TWT,4G3Y,3IT8,3ALQ,3L9J,2AZ5,7ASY,7QLF"
C\C=C\Cn1c(SCCCc2ccccc2)nc2n(C)c(=O)[nH]c(=O)c12	Tumor necrosis factor	18600	PubChem	"5MU8,9OK6,9OJY,9OJS,9OJO,6X86,6X85,6X83,6X82,6X81,5YOY,7JRA,8Z8M,6OOZ,6OOY,5WUX,5M2M,5M2J,5M2I,4TWT,4G3Y,3IT8,3ALQ,3L9J,2AZ5,7ASY,7QLF"
CC(C)N1C(=O)N(Cc2ccco2)C(=O)\C(=C/C=C/c2ccco2)C1=O	Tumor necrosis factor	18801	PubChem	"5MU8,9OK6,9OJY,9OJS,9OJO,6X86,6X85,6X83,6X82,6X81,5YOY,7JRA,8Z8M,6OOZ,6OOY,5WUX,5M2M,5M2J,5M2I,4TWT,4G3Y,3IT8,3ALQ,3L9J,2AZ5,7ASY,7QLF"
Cc1cc(SCC(=O)OCC(=O)C(C#N)c2nc3ccccc3[nH]2)c(C)cc1Br	Tumor necrosis factor	18916	PubChem	"5MU8,9OK6,9OJY,9OJS,9OJO,6X86,6X85,6X83,6X82,6X81,5YOY,7JRA,8Z8M,6OOZ,6OOY,5WUX,5M2M,5M2J,5M2I,4TWT,4G3Y,3IT8,3ALQ,3L9J,2AZ5,7ASY,7QLF"
COc1cccc(OCc2cc(no2)C(=O)NCc2cnc3ccccn23)c1	Tumor necrosis factor	18944.5	PubChem	"5MU8,9OK6,9OJY,9OJS,9OJO,6X86,6X85,6X83,6X82,6X81,5YOY,7JRA,8Z8M,6OOZ,6OOY,5WUX,5M2M,5M2J,5M2I,4TWT,4G3Y,3IT8,3ALQ,3L9J,2AZ5,7ASY,7QLF"
CCOC(=O)CCCn1c(=O)n(C2CCOC2)c2nccnc2c1=O	Tumor necrosis factor	19000	ChEMBL	"2AZ5,3ALQ,3IT8,3L9J,4G3Y,4TWT,5M2I,5M2J,5M2M,5MU8,5WUX,5YOY,6OOY,6OOZ,6X81,6X82,6X83,6X85,6X86,7JRA"
CCOc1ccc(NC(=O)c2ccccc2NS(=O)(=O)c2ccc(F)cc2)c(c1)[N+]([O-])=O	Tumor necrosis factor	19007	PubChem	"5MU8,9OK6,9OJY,9OJS,9OJO,6X86,6X85,6X83,6X82,6X81,5YOY,7JRA,8Z8M,6OOZ,6OOY,5WUX,5M2M,5M2J,5M2I,4TWT,4G3Y,3IT8,3ALQ,3L9J,2AZ5,7ASY,7QLF"
CN1C(=O)C(=NNC(=S)Nc2ccccc2F)c2cc(ccc12)S(=O)(=O)N1CCOCC1 |w:5.5|	Tumor necrosis factor	19093.5	PubChem	"5MU8,9OK6,9OJY,9OJS,9OJO,6X86,6X85,6X83,6X82,6X81,5YOY,7JRA,8Z8M,6OOZ,6OOY,5WUX,5M2M,5M2J,5M2I,4TWT,4G3Y,3IT8,3ALQ,3L9J,2AZ5,7ASY,7QLF"
[O-][N+](=O)c1ccc(\C=N\NC(=O)C2COc3ccccc3O2)s1	Tumor necrosis factor	19140.5	PubChem	"5MU8,9OK6,9OJY,9OJS,9OJO,6X86,6X85,6X83,6X82,6X81,5YOY,7JRA,8Z8M,6OOZ,6OOY,5WUX,5M2M,5M2J,5M2I,4TWT,4G3Y,3IT8,3ALQ,3L9J,2AZ5,7ASY,7QLF"
Oc1c(Br)cc(Br)cc1C=NNC(=O)CNC(=O)c1cccc(Br)c1 |w:10.11|	Tumor necrosis factor	19438	PubChem	"5MU8,9OK6,9OJY,9OJS,9OJO,6X86,6X85,6X83,6X82,6X81,5YOY,7JRA,8Z8M,6OOZ,6OOY,5WUX,5M2M,5M2J,5M2I,4TWT,4G3Y,3IT8,3ALQ,3L9J,2AZ5,7ASY,7QLF"
Cc1oc(nc1CSc1nc2CCCCc2c(=O)[nH]1)-c1ccccc1Cl	Tumor necrosis factor	19529	PubChem	"5MU8,9OK6,9OJY,9OJS,9OJO,6X86,6X85,6X83,6X82,6X81,5YOY,7JRA,8Z8M,6OOZ,6OOY,5WUX,5M2M,5M2J,5M2I,4TWT,4G3Y,3IT8,3ALQ,3L9J,2AZ5,7ASY,7QLF"
CSc1ccc(NC(=O)c2ccc(CN3CCCCC3)cc2)cc1	Tumor necrosis factor	19600	PubChem	"5MU8,9OK6,9OJY,9OJS,9OJO,6X86,6X85,6X83,6X82,6X81,5YOY,7JRA,8Z8M,6OOZ,6OOY,5WUX,5M2M,5M2J,5M2I,4TWT,4G3Y,3IT8,3ALQ,3L9J,2AZ5,7ASY,7QLF"
[O-][N+](=O)c1ccc(o1)C(=O)Nc1nc2c(F)cc(F)cc2s1	Tumor necrosis factor	19700	PubChem	"5MU8,9OK6,9OJY,9OJS,9OJO,6X86,6X85,6X83,6X82,6X81,5YOY,7JRA,8Z8M,6OOZ,6OOY,5WUX,5M2M,5M2J,5M2I,4TWT,4G3Y,3IT8,3ALQ,3L9J,2AZ5,7ASY,7QLF"
CCOC(=O)C1CCN(CC1)S(=O)(=O)c1ccc2SC(C)CN(C(C)=O)c2c1	Tumor necrosis factor	19720	PubChem	"5MU8,9OK6,9OJY,9OJS,9OJO,6X86,6X85,6X83,6X82,6X81,5YOY,7JRA,8Z8M,6OOZ,6OOY,5WUX,5M2M,5M2J,5M2I,4TWT,4G3Y,3IT8,3ALQ,3L9J,2AZ5,7ASY,7QLF"
CC(=O)NC(c1cccc(c1)[N+]([O-])=O)c1ccc2cccnc2c1O	Tumor necrosis factor	19764	PubChem	"5MU8,9OK6,9OJY,9OJS,9OJO,6X86,6X85,6X83,6X82,6X81,5YOY,7JRA,8Z8M,6OOZ,6OOY,5WUX,5M2M,5M2J,5M2I,4TWT,4G3Y,3IT8,3ALQ,3L9J,2AZ5,7ASY,7QLF"
CC(=O)Nc1nc2ccccc2n1Cc1ccccc1Cl	Tumor necrosis factor	19900	PubChem	"5MU8,9OK6,9OJY,9OJS,9OJO,6X86,6X85,6X83,6X82,6X81,5YOY,7JRA,8Z8M,6OOZ,6OOY,5WUX,5M2M,5M2J,5M2I,4TWT,4G3Y,3IT8,3ALQ,3L9J,2AZ5,7ASY,7QLF"
COc1ccc(cc1)-c1cc(N)n(n1)S(=O)(=O)c1ccc(F)c(C)c1	Tumor necrosis factor	19900	PubChem	"5MU8,9OK6,9OJY,9OJS,9OJO,6X86,6X85,6X83,6X82,6X81,5YOY,7JRA,8Z8M,6OOZ,6OOY,5WUX,5M2M,5M2J,5M2I,4TWT,4G3Y,3IT8,3ALQ,3L9J,2AZ5,7ASY,7QLF"
COc1cc(ccc1-c1ccc(\C=N\NC(=O)c2ccccc2O)o1)[N+]([O-])=O	Tumor necrosis factor	19905	PubChem	"5MU8,9OK6,9OJY,9OJS,9OJO,6X86,6X85,6X83,6X82,6X81,5YOY,7JRA,8Z8M,6OOZ,6OOY,5WUX,5M2M,5M2J,5M2I,4TWT,4G3Y,3IT8,3ALQ,3L9J,2AZ5,7ASY,7QLF"
COc1cccc(c1)C(=O)Nc1sc2CCCCc2c1C(O)=O	Tumor necrosis factor	20000	PubChem	"5MU8,9OK6,9OJY,9OJS,9OJO,6X86,6X85,6X83,6X82,6X81,5YOY,7JRA,8Z8M,6OOZ,6OOY,5WUX,5M2M,5M2J,5M2I,4TWT,4G3Y,3IT8,3ALQ,3L9J,2AZ5,7ASY,7QLF"
"CCS(=O)(=O)C1=NN2C(S1)=NC(=O)C(=Cc1ccc(OCCOc3cccc(OC)c3)c(OC)c1)C2=N |w:14.15,c:10,t:5|"	Tumor necrosis factor	20000	PubChem	"5MU8,9OK6,9OJY,9OJS,9OJO,6X86,6X85,6X83,6X82,6X81,5YOY,7JRA,8Z8M,6OOZ,6OOY,5WUX,5M2M,5M2J,5M2I,4TWT,4G3Y,3IT8,3ALQ,3L9J,2AZ5,7ASY,7QLF"
CCCCCOc1ccc(\C=C\c2c([N+]([O-])=O)c(=O)n(C)c(=O)n2C)cc1	Tumor necrosis factor	20000	PubChem	"5MU8,9OK6,9OJY,9OJS,9OJO,6X86,6X85,6X83,6X82,6X81,5YOY,7JRA,8Z8M,6OOZ,6OOY,5WUX,5M2M,5M2J,5M2I,4TWT,4G3Y,3IT8,3ALQ,3L9J,2AZ5,7ASY,7QLF"
COc1cccc(C=NNC(=O)c2c(C)nc3ccc(Cl)cn23)c1O |w:8.8|	Tumor necrosis factor	20000	PubChem	"5MU8,9OK6,9OJY,9OJS,9OJO,6X86,6X85,6X83,6X82,6X81,5YOY,7JRA,8Z8M,6OOZ,6OOY,5WUX,5M2M,5M2J,5M2I,4TWT,4G3Y,3IT8,3ALQ,3L9J,2AZ5,7ASY,7QLF"
Cc1[nH]n(-c2ccccc2)c(=O)c1C=NNC(=O)c1cccc(F)c1 |w:14.16|	Tumor necrosis factor	20000	PubChem	"5MU8,9OK6,9OJY,9OJS,9OJO,6X86,6X85,6X83,6X82,6X81,5YOY,7JRA,8Z8M,6OOZ,6OOY,5WUX,5M2M,5M2J,5M2I,4TWT,4G3Y,3IT8,3ALQ,3L9J,2AZ5,7ASY,7QLF"
Oc1ccc(N=Nc2ccccc2C(F)(F)F)c2cccnc12 |w:6.6|	Tumor necrosis factor	20000	PubChem	"5MU8,9OK6,9OJY,9OJS,9OJO,6X86,6X85,6X83,6X82,6X81,5YOY,7JRA,8Z8M,6OOZ,6OOY,5WUX,5M2M,5M2J,5M2I,4TWT,4G3Y,3IT8,3ALQ,3L9J,2AZ5,7ASY,7QLF"
COc1ccc(NC(C)=O)cc1S(=O)(=O)Nc1ccc(OCc2ccccc2)cc1	Tumor necrosis factor	20000	PubChem	"5MU8,9OK6,9OJY,9OJS,9OJO,6X86,6X85,6X83,6X82,6X81,5YOY,7JRA,8Z8M,6OOZ,6OOY,5WUX,5M2M,5M2J,5M2I,4TWT,4G3Y,3IT8,3ALQ,3L9J,2AZ5,7ASY,7QLF"
OC(=O)c1c(NC(=O)\C=C\c2cccs2)sc2CCCCc12	Tumor necrosis factor	20000	PubChem	"5MU8,9OK6,9OJY,9OJS,9OJO,6X86,6X85,6X83,6X82,6X81,5YOY,7JRA,8Z8M,6OOZ,6OOY,5WUX,5M2M,5M2J,5M2I,4TWT,4G3Y,3IT8,3ALQ,3L9J,2AZ5,7ASY,7QLF"
"CCOc1ccccc1-n1c(SCC(=O)Nc2ccccc2C(O)=O)nc2ccccc2c1=O |(4.41,-2.55,;5.75,-1.78,;7.08,-2.55,;7.08,-4.09,;5.75,-4.86,;5.75,-6.4,;7.08,-7.17,;8.41,-6.4,;8.41,-4.86,;9.75,-4.09,;9.75,-2.55,;8.41,-1.78,;8.41,-.24,;7.08,.53,;5.75,-.24,;7.08,2.07,;5.75,2.84,;4.41,2.07,;3.08,2.84,;3.08,4.38,;4.41,5.15,;5.75,4.38,;7.08,5.15,;7.08,6.69,;8.41,4.38,;11.08,-1.78,;12.42,-2.55,;13.79,-1.73,;15.19,-2.52,;15.19,-4.12,;13.79,-4.91,;12.42,-4.09,;11.08,-4.86,;11.08,-6.4,)|"	Tumor necrosis factor	20000	PubChem	"5MU8,9OK6,9OJY,9OJS,9OJO,6X86,6X85,6X83,6X82,6X81,5YOY,7JRA,8Z8M,6OOZ,6OOY,5WUX,5M2M,5M2J,5M2I,4TWT,4G3Y,3IT8,3ALQ,3L9J,2AZ5,7ASY,7QLF"
CC1CCc2c(C1)sc(NC(=O)c1cccs1)c2C(O)=O	Tumor necrosis factor	20000	PubChem	"5MU8,9OK6,9OJY,9OJS,9OJO,6X86,6X85,6X83,6X82,6X81,5YOY,7JRA,8Z8M,6OOZ,6OOY,5WUX,5M2M,5M2J,5M2I,4TWT,4G3Y,3IT8,3ALQ,3L9J,2AZ5,7ASY,7QLF"
On1c(nc2ccc(Br)cc2c1=O)-c1ccc(Cl)cc1	Tumor necrosis factor	20000	PubChem	"5MU8,9OK6,9OJY,9OJS,9OJO,6X86,6X85,6X83,6X82,6X81,5YOY,7JRA,8Z8M,6OOZ,6OOY,5WUX,5M2M,5M2J,5M2I,4TWT,4G3Y,3IT8,3ALQ,3L9J,2AZ5,7ASY,7QLF"
COc1cc(cc(OC)c1OC)C(=O)Nc1sc2CC(C)CCc2c1C(O)=O	Tumor necrosis factor	20000	PubChem	"5MU8,9OK6,9OJY,9OJS,9OJO,6X86,6X85,6X83,6X82,6X81,5YOY,7JRA,8Z8M,6OOZ,6OOY,5WUX,5M2M,5M2J,5M2I,4TWT,4G3Y,3IT8,3ALQ,3L9J,2AZ5,7ASY,7QLF"
[O-][N+](=O)c1ccc(o1)C(=O)Nc1nc2c(F)cc(F)cc2s1	Tumor necrosis factor	20000	PubChem	"5MU8,9OK6,9OJY,9OJS,9OJO,6X86,6X85,6X83,6X82,6X81,5YOY,7JRA,8Z8M,6OOZ,6OOY,5WUX,5M2M,5M2J,5M2I,4TWT,4G3Y,3IT8,3ALQ,3L9J,2AZ5,7ASY,7QLF"
Oc1c(Br)cc(Br)cc1CN=Nc1ccc(Cl)nn1 |w:10.10|	Tumor necrosis factor	20000	PubChem	"5MU8,9OK6,9OJY,9OJS,9OJO,6X86,6X85,6X83,6X82,6X81,5YOY,7JRA,8Z8M,6OOZ,6OOY,5WUX,5M2M,5M2J,5M2I,4TWT,4G3Y,3IT8,3ALQ,3L9J,2AZ5,7ASY,7QLF"
COc1ccc(C)cc1NC(=O)c1sc2ncnc(N3CCN(CC3)c3ccccn3)c2c1C	Tumor necrosis factor	20000	PubChem	"5MU8,9OK6,9OJY,9OJS,9OJO,6X86,6X85,6X83,6X82,6X81,5YOY,7JRA,8Z8M,6OOZ,6OOY,5WUX,5M2M,5M2J,5M2I,4TWT,4G3Y,3IT8,3ALQ,3L9J,2AZ5,7ASY,7QLF"
COc1ccccc1N1CCN(CC1)C(=O)C1CCCN(C1)S(=O)(=O)c1ccc2n(C)c(=O)oc2c1	Tumor necrosis factor	20000	PubChem	"5MU8,9OK6,9OJY,9OJS,9OJO,6X86,6X85,6X83,6X82,6X81,5YOY,7JRA,8Z8M,6OOZ,6OOY,5WUX,5M2M,5M2J,5M2I,4TWT,4G3Y,3IT8,3ALQ,3L9J,2AZ5,7ASY,7QLF"
Cc1cccc(N2CCN(CC2)C(=O)CCCCCn2c(=S)[nH]c3ccc(cc3c2=O)N2CCOCC2)c1C	Tumor necrosis factor	20000	PubChem	"5MU8,9OK6,9OJY,9OJS,9OJO,6X86,6X85,6X83,6X82,6X81,5YOY,7JRA,8Z8M,6OOZ,6OOY,5WUX,5M2M,5M2J,5M2I,4TWT,4G3Y,3IT8,3ALQ,3L9J,2AZ5,7ASY,7QLF"
OC(=O)c1cc(Br)ccc1NC(=O)CSc1nc2ccccc2c(=O)n1Cc1ccccc1	Tumor necrosis factor	20000	PubChem	"5MU8,9OK6,9OJY,9OJS,9OJO,6X86,6X85,6X83,6X82,6X81,5YOY,7JRA,8Z8M,6OOZ,6OOY,5WUX,5M2M,5M2J,5M2I,4TWT,4G3Y,3IT8,3ALQ,3L9J,2AZ5,7ASY,7QLF"
"CCOc1cc(C=C2C(=O)N=C3SC(=NN3C2=N)S(C)(=O)=O)ccc1OCCOc1cccc(OC)c1 |w:6.5,c:13,t:10|"	Tumor necrosis factor	20000	PubChem	"5MU8,9OK6,9OJY,9OJS,9OJO,6X86,6X85,6X83,6X82,6X81,5YOY,7JRA,8Z8M,6OOZ,6OOY,5WUX,5M2M,5M2J,5M2I,4TWT,4G3Y,3IT8,3ALQ,3L9J,2AZ5,7ASY,7QLF"
CN(Cc1ccc(F)cc1)S(=O)(=O)c1nnc(NC(=O)c2ccccc2)s1	Tumor necrosis factor	20000	PubChem	"5MU8,9OK6,9OJY,9OJS,9OJO,6X86,6X85,6X83,6X82,6X81,5YOY,7JRA,8Z8M,6OOZ,6OOY,5WUX,5M2M,5M2J,5M2I,4TWT,4G3Y,3IT8,3ALQ,3L9J,2AZ5,7ASY,7QLF"
Clc1ccc2Oc3ncccc3C(=O)N(CC(=O)NCCCc3ccccc3)c2c1	Tumor necrosis factor	20000	PubChem	"5MU8,9OK6,9OJY,9OJS,9OJO,6X86,6X85,6X83,6X82,6X81,5YOY,7JRA,8Z8M,6OOZ,6OOY,5WUX,5M2M,5M2J,5M2I,4TWT,4G3Y,3IT8,3ALQ,3L9J,2AZ5,7ASY,7QLF"
Cc1nc(Nc2cnc(\C=C\c3cc(ccc3C)C(=O)Nc3cccc(c3)C(F)(F)F)cn2)cc(n1)N1CCNCC1	Tumor necrosis factor	20000	PubChem	"5MU8,9OK6,9OJY,9OJS,9OJO,6X86,6X85,6X83,6X82,6X81,5YOY,7JRA,8Z8M,6OOZ,6OOY,5WUX,5M2M,5M2J,5M2I,4TWT,4G3Y,3IT8,3ALQ,3L9J,2AZ5,7ASY,7QLF"
CCN1CCN(Cc2ccc(NC(=O)c3ccc(C)c(\C=C\c4cnc(Nc5cc(nc(C)n5)N5CCNCC5)cn4)c3)cc2C(F)(F)F)CC1	Tumor necrosis factor	20000	PubChem	"5MU8,9OK6,9OJY,9OJS,9OJO,6X86,6X85,6X83,6X82,6X81,5YOY,7JRA,8Z8M,6OOZ,6OOY,5WUX,5M2M,5M2J,5M2I,4TWT,4G3Y,3IT8,3ALQ,3L9J,2AZ5,7ASY,7QLF"
CCOC(=O)c1sc(nc1C)N1C(C(C(=O)c2ccco2)C(=O)C1=O)c1cccc(c1)[N+]([O-])=O	Tumor necrosis factor	20000	PubChem	"5MU8,9OK6,9OJY,9OJS,9OJO,6X86,6X85,6X83,6X82,6X81,5YOY,7JRA,8Z8M,6OOZ,6OOY,5WUX,5M2M,5M2J,5M2I,4TWT,4G3Y,3IT8,3ALQ,3L9J,2AZ5,7ASY,7QLF"
Cc1cc(ccc1NC(=O)COc1ccccc1Cl)C(=O)Nc1ccccc1C(O)=O	Tumor necrosis factor	20000	PubChem	"5MU8,9OK6,9OJY,9OJS,9OJO,6X86,6X85,6X83,6X82,6X81,5YOY,7JRA,8Z8M,6OOZ,6OOY,5WUX,5M2M,5M2J,5M2I,4TWT,4G3Y,3IT8,3ALQ,3L9J,2AZ5,7ASY,7QLF"
COc1ccc(NS(=O)(=O)c2ccc3oc(SC(C)C(N)=O)nc3c2)cc1	Tumor necrosis factor	20000	PubChem	"5MU8,9OK6,9OJY,9OJS,9OJO,6X86,6X85,6X83,6X82,6X81,5YOY,7JRA,8Z8M,6OOZ,6OOY,5WUX,5M2M,5M2J,5M2I,4TWT,4G3Y,3IT8,3ALQ,3L9J,2AZ5,7ASY,7QLF"
COc1ccc(cc1)-c1cc(=O)oc2cc(OCC(=O)Nc3ccc(CCO)cc3)ccc12	Tumor necrosis factor	20000	PubChem	"5MU8,9OK6,9OJY,9OJS,9OJO,6X86,6X85,6X83,6X82,6X81,5YOY,7JRA,8Z8M,6OOZ,6OOY,5WUX,5M2M,5M2J,5M2I,4TWT,4G3Y,3IT8,3ALQ,3L9J,2AZ5,7ASY,7QLF"
COCCN(Cc1ccccc1)C(=O)c1cc(nc2ccccc12)-c1ccc(OC)c(OC)c1	Tumor necrosis factor	20000	PubChem	"5MU8,9OK6,9OJY,9OJS,9OJO,6X86,6X85,6X83,6X82,6X81,5YOY,7JRA,8Z8M,6OOZ,6OOY,5WUX,5M2M,5M2J,5M2I,4TWT,4G3Y,3IT8,3ALQ,3L9J,2AZ5,7ASY,7QLF"
Clc1ccc(cc1)C(=O)NN=Cc1ccccn1	Tumor necrosis factor	20000	PubChem	"5MU8,9OK6,9OJY,9OJS,9OJO,6X86,6X85,6X83,6X82,6X81,5YOY,7JRA,8Z8M,6OOZ,6OOY,5WUX,5M2M,5M2J,5M2I,4TWT,4G3Y,3IT8,3ALQ,3L9J,2AZ5,7ASY,7QLF"
O=C(C1C(N(C(=O)C1=O)c1nccs1)c1ccccc1)c1ccc2OCCOc2c1	Tumor necrosis factor	20000	PubChem	"5MU8,9OK6,9OJY,9OJS,9OJO,6X86,6X85,6X83,6X82,6X81,5YOY,7JRA,8Z8M,6OOZ,6OOY,5WUX,5M2M,5M2J,5M2I,4TWT,4G3Y,3IT8,3ALQ,3L9J,2AZ5,7ASY,7QLF"
Cc1ccc2N(CCCc2c1)S(=O)(=O)c1cccc(c1)C(=O)Nc1ccccc1C(O)=O	Tumor necrosis factor	20000	PubChem	"5MU8,9OK6,9OJY,9OJS,9OJO,6X86,6X85,6X83,6X82,6X81,5YOY,7JRA,8Z8M,6OOZ,6OOY,5WUX,5M2M,5M2J,5M2I,4TWT,4G3Y,3IT8,3ALQ,3L9J,2AZ5,7ASY,7QLF"
COc1ccc(cc1Br)C(=O)NC(=S)N(C)C1CCCCC1	Tumor necrosis factor	20000	PubChem	"5MU8,9OK6,9OJY,9OJS,9OJO,6X86,6X85,6X83,6X82,6X81,5YOY,7JRA,8Z8M,6OOZ,6OOY,5WUX,5M2M,5M2J,5M2I,4TWT,4G3Y,3IT8,3ALQ,3L9J,2AZ5,7ASY,7QLF"
NC(=O)c1c(NC(=O)C(=O)N2CCOCC2)sc2CCCCc12	Tumor necrosis factor	20000	PubChem	"5MU8,9OK6,9OJY,9OJS,9OJO,6X86,6X85,6X83,6X82,6X81,5YOY,7JRA,8Z8M,6OOZ,6OOY,5WUX,5M2M,5M2J,5M2I,4TWT,4G3Y,3IT8,3ALQ,3L9J,2AZ5,7ASY,7QLF"
Cc1nc2cc(NC(=O)c3ccc(s3)[N+]([O-])=O)ccc2s1	Tumor necrosis factor	20000	PubChem	"5MU8,9OK6,9OJY,9OJS,9OJO,6X86,6X85,6X83,6X82,6X81,5YOY,7JRA,8Z8M,6OOZ,6OOY,5WUX,5M2M,5M2J,5M2I,4TWT,4G3Y,3IT8,3ALQ,3L9J,2AZ5,7ASY,7QLF"
COc1ccc(C)cc1NC(=O)CSc1ccc(nn1)-c1ccco1	Tumor necrosis factor	20000	PubChem	"5MU8,9OK6,9OJY,9OJS,9OJO,6X86,6X85,6X83,6X82,6X81,5YOY,7JRA,8Z8M,6OOZ,6OOY,5WUX,5M2M,5M2J,5M2I,4TWT,4G3Y,3IT8,3ALQ,3L9J,2AZ5,7ASY,7QLF"
COc1ccc(cc1)-c1cc(=O)oc2cc(OCC(=O)Nc3ccc(CCO)cc3)ccc12	Tumor necrosis factor	20000	PubChem	"5MU8,9OK6,9OJY,9OJS,9OJO,6X86,6X85,6X83,6X82,6X81,5YOY,7JRA,8Z8M,6OOZ,6OOY,5WUX,5M2M,5M2J,5M2I,4TWT,4G3Y,3IT8,3ALQ,3L9J,2AZ5,7ASY,7QLF"
Cc1cccc(Nc2nc(N)nc(CCl)n2)c1	Tumor necrosis factor	20000	PubChem	"5MU8,9OK6,9OJY,9OJS,9OJO,6X86,6X85,6X83,6X82,6X81,5YOY,7JRA,8Z8M,6OOZ,6OOY,5WUX,5M2M,5M2J,5M2I,4TWT,4G3Y,3IT8,3ALQ,3L9J,2AZ5,7ASY,7QLF"
Nc1cc(NC(=O)c2ccc3ccccc3c2O)ccc1Cl	Tumor necrosis factor	20000	PubChem	"5MU8,9OK6,9OJY,9OJS,9OJO,6X86,6X85,6X83,6X82,6X81,5YOY,7JRA,8Z8M,6OOZ,6OOY,5WUX,5M2M,5M2J,5M2I,4TWT,4G3Y,3IT8,3ALQ,3L9J,2AZ5,7ASY,7QLF"
OC(=O)c1c(NC(=O)c2ccccc2Cl)sc2CCCCc12	Tumor necrosis factor	20000	PubChem	"5MU8,9OK6,9OJY,9OJS,9OJO,6X86,6X85,6X83,6X82,6X81,5YOY,7JRA,8Z8M,6OOZ,6OOY,5WUX,5M2M,5M2J,5M2I,4TWT,4G3Y,3IT8,3ALQ,3L9J,2AZ5,7ASY,7QLF"
CCc1cc(no1)C(=O)NC1CCCc2c1cnn2-c1ccc(F)cc1F	Tumor necrosis factor	20000	PubChem	"5MU8,9OK6,9OJY,9OJS,9OJO,6X86,6X85,6X83,6X82,6X81,5YOY,7JRA,8Z8M,6OOZ,6OOY,5WUX,5M2M,5M2J,5M2I,4TWT,4G3Y,3IT8,3ALQ,3L9J,2AZ5,7ASY,7QLF"
CN(Cc1csc(C)n1)C(=O)c1cc(COc2ccc3ncccc3c2)on1	Tumor necrosis factor	20000	PubChem	"5MU8,9OK6,9OJY,9OJS,9OJO,6X86,6X85,6X83,6X82,6X81,5YOY,7JRA,8Z8M,6OOZ,6OOY,5WUX,5M2M,5M2J,5M2I,4TWT,4G3Y,3IT8,3ALQ,3L9J,2AZ5,7ASY,7QLF"
Cc1oc(nc1CN1CCN(CC1)c1ncnc2ccccc12)-c1cccc2ccccc12	Tumor necrosis factor	20000	PubChem	"5MU8,9OK6,9OJY,9OJS,9OJO,6X86,6X85,6X83,6X82,6X81,5YOY,7JRA,8Z8M,6OOZ,6OOY,5WUX,5M2M,5M2J,5M2I,4TWT,4G3Y,3IT8,3ALQ,3L9J,2AZ5,7ASY,7QLF"
COc1ccc(CNS(=O)(=O)c2ccc3N(C(C)Cc3c2)C(=O)C2CC2)cc1	Tumor necrosis factor	20000	PubChem	"5MU8,9OK6,9OJY,9OJS,9OJO,6X86,6X85,6X83,6X82,6X81,5YOY,7JRA,8Z8M,6OOZ,6OOY,5WUX,5M2M,5M2J,5M2I,4TWT,4G3Y,3IT8,3ALQ,3L9J,2AZ5,7ASY,7QLF"
CCC(=O)N1CCc2cc(ccc12)S(=O)(=O)N1CCN(CC1)c1ccc(Cl)cc1	Tumor necrosis factor	20000	PubChem	"5MU8,9OK6,9OJY,9OJS,9OJO,6X86,6X85,6X83,6X82,6X81,5YOY,7JRA,8Z8M,6OOZ,6OOY,5WUX,5M2M,5M2J,5M2I,4TWT,4G3Y,3IT8,3ALQ,3L9J,2AZ5,7ASY,7QLF"
Brc1ccc(cc1)C(=O)Nc1nnc(s1)S(=O)(=O)N1CCCCCC1	Tumor necrosis factor	20000	PubChem	"5MU8,9OK6,9OJY,9OJS,9OJO,6X86,6X85,6X83,6X82,6X81,5YOY,7JRA,8Z8M,6OOZ,6OOY,5WUX,5M2M,5M2J,5M2I,4TWT,4G3Y,3IT8,3ALQ,3L9J,2AZ5,7ASY,7QLF"
COc1ccc(cc1)N1CCN(CC1)C(=O)c1ccc(CNS(=O)(=O)c2ccc(C)cc2)cc1	Tumor necrosis factor	20000	PubChem	"5MU8,9OK6,9OJY,9OJS,9OJO,6X86,6X85,6X83,6X82,6X81,5YOY,7JRA,8Z8M,6OOZ,6OOY,5WUX,5M2M,5M2J,5M2I,4TWT,4G3Y,3IT8,3ALQ,3L9J,2AZ5,7ASY,7QLF"
CC(=O)Nc1ccc(NC(=O)c2ccc(CN3CCc4ccccc4C3)cc2)cc1	Tumor necrosis factor	20000	PubChem	"5MU8,9OK6,9OJY,9OJS,9OJO,6X86,6X85,6X83,6X82,6X81,5YOY,7JRA,8Z8M,6OOZ,6OOY,5WUX,5M2M,5M2J,5M2I,4TWT,4G3Y,3IT8,3ALQ,3L9J,2AZ5,7ASY,7QLF"
Cc1ccc(cc1)S(=O)(=O)n1c(N)nc2ccccc12	Tumor necrosis factor	20000	PubChem	"5MU8,9OK6,9OJY,9OJS,9OJO,6X86,6X85,6X83,6X82,6X81,5YOY,7JRA,8Z8M,6OOZ,6OOY,5WUX,5M2M,5M2J,5M2I,4TWT,4G3Y,3IT8,3ALQ,3L9J,2AZ5,7ASY,7QLF"
NC(=O)c1ccc(N2CCN(CC2)S(=O)(=O)c2ccccc2)c(c1)[N+]([O-])=O	Tumor necrosis factor	20000	PubChem	"5MU8,9OK6,9OJY,9OJS,9OJO,6X86,6X85,6X83,6X82,6X81,5YOY,7JRA,8Z8M,6OOZ,6OOY,5WUX,5M2M,5M2J,5M2I,4TWT,4G3Y,3IT8,3ALQ,3L9J,2AZ5,7ASY,7QLF"
OC(=O)c1c(NC(=O)\C=C\c2cccs2)sc2CCCCc12	Tumor necrosis factor	20000	PubChem	"5MU8,9OK6,9OJY,9OJS,9OJO,6X86,6X85,6X83,6X82,6X81,5YOY,7JRA,8Z8M,6OOZ,6OOY,5WUX,5M2M,5M2J,5M2I,4TWT,4G3Y,3IT8,3ALQ,3L9J,2AZ5,7ASY,7QLF"
Fc1ccc(NC(=O)c2ccc(CN3CCCCC3)cc2)cc1	Tumor necrosis factor	20000	PubChem	"5MU8,9OK6,9OJY,9OJS,9OJO,6X86,6X85,6X83,6X82,6X81,5YOY,7JRA,8Z8M,6OOZ,6OOY,5WUX,5M2M,5M2J,5M2I,4TWT,4G3Y,3IT8,3ALQ,3L9J,2AZ5,7ASY,7QLF"
CCOc1ccc(NC(=O)c2ccc(CN3CCCCC3)cc2)cc1	Tumor necrosis factor	20000	PubChem	"5MU8,9OK6,9OJY,9OJS,9OJO,6X86,6X85,6X83,6X82,6X81,5YOY,7JRA,8Z8M,6OOZ,6OOY,5WUX,5M2M,5M2J,5M2I,4TWT,4G3Y,3IT8,3ALQ,3L9J,2AZ5,7ASY,7QLF"
CCOc1ccc(NC(=O)c2ccc(CN3CCc4ccccc34)cc2)cc1	Tumor necrosis factor	20000	PubChem	"5MU8,9OK6,9OJY,9OJS,9OJO,6X86,6X85,6X83,6X82,6X81,5YOY,7JRA,8Z8M,6OOZ,6OOY,5WUX,5M2M,5M2J,5M2I,4TWT,4G3Y,3IT8,3ALQ,3L9J,2AZ5,7ASY,7QLF"
Fc1ccc(NC(=O)c2ccc(CN3CCc4ccccc34)cc2)cc1	Tumor necrosis factor	20000	PubChem	"5MU8,9OK6,9OJY,9OJS,9OJO,6X86,6X85,6X83,6X82,6X81,5YOY,7JRA,8Z8M,6OOZ,6OOY,5WUX,5M2M,5M2J,5M2I,4TWT,4G3Y,3IT8,3ALQ,3L9J,2AZ5,7ASY,7QLF"
CC1Cc2cc(ccc2N1C(=O)C1CC1)S(=O)(=O)N1CCN(CC1)c1ccc(C)cc1	Tumor necrosis factor	20000	PubChem	"5MU8,9OK6,9OJY,9OJS,9OJO,6X86,6X85,6X83,6X82,6X81,5YOY,7JRA,8Z8M,6OOZ,6OOY,5WUX,5M2M,5M2J,5M2I,4TWT,4G3Y,3IT8,3ALQ,3L9J,2AZ5,7ASY,7QLF"
COc1ccc(NC(=O)c2ccc(CN3CCCCC3)cc2)cc1	Tumor necrosis factor	20000	PubChem	"5MU8,9OK6,9OJY,9OJS,9OJO,6X86,6X85,6X83,6X82,6X81,5YOY,7JRA,8Z8M,6OOZ,6OOY,5WUX,5M2M,5M2J,5M2I,4TWT,4G3Y,3IT8,3ALQ,3L9J,2AZ5,7ASY,7QLF"
COc1ccc(NC(=O)c2ccc(CN3CCc4ccccc34)cc2)cc1	Tumor necrosis factor	20000	PubChem	"5MU8,9OK6,9OJY,9OJS,9OJO,6X86,6X85,6X83,6X82,6X81,5YOY,7JRA,8Z8M,6OOZ,6OOY,5WUX,5M2M,5M2J,5M2I,4TWT,4G3Y,3IT8,3ALQ,3L9J,2AZ5,7ASY,7QLF"
CSc1ccc(NC(=O)c2ccc(CN3CCc4ccccc34)cc2)cc1	Tumor necrosis factor	20000	PubChem	"5MU8,9OK6,9OJY,9OJS,9OJO,6X86,6X85,6X83,6X82,6X81,5YOY,7JRA,8Z8M,6OOZ,6OOY,5WUX,5M2M,5M2J,5M2I,4TWT,4G3Y,3IT8,3ALQ,3L9J,2AZ5,7ASY,7QLF"
CCCCCn1c2ccccc2c(O)c(C(=O)Nc2cnccn2)c1=O	Tumor necrosis factor	20000	PubChem	"5MU8,9OK6,9OJY,9OJS,9OJO,6X86,6X85,6X83,6X82,6X81,5YOY,7JRA,8Z8M,6OOZ,6OOY,5WUX,5M2M,5M2J,5M2I,4TWT,4G3Y,3IT8,3ALQ,3L9J,2AZ5,7ASY,7QLF"
COc1ccc(cc1OC)C(=O)Nc1sc2COC(C)(C)Cc2c1C(O)=O	Tumor necrosis factor	20000	PubChem	"5MU8,9OK6,9OJY,9OJS,9OJO,6X86,6X85,6X83,6X82,6X81,5YOY,7JRA,8Z8M,6OOZ,6OOY,5WUX,5M2M,5M2J,5M2I,4TWT,4G3Y,3IT8,3ALQ,3L9J,2AZ5,7ASY,7QLF"
O=C(CSc1nc2scc(-c3ccccc3)c2c(=O)[nH]1)NC1CCCCC1	Tumor necrosis factor	20000	PubChem	"5MU8,9OK6,9OJY,9OJS,9OJO,6X86,6X85,6X83,6X82,6X81,5YOY,7JRA,8Z8M,6OOZ,6OOY,5WUX,5M2M,5M2J,5M2I,4TWT,4G3Y,3IT8,3ALQ,3L9J,2AZ5,7ASY,7QLF"
CC(C)(C)c1ccc(cc1)C(=O)O[N-]C(=[NH2+])c1cccc(c1)[N+]([O-])=O	Tumor necrosis factor	20000	PubChem	"5MU8,9OK6,9OJY,9OJS,9OJO,6X86,6X85,6X83,6X82,6X81,5YOY,7JRA,8Z8M,6OOZ,6OOY,5WUX,5M2M,5M2J,5M2I,4TWT,4G3Y,3IT8,3ALQ,3L9J,2AZ5,7ASY,7QLF"
COc1cccc(c1)C(=O)Nc1sc2CCCCc2c1C(O)=O	Tumor necrosis factor	20000	PubChem	"5MU8,9OK6,9OJY,9OJS,9OJO,6X86,6X85,6X83,6X82,6X81,5YOY,7JRA,8Z8M,6OOZ,6OOY,5WUX,5M2M,5M2J,5M2I,4TWT,4G3Y,3IT8,3ALQ,3L9J,2AZ5,7ASY,7QLF"
O=C(CSc1nc2scc(-c3ccccc3)c2c(=O)[nH]1)Nc1cccc(c1)C#N	Tumor necrosis factor	20000	PubChem	"5MU8,9OK6,9OJY,9OJS,9OJO,6X86,6X85,6X83,6X82,6X81,5YOY,7JRA,8Z8M,6OOZ,6OOY,5WUX,5M2M,5M2J,5M2I,4TWT,4G3Y,3IT8,3ALQ,3L9J,2AZ5,7ASY,7QLF"
Cc1ccc(cc1)-c1nc2ccccc2s1	Tumor necrosis factor	20000	PubChem	"5MU8,9OK6,9OJY,9OJS,9OJO,6X86,6X85,6X83,6X82,6X81,5YOY,7JRA,8Z8M,6OOZ,6OOY,5WUX,5M2M,5M2J,5M2I,4TWT,4G3Y,3IT8,3ALQ,3L9J,2AZ5,7ASY,7QLF"
COC(=O)Cc1[nH]n(-c2ccccc2)c(=O)c1C=Nc1ccc(C)cc1 |w:18.20|	Tumor necrosis factor	20000	PubChem	"5MU8,9OK6,9OJY,9OJS,9OJO,6X86,6X85,6X83,6X82,6X81,5YOY,7JRA,8Z8M,6OOZ,6OOY,5WUX,5M2M,5M2J,5M2I,4TWT,4G3Y,3IT8,3ALQ,3L9J,2AZ5,7ASY,7QLF"
CN(C)c1ccc(NC(=O)c2ccc(CN3CCCCC3)cc2)cc1	Tumor necrosis factor	20000	PubChem	"5MU8,9OK6,9OJY,9OJS,9OJO,6X86,6X85,6X83,6X82,6X81,5YOY,7JRA,8Z8M,6OOZ,6OOY,5WUX,5M2M,5M2J,5M2I,4TWT,4G3Y,3IT8,3ALQ,3L9J,2AZ5,7ASY,7QLF"
CCOc1ccc(NC(=O)c2ccc(CCN3CCc4ccccc4C3)cc2)cc1	Tumor necrosis factor	20000	PubChem	"5MU8,9OK6,9OJY,9OJS,9OJO,6X86,6X85,6X83,6X82,6X81,5YOY,7JRA,8Z8M,6OOZ,6OOY,5WUX,5M2M,5M2J,5M2I,4TWT,4G3Y,3IT8,3ALQ,3L9J,2AZ5,7ASY,7QLF"
OS(=O)(=O)c1ccc(NC(=O)c2ccc(CN3CCc4ccccc4C3)cc2)cc1	Tumor necrosis factor	20000	PubChem	"5MU8,9OK6,9OJY,9OJS,9OJO,6X86,6X85,6X83,6X82,6X81,5YOY,7JRA,8Z8M,6OOZ,6OOY,5WUX,5M2M,5M2J,5M2I,4TWT,4G3Y,3IT8,3ALQ,3L9J,2AZ5,7ASY,7QLF"
CCOc1ccc(cc1)C(=O)Nc1ccc(CN2CCc3ccccc3C2)cc1	Tumor necrosis factor	20000	PubChem	"5MU8,9OK6,9OJY,9OJS,9OJO,6X86,6X85,6X83,6X82,6X81,5YOY,7JRA,8Z8M,6OOZ,6OOY,5WUX,5M2M,5M2J,5M2I,4TWT,4G3Y,3IT8,3ALQ,3L9J,2AZ5,7ASY,7QLF"
CCC(=O)N1CCc2cc(ccc12)S(=O)(=O)N1CCN(CC1)c1ccc(Cl)cc1	Tumor necrosis factor	20000	PubChem	"5MU8,9OK6,9OJY,9OJS,9OJO,6X86,6X85,6X83,6X82,6X81,5YOY,7JRA,8Z8M,6OOZ,6OOY,5WUX,5M2M,5M2J,5M2I,4TWT,4G3Y,3IT8,3ALQ,3L9J,2AZ5,7ASY,7QLF"
CCC(=O)N1CCc2cc(ccc12)S(=O)(=O)N1CCN(CC1)c1ccc(cc1)C#N	Tumor necrosis factor	20000	PubChem	"5MU8,9OK6,9OJY,9OJS,9OJO,6X86,6X85,6X83,6X82,6X81,5YOY,7JRA,8Z8M,6OOZ,6OOY,5WUX,5M2M,5M2J,5M2I,4TWT,4G3Y,3IT8,3ALQ,3L9J,2AZ5,7ASY,7QLF"
OC(=O)c1c(NC(=O)N2CCOCC2)sc2CCCCc12	Tumor necrosis factor	20000	PubChem	"5MU8,9OK6,9OJY,9OJS,9OJO,6X86,6X85,6X83,6X82,6X81,5YOY,7JRA,8Z8M,6OOZ,6OOY,5WUX,5M2M,5M2J,5M2I,4TWT,4G3Y,3IT8,3ALQ,3L9J,2AZ5,7ASY,7QLF"
COC(=O)c1c(NC(=O)c2ccc(Cl)cc2)sc2CCCCc12	Tumor necrosis factor	20000	PubChem	"5MU8,9OK6,9OJY,9OJS,9OJO,6X86,6X85,6X83,6X82,6X81,5YOY,7JRA,8Z8M,6OOZ,6OOY,5WUX,5M2M,5M2J,5M2I,4TWT,4G3Y,3IT8,3ALQ,3L9J,2AZ5,7ASY,7QLF"
Cc1ccc(cc1)S(=O)(=O)n1cnc2ccccc12	Tumor necrosis factor	20000	PubChem	"5MU8,9OK6,9OJY,9OJS,9OJO,6X86,6X85,6X83,6X82,6X81,5YOY,7JRA,8Z8M,6OOZ,6OOY,5WUX,5M2M,5M2J,5M2I,4TWT,4G3Y,3IT8,3ALQ,3L9J,2AZ5,7ASY,7QLF"
Nc1nc2ccccc2n1S(=O)(=O)c1ccc(Cl)cc1	Tumor necrosis factor	20000	PubChem	"5MU8,9OK6,9OJY,9OJS,9OJO,6X86,6X85,6X83,6X82,6X81,5YOY,7JRA,8Z8M,6OOZ,6OOY,5WUX,5M2M,5M2J,5M2I,4TWT,4G3Y,3IT8,3ALQ,3L9J,2AZ5,7ASY,7QLF"
COc1ccc2oc(CS(=O)c3ccccc3)c(C(O)=O)c2c1	Tumor necrosis factor	20000	PubChem	"5MU8,9OK6,9OJY,9OJS,9OJO,6X86,6X85,6X83,6X82,6X81,5YOY,7JRA,8Z8M,6OOZ,6OOY,5WUX,5M2M,5M2J,5M2I,4TWT,4G3Y,3IT8,3ALQ,3L9J,2AZ5,7ASY,7QLF"
Cc1ccc(cc1)S(=O)(=O)n1c2ccc(C)cc2[nH]c1=S	Tumor necrosis factor	20000	PubChem	"5MU8,9OK6,9OJY,9OJS,9OJO,6X86,6X85,6X83,6X82,6X81,5YOY,7JRA,8Z8M,6OOZ,6OOY,5WUX,5M2M,5M2J,5M2I,4TWT,4G3Y,3IT8,3ALQ,3L9J,2AZ5,7ASY,7QLF"
Cc1ccc(cc1)S(=O)(=O)n1c(N)nc2ccccc12	Tumor necrosis factor	20000	PubChem	"5MU8,9OK6,9OJY,9OJS,9OJO,6X86,6X85,6X83,6X82,6X81,5YOY,7JRA,8Z8M,6OOZ,6OOY,5WUX,5M2M,5M2J,5M2I,4TWT,4G3Y,3IT8,3ALQ,3L9J,2AZ5,7ASY,7QLF"
Nc1nc2ccccc2n1S(=O)(=O)c1ccccc1	Tumor necrosis factor	20000	PubChem	"5MU8,9OK6,9OJY,9OJS,9OJO,6X86,6X85,6X83,6X82,6X81,5YOY,7JRA,8Z8M,6OOZ,6OOY,5WUX,5M2M,5M2J,5M2I,4TWT,4G3Y,3IT8,3ALQ,3L9J,2AZ5,7ASY,7QLF"
COc1ccc(cc1)S(=O)(=O)n1c(N)nc2ccccc12	Tumor necrosis factor	20000	PubChem	"5MU8,9OK6,9OJY,9OJS,9OJO,6X86,6X85,6X83,6X82,6X81,5YOY,7JRA,8Z8M,6OOZ,6OOY,5WUX,5M2M,5M2J,5M2I,4TWT,4G3Y,3IT8,3ALQ,3L9J,2AZ5,7ASY,7QLF"
Nc1nc2ccccc2n1S(=O)(=O)c1ccc(cc1)[N+]([O-])=O	Tumor necrosis factor	20000	PubChem	"5MU8,9OK6,9OJY,9OJS,9OJO,6X86,6X85,6X83,6X82,6X81,5YOY,7JRA,8Z8M,6OOZ,6OOY,5WUX,5M2M,5M2J,5M2I,4TWT,4G3Y,3IT8,3ALQ,3L9J,2AZ5,7ASY,7QLF"
Cc1ccc(cc1)S(=O)(=O)n1c(N)nc2cc(C)c(C)cc12	Tumor necrosis factor	20000	PubChem	"5MU8,9OK6,9OJY,9OJS,9OJO,6X86,6X85,6X83,6X82,6X81,5YOY,7JRA,8Z8M,6OOZ,6OOY,5WUX,5M2M,5M2J,5M2I,4TWT,4G3Y,3IT8,3ALQ,3L9J,2AZ5,7ASY,7QLF"
Clc1ccc(cc1)N1CCN(CC1)S(=O)(=O)c1ccc2N(CCc2c1)C(=O)C1CC1	Tumor necrosis factor	20000	PubChem	"5MU8,9OK6,9OJY,9OJS,9OJO,6X86,6X85,6X83,6X82,6X81,5YOY,7JRA,8Z8M,6OOZ,6OOY,5WUX,5M2M,5M2J,5M2I,4TWT,4G3Y,3IT8,3ALQ,3L9J,2AZ5,7ASY,7QLF"
Nc1nc2ccccc2n1S(=O)(=O)c1ccc(Cl)cc1	Tumor necrosis factor	20000	PubChem	"5MU8,9OK6,9OJY,9OJS,9OJO,6X86,6X85,6X83,6X82,6X81,5YOY,7JRA,8Z8M,6OOZ,6OOY,5WUX,5M2M,5M2J,5M2I,4TWT,4G3Y,3IT8,3ALQ,3L9J,2AZ5,7ASY,7QLF"
Cc1cc([nH]n1)C(=O)NC1CCCc2c1cnn2-c1ccccc1F	Tumor necrosis factor	20000	PubChem	"5MU8,9OK6,9OJY,9OJS,9OJO,6X86,6X85,6X83,6X82,6X81,5YOY,7JRA,8Z8M,6OOZ,6OOY,5WUX,5M2M,5M2J,5M2I,4TWT,4G3Y,3IT8,3ALQ,3L9J,2AZ5,7ASY,7QLF"
Cc1cc(C(=O)NC2CCCc3c2cnn3-c2ccccc2F)n(C)n1	Tumor necrosis factor	20000	PubChem	"5MU8,9OK6,9OJY,9OJS,9OJO,6X86,6X85,6X83,6X82,6X81,5YOY,7JRA,8Z8M,6OOZ,6OOY,5WUX,5M2M,5M2J,5M2I,4TWT,4G3Y,3IT8,3ALQ,3L9J,2AZ5,7ASY,7QLF"
Cc1nc2ccccc2n1S(=O)(=O)c1ccc(C)cc1	Tumor necrosis factor	20000	PubChem	"5MU8,9OK6,9OJY,9OJS,9OJO,6X86,6X85,6X83,6X82,6X81,5YOY,7JRA,8Z8M,6OOZ,6OOY,5WUX,5M2M,5M2J,5M2I,4TWT,4G3Y,3IT8,3ALQ,3L9J,2AZ5,7ASY,7QLF"
Nc1nc2ccccc2n1C(=O)Cc1ccccc1	Tumor necrosis factor	20000	PubChem	"5MU8,9OK6,9OJY,9OJS,9OJO,6X86,6X85,6X83,6X82,6X81,5YOY,7JRA,8Z8M,6OOZ,6OOY,5WUX,5M2M,5M2J,5M2I,4TWT,4G3Y,3IT8,3ALQ,3L9J,2AZ5,7ASY,7QLF"
Nc1nc2ccccc2n1C(=O)c1ccc(F)cc1	Tumor necrosis factor	20000	PubChem	"5MU8,9OK6,9OJY,9OJS,9OJO,6X86,6X85,6X83,6X82,6X81,5YOY,7JRA,8Z8M,6OOZ,6OOY,5WUX,5M2M,5M2J,5M2I,4TWT,4G3Y,3IT8,3ALQ,3L9J,2AZ5,7ASY,7QLF"
CCc1cc(no1)C(=O)NC1CCCc2c1cnn2-c1ccccc1F	Tumor necrosis factor	20000	PubChem	"5MU8,9OK6,9OJY,9OJS,9OJO,6X86,6X85,6X83,6X82,6X81,5YOY,7JRA,8Z8M,6OOZ,6OOY,5WUX,5M2M,5M2J,5M2I,4TWT,4G3Y,3IT8,3ALQ,3L9J,2AZ5,7ASY,7QLF"
Clc1ccc(cc1)N1CCN(CC1)S(=O)(=O)c1ccc2N(CCc2c1)C(=O)C1CC1	Tumor necrosis factor	20000	PubChem	"5MU8,9OK6,9OJY,9OJS,9OJO,6X86,6X85,6X83,6X82,6X81,5YOY,7JRA,8Z8M,6OOZ,6OOY,5WUX,5M2M,5M2J,5M2I,4TWT,4G3Y,3IT8,3ALQ,3L9J,2AZ5,7ASY,7QLF"
CCC(=O)N1CCc2cc(ccc12)S(=O)(=O)N1CCN(CC1)c1ccc(cc1)C#N	Tumor necrosis factor	20000	PubChem	"5MU8,9OK6,9OJY,9OJS,9OJO,6X86,6X85,6X83,6X82,6X81,5YOY,7JRA,8Z8M,6OOZ,6OOY,5WUX,5M2M,5M2J,5M2I,4TWT,4G3Y,3IT8,3ALQ,3L9J,2AZ5,7ASY,7QLF"
CCC(=O)N1CCc2cc(ccc12)S(=O)(=O)N1CCN(CC1)c1ccc(cc1)C(C)=O	Tumor necrosis factor	20000	PubChem	"5MU8,9OK6,9OJY,9OJS,9OJO,6X86,6X85,6X83,6X82,6X81,5YOY,7JRA,8Z8M,6OOZ,6OOY,5WUX,5M2M,5M2J,5M2I,4TWT,4G3Y,3IT8,3ALQ,3L9J,2AZ5,7ASY,7QLF"
CCC(=O)N1CCc2cc(ccc12)S(=O)(=O)N1CCN(CC1)c1ccc(cc1)[N+]([O-])=O	Tumor necrosis factor	20000	PubChem	"5MU8,9OK6,9OJY,9OJS,9OJO,6X86,6X85,6X83,6X82,6X81,5YOY,7JRA,8Z8M,6OOZ,6OOY,5WUX,5M2M,5M2J,5M2I,4TWT,4G3Y,3IT8,3ALQ,3L9J,2AZ5,7ASY,7QLF"
CCC(=O)N1CCc2cc(ccc12)S(=O)(=O)N1CCN(CC1)c1ccc(Cl)cc1	Tumor necrosis factor	20000	PubChem	"5MU8,9OK6,9OJY,9OJS,9OJO,6X86,6X85,6X83,6X82,6X81,5YOY,7JRA,8Z8M,6OOZ,6OOY,5WUX,5M2M,5M2J,5M2I,4TWT,4G3Y,3IT8,3ALQ,3L9J,2AZ5,7ASY,7QLF"
CC(=O)N1CCc2cc(ccc12)S(=O)(=O)N1CCN(CC1)c1ccc(cc1)[N+]([O-])=O	Tumor necrosis factor	20000	PubChem	"5MU8,9OK6,9OJY,9OJS,9OJO,6X86,6X85,6X83,6X82,6X81,5YOY,7JRA,8Z8M,6OOZ,6OOY,5WUX,5M2M,5M2J,5M2I,4TWT,4G3Y,3IT8,3ALQ,3L9J,2AZ5,7ASY,7QLF"
CCOc1ccc(cc1)C(=O)NC1CCCc2c1cnn2-c1ccccc1F	Tumor necrosis factor	20000	PubChem	"5MU8,9OK6,9OJY,9OJS,9OJO,6X86,6X85,6X83,6X82,6X81,5YOY,7JRA,8Z8M,6OOZ,6OOY,5WUX,5M2M,5M2J,5M2I,4TWT,4G3Y,3IT8,3ALQ,3L9J,2AZ5,7ASY,7QLF"
COc1ccc(cc1)C(=O)Cn1c(N)nc2ccccc12	Tumor necrosis factor	20000	PubChem	"5MU8,9OK6,9OJY,9OJS,9OJO,6X86,6X85,6X83,6X82,6X81,5YOY,7JRA,8Z8M,6OOZ,6OOY,5WUX,5M2M,5M2J,5M2I,4TWT,4G3Y,3IT8,3ALQ,3L9J,2AZ5,7ASY,7QLF"
Cc1cc(C(=O)NC2CCCc3c2cnn3-c2ccccc2F)n(Cc2ccc(F)cc2)n1	Tumor necrosis factor	20000	PubChem	"5MU8,9OK6,9OJY,9OJS,9OJO,6X86,6X85,6X83,6X82,6X81,5YOY,7JRA,8Z8M,6OOZ,6OOY,5WUX,5M2M,5M2J,5M2I,4TWT,4G3Y,3IT8,3ALQ,3L9J,2AZ5,7ASY,7QLF"
Clc1ccc(NC(=O)c2ccc(CCN3CCc4ccccc4C3)cc2)cc1	Tumor necrosis factor	20000	PubChem	"5MU8,9OK6,9OJY,9OJS,9OJO,6X86,6X85,6X83,6X82,6X81,5YOY,7JRA,8Z8M,6OOZ,6OOY,5WUX,5M2M,5M2J,5M2I,4TWT,4G3Y,3IT8,3ALQ,3L9J,2AZ5,7ASY,7QLF"
Clc1ccc(cc1)C(=O)Nc1ccc(CN2CCc3ccccc3C2)cc1	Tumor necrosis factor	20000	PubChem	"5MU8,9OK6,9OJY,9OJS,9OJO,6X86,6X85,6X83,6X82,6X81,5YOY,7JRA,8Z8M,6OOZ,6OOY,5WUX,5M2M,5M2J,5M2I,4TWT,4G3Y,3IT8,3ALQ,3L9J,2AZ5,7ASY,7QLF"
Nc1nc2ccccc2n1CCOc1ccc(Cl)cc1	Tumor necrosis factor	20000	PubChem	"5MU8,9OK6,9OJY,9OJS,9OJO,6X86,6X85,6X83,6X82,6X81,5YOY,7JRA,8Z8M,6OOZ,6OOY,5WUX,5M2M,5M2J,5M2I,4TWT,4G3Y,3IT8,3ALQ,3L9J,2AZ5,7ASY,7QLF"
Clc1ccc(NC(=O)c2ccc(CN3CCc4ccccc4C3)cc2)cc1Cl	Tumor necrosis factor	20000	PubChem	"5MU8,9OK6,9OJY,9OJS,9OJO,6X86,6X85,6X83,6X82,6X81,5YOY,7JRA,8Z8M,6OOZ,6OOY,5WUX,5M2M,5M2J,5M2I,4TWT,4G3Y,3IT8,3ALQ,3L9J,2AZ5,7ASY,7QLF"
c1ccc2c(c1)nc(n2Cc3ccc(cc3)Cl)N	Tumor necrosis factor	20000	PubChem	"5MU8,9OK6,9OJY,9OJS,9OJO,6X86,6X85,6X83,6X82,6X81,5YOY,7JRA,8Z8M,6OOZ,6OOY,5WUX,5M2M,5M2J,5M2I,4TWT,4G3Y,3IT8,3ALQ,3L9J,2AZ5,7ASY,7QLF"
Cc1ccc(NC(=O)c2ccc(CN3CCc4ccccc4C3)cc2)cc1	Tumor necrosis factor	20000	PubChem	"5MU8,9OK6,9OJY,9OJS,9OJO,6X86,6X85,6X83,6X82,6X81,5YOY,7JRA,8Z8M,6OOZ,6OOY,5WUX,5M2M,5M2J,5M2I,4TWT,4G3Y,3IT8,3ALQ,3L9J,2AZ5,7ASY,7QLF"
Fc1ccccc1-n1ncc2C(CCCc12)NC(=O)c1ccnn1-c1ccccc1	Tumor necrosis factor	20000	PubChem	"5MU8,9OK6,9OJY,9OJS,9OJO,6X86,6X85,6X83,6X82,6X81,5YOY,7JRA,8Z8M,6OOZ,6OOY,5WUX,5M2M,5M2J,5M2I,4TWT,4G3Y,3IT8,3ALQ,3L9J,2AZ5,7ASY,7QLF"
Cn1nccc1C(=O)N[C@@H]1CCCc2c1cnn2-c1ccccc1F	Tumor necrosis factor	20000	PubChem	"5MU8,9OK6,9OJY,9OJS,9OJO,6X86,6X85,6X83,6X82,6X81,5YOY,7JRA,8Z8M,6OOZ,6OOY,5WUX,5M2M,5M2J,5M2I,4TWT,4G3Y,3IT8,3ALQ,3L9J,2AZ5,7ASY,7QLF"
CC(=O)N1CCc2cc(ccc12)S(=O)(=O)N1CCN(CC1)c1ccc(Cl)cc1	Tumor necrosis factor	20000	PubChem	"5MU8,9OK6,9OJY,9OJS,9OJO,6X86,6X85,6X83,6X82,6X81,5YOY,7JRA,8Z8M,6OOZ,6OOY,5WUX,5M2M,5M2J,5M2I,4TWT,4G3Y,3IT8,3ALQ,3L9J,2AZ5,7ASY,7QLF"
Clc1ccc(Cn2c(NC(=O)c3ccco3)nc3ccccc23)cc1	Tumor necrosis factor	20000	PubChem	"5MU8,9OK6,9OJY,9OJS,9OJO,6X86,6X85,6X83,6X82,6X81,5YOY,7JRA,8Z8M,6OOZ,6OOY,5WUX,5M2M,5M2J,5M2I,4TWT,4G3Y,3IT8,3ALQ,3L9J,2AZ5,7ASY,7QLF"
OC(=O)c1c(NC(=O)CCc2ccccc2)sc2CCCCc12	Tumor necrosis factor	20000	PubChem	"5MU8,9OK6,9OJY,9OJS,9OJO,6X86,6X85,6X83,6X82,6X81,5YOY,7JRA,8Z8M,6OOZ,6OOY,5WUX,5M2M,5M2J,5M2I,4TWT,4G3Y,3IT8,3ALQ,3L9J,2AZ5,7ASY,7QLF"
Cc1ccc(O)c(c1)\[NH+]=C\c1c[c-](Cc2ccccc2)cc([N+]([O-])=O)c1=O	Tumor necrosis factor	20000	PubChem	"5MU8,9OK6,9OJY,9OJS,9OJO,6X86,6X85,6X83,6X82,6X81,5YOY,7JRA,8Z8M,6OOZ,6OOY,5WUX,5M2M,5M2J,5M2I,4TWT,4G3Y,3IT8,3ALQ,3L9J,2AZ5,7ASY,7QLF"
COc1ccc(cc1Br)C(=O)NC(=S)N(C)C1CCCCC1	Tumor necrosis factor	20000	PubChem	"5MU8,9OK6,9OJY,9OJS,9OJO,6X86,6X85,6X83,6X82,6X81,5YOY,7JRA,8Z8M,6OOZ,6OOY,5WUX,5M2M,5M2J,5M2I,4TWT,4G3Y,3IT8,3ALQ,3L9J,2AZ5,7ASY,7QLF"
Clc1ccc(cc1)S(=O)(=O)Nc1nc2ccccc2[nH]1	Tumor necrosis factor	20000	PubChem	"5MU8,9OK6,9OJY,9OJS,9OJO,6X86,6X85,6X83,6X82,6X81,5YOY,7JRA,8Z8M,6OOZ,6OOY,5WUX,5M2M,5M2J,5M2I,4TWT,4G3Y,3IT8,3ALQ,3L9J,2AZ5,7ASY,7QLF"
Cc1nonc1C(=O)N\N=C\c1ccc(o1)[N+]([O-])=O	Tumor necrosis factor	20000	PubChem	"5MU8,9OK6,9OJY,9OJS,9OJO,6X86,6X85,6X83,6X82,6X81,5YOY,7JRA,8Z8M,6OOZ,6OOY,5WUX,5M2M,5M2J,5M2I,4TWT,4G3Y,3IT8,3ALQ,3L9J,2AZ5,7ASY,7QLF"
OC(=O)c1c2CCCCc2sc1-n1cccc1	Tumor necrosis factor	20000	PubChem	"5MU8,9OK6,9OJY,9OJS,9OJO,6X86,6X85,6X83,6X82,6X81,5YOY,7JRA,8Z8M,6OOZ,6OOY,5WUX,5M2M,5M2J,5M2I,4TWT,4G3Y,3IT8,3ALQ,3L9J,2AZ5,7ASY,7QLF"
CC1CCc2c(C1)sc(NC(=O)c1cccs1)c2C(O)=O	Tumor necrosis factor	20000	PubChem	"5MU8,9OK6,9OJY,9OJS,9OJO,6X86,6X85,6X83,6X82,6X81,5YOY,7JRA,8Z8M,6OOZ,6OOY,5WUX,5M2M,5M2J,5M2I,4TWT,4G3Y,3IT8,3ALQ,3L9J,2AZ5,7ASY,7QLF"
COc1cc(\C=C2\C(=O)NN(C2=O)c2cccc(Cl)c2)cc(Br)c1O	Tumor necrosis factor	20000	PubChem	"5MU8,9OK6,9OJY,9OJS,9OJO,6X86,6X85,6X83,6X82,6X81,5YOY,7JRA,8Z8M,6OOZ,6OOY,5WUX,5M2M,5M2J,5M2I,4TWT,4G3Y,3IT8,3ALQ,3L9J,2AZ5,7ASY,7QLF"
CC1(C)Cc2c(CO1)sc(NC(=O)c1ccco1)c2C(O)=O	Tumor necrosis factor	20000	PubChem	"5MU8,9OK6,9OJY,9OJS,9OJO,6X86,6X85,6X83,6X82,6X81,5YOY,7JRA,8Z8M,6OOZ,6OOY,5WUX,5M2M,5M2J,5M2I,4TWT,4G3Y,3IT8,3ALQ,3L9J,2AZ5,7ASY,7QLF"
Fc1ccc(NC(=S)Nc2nccs2)cc1	Tumor necrosis factor	20000	PubChem	"5MU8,9OK6,9OJY,9OJS,9OJO,6X86,6X85,6X83,6X82,6X81,5YOY,7JRA,8Z8M,6OOZ,6OOY,5WUX,5M2M,5M2J,5M2I,4TWT,4G3Y,3IT8,3ALQ,3L9J,2AZ5,7ASY,7QLF"
"CC(C=Cc1ccccc1)=NNC(=O)c1cccc(Br)c1 |w:10.11,3.3|"	Tumor necrosis factor	20000	PubChem	"5MU8,9OK6,9OJY,9OJS,9OJO,6X86,6X85,6X83,6X82,6X81,5YOY,7JRA,8Z8M,6OOZ,6OOY,5WUX,5M2M,5M2J,5M2I,4TWT,4G3Y,3IT8,3ALQ,3L9J,2AZ5,7ASY,7QLF"
CC1(C)Cc2c(CO1)sc(NC(=O)c1ccccc1Cl)c2C(O)=O	Tumor necrosis factor	20000	PubChem	"5MU8,9OK6,9OJY,9OJS,9OJO,6X86,6X85,6X83,6X82,6X81,5YOY,7JRA,8Z8M,6OOZ,6OOY,5WUX,5M2M,5M2J,5M2I,4TWT,4G3Y,3IT8,3ALQ,3L9J,2AZ5,7ASY,7QLF"
CC1(C)Cc2c(CO1)sc(NC(=O)c1ccccc1)c2C(O)=O	Tumor necrosis factor	20000	PubChem	"5MU8,9OK6,9OJY,9OJS,9OJO,6X86,6X85,6X83,6X82,6X81,5YOY,7JRA,8Z8M,6OOZ,6OOY,5WUX,5M2M,5M2J,5M2I,4TWT,4G3Y,3IT8,3ALQ,3L9J,2AZ5,7ASY,7QLF"
Cc1ccc(Cn2c(NC(=O)c3ccco3)nc3ccccc23)cc1	Tumor necrosis factor	20000	PubChem	"5MU8,9OK6,9OJY,9OJS,9OJO,6X86,6X85,6X83,6X82,6X81,5YOY,7JRA,8Z8M,6OOZ,6OOY,5WUX,5M2M,5M2J,5M2I,4TWT,4G3Y,3IT8,3ALQ,3L9J,2AZ5,7ASY,7QLF"
CCC(=O)Nc1nc2ccccc2n1Cc1ccc(Cl)cc1	Tumor necrosis factor	20000	PubChem	"5MU8,9OK6,9OJY,9OJS,9OJO,6X86,6X85,6X83,6X82,6X81,5YOY,7JRA,8Z8M,6OOZ,6OOY,5WUX,5M2M,5M2J,5M2I,4TWT,4G3Y,3IT8,3ALQ,3L9J,2AZ5,7ASY,7QLF"
Fc1ccc(cc1)N1CCN(CC1)C(=S)NC(=O)c1cccs1	Tumor necrosis factor	20000	PubChem	"5MU8,9OK6,9OJY,9OJS,9OJO,6X86,6X85,6X83,6X82,6X81,5YOY,7JRA,8Z8M,6OOZ,6OOY,5WUX,5M2M,5M2J,5M2I,4TWT,4G3Y,3IT8,3ALQ,3L9J,2AZ5,7ASY,7QLF"
COC(=O)c1c(NC(=O)c2cccc(F)c2)sc2CC(C)CCc12	Tumor necrosis factor	20000	PubChem	"5MU8,9OK6,9OJY,9OJS,9OJO,6X86,6X85,6X83,6X82,6X81,5YOY,7JRA,8Z8M,6OOZ,6OOY,5WUX,5M2M,5M2J,5M2I,4TWT,4G3Y,3IT8,3ALQ,3L9J,2AZ5,7ASY,7QLF"
CCC1CCc2c(C1)sc(NC(=O)c1ccccc1Br)c2C(=O)OC	Tumor necrosis factor	20000	PubChem	"5MU8,9OK6,9OJY,9OJS,9OJO,6X86,6X85,6X83,6X82,6X81,5YOY,7JRA,8Z8M,6OOZ,6OOY,5WUX,5M2M,5M2J,5M2I,4TWT,4G3Y,3IT8,3ALQ,3L9J,2AZ5,7ASY,7QLF"
OC(=O)c1c(NC(=O)c2cccs2)sc2CCCCc12	Tumor necrosis factor	20000	PubChem	"5MU8,9OK6,9OJY,9OJS,9OJO,6X86,6X85,6X83,6X82,6X81,5YOY,7JRA,8Z8M,6OOZ,6OOY,5WUX,5M2M,5M2J,5M2I,4TWT,4G3Y,3IT8,3ALQ,3L9J,2AZ5,7ASY,7QLF"
Cc1ccc(o1)C(=O)Nc1sc2CCCCc2c1C(O)=O	Tumor necrosis factor	20000	PubChem	"5MU8,9OK6,9OJY,9OJS,9OJO,6X86,6X85,6X83,6X82,6X81,5YOY,7JRA,8Z8M,6OOZ,6OOY,5WUX,5M2M,5M2J,5M2I,4TWT,4G3Y,3IT8,3ALQ,3L9J,2AZ5,7ASY,7QLF"
CCOC(=O)c1c(NC(=O)c2cccs2)sc2COC(C)(C)Cc12	Tumor necrosis factor	20000	PubChem	"5MU8,9OK6,9OJY,9OJS,9OJO,6X86,6X85,6X83,6X82,6X81,5YOY,7JRA,8Z8M,6OOZ,6OOY,5WUX,5M2M,5M2J,5M2I,4TWT,4G3Y,3IT8,3ALQ,3L9J,2AZ5,7ASY,7QLF"
COC(=O)c1c(NC(=O)c2ccccc2)sc2COC(C)(C)Cc12	Tumor necrosis factor	20000	PubChem	"5MU8,9OK6,9OJY,9OJS,9OJO,6X86,6X85,6X83,6X82,6X81,5YOY,7JRA,8Z8M,6OOZ,6OOY,5WUX,5M2M,5M2J,5M2I,4TWT,4G3Y,3IT8,3ALQ,3L9J,2AZ5,7ASY,7QLF"
O=C(Nc1nc2ccccc2n1Cc1ccccc1)c1ccco1	Tumor necrosis factor	20000	PubChem	"5MU8,9OK6,9OJY,9OJS,9OJO,6X86,6X85,6X83,6X82,6X81,5YOY,7JRA,8Z8M,6OOZ,6OOY,5WUX,5M2M,5M2J,5M2I,4TWT,4G3Y,3IT8,3ALQ,3L9J,2AZ5,7ASY,7QLF"
CCC(=O)Nc1nc2ccccc2n1Cc1ccccc1	Tumor necrosis factor	20000	PubChem	"5MU8,9OK6,9OJY,9OJS,9OJO,6X86,6X85,6X83,6X82,6X81,5YOY,7JRA,8Z8M,6OOZ,6OOY,5WUX,5M2M,5M2J,5M2I,4TWT,4G3Y,3IT8,3ALQ,3L9J,2AZ5,7ASY,7QLF"
OC(=O)c1c(NC(=O)CCc2ccccc2)sc2CCCCc12	Tumor necrosis factor	20000	PubChem	"5MU8,9OK6,9OJY,9OJS,9OJO,6X86,6X85,6X83,6X82,6X81,5YOY,7JRA,8Z8M,6OOZ,6OOY,5WUX,5M2M,5M2J,5M2I,4TWT,4G3Y,3IT8,3ALQ,3L9J,2AZ5,7ASY,7QLF"
CCCCNCC(=O)Nc1sc2CCCCc2c1C(O)=O	Tumor necrosis factor	20000	PubChem	"5MU8,9OK6,9OJY,9OJS,9OJO,6X86,6X85,6X83,6X82,6X81,5YOY,7JRA,8Z8M,6OOZ,6OOY,5WUX,5M2M,5M2J,5M2I,4TWT,4G3Y,3IT8,3ALQ,3L9J,2AZ5,7ASY,7QLF"
OC(=O)c1c(NC(=O)C(=O)N2CCOCC2)sc2CCCCc12	Tumor necrosis factor	20000	PubChem	"5MU8,9OK6,9OJY,9OJS,9OJO,6X86,6X85,6X83,6X82,6X81,5YOY,7JRA,8Z8M,6OOZ,6OOY,5WUX,5M2M,5M2J,5M2I,4TWT,4G3Y,3IT8,3ALQ,3L9J,2AZ5,7ASY,7QLF"
CCOC(=O)c1c(NC(=O)CN2CCOCC2)sc2COC(C)(C)Cc12	Tumor necrosis factor	20000	PubChem	"5MU8,9OK6,9OJY,9OJS,9OJO,6X86,6X85,6X83,6X82,6X81,5YOY,7JRA,8Z8M,6OOZ,6OOY,5WUX,5M2M,5M2J,5M2I,4TWT,4G3Y,3IT8,3ALQ,3L9J,2AZ5,7ASY,7QLF"
Cc1[nH]n(-c2ccccc2)c(=O)c1C=Nc1cccc2ccc(C)nc12 |w:14.16|	Tumor necrosis factor	20000	PubChem	"5MU8,9OK6,9OJY,9OJS,9OJO,6X86,6X85,6X83,6X82,6X81,5YOY,7JRA,8Z8M,6OOZ,6OOY,5WUX,5M2M,5M2J,5M2I,4TWT,4G3Y,3IT8,3ALQ,3L9J,2AZ5,7ASY,7QLF"
COC(=O)c1c(NC(=O)C(=O)N2CCCCC2)sc2COC(C)(C)Cc12	Tumor necrosis factor	20000	PubChem	"5MU8,9OK6,9OJY,9OJS,9OJO,6X86,6X85,6X83,6X82,6X81,5YOY,7JRA,8Z8M,6OOZ,6OOY,5WUX,5M2M,5M2J,5M2I,4TWT,4G3Y,3IT8,3ALQ,3L9J,2AZ5,7ASY,7QLF"
CC1(C)Cc2c(CO1)sc(NC(=O)C(=O)N1CCCCC1)c2C(O)=O	Tumor necrosis factor	20000	PubChem	"5MU8,9OK6,9OJY,9OJS,9OJO,6X86,6X85,6X83,6X82,6X81,5YOY,7JRA,8Z8M,6OOZ,6OOY,5WUX,5M2M,5M2J,5M2I,4TWT,4G3Y,3IT8,3ALQ,3L9J,2AZ5,7ASY,7QLF"
CC(=O)Nc1nc2ccccc2n1Cc1ccccc1	Tumor necrosis factor	20000	PubChem	"5MU8,9OK6,9OJY,9OJS,9OJO,6X86,6X85,6X83,6X82,6X81,5YOY,7JRA,8Z8M,6OOZ,6OOY,5WUX,5M2M,5M2J,5M2I,4TWT,4G3Y,3IT8,3ALQ,3L9J,2AZ5,7ASY,7QLF"
CCC(=O)Nc1nc2ccccc2n1Cc1ccccc1Cl	Tumor necrosis factor	20000	PubChem	"5MU8,9OK6,9OJY,9OJS,9OJO,6X86,6X85,6X83,6X82,6X81,5YOY,7JRA,8Z8M,6OOZ,6OOY,5WUX,5M2M,5M2J,5M2I,4TWT,4G3Y,3IT8,3ALQ,3L9J,2AZ5,7ASY,7QLF"
CC(=O)Nc1nc2ccccc2n1Cc1ccc(Cl)cc1	Tumor necrosis factor	20000	PubChem	"5MU8,9OK6,9OJY,9OJS,9OJO,6X86,6X85,6X83,6X82,6X81,5YOY,7JRA,8Z8M,6OOZ,6OOY,5WUX,5M2M,5M2J,5M2I,4TWT,4G3Y,3IT8,3ALQ,3L9J,2AZ5,7ASY,7QLF"
CSC(=S)NN=Cc1ccc(Br)cc1 |w:5.4|	Tumor necrosis factor	20000	PubChem	"5MU8,9OK6,9OJY,9OJS,9OJO,6X86,6X85,6X83,6X82,6X81,5YOY,7JRA,8Z8M,6OOZ,6OOY,5WUX,5M2M,5M2J,5M2I,4TWT,4G3Y,3IT8,3ALQ,3L9J,2AZ5,7ASY,7QLF"
O=C(CSc1ccc2ccccc2c1)OCC(=O)C(C#N)c1nc2ccccc2[nH]1	Tumor necrosis factor	20000	PubChem	"5MU8,9OK6,9OJY,9OJS,9OJO,6X86,6X85,6X83,6X82,6X81,5YOY,7JRA,8Z8M,6OOZ,6OOY,5WUX,5M2M,5M2J,5M2I,4TWT,4G3Y,3IT8,3ALQ,3L9J,2AZ5,7ASY,7QLF"
Cc1cc(Br)ccc1SCC(=O)OCC(=O)C(C#N)c1nc2ccccc2[nH]1	Tumor necrosis factor	20000	PubChem	"5MU8,9OK6,9OJY,9OJS,9OJO,6X86,6X85,6X83,6X82,6X81,5YOY,7JRA,8Z8M,6OOZ,6OOY,5WUX,5M2M,5M2J,5M2I,4TWT,4G3Y,3IT8,3ALQ,3L9J,2AZ5,7ASY,7QLF"
Cc1cc(SCC(=O)OCC(=O)C(C#N)c2nc3ccccc3[nH]2)c(C)cc1Br	Tumor necrosis factor	20000	PubChem	"5MU8,9OK6,9OJY,9OJS,9OJO,6X86,6X85,6X83,6X82,6X81,5YOY,7JRA,8Z8M,6OOZ,6OOY,5WUX,5M2M,5M2J,5M2I,4TWT,4G3Y,3IT8,3ALQ,3L9J,2AZ5,7ASY,7QLF"
Cc1ccc(C)c(SCC(=O)OCC(=O)C(C#N)c2nc3ccccc3[nH]2)c1	Tumor necrosis factor	20000	PubChem	"5MU8,9OK6,9OJY,9OJS,9OJO,6X86,6X85,6X83,6X82,6X81,5YOY,7JRA,8Z8M,6OOZ,6OOY,5WUX,5M2M,5M2J,5M2I,4TWT,4G3Y,3IT8,3ALQ,3L9J,2AZ5,7ASY,7QLF"
Clc1ccc(SCC(=O)OCC(=O)C(C#N)c2nc3ccccc3[nH]2)cc1	Tumor necrosis factor	20000	PubChem	"5MU8,9OK6,9OJY,9OJS,9OJO,6X86,6X85,6X83,6X82,6X81,5YOY,7JRA,8Z8M,6OOZ,6OOY,5WUX,5M2M,5M2J,5M2I,4TWT,4G3Y,3IT8,3ALQ,3L9J,2AZ5,7ASY,7QLF"
Cc1cc(NC(=O)c2ccc(C)s2)n(n1)-c1nc2ccccc2[nH]1	Tumor necrosis factor	20000	PubChem	"5MU8,9OK6,9OJY,9OJS,9OJO,6X86,6X85,6X83,6X82,6X81,5YOY,7JRA,8Z8M,6OOZ,6OOY,5WUX,5M2M,5M2J,5M2I,4TWT,4G3Y,3IT8,3ALQ,3L9J,2AZ5,7ASY,7QLF"
CC(C)Cn1c(N)c(C(=O)COC(=O)c2oc3ccccc3c2C)c(=O)n(C)c1=O	Tumor necrosis factor	20000	PubChem	"5MU8,9OK6,9OJY,9OJS,9OJO,6X86,6X85,6X83,6X82,6X81,5YOY,7JRA,8Z8M,6OOZ,6OOY,5WUX,5M2M,5M2J,5M2I,4TWT,4G3Y,3IT8,3ALQ,3L9J,2AZ5,7ASY,7QLF"
Clc1ccc(Cn2c(NC(=O)c3cccs3)nc3ccccc23)cc1	Tumor necrosis factor	20000	PubChem	"5MU8,9OK6,9OJY,9OJS,9OJO,6X86,6X85,6X83,6X82,6X81,5YOY,7JRA,8Z8M,6OOZ,6OOY,5WUX,5M2M,5M2J,5M2I,4TWT,4G3Y,3IT8,3ALQ,3L9J,2AZ5,7ASY,7QLF"
Clc1ccc(Cn2c(NC(=O)C3CCCCC3)nc3ccccc23)cc1	Tumor necrosis factor	20000	PubChem	"5MU8,9OK6,9OJY,9OJS,9OJO,6X86,6X85,6X83,6X82,6X81,5YOY,7JRA,8Z8M,6OOZ,6OOY,5WUX,5M2M,5M2J,5M2I,4TWT,4G3Y,3IT8,3ALQ,3L9J,2AZ5,7ASY,7QLF"
Cc1ccccc1C(=O)Nc1nc2ccccc2n1Cc1ccc(Cl)cc1	Tumor necrosis factor	20000	PubChem	"5MU8,9OK6,9OJY,9OJS,9OJO,6X86,6X85,6X83,6X82,6X81,5YOY,7JRA,8Z8M,6OOZ,6OOY,5WUX,5M2M,5M2J,5M2I,4TWT,4G3Y,3IT8,3ALQ,3L9J,2AZ5,7ASY,7QLF"
Clc1ccc(Cn2c(NC(=O)c3ccccc3)nc3ccccc23)cc1	Tumor necrosis factor	20000	PubChem	"5MU8,9OK6,9OJY,9OJS,9OJO,6X86,6X85,6X83,6X82,6X81,5YOY,7JRA,8Z8M,6OOZ,6OOY,5WUX,5M2M,5M2J,5M2I,4TWT,4G3Y,3IT8,3ALQ,3L9J,2AZ5,7ASY,7QLF"
Clc1ccc(Cn2c(NC(=O)Cc3ccccc3)nc3ccccc23)cc1	Tumor necrosis factor	20000	PubChem	"5MU8,9OK6,9OJY,9OJS,9OJO,6X86,6X85,6X83,6X82,6X81,5YOY,7JRA,8Z8M,6OOZ,6OOY,5WUX,5M2M,5M2J,5M2I,4TWT,4G3Y,3IT8,3ALQ,3L9J,2AZ5,7ASY,7QLF"
CN(C)c1ccc(cc1)C(=O)Nc1nc2ccccc2n1Cc1ccc(Cl)cc1	Tumor necrosis factor	20000	PubChem	"5MU8,9OK6,9OJY,9OJS,9OJO,6X86,6X85,6X83,6X82,6X81,5YOY,7JRA,8Z8M,6OOZ,6OOY,5WUX,5M2M,5M2J,5M2I,4TWT,4G3Y,3IT8,3ALQ,3L9J,2AZ5,7ASY,7QLF"
CC(C)C(=O)Nc1nc2ccccc2n1Cc1ccc(Cl)cc1	Tumor necrosis factor	20000	PubChem	"5MU8,9OK6,9OJY,9OJS,9OJO,6X86,6X85,6X83,6X82,6X81,5YOY,7JRA,8Z8M,6OOZ,6OOY,5WUX,5M2M,5M2J,5M2I,4TWT,4G3Y,3IT8,3ALQ,3L9J,2AZ5,7ASY,7QLF"
Clc1ccc(Cn2c(NC(=O)c3ccco3)nc3ccccc23)cc1	Tumor necrosis factor	20000	PubChem	"5MU8,9OK6,9OJY,9OJS,9OJO,6X86,6X85,6X83,6X82,6X81,5YOY,7JRA,8Z8M,6OOZ,6OOY,5WUX,5M2M,5M2J,5M2I,4TWT,4G3Y,3IT8,3ALQ,3L9J,2AZ5,7ASY,7QLF"
Clc1ccccc1Cn1c(NC(=O)c2cccs2)nc2ccccc12	Tumor necrosis factor	20000	PubChem	"5MU8,9OK6,9OJY,9OJS,9OJO,6X86,6X85,6X83,6X82,6X81,5YOY,7JRA,8Z8M,6OOZ,6OOY,5WUX,5M2M,5M2J,5M2I,4TWT,4G3Y,3IT8,3ALQ,3L9J,2AZ5,7ASY,7QLF"
CCC(=O)Nc1nc2ccccc2n1Cc1ccccc1Cl	Tumor necrosis factor	20000	PubChem	"5MU8,9OK6,9OJY,9OJS,9OJO,6X86,6X85,6X83,6X82,6X81,5YOY,7JRA,8Z8M,6OOZ,6OOY,5WUX,5M2M,5M2J,5M2I,4TWT,4G3Y,3IT8,3ALQ,3L9J,2AZ5,7ASY,7QLF"
Clc1ccccc1Cn1c(NC(=O)C2CCCCC2)nc2ccccc12	Tumor necrosis factor	20000	PubChem	"5MU8,9OK6,9OJY,9OJS,9OJO,6X86,6X85,6X83,6X82,6X81,5YOY,7JRA,8Z8M,6OOZ,6OOY,5WUX,5M2M,5M2J,5M2I,4TWT,4G3Y,3IT8,3ALQ,3L9J,2AZ5,7ASY,7QLF"
Clc1ccc(Cn2c(NC(=O)c3ccc(Cl)cc3)nc3ccccc23)cc1	Tumor necrosis factor	20000	PubChem	"5MU8,9OK6,9OJY,9OJS,9OJO,6X86,6X85,6X83,6X82,6X81,5YOY,7JRA,8Z8M,6OOZ,6OOY,5WUX,5M2M,5M2J,5M2I,4TWT,4G3Y,3IT8,3ALQ,3L9J,2AZ5,7ASY,7QLF"
COc1ccc(cc1)C(=O)Nc1nc2ccccc2n1Cc1ccc(Cl)cc1	Tumor necrosis factor	20000	PubChem	"5MU8,9OK6,9OJY,9OJS,9OJO,6X86,6X85,6X83,6X82,6X81,5YOY,7JRA,8Z8M,6OOZ,6OOY,5WUX,5M2M,5M2J,5M2I,4TWT,4G3Y,3IT8,3ALQ,3L9J,2AZ5,7ASY,7QLF"
CC(=O)Nc1nc2ccccc2n1S(=O)(=O)c1ccc(C)cc1	Tumor necrosis factor	20000	PubChem	"5MU8,9OK6,9OJY,9OJS,9OJO,6X86,6X85,6X83,6X82,6X81,5YOY,7JRA,8Z8M,6OOZ,6OOY,5WUX,5M2M,5M2J,5M2I,4TWT,4G3Y,3IT8,3ALQ,3L9J,2AZ5,7ASY,7QLF"
CC(=O)Nc1nc2ccccc2n1S(=O)(=O)c1ccc(Cl)cc1	Tumor necrosis factor	20000	PubChem	"5MU8,9OK6,9OJY,9OJS,9OJO,6X86,6X85,6X83,6X82,6X81,5YOY,7JRA,8Z8M,6OOZ,6OOY,5WUX,5M2M,5M2J,5M2I,4TWT,4G3Y,3IT8,3ALQ,3L9J,2AZ5,7ASY,7QLF"
Clc1ccc(Cn2c(NC(=O)c3ccc(cc3)C#N)nc3ccccc23)cc1	Tumor necrosis factor	20000	PubChem	"5MU8,9OK6,9OJY,9OJS,9OJO,6X86,6X85,6X83,6X82,6X81,5YOY,7JRA,8Z8M,6OOZ,6OOY,5WUX,5M2M,5M2J,5M2I,4TWT,4G3Y,3IT8,3ALQ,3L9J,2AZ5,7ASY,7QLF"
Fc1ccc(cc1)C(=O)Nc1nc2ccccc2n1Cc1ccc(Cl)cc1	Tumor necrosis factor	20000	PubChem	"5MU8,9OK6,9OJY,9OJS,9OJO,6X86,6X85,6X83,6X82,6X81,5YOY,7JRA,8Z8M,6OOZ,6OOY,5WUX,5M2M,5M2J,5M2I,4TWT,4G3Y,3IT8,3ALQ,3L9J,2AZ5,7ASY,7QLF"
Clc1ccccc1Cn1c(NC(=O)c2ccco2)nc2ccccc12	Tumor necrosis factor	20000	PubChem	"5MU8,9OK6,9OJY,9OJS,9OJO,6X86,6X85,6X83,6X82,6X81,5YOY,7JRA,8Z8M,6OOZ,6OOY,5WUX,5M2M,5M2J,5M2I,4TWT,4G3Y,3IT8,3ALQ,3L9J,2AZ5,7ASY,7QLF"
Clc1ccc(cc1)C(=O)Nc1nc2ccccc2n1Cc1ccccc1Cl	Tumor necrosis factor	20000	PubChem	"5MU8,9OK6,9OJY,9OJS,9OJO,6X86,6X85,6X83,6X82,6X81,5YOY,7JRA,8Z8M,6OOZ,6OOY,5WUX,5M2M,5M2J,5M2I,4TWT,4G3Y,3IT8,3ALQ,3L9J,2AZ5,7ASY,7QLF"
COc1ccc(cc1)C(=O)Nc1nc2ccccc2n1Cc1ccc(Cl)cc1	Tumor necrosis factor	20000	PubChem	"5MU8,9OK6,9OJY,9OJS,9OJO,6X86,6X85,6X83,6X82,6X81,5YOY,7JRA,8Z8M,6OOZ,6OOY,5WUX,5M2M,5M2J,5M2I,4TWT,4G3Y,3IT8,3ALQ,3L9J,2AZ5,7ASY,7QLF"
Cc1ccc(cc1)S(=O)(=O)n1c(N)nc2ccccc12	Tumor necrosis factor	20000	PubChem	"5MU8,9OK6,9OJY,9OJS,9OJO,6X86,6X85,6X83,6X82,6X81,5YOY,7JRA,8Z8M,6OOZ,6OOY,5WUX,5M2M,5M2J,5M2I,4TWT,4G3Y,3IT8,3ALQ,3L9J,2AZ5,7ASY,7QLF"
Clc1ccc(Cn2c(NC(=O)c3ccco3)nc3ccccc23)cc1	Tumor necrosis factor	20000	PubChem	"5MU8,9OK6,9OJY,9OJS,9OJO,6X86,6X85,6X83,6X82,6X81,5YOY,7JRA,8Z8M,6OOZ,6OOY,5WUX,5M2M,5M2J,5M2I,4TWT,4G3Y,3IT8,3ALQ,3L9J,2AZ5,7ASY,7QLF"
Cc1cc(SCC(=O)OCC(=O)C(C#N)c2nc3ccccc3[nH]2)c(C)cc1Br	Tumor necrosis factor	20000	PubChem	"5MU8,9OK6,9OJY,9OJS,9OJO,6X86,6X85,6X83,6X82,6X81,5YOY,7JRA,8Z8M,6OOZ,6OOY,5WUX,5M2M,5M2J,5M2I,4TWT,4G3Y,3IT8,3ALQ,3L9J,2AZ5,7ASY,7QLF"
Cc1ccc(C)c(SCC(=O)OCC(=O)C(C#N)c2nc3ccccc3[nH]2)c1	Tumor necrosis factor	20000	PubChem	"5MU8,9OK6,9OJY,9OJS,9OJO,6X86,6X85,6X83,6X82,6X81,5YOY,7JRA,8Z8M,6OOZ,6OOY,5WUX,5M2M,5M2J,5M2I,4TWT,4G3Y,3IT8,3ALQ,3L9J,2AZ5,7ASY,7QLF"
C\C=C\Cn1c(SCc2ccccc2)nc2n(C)c(=O)[nH]c(=O)c12	Tumor necrosis factor	20000	PubChem	"5MU8,9OK6,9OJY,9OJS,9OJO,6X86,6X85,6X83,6X82,6X81,5YOY,7JRA,8Z8M,6OOZ,6OOY,5WUX,5M2M,5M2J,5M2I,4TWT,4G3Y,3IT8,3ALQ,3L9J,2AZ5,7ASY,7QLF"
CCCCCn1c(SCCc2ccccc2)nc2n(C)c(=O)[nH]c(=O)c12	Tumor necrosis factor	20000	PubChem	"5MU8,9OK6,9OJY,9OJS,9OJO,6X86,6X85,6X83,6X82,6X81,5YOY,7JRA,8Z8M,6OOZ,6OOY,5WUX,5M2M,5M2J,5M2I,4TWT,4G3Y,3IT8,3ALQ,3L9J,2AZ5,7ASY,7QLF"
CCCCn1c(SCC(=O)c2ccccc2)nc2n(C)c(=O)[nH]c(=O)c12	Tumor necrosis factor	20000	PubChem	"5MU8,9OK6,9OJY,9OJS,9OJO,6X86,6X85,6X83,6X82,6X81,5YOY,7JRA,8Z8M,6OOZ,6OOY,5WUX,5M2M,5M2J,5M2I,4TWT,4G3Y,3IT8,3ALQ,3L9J,2AZ5,7ASY,7QLF"
CC(C)Sc1nc2n(C)c(=O)[nH]c(=O)c2n1Cc1ccccc1	Tumor necrosis factor	20000	PubChem	"5MU8,9OK6,9OJY,9OJS,9OJO,6X86,6X85,6X83,6X82,6X81,5YOY,7JRA,8Z8M,6OOZ,6OOY,5WUX,5M2M,5M2J,5M2I,4TWT,4G3Y,3IT8,3ALQ,3L9J,2AZ5,7ASY,7QLF"
COCCn1c(SCCCc2ccccc2)nc2n(C)c(=O)[nH]c(=O)c12	Tumor necrosis factor	20000	PubChem	"5MU8,9OK6,9OJY,9OJS,9OJO,6X86,6X85,6X83,6X82,6X81,5YOY,7JRA,8Z8M,6OOZ,6OOY,5WUX,5M2M,5M2J,5M2I,4TWT,4G3Y,3IT8,3ALQ,3L9J,2AZ5,7ASY,7QLF"
CCCn1c(SCCc2ccccc2)nc2n(C)c(=O)[nH]c(=O)c12	Tumor necrosis factor	20000	PubChem	"5MU8,9OK6,9OJY,9OJS,9OJO,6X86,6X85,6X83,6X82,6X81,5YOY,7JRA,8Z8M,6OOZ,6OOY,5WUX,5M2M,5M2J,5M2I,4TWT,4G3Y,3IT8,3ALQ,3L9J,2AZ5,7ASY,7QLF"
C\C=C\Cn1c(SCc2ccc(Cl)cc2)nc2n(C)c(=O)[nH]c(=O)c12	Tumor necrosis factor	20000	PubChem	"5MU8,9OK6,9OJY,9OJS,9OJO,6X86,6X85,6X83,6X82,6X81,5YOY,7JRA,8Z8M,6OOZ,6OOY,5WUX,5M2M,5M2J,5M2I,4TWT,4G3Y,3IT8,3ALQ,3L9J,2AZ5,7ASY,7QLF"
CC(C)n1c(SCCCc2ccccc2)nc2n(C)c(=O)[nH]c(=O)c12	Tumor necrosis factor	20000	PubChem	"5MU8,9OK6,9OJY,9OJS,9OJO,6X86,6X85,6X83,6X82,6X81,5YOY,7JRA,8Z8M,6OOZ,6OOY,5WUX,5M2M,5M2J,5M2I,4TWT,4G3Y,3IT8,3ALQ,3L9J,2AZ5,7ASY,7QLF"
CCCCn1c2ccccc2c(O)c(C(=O)Nc2cnccn2)c1=O	Tumor necrosis factor	20000	PubChem	"5MU8,9OK6,9OJY,9OJS,9OJO,6X86,6X85,6X83,6X82,6X81,5YOY,7JRA,8Z8M,6OOZ,6OOY,5WUX,5M2M,5M2J,5M2I,4TWT,4G3Y,3IT8,3ALQ,3L9J,2AZ5,7ASY,7QLF"
Clc1ccc(cc1)S(=O)(=O)Nc1nc2ccccc2[nH]1	Tumor necrosis factor	20000	PubChem	"5MU8,9OK6,9OJY,9OJS,9OJO,6X86,6X85,6X83,6X82,6X81,5YOY,7JRA,8Z8M,6OOZ,6OOY,5WUX,5M2M,5M2J,5M2I,4TWT,4G3Y,3IT8,3ALQ,3L9J,2AZ5,7ASY,7QLF"
CCCCn1c(SCC(=O)Nc2nnc(s2)C(C)C)nc2n(C)c(=O)n(C)c(=O)c12	Tumor necrosis factor	20000	PubChem	"5MU8,9OK6,9OJY,9OJS,9OJO,6X86,6X85,6X83,6X82,6X81,5YOY,7JRA,8Z8M,6OOZ,6OOY,5WUX,5M2M,5M2J,5M2I,4TWT,4G3Y,3IT8,3ALQ,3L9J,2AZ5,7ASY,7QLF"
CC(=O)Nc1ccc(SCC(=O)c2cc(C)n(Cc3cccs3)c2C)cc1	Tumor necrosis factor	20000	PubChem	"5MU8,9OK6,9OJY,9OJS,9OJO,6X86,6X85,6X83,6X82,6X81,5YOY,7JRA,8Z8M,6OOZ,6OOY,5WUX,5M2M,5M2J,5M2I,4TWT,4G3Y,3IT8,3ALQ,3L9J,2AZ5,7ASY,7QLF"
CC(C)Cn1c(N)c(C(=O)COC(=O)c2oc3ccccc3c2C)c(=O)n(C)c1=O	Tumor necrosis factor	20000	PubChem	"5MU8,9OK6,9OJY,9OJS,9OJO,6X86,6X85,6X83,6X82,6X81,5YOY,7JRA,8Z8M,6OOZ,6OOY,5WUX,5M2M,5M2J,5M2I,4TWT,4G3Y,3IT8,3ALQ,3L9J,2AZ5,7ASY,7QLF"
COc1ccc(cc1)-c1nnc(NC(=O)c2ccc(cc2)S(=O)(=O)N2CCc3ccccc3C2)o1	Tumor necrosis factor	20000	PubChem	"5MU8,9OK6,9OJY,9OJS,9OJO,6X86,6X85,6X83,6X82,6X81,5YOY,7JRA,8Z8M,6OOZ,6OOY,5WUX,5M2M,5M2J,5M2I,4TWT,4G3Y,3IT8,3ALQ,3L9J,2AZ5,7ASY,7QLF"
C\C=C\Cn1c(SCCCc2ccccc2)nc2n(C)c(=O)[nH]c(=O)c12	Tumor necrosis factor	20000	PubChem	"5MU8,9OK6,9OJY,9OJS,9OJO,6X86,6X85,6X83,6X82,6X81,5YOY,7JRA,8Z8M,6OOZ,6OOY,5WUX,5M2M,5M2J,5M2I,4TWT,4G3Y,3IT8,3ALQ,3L9J,2AZ5,7ASY,7QLF"
CCCc1nc(SCC(=O)N2CCC(Cc3ccccc3)CC2)c2c(n1)n(C)c(=O)n(C)c2=O	Tumor necrosis factor	20000	PubChem	"5MU8,9OK6,9OJY,9OJS,9OJO,6X86,6X85,6X83,6X82,6X81,5YOY,7JRA,8Z8M,6OOZ,6OOY,5WUX,5M2M,5M2J,5M2I,4TWT,4G3Y,3IT8,3ALQ,3L9J,2AZ5,7ASY,7QLF"
Clc1ccc(Cn2c(NC(=O)c3ccco3)nc3ccccc23)cc1	Tumor necrosis factor	20000	PubChem	"5MU8,9OK6,9OJY,9OJS,9OJO,6X86,6X85,6X83,6X82,6X81,5YOY,7JRA,8Z8M,6OOZ,6OOY,5WUX,5M2M,5M2J,5M2I,4TWT,4G3Y,3IT8,3ALQ,3L9J,2AZ5,7ASY,7QLF"
CC(=O)NC(c1ccco1)c1ccc2cccnc2c1O	Tumor necrosis factor	20000	PubChem	"5MU8,9OK6,9OJY,9OJS,9OJO,6X86,6X85,6X83,6X82,6X81,5YOY,7JRA,8Z8M,6OOZ,6OOY,5WUX,5M2M,5M2J,5M2I,4TWT,4G3Y,3IT8,3ALQ,3L9J,2AZ5,7ASY,7QLF"
CCOC(=O)C1=C(Cc2ccc(Cl)cc2)C(=O)c2ccccc2C1=O |c:5|	Tumor necrosis factor	20000	PubChem	"5MU8,9OK6,9OJY,9OJS,9OJO,6X86,6X85,6X83,6X82,6X81,5YOY,7JRA,8Z8M,6OOZ,6OOY,5WUX,5M2M,5M2J,5M2I,4TWT,4G3Y,3IT8,3ALQ,3L9J,2AZ5,7ASY,7QLF"
Cc1ccc2c(C)ccc(O)c2n1	Tumor necrosis factor	20000	PubChem	"5MU8,9OK6,9OJY,9OJS,9OJO,6X86,6X85,6X83,6X82,6X81,5YOY,7JRA,8Z8M,6OOZ,6OOY,5WUX,5M2M,5M2J,5M2I,4TWT,4G3Y,3IT8,3ALQ,3L9J,2AZ5,7ASY,7QLF"
COc1cccc(Cn2c(NCc3cccnc3)nc3n(C)c(=O)n(C)c(=O)c23)c1	Tumor necrosis factor	20000	PubChem	"5MU8,9OK6,9OJY,9OJS,9OJO,6X86,6X85,6X83,6X82,6X81,5YOY,7JRA,8Z8M,6OOZ,6OOY,5WUX,5M2M,5M2J,5M2I,4TWT,4G3Y,3IT8,3ALQ,3L9J,2AZ5,7ASY,7QLF"
Oc1ccccc1NC1=CC(=O)C(=O)c2ccccc12 |t:9|	Tumor necrosis factor	20000	PubChem	"5MU8,9OK6,9OJY,9OJS,9OJO,6X86,6X85,6X83,6X82,6X81,5YOY,7JRA,8Z8M,6OOZ,6OOY,5WUX,5M2M,5M2J,5M2I,4TWT,4G3Y,3IT8,3ALQ,3L9J,2AZ5,7ASY,7QLF"
COc1cccc(Nc2nc3ccccc3nc2NS(=O)(=O)c2cccs2)c1	Tumor necrosis factor	20000	PubChem	"5MU8,9OK6,9OJY,9OJS,9OJO,6X86,6X85,6X83,6X82,6X81,5YOY,7JRA,8Z8M,6OOZ,6OOY,5WUX,5M2M,5M2J,5M2I,4TWT,4G3Y,3IT8,3ALQ,3L9J,2AZ5,7ASY,7QLF"
COc1ccc(NC(=O)c2c(N)c(sc2Nc2ccccc2)C(=O)c2ccc(F)cc2)cc1	Tumor necrosis factor	20000	PubChem	"5MU8,9OK6,9OJY,9OJS,9OJO,6X86,6X85,6X83,6X82,6X81,5YOY,7JRA,8Z8M,6OOZ,6OOY,5WUX,5M2M,5M2J,5M2I,4TWT,4G3Y,3IT8,3ALQ,3L9J,2AZ5,7ASY,7QLF"
Cc1cccc(NC(=O)c2cccc(NS(=O)(=O)c3ccc(Cl)cc3)c2)c1	Tumor necrosis factor	20000	PubChem	"5MU8,9OK6,9OJY,9OJS,9OJO,6X86,6X85,6X83,6X82,6X81,5YOY,7JRA,8Z8M,6OOZ,6OOY,5WUX,5M2M,5M2J,5M2I,4TWT,4G3Y,3IT8,3ALQ,3L9J,2AZ5,7ASY,7QLF"
[O-][N+](=O)c1cc(Cl)c[c-](C[NH+]=Nc2ccccn2)c1=O |w:10.9|	Tumor necrosis factor	20000	PubChem	"5MU8,9OK6,9OJY,9OJS,9OJO,6X86,6X85,6X83,6X82,6X81,5YOY,7JRA,8Z8M,6OOZ,6OOY,5WUX,5M2M,5M2J,5M2I,4TWT,4G3Y,3IT8,3ALQ,3L9J,2AZ5,7ASY,7QLF"
Fc1ccccc1S(=O)(=O)Nc1ccccc1SCC(=O)Nc1nnc(s1)C(F)(F)F	Tumor necrosis factor	20000	PubChem	"5MU8,9OK6,9OJY,9OJS,9OJO,6X86,6X85,6X83,6X82,6X81,5YOY,7JRA,8Z8M,6OOZ,6OOY,5WUX,5M2M,5M2J,5M2I,4TWT,4G3Y,3IT8,3ALQ,3L9J,2AZ5,7ASY,7QLF"
C[C+](Cn1nnc(n1)[N+]([O-])=O)[N-]NC(=O)c1ccc(Cl)c(Cl)c1	Tumor necrosis factor	20000	PubChem	"5MU8,9OK6,9OJY,9OJS,9OJO,6X86,6X85,6X83,6X82,6X81,5YOY,7JRA,8Z8M,6OOZ,6OOY,5WUX,5M2M,5M2J,5M2I,4TWT,4G3Y,3IT8,3ALQ,3L9J,2AZ5,7ASY,7QLF"
OC(=O)C(Cc1ccccc1)N1C(=S)S\C(=C/c2cccc3ccccc23)C1=O	Tumor necrosis factor	20000	PubChem	"5MU8,9OK6,9OJY,9OJS,9OJO,6X86,6X85,6X83,6X82,6X81,5YOY,7JRA,8Z8M,6OOZ,6OOY,5WUX,5M2M,5M2J,5M2I,4TWT,4G3Y,3IT8,3ALQ,3L9J,2AZ5,7ASY,7QLF"
Cc1cccc(c1)-n1[nH]c2c3C(=O)c4ccccc4C(=O)c3ccc2c1=O	Tumor necrosis factor	20000	PubChem	"5MU8,9OK6,9OJY,9OJS,9OJO,6X86,6X85,6X83,6X82,6X81,5YOY,7JRA,8Z8M,6OOZ,6OOY,5WUX,5M2M,5M2J,5M2I,4TWT,4G3Y,3IT8,3ALQ,3L9J,2AZ5,7ASY,7QLF"
Cc1ccc(C)c(c1)-n1[nH]c2c3C(=O)c4ccccc4C(=O)c3ccc2c1=O	Tumor necrosis factor	20000	PubChem	"5MU8,9OK6,9OJY,9OJS,9OJO,6X86,6X85,6X83,6X82,6X81,5YOY,7JRA,8Z8M,6OOZ,6OOY,5WUX,5M2M,5M2J,5M2I,4TWT,4G3Y,3IT8,3ALQ,3L9J,2AZ5,7ASY,7QLF"
[O-][N+](=O)c1nnn(n1)[C@@H]1[C@H](CC(=CC1=O)c1ccccc1)c1cccs1 |c:12|	Tumor necrosis factor	20000	PubChem	"5MU8,9OK6,9OJY,9OJS,9OJO,6X86,6X85,6X83,6X82,6X81,5YOY,7JRA,8Z8M,6OOZ,6OOY,5WUX,5M2M,5M2J,5M2I,4TWT,4G3Y,3IT8,3ALQ,3L9J,2AZ5,7ASY,7QLF"
Cc1[nH]n(-c2ccccc2)c(=O)c1C=Nc1cccc2ccc(C)nc12 |w:14.16|	Tumor necrosis factor	20000	PubChem	"5MU8,9OK6,9OJY,9OJS,9OJO,6X86,6X85,6X83,6X82,6X81,5YOY,7JRA,8Z8M,6OOZ,6OOY,5WUX,5M2M,5M2J,5M2I,4TWT,4G3Y,3IT8,3ALQ,3L9J,2AZ5,7ASY,7QLF"
CCOC(=O)c1c(C)[nH]c(C)c1C(=O)CSc1nc2ccccc2c(=O)n1-c1ccc(CC)cc1	Tumor necrosis factor	20000	PubChem	"5MU8,9OK6,9OJY,9OJS,9OJO,6X86,6X85,6X83,6X82,6X81,5YOY,7JRA,8Z8M,6OOZ,6OOY,5WUX,5M2M,5M2J,5M2I,4TWT,4G3Y,3IT8,3ALQ,3L9J,2AZ5,7ASY,7QLF"
Cc1cc(NC(=O)c2ccc(C)s2)n(n1)-c1nc2ccccc2[nH]1	Tumor necrosis factor	20000	PubChem	"5MU8,9OK6,9OJY,9OJS,9OJO,6X86,6X85,6X83,6X82,6X81,5YOY,7JRA,8Z8M,6OOZ,6OOY,5WUX,5M2M,5M2J,5M2I,4TWT,4G3Y,3IT8,3ALQ,3L9J,2AZ5,7ASY,7QLF"
CS(=O)(=O)c1ccc2nc(NC(=O)c3cccc(NS(=O)(=O)c4ccc(F)c(F)c4)c3)sc2c1	Tumor necrosis factor	20000	PubChem	"5MU8,9OK6,9OJY,9OJS,9OJO,6X86,6X85,6X83,6X82,6X81,5YOY,7JRA,8Z8M,6OOZ,6OOY,5WUX,5M2M,5M2J,5M2I,4TWT,4G3Y,3IT8,3ALQ,3L9J,2AZ5,7ASY,7QLF"
CC(=O)Nc1ccc(cc1)C(=O)Nc1nc(cs1)-c1cc(C)n(Cc2ccccc2)c1C	Tumor necrosis factor	20000	PubChem	"5MU8,9OK6,9OJY,9OJS,9OJO,6X86,6X85,6X83,6X82,6X81,5YOY,7JRA,8Z8M,6OOZ,6OOY,5WUX,5M2M,5M2J,5M2I,4TWT,4G3Y,3IT8,3ALQ,3L9J,2AZ5,7ASY,7QLF"
Cc1cc(Cl)ccc1OCC(=O)Nc1ccccc1NS(=O)(=O)c1cccs1	Tumor necrosis factor	20000	PubChem	"5MU8,9OK6,9OJY,9OJS,9OJO,6X86,6X85,6X83,6X82,6X81,5YOY,7JRA,8Z8M,6OOZ,6OOY,5WUX,5M2M,5M2J,5M2I,4TWT,4G3Y,3IT8,3ALQ,3L9J,2AZ5,7ASY,7QLF"
Cc1ccc(O)c(c1)\[NH+]=C\c1c[c-](Cc2ccccc2)cc([N+]([O-])=O)c1=O	Tumor necrosis factor	20000	PubChem	"5MU8,9OK6,9OJY,9OJS,9OJO,6X86,6X85,6X83,6X82,6X81,5YOY,7JRA,8Z8M,6OOZ,6OOY,5WUX,5M2M,5M2J,5M2I,4TWT,4G3Y,3IT8,3ALQ,3L9J,2AZ5,7ASY,7QLF"
Cc1ccc(C)c(SCC(=O)OCC(=O)C(C#N)c2nc3ccccc3[nH]2)c1	Tumor necrosis factor	20000	PubChem	"5MU8,9OK6,9OJY,9OJS,9OJO,6X86,6X85,6X83,6X82,6X81,5YOY,7JRA,8Z8M,6OOZ,6OOY,5WUX,5M2M,5M2J,5M2I,4TWT,4G3Y,3IT8,3ALQ,3L9J,2AZ5,7ASY,7QLF"
CC1CCN(CC1)c1nc(C)nc2sc(C(=O)Nc3cc(F)ccc3C)c(C)c12	Tumor necrosis factor	20000	PubChem	"5MU8,9OK6,9OJY,9OJS,9OJO,6X86,6X85,6X83,6X82,6X81,5YOY,7JRA,8Z8M,6OOZ,6OOY,5WUX,5M2M,5M2J,5M2I,4TWT,4G3Y,3IT8,3ALQ,3L9J,2AZ5,7ASY,7QLF"
Nc1[nH]n2c(nc(cc2=O)-c2ccccc2)c1N=Nc1ccc2OCOc2c1 |w:18.21|	Tumor necrosis factor	20000	PubChem	"5MU8,9OK6,9OJY,9OJS,9OJO,6X86,6X85,6X83,6X82,6X81,5YOY,7JRA,8Z8M,6OOZ,6OOY,5WUX,5M2M,5M2J,5M2I,4TWT,4G3Y,3IT8,3ALQ,3L9J,2AZ5,7ASY,7QLF"
CCCCCn1c2ccccc2c(O)c(C(=O)Nc2ccccc2S(N)(=O)=O)c1=O	Tumor necrosis factor	20000	PubChem	"5MU8,9OK6,9OJY,9OJS,9OJO,6X86,6X85,6X83,6X82,6X81,5YOY,7JRA,8Z8M,6OOZ,6OOY,5WUX,5M2M,5M2J,5M2I,4TWT,4G3Y,3IT8,3ALQ,3L9J,2AZ5,7ASY,7QLF"
CC(C)COc1ccc(cc1)C(=O)Nc1sc2COC(C)(C)Cc2c1C(O)=O	Tumor necrosis factor	20000	PubChem	"5MU8,9OK6,9OJY,9OJS,9OJO,6X86,6X85,6X83,6X82,6X81,5YOY,7JRA,8Z8M,6OOZ,6OOY,5WUX,5M2M,5M2J,5M2I,4TWT,4G3Y,3IT8,3ALQ,3L9J,2AZ5,7ASY,7QLF"
Cc1ccc(SCc2cc(=O)[nH]c(SCC(=O)Nc3cc(Cl)ccc3Cl)n2)cc1	Tumor necrosis factor	20000	PubChem	"5MU8,9OK6,9OJY,9OJS,9OJO,6X86,6X85,6X83,6X82,6X81,5YOY,7JRA,8Z8M,6OOZ,6OOY,5WUX,5M2M,5M2J,5M2I,4TWT,4G3Y,3IT8,3ALQ,3L9J,2AZ5,7ASY,7QLF"
Fc1ccc(cc1)N1CCN(CC1)C(=S)NC(=O)c1cccs1	Tumor necrosis factor	20000	PubChem	"5MU8,9OK6,9OJY,9OJS,9OJO,6X86,6X85,6X83,6X82,6X81,5YOY,7JRA,8Z8M,6OOZ,6OOY,5WUX,5M2M,5M2J,5M2I,4TWT,4G3Y,3IT8,3ALQ,3L9J,2AZ5,7ASY,7QLF"
"CC(C=Cc1ccccc1)=NNC(=O)c1cccc(Br)c1 |w:10.11,3.3|"	Tumor necrosis factor	20000	PubChem	"5MU8,9OK6,9OJY,9OJS,9OJO,6X86,6X85,6X83,6X82,6X81,5YOY,7JRA,8Z8M,6OOZ,6OOY,5WUX,5M2M,5M2J,5M2I,4TWT,4G3Y,3IT8,3ALQ,3L9J,2AZ5,7ASY,7QLF"
Oc1ccc(cc1Nc1ncnc2ccc(Br)cc12)[N+]([O-])=O	Tumor necrosis factor	20000	PubChem	"5MU8,9OK6,9OJY,9OJS,9OJO,6X86,6X85,6X83,6X82,6X81,5YOY,7JRA,8Z8M,6OOZ,6OOY,5WUX,5M2M,5M2J,5M2I,4TWT,4G3Y,3IT8,3ALQ,3L9J,2AZ5,7ASY,7QLF"
CC(C)(C)c1ccc(cc1)-c1noc(CCC(=O)NCc2ccco2)n1	Tumor necrosis factor	20000	PubChem	"5MU8,9OK6,9OJY,9OJS,9OJO,6X86,6X85,6X83,6X82,6X81,5YOY,7JRA,8Z8M,6OOZ,6OOY,5WUX,5M2M,5M2J,5M2I,4TWT,4G3Y,3IT8,3ALQ,3L9J,2AZ5,7ASY,7QLF"
Fc1ccc(NC(=S)Nc2nccs2)cc1	Tumor necrosis factor	20000	PubChem	"5MU8,9OK6,9OJY,9OJS,9OJO,6X86,6X85,6X83,6X82,6X81,5YOY,7JRA,8Z8M,6OOZ,6OOY,5WUX,5M2M,5M2J,5M2I,4TWT,4G3Y,3IT8,3ALQ,3L9J,2AZ5,7ASY,7QLF"
COc1cc2ncnc(NCCc3ccccc3)c2cc1OC	Tumor necrosis factor	20000	PubChem	"5MU8,9OK6,9OJY,9OJS,9OJO,6X86,6X85,6X83,6X82,6X81,5YOY,7JRA,8Z8M,6OOZ,6OOY,5WUX,5M2M,5M2J,5M2I,4TWT,4G3Y,3IT8,3ALQ,3L9J,2AZ5,7ASY,7QLF"
Cc1nonc1C(=O)N\N=C\c1ccc(o1)[N+]([O-])=O	Tumor necrosis factor	20000	PubChem	"5MU8,9OK6,9OJY,9OJS,9OJO,6X86,6X85,6X83,6X82,6X81,5YOY,7JRA,8Z8M,6OOZ,6OOY,5WUX,5M2M,5M2J,5M2I,4TWT,4G3Y,3IT8,3ALQ,3L9J,2AZ5,7ASY,7QLF"
Nc1nonc1C(=O)N\N=C\c1ccc(o1)[N+]([O-])=O	Tumor necrosis factor	20000	PubChem	"5MU8,9OK6,9OJY,9OJS,9OJO,6X86,6X85,6X83,6X82,6X81,5YOY,7JRA,8Z8M,6OOZ,6OOY,5WUX,5M2M,5M2J,5M2I,4TWT,4G3Y,3IT8,3ALQ,3L9J,2AZ5,7ASY,7QLF"
CCc1ccc(CN(C)C(=O)CCc2nc3ccccc3n(-c3ccc(OC)cc3)c2=O)cc1	Tumor necrosis factor	20000	PubChem	"5MU8,9OK6,9OJY,9OJS,9OJO,6X86,6X85,6X83,6X82,6X81,5YOY,7JRA,8Z8M,6OOZ,6OOY,5WUX,5M2M,5M2J,5M2I,4TWT,4G3Y,3IT8,3ALQ,3L9J,2AZ5,7ASY,7QLF"
C(C1CCN(CC1)c1ncnc2sccc12)c1ccccc1	Tumor necrosis factor	20000	PubChem	"5MU8,9OK6,9OJY,9OJS,9OJO,6X86,6X85,6X83,6X82,6X81,5YOY,7JRA,8Z8M,6OOZ,6OOY,5WUX,5M2M,5M2J,5M2I,4TWT,4G3Y,3IT8,3ALQ,3L9J,2AZ5,7ASY,7QLF"
CSC(=S)NN=Cc1ccc(Br)cc1 |w:5.4|	Tumor necrosis factor	20000	PubChem	"5MU8,9OK6,9OJY,9OJS,9OJO,6X86,6X85,6X83,6X82,6X81,5YOY,7JRA,8Z8M,6OOZ,6OOY,5WUX,5M2M,5M2J,5M2I,4TWT,4G3Y,3IT8,3ALQ,3L9J,2AZ5,7ASY,7QLF"
CC(C)c1ccc(cc1)-c1csc(NC(=O)c2cccs2)c1C(O)=O	Tumor necrosis factor	20000	PubChem	"5MU8,9OK6,9OJY,9OJS,9OJO,6X86,6X85,6X83,6X82,6X81,5YOY,7JRA,8Z8M,6OOZ,6OOY,5WUX,5M2M,5M2J,5M2I,4TWT,4G3Y,3IT8,3ALQ,3L9J,2AZ5,7ASY,7QLF"
Cc1nn(-c2ccccc2)c2nc([nH]c(=O)c12)C(Cl)(Cl)Cl	Tumor necrosis factor	20000	PubChem	"5MU8,9OK6,9OJY,9OJS,9OJO,6X86,6X85,6X83,6X82,6X81,5YOY,7JRA,8Z8M,6OOZ,6OOY,5WUX,5M2M,5M2J,5M2I,4TWT,4G3Y,3IT8,3ALQ,3L9J,2AZ5,7ASY,7QLF"
COc1ccccc1N(CC=C)S(=O)(=O)c1ccc(Cl)c(c1)C(=O)Nc1ccc(cc1)N1CCOCC1	Tumor necrosis factor	20000	PubChem	"5MU8,9OK6,9OJY,9OJS,9OJO,6X86,6X85,6X83,6X82,6X81,5YOY,7JRA,8Z8M,6OOZ,6OOY,5WUX,5M2M,5M2J,5M2I,4TWT,4G3Y,3IT8,3ALQ,3L9J,2AZ5,7ASY,7QLF"
NC(=O)C1CCN(CC1)c1ccc(cn1)S(=O)(=O)N1CCC(Cc2ccccc2)CC1	Tumor necrosis factor	20000	PubChem	"5MU8,9OK6,9OJY,9OJS,9OJO,6X86,6X85,6X83,6X82,6X81,5YOY,7JRA,8Z8M,6OOZ,6OOY,5WUX,5M2M,5M2J,5M2I,4TWT,4G3Y,3IT8,3ALQ,3L9J,2AZ5,7ASY,7QLF"
Cc1cc(C(=O)COc2cccnc2[N+]([O-])=O)c(C)n1Cc1cccs1	Tumor necrosis factor	20000	PubChem	"5MU8,9OK6,9OJY,9OJS,9OJO,6X86,6X85,6X83,6X82,6X81,5YOY,7JRA,8Z8M,6OOZ,6OOY,5WUX,5M2M,5M2J,5M2I,4TWT,4G3Y,3IT8,3ALQ,3L9J,2AZ5,7ASY,7QLF"
COC(=O)c1ccc2c(c1)nc(CCl)[nH]c2=O	Tumor necrosis factor	20000	PubChem	"5MU8,9OK6,9OJY,9OJS,9OJO,6X86,6X85,6X83,6X82,6X81,5YOY,7JRA,8Z8M,6OOZ,6OOY,5WUX,5M2M,5M2J,5M2I,4TWT,4G3Y,3IT8,3ALQ,3L9J,2AZ5,7ASY,7QLF"
[#6]\[#6](-[#6])=[#6]\[#6]-c1c(-[#8])cc2oc3c(-[#6]\[#6]=[#6](\[#6])-[#6])c(-[#8])c(-[#8])c(-[#6]\[#6]=[#6](\[#6])-[#6])c3c(=O)c2c1-[#8]	Tumor necrosis factor	20000	PubChem	"5MU8,9OK6,9OJY,9OJS,9OJO,6X86,6X85,6X83,6X82,6X81,5YOY,7JRA,8Z8M,6OOZ,6OOY,5WUX,5M2M,5M2J,5M2I,4TWT,4G3Y,3IT8,3ALQ,3L9J,2AZ5,7ASY,7QLF"
CCCCCCCn1c2ccccc2c(O)c(C(=O)Nc2cnccn2)c1=O	Tumor necrosis factor	20000	PubChem	"5MU8,9OK6,9OJY,9OJS,9OJO,6X86,6X85,6X83,6X82,6X81,5YOY,7JRA,8Z8M,6OOZ,6OOY,5WUX,5M2M,5M2J,5M2I,4TWT,4G3Y,3IT8,3ALQ,3L9J,2AZ5,7ASY,7QLF"
Cc1c(Nc2c3ccccc3nc3ccccc23)c(=O)n(-c2ccccc2)n1C	Tumor necrosis factor	20000	PubChem	"5MU8,9OK6,9OJY,9OJS,9OJO,6X86,6X85,6X83,6X82,6X81,5YOY,7JRA,8Z8M,6OOZ,6OOY,5WUX,5M2M,5M2J,5M2I,4TWT,4G3Y,3IT8,3ALQ,3L9J,2AZ5,7ASY,7QLF"
CCC(=O)Nc1nc2ccccc2n1Cc1ccccc1Cl	Tumor necrosis factor	20000	PubChem	"5MU8,9OK6,9OJY,9OJS,9OJO,6X86,6X85,6X83,6X82,6X81,5YOY,7JRA,8Z8M,6OOZ,6OOY,5WUX,5M2M,5M2J,5M2I,4TWT,4G3Y,3IT8,3ALQ,3L9J,2AZ5,7ASY,7QLF"
COc1cc(NC(=O)c2cc3ccccc3cc2O)c(OC)cc1Cl	Tumor necrosis factor	20000	PubChem	"5MU8,9OK6,9OJY,9OJS,9OJO,6X86,6X85,6X83,6X82,6X81,5YOY,7JRA,8Z8M,6OOZ,6OOY,5WUX,5M2M,5M2J,5M2I,4TWT,4G3Y,3IT8,3ALQ,3L9J,2AZ5,7ASY,7QLF"
CCc1cc2\C(C(=O)N3c2c(c1)C(C)CC3(C)C)=C1\SC(=O)NC1=O	Tumor necrosis factor	20000	PubChem	"5MU8,9OK6,9OJY,9OJS,9OJO,6X86,6X85,6X83,6X82,6X81,5YOY,7JRA,8Z8M,6OOZ,6OOY,5WUX,5M2M,5M2J,5M2I,4TWT,4G3Y,3IT8,3ALQ,3L9J,2AZ5,7ASY,7QLF"
CCN1CCN(Cc2ccc(NC(=O)c3ccc(C)c(NC(=O)c4ccno4)c3)cc2C(F)(F)F)CC1	Tumor necrosis factor	20000	PubChem	"5MU8,9OK6,9OJY,9OJS,9OJO,6X86,6X85,6X83,6X82,6X81,5YOY,7JRA,8Z8M,6OOZ,6OOY,5WUX,5M2M,5M2J,5M2I,4TWT,4G3Y,3IT8,3ALQ,3L9J,2AZ5,7ASY,7QLF"
COC(=O)c1scc(c1NN=C(C#N)C(=O)c1ccc(Cl)cc1)S(=O)(=O)C(C)C |w:10.10|	Tumor necrosis factor	20000	PubChem	"5MU8,9OK6,9OJY,9OJS,9OJO,6X86,6X85,6X83,6X82,6X81,5YOY,7JRA,8Z8M,6OOZ,6OOY,5WUX,5M2M,5M2J,5M2I,4TWT,4G3Y,3IT8,3ALQ,3L9J,2AZ5,7ASY,7QLF"
CC(C)(C)NC(=S)NN=Cc1cc(Br)c(O)c(Br)c1 |w:8.7|	Tumor necrosis factor	20000	PubChem	"5MU8,9OK6,9OJY,9OJS,9OJO,6X86,6X85,6X83,6X82,6X81,5YOY,7JRA,8Z8M,6OOZ,6OOY,5WUX,5M2M,5M2J,5M2I,4TWT,4G3Y,3IT8,3ALQ,3L9J,2AZ5,7ASY,7QLF"
COC(=O)c1scc(C#N)c1NN=C(C#N)S(=O)(=O)c1ccc(Cl)cc1 |w:12.12|	Tumor necrosis factor	20000	PubChem	"5MU8,9OK6,9OJY,9OJS,9OJO,6X86,6X85,6X83,6X82,6X81,5YOY,7JRA,8Z8M,6OOZ,6OOY,5WUX,5M2M,5M2J,5M2I,4TWT,4G3Y,3IT8,3ALQ,3L9J,2AZ5,7ASY,7QLF"
OC(=O)c1c(NC(=O)c2ccccc2Cl)sc2CCCCc12	Tumor necrosis factor	20000	PubChem	"5MU8,9OK6,9OJY,9OJS,9OJO,6X86,6X85,6X83,6X82,6X81,5YOY,7JRA,8Z8M,6OOZ,6OOY,5WUX,5M2M,5M2J,5M2I,4TWT,4G3Y,3IT8,3ALQ,3L9J,2AZ5,7ASY,7QLF"
CC1CCc2c(C1)sc(NC(=O)\C=C\c1cccs1)c2C(O)=O	Tumor necrosis factor	20000	PubChem	"5MU8,9OK6,9OJY,9OJS,9OJO,6X86,6X85,6X83,6X82,6X81,5YOY,7JRA,8Z8M,6OOZ,6OOY,5WUX,5M2M,5M2J,5M2I,4TWT,4G3Y,3IT8,3ALQ,3L9J,2AZ5,7ASY,7QLF"
Cc1ccc(cc1)S(=O)(=O)n1c(N)nc2ccccc12	Tumor necrosis factor	20000	PubChem	"5MU8,9OK6,9OJY,9OJS,9OJO,6X86,6X85,6X83,6X82,6X81,5YOY,7JRA,8Z8M,6OOZ,6OOY,5WUX,5M2M,5M2J,5M2I,4TWT,4G3Y,3IT8,3ALQ,3L9J,2AZ5,7ASY,7QLF"
FC(F)(F)c1cc(C=Cc2ccccc2C(F)(F)F)[nH]c(=O)n1 |w:8.8|	Tumor necrosis factor	20000	PubChem	"5MU8,9OK6,9OJY,9OJS,9OJO,6X86,6X85,6X83,6X82,6X81,5YOY,7JRA,8Z8M,6OOZ,6OOY,5WUX,5M2M,5M2J,5M2I,4TWT,4G3Y,3IT8,3ALQ,3L9J,2AZ5,7ASY,7QLF"
c1cc(ccc1C(=O)Nc2c(c3c(s2)CCCC3)C(=O)O)Cl	Tumor necrosis factor	20000	PubChem	"5MU8,9OK6,9OJY,9OJS,9OJO,6X86,6X85,6X83,6X82,6X81,5YOY,7JRA,8Z8M,6OOZ,6OOY,5WUX,5M2M,5M2J,5M2I,4TWT,4G3Y,3IT8,3ALQ,3L9J,2AZ5,7ASY,7QLF"
COc1cc(\C=C2\C(=O)NN(C2=O)c2cccc(Cl)c2)cc(Br)c1O	Tumor necrosis factor	20000	PubChem	"5MU8,9OK6,9OJY,9OJS,9OJO,6X86,6X85,6X83,6X82,6X81,5YOY,7JRA,8Z8M,6OOZ,6OOY,5WUX,5M2M,5M2J,5M2I,4TWT,4G3Y,3IT8,3ALQ,3L9J,2AZ5,7ASY,7QLF"
Cc1oc2c(C)c3oc(=O)c(CCC(O)=O)c(C)c3cc2c1-c1ccccc1	Tumor necrosis factor	20000	PubChem	"5MU8,9OK6,9OJY,9OJS,9OJO,6X86,6X85,6X83,6X82,6X81,5YOY,7JRA,8Z8M,6OOZ,6OOY,5WUX,5M2M,5M2J,5M2I,4TWT,4G3Y,3IT8,3ALQ,3L9J,2AZ5,7ASY,7QLF"
COc1cc(cc(OC)c1OC)C(=O)Nc1scc(c1C(O)=O)-c1ccc(Br)cc1	Tumor necrosis factor	20000	PubChem	"5MU8,9OK6,9OJY,9OJS,9OJO,6X86,6X85,6X83,6X82,6X81,5YOY,7JRA,8Z8M,6OOZ,6OOY,5WUX,5M2M,5M2J,5M2I,4TWT,4G3Y,3IT8,3ALQ,3L9J,2AZ5,7ASY,7QLF"
FC(F)(F)c1cccc(CSc2nc(-c3ccccc3)c(C#N)c(=O)[nH]2)c1	Tumor necrosis factor	20000	PubChem	"5MU8,9OK6,9OJY,9OJS,9OJO,6X86,6X85,6X83,6X82,6X81,5YOY,7JRA,8Z8M,6OOZ,6OOY,5WUX,5M2M,5M2J,5M2I,4TWT,4G3Y,3IT8,3ALQ,3L9J,2AZ5,7ASY,7QLF"
Cc1ccc(CSc2nc(-c3ccccc3)c(C#N)c(=O)[nH]2)cc1	Tumor necrosis factor	20000	PubChem	"5MU8,9OK6,9OJY,9OJS,9OJO,6X86,6X85,6X83,6X82,6X81,5YOY,7JRA,8Z8M,6OOZ,6OOY,5WUX,5M2M,5M2J,5M2I,4TWT,4G3Y,3IT8,3ALQ,3L9J,2AZ5,7ASY,7QLF"
COc1ccc(cc1OC)-c1cc(N)n(n1)S(=O)(=O)c1ccc(F)cc1	Tumor necrosis factor	20000	PubChem	"5MU8,9OK6,9OJY,9OJS,9OJO,6X86,6X85,6X83,6X82,6X81,5YOY,7JRA,8Z8M,6OOZ,6OOY,5WUX,5M2M,5M2J,5M2I,4TWT,4G3Y,3IT8,3ALQ,3L9J,2AZ5,7ASY,7QLF"
COc1ccc(cc1OC)-c1cc(N)n(n1)S(=O)(=O)c1ccccc1	Tumor necrosis factor	20000	PubChem	"5MU8,9OK6,9OJY,9OJS,9OJO,6X86,6X85,6X83,6X82,6X81,5YOY,7JRA,8Z8M,6OOZ,6OOY,5WUX,5M2M,5M2J,5M2I,4TWT,4G3Y,3IT8,3ALQ,3L9J,2AZ5,7ASY,7QLF"
Nc1cc(nn1S(=O)(=O)c1c(F)c(F)c(F)c(F)c1F)-c1ccccc1	Tumor necrosis factor	20000	PubChem	"5MU8,9OK6,9OJY,9OJS,9OJO,6X86,6X85,6X83,6X82,6X81,5YOY,7JRA,8Z8M,6OOZ,6OOY,5WUX,5M2M,5M2J,5M2I,4TWT,4G3Y,3IT8,3ALQ,3L9J,2AZ5,7ASY,7QLF"
COc1ccc(cc1OC)-c1cc(N)n(n1)S(=O)(=O)c1ccc(Cl)cc1	Tumor necrosis factor	20000	PubChem	"5MU8,9OK6,9OJY,9OJS,9OJO,6X86,6X85,6X83,6X82,6X81,5YOY,7JRA,8Z8M,6OOZ,6OOY,5WUX,5M2M,5M2J,5M2I,4TWT,4G3Y,3IT8,3ALQ,3L9J,2AZ5,7ASY,7QLF"
COc1ccc(cc1OC)-c1cc(N)n(n1)S(=O)(=O)c1ccc(cc1)C(C)(C)C	Tumor necrosis factor	20000	PubChem	"5MU8,9OK6,9OJY,9OJS,9OJO,6X86,6X85,6X83,6X82,6X81,5YOY,7JRA,8Z8M,6OOZ,6OOY,5WUX,5M2M,5M2J,5M2I,4TWT,4G3Y,3IT8,3ALQ,3L9J,2AZ5,7ASY,7QLF"
Nc1cc(nn1S(=O)(=O)c1c(F)c(F)c(F)c(F)c1F)-c1ccc(Cl)cc1	Tumor necrosis factor	20000	PubChem	"5MU8,9OK6,9OJY,9OJS,9OJO,6X86,6X85,6X83,6X82,6X81,5YOY,7JRA,8Z8M,6OOZ,6OOY,5WUX,5M2M,5M2J,5M2I,4TWT,4G3Y,3IT8,3ALQ,3L9J,2AZ5,7ASY,7QLF"
Nc1cc(NC(=O)c2ccc3ccccc3c2O)ccc1Cl	Tumor necrosis factor	20000	PubChem	"5MU8,9OK6,9OJY,9OJS,9OJO,6X86,6X85,6X83,6X82,6X81,5YOY,7JRA,8Z8M,6OOZ,6OOY,5WUX,5M2M,5M2J,5M2I,4TWT,4G3Y,3IT8,3ALQ,3L9J,2AZ5,7ASY,7QLF"
Cc1ccc(cc1)S(=O)(=O)n1c(N)nc2ccccc12	Tumor necrosis factor	20000	PubChem	"5MU8,9OK6,9OJY,9OJS,9OJO,6X86,6X85,6X83,6X82,6X81,5YOY,7JRA,8Z8M,6OOZ,6OOY,5WUX,5M2M,5M2J,5M2I,4TWT,4G3Y,3IT8,3ALQ,3L9J,2AZ5,7ASY,7QLF"
Cc1ccc(cc1)S(=O)(=O)n1c(N)nc2cc(C)c(C)cc12	Tumor necrosis factor	20000	PubChem	"5MU8,9OK6,9OJY,9OJS,9OJO,6X86,6X85,6X83,6X82,6X81,5YOY,7JRA,8Z8M,6OOZ,6OOY,5WUX,5M2M,5M2J,5M2I,4TWT,4G3Y,3IT8,3ALQ,3L9J,2AZ5,7ASY,7QLF"
C\C=C\Cn1c(SCc2ccccc2)nc2n(C)c(=O)[nH]c(=O)c12	Tumor necrosis factor	20000	PubChem	"5MU8,9OK6,9OJY,9OJS,9OJO,6X86,6X85,6X83,6X82,6X81,5YOY,7JRA,8Z8M,6OOZ,6OOY,5WUX,5M2M,5M2J,5M2I,4TWT,4G3Y,3IT8,3ALQ,3L9J,2AZ5,7ASY,7QLF"
CCCCCn1c(SCCc2ccccc2)nc2n(C)c(=O)[nH]c(=O)c12	Tumor necrosis factor	20000	PubChem	"5MU8,9OK6,9OJY,9OJS,9OJO,6X86,6X85,6X83,6X82,6X81,5YOY,7JRA,8Z8M,6OOZ,6OOY,5WUX,5M2M,5M2J,5M2I,4TWT,4G3Y,3IT8,3ALQ,3L9J,2AZ5,7ASY,7QLF"
CCCCn1c(SCC(=O)c2ccccc2)nc2n(C)c(=O)[nH]c(=O)c12	Tumor necrosis factor	20000	PubChem	"5MU8,9OK6,9OJY,9OJS,9OJO,6X86,6X85,6X83,6X82,6X81,5YOY,7JRA,8Z8M,6OOZ,6OOY,5WUX,5M2M,5M2J,5M2I,4TWT,4G3Y,3IT8,3ALQ,3L9J,2AZ5,7ASY,7QLF"
CC(C)Sc1nc2n(C)c(=O)[nH]c(=O)c2n1Cc1ccccc1	Tumor necrosis factor	20000	PubChem	"5MU8,9OK6,9OJY,9OJS,9OJO,6X86,6X85,6X83,6X82,6X81,5YOY,7JRA,8Z8M,6OOZ,6OOY,5WUX,5M2M,5M2J,5M2I,4TWT,4G3Y,3IT8,3ALQ,3L9J,2AZ5,7ASY,7QLF"
COCCn1c(SCCCc2ccccc2)nc2n(C)c(=O)[nH]c(=O)c12	Tumor necrosis factor	20000	PubChem	"5MU8,9OK6,9OJY,9OJS,9OJO,6X86,6X85,6X83,6X82,6X81,5YOY,7JRA,8Z8M,6OOZ,6OOY,5WUX,5M2M,5M2J,5M2I,4TWT,4G3Y,3IT8,3ALQ,3L9J,2AZ5,7ASY,7QLF"
C\C=C\Cn1c(SCc2ccc(Cl)cc2)nc2n(C)c(=O)[nH]c(=O)c12	Tumor necrosis factor	20000	PubChem	"5MU8,9OK6,9OJY,9OJS,9OJO,6X86,6X85,6X83,6X82,6X81,5YOY,7JRA,8Z8M,6OOZ,6OOY,5WUX,5M2M,5M2J,5M2I,4TWT,4G3Y,3IT8,3ALQ,3L9J,2AZ5,7ASY,7QLF"
Cn1c2nc(SCCCc3ccccc3)n(CC=C)c2c(=O)[nH]c1=O	Tumor necrosis factor	20000	PubChem	"5MU8,9OK6,9OJY,9OJS,9OJO,6X86,6X85,6X83,6X82,6X81,5YOY,7JRA,8Z8M,6OOZ,6OOY,5WUX,5M2M,5M2J,5M2I,4TWT,4G3Y,3IT8,3ALQ,3L9J,2AZ5,7ASY,7QLF"
CCCn1c(SCCc2ccccc2)nc2n(C)c(=O)[nH]c(=O)c12	Tumor necrosis factor	20000	PubChem	"5MU8,9OK6,9OJY,9OJS,9OJO,6X86,6X85,6X83,6X82,6X81,5YOY,7JRA,8Z8M,6OOZ,6OOY,5WUX,5M2M,5M2J,5M2I,4TWT,4G3Y,3IT8,3ALQ,3L9J,2AZ5,7ASY,7QLF"
CC(C)n1c(SCCCc2ccccc2)nc2n(C)c(=O)[nH]c(=O)c12	Tumor necrosis factor	20000	PubChem	"5MU8,9OK6,9OJY,9OJS,9OJO,6X86,6X85,6X83,6X82,6X81,5YOY,7JRA,8Z8M,6OOZ,6OOY,5WUX,5M2M,5M2J,5M2I,4TWT,4G3Y,3IT8,3ALQ,3L9J,2AZ5,7ASY,7QLF"
Nc1nc2ccccc2n1S(=O)(=O)c1ccc(OC(F)(F)F)cc1	Tumor necrosis factor	20000	PubChem	"5MU8,9OK6,9OJY,9OJS,9OJO,6X86,6X85,6X83,6X82,6X81,5YOY,7JRA,8Z8M,6OOZ,6OOY,5WUX,5M2M,5M2J,5M2I,4TWT,4G3Y,3IT8,3ALQ,3L9J,2AZ5,7ASY,7QLF"
CC(C)c1ccc(cc1)S(=O)(=O)n1c(N)nc2ccccc12	Tumor necrosis factor	20000	PubChem	"5MU8,9OK6,9OJY,9OJS,9OJO,6X86,6X85,6X83,6X82,6X81,5YOY,7JRA,8Z8M,6OOZ,6OOY,5WUX,5M2M,5M2J,5M2I,4TWT,4G3Y,3IT8,3ALQ,3L9J,2AZ5,7ASY,7QLF"
Nc1nc2ccccc2n1S(=O)(=O)c1ccc(F)cc1	Tumor necrosis factor	20000	PubChem	"5MU8,9OK6,9OJY,9OJS,9OJO,6X86,6X85,6X83,6X82,6X81,5YOY,7JRA,8Z8M,6OOZ,6OOY,5WUX,5M2M,5M2J,5M2I,4TWT,4G3Y,3IT8,3ALQ,3L9J,2AZ5,7ASY,7QLF"
Nc1nc2ccccc2n1S(=O)(=O)c1cccc2ccccc12	Tumor necrosis factor	20000	PubChem	"5MU8,9OK6,9OJY,9OJS,9OJO,6X86,6X85,6X83,6X82,6X81,5YOY,7JRA,8Z8M,6OOZ,6OOY,5WUX,5M2M,5M2J,5M2I,4TWT,4G3Y,3IT8,3ALQ,3L9J,2AZ5,7ASY,7QLF"
Cc1ccccc1S(=O)(=O)n1c(N)nc2ccccc12	Tumor necrosis factor	20000	PubChem	"5MU8,9OK6,9OJY,9OJS,9OJO,6X86,6X85,6X83,6X82,6X81,5YOY,7JRA,8Z8M,6OOZ,6OOY,5WUX,5M2M,5M2J,5M2I,4TWT,4G3Y,3IT8,3ALQ,3L9J,2AZ5,7ASY,7QLF"
Nc1nc2ccccc2n1S(=O)(=O)c1ccccc1C#N	Tumor necrosis factor	20000	PubChem	"5MU8,9OK6,9OJY,9OJS,9OJO,6X86,6X85,6X83,6X82,6X81,5YOY,7JRA,8Z8M,6OOZ,6OOY,5WUX,5M2M,5M2J,5M2I,4TWT,4G3Y,3IT8,3ALQ,3L9J,2AZ5,7ASY,7QLF"
Nc1nc2ccccc2n1S(=O)(=O)c1ccc(Cl)c(Cl)c1	Tumor necrosis factor	20000	PubChem	"5MU8,9OK6,9OJY,9OJS,9OJO,6X86,6X85,6X83,6X82,6X81,5YOY,7JRA,8Z8M,6OOZ,6OOY,5WUX,5M2M,5M2J,5M2I,4TWT,4G3Y,3IT8,3ALQ,3L9J,2AZ5,7ASY,7QLF"
Nc1cc(nn1S(=O)(=O)c1ccc(F)c(Cl)c1)-c1ccccc1	Tumor necrosis factor	20000	PubChem	"5MU8,9OK6,9OJY,9OJS,9OJO,6X86,6X85,6X83,6X82,6X81,5YOY,7JRA,8Z8M,6OOZ,6OOY,5WUX,5M2M,5M2J,5M2I,4TWT,4G3Y,3IT8,3ALQ,3L9J,2AZ5,7ASY,7QLF"
COc1ccc(cc1OC)-c1cc(N)n(n1)S(=O)(=O)c1cccc(c1)[N+]([O-])=O	Tumor necrosis factor	20000	PubChem	"5MU8,9OK6,9OJY,9OJS,9OJO,6X86,6X85,6X83,6X82,6X81,5YOY,7JRA,8Z8M,6OOZ,6OOY,5WUX,5M2M,5M2J,5M2I,4TWT,4G3Y,3IT8,3ALQ,3L9J,2AZ5,7ASY,7QLF"
CN(C(c1c[nH]c2ccccc12)c1ccccc1)C(=O)c1ccccc1	Tumor necrosis factor	20000	PubChem	"5MU8,9OK6,9OJY,9OJS,9OJO,6X86,6X85,6X83,6X82,6X81,5YOY,7JRA,8Z8M,6OOZ,6OOY,5WUX,5M2M,5M2J,5M2I,4TWT,4G3Y,3IT8,3ALQ,3L9J,2AZ5,7ASY,7QLF"
CC(C)C(=O)N(C)C(c1c[nH]c2ccccc12)c1ccccc1	Tumor necrosis factor	20000	PubChem	"5MU8,9OK6,9OJY,9OJS,9OJO,6X86,6X85,6X83,6X82,6X81,5YOY,7JRA,8Z8M,6OOZ,6OOY,5WUX,5M2M,5M2J,5M2I,4TWT,4G3Y,3IT8,3ALQ,3L9J,2AZ5,7ASY,7QLF"
Nc1nc2ccccc2n1S(=O)(=O)c1ccc(cc1)C(F)(F)F	Tumor necrosis factor	20000	PubChem	"5MU8,9OK6,9OJY,9OJS,9OJO,6X86,6X85,6X83,6X82,6X81,5YOY,7JRA,8Z8M,6OOZ,6OOY,5WUX,5M2M,5M2J,5M2I,4TWT,4G3Y,3IT8,3ALQ,3L9J,2AZ5,7ASY,7QLF"
Nc1nc2ccccc2n1S(=O)(=O)c1ccc(cc1)C#N	Tumor necrosis factor	20000	PubChem	"5MU8,9OK6,9OJY,9OJS,9OJO,6X86,6X85,6X83,6X82,6X81,5YOY,7JRA,8Z8M,6OOZ,6OOY,5WUX,5M2M,5M2J,5M2I,4TWT,4G3Y,3IT8,3ALQ,3L9J,2AZ5,7ASY,7QLF"
CCn1c(=O)n(C2CCCC2)c2c3cccc(C(C)C)c3ncc2c1=O	Tumor necrosis factor	20000	US Patent	"2AZ5,3ALQ,3IT8,3L9J,4G3Y,4TWT,5M2I,5M2J,5M2M,5MU8,5WUX,5YOY,6OOY,6OOZ,6X81,6X82,6X83,6X85,6X86,7JRA"
CCn1c(=O)n(C(C)C)c2c3cccc(OC)c3ncc2c1=O	Tumor necrosis factor	20000	US Patent	"2AZ5,3ALQ,3IT8,3L9J,4G3Y,4TWT,5M2I,5M2J,5M2M,5MU8,5WUX,5YOY,6OOY,6OOZ,6X81,6X82,6X83,6X85,6X86,7JRA"
CCOC(=O)CCCn1c(=O)n(CC(C)C)c2nccnc2c1=O	Tumor necrosis factor	20000	ChEMBL	"2AZ5,3ALQ,3IT8,3L9J,4G3Y,4TWT,5M2I,5M2J,5M2M,5MU8,5WUX,5YOY,6OOY,6OOZ,6X81,6X82,6X83,6X85,6X86,7JRA"
CCOC(=O)CCCn1cc(F)c2cc(OC)c(OC)cc2c1=O	Tumor necrosis factor	20000	ChEMBL	"2AZ5,3ALQ,3IT8,3L9J,4G3Y,4TWT,5M2I,5M2J,5M2M,5MU8,5WUX,5YOY,6OOY,6OOZ,6X81,6X82,6X83,6X85,6X86,7JRA"
CCOC(=O)CCCn1cnc2cc(OC)c(OC)c(N)c2c1=O	Tumor necrosis factor	20000	ChEMBL	"2AZ5,3ALQ,3IT8,3L9J,4G3Y,4TWT,5M2I,5M2J,5M2M,5MU8,5WUX,5YOY,6OOY,6OOZ,6X81,6X82,6X83,6X85,6X86,7JRA"
FC(F)(F)c1cncc(c1)-c1ccc2ncc(n2n1)S(=O)(=O)N1CCC(CC1)(C#N)c1ccccc1	Tumor necrosis factor	20000	ChEMBL	"2AZ5,3ALQ,3IT8,3L9J,4G3Y,4TWT,5M2I,5M2J,5M2M,5MU8,5WUX,5YOY,6OOY,6OOZ,6X81,6X82,6X83,6X85,6X86,7JRA"
CCN1CCN(CC1)S(=O)(=O)c1cnc2ccc(nn12)-c1ccc(OC)cc1	Tumor necrosis factor	20000	ChEMBL	"2AZ5,3ALQ,3IT8,3L9J,4G3Y,4TWT,5M2I,5M2J,5M2M,5MU8,5WUX,5YOY,6OOY,6OOZ,6X81,6X82,6X83,6X85,6X86,7JRA"
CCN1CCN(CC1)S(=O)(=O)c1cnc2ccc(nn12)-c1ccc(OC)nc1	Tumor necrosis factor	20000	ChEMBL	"2AZ5,3ALQ,3IT8,3L9J,4G3Y,4TWT,5M2I,5M2J,5M2M,5MU8,5WUX,5YOY,6OOY,6OOZ,6X81,6X82,6X83,6X85,6X86,7JRA"
CN(CCN(C)Cc1coc2cc(C)c(C)cc2c1=O)Cc1cn(-c2cccc(c2)C(F)(F)F)c2ccccc12	Tumor necrosis factor	20300	ChEMBL	"2AZ5,3ALQ,3IT8,3L9J,4G3Y,4TWT,5M2I,5M2J,5M2M,5MU8,5WUX,5YOY,6OOY,6OOZ,6X81,6X82,6X83,6X85,6X86,7JRA"
CCSCCSP(=O)(OC)OC	Tumor necrosis factor	20570	ChEMBL	"2AZ5,3ALQ,3IT8,3L9J,4G3Y,4TWT,5M2I,5M2J,5M2M,5MU8,5WUX,5YOY,6OOY,6OOZ,6X81,6X82,6X83,6X85,6X86,7JRA"
CCOC(=O)CCCCn1ccc2cc(OC)c(OC)cc2c1=O	Tumor necrosis factor	21000	ChEMBL	"2AZ5,3ALQ,3IT8,3L9J,4G3Y,4TWT,5M2I,5M2J,5M2M,5MU8,5WUX,5YOY,6OOY,6OOZ,6X81,6X82,6X83,6X85,6X86,7JRA"
CCOC(=O)CCCn1cnc2cc(OC)c(OC)c(Cl)c2c1=O	Tumor necrosis factor	22000	ChEMBL	"2AZ5,3ALQ,3IT8,3L9J,4G3Y,4TWT,5M2I,5M2J,5M2M,5MU8,5WUX,5YOY,6OOY,6OOZ,6X81,6X82,6X83,6X85,6X86,7JRA"
CN(CCN(C)Cc1coc2cc(C)c(C)cc2c1=O)Cc1cn(-c2cccc(c2)C(F)(F)F)c2ccccc12	Tumor necrosis factor	22000	ChEMBL	"2AZ5,3ALQ,3IT8,3L9J,4G3Y,4TWT,5M2I,5M2J,5M2M,5MU8,5WUX,5YOY,6OOY,6OOZ,6X81,6X82,6X83,6X85,6X86,7JRA"
CN(CCN(C)Cc1coc2cc(C)c(C)cc2c1=O)Cc1cn(-c2cccc(c2)C(F)(F)F)c2ccccc12	Tumor necrosis factor	22000	ChEMBL	"2AZ5,3ALQ,3IT8,3L9J,4G3Y,4TWT,5M2I,5M2J,5M2M,5MU8,5WUX,5YOY,6OOY,6OOZ,6X81,6X82,6X83,6X85,6X86,7JRA"
COC(=O)\C=C/Cn1c(=O)n(C)c2nccnc2c1=O	Tumor necrosis factor	25000	ChEMBL	"2AZ5,3ALQ,3IT8,3L9J,4G3Y,4TWT,5M2I,5M2J,5M2M,5MU8,5WUX,5YOY,6OOY,6OOZ,6X81,6X82,6X83,6X85,6X86,7JRA"
CCOC(=O)CCCn1c(=O)n(C)c2nsnc2c1=O	Tumor necrosis factor	25000	ChEMBL	"2AZ5,3ALQ,3IT8,3L9J,4G3Y,4TWT,5M2I,5M2J,5M2M,5MU8,5WUX,5YOY,6OOY,6OOZ,6X81,6X82,6X83,6X85,6X86,7JRA"
CCOC(=O)CCCOc1nc(nc2cc(OC)c(OC)cc12)N(C)C	Tumor necrosis factor	25000	ChEMBL	"2AZ5,3ALQ,3IT8,3L9J,4G3Y,4TWT,5M2I,5M2J,5M2M,5MU8,5WUX,5YOY,6OOY,6OOZ,6X81,6X82,6X83,6X85,6X86,7JRA"
CCOC(=O)CCCn1c(Nc2ccccc2)nc2cc(OC)c(OC)cc2c1=O	Tumor necrosis factor	25000	ChEMBL	"2AZ5,3ALQ,3IT8,3L9J,4G3Y,4TWT,5M2I,5M2J,5M2M,5MU8,5WUX,5YOY,6OOY,6OOZ,6X81,6X82,6X83,6X85,6X86,7JRA"
CCOC(=O)CCCn1cnc2ccc(cc2c1=O)[N+]([O-])=O	Tumor necrosis factor	25000	ChEMBL	"2AZ5,3ALQ,3IT8,3L9J,4G3Y,4TWT,5M2I,5M2J,5M2M,5MU8,5WUX,5YOY,6OOY,6OOZ,6X81,6X82,6X83,6X85,6X86,7JRA"
CCOC(=O)CCCn1cnc2cc(F)ccc2c1=O	Tumor necrosis factor	25000	ChEMBL	"2AZ5,3ALQ,3IT8,3L9J,4G3Y,4TWT,5M2I,5M2J,5M2M,5MU8,5WUX,5YOY,6OOY,6OOZ,6X81,6X82,6X83,6X85,6X86,7JRA"
CCOC(=O)CCCn1c(N)nc2cc(OC)c(OC)cc2c1=O	Tumor necrosis factor	25000	ChEMBL	"2AZ5,3ALQ,3IT8,3L9J,4G3Y,4TWT,5M2I,5M2J,5M2M,5MU8,5WUX,5YOY,6OOY,6OOZ,6X81,6X82,6X83,6X85,6X86,7JRA"
CCOC(=O)CCCn1cnc2ccc(Cl)cc2c1=O	Tumor necrosis factor	25000	ChEMBL	"2AZ5,3ALQ,3IT8,3L9J,4G3Y,4TWT,5M2I,5M2J,5M2M,5MU8,5WUX,5YOY,6OOY,6OOZ,6X81,6X82,6X83,6X85,6X86,7JRA"
CCOC(=O)CCCn1cnc2ccc(F)cc2c1=O	Tumor necrosis factor	25000	ChEMBL	"2AZ5,3ALQ,3IT8,3L9J,4G3Y,4TWT,5M2I,5M2J,5M2M,5MU8,5WUX,5YOY,6OOY,6OOZ,6X81,6X82,6X83,6X85,6X86,7JRA"
CCOC(=O)CCCOc1nc(Nc2ccc(Br)cc2)nc2cc(OC)c(OC)cc12	Tumor necrosis factor	25000	ChEMBL	"2AZ5,3ALQ,3IT8,3L9J,4G3Y,4TWT,5M2I,5M2J,5M2M,5MU8,5WUX,5YOY,6OOY,6OOZ,6X81,6X82,6X83,6X85,6X86,7JRA"
CCOC(=O)CCCn1cnc2cccc(Cl)c2c1=O	Tumor necrosis factor	25000	ChEMBL	"2AZ5,3ALQ,3IT8,3L9J,4G3Y,4TWT,5M2I,5M2J,5M2M,5MU8,5WUX,5YOY,6OOY,6OOZ,6X81,6X82,6X83,6X85,6X86,7JRA"
CCOC(=O)CCCn1cnc2cc(ccc2c1=O)[N+]([O-])=O	Tumor necrosis factor	25000	ChEMBL	"2AZ5,3ALQ,3IT8,3L9J,4G3Y,4TWT,5M2I,5M2J,5M2M,5MU8,5WUX,5YOY,6OOY,6OOZ,6X81,6X82,6X83,6X85,6X86,7JRA"
CCOC(=O)CCCn1cnc2cc(OC)c(OC)c(N=[N+]=[N-])c2c1=O	Tumor necrosis factor	25000	ChEMBL	"2AZ5,3ALQ,3IT8,3L9J,4G3Y,4TWT,5M2I,5M2J,5M2M,5MU8,5WUX,5YOY,6OOY,6OOZ,6X81,6X82,6X83,6X85,6X86,7JRA"
CCOC(=O)CCCn1cnc2ccccc2c1=O	Tumor necrosis factor	25000	ChEMBL	"2AZ5,3ALQ,3IT8,3L9J,4G3Y,4TWT,5M2I,5M2J,5M2M,5MU8,5WUX,5YOY,6OOY,6OOZ,6X81,6X82,6X83,6X85,6X86,7JRA"
CCOC(=O)CCCn1cnc2cc(F)c(F)cc2c1=O	Tumor necrosis factor	25000	ChEMBL	"2AZ5,3ALQ,3IT8,3L9J,4G3Y,4TWT,5M2I,5M2J,5M2M,5MU8,5WUX,5YOY,6OOY,6OOZ,6X81,6X82,6X83,6X85,6X86,7JRA"
CCOC(=O)CCCn1cnc2ccc(Br)cc2c1=O	Tumor necrosis factor	25000	ChEMBL	"2AZ5,3ALQ,3IT8,3L9J,4G3Y,4TWT,5M2I,5M2J,5M2M,5MU8,5WUX,5YOY,6OOY,6OOZ,6X81,6X82,6X83,6X85,6X86,7JRA"
CCOC(=O)CCCn1cnc2cc(Cl)ccc2c1=O	Tumor necrosis factor	25000	ChEMBL	"2AZ5,3ALQ,3IT8,3L9J,4G3Y,4TWT,5M2I,5M2J,5M2M,5MU8,5WUX,5YOY,6OOY,6OOZ,6X81,6X82,6X83,6X85,6X86,7JRA"
CCOC(=O)CCCOc1nc(Nc2ccccc2)nc2cc(OC)c(OC)cc12	Tumor necrosis factor	25000	ChEMBL	"2AZ5,3ALQ,3IT8,3L9J,4G3Y,4TWT,5M2I,5M2J,5M2M,5MU8,5WUX,5YOY,6OOY,6OOZ,6X81,6X82,6X83,6X85,6X86,7JRA"
Clc1ccc2ncc(n2n1)S(=O)(=O)N1CCC(CC1)(C#N)c1ccccc1	Tumor necrosis factor	25000	ChEMBL	"2AZ5,3ALQ,3IT8,3L9J,4G3Y,4TWT,5M2I,5M2J,5M2M,5MU8,5WUX,5YOY,6OOY,6OOZ,6X81,6X82,6X83,6X85,6X86,7JRA"
Cc1ccc(C)c(Nc2ccnc3ccc(cc23)-c2ccc(nc2)C#N)c1	Tumor necrosis factor	25000	ChEMBL	"2AZ5,3ALQ,3IT8,3L9J,4G3Y,4TWT,5M2I,5M2J,5M2M,5MU8,5WUX,5YOY,6OOY,6OOZ,6X81,6X82,6X83,6X85,6X86,7JRA"
CC(C)(O)c1ncc(cn1)-c1ccc2ncc(Cl)c(NCc3ccccc3)c2c1	Tumor necrosis factor	25000	ChEMBL	"2AZ5,3ALQ,3IT8,3L9J,4G3Y,4TWT,5M2I,5M2J,5M2M,5MU8,5WUX,5YOY,6OOY,6OOZ,6X81,6X82,6X83,6X85,6X86,7JRA"
C[C@H](Nc1c(Cl)cnc2ccc(cc12)-c1cnc(nc1)C(C)(C)O)c1ccccc1	Tumor necrosis factor	25000	ChEMBL	"2AZ5,3ALQ,3IT8,3L9J,4G3Y,4TWT,5M2I,5M2J,5M2M,5MU8,5WUX,5YOY,6OOY,6OOZ,6X81,6X82,6X83,6X85,6X86,7JRA"
CC(C)(O)c1ncc(cn1)-c1ccc2ncc(Cl)c(NC(C)(C)c3ccccc3)c2c1	Tumor necrosis factor	25000	ChEMBL	"2AZ5,3ALQ,3IT8,3L9J,4G3Y,4TWT,5M2I,5M2J,5M2M,5MU8,5WUX,5YOY,6OOY,6OOZ,6X81,6X82,6X83,6X85,6X86,7JRA"
CC(Nc1c(Cl)cnc2ccc(cc12)-c1cnc(nc1)C(C)(C)O)c1ccccn1	Tumor necrosis factor	25000	ChEMBL	"2AZ5,3ALQ,3IT8,3L9J,4G3Y,4TWT,5M2I,5M2J,5M2M,5MU8,5WUX,5YOY,6OOY,6OOZ,6X81,6X82,6X83,6X85,6X86,7JRA"
C[C@@H](Nc1ccnc2ccc(cc12)-c1cnc(nc1)C(C)(C)O)c1cc(ccc1F)N1CCCC1	Tumor necrosis factor	25000	ChEMBL	"2AZ5,3ALQ,3IT8,3L9J,4G3Y,4TWT,5M2I,5M2J,5M2M,5MU8,5WUX,5YOY,6OOY,6OOZ,6X81,6X82,6X83,6X85,6X86,7JRA"
CC(Nc1c(Cl)cnc2c(Cl)cc(cc12)-c1cnc(nc1)C(C)(C)O)c1ccccc1F	Tumor necrosis factor	25000	ChEMBL	"2AZ5,3ALQ,3IT8,3L9J,4G3Y,4TWT,5M2I,5M2J,5M2M,5MU8,5WUX,5YOY,6OOY,6OOZ,6X81,6X82,6X83,6X85,6X86,7JRA"
Cc1cc(cc(O)c1-c1ccc(Nc2cncnc2)nn1)C(F)(F)F	Tumor necrosis factor	25000	US Patent	"2AZ5,3ALQ,3IT8,3L9J,4G3Y,4TWT,5M2I,5M2J,5M2M,5MU8,5WUX,5YOY,6OOY,6OOZ,6X81,6X82,6X83,6X85,6X86,7JRA"
Oc1ccc(NS(=O)(=O)c2cc(c3cccc4C(=O)Sc2c34)S(=O)(=O)Nc2ccc(O)cc2)cc1	Tumor necrosis factor	25300	ChEMBL	"2AZ5,3ALQ,3IT8,3L9J,4G3Y,4TWT,5M2I,5M2J,5M2M,5MU8,5WUX,5YOY,6OOY,6OOZ,6X81,6X82,6X83,6X85,6X86,7JRA"
c1ccc(cc1)-c1cccc2ccncc12	Tumor necrosis factor	25300	ChEMBL	"2AZ5,3ALQ,3IT8,3L9J,4G3Y,4TWT,5M2I,5M2J,5M2M,5MU8,5WUX,5YOY,6OOY,6OOZ,6X81,6X82,6X83,6X85,6X86,7JRA"
COc1cccc(CNS(=O)(=O)c2cnc3ccc(nn23)-c2ccc(cc2)S(C)(=O)=O)c1	Tumor necrosis factor	28000	ChEMBL	"2AZ5,3ALQ,3IT8,3L9J,4G3Y,4TWT,5M2I,5M2J,5M2M,5MU8,5WUX,5YOY,6OOY,6OOZ,6X81,6X82,6X83,6X85,6X86,7JRA"
Fc1cncc(c1)-c1ccc2ncc(n2n1)S(=O)(=O)N1CCN(CC1)c1ccccn1	Tumor necrosis factor	28000	ChEMBL	"2AZ5,3ALQ,3IT8,3L9J,4G3Y,4TWT,5M2I,5M2J,5M2M,5MU8,5WUX,5YOY,6OOY,6OOZ,6X81,6X82,6X83,6X85,6X86,7JRA"
NS(=O)(=O)c1cnc2ccc(Cl)nn12	Tumor necrosis factor	28000	ChEMBL	"2AZ5,3ALQ,3IT8,3L9J,4G3Y,4TWT,5M2I,5M2J,5M2M,5MU8,5WUX,5YOY,6OOY,6OOZ,6X81,6X82,6X83,6X85,6X86,7JRA"
Clc1ccc2ncc(n2n1)S(=O)(=O)N1CCN(Cc2ccccc2)CC1	Tumor necrosis factor	30000	ChEMBL	"2AZ5,3ALQ,3IT8,3L9J,4G3Y,4TWT,5M2I,5M2J,5M2M,5MU8,5WUX,5YOY,6OOY,6OOZ,6X81,6X82,6X83,6X85,6X86,7JRA"
Clc1ccc2ncc(n2n1)S(=O)(=O)NCC1CCCO1	Tumor necrosis factor	30000	ChEMBL	"2AZ5,3ALQ,3IT8,3L9J,4G3Y,4TWT,5M2I,5M2J,5M2M,5MU8,5WUX,5YOY,6OOY,6OOZ,6X81,6X82,6X83,6X85,6X86,7JRA"
COc1cccc(CNS(=O)(=O)c2cnc3ccc(nn23)-c2cncc(c2)C(F)(F)F)c1	Tumor necrosis factor	30000	ChEMBL	"2AZ5,3ALQ,3IT8,3L9J,4G3Y,4TWT,5M2I,5M2J,5M2M,5MU8,5WUX,5YOY,6OOY,6OOZ,6X81,6X82,6X83,6X85,6X86,7JRA"
FC(F)(F)c1cncc(c1)-c1ccc2ncc(n2n1)S(=O)(=O)NCC1CCCO1	Tumor necrosis factor	30000	ChEMBL	"2AZ5,3ALQ,3IT8,3L9J,4G3Y,4TWT,5M2I,5M2J,5M2M,5MU8,5WUX,5YOY,6OOY,6OOZ,6X81,6X82,6X83,6X85,6X86,7JRA"
Fc1cncc(c1)-c1ccc2ncc(n2n1)S(=O)(=O)N1CCC(CC1)(C#N)c1ccccc1	Tumor necrosis factor	30000	ChEMBL	"2AZ5,3ALQ,3IT8,3L9J,4G3Y,4TWT,5M2I,5M2J,5M2M,5MU8,5WUX,5YOY,6OOY,6OOZ,6X81,6X82,6X83,6X85,6X86,7JRA"
COc1cccc(CNS(=O)(=O)c2cnc3ccc(nn23)-c2ccc(OC)nc2)c1	Tumor necrosis factor	30000	ChEMBL	"2AZ5,3ALQ,3IT8,3L9J,4G3Y,4TWT,5M2I,5M2J,5M2M,5MU8,5WUX,5YOY,6OOY,6OOZ,6X81,6X82,6X83,6X85,6X86,7JRA"
CS(=O)(=O)c1ccc(cc1)-c1ccc2ncc(n2n1)S(=O)(=O)NCC1CCCO1	Tumor necrosis factor	30000	ChEMBL	"2AZ5,3ALQ,3IT8,3L9J,4G3Y,4TWT,5M2I,5M2J,5M2M,5MU8,5WUX,5YOY,6OOY,6OOZ,6X81,6X82,6X83,6X85,6X86,7JRA"
CCN1CCN(CC1)S(=O)(=O)c1cnc2ccc(nn12)-c1cncc(F)c1	Tumor necrosis factor	30000	ChEMBL	"2AZ5,3ALQ,3IT8,3L9J,4G3Y,4TWT,5M2I,5M2J,5M2M,5MU8,5WUX,5YOY,6OOY,6OOZ,6X81,6X82,6X83,6X85,6X86,7JRA"
COc1cccc(CNS(=O)(=O)c2cnc3ccc(Cl)nn23)c1	Tumor necrosis factor	30000	ChEMBL	"2AZ5,3ALQ,3IT8,3L9J,4G3Y,4TWT,5M2I,5M2J,5M2M,5MU8,5WUX,5YOY,6OOY,6OOZ,6X81,6X82,6X83,6X85,6X86,7JRA"
Clc1ccc2ncc(n2n1)S(=O)(=O)N1CCN(CC1)c1ccccc1	Tumor necrosis factor	30000	ChEMBL	"2AZ5,3ALQ,3IT8,3L9J,4G3Y,4TWT,5M2I,5M2J,5M2M,5MU8,5WUX,5YOY,6OOY,6OOZ,6X81,6X82,6X83,6X85,6X86,7JRA"
CCN1CCN(CC1)S(=O)(=O)c1cnc2ccc(Cl)nn12	Tumor necrosis factor	30000	ChEMBL	"2AZ5,3ALQ,3IT8,3L9J,4G3Y,4TWT,5M2I,5M2J,5M2M,5MU8,5WUX,5YOY,6OOY,6OOZ,6X81,6X82,6X83,6X85,6X86,7JRA"
Fc1cncc(c1)-c1ccc2ncc(n2n1)S(=O)(=O)N1CCN(Cc2ccccc2)CC1	Tumor necrosis factor	30000	ChEMBL	"2AZ5,3ALQ,3IT8,3L9J,4G3Y,4TWT,5M2I,5M2J,5M2M,5MU8,5WUX,5YOY,6OOY,6OOZ,6X81,6X82,6X83,6X85,6X86,7JRA"
Clc1ccc2ncc(n2n1)S(=O)(=O)N1CCN(CC1)c1ccccn1	Tumor necrosis factor	30000	ChEMBL	"2AZ5,3ALQ,3IT8,3L9J,4G3Y,4TWT,5M2I,5M2J,5M2M,5MU8,5WUX,5YOY,6OOY,6OOZ,6X81,6X82,6X83,6X85,6X86,7JRA"
COc1ccc(cn1)-c1ccc2ncc(n2n1)S(=O)(=O)N1CCN(CC1)c1ccccn1	Tumor necrosis factor	30000	ChEMBL	"2AZ5,3ALQ,3IT8,3L9J,4G3Y,4TWT,5M2I,5M2J,5M2M,5MU8,5WUX,5YOY,6OOY,6OOZ,6X81,6X82,6X83,6X85,6X86,7JRA"
COc1cccc(CNS(=O)(=O)c2cnc3ccc(nn23)-c2cnc(N)c(c2)C(F)(F)F)c1	Tumor necrosis factor	30000	ChEMBL	"2AZ5,3ALQ,3IT8,3L9J,4G3Y,4TWT,5M2I,5M2J,5M2M,5MU8,5WUX,5YOY,6OOY,6OOZ,6X81,6X82,6X83,6X85,6X86,7JRA"
CCCCCCCCCCCCCCOCC(CNC(=O)CCN)OCCCCCCCCCCCCCC	Tumor necrosis factor	30000	ChEMBL	"5MU8,6X86,6X85,6X83,6X82,6X81,5YOY,7JRA,8Z8M,6OOZ,6OOY,5WUX,5M2M,5M2J,5M2I,4TWT,4G3Y,3IT8,3ALQ,3L9J,2AZ5,7ASY,7QLF"
CCCCCCCCCCCCCCOCC(CNC(=O)[C@H]1CCCN1)OCCCCCCCCCCCCCC	Tumor necrosis factor	30000	ChEMBL	"5MU8,6X86,6X85,6X83,6X82,6X81,5YOY,7JRA,8Z8M,6OOZ,6OOY,5WUX,5M2M,5M2J,5M2I,4TWT,4G3Y,3IT8,3ALQ,3L9J,2AZ5,7ASY,7QLF"
CCCCCCCCCCCCCCOCC(CNC(=O)C(CC1CCNCC1)NC(=O)OCC1c2ccccc2-c2ccccc12)OCCCCCCCCCCCCCC	Tumor necrosis factor	30000	ChEMBL	"5MU8,6X86,6X85,6X83,6X82,6X81,5YOY,7JRA,8Z8M,6OOZ,6OOY,5WUX,5M2M,5M2J,5M2I,4TWT,4G3Y,3IT8,3ALQ,3L9J,2AZ5,7ASY,7QLF"
CCCCCCCCCCCCCCOCC(CNC(=O)[C@H](CCCCN)NC(=O)OCC1c2ccccc2-c2ccccc12)OCCCCCCCCCCCCCC	Tumor necrosis factor	30000	ChEMBL	"5MU8,6X86,6X85,6X83,6X82,6X81,5YOY,7JRA,8Z8M,6OOZ,6OOY,5WUX,5M2M,5M2J,5M2I,4TWT,4G3Y,3IT8,3ALQ,3L9J,2AZ5,7ASY,7QLF"
CCCCCCCCCCCCCCOCC(CNC(=O)CC[C@H](NC(=O)OCC1c2ccccc2-c2ccccc12)C(O)=O)OCCCCCCCCCCCCCC	Tumor necrosis factor	30000	ChEMBL	"5MU8,6X86,6X85,6X83,6X82,6X81,5YOY,7JRA,8Z8M,6OOZ,6OOY,5WUX,5M2M,5M2J,5M2I,4TWT,4G3Y,3IT8,3ALQ,3L9J,2AZ5,7ASY,7QLF"
CCCCCCCCCCCCCCOCC(CNC(=O)[C@@H](N)CCCCN)OCCCCCCCCCCCCCC	Tumor necrosis factor	30000	ChEMBL	"5MU8,6X86,6X85,6X83,6X82,6X81,5YOY,7JRA,8Z8M,6OOZ,6OOY,5WUX,5M2M,5M2J,5M2I,4TWT,4G3Y,3IT8,3ALQ,3L9J,2AZ5,7ASY,7QLF"
CCCCCCCCCCCCCCOCC(CNC(=O)[C@H](CCCCN)NC(C)=O)OCCCCCCCCCCCCCC	Tumor necrosis factor	30000	ChEMBL	"5MU8,6X86,6X85,6X83,6X82,6X81,5YOY,7JRA,8Z8M,6OOZ,6OOY,5WUX,5M2M,5M2J,5M2I,4TWT,4G3Y,3IT8,3ALQ,3L9J,2AZ5,7ASY,7QLF"
CCCCCCCCCCCCCCOCC(CNC(=O)CCCCCN)OCCCCCCCCCCCCCC	Tumor necrosis factor	30000	ChEMBL	"5MU8,6X86,6X85,6X83,6X82,6X81,5YOY,7JRA,8Z8M,6OOZ,6OOY,5WUX,5M2M,5M2J,5M2I,4TWT,4G3Y,3IT8,3ALQ,3L9J,2AZ5,7ASY,7QLF"
CCCCCCCCCCCCCCOCC(CNC(=O)[C@H]1CC[C@H](N)CC1)OCCCCCCCCCCCCCC	Tumor necrosis factor	30000	ChEMBL	"5MU8,6X86,6X85,6X83,6X82,6X81,5YOY,7JRA,8Z8M,6OOZ,6OOY,5WUX,5M2M,5M2J,5M2I,4TWT,4G3Y,3IT8,3ALQ,3L9J,2AZ5,7ASY,7QLF"
CCCCCCCCCCCCCCOCC(CNC(=O)[C@@H](CCCCN)NC(=O)OCc1ccccc1)OCCCCCCCCCCCCCC	Tumor necrosis factor	30000	ChEMBL	"5MU8,6X86,6X85,6X83,6X82,6X81,5YOY,7JRA,8Z8M,6OOZ,6OOY,5WUX,5M2M,5M2J,5M2I,4TWT,4G3Y,3IT8,3ALQ,3L9J,2AZ5,7ASY,7QLF"
CCCCCCCCCCCCCCOCC(CNC(=O)C1(CCNCC1)NC(=O)OCc1ccccc1)OCCCCCCCCCCCCCC	Tumor necrosis factor	30000	ChEMBL	"5MU8,6X86,6X85,6X83,6X82,6X81,5YOY,7JRA,8Z8M,6OOZ,6OOY,5WUX,5M2M,5M2J,5M2I,4TWT,4G3Y,3IT8,3ALQ,3L9J,2AZ5,7ASY,7QLF"
CCCCCCCCCCCCCCOCC(CNC(=O)[C@H](CCCCN)NCc1ccc(F)cc1)OCCCCCCCCCCCCCC	Tumor necrosis factor	30000	ChEMBL	"5MU8,6X86,6X85,6X83,6X82,6X81,5YOY,7JRA,8Z8M,6OOZ,6OOY,5WUX,5M2M,5M2J,5M2I,4TWT,4G3Y,3IT8,3ALQ,3L9J,2AZ5,7ASY,7QLF"
CCCCCCCCCCCCCCOCC(CNC(=O)[C@H](CCCCN)NCc1ccc(cc1)-c1ccccc1)OCCCCCCCCCCCCCC	Tumor necrosis factor	30000	ChEMBL	"5MU8,6X86,6X85,6X83,6X82,6X81,5YOY,7JRA,8Z8M,6OOZ,6OOY,5WUX,5M2M,5M2J,5M2I,4TWT,4G3Y,3IT8,3ALQ,3L9J,2AZ5,7ASY,7QLF"
CCCCCCCCCCCCCCOCC(CNC(=O)[C@@H](CCCCN)NCc1ccccc1)OCCCCCCCCCCCCCC	Tumor necrosis factor	30000	ChEMBL	"5MU8,6X86,6X85,6X83,6X82,6X81,5YOY,7JRA,8Z8M,6OOZ,6OOY,5WUX,5M2M,5M2J,5M2I,4TWT,4G3Y,3IT8,3ALQ,3L9J,2AZ5,7ASY,7QLF"
CCCCCCCCCCCCCCOCC(CNC(=O)[C@H](CCCCN)NCc1ccccc1)OCCCCCCCCCCCCCC	Tumor necrosis factor	30000	ChEMBL	"5MU8,6X86,6X85,6X83,6X82,6X81,5YOY,7JRA,8Z8M,6OOZ,6OOY,5WUX,5M2M,5M2J,5M2I,4TWT,4G3Y,3IT8,3ALQ,3L9J,2AZ5,7ASY,7QLF"
CCCCCCCCCCCCCCOCC(CNC(=O)c1cccc(c1)N1CCNCC1)OCCCCCCCCCCCCCC	Tumor necrosis factor	30000	ChEMBL	"5MU8,6X86,6X85,6X83,6X82,6X81,5YOY,7JRA,8Z8M,6OOZ,6OOY,5WUX,5M2M,5M2J,5M2I,4TWT,4G3Y,3IT8,3ALQ,3L9J,2AZ5,7ASY,7QLF"
CCCCCCCCCCCCCCOCC(CNC(=O)c1cccc(c1)C1CCNCC1)OCCCCCCCCCCCCCC	Tumor necrosis factor	30000	ChEMBL	"5MU8,6X86,6X85,6X83,6X82,6X81,5YOY,7JRA,8Z8M,6OOZ,6OOY,5WUX,5M2M,5M2J,5M2I,4TWT,4G3Y,3IT8,3ALQ,3L9J,2AZ5,7ASY,7QLF"
Cc1cc(cc(O)c1-c1ccc(N[C@@H]2CCCN(CC(F)(F)F)C2)nn1)C(F)(F)F	Tumor necrosis factor	32000	US Patent	"2AZ5,3ALQ,3IT8,3L9J,4G3Y,4TWT,5M2I,5M2J,5M2M,5MU8,5WUX,5YOY,6OOY,6OOZ,6X81,6X82,6X83,6X85,6X86,7JRA"
COc1cc2ccnc(Nc3cccc(Cl)c3)c2cc1OC	Tumor necrosis factor	33000	ChEMBL	"2AZ5,3ALQ,3IT8,3L9J,4G3Y,4TWT,5M2I,5M2J,5M2M,5MU8,5WUX,5YOY,6OOY,6OOZ,6X81,6X82,6X83,6X85,6X86,7JRA"
CN1CCC[C@H](C1)Nc1nnc(cc1C)-c1c(C)cc(cc1O)C(F)(F)F	Tumor necrosis factor	33000	US Patent	"2AZ5,3ALQ,3IT8,3L9J,4G3Y,4TWT,5M2I,5M2J,5M2M,5MU8,5WUX,5YOY,6OOY,6OOZ,6X81,6X82,6X83,6X85,6X86,7JRA"
Cc1cc(cc(O)c1-c1ccc(NCC(O)(C(F)(F)F)C(F)(F)F)nn1)C(F)(F)F	Tumor necrosis factor	33000	US Patent	"2AZ5,3ALQ,3IT8,3L9J,4G3Y,4TWT,5M2I,5M2J,5M2M,5MU8,5WUX,5YOY,6OOY,6OOZ,6X81,6X82,6X83,6X85,6X86,7JRA"
CN1CC[C@H](C1)Nc1ccc(nn1)-c1c(C)cc(cc1O)C(F)(F)F	Tumor necrosis factor	33000	US Patent	"2AZ5,3ALQ,3IT8,3L9J,4G3Y,4TWT,5M2I,5M2J,5M2M,5MU8,5WUX,5YOY,6OOY,6OOZ,6X81,6X82,6X83,6X85,6X86,7JRA"
CN1CCC[C@H](C1)Nc1nnc(c(C)c1C)-c1c(C)cc(cc1O)C(F)(F)F	Tumor necrosis factor	33000	US Patent	"2AZ5,3ALQ,3IT8,3L9J,4G3Y,4TWT,5M2I,5M2J,5M2M,5MU8,5WUX,5YOY,6OOY,6OOZ,6X81,6X82,6X83,6X85,6X86,7JRA"
CN1CCC[C@H](C1)Nc1cc(c(nn1)-c1ccc(cc1O)C(F)(F)F)C(F)(F)F	Tumor necrosis factor	33000	US Patent	"2AZ5,3ALQ,3IT8,3L9J,4G3Y,4TWT,5M2I,5M2J,5M2M,5MU8,5WUX,5YOY,6OOY,6OOZ,6X81,6X82,6X83,6X85,6X86,7JRA"
CN1CCC[C@H](C1)Nc1nnc(cc1C)-c1ccc(cc1O)C(F)(F)F	Tumor necrosis factor	33000	US Patent	"2AZ5,3ALQ,3IT8,3L9J,4G3Y,4TWT,5M2I,5M2J,5M2M,5MU8,5WUX,5YOY,6OOY,6OOZ,6X81,6X82,6X83,6X85,6X86,7JRA"
C[C@@]1(O)C[C@@H](C1)Nc1cc(c(nn1)-c1ccc(cc1O)C(F)(F)F)C(F)(F)F	Tumor necrosis factor	33000	US Patent	"2AZ5,3ALQ,3IT8,3L9J,4G3Y,4TWT,5M2I,5M2J,5M2M,5MU8,5WUX,5YOY,6OOY,6OOZ,6X81,6X82,6X83,6X85,6X86,7JRA"
C[C@@]1(O)C[C@@H](C1)Nc1cc(c(nn1)-c1ccc(Cl)cc1O)C(F)(F)F	Tumor necrosis factor	33000	US Patent	"2AZ5,3ALQ,3IT8,3L9J,4G3Y,4TWT,5M2I,5M2J,5M2M,5MU8,5WUX,5YOY,6OOY,6OOZ,6X81,6X82,6X83,6X85,6X86,7JRA"
Cc1cc(cc(O)c1-c1ccc(N[C@@H]2CCCN(CC(C)(C)O)C2)nn1)C(F)(F)F	Tumor necrosis factor	33000	US Patent	"2AZ5,3ALQ,3IT8,3L9J,4G3Y,4TWT,5M2I,5M2J,5M2M,5MU8,5WUX,5YOY,6OOY,6OOZ,6X81,6X82,6X83,6X85,6X86,7JRA"
Cc1cc(OC(F)(F)F)cc(O)c1-c1ccc(NC[C@@H]2CCCCN2CO)nn1	Tumor necrosis factor	33000	US Patent	"2AZ5,3ALQ,3IT8,3L9J,4G3Y,4TWT,5M2I,5M2J,5M2M,5MU8,5WUX,5YOY,6OOY,6OOZ,6X81,6X82,6X83,6X85,6X86,7JRA"
C[C@H](O)C(C)CNc1ccc(nn1)-c1c(C)cc(cc1O)C(F)(F)F	Tumor necrosis factor	33000	US Patent	"2AZ5,3ALQ,3IT8,3L9J,4G3Y,4TWT,5M2I,5M2J,5M2M,5MU8,5WUX,5YOY,6OOY,6OOZ,6X81,6X82,6X83,6X85,6X86,7JRA"
COC(=O)CC(N1C(=O)c2ccc(cc2C1=O)[N+]([O-])=O)c1ccc(OC)c(OC)c1	Tumor necrosis factor	34000	ChEMBL	"2AZ5,3ALQ,3IT8,3L9J,4G3Y,4TWT,5M2I,5M2J,5M2M,5MU8,5WUX,5YOY,6OOY,6OOZ,6X81,6X82,6X83,6X85,6X86,7JRA"
COc1cc2ccnc(Nc3ccc(Cl)cc3)c2cc1OC	Tumor necrosis factor	35000	ChEMBL	"2AZ5,3ALQ,3IT8,3L9J,4G3Y,4TWT,5M2I,5M2J,5M2M,5MU8,5WUX,5YOY,6OOY,6OOZ,6X81,6X82,6X83,6X85,6X86,7JRA"
CCOC(=O)CCCn1cc([N+]([O-])=O)c2cc(OC)c(OC)cc2c1=O	Tumor necrosis factor	35000	ChEMBL	"2AZ5,3ALQ,3IT8,3L9J,4G3Y,4TWT,5M2I,5M2J,5M2M,5MU8,5WUX,5YOY,6OOY,6OOZ,6X81,6X82,6X83,6X85,6X86,7JRA"
OCCNc1ccc(nn1)-c1c(O)cc(Cl)cc1Cl	Tumor necrosis factor	35000	US Patent	"2AZ5,3ALQ,3IT8,3L9J,4G3Y,4TWT,5M2I,5M2J,5M2M,5MU8,5WUX,5YOY,6OOY,6OOZ,6X81,6X82,6X83,6X85,6X86,7JRA"
Cc1cc(nnc1N[C@H]1C[C@@](C)(O)C1)-c1c(C)cc(cc1O)C(F)(F)F	Tumor necrosis factor	35000	US Patent	"2AZ5,3ALQ,3IT8,3L9J,4G3Y,4TWT,5M2I,5M2J,5M2M,5MU8,5WUX,5YOY,6OOY,6OOZ,6X81,6X82,6X83,6X85,6X86,7JRA"
COc1cc2ccnc(Nc3cccc(Br)c3)c2cc1OC	Tumor necrosis factor	37000	ChEMBL	"2AZ5,3ALQ,3IT8,3L9J,4G3Y,4TWT,5M2I,5M2J,5M2M,5MU8,5WUX,5YOY,6OOY,6OOZ,6X81,6X82,6X83,6X85,6X86,7JRA"
CCOC(=O)CCCn1cc(N)c2cc(OC)c(OC)cc2c1=O	Tumor necrosis factor	37000	ChEMBL	"2AZ5,3ALQ,3IT8,3L9J,4G3Y,4TWT,5M2I,5M2J,5M2M,5MU8,5WUX,5YOY,6OOY,6OOZ,6X81,6X82,6X83,6X85,6X86,7JRA"
Cc1cc(cc(O)c1-c1ccc(NC2CCCC2O)nn1)C(F)(F)F	Tumor necrosis factor	37000	US Patent	"2AZ5,3ALQ,3IT8,3L9J,4G3Y,4TWT,5M2I,5M2J,5M2M,5MU8,5WUX,5YOY,6OOY,6OOZ,6X81,6X82,6X83,6X85,6X86,7JRA"
COc1cc2ccnc(Nc3ccc(Br)cc3)c2cc1OC	Tumor necrosis factor	38000	ChEMBL	"2AZ5,3ALQ,3IT8,3L9J,4G3Y,4TWT,5M2I,5M2J,5M2M,5MU8,5WUX,5YOY,6OOY,6OOZ,6X81,6X82,6X83,6X85,6X86,7JRA"
COc1cc(OC)cc(c1)C(CC(N)=O)N1C(=O)c2ccccc2C1=O	Tumor necrosis factor	39000	ChEMBL	"2AZ5,3ALQ,3IT8,3L9J,4G3Y,4TWT,5M2I,5M2J,5M2M,5MU8,5WUX,5YOY,6OOY,6OOZ,6X81,6X82,6X83,6X85,6X86,7JRA"
Cc1cc(cc(O)c1-c1ccc(NC[C@](C)(O)CO)nn1)C(F)(F)F	Tumor necrosis factor	41000	US Patent	"2AZ5,3ALQ,3IT8,3L9J,4G3Y,4TWT,5M2I,5M2J,5M2M,5MU8,5WUX,5YOY,6OOY,6OOZ,6X81,6X82,6X83,6X85,6X86,7JRA"
Oc1ccc(NS(=O)(=O)c2ccc3NC(=O)c4cccc2c34)cc1Cl	Tumor necrosis factor	42300	ChEMBL	"2AZ5,3ALQ,3IT8,3L9J,4G3Y,4TWT,5M2I,5M2J,5M2M,5MU8,5WUX,5YOY,6OOY,6OOZ,6X81,6X82,6X83,6X85,6X86,7JRA"
Cc1cc(N[C@H]2C[C@@](C)(O)C2)nnc1-c1ccc(cc1O)C(F)(F)F	Tumor necrosis factor	45000	US Patent	"2AZ5,3ALQ,3IT8,3L9J,4G3Y,4TWT,5M2I,5M2J,5M2M,5MU8,5WUX,5YOY,6OOY,6OOZ,6X81,6X82,6X83,6X85,6X86,7JRA"
C[C@@H](O)CN1CCC[C@H](C1)Nc1ccc(nn1)-c1c(C)cc(cc1O)C(F)(F)F	Tumor necrosis factor	45000	US Patent	"2AZ5,3ALQ,3IT8,3L9J,4G3Y,4TWT,5M2I,5M2J,5M2M,5MU8,5WUX,5YOY,6OOY,6OOZ,6X81,6X82,6X83,6X85,6X86,7JRA"
Oc1ccc(NS(=O)(=O)c2ccc3NC(=O)c4cccc2c34)cc1Cl	Tumor necrosis factor	45700	ChEMBL	"2AZ5,3ALQ,3IT8,3L9J,4G3Y,4TWT,5M2I,5M2J,5M2M,5MU8,5WUX,5YOY,6OOY,6OOZ,6X81,6X82,6X83,6X85,6X86,7JRA"
COC1C(COC(=O)CCC(=O)OC[C@H](NC(=O)OCC2c3ccccc3-c3ccccc23)C(O)=O)OC(O)[C@H](OCc2ccccc2)[C@H]1OCc1ccccc1	Tumor necrosis factor	46000	US Patent	"5MU8,9OK6,9OJY,9OJS,9OJO,6X86,6X85,6X83,6X82,6X81,5YOY,7JRA,8Z8M,6OOZ,6OOY,5WUX,5M2M,5M2J,5M2I,4TWT,4G3Y,3IT8,3ALQ,3L9J,2AZ5,7ASY,7QLF"
Cc1cc(cc(O)c1-c1ccc(N[C@H]2C[C@@](O)(C2)C(F)(F)F)nn1)C(F)(F)F	Tumor necrosis factor	46000	US Patent	"2AZ5,3ALQ,3IT8,3L9J,4G3Y,4TWT,5M2I,5M2J,5M2M,5MU8,5WUX,5YOY,6OOY,6OOZ,6X81,6X82,6X83,6X85,6X86,7JRA"
CCOC(=O)CCCn1c(Cl)nc2cc(OC)c(OC)cc2c1=O	Tumor necrosis factor	48000	ChEMBL	"2AZ5,3ALQ,3IT8,3L9J,4G3Y,4TWT,5M2I,5M2J,5M2M,5MU8,5WUX,5YOY,6OOY,6OOZ,6X81,6X82,6X83,6X85,6X86,7JRA"
CCOC(=O)CCCn1cnc2cc(O)c(O)cc2c1=O	Tumor necrosis factor	48000	ChEMBL	"2AZ5,3ALQ,3IT8,3L9J,4G3Y,4TWT,5M2I,5M2J,5M2M,5MU8,5WUX,5YOY,6OOY,6OOZ,6X81,6X82,6X83,6X85,6X86,7JRA"
COC(=O)N1CCC(CC1)n1c2c3cccc(OC)c3ncc2c(=O)n(-c2cccc(Cl)c2)c1=O	Tumor necrosis factor	50000	US Patent	"2AZ5,3ALQ,3IT8,3L9J,4G3Y,4TWT,5M2I,5M2J,5M2M,5MU8,5WUX,5YOY,6OOY,6OOZ,6X81,6X82,6X83,6X85,6X86,7JRA"
CCCCCCn1c(=O)c2NC(O)Nc2n(C)c1=O	Tumor necrosis factor	50000	ChEMBL	"2AZ5,3ALQ,3IT8,3L9J,4G3Y,4TWT,5M2I,5M2J,5M2M,5MU8,5WUX,5YOY,6OOY,6OOZ,6X81,6X82,6X83,6X85,6X86,7JRA"
CCCCOc1cc(CC2CNC(=O)N2)ccc1OC	Tumor necrosis factor	50000	ChEMBL	"2AZ5,3ALQ,3IT8,3L9J,4G3Y,4TWT,5M2I,5M2J,5M2M,5MU8,5WUX,5YOY,6OOY,6OOZ,6X81,6X82,6X83,6X85,6X86,7JRA"
CCOC(=O)CCCn1c(Nc2ccc(Br)cc2)nc2cc(OC)c(OC)cc2c1=O	Tumor necrosis factor	50000	ChEMBL	"2AZ5,3ALQ,3IT8,3L9J,4G3Y,4TWT,5M2I,5M2J,5M2M,5MU8,5WUX,5YOY,6OOY,6OOZ,6X81,6X82,6X83,6X85,6X86,7JRA"
CCOC(=O)CCCn1c(Nc2ccc(cc2)N=[N+]=[N-])nc2cc(OC)c(OC)cc2c1=O	Tumor necrosis factor	50000	ChEMBL	"2AZ5,3ALQ,3IT8,3L9J,4G3Y,4TWT,5M2I,5M2J,5M2M,5MU8,5WUX,5YOY,6OOY,6OOZ,6X81,6X82,6X83,6X85,6X86,7JRA"
CCOC(=O)CCn1ccc2cc(OC)c(OC)cc2c1=O	Tumor necrosis factor	50000	ChEMBL	"2AZ5,3ALQ,3IT8,3L9J,4G3Y,4TWT,5M2I,5M2J,5M2M,5MU8,5WUX,5YOY,6OOY,6OOZ,6X81,6X82,6X83,6X85,6X86,7JRA"
NC(=O)CC(N1C(=O)c2ccccc2C1=O)c1ccc2ccccc2c1	Tumor necrosis factor	51000	ChEMBL	"2AZ5,3ALQ,3IT8,3L9J,4G3Y,4TWT,5M2I,5M2J,5M2M,5MU8,5WUX,5YOY,6OOY,6OOZ,6X81,6X82,6X83,6X85,6X86,7JRA"
CCOC(=O)CCCn1cc(Br)c2cc(OC)c(OC)cc2c1=O	Tumor necrosis factor	51000	ChEMBL	"2AZ5,3ALQ,3IT8,3L9J,4G3Y,4TWT,5M2I,5M2J,5M2M,5MU8,5WUX,5YOY,6OOY,6OOZ,6X81,6X82,6X83,6X85,6X86,7JRA"
CCNC(=O)CC(N1C(=O)c2ccccc2C1=O)c1ccc(OC)c(OC)c1	Tumor necrosis factor	53000	ChEMBL	"2AZ5,3ALQ,3IT8,3L9J,4G3Y,4TWT,5M2I,5M2J,5M2M,5MU8,5WUX,5YOY,6OOY,6OOZ,6X81,6X82,6X83,6X85,6X86,7JRA"
CCCOc1ccc(cc1OCCC)C(CC(N)=O)N1C(=O)c2ccccc2C1=O	Tumor necrosis factor	55000	ChEMBL	"2AZ5,3ALQ,3IT8,3L9J,4G3Y,4TWT,5M2I,5M2J,5M2M,5MU8,5WUX,5YOY,6OOY,6OOZ,6X81,6X82,6X83,6X85,6X86,7JRA"
CCOC(=O)CCCn1c(=O)n(C)c2ccccc2c1=O	Tumor necrosis factor	55000	ChEMBL	"2AZ5,3ALQ,3IT8,3L9J,4G3Y,4TWT,5M2I,5M2J,5M2M,5MU8,5WUX,5YOY,6OOY,6OOZ,6X81,6X82,6X83,6X85,6X86,7JRA"
COc1cc2ccnc(NCCO)c2cc1OC	Tumor necrosis factor	55000	ChEMBL	"2AZ5,3ALQ,3IT8,3L9J,4G3Y,4TWT,5M2I,5M2J,5M2M,5MU8,5WUX,5YOY,6OOY,6OOZ,6X81,6X82,6X83,6X85,6X86,7JRA"
Cc1cc(NCC(C)(C)O)nnc1-c1c(C)cc(cc1O)C(F)(F)F	Tumor necrosis factor	55000	US Patent	"2AZ5,3ALQ,3IT8,3L9J,4G3Y,4TWT,5M2I,5M2J,5M2M,5MU8,5WUX,5YOY,6OOY,6OOZ,6X81,6X82,6X83,6X85,6X86,7JRA"
COc1ccc(cc1OC)C(CC(O)=O)N1C(=O)c2ccccc2C1=O	Tumor necrosis factor	60000	ChEMBL	"2AZ5,3ALQ,3IT8,3L9J,4G3Y,4TWT,5M2I,5M2J,5M2M,5MU8,5WUX,5YOY,6OOY,6OOZ,6X81,6X82,6X83,6X85,6X86,7JRA"
CCOC(=O)CCCn1c(=O)n(C)c2nc(Br)n(C)c2c1=O	Tumor necrosis factor	60000	ChEMBL	"2AZ5,3ALQ,3IT8,3L9J,4G3Y,4TWT,5M2I,5M2J,5M2M,5MU8,5WUX,5YOY,6OOY,6OOZ,6X81,6X82,6X83,6X85,6X86,7JRA"
COc1ccc(cc1)C(CC(N)=O)N1C(=O)c2ccccc2C1=O	Tumor necrosis factor	62000	ChEMBL	"2AZ5,3ALQ,3IT8,3L9J,4G3Y,4TWT,5M2I,5M2J,5M2M,5MU8,5WUX,5YOY,6OOY,6OOZ,6X81,6X82,6X83,6X85,6X86,7JRA"
C\C=C\Cn1c(SCCCc2ccccc2)nc2n(C)c(=O)[nH]c(=O)c12	Tumor necrosis factor	62670	PubChem	"5MU8,9OK6,9OJY,9OJS,9OJO,6X86,6X85,6X83,6X82,6X81,5YOY,7JRA,8Z8M,6OOZ,6OOY,5WUX,5M2M,5M2J,5M2I,4TWT,4G3Y,3IT8,3ALQ,3L9J,2AZ5,7ASY,7QLF"
COC(=O)CC(N1C(=O)c2cccc(c2C1=O)[N+]([O-])=O)c1ccc(OC)c(OC)c1	Tumor necrosis factor	64000	ChEMBL	"2AZ5,3ALQ,3IT8,3L9J,4G3Y,4TWT,5M2I,5M2J,5M2M,5MU8,5WUX,5YOY,6OOY,6OOZ,6X81,6X82,6X83,6X85,6X86,7JRA"
CCOC(=O)CCCOc1nc(Cl)nc2cc(OC)c(OC)cc12	Tumor necrosis factor	68000	ChEMBL	"2AZ5,3ALQ,3IT8,3L9J,4G3Y,4TWT,5M2I,5M2J,5M2M,5MU8,5WUX,5YOY,6OOY,6OOZ,6X81,6X82,6X83,6X85,6X86,7JRA"
NC(=O)CC(N1C(=O)c2ccccc2C1=O)c1ccc(Cl)c(Cl)c1	Tumor necrosis factor	70000	ChEMBL	"2AZ5,3ALQ,3IT8,3L9J,4G3Y,4TWT,5M2I,5M2J,5M2M,5MU8,5WUX,5YOY,6OOY,6OOZ,6X81,6X82,6X83,6X85,6X86,7JRA"
CCCCCCCn1c(=O)n(C)c2nsnc2c1=O	Tumor necrosis factor	75000	ChEMBL	"2AZ5,3ALQ,3IT8,3L9J,4G3Y,4TWT,5M2I,5M2J,5M2M,5MU8,5WUX,5YOY,6OOY,6OOZ,6X81,6X82,6X83,6X85,6X86,7JRA"
CN1C[C@@H](CC[C@H]1CO)Nc1ccc(nn1)-c1c(C)cc(OC(F)(F)F)cc1O	Tumor necrosis factor	77000	US Patent	"2AZ5,3ALQ,3IT8,3L9J,4G3Y,4TWT,5M2I,5M2J,5M2M,5MU8,5WUX,5YOY,6OOY,6OOZ,6X81,6X82,6X83,6X85,6X86,7JRA"
COc1ccc(cc1OC)C(CC(=O)NCc1ccccc1)N1C(=O)c2ccccc2C1=O	Tumor necrosis factor	84000	ChEMBL	"2AZ5,3ALQ,3IT8,3L9J,4G3Y,4TWT,5M2I,5M2J,5M2M,5MU8,5WUX,5YOY,6OOY,6OOZ,6X81,6X82,6X83,6X85,6X86,7JRA"
Cc1cc(cc(O)c1-c1ccc(N[C@H]2CCC[C@H](O)C2)nn1)C(F)(F)F	Tumor necrosis factor	84000	US Patent	"2AZ5,3ALQ,3IT8,3L9J,4G3Y,4TWT,5M2I,5M2J,5M2M,5MU8,5WUX,5YOY,6OOY,6OOZ,6X81,6X82,6X83,6X85,6X86,7JRA"
CC(=O)CCCCn1c(=O)n(C)c2ncn(C)c2c1=O	Tumor necrosis factor	85000	ChEMBL	"2AZ5,3ALQ,3IT8,3L9J,4G3Y,4TWT,5M2I,5M2J,5M2M,5MU8,5WUX,5YOY,6OOY,6OOZ,6X81,6X82,6X83,6X85,6X86,7JRA"
O[C@H]1C[C@@H](C1)Nc1ccc(nn1)-c1c(O)cc(cc1Cl)C(F)(F)F	Tumor necrosis factor	85000	US Patent	"2AZ5,3ALQ,3IT8,3L9J,4G3Y,4TWT,5M2I,5M2J,5M2M,5MU8,5WUX,5YOY,6OOY,6OOZ,6X81,6X82,6X83,6X85,6X86,7JRA"
NC(=O)CC(N1C(=O)c2ccccc2C1=O)c1cccc(c1)C#N	Tumor necrosis factor	89000	ChEMBL	"2AZ5,3ALQ,3IT8,3L9J,4G3Y,4TWT,5M2I,5M2J,5M2M,5MU8,5WUX,5YOY,6OOY,6OOZ,6X81,6X82,6X83,6X85,6X86,7JRA"
CCOC(=O)CCCn1c(=O)n(C)c2[nH]c(=S)n(C)c2c1=O	Tumor necrosis factor	100000	ChEMBL	"2AZ5,3ALQ,3IT8,3L9J,4G3Y,4TWT,5M2I,5M2J,5M2M,5MU8,5WUX,5YOY,6OOY,6OOZ,6X81,6X82,6X83,6X85,6X86,7JRA"
Oc1c(Cl)cc(NS(=O)(=O)c2ccc3ccccc3c2)cc1Cl	Tumor necrosis factor	100000	ChEMBL	"2AZ5,3ALQ,3IT8,3L9J,4G3Y,4TWT,5M2I,5M2J,5M2M,5MU8,5WUX,5YOY,6OOY,6OOZ,6X81,6X82,6X83,6X85,6X86,7JRA"
Oc1ccc(NS(=O)(=O)c2ccc(F)cc2)cc1Cl	Tumor necrosis factor	100000	ChEMBL	"2AZ5,3ALQ,3IT8,3L9J,4G3Y,4TWT,5M2I,5M2J,5M2M,5MU8,5WUX,5YOY,6OOY,6OOZ,6X81,6X82,6X83,6X85,6X86,7JRA"
CNC(=O)CCCn1ccc2cc(OC)c(OC)cc2c1=O	Tumor necrosis factor	100000	ChEMBL	"2AZ5,3ALQ,3IT8,3L9J,4G3Y,4TWT,5M2I,5M2J,5M2M,5MU8,5WUX,5YOY,6OOY,6OOZ,6X81,6X82,6X83,6X85,6X86,7JRA"
CCOC(=O)CCCn1cnc2cc(OC)c(OC)c(NC(C)=O)c2c1=O	Tumor necrosis factor	100000	ChEMBL	"2AZ5,3ALQ,3IT8,3L9J,4G3Y,4TWT,5M2I,5M2J,5M2M,5MU8,5WUX,5YOY,6OOY,6OOZ,6X81,6X82,6X83,6X85,6X86,7JRA"
COc1cc2ccn(CCCC(O)=O)c(=O)c2cc1OC	Tumor necrosis factor	100000	ChEMBL	"2AZ5,3ALQ,3IT8,3L9J,4G3Y,4TWT,5M2I,5M2J,5M2M,5MU8,5WUX,5YOY,6OOY,6OOZ,6X81,6X82,6X83,6X85,6X86,7JRA"
COc1cc2ccnc(Nc3ccccc3)c2cc1OC	Tumor necrosis factor	100000	ChEMBL	"2AZ5,3ALQ,3IT8,3L9J,4G3Y,4TWT,5M2I,5M2J,5M2M,5MU8,5WUX,5YOY,6OOY,6OOZ,6X81,6X82,6X83,6X85,6X86,7JRA"
CNC(=O)CCCn1cc(Br)c2cc(OC)c(OC)cc2c1=O	Tumor necrosis factor	100000	ChEMBL	"2AZ5,3ALQ,3IT8,3L9J,4G3Y,4TWT,5M2I,5M2J,5M2M,5MU8,5WUX,5YOY,6OOY,6OOZ,6X81,6X82,6X83,6X85,6X86,7JRA"
CCOC(=O)CCCn1cc(F)c2c(F)c(OC)c(OC)cc2c1=O	Tumor necrosis factor	100000	ChEMBL	"2AZ5,3ALQ,3IT8,3L9J,4G3Y,4TWT,5M2I,5M2J,5M2M,5MU8,5WUX,5YOY,6OOY,6OOZ,6X81,6X82,6X83,6X85,6X86,7JRA"
CCN1CCC[C@H](C1)Nc1ccc(nn1)-c1c(C)cc(cc1O)C(F)(F)F	Tumor necrosis factor	100000	US Patent	"2AZ5,3ALQ,3IT8,3L9J,4G3Y,4TWT,5M2I,5M2J,5M2M,5MU8,5WUX,5YOY,6OOY,6OOZ,6X81,6X82,6X83,6X85,6X86,7JRA"
Cc1cc(cc(O)c1-c1ccc(N[C@H]2C[C@@](C)(O)C2)nn1)C(F)(F)F	Tumor necrosis factor	100000	US Patent	"2AZ5,3ALQ,3IT8,3L9J,4G3Y,4TWT,5M2I,5M2J,5M2M,5MU8,5WUX,5YOY,6OOY,6OOZ,6X81,6X82,6X83,6X85,6X86,7JRA"
Cc1cc(cc(O)c1-c1ccc(N[C@@H]2CCC[C@H](O)C2)nn1)C(F)(F)F	Tumor necrosis factor	100000	US Patent	"2AZ5,3ALQ,3IT8,3L9J,4G3Y,4TWT,5M2I,5M2J,5M2M,5MU8,5WUX,5YOY,6OOY,6OOZ,6X81,6X82,6X83,6X85,6X86,7JRA"
CN1CCC[C@H](C1)Nc1cc(C)c(nn1)-c1ccc(cc1O)C(F)(F)F	Tumor necrosis factor	100000	US Patent	"2AZ5,3ALQ,3IT8,3L9J,4G3Y,4TWT,5M2I,5M2J,5M2M,5MU8,5WUX,5YOY,6OOY,6OOZ,6X81,6X82,6X83,6X85,6X86,7JRA"
Cc1cc(cc(O)c1-c1ccc(N[C@@H]2CCCN(CCO)C2)nn1)C(F)(F)F	Tumor necrosis factor	100000	US Patent	"2AZ5,3ALQ,3IT8,3L9J,4G3Y,4TWT,5M2I,5M2J,5M2M,5MU8,5WUX,5YOY,6OOY,6OOZ,6X81,6X82,6X83,6X85,6X86,7JRA"
CC(C)N1CCCC(C1)Nc1ccc(nn1)-c1c(C)cc(cc1O)C(F)(F)F	Tumor necrosis factor	100000	US Patent	"2AZ5,3ALQ,3IT8,3L9J,4G3Y,4TWT,5M2I,5M2J,5M2M,5MU8,5WUX,5YOY,6OOY,6OOZ,6X81,6X82,6X83,6X85,6X86,7JRA"
CCN1CCC[C@H]1CNc1ccc(nn1)-c1c(C)cc(cc1O)C(F)(F)F	Tumor necrosis factor	100000	US Patent	"2AZ5,3ALQ,3IT8,3L9J,4G3Y,4TWT,5M2I,5M2J,5M2M,5MU8,5WUX,5YOY,6OOY,6OOZ,6X81,6X82,6X83,6X85,6X86,7JRA"
Cc1cc(cc(O)c1-c1ccc(NC2CNCC(F)(F)C2)nn1)C(F)(F)F	Tumor necrosis factor	100000	US Patent	"2AZ5,3ALQ,3IT8,3L9J,4G3Y,4TWT,5M2I,5M2J,5M2M,5MU8,5WUX,5YOY,6OOY,6OOZ,6X81,6X82,6X83,6X85,6X86,7JRA"
CCN1CCC[C@H](C1)Nc1nnc(cc1C#N)-c1c(C)cc(cc1O)C(F)(F)F	Tumor necrosis factor	100000	US Patent	"2AZ5,3ALQ,3IT8,3L9J,4G3Y,4TWT,5M2I,5M2J,5M2M,5MU8,5WUX,5YOY,6OOY,6OOZ,6X81,6X82,6X83,6X85,6X86,7JRA"
CN1CCC[C@H](C1)Nc1ccc(nn1)-c1c(C)cc(cc1O)C(F)(F)F	Tumor necrosis factor	100000	US Patent	"2AZ5,3ALQ,3IT8,3L9J,4G3Y,4TWT,5M2I,5M2J,5M2M,5MU8,5WUX,5YOY,6OOY,6OOZ,6X81,6X82,6X83,6X85,6X86,7JRA"
Cc1cc(nnc1N[C@@H]1CCCN(CCO)C1)-c1c(C)cc(cc1O)C(F)(F)F	Tumor necrosis factor	100000	US Patent	"2AZ5,3ALQ,3IT8,3L9J,4G3Y,4TWT,5M2I,5M2J,5M2M,5MU8,5WUX,5YOY,6OOY,6OOZ,6X81,6X82,6X83,6X85,6X86,7JRA"
Cc1cc(cc(O)c1-c1ccc(NC[C@H]2CCCN2)nn1)C(F)(F)F	Tumor necrosis factor	100000	US Patent	"2AZ5,3ALQ,3IT8,3L9J,4G3Y,4TWT,5M2I,5M2J,5M2M,5MU8,5WUX,5YOY,6OOY,6OOZ,6X81,6X82,6X83,6X85,6X86,7JRA"
Cc1cc(cc(O)c1-c1ccc(NCC(C)(C)O)nn1)C(F)(F)F	Tumor necrosis factor	100000	US Patent	"2AZ5,3ALQ,3IT8,3L9J,4G3Y,4TWT,5M2I,5M2J,5M2M,5MU8,5WUX,5YOY,6OOY,6OOZ,6X81,6X82,6X83,6X85,6X86,7JRA"
CN(C)C(C)(C)CNc1ccc(nn1)-c1c(C)cc(cc1O)C(F)(F)F	Tumor necrosis factor	100000	US Patent	"2AZ5,3ALQ,3IT8,3L9J,4G3Y,4TWT,5M2I,5M2J,5M2M,5MU8,5WUX,5YOY,6OOY,6OOZ,6X81,6X82,6X83,6X85,6X86,7JRA"
CN1CC[C@@H](C1)Nc1ccc(nn1)-c1c(C)cc(cc1O)C(F)(F)F	Tumor necrosis factor	100000	US Patent	"2AZ5,3ALQ,3IT8,3L9J,4G3Y,4TWT,5M2I,5M2J,5M2M,5MU8,5WUX,5YOY,6OOY,6OOZ,6X81,6X82,6X83,6X85,6X86,7JRA"
Cc1cc(cc(O)c1-c1ccc(OCC(C)(C)O)nn1)C(F)(F)F	Tumor necrosis factor	100000	US Patent	"2AZ5,3ALQ,3IT8,3L9J,4G3Y,4TWT,5M2I,5M2J,5M2M,5MU8,5WUX,5YOY,6OOY,6OOZ,6X81,6X82,6X83,6X85,6X86,7JRA"
Cc1cc(cc(O)c1-c1ccc(NC[C@H]2CCCCN2)nn1)C(F)(F)F	Tumor necrosis factor	100000	US Patent	"2AZ5,3ALQ,3IT8,3L9J,4G3Y,4TWT,5M2I,5M2J,5M2M,5MU8,5WUX,5YOY,6OOY,6OOZ,6X81,6X82,6X83,6X85,6X86,7JRA"
Cc1cc(cc(O)c1-c1ccc(NC[C@@H]2CCCCN2)nn1)C(F)(F)F	Tumor necrosis factor	100000	US Patent	"2AZ5,3ALQ,3IT8,3L9J,4G3Y,4TWT,5M2I,5M2J,5M2M,5MU8,5WUX,5YOY,6OOY,6OOZ,6X81,6X82,6X83,6X85,6X86,7JRA"
Cc1cc(cc(O)c1-c1ccc(NC[C@@H]2CC(F)(F)CN2)nn1)C(F)(F)F	Tumor necrosis factor	100000	US Patent	"2AZ5,3ALQ,3IT8,3L9J,4G3Y,4TWT,5M2I,5M2J,5M2M,5MU8,5WUX,5YOY,6OOY,6OOZ,6X81,6X82,6X83,6X85,6X86,7JRA"
Cc1cc(cc(O)c1-c1ccc(NC[C@H]2CC(F)(F)CN2)nn1)C(F)(F)F	Tumor necrosis factor	100000	US Patent	"2AZ5,3ALQ,3IT8,3L9J,4G3Y,4TWT,5M2I,5M2J,5M2M,5MU8,5WUX,5YOY,6OOY,6OOZ,6X81,6X82,6X83,6X85,6X86,7JRA"
Cc1cc(cc(O)c1-c1cc(c(NCCO)nn1)C(F)(F)F)C(F)(F)F	Tumor necrosis factor	100000	US Patent	"2AZ5,3ALQ,3IT8,3L9J,4G3Y,4TWT,5M2I,5M2J,5M2M,5MU8,5WUX,5YOY,6OOY,6OOZ,6X81,6X82,6X83,6X85,6X86,7JRA"
Oc1cc(Cl)cc(Cl)c1-c1ccc(NCC(F)(F)F)nn1	Tumor necrosis factor	100000	US Patent	"2AZ5,3ALQ,3IT8,3L9J,4G3Y,4TWT,5M2I,5M2J,5M2M,5MU8,5WUX,5YOY,6OOY,6OOZ,6X81,6X82,6X83,6X85,6X86,7JRA"
Cc1cc(cc(O)c1-c1ccc(NCc2ccccn2)nn1)C(F)(F)F	Tumor necrosis factor	100000	US Patent	"2AZ5,3ALQ,3IT8,3L9J,4G3Y,4TWT,5M2I,5M2J,5M2M,5MU8,5WUX,5YOY,6OOY,6OOZ,6X81,6X82,6X83,6X85,6X86,7JRA"
Cc1cc(cc(O)c1-c1ccc(NCC(C)(C)N)nn1)C(F)(F)F	Tumor necrosis factor	100000	US Patent	"2AZ5,3ALQ,3IT8,3L9J,4G3Y,4TWT,5M2I,5M2J,5M2M,5MU8,5WUX,5YOY,6OOY,6OOZ,6X81,6X82,6X83,6X85,6X86,7JRA"
CC(C)(O)CNc1ccc(nn1)-c1c(O)cc(cc1Cl)C(F)(F)F	Tumor necrosis factor	100000	US Patent	"2AZ5,3ALQ,3IT8,3L9J,4G3Y,4TWT,5M2I,5M2J,5M2M,5MU8,5WUX,5YOY,6OOY,6OOZ,6X81,6X82,6X83,6X85,6X86,7JRA"
O[C@H]1C[C@H](C1)Nc1ccc(nn1)-c1c(O)cc(cc1Cl)C(F)(F)F	Tumor necrosis factor	100000	US Patent	"2AZ5,3ALQ,3IT8,3L9J,4G3Y,4TWT,5M2I,5M2J,5M2M,5MU8,5WUX,5YOY,6OOY,6OOZ,6X81,6X82,6X83,6X85,6X86,7JRA"
Cc1cc(cc(O)c1-c1ccc(N[C@H]2CCCNC2)nn1)C(F)(F)F	Tumor necrosis factor	100000	US Patent	"2AZ5,3ALQ,3IT8,3L9J,4G3Y,4TWT,5M2I,5M2J,5M2M,5MU8,5WUX,5YOY,6OOY,6OOZ,6X81,6X82,6X83,6X85,6X86,7JRA"
Cc1ncccc1CNc1ccc(nn1)-c1c(O)cc(cc1Cl)C(F)(F)F	Tumor necrosis factor	100000	US Patent	"2AZ5,3ALQ,3IT8,3L9J,4G3Y,4TWT,5M2I,5M2J,5M2M,5MU8,5WUX,5YOY,6OOY,6OOZ,6X81,6X82,6X83,6X85,6X86,7JRA"
Cc1ncccc1CNc1ccc(nn1)-c1c(O)cc(Cl)cc1C(F)(F)F	Tumor necrosis factor	100000	US Patent	"2AZ5,3ALQ,3IT8,3L9J,4G3Y,4TWT,5M2I,5M2J,5M2M,5MU8,5WUX,5YOY,6OOY,6OOZ,6X81,6X82,6X83,6X85,6X86,7JRA"
CN1CCC[C@@H](C1)Nc1ccc(nn1)-c1c(C)cc(cc1O)C(F)(F)F	Tumor necrosis factor	100000	US Patent	"2AZ5,3ALQ,3IT8,3L9J,4G3Y,4TWT,5M2I,5M2J,5M2M,5MU8,5WUX,5YOY,6OOY,6OOZ,6X81,6X82,6X83,6X85,6X86,7JRA"
OCCNc1ccc(nn1)-c1c(O)cc(cc1Cl)C(F)(F)F	Tumor necrosis factor	100000	US Patent	"2AZ5,3ALQ,3IT8,3L9J,4G3Y,4TWT,5M2I,5M2J,5M2M,5MU8,5WUX,5YOY,6OOY,6OOZ,6X81,6X82,6X83,6X85,6X86,7JRA"
CN1CCC[C@H](C1)Nc1ccc(nn1)-c1c(O)cc(cc1C(F)(F)F)C(F)(F)F	Tumor necrosis factor	100000	US Patent	"2AZ5,3ALQ,3IT8,3L9J,4G3Y,4TWT,5M2I,5M2J,5M2M,5MU8,5WUX,5YOY,6OOY,6OOZ,6X81,6X82,6X83,6X85,6X86,7JRA"
CN1CCC[C@H](C1)Oc1ccc(nn1)-c1c(C)cc(cc1O)C(F)(F)F	Tumor necrosis factor	100000	US Patent	"2AZ5,3ALQ,3IT8,3L9J,4G3Y,4TWT,5M2I,5M2J,5M2M,5MU8,5WUX,5YOY,6OOY,6OOZ,6X81,6X82,6X83,6X85,6X86,7JRA"
Oc1cc(Cl)cc(Cl)c1-c1ccc(NC2CC2)nn1	Tumor necrosis factor	100000	US Patent	"2AZ5,3ALQ,3IT8,3L9J,4G3Y,4TWT,5M2I,5M2J,5M2M,5MU8,5WUX,5YOY,6OOY,6OOZ,6X81,6X82,6X83,6X85,6X86,7JRA"
CN1CCC[C@H](C1)Nc1ccc(nn1)-c1c(O)cc(Cl)cc1Cl	Tumor necrosis factor	100000	US Patent	"2AZ5,3ALQ,3IT8,3L9J,4G3Y,4TWT,5M2I,5M2J,5M2M,5MU8,5WUX,5YOY,6OOY,6OOZ,6X81,6X82,6X83,6X85,6X86,7JRA"
Cc1cc(cc(O)c1-c1ccc(Nc2cccnc2)nn1)C(F)(F)F	Tumor necrosis factor	100000	US Patent	"2AZ5,3ALQ,3IT8,3L9J,4G3Y,4TWT,5M2I,5M2J,5M2M,5MU8,5WUX,5YOY,6OOY,6OOZ,6X81,6X82,6X83,6X85,6X86,7JRA"
CN1CCC[C@H](C1)Nc1ccc(nn1)-c1c(C)cc(C)cc1O	Tumor necrosis factor	100000	US Patent	"2AZ5,3ALQ,3IT8,3L9J,4G3Y,4TWT,5M2I,5M2J,5M2M,5MU8,5WUX,5YOY,6OOY,6OOZ,6X81,6X82,6X83,6X85,6X86,7JRA"
CN1CCC[C@H](C1)Nc1nnc(c(C)c1C)-c1ccc(cc1O)C(F)(F)F	Tumor necrosis factor	100000	US Patent	"2AZ5,3ALQ,3IT8,3L9J,4G3Y,4TWT,5M2I,5M2J,5M2M,5MU8,5WUX,5YOY,6OOY,6OOZ,6X81,6X82,6X83,6X85,6X86,7JRA"
CN1CCC[C@H](C1)Nc1ccc(nn1)-c1c(O)cc(cc1Cl)C(F)(F)F	Tumor necrosis factor	100000	US Patent	"2AZ5,3ALQ,3IT8,3L9J,4G3Y,4TWT,5M2I,5M2J,5M2M,5MU8,5WUX,5YOY,6OOY,6OOZ,6X81,6X82,6X83,6X85,6X86,7JRA"
CN1CCC[C@H](C1)Nc1cc(c(nn1)-c1ccc(C)cc1O)C(F)(F)F	Tumor necrosis factor	100000	US Patent	"2AZ5,3ALQ,3IT8,3L9J,4G3Y,4TWT,5M2I,5M2J,5M2M,5MU8,5WUX,5YOY,6OOY,6OOZ,6X81,6X82,6X83,6X85,6X86,7JRA"
CN1CCC[C@H](C1)Nc1ccc(nn1)-c1c(O)cc(Cl)cc1C(F)(F)F	Tumor necrosis factor	100000	US Patent	"2AZ5,3ALQ,3IT8,3L9J,4G3Y,4TWT,5M2I,5M2J,5M2M,5MU8,5WUX,5YOY,6OOY,6OOZ,6X81,6X82,6X83,6X85,6X86,7JRA"
CN1CCCC(C)(C1)Nc1ccc(nn1)-c1c(C)cc(cc1O)C(F)(F)F	Tumor necrosis factor	100000	US Patent	"2AZ5,3ALQ,3IT8,3L9J,4G3Y,4TWT,5M2I,5M2J,5M2M,5MU8,5WUX,5YOY,6OOY,6OOZ,6X81,6X82,6X83,6X85,6X86,7JRA"
Cc1cc(cc(O)c1-c1cc(c(N[C@H]2C[C@@](C)(O)C2)nn1)C(F)(F)F)C(F)(F)F	Tumor necrosis factor	100000	US Patent	"2AZ5,3ALQ,3IT8,3L9J,4G3Y,4TWT,5M2I,5M2J,5M2M,5MU8,5WUX,5YOY,6OOY,6OOZ,6X81,6X82,6X83,6X85,6X86,7JRA"
Cc1cc(cc(O)c1-c1ccc(N[C@@H]2CCC[C@@H](O)C2)nn1)C(F)(F)F	Tumor necrosis factor	100000	US Patent	"2AZ5,3ALQ,3IT8,3L9J,4G3Y,4TWT,5M2I,5M2J,5M2M,5MU8,5WUX,5YOY,6OOY,6OOZ,6X81,6X82,6X83,6X85,6X86,7JRA"
CN1CCC[C@@H](Nc2ccc(nn2)-c2c(C)cc(cc2O)C(F)(F)F)C1=O	Tumor necrosis factor	100000	US Patent	"2AZ5,3ALQ,3IT8,3L9J,4G3Y,4TWT,5M2I,5M2J,5M2M,5MU8,5WUX,5YOY,6OOY,6OOZ,6X81,6X82,6X83,6X85,6X86,7JRA"
Cc1cc(cc(O)c1-c1ccc(NC[C@@H](F)C(C)(C)O)nn1)C(F)(F)F	Tumor necrosis factor	100000	US Patent	"2AZ5,3ALQ,3IT8,3L9J,4G3Y,4TWT,5M2I,5M2J,5M2M,5MU8,5WUX,5YOY,6OOY,6OOZ,6X81,6X82,6X83,6X85,6X86,7JRA"
Cc1cc(cc(O)c1-c1ccc(N[C@@H]2CCC(=O)NC2)nn1)C(F)(F)F	Tumor necrosis factor	100000	US Patent	"2AZ5,3ALQ,3IT8,3L9J,4G3Y,4TWT,5M2I,5M2J,5M2M,5MU8,5WUX,5YOY,6OOY,6OOZ,6X81,6X82,6X83,6X85,6X86,7JRA"
Cc1cc(cc(O)c1-c1ccc(NC2CCC(NC2)C(F)(F)F)nn1)C(F)(F)F	Tumor necrosis factor	100000	US Patent	"2AZ5,3ALQ,3IT8,3L9J,4G3Y,4TWT,5M2I,5M2J,5M2M,5MU8,5WUX,5YOY,6OOY,6OOZ,6X81,6X82,6X83,6X85,6X86,7JRA"
CN1CCC[C@H](C1)Nc1nnc(cc1C(F)(F)F)-c1c(C)cc(cc1O)C(F)(F)F	Tumor necrosis factor	100000	US Patent	"2AZ5,3ALQ,3IT8,3L9J,4G3Y,4TWT,5M2I,5M2J,5M2M,5MU8,5WUX,5YOY,6OOY,6OOZ,6X81,6X82,6X83,6X85,6X86,7JRA"
Cc1cc(N[C@H]2C[C@@](C)(O)C2)nnc1-c1ccc(Cl)cc1O	Tumor necrosis factor	100000	US Patent	"2AZ5,3ALQ,3IT8,3L9J,4G3Y,4TWT,5M2I,5M2J,5M2M,5MU8,5WUX,5YOY,6OOY,6OOZ,6X81,6X82,6X83,6X85,6X86,7JRA"
CN1CCC[C@H](C1)Nc1cc(c(nn1)-c1ccc(Cl)cc1O)C(F)(F)F	Tumor necrosis factor	100000	US Patent	"2AZ5,3ALQ,3IT8,3L9J,4G3Y,4TWT,5M2I,5M2J,5M2M,5MU8,5WUX,5YOY,6OOY,6OOZ,6X81,6X82,6X83,6X85,6X86,7JRA"
CN1CCC[C@H](C1)Nc1cc(C)c(nn1)-c1ccc(Cl)cc1O	Tumor necrosis factor	100000	US Patent	"2AZ5,3ALQ,3IT8,3L9J,4G3Y,4TWT,5M2I,5M2J,5M2M,5MU8,5WUX,5YOY,6OOY,6OOZ,6X81,6X82,6X83,6X85,6X86,7JRA"
Cc1cc(nnc1NCC(C)(C)O)-c1c(C)cc(cc1O)C(F)(F)F	Tumor necrosis factor	100000	US Patent	"2AZ5,3ALQ,3IT8,3L9J,4G3Y,4TWT,5M2I,5M2J,5M2M,5MU8,5WUX,5YOY,6OOY,6OOZ,6X81,6X82,6X83,6X85,6X86,7JRA"
Cc1cc(cc(O)c1-c1ccc(N[C@@H]2CCCNC2)nn1)C(F)(F)F	Tumor necrosis factor	100000	US Patent	"2AZ5,3ALQ,3IT8,3L9J,4G3Y,4TWT,5M2I,5M2J,5M2M,5MU8,5WUX,5YOY,6OOY,6OOZ,6X81,6X82,6X83,6X85,6X86,7JRA"
Cc1cc(cc(O)c1-c1ccc(NC[C@@H]2C[C@H](F)CN2)nn1)C(F)(F)F	Tumor necrosis factor	100000	US Patent	"2AZ5,3ALQ,3IT8,3L9J,4G3Y,4TWT,5M2I,5M2J,5M2M,5MU8,5WUX,5YOY,6OOY,6OOZ,6X81,6X82,6X83,6X85,6X86,7JRA"
Cc1cc(cc(O)c1-c1ccc(NC[C@@H]2C[C@@H](F)CN2)nn1)C(F)(F)F	Tumor necrosis factor	100000	US Patent	"2AZ5,3ALQ,3IT8,3L9J,4G3Y,4TWT,5M2I,5M2J,5M2M,5MU8,5WUX,5YOY,6OOY,6OOZ,6X81,6X82,6X83,6X85,6X86,7JRA"
CN1CCOCC1CNc1ccc(nn1)-c1c(C)cc(cc1O)C(F)(F)F	Tumor necrosis factor	100000	US Patent	"2AZ5,3ALQ,3IT8,3L9J,4G3Y,4TWT,5M2I,5M2J,5M2M,5MU8,5WUX,5YOY,6OOY,6OOZ,6X81,6X82,6X83,6X85,6X86,7JRA"
Cc1cc(cc(O)c1-c1ccc(NC[C@](C)(O)C(F)(F)F)nn1)C(F)(F)F	Tumor necrosis factor	100000	US Patent	"2AZ5,3ALQ,3IT8,3L9J,4G3Y,4TWT,5M2I,5M2J,5M2M,5MU8,5WUX,5YOY,6OOY,6OOZ,6X81,6X82,6X83,6X85,6X86,7JRA"
Cc1cc(cc(O)c1-c1ccc(NC(C)(C)CO)nn1)C(F)(F)F	Tumor necrosis factor	100000	US Patent	"2AZ5,3ALQ,3IT8,3L9J,4G3Y,4TWT,5M2I,5M2J,5M2M,5MU8,5WUX,5YOY,6OOY,6OOZ,6X81,6X82,6X83,6X85,6X86,7JRA"
Cc1cc(N[C@H]2C[C@@](C)(O)C2)nnc1-c1ccc(OC(F)(F)F)cc1O	Tumor necrosis factor	100000	US Patent	"2AZ5,3ALQ,3IT8,3L9J,4G3Y,4TWT,5M2I,5M2J,5M2M,5MU8,5WUX,5YOY,6OOY,6OOZ,6X81,6X82,6X83,6X85,6X86,7JRA"
CN1CCC[C@H](C1)Nc1cc(C)c(nn1)-c1ccc(OC(F)(F)F)cc1O	Tumor necrosis factor	100000	US Patent	"2AZ5,3ALQ,3IT8,3L9J,4G3Y,4TWT,5M2I,5M2J,5M2M,5MU8,5WUX,5YOY,6OOY,6OOZ,6X81,6X82,6X83,6X85,6X86,7JRA"
Cc1cc(OC(F)(F)F)cc(O)c1-c1ccc(N[C@@H]2CCCN3CCC[C@H]23)nn1	Tumor necrosis factor	100000	US Patent	"2AZ5,3ALQ,3IT8,3L9J,4G3Y,4TWT,5M2I,5M2J,5M2M,5MU8,5WUX,5YOY,6OOY,6OOZ,6X81,6X82,6X83,6X85,6X86,7JRA"
Cc1cc(OC(F)(F)F)cc(O)c1-c1ccc(N[C@H]2CCCN3CCC[C@@H]23)nn1	Tumor necrosis factor	100000	US Patent	"2AZ5,3ALQ,3IT8,3L9J,4G3Y,4TWT,5M2I,5M2J,5M2M,5MU8,5WUX,5YOY,6OOY,6OOZ,6X81,6X82,6X83,6X85,6X86,7JRA"
Cc1cc(OC(F)(F)F)cc(O)c1-c1ccc(NC[C@H]2CCCCN2CO)nn1	Tumor necrosis factor	100000	US Patent	"2AZ5,3ALQ,3IT8,3L9J,4G3Y,4TWT,5M2I,5M2J,5M2M,5MU8,5WUX,5YOY,6OOY,6OOZ,6X81,6X82,6X83,6X85,6X86,7JRA"
CN1C2CCC1C(CC2)Nc1ccc(nn1)-c1c(C)cc(cc1O)C(F)(F)F	Tumor necrosis factor	100000	US Patent	"2AZ5,3ALQ,3IT8,3L9J,4G3Y,4TWT,5M2I,5M2J,5M2M,5MU8,5WUX,5YOY,6OOY,6OOZ,6X81,6X82,6X83,6X85,6X86,7JRA"
CN1C2CCC1C(CC2)Nc1ccc(nn1)-c1c(C)cc(cc1O)C(F)(F)F	Tumor necrosis factor	100000	US Patent	"2AZ5,3ALQ,3IT8,3L9J,4G3Y,4TWT,5M2I,5M2J,5M2M,5MU8,5WUX,5YOY,6OOY,6OOZ,6X81,6X82,6X83,6X85,6X86,7JRA"
Cc1cc(cc(O)c1-c1ccc(NC2CCC3CCC2N3CCO)nn1)C(F)(F)F	Tumor necrosis factor	100000	US Patent	"2AZ5,3ALQ,3IT8,3L9J,4G3Y,4TWT,5M2I,5M2J,5M2M,5MU8,5WUX,5YOY,6OOY,6OOZ,6X81,6X82,6X83,6X85,6X86,7JRA"
Cc1cc(cc(O)c1-c1ccc(NC2CCC3CCC2N3CCO)nn1)C(F)(F)F	Tumor necrosis factor	100000	US Patent	"2AZ5,3ALQ,3IT8,3L9J,4G3Y,4TWT,5M2I,5M2J,5M2M,5MU8,5WUX,5YOY,6OOY,6OOZ,6X81,6X82,6X83,6X85,6X86,7JRA"
CN1C[C@H](CC[C@@H]1CO)Nc1ccc(nn1)-c1c(C)cc(OC(F)(F)F)cc1O	Tumor necrosis factor	100000	US Patent	"2AZ5,3ALQ,3IT8,3L9J,4G3Y,4TWT,5M2I,5M2J,5M2M,5MU8,5WUX,5YOY,6OOY,6OOZ,6X81,6X82,6X83,6X85,6X86,7JRA"
Cc1cc(cc(O)c1-c1ccc(NC[C@@](C)(O)CO)nn1)C(F)(F)F	Tumor necrosis factor	100000	US Patent	"2AZ5,3ALQ,3IT8,3L9J,4G3Y,4TWT,5M2I,5M2J,5M2M,5MU8,5WUX,5YOY,6OOY,6OOZ,6X81,6X82,6X83,6X85,6X86,7JRA"
Cc1cc(cc(O)c1-c1ccc(N[C@H]2CC[C@H](O)[C@@H]2O)nn1)C(F)(F)F	Tumor necrosis factor	100000	US Patent	"2AZ5,3ALQ,3IT8,3L9J,4G3Y,4TWT,5M2I,5M2J,5M2M,5MU8,5WUX,5YOY,6OOY,6OOZ,6X81,6X82,6X83,6X85,6X86,7JRA"
Cc1cc(cc(O)c1-c1ccc(N[C@@H]2CC[C@@H](O)[C@H]2O)nn1)C(F)(F)F	Tumor necrosis factor	100000	US Patent	"2AZ5,3ALQ,3IT8,3L9J,4G3Y,4TWT,5M2I,5M2J,5M2M,5MU8,5WUX,5YOY,6OOY,6OOZ,6X81,6X82,6X83,6X85,6X86,7JRA"
C[C@@H](O)C(C)CNc1ccc(nn1)-c1c(C)cc(cc1O)C(F)(F)F	Tumor necrosis factor	100000	US Patent	"2AZ5,3ALQ,3IT8,3L9J,4G3Y,4TWT,5M2I,5M2J,5M2M,5MU8,5WUX,5YOY,6OOY,6OOZ,6X81,6X82,6X83,6X85,6X86,7JRA"
C[C@@H]1NCCC[C@@H]1Nc1ccc(nn1)-c1c(C)cc(cc1O)C(F)(F)F	Tumor necrosis factor	100000	US Patent	"2AZ5,3ALQ,3IT8,3L9J,4G3Y,4TWT,5M2I,5M2J,5M2M,5MU8,5WUX,5YOY,6OOY,6OOZ,6X81,6X82,6X83,6X85,6X86,7JRA"
C[C@H]1NCCC[C@H]1Nc1ccc(nn1)-c1c(C)cc(cc1O)C(F)(F)F	Tumor necrosis factor	100000	US Patent	"2AZ5,3ALQ,3IT8,3L9J,4G3Y,4TWT,5M2I,5M2J,5M2M,5MU8,5WUX,5YOY,6OOY,6OOZ,6X81,6X82,6X83,6X85,6X86,7JRA"
C[C@H](O)CN1CCC[C@H](C1)Nc1ccc(nn1)-c1c(C)cc(cc1O)C(F)(F)F	Tumor necrosis factor	100000	US Patent	"2AZ5,3ALQ,3IT8,3L9J,4G3Y,4TWT,5M2I,5M2J,5M2M,5MU8,5WUX,5YOY,6OOY,6OOZ,6X81,6X82,6X83,6X85,6X86,7JRA"
CN1C[C@@H](O)C[C@H](C1)Nc1ccc(nn1)-c1c(C)cc(cc1O)C(F)(F)F	Tumor necrosis factor	100000	US Patent	"5MU8,6X86,6X85,6X83,6X82,6X81,5YOY,7JRA,8Z8M,6OOZ,6OOY,5WUX,5M2M,5M2J,5M2I,4TWT,4G3Y,3IT8,3ALQ,3L9J,2AZ5,7ASY,7QLF"
Cc1cc(cc(O)c1-c1ccc(NCC2(O)CCCC2)nn1)C(F)(F)F	Tumor necrosis factor	100000	US Patent	"2AZ5,3ALQ,3IT8,3L9J,4G3Y,4TWT,5M2I,5M2J,5M2M,5MU8,5WUX,5YOY,6OOY,6OOZ,6X81,6X82,6X83,6X85,6X86,7JRA"
CN1CC(CCC1=O)Nc1nnc(cc1C)-c1c(C)cc(cc1O)C(F)(F)F	Tumor necrosis factor	100000	US Patent	"2AZ5,3ALQ,3IT8,3L9J,4G3Y,4TWT,5M2I,5M2J,5M2M,5MU8,5WUX,5YOY,6OOY,6OOZ,6X81,6X82,6X83,6X85,6X86,7JRA"
Cc1cc(nnc1N[C@@H]1CCCNC1)-c1c(C)cc(cc1O)C(F)(F)F	Tumor necrosis factor	100000	US Patent	"2AZ5,3ALQ,3IT8,3L9J,4G3Y,4TWT,5M2I,5M2J,5M2M,5MU8,5WUX,5YOY,6OOY,6OOZ,6X81,6X82,6X83,6X85,6X86,7JRA"
CCN1CCC[C@H](C1)Nc1nnc(cc1C)-c1c(C)cc(cc1O)C(F)(F)F	Tumor necrosis factor	100000	US Patent	"2AZ5,3ALQ,3IT8,3L9J,4G3Y,4TWT,5M2I,5M2J,5M2M,5MU8,5WUX,5YOY,6OOY,6OOZ,6X81,6X82,6X83,6X85,6X86,7JRA"
C[NH+]1CCC[C@H](C1)Nc1nnc(cc1C)-c1c(C)cc(cc1O)C(F)(F)F	Tumor necrosis factor	100000	US Patent	"2AZ5,3ALQ,3IT8,3L9J,4G3Y,4TWT,5M2I,5M2J,5M2M,5MU8,5WUX,5YOY,6OOY,6OOZ,6X81,6X82,6X83,6X85,6X86,7JRA"
COc1cccc(c1)C(CC(N)=O)N1C(=O)c2ccccc2C1=O	Tumor necrosis factor	120000	ChEMBL	"2AZ5,3ALQ,3IT8,3L9J,4G3Y,4TWT,5M2I,5M2J,5M2M,5MU8,5WUX,5YOY,6OOY,6OOZ,6X81,6X82,6X83,6X85,6X86,7JRA"
CCOC(=O)CCCn1c(=O)n(C)c2nc(CC)c(CC)nc2c1=O	Tumor necrosis factor	130000	ChEMBL	"2AZ5,3ALQ,3IT8,3L9J,4G3Y,4TWT,5M2I,5M2J,5M2M,5MU8,5WUX,5YOY,6OOY,6OOZ,6X81,6X82,6X83,6X85,6X86,7JRA"
NC(=O)CC(N1C(=O)c2ccccc2C1=O)c1ccc(cc1)C#N	Tumor necrosis factor	150000	ChEMBL	"2AZ5,3ALQ,3IT8,3L9J,4G3Y,4TWT,5M2I,5M2J,5M2M,5MU8,5WUX,5YOY,6OOY,6OOZ,6X81,6X82,6X83,6X85,6X86,7JRA"
CCOC(=O)CCCn1c(=O)n(Cc2ccccc2)c2nccnc2c1=O	Tumor necrosis factor	175000	ChEMBL	"2AZ5,3ALQ,3IT8,3L9J,4G3Y,4TWT,5M2I,5M2J,5M2M,5MU8,5WUX,5YOY,6OOY,6OOZ,6X81,6X82,6X83,6X85,6X86,7JRA"
Cn1c2ccccc2c(=O)n(CCCC(O)=O)c1=O	Tumor necrosis factor	200000	ChEMBL	"2AZ5,3ALQ,3IT8,3L9J,4G3Y,4TWT,5M2I,5M2J,5M2M,5MU8,5WUX,5YOY,6OOY,6OOZ,6X81,6X82,6X83,6X85,6X86,7JRA"
Cn1c2[nH]c(=S)[nH]c2c(=O)[nH]c1=O	Tumor necrosis factor	200000	ChEMBL	"2AZ5,3ALQ,3IT8,3L9J,4G3Y,4TWT,5M2I,5M2J,5M2M,5MU8,5WUX,5YOY,6OOY,6OOZ,6X81,6X82,6X83,6X85,6X86,7JRA"
COC(=O)c1ccc(Cn2c(=O)n(C)c3nc(Br)n(C)c3c2=O)cc1	Tumor necrosis factor	200000	ChEMBL	"2AZ5,3ALQ,3IT8,3L9J,4G3Y,4TWT,5M2I,5M2J,5M2M,5MU8,5WUX,5YOY,6OOY,6OOZ,6X81,6X82,6X83,6X85,6X86,7JRA"
Cn1cnc2n(C)c(=O)n(CCCC(O)=O)c(=O)c12	Tumor necrosis factor	200000	ChEMBL	"2AZ5,3ALQ,3IT8,3L9J,4G3Y,4TWT,5M2I,5M2J,5M2M,5MU8,5WUX,5YOY,6OOY,6OOZ,6X81,6X82,6X83,6X85,6X86,7JRA"
COC(=O)c1ccc(Cn2c(=O)n(C)c3ncn(C)c3c2=O)cc1	Tumor necrosis factor	200000	ChEMBL	"2AZ5,3ALQ,3IT8,3L9J,4G3Y,4TWT,5M2I,5M2J,5M2M,5MU8,5WUX,5YOY,6OOY,6OOZ,6X81,6X82,6X83,6X85,6X86,7JRA"
CCOC(=O)Cn1c(=O)n(C)c2ncn(C)c2c1=O	Tumor necrosis factor	200000	ChEMBL	"2AZ5,3ALQ,3IT8,3L9J,4G3Y,4TWT,5M2I,5M2J,5M2M,5MU8,5WUX,5YOY,6OOY,6OOZ,6X81,6X82,6X83,6X85,6X86,7JRA"
Cn1c2nsnc2c(=O)n(CCCC(O)=O)c1=O	Tumor necrosis factor	200000	ChEMBL	"2AZ5,3ALQ,3IT8,3L9J,4G3Y,4TWT,5M2I,5M2J,5M2M,5MU8,5WUX,5YOY,6OOY,6OOZ,6X81,6X82,6X83,6X85,6X86,7JRA"
Cn1c2nccnc2c(=O)n(CCCC(O)=O)c1=O	Tumor necrosis factor	200000	ChEMBL	"2AZ5,3ALQ,3IT8,3L9J,4G3Y,4TWT,5M2I,5M2J,5M2M,5MU8,5WUX,5YOY,6OOY,6OOZ,6X81,6X82,6X83,6X85,6X86,7JRA"
CCOC(=O)CCCn1c(=O)n(C)c2ncc(nc2c1=O)-c1ccccc1	Tumor necrosis factor	200000	ChEMBL	"2AZ5,3ALQ,3IT8,3L9J,4G3Y,4TWT,5M2I,5M2J,5M2M,5MU8,5WUX,5YOY,6OOY,6OOZ,6X81,6X82,6X83,6X85,6X86,7JRA"
CCCn1c2nccnc2c(=O)n(CCCC(O)=O)c1=O	Tumor necrosis factor	200000	ChEMBL	"2AZ5,3ALQ,3IT8,3L9J,4G3Y,4TWT,5M2I,5M2J,5M2M,5MU8,5WUX,5YOY,6OOY,6OOZ,6X81,6X82,6X83,6X85,6X86,7JRA"
CCOC(=O)c1ccc(Cn2c(=O)n(C)c3[nH]c(=S)n(C)c3c2=O)cc1	Tumor necrosis factor	200000	ChEMBL	"2AZ5,3ALQ,3IT8,3L9J,4G3Y,4TWT,5M2I,5M2J,5M2M,5MU8,5WUX,5YOY,6OOY,6OOZ,6X81,6X82,6X83,6X85,6X86,7JRA"
C(c1ccccc1)n1cnc2ccccc12	Tumor necrosis factor	204000	ChEMBL	"2AZ5,3ALQ,3IT8,3L9J,4G3Y,4TWT,5M2I,5M2J,5M2M,5MU8,5WUX,5YOY,6OOY,6OOZ,6X81,6X82,6X83,6X85,6X86,7JRA"
NC(=O)CC(N1C(=O)c2ccccc2C1=O)c1ccccc1	Tumor necrosis factor	260000	ChEMBL	"2AZ5,3ALQ,3IT8,3L9J,4G3Y,4TWT,5M2I,5M2J,5M2M,5MU8,5WUX,5YOY,6OOY,6OOZ,6X81,6X82,6X83,6X85,6X86,7JRA"
Nc1ccc(O)c(c1)C(O)=O	Tumor necrosis factor	20600000	ChEMBL	"2AZ5,3ALQ,3IT8,3L9J,4G3Y,4TWT,5M2I,5M2J,5M2M,5MU8,5WUX,5YOY,6OOY,6OOZ,6X81,6X82,6X83,6X85,6X86,7JRA"
COc1ccc2CN(C[C@]3(NC(=O)NC3=O)C#Cc3cncc(c3)-c3cn[nH]c3)C(=O)c2c1 |r|	Tumor necrosis factor	260	US Patent	"5MU8,9OK6,9OJY,9OJS,9OJO,6X86,6X85,6X83,6X82,6X81,5YOY,7JRA,8Z8M,6OOZ,6OOY,5WUX,5M2M,5M2J,5M2I,4TWT,4G3Y,3IT8,3ALQ,3L9J,2AZ5,7ASY,7QLF"
COc1ccc2CN(C[C@]3(NC(=O)NC3=O)C#Cc3cc(F)c4c(c3)[nH][nH]c4=O)C(=O)c2c1F |r|	Tumor necrosis factor	383.45	US Patent	"5MU8,9OK6,9OJY,9OJS,9OJO,6X86,6X85,6X83,6X82,6X81,5YOY,7JRA,8Z8M,6OOZ,6OOY,5WUX,5M2M,5M2J,5M2I,4TWT,4G3Y,3IT8,3ALQ,3L9J,2AZ5,7ASY,7QLF"
COc1ccc2CN(C[C@]3(NC(=O)NC3=O)C#Cc3cc(F)c4c(c3)[nH][nH]c4=O)C(=O)c2c1 |r|	Tumor necrosis factor	723	US Patent	"5MU8,9OK6,9OJY,9OJS,9OJO,6X86,6X85,6X83,6X82,6X81,5YOY,7JRA,8Z8M,6OOZ,6OOY,5WUX,5M2M,5M2J,5M2I,4TWT,4G3Y,3IT8,3ALQ,3L9J,2AZ5,7ASY,7QLF"
COc1ccc2CN(C[C@]3(NC(=O)NC3=O)C#Cc3ccc(cc3)-c3nc(ccc3O)-c3cnn(C)c3)C(=O)c2c1 |r|	Tumor necrosis factor	61	US Patent	"5MU8,9OK6,9OJY,9OJS,9OJO,6X86,6X85,6X83,6X82,6X81,5YOY,7JRA,8Z8M,6OOZ,6OOY,5WUX,5M2M,5M2J,5M2I,4TWT,4G3Y,3IT8,3ALQ,3L9J,2AZ5,7ASY,7QLF"
COc1ccc2CN(C[C@]3(NC(=O)NC3=O)C#Cc3ccc(cc3)-c3nc(ccc3O)-c3ccncc3)C(=O)c2c1 |r|	Tumor necrosis factor	65	US Patent	"5MU8,9OK6,9OJY,9OJS,9OJO,6X86,6X85,6X83,6X82,6X81,5YOY,7JRA,8Z8M,6OOZ,6OOY,5WUX,5M2M,5M2J,5M2I,4TWT,4G3Y,3IT8,3ALQ,3L9J,2AZ5,7ASY,7QLF"
COc1ccc2CN(C[C@]3(NC(=O)NC3=O)C#Cc3cncc(c3)-c3cc[nH]n3)C(=O)c2c1 |r|	Tumor necrosis factor	678	US Patent	"5MU8,9OK6,9OJY,9OJS,9OJO,6X86,6X85,6X83,6X82,6X81,5YOY,7JRA,8Z8M,6OOZ,6OOY,5WUX,5M2M,5M2J,5M2I,4TWT,4G3Y,3IT8,3ALQ,3L9J,2AZ5,7ASY,7QLF"
COc1ccc2CN(C[C@]3(NC(=O)NC3=O)C#Cc3ccc(c(F)c3)-c3nc(ccc3O)-c3cnn(C)c3)C(=O)c2c1F |r|	Tumor necrosis factor	75.4	US Patent	"5MU8,9OK6,9OJY,9OJS,9OJO,6X86,6X85,6X83,6X82,6X81,5YOY,7JRA,8Z8M,6OOZ,6OOY,5WUX,5M2M,5M2J,5M2I,4TWT,4G3Y,3IT8,3ALQ,3L9J,2AZ5,7ASY,7QLF"
COc1ccc2CN(C[C@]3(NC(=O)NC3=O)C#Cc3ccc(cc3)C(N=O)N3CCN(CC3)C3CCCCCC3)C(=O)c2c1 |r|	Tumor necrosis factor	151	US Patent	"5MU8,9OK6,9OJY,9OJS,9OJO,6X86,6X85,6X83,6X82,6X81,5YOY,7JRA,8Z8M,6OOZ,6OOY,5WUX,5M2M,5M2J,5M2I,4TWT,4G3Y,3IT8,3ALQ,3L9J,2AZ5,7ASY,7QLF"
COc1ccc2CN(C[C@]3(NC(=O)NC3=O)C#Cc3ccc(cc3)-c3nc(ccc3O)-c3cccnc3)C(=O)c2c1 |r|	Tumor necrosis factor	80.25	US Patent	"5MU8,9OK6,9OJY,9OJS,9OJO,6X86,6X85,6X83,6X82,6X81,5YOY,7JRA,8Z8M,6OOZ,6OOY,5WUX,5M2M,5M2J,5M2I,4TWT,4G3Y,3IT8,3ALQ,3L9J,2AZ5,7ASY,7QLF"
COc1ccc2CN(C[C@]3(NC(=O)NC3=O)C#Cc3ccc(cc3)C(N=O)N3CCN(CC3)C3CC3)C(=O)c2c1 |r|	Tumor necrosis factor	92	US Patent	"5MU8,9OK6,9OJY,9OJS,9OJO,6X86,6X85,6X83,6X82,6X81,5YOY,7JRA,8Z8M,6OOZ,6OOY,5WUX,5M2M,5M2J,5M2I,4TWT,4G3Y,3IT8,3ALQ,3L9J,2AZ5,7ASY,7QLF"
COc1ccc2CN(C[C@]3(NC(=O)NC3=O)C#Cc3ccc(cc3)-c3ncccc3O)C(=O)c2c1 |r|	Tumor necrosis factor	117	US Patent	"5MU8,9OK6,9OJY,9OJS,9OJO,6X86,6X85,6X83,6X82,6X81,5YOY,7JRA,8Z8M,6OOZ,6OOY,5WUX,5M2M,5M2J,5M2I,4TWT,4G3Y,3IT8,3ALQ,3L9J,2AZ5,7ASY,7QLF"
COc1ccc2CN(C[C@]3(NC(=O)NC3=O)C#Cc3ccc(cc3)-c3ncccc3OC(=O)C(C)(C)C)C(=O)c2c1 |r|	Tumor necrosis factor	341.55	US Patent	"5MU8,9OK6,9OJY,9OJS,9OJO,6X86,6X85,6X83,6X82,6X81,5YOY,7JRA,8Z8M,6OOZ,6OOY,5WUX,5M2M,5M2J,5M2I,4TWT,4G3Y,3IT8,3ALQ,3L9J,2AZ5,7ASY,7QLF"
COc1ccc2CN(C[C@]3(NC(=O)NC3=O)C#Cc3ccc(c(F)c3)-c3nc(ccc3O)-c3cccnc3)C(=O)c2c1F |r|	Tumor necrosis factor	118.7	US Patent	"5MU8,9OK6,9OJY,9OJS,9OJO,6X86,6X85,6X83,6X82,6X81,5YOY,7JRA,8Z8M,6OOZ,6OOY,5WUX,5M2M,5M2J,5M2I,4TWT,4G3Y,3IT8,3ALQ,3L9J,2AZ5,7ASY,7QLF"
COc1ccc2CN(C[C@]3(NC(=O)NC3=O)C#Cc3ccc(cc3)-c3nc(ccc3O)-c3cccnc3)C(=O)c2c1F |r|	Tumor necrosis factor	105.65	US Patent	"5MU8,9OK6,9OJY,9OJS,9OJO,6X86,6X85,6X83,6X82,6X81,5YOY,7JRA,8Z8M,6OOZ,6OOY,5WUX,5M2M,5M2J,5M2I,4TWT,4G3Y,3IT8,3ALQ,3L9J,2AZ5,7ASY,7QLF"
COc1ccc2CN(C[C@]3(NC(=O)NC3=O)C#Cc3ccc(cc3)-c3nc(ccc3O)N3CCC(=O)CC3)C(=O)c2c1F |r|	Tumor necrosis factor	123.85	US Patent	"5MU8,9OK6,9OJY,9OJS,9OJO,6X86,6X85,6X83,6X82,6X81,5YOY,7JRA,8Z8M,6OOZ,6OOY,5WUX,5M2M,5M2J,5M2I,4TWT,4G3Y,3IT8,3ALQ,3L9J,2AZ5,7ASY,7QLF"
COc1ccc2CN(C[C@]3(NC(=O)NC3=O)C#Cc3ccc(cc3)C(N=O)N3CCN(C)CC3)C(=O)c2c1 |r|	Tumor necrosis factor	65	US Patent	"5MU8,9OK6,9OJY,9OJS,9OJO,6X86,6X85,6X83,6X82,6X81,5YOY,7JRA,8Z8M,6OOZ,6OOY,5WUX,5M2M,5M2J,5M2I,4TWT,4G3Y,3IT8,3ALQ,3L9J,2AZ5,7ASY,7QLF"
CCN1CCN(CC1)c1ccc(O)c(n1)-c1ccc(cc1)C#C[C@]1(CN2Cc3ccc(OC)cc3C2=O)NC(=O)NC1=O |r|	Tumor necrosis factor	72.4	US Patent	"5MU8,9OK6,9OJY,9OJS,9OJO,6X86,6X85,6X83,6X82,6X81,5YOY,7JRA,8Z8M,6OOZ,6OOY,5WUX,5M2M,5M2J,5M2I,4TWT,4G3Y,3IT8,3ALQ,3L9J,2AZ5,7ASY,7QLF"
"CCCCN1CCN(CC1)C(=NO)c1ccc(cc1)C#C[C@]1(CN2Cc3ccc(OC)cc3C2=O)NC(=O)NC1=O |r,w:11.12|"	Tumor necrosis factor	74	US Patent	"5MU8,9OK6,9OJY,9OJS,9OJO,6X86,6X85,6X83,6X82,6X81,5YOY,7JRA,8Z8M,6OOZ,6OOY,5WUX,5M2M,5M2J,5M2I,4TWT,4G3Y,3IT8,3ALQ,3L9J,2AZ5,7ASY,7QLF"
COc1ccc2CN(C[C@]3(NC(=O)NC3=O)C#Cc3ccc(cc3)-c3nc(ccc3O)-c3cnn(C)c3)C(=O)c2c1F |r|	Tumor necrosis factor	87	US Patent	"5MU8,9OK6,9OJY,9OJS,9OJO,6X86,6X85,6X83,6X82,6X81,5YOY,7JRA,8Z8M,6OOZ,6OOY,5WUX,5M2M,5M2J,5M2I,4TWT,4G3Y,3IT8,3ALQ,3L9J,2AZ5,7ASY,7QLF"
CCN1CCN(CC1)c1ccc(O)c(n1)-c1ccc(cc1F)C#C[C@]1(CN2Cc3ccc(OC)cc3C2=O)NC(=O)NC1=O |r|	Tumor necrosis factor	39.75	US Patent	"5MU8,9OK6,9OJY,9OJS,9OJO,6X86,6X85,6X83,6X82,6X81,5YOY,7JRA,8Z8M,6OOZ,6OOY,5WUX,5M2M,5M2J,5M2I,4TWT,4G3Y,3IT8,3ALQ,3L9J,2AZ5,7ASY,7QLF"
COc1ccc2CN(C[C@]3(NC(=O)NC3=O)C#Cc3ccc(cc3C)C3(C)NC(=O)NC3=O)C(=O)c2c1 |r|	Tumor necrosis factor	490	US Patent	"5MU8,9OK6,9OJY,9OJS,9OJO,6X86,6X85,6X83,6X82,6X81,5YOY,7JRA,8Z8M,6OOZ,6OOY,5WUX,5M2M,5M2J,5M2I,4TWT,4G3Y,3IT8,3ALQ,3L9J,2AZ5,7ASY,7QLF"
COc1ccc2CN(C[C@]3(NC(=O)NC3=O)C#Cc3ccc(cc3)C(N=O)N3CCN(CC3)C3CCCCC3)C(=O)c2c1 |r|	Tumor necrosis factor	76	US Patent	"5MU8,9OK6,9OJY,9OJS,9OJO,6X86,6X85,6X83,6X82,6X81,5YOY,7JRA,8Z8M,6OOZ,6OOY,5WUX,5M2M,5M2J,5M2I,4TWT,4G3Y,3IT8,3ALQ,3L9J,2AZ5,7ASY,7QLF"
COc1ccc2CN(C[C@]3(NC(=O)NC3=O)C#Cc3cccnc3)C(=O)c2c1F |r|	Tumor necrosis factor	134	US Patent	"5MU8,9OK6,9OJY,9OJS,9OJO,6X86,6X85,6X83,6X82,6X81,5YOY,7JRA,8Z8M,6OOZ,6OOY,5WUX,5M2M,5M2J,5M2I,4TWT,4G3Y,3IT8,3ALQ,3L9J,2AZ5,7ASY,7QLF"
COc1ccc2CN(C[C@]3(NC(=O)NC3=O)C#Cc3ccccc3C=O)C(=O)c2c1 |r|	Tumor necrosis factor	936	US Patent	"5MU8,9OK6,9OJY,9OJS,9OJO,6X86,6X85,6X83,6X82,6X81,5YOY,7JRA,8Z8M,6OOZ,6OOY,5WUX,5M2M,5M2J,5M2I,4TWT,4G3Y,3IT8,3ALQ,3L9J,2AZ5,7ASY,7QLF"
CCC(=O)Oc1ccc(nc1-c1ccc(cc1)C#C[C@]1(CN2Cc3ccc(OC)cc3C2=O)NC(=O)NC1=O)-c1cnn(C)c1 |r|	Tumor necrosis factor	55.9	US Patent	"5MU8,9OK6,9OJY,9OJS,9OJO,6X86,6X85,6X83,6X82,6X81,5YOY,7JRA,8Z8M,6OOZ,6OOY,5WUX,5M2M,5M2J,5M2I,4TWT,4G3Y,3IT8,3ALQ,3L9J,2AZ5,7ASY,7QLF"
COc1ccc2CN(C[C@]3(NC(=O)NC3=O)C#Cc3ccc(cc3)N3C(CCC3=O)C(=O)NC3CC3)C(=O)c2c1 |r|	Tumor necrosis factor	127	US Patent	"5MU8,9OK6,9OJY,9OJS,9OJO,6X86,6X85,6X83,6X82,6X81,5YOY,7JRA,8Z8M,6OOZ,6OOY,5WUX,5M2M,5M2J,5M2I,4TWT,4G3Y,3IT8,3ALQ,3L9J,2AZ5,7ASY,7QLF"
COc1ccc2CN(C[C@]3(NC(=O)NC3=O)C#Cc3ccc(cc3)C(N=O)N3CCCCC3)C(=O)c2c1 |r|	Tumor necrosis factor	154	US Patent	"5MU8,9OK6,9OJY,9OJS,9OJO,6X86,6X85,6X83,6X82,6X81,5YOY,7JRA,8Z8M,6OOZ,6OOY,5WUX,5M2M,5M2J,5M2I,4TWT,4G3Y,3IT8,3ALQ,3L9J,2AZ5,7ASY,7QLF"
COc1ccc2CN(C[C@]3(NC(=O)NC3=O)C#Cc3ccc(s3)C(N=O)N3CCN(C)CC3)C(=O)c2c1 |r|	Tumor necrosis factor	220	US Patent	"5MU8,9OK6,9OJY,9OJS,9OJO,6X86,6X85,6X83,6X82,6X81,5YOY,7JRA,8Z8M,6OOZ,6OOY,5WUX,5M2M,5M2J,5M2I,4TWT,4G3Y,3IT8,3ALQ,3L9J,2AZ5,7ASY,7QLF"
COc1ccc2CN(C[C@]3(NC(=O)NC3=O)C#Cc3cccnc3-c3cn[nH]c3)C(=O)c2c1 |r|	Tumor necrosis factor	927	US Patent	"5MU8,9OK6,9OJY,9OJS,9OJO,6X86,6X85,6X83,6X82,6X81,5YOY,7JRA,8Z8M,6OOZ,6OOY,5WUX,5M2M,5M2J,5M2I,4TWT,4G3Y,3IT8,3ALQ,3L9J,2AZ5,7ASY,7QLF"
COc1ccc2CN(C[C@]3(NC(=O)NC3=O)C#Cc3ccc(cc3)C(N=O)N3CCOCC3)C(=O)c2c1 |r|	Tumor necrosis factor	100	US Patent	"5MU8,9OK6,9OJY,9OJS,9OJO,6X86,6X85,6X83,6X82,6X81,5YOY,7JRA,8Z8M,6OOZ,6OOY,5WUX,5M2M,5M2J,5M2I,4TWT,4G3Y,3IT8,3ALQ,3L9J,2AZ5,7ASY,7QLF"
CCN1CCN(CC1)C(=O)C1CCC(=O)N1c1ccc(cc1)C#C[C@]1(CN2Cc3ccc(OC)cc3C2=O)NC(=O)NC1=O |r|	Tumor necrosis factor	113	US Patent	"5MU8,9OK6,9OJY,9OJS,9OJO,6X86,6X85,6X83,6X82,6X81,5YOY,7JRA,8Z8M,6OOZ,6OOY,5WUX,5M2M,5M2J,5M2I,4TWT,4G3Y,3IT8,3ALQ,3L9J,2AZ5,7ASY,7QLF"
COc1ccc2CN(C[C@]3(NC(=O)NC3=O)C#Cc3ccc(cc3)C(N=O)N3CCN(CC3)c3ccccc3)C(=O)c2c1 |r|	Tumor necrosis factor	278	US Patent	"5MU8,9OK6,9OJY,9OJS,9OJO,6X86,6X85,6X83,6X82,6X81,5YOY,7JRA,8Z8M,6OOZ,6OOY,5WUX,5M2M,5M2J,5M2I,4TWT,4G3Y,3IT8,3ALQ,3L9J,2AZ5,7ASY,7QLF"
COc1ccc2CN(C[C@]3(NC(=O)NC3=O)C#Cc3cc(ccc3C)C(N)=O)C(=O)c2c1 |r|	Tumor necrosis factor	417	US Patent	"5MU8,9OK6,9OJY,9OJS,9OJO,6X86,6X85,6X83,6X82,6X81,5YOY,7JRA,8Z8M,6OOZ,6OOY,5WUX,5M2M,5M2J,5M2I,4TWT,4G3Y,3IT8,3ALQ,3L9J,2AZ5,7ASY,7QLF"
COc1ccc2CN(C[C@]3(NC(=O)NC3=O)C#Cc3cncc(c3)-c3csc(N)n3)C(=O)c2c1 |r|	Tumor necrosis factor	811	US Patent	"5MU8,9OK6,9OJY,9OJS,9OJO,6X86,6X85,6X83,6X82,6X81,5YOY,7JRA,8Z8M,6OOZ,6OOY,5WUX,5M2M,5M2J,5M2I,4TWT,4G3Y,3IT8,3ALQ,3L9J,2AZ5,7ASY,7QLF"
CCN1CCN(CC1)C(N=O)c1ccc(cc1)C#C[C@]1(CN2Cc3ccc(OC)cc3C2=O)NC(=O)NC1=O |r|	Tumor necrosis factor	20	US Patent	"5MU8,9OK6,9OJY,9OJS,9OJO,6X86,6X85,6X83,6X82,6X81,5YOY,7JRA,8Z8M,6OOZ,6OOY,5WUX,5M2M,5M2J,5M2I,4TWT,4G3Y,3IT8,3ALQ,3L9J,2AZ5,7ASY,7QLF"
COc1ccc2CN(C[C@]3(NC(=O)NC3=O)C#Cc3ccc(cc3)C(N=O)N3CCSCC3)C(=O)c2c1 |r|	Tumor necrosis factor	153	US Patent	"5MU8,9OK6,9OJY,9OJS,9OJO,6X86,6X85,6X83,6X82,6X81,5YOY,7JRA,8Z8M,6OOZ,6OOY,5WUX,5M2M,5M2J,5M2I,4TWT,4G3Y,3IT8,3ALQ,3L9J,2AZ5,7ASY,7QLF"
COc1ccc2CN(C[C@]3(NC(=O)NC3=O)C#Cc3ccc(cc3)C3(CN)NC(=O)NC3=O)C(=O)c2c1 |r|	Tumor necrosis factor	229	US Patent	"5MU8,9OK6,9OJY,9OJS,9OJO,6X86,6X85,6X83,6X82,6X81,5YOY,7JRA,8Z8M,6OOZ,6OOY,5WUX,5M2M,5M2J,5M2I,4TWT,4G3Y,3IT8,3ALQ,3L9J,2AZ5,7ASY,7QLF"
COc1ccc2CN(C[C@]3(NC(=O)NC3=O)C#Cc3ccc(cc3)C(O)(O)C(F)(F)F)C(=O)c2c1 |r|	Tumor necrosis factor	257.8	US Patent	"5MU8,9OK6,9OJY,9OJS,9OJO,6X86,6X85,6X83,6X82,6X81,5YOY,7JRA,8Z8M,6OOZ,6OOY,5WUX,5M2M,5M2J,5M2I,4TWT,4G3Y,3IT8,3ALQ,3L9J,2AZ5,7ASY,7QLF"
COc1ccc2CN(C[C@]3(NC(=O)NC3=O)C#Cc3ccc(NC(=O)C4CCN(C)CC4)cc3)C(=O)c2c1 |r|	Tumor necrosis factor	78	US Patent	"5MU8,9OK6,9OJY,9OJS,9OJO,6X86,6X85,6X83,6X82,6X81,5YOY,7JRA,8Z8M,6OOZ,6OOY,5WUX,5M2M,5M2J,5M2I,4TWT,4G3Y,3IT8,3ALQ,3L9J,2AZ5,7ASY,7QLF"
COc1ccc2CN(C[C@]3(NC(=O)NC3=O)C#Cc3ccc(cc3)C(N=O)N3CCC(=O)CC3)C(=O)c2c1 |r|	Tumor necrosis factor	86	US Patent	"5MU8,9OK6,9OJY,9OJS,9OJO,6X86,6X85,6X83,6X82,6X81,5YOY,7JRA,8Z8M,6OOZ,6OOY,5WUX,5M2M,5M2J,5M2I,4TWT,4G3Y,3IT8,3ALQ,3L9J,2AZ5,7ASY,7QLF"
CCN1CCN(CC1)c1n[nH]c2cc(ccc12)C#C[C@]1(CN2Cc3ccc(OC)cc3C2=O)NC(=O)NC1=O |r|	Tumor necrosis factor	187.95	US Patent	"5MU8,9OK6,9OJY,9OJS,9OJO,6X86,6X85,6X83,6X82,6X81,5YOY,7JRA,8Z8M,6OOZ,6OOY,5WUX,5M2M,5M2J,5M2I,4TWT,4G3Y,3IT8,3ALQ,3L9J,2AZ5,7ASY,7QLF"
COc1ccc2CN(C[C@]3(NC(=O)NC3=O)C#Cc3ccc(cc3)C3(NC(=O)NC3=O)C3CCC3)C(=O)c2c1 |r|	Tumor necrosis factor	382	US Patent	"5MU8,9OK6,9OJY,9OJS,9OJO,6X86,6X85,6X83,6X82,6X81,5YOY,7JRA,8Z8M,6OOZ,6OOY,5WUX,5M2M,5M2J,5M2I,4TWT,4G3Y,3IT8,3ALQ,3L9J,2AZ5,7ASY,7QLF"
CCN1CCN(C(N=O)c2ccc(cc2F)C#C[C@]2(CN3Cc4ccc(OC)c(F)c4C3=O)NC(=O)NC2=O)[C@@H](C)C1 |r|	Tumor necrosis factor	69	US Patent	"5MU8,9OK6,9OJY,9OJS,9OJO,6X86,6X85,6X83,6X82,6X81,5YOY,7JRA,8Z8M,6OOZ,6OOY,5WUX,5M2M,5M2J,5M2I,4TWT,4G3Y,3IT8,3ALQ,3L9J,2AZ5,7ASY,7QLF"
COc1ccc2CN(C[C@]3(NC(=O)NC3=O)C#Cc3cncc(NC(=O)C4CCN(C)CC4)c3)C(=O)c2c1F |r|	Tumor necrosis factor	86	US Patent	"5MU8,9OK6,9OJY,9OJS,9OJO,6X86,6X85,6X83,6X82,6X81,5YOY,7JRA,8Z8M,6OOZ,6OOY,5WUX,5M2M,5M2J,5M2I,4TWT,4G3Y,3IT8,3ALQ,3L9J,2AZ5,7ASY,7QLF"
CCN1CCN(CC1)C(N=O)c1ccc(cn1)C#C[C@]1(CN2Cc3ccc(OC)cc3C2=O)NC(=O)NC1=O |r|	Tumor necrosis factor	87	US Patent	"5MU8,9OK6,9OJY,9OJS,9OJO,6X86,6X85,6X83,6X82,6X81,5YOY,7JRA,8Z8M,6OOZ,6OOY,5WUX,5M2M,5M2J,5M2I,4TWT,4G3Y,3IT8,3ALQ,3L9J,2AZ5,7ASY,7QLF"
COc1ccc2CN(C[C@]3(NC(=O)NC3=O)C#Cc3cccc(c3)C(N=O)N3CCOCC3)C(=O)c2c1 |r|	Tumor necrosis factor	274	US Patent	"5MU8,9OK6,9OJY,9OJS,9OJO,6X86,6X85,6X83,6X82,6X81,5YOY,7JRA,8Z8M,6OOZ,6OOY,5WUX,5M2M,5M2J,5M2I,4TWT,4G3Y,3IT8,3ALQ,3L9J,2AZ5,7ASY,7QLF"
COc1ccc2CN(C[C@]3(NC(=O)NC3=O)C#Cc3ccc4oc(cc4c3)C3(C)NC(=O)NC3=O)C(=O)c2c1 |r|	Tumor necrosis factor	292	US Patent	"5MU8,9OK6,9OJY,9OJS,9OJO,6X86,6X85,6X83,6X82,6X81,5YOY,7JRA,8Z8M,6OOZ,6OOY,5WUX,5M2M,5M2J,5M2I,4TWT,4G3Y,3IT8,3ALQ,3L9J,2AZ5,7ASY,7QLF"
COc1ccc2CN(C[C@]3(NC(=O)NC3=O)C#Cc3ccc(C(N=O)N4CCNC[C@@H]4C)c(F)c3)C(=O)c2c1F |r|	Tumor necrosis factor	42	US Patent	"5MU8,9OK6,9OJY,9OJS,9OJO,6X86,6X85,6X83,6X82,6X81,5YOY,7JRA,8Z8M,6OOZ,6OOY,5WUX,5M2M,5M2J,5M2I,4TWT,4G3Y,3IT8,3ALQ,3L9J,2AZ5,7ASY,7QLF"
"COc1ccc2CN(C[C@]3(NC(=O)NC3=O)C#Cc3ccc(cc3)C(=NO)N3CCCN(CC3)C(C)C)C(=O)c2c1 |r,w:25.27|"	Tumor necrosis factor	47	US Patent	"5MU8,9OK6,9OJY,9OJS,9OJO,6X86,6X85,6X83,6X82,6X81,5YOY,7JRA,8Z8M,6OOZ,6OOY,5WUX,5M2M,5M2J,5M2I,4TWT,4G3Y,3IT8,3ALQ,3L9J,2AZ5,7ASY,7QLF"
COc1ccc2CN(C[C@]3(NC(=O)NC3=O)C#Cc3ccc(Nc4c(NCCN5CCOCC5)c(=O)c4=O)cc3)C(=O)c2c1 |r|	Tumor necrosis factor	169	US Patent	"5MU8,9OK6,9OJY,9OJS,9OJO,6X86,6X85,6X83,6X82,6X81,5YOY,7JRA,8Z8M,6OOZ,6OOY,5WUX,5M2M,5M2J,5M2I,4TWT,4G3Y,3IT8,3ALQ,3L9J,2AZ5,7ASY,7QLF"
COc1ccc2CN(C[C@]3(NC(=O)NC3=O)C#Cc3cccnc3C)C(=O)c2c1F |r|	Tumor necrosis factor	193	US Patent	"5MU8,9OK6,9OJY,9OJS,9OJO,6X86,6X85,6X83,6X82,6X81,5YOY,7JRA,8Z8M,6OOZ,6OOY,5WUX,5M2M,5M2J,5M2I,4TWT,4G3Y,3IT8,3ALQ,3L9J,2AZ5,7ASY,7QLF"
COc1ccc2CN(C[C@]3(NC(=O)NC3=O)C#Cc3ccc(Nc4c(N)c(=O)c4=O)cc3)C(=O)c2c1 |r|	Tumor necrosis factor	306	US Patent	"5MU8,9OK6,9OJY,9OJS,9OJO,6X86,6X85,6X83,6X82,6X81,5YOY,7JRA,8Z8M,6OOZ,6OOY,5WUX,5M2M,5M2J,5M2I,4TWT,4G3Y,3IT8,3ALQ,3L9J,2AZ5,7ASY,7QLF"
COc1ccc2CN(C[C@]3(NC(=O)NC3=O)C#Cc3ccc(nc3)-c3cn[nH]c3)C(=O)c2c1 |r|	Tumor necrosis factor	372	US Patent	"5MU8,9OK6,9OJY,9OJS,9OJO,6X86,6X85,6X83,6X82,6X81,5YOY,7JRA,8Z8M,6OOZ,6OOY,5WUX,5M2M,5M2J,5M2I,4TWT,4G3Y,3IT8,3ALQ,3L9J,2AZ5,7ASY,7QLF"
COc1ccc2CN(C[C@]3(NC(=O)NC3=O)C#Cc3ccc(nc3)N3CCCCC3)C(=O)c2c1 |r|	Tumor necrosis factor	514	US Patent	"5MU8,9OK6,9OJY,9OJS,9OJO,6X86,6X85,6X83,6X82,6X81,5YOY,7JRA,8Z8M,6OOZ,6OOY,5WUX,5M2M,5M2J,5M2I,4TWT,4G3Y,3IT8,3ALQ,3L9J,2AZ5,7ASY,7QLF"
COc1ccc2CN(C[C@]3(NC(=O)NC3=O)C#Cc3cccnc3N3CCOCC3)C(=O)c2c1 |r|	Tumor necrosis factor	633	US Patent	"5MU8,9OK6,9OJY,9OJS,9OJO,6X86,6X85,6X83,6X82,6X81,5YOY,7JRA,8Z8M,6OOZ,6OOY,5WUX,5M2M,5M2J,5M2I,4TWT,4G3Y,3IT8,3ALQ,3L9J,2AZ5,7ASY,7QLF"
COc1ccc2CN(C[C@]3(NC(=O)NC3=O)C#Cc3ccc(cc3)C(N=O)N3CCCC3)C(=O)c2c1 |r|	Tumor necrosis factor	641	US Patent	"5MU8,9OK6,9OJY,9OJS,9OJO,6X86,6X85,6X83,6X82,6X81,5YOY,7JRA,8Z8M,6OOZ,6OOY,5WUX,5M2M,5M2J,5M2I,4TWT,4G3Y,3IT8,3ALQ,3L9J,2AZ5,7ASY,7QLF"
COc1ccc2CN(C[C@]3(NC(=O)NC3=O)C#Cc3ccc(cc3)[C@@]3(CN4Cc5ccc(OC)cc5C4=O)NC(=O)NC3=O)C(=O)c2c1 |r|	Tumor necrosis factor	849	US Patent	"5MU8,9OK6,9OJY,9OJS,9OJO,6X86,6X85,6X83,6X82,6X81,5YOY,7JRA,8Z8M,6OOZ,6OOY,5WUX,5M2M,5M2J,5M2I,4TWT,4G3Y,3IT8,3ALQ,3L9J,2AZ5,7ASY,7QLF"
COc1ccc2CN(C[C@]3(NC(=O)NC3=O)C#Cc3ccc(cc3)-c3nc(ccc3OC(C)=O)-c3cccnc3)C(=O)c2c1 |r|	Tumor necrosis factor	61.65	US Patent	"5MU8,9OK6,9OJY,9OJS,9OJO,6X86,6X85,6X83,6X82,6X81,5YOY,7JRA,8Z8M,6OOZ,6OOY,5WUX,5M2M,5M2J,5M2I,4TWT,4G3Y,3IT8,3ALQ,3L9J,2AZ5,7ASY,7QLF"
COc1ccc2CN(C[C@]3(NC(=O)NC3=O)C#Cc3ccc(cc3OC)-c3nnc[nH]3)C(=O)c2c1 |r|	Tumor necrosis factor	131	US Patent	"5MU8,9OK6,9OJY,9OJS,9OJO,6X86,6X85,6X83,6X82,6X81,5YOY,7JRA,8Z8M,6OOZ,6OOY,5WUX,5M2M,5M2J,5M2I,4TWT,4G3Y,3IT8,3ALQ,3L9J,2AZ5,7ASY,7QLF"
COc1ccc2CN(C[C@]3(NC(=O)NC3=O)C#Cc3cc(F)cnc3Cl)C(=O)c2c1F |r|	Tumor necrosis factor	935	US Patent	"5MU8,9OK6,9OJY,9OJS,9OJO,6X86,6X85,6X83,6X82,6X81,5YOY,7JRA,8Z8M,6OOZ,6OOY,5WUX,5M2M,5M2J,5M2I,4TWT,4G3Y,3IT8,3ALQ,3L9J,2AZ5,7ASY,7QLF"
COc1ccc2CN(C[C@]3(NC(=O)NC3=O)C#Cc3cccnc3-c3cnn(C)c3)C(=O)c2c1 |r|	Tumor necrosis factor	2223	US Patent	"5MU8,9OK6,9OJY,9OJS,9OJO,6X86,6X85,6X83,6X82,6X81,5YOY,7JRA,8Z8M,6OOZ,6OOY,5WUX,5M2M,5M2J,5M2I,4TWT,4G3Y,3IT8,3ALQ,3L9J,2AZ5,7ASY,7QLF"
COc1ccc2CN(C[C@]3(NC(=O)NC3=O)C#Cc3ccc(nc3)C(N=O)N3CCN(C)CC3)C(=O)c2c1 |r|	Tumor necrosis factor	87	US Patent	"5MU8,9OK6,9OJY,9OJS,9OJO,6X86,6X85,6X83,6X82,6X81,5YOY,7JRA,8Z8M,6OOZ,6OOY,5WUX,5M2M,5M2J,5M2I,4TWT,4G3Y,3IT8,3ALQ,3L9J,2AZ5,7ASY,7QLF"
"COc1ccc2CN(C[C@]3(NC(=O)NC3=O)C#Cc3ccc(cc3)N=C(N)NC#N)C(=O)c2c1 |r,w:24.25|"	Tumor necrosis factor	150	US Patent	"5MU8,9OK6,9OJY,9OJS,9OJO,6X86,6X85,6X83,6X82,6X81,5YOY,7JRA,8Z8M,6OOZ,6OOY,5WUX,5M2M,5M2J,5M2I,4TWT,4G3Y,3IT8,3ALQ,3L9J,2AZ5,7ASY,7QLF"
COc1ccc2CN(C[C@]3(NC(=O)NC3=O)C#Cc3ccc(cc3)C3(C)NC(=O)NC3=S)C(=O)c2c1 |r|	Tumor necrosis factor	398	US Patent	"5MU8,9OK6,9OJY,9OJS,9OJO,6X86,6X85,6X83,6X82,6X81,5YOY,7JRA,8Z8M,6OOZ,6OOY,5WUX,5M2M,5M2J,5M2I,4TWT,4G3Y,3IT8,3ALQ,3L9J,2AZ5,7ASY,7QLF"
COc1ccc2CN(C[C@]3(NC(=O)NC3=O)C#Cc3ccc(s3)C(N=O)N3CCOCC3)C(=O)c2c1 |r|	Tumor necrosis factor	571	US Patent	"5MU8,9OK6,9OJY,9OJS,9OJO,6X86,6X85,6X83,6X82,6X81,5YOY,7JRA,8Z8M,6OOZ,6OOY,5WUX,5M2M,5M2J,5M2I,4TWT,4G3Y,3IT8,3ALQ,3L9J,2AZ5,7ASY,7QLF"
COc1ccc2CN(C[C@]3(NC(=O)NC3=O)C#Cc3cnc4ccccc4c3CO)C(=O)c2c1 |r|	Tumor necrosis factor	8897	US Patent	"5MU8,9OK6,9OJY,9OJS,9OJO,6X86,6X85,6X83,6X82,6X81,5YOY,7JRA,8Z8M,6OOZ,6OOY,5WUX,5M2M,5M2J,5M2I,4TWT,4G3Y,3IT8,3ALQ,3L9J,2AZ5,7ASY,7QLF"
COc1ccc2CN(C[C@]3(NC(=O)NC3=O)C#Cc3ccc(nc3)-c3c(C)nn(C)c3C)C(=O)c2c1 |r|	Tumor necrosis factor	9028	US Patent	"5MU8,9OK6,9OJY,9OJS,9OJO,6X86,6X85,6X83,6X82,6X81,5YOY,7JRA,8Z8M,6OOZ,6OOY,5WUX,5M2M,5M2J,5M2I,4TWT,4G3Y,3IT8,3ALQ,3L9J,2AZ5,7ASY,7QLF"
COc1ccc2CN(C[C@]3(NC(=O)NC3=O)C#Cc3ccc(Nc4c(NCCN(C)C)c(=O)c4=O)cc3)C(=O)c2c1 |r|	Tumor necrosis factor	161	US Patent	"5MU8,9OK6,9OJY,9OJS,9OJO,6X86,6X85,6X83,6X82,6X81,5YOY,7JRA,8Z8M,6OOZ,6OOY,5WUX,5M2M,5M2J,5M2I,4TWT,4G3Y,3IT8,3ALQ,3L9J,2AZ5,7ASY,7QLF"
COc1ccc2CN(C[C@]3(NC(=O)NC3=O)C#Cc3ccc4c(CCC44NC(=O)NC4=O)c3)C(=O)c2c1F |r|	Tumor necrosis factor	186	US Patent	"5MU8,9OK6,9OJY,9OJS,9OJO,6X86,6X85,6X83,6X82,6X81,5YOY,7JRA,8Z8M,6OOZ,6OOY,5WUX,5M2M,5M2J,5M2I,4TWT,4G3Y,3IT8,3ALQ,3L9J,2AZ5,7ASY,7QLF"
COc1ccc2CN(C[C@]3(NC(=O)NC3=O)C#Cc3ccc4oc(c(C)c4c3)C3(C)NC(=O)NC3=O)C(=O)c2c1 |r|	Tumor necrosis factor	545	US Patent	"5MU8,9OK6,9OJY,9OJS,9OJO,6X86,6X85,6X83,6X82,6X81,5YOY,7JRA,8Z8M,6OOZ,6OOY,5WUX,5M2M,5M2J,5M2I,4TWT,4G3Y,3IT8,3ALQ,3L9J,2AZ5,7ASY,7QLF"
COc1ccc2CN(C[C@]3(NC(=O)NC3=O)C#Cc3cnc(N)nc3N)C(=O)c2c1 |r|	Tumor necrosis factor	1597	US Patent	"5MU8,9OK6,9OJY,9OJS,9OJO,6X86,6X85,6X83,6X82,6X81,5YOY,7JRA,8Z8M,6OOZ,6OOY,5WUX,5M2M,5M2J,5M2I,4TWT,4G3Y,3IT8,3ALQ,3L9J,2AZ5,7ASY,7QLF"
"COc1ccc2CN(C[C@]3(NC(=O)NC3=O)C#Cc3cccnc3-c3c(C)nn(C)c3C)C(=O)c2c1 |r,wU:9.16,wD:9.8,(8.57,-.43,;7.23,.34,;5.9,-.43,;5.9,-1.97,;4.57,-2.74,;3.23,-1.97,;1.77,-2.45,;.86,-1.2,;-.68,-1.2,;-1.45,-2.53,;-2.99,-2.53,;-3.46,-4,;-4.8,-4.77,;-2.22,-4.9,;-.97,-4,;.36,-4.77,;-1.85,-1.05,;-2.24,.44,;-2.64,1.93,;-1.55,3.02,;-1.95,4.51,;-3.44,4.9,;-4.53,3.81,;-4.13,2.33,;-5.22,1.24,;-4.74,-.23,;-3.41,-1,;-5.99,-1.13,;-7.23,-.23,;-8.57,-1,;-6.76,1.24,;-7.53,2.57,;1.77,.05,;1,1.38,;3.23,-.43,;4.57,.34,)|"	Tumor necrosis factor	2535	US Patent	"5MU8,9OK6,9OJY,9OJS,9OJO,6X86,6X85,6X83,6X82,6X81,5YOY,7JRA,8Z8M,6OOZ,6OOY,5WUX,5M2M,5M2J,5M2I,4TWT,4G3Y,3IT8,3ALQ,3L9J,2AZ5,7ASY,7QLF"
CCN1CCN(CC1)C(=O)C1CCC(=O)N1c1ccc(cc1)C#C[C@]1(CN2Cc3ccc(OC)c(F)c3C2=O)NC(=O)NC1=O |r|	Tumor necrosis factor	152	US Patent	"5MU8,9OK6,9OJY,9OJS,9OJO,6X86,6X85,6X83,6X82,6X81,5YOY,7JRA,8Z8M,6OOZ,6OOY,5WUX,5M2M,5M2J,5M2I,4TWT,4G3Y,3IT8,3ALQ,3L9J,2AZ5,7ASY,7QLF"
COc1ccc2CN(C[C@]3(NC(=O)NC3=O)C#Cc3ccc4c(c3)[nH][nH]c4=O)C(=O)c2c1 |r|	Tumor necrosis factor	156	US Patent	"5MU8,9OK6,9OJY,9OJS,9OJO,6X86,6X85,6X83,6X82,6X81,5YOY,7JRA,8Z8M,6OOZ,6OOY,5WUX,5M2M,5M2J,5M2I,4TWT,4G3Y,3IT8,3ALQ,3L9J,2AZ5,7ASY,7QLF"
"COc1ccc2CN(C[C@]3(NC(=O)NC3=O)C#Cc3ccc(cc3)C(=NO)N3CCCN(C)CC3)C(=O)c2c1 |r,w:25.27|"	Tumor necrosis factor	45	US Patent	"5MU8,9OK6,9OJY,9OJS,9OJO,6X86,6X85,6X83,6X82,6X81,5YOY,7JRA,8Z8M,6OOZ,6OOY,5WUX,5M2M,5M2J,5M2I,4TWT,4G3Y,3IT8,3ALQ,3L9J,2AZ5,7ASY,7QLF"
COc1ccc2CN(C[C@]3(NC(=O)NC3=O)C#Cc3cccc(c3)C(N=O)N3CCN(C)CC3)C(=O)c2c1 |r|	Tumor necrosis factor	221	US Patent	"5MU8,9OK6,9OJY,9OJS,9OJO,6X86,6X85,6X83,6X82,6X81,5YOY,7JRA,8Z8M,6OOZ,6OOY,5WUX,5M2M,5M2J,5M2I,4TWT,4G3Y,3IT8,3ALQ,3L9J,2AZ5,7ASY,7QLF"
COc1ccc2CN(C[C@]3(NC(=O)NC3=O)C#Cc3ccc4c(CC[C@@]44NC(=O)NC4=O)c3)C(=O)c2c1 |r|	Tumor necrosis factor	281	US Patent	"5MU8,9OK6,9OJY,9OJS,9OJO,6X86,6X85,6X83,6X82,6X81,5YOY,7JRA,8Z8M,6OOZ,6OOY,5WUX,5M2M,5M2J,5M2I,4TWT,4G3Y,3IT8,3ALQ,3L9J,2AZ5,7ASY,7QLF"
COc1ccc2CN(C[C@]3(NC(=O)NC3=O)C#Cc3ccc(cc3)N3C(CCC3=O)C(=O)N3CCN(C)CC3)C(=O)c2c1 |r|	Tumor necrosis factor	416	US Patent	"5MU8,9OK6,9OJY,9OJS,9OJO,6X86,6X85,6X83,6X82,6X81,5YOY,7JRA,8Z8M,6OOZ,6OOY,5WUX,5M2M,5M2J,5M2I,4TWT,4G3Y,3IT8,3ALQ,3L9J,2AZ5,7ASY,7QLF"
COc1ccc2CN(C[C@]3(NC(=O)NC3=O)C#Cc3cncc(c3)-c3ccc(N)nc3)C(=O)c2c1 |r|	Tumor necrosis factor	513.5	US Patent	"5MU8,9OK6,9OJY,9OJS,9OJO,6X86,6X85,6X83,6X82,6X81,5YOY,7JRA,8Z8M,6OOZ,6OOY,5WUX,5M2M,5M2J,5M2I,4TWT,4G3Y,3IT8,3ALQ,3L9J,2AZ5,7ASY,7QLF"
COc1ccc2CN(C[C@]3(NC(=O)NC3=O)C#Cc3ccc(cc3)C(C)(C)C(N)=O)C(=O)c2c1 |r|	Tumor necrosis factor	517	US Patent	"5MU8,9OK6,9OJY,9OJS,9OJO,6X86,6X85,6X83,6X82,6X81,5YOY,7JRA,8Z8M,6OOZ,6OOY,5WUX,5M2M,5M2J,5M2I,4TWT,4G3Y,3IT8,3ALQ,3L9J,2AZ5,7ASY,7QLF"
COc1ccc2CN(C[C@]3(NC(=O)NC3=O)C#Cc3ccc(cc3)C(N3CCCNCC3)C(N)=O)C(=O)c2c1 |r|	Tumor necrosis factor	302	US Patent	"5MU8,9OK6,9OJY,9OJS,9OJO,6X86,6X85,6X83,6X82,6X81,5YOY,7JRA,8Z8M,6OOZ,6OOY,5WUX,5M2M,5M2J,5M2I,4TWT,4G3Y,3IT8,3ALQ,3L9J,2AZ5,7ASY,7QLF"
COc1ccc2CN(C[C@]3(NC(=O)NC3=O)C#Cc3ncc(cc3OC)C(N=O)N3CCN(CC3)c3cnccn3)C(=O)c2c1 |r|	Tumor necrosis factor	515	US Patent	"5MU8,9OK6,9OJY,9OJS,9OJO,6X86,6X85,6X83,6X82,6X81,5YOY,7JRA,8Z8M,6OOZ,6OOY,5WUX,5M2M,5M2J,5M2I,4TWT,4G3Y,3IT8,3ALQ,3L9J,2AZ5,7ASY,7QLF"
COc1ccc2CN(C[C@]3(NC(=O)NC3=O)C#Cc3ccc4[nH]nc(N)c4c3)C(=O)c2c1 |r|	Tumor necrosis factor	520.1	US Patent	"5MU8,9OK6,9OJY,9OJS,9OJO,6X86,6X85,6X83,6X82,6X81,5YOY,7JRA,8Z8M,6OOZ,6OOY,5WUX,5M2M,5M2J,5M2I,4TWT,4G3Y,3IT8,3ALQ,3L9J,2AZ5,7ASY,7QLF"
COc1ccc2CN(C[C@]3(NC(=O)NC3=O)C#Cc3ccc(CCNC(=O)C(F)(F)F)s3)C(=O)c2c1 |r|	Tumor necrosis factor	930	US Patent	"5MU8,9OK6,9OJY,9OJS,9OJO,6X86,6X85,6X83,6X82,6X81,5YOY,7JRA,8Z8M,6OOZ,6OOY,5WUX,5M2M,5M2J,5M2I,4TWT,4G3Y,3IT8,3ALQ,3L9J,2AZ5,7ASY,7QLF"
CCOC(=O)Nc1cncc(c1)C#C[C@]1(CN2Cc3ccc(OC)cc3C2=O)NC(=O)NC1=O |r|	Tumor necrosis factor	1230	US Patent	"5MU8,9OK6,9OJY,9OJS,9OJO,6X86,6X85,6X83,6X82,6X81,5YOY,7JRA,8Z8M,6OOZ,6OOY,5WUX,5M2M,5M2J,5M2I,4TWT,4G3Y,3IT8,3ALQ,3L9J,2AZ5,7ASY,7QLF"
COc1ccc2CN(C[C@]3(NC(=O)NC3=O)C#Cc3ccc4n(C)[nH]c(=O)c4c3)C(=O)c2c1 |r|	Tumor necrosis factor	1527	US Patent	"5MU8,9OK6,9OJY,9OJS,9OJO,6X86,6X85,6X83,6X82,6X81,5YOY,7JRA,8Z8M,6OOZ,6OOY,5WUX,5M2M,5M2J,5M2I,4TWT,4G3Y,3IT8,3ALQ,3L9J,2AZ5,7ASY,7QLF"
CCN1CCN(Cc2ccc(cc2)C#C[C@]2(CN3Cc4ccc(OC)c(F)c4C3=O)NC(=O)NC2=O)CC1 |r|	Tumor necrosis factor	124.6	US Patent	"5MU8,9OK6,9OJY,9OJS,9OJO,6X86,6X85,6X83,6X82,6X81,5YOY,7JRA,8Z8M,6OOZ,6OOY,5WUX,5M2M,5M2J,5M2I,4TWT,4G3Y,3IT8,3ALQ,3L9J,2AZ5,7ASY,7QLF"
COc1ccc2CN(C[C@]3(NC(=O)NC3=O)C#Cc3ccc4c(c3)n(C)[nH]c4=O)C(=O)c2c1 |r|	Tumor necrosis factor	456	US Patent	"5MU8,9OK6,9OJY,9OJS,9OJO,6X86,6X85,6X83,6X82,6X81,5YOY,7JRA,8Z8M,6OOZ,6OOY,5WUX,5M2M,5M2J,5M2I,4TWT,4G3Y,3IT8,3ALQ,3L9J,2AZ5,7ASY,7QLF"
COc1ccc2CN(C[C@]3(NC(=O)NC3=O)C#Cc3ccc4c(CC[C@]44NC(=O)NC4=O)c3)C(=O)c2c1 |r|	Tumor necrosis factor	186	US Patent	"5MU8,9OK6,9OJY,9OJS,9OJO,6X86,6X85,6X83,6X82,6X81,5YOY,7JRA,8Z8M,6OOZ,6OOY,5WUX,5M2M,5M2J,5M2I,4TWT,4G3Y,3IT8,3ALQ,3L9J,2AZ5,7ASY,7QLF"
COc1ccc2CN(C[C@]3(NC(=O)NC3=O)C#Cc3ccc4c(N)n[nH]c4c3)C(=O)c2c1 |r|	Tumor necrosis factor	309.6	US Patent	"5MU8,9OK6,9OJY,9OJS,9OJO,6X86,6X85,6X83,6X82,6X81,5YOY,7JRA,8Z8M,6OOZ,6OOY,5WUX,5M2M,5M2J,5M2I,4TWT,4G3Y,3IT8,3ALQ,3L9J,2AZ5,7ASY,7QLF"
COc1ccc2CN(C[C@]3(NC(=O)NC3=O)C#Cc3ccc(nc3)N3CCC4(CC3)NC(=O)NC4=O)C(=O)c2c1 |r|	Tumor necrosis factor	347.7	US Patent	"5MU8,9OK6,9OJY,9OJS,9OJO,6X86,6X85,6X83,6X82,6X81,5YOY,7JRA,8Z8M,6OOZ,6OOY,5WUX,5M2M,5M2J,5M2I,4TWT,4G3Y,3IT8,3ALQ,3L9J,2AZ5,7ASY,7QLF"
COc1ccc2CN(C[C@]3(NC(=O)NC3=O)C#Cc3ccc(cc3)C(N=O)c3ccc(F)cc3)C(=O)c2c1 |r|	Tumor necrosis factor	954	US Patent	"5MU8,9OK6,9OJY,9OJS,9OJO,6X86,6X85,6X83,6X82,6X81,5YOY,7JRA,8Z8M,6OOZ,6OOY,5WUX,5M2M,5M2J,5M2I,4TWT,4G3Y,3IT8,3ALQ,3L9J,2AZ5,7ASY,7QLF"
COc1ccc2CN(C[C@]3(NC(=O)NC3=O)C#Cc3ccc4c(CCC44NC(=O)NC4=O)c3)C(=O)c2c1 |r|	Tumor necrosis factor	151	US Patent	"5MU8,9OK6,9OJY,9OJS,9OJO,6X86,6X85,6X83,6X82,6X81,5YOY,7JRA,8Z8M,6OOZ,6OOY,5WUX,5M2M,5M2J,5M2I,4TWT,4G3Y,3IT8,3ALQ,3L9J,2AZ5,7ASY,7QLF"
"COc1ccc2CN(C[C@]3(NC(=O)NC3=O)C#Cc3ccc(cc3)C(=NO)N3CCC3)C(=O)c2c1 |r,w:25.27|"	Tumor necrosis factor	186	US Patent	"5MU8,9OK6,9OJY,9OJS,9OJO,6X86,6X85,6X83,6X82,6X81,5YOY,7JRA,8Z8M,6OOZ,6OOY,5WUX,5M2M,5M2J,5M2I,4TWT,4G3Y,3IT8,3ALQ,3L9J,2AZ5,7ASY,7QLF"
"CCN1CCN(CC1)C(=NO)c1cnc(C#C[C@]2(CN3Cc4ccc(OC)cc4C3=O)NC(=O)NC2=O)c(OC)c1 |r,w:9.10|"	Tumor necrosis factor	204	US Patent	"5MU8,9OK6,9OJY,9OJS,9OJO,6X86,6X85,6X83,6X82,6X81,5YOY,7JRA,8Z8M,6OOZ,6OOY,5WUX,5M2M,5M2J,5M2I,4TWT,4G3Y,3IT8,3ALQ,3L9J,2AZ5,7ASY,7QLF"
CCN1CCN(CC1)C(N=O)c1ccc(cc1)C#C[C@]1(CN2CCc3cc(OC)ccc3C2=O)NC(=O)NC1=O |r|	Tumor necrosis factor	335	US Patent	"5MU8,9OK6,9OJY,9OJS,9OJO,6X86,6X85,6X83,6X82,6X81,5YOY,7JRA,8Z8M,6OOZ,6OOY,5WUX,5M2M,5M2J,5M2I,4TWT,4G3Y,3IT8,3ALQ,3L9J,2AZ5,7ASY,7QLF"
COc1ccc2CN(C[C@]3(NC(=O)NC3=O)C#Cc3ccc(nc3)-c3ccc(C)[nH]c3=O)C(=O)c2c1 |r|	Tumor necrosis factor	766	US Patent	"5MU8,9OK6,9OJY,9OJS,9OJO,6X86,6X85,6X83,6X82,6X81,5YOY,7JRA,8Z8M,6OOZ,6OOY,5WUX,5M2M,5M2J,5M2I,4TWT,4G3Y,3IT8,3ALQ,3L9J,2AZ5,7ASY,7QLF"
COc1ccc2CN(C[C@]3(NC(=O)NC3=O)C#Cc3ccc(cc3)-c3noc(C)n3)C(=O)c2c1 |r|	Tumor necrosis factor	2430	US Patent	"5MU8,9OK6,9OJY,9OJS,9OJO,6X86,6X85,6X83,6X82,6X81,5YOY,7JRA,8Z8M,6OOZ,6OOY,5WUX,5M2M,5M2J,5M2I,4TWT,4G3Y,3IT8,3ALQ,3L9J,2AZ5,7ASY,7QLF"
COc1ccc2CN(C[C@]3(NC(=O)NC3=O)C#Cc3ccc(cc3)-c3cc(N)n(C)n3)C(=O)c2c1 |r|	Tumor necrosis factor	223	US Patent	"5MU8,9OK6,9OJY,9OJS,9OJO,6X86,6X85,6X83,6X82,6X81,5YOY,7JRA,8Z8M,6OOZ,6OOY,5WUX,5M2M,5M2J,5M2I,4TWT,4G3Y,3IT8,3ALQ,3L9J,2AZ5,7ASY,7QLF"
COc1ccc2CN(C[C@]3(NC(=O)NC3=O)C#Cc3ccc(cc3)C(N=O)C3CCN(C)CC3)C(=O)c2c1 |r|	Tumor necrosis factor	40	US Patent	"5MU8,9OK6,9OJY,9OJS,9OJO,6X86,6X85,6X83,6X82,6X81,5YOY,7JRA,8Z8M,6OOZ,6OOY,5WUX,5M2M,5M2J,5M2I,4TWT,4G3Y,3IT8,3ALQ,3L9J,2AZ5,7ASY,7QLF"
COc1ccc2CN(C[C@]3(NC(=O)NC3=O)C#Cc3ccc(c(F)c3)C3(C)NC(=O)NC3=O)C(=O)c2c1F |r|	Tumor necrosis factor	148	US Patent	"5MU8,9OK6,9OJY,9OJS,9OJO,6X86,6X85,6X83,6X82,6X81,5YOY,7JRA,8Z8M,6OOZ,6OOY,5WUX,5M2M,5M2J,5M2I,4TWT,4G3Y,3IT8,3ALQ,3L9J,2AZ5,7ASY,7QLF"
COc1ccc2CN(C[C@]3(NC(=O)NC3=O)C#Cc3ccc(cc3)C3(CC3)C(N)=O)C(=O)c2c1 |r|	Tumor necrosis factor	227	US Patent	"5MU8,9OK6,9OJY,9OJS,9OJO,6X86,6X85,6X83,6X82,6X81,5YOY,7JRA,8Z8M,6OOZ,6OOY,5WUX,5M2M,5M2J,5M2I,4TWT,4G3Y,3IT8,3ALQ,3L9J,2AZ5,7ASY,7QLF"
CCN1CCN(CC1)c1cccc(n1)-c1ccc(cc1)C#C[C@]1(CN2Cc3ccc(OC)c(F)c3C2=O)NC(=O)NC1=O |r|	Tumor necrosis factor	605.65	US Patent	"5MU8,9OK6,9OJY,9OJS,9OJO,6X86,6X85,6X83,6X82,6X81,5YOY,7JRA,8Z8M,6OOZ,6OOY,5WUX,5M2M,5M2J,5M2I,4TWT,4G3Y,3IT8,3ALQ,3L9J,2AZ5,7ASY,7QLF"
COc1ccc2CN(C[C@]3(NC(=O)NC3=O)C#Cc3ccc(cc3)C3(CCN(C)CC3)C#N)C(=O)c2c1F |r|	Tumor necrosis factor	669	US Patent	"5MU8,9OK6,9OJY,9OJS,9OJO,6X86,6X85,6X83,6X82,6X81,5YOY,7JRA,8Z8M,6OOZ,6OOY,5WUX,5M2M,5M2J,5M2I,4TWT,4G3Y,3IT8,3ALQ,3L9J,2AZ5,7ASY,7QLF"
CCN1CCC(CC1)(C(=O)OC)c1ccc(cc1)C#C[C@]1(CN2Cc3ccc(OC)cc3C2=O)NC(=O)NC1=O |r|	Tumor necrosis factor	288	US Patent	"5MU8,9OK6,9OJY,9OJS,9OJO,6X86,6X85,6X83,6X82,6X81,5YOY,7JRA,8Z8M,6OOZ,6OOY,5WUX,5M2M,5M2J,5M2I,4TWT,4G3Y,3IT8,3ALQ,3L9J,2AZ5,7ASY,7QLF"
CCN1CCN(CC1)C(=O)c1ccc(cc1)C#C[C@]1(CN2Cc3ccc(OC)c(F)c3C2=O)NC(=O)NC1=O |r|	Tumor necrosis factor	307.85	US Patent	"5MU8,9OK6,9OJY,9OJS,9OJO,6X86,6X85,6X83,6X82,6X81,5YOY,7JRA,8Z8M,6OOZ,6OOY,5WUX,5M2M,5M2J,5M2I,4TWT,4G3Y,3IT8,3ALQ,3L9J,2AZ5,7ASY,7QLF"
COc1ccc2CN(C[C@]3(NC(=O)NC3=O)C#Cc3ccc4c(CCCC44NC(=O)NC4=O)c3)C(=O)c2c1 |r|	Tumor necrosis factor	137	US Patent	"5MU8,9OK6,9OJY,9OJS,9OJO,6X86,6X85,6X83,6X82,6X81,5YOY,7JRA,8Z8M,6OOZ,6OOY,5WUX,5M2M,5M2J,5M2I,4TWT,4G3Y,3IT8,3ALQ,3L9J,2AZ5,7ASY,7QLF"
CCN1CCN(Cc2ccc(cc2)C#C[C@]2(CN3Cc4ccc(OC)cc4C3=O)NC(=O)NC2=O)CC1 |r|	Tumor necrosis factor	238	US Patent	"5MU8,9OK6,9OJY,9OJS,9OJO,6X86,6X85,6X83,6X82,6X81,5YOY,7JRA,8Z8M,6OOZ,6OOY,5WUX,5M2M,5M2J,5M2I,4TWT,4G3Y,3IT8,3ALQ,3L9J,2AZ5,7ASY,7QLF"
CCNc1nnc(o1)-c1ccc(cc1)C#C[C@]1(CN2Cc3ccc(OC)cc3C2=O)NC(=O)NC1=O |r|	Tumor necrosis factor	269	US Patent	"5MU8,9OK6,9OJY,9OJS,9OJO,6X86,6X85,6X83,6X82,6X81,5YOY,7JRA,8Z8M,6OOZ,6OOY,5WUX,5M2M,5M2J,5M2I,4TWT,4G3Y,3IT8,3ALQ,3L9J,2AZ5,7ASY,7QLF"
COc1ccc2CN(C[C@]3(NC(=O)NC3=O)C#Cc3ccc(cc3OC)C(=O)NO)C(=O)c2c1 |r|	Tumor necrosis factor	146	US Patent	"5MU8,9OK6,9OJY,9OJS,9OJO,6X86,6X85,6X83,6X82,6X81,5YOY,7JRA,8Z8M,6OOZ,6OOY,5WUX,5M2M,5M2J,5M2I,4TWT,4G3Y,3IT8,3ALQ,3L9J,2AZ5,7ASY,7QLF"
COc1ccc2CN(C[C@]3(NC(=O)NC3=O)C#Cc3ccc(cc3)-n3c(C)n[nH]c3=O)C(=O)c2c1 |r|	Tumor necrosis factor	243	US Patent	"5MU8,9OK6,9OJY,9OJS,9OJO,6X86,6X85,6X83,6X82,6X81,5YOY,7JRA,8Z8M,6OOZ,6OOY,5WUX,5M2M,5M2J,5M2I,4TWT,4G3Y,3IT8,3ALQ,3L9J,2AZ5,7ASY,7QLF"
CNC(=O)C1(CC1)c1ccc(cc1)C#C[C@]1(CN2Cc3ccc(OC)cc3C2=O)NC(=O)NC1=O |r|	Tumor necrosis factor	443	US Patent	"5MU8,9OK6,9OJY,9OJS,9OJO,6X86,6X85,6X83,6X82,6X81,5YOY,7JRA,8Z8M,6OOZ,6OOY,5WUX,5M2M,5M2J,5M2I,4TWT,4G3Y,3IT8,3ALQ,3L9J,2AZ5,7ASY,7QLF"
COc1ccc2CN(C[C@]3(NC(=O)NC3=O)C#Cc3ccc(cc3)C(N)C(F)(F)F)C(=O)c2c1 |r|	Tumor necrosis factor	1086	US Patent	"5MU8,9OK6,9OJY,9OJS,9OJO,6X86,6X85,6X83,6X82,6X81,5YOY,7JRA,8Z8M,6OOZ,6OOY,5WUX,5M2M,5M2J,5M2I,4TWT,4G3Y,3IT8,3ALQ,3L9J,2AZ5,7ASY,7QLF"
COc1ccc2CN(C[C@]3(NC(=O)NC3=O)C#Cc3ccc4NC(=O)N(C)Cc4c3)C(=O)c2c1F |r|	Tumor necrosis factor	281.3	US Patent	"5MU8,9OK6,9OJY,9OJS,9OJO,6X86,6X85,6X83,6X82,6X81,5YOY,7JRA,8Z8M,6OOZ,6OOY,5WUX,5M2M,5M2J,5M2I,4TWT,4G3Y,3IT8,3ALQ,3L9J,2AZ5,7ASY,7QLF"
COc1ccc2CN(C[C@]3(NC(=O)NC3=O)C#Cc3cccnc3-c3cccnc3)C(=O)c2c1 |r|	Tumor necrosis factor	2113	US Patent	"5MU8,9OK6,9OJY,9OJS,9OJO,6X86,6X85,6X83,6X82,6X81,5YOY,7JRA,8Z8M,6OOZ,6OOY,5WUX,5M2M,5M2J,5M2I,4TWT,4G3Y,3IT8,3ALQ,3L9J,2AZ5,7ASY,7QLF"
COc1ccc2CN(C[C@]3(NC(=O)NC3=O)C#Cc3ccc(cc3)-c3ccccc3O)C(=O)c2c1 |r|	Tumor necrosis factor	652.1	US Patent	"5MU8,9OK6,9OJY,9OJS,9OJO,6X86,6X85,6X83,6X82,6X81,5YOY,7JRA,8Z8M,6OOZ,6OOY,5WUX,5M2M,5M2J,5M2I,4TWT,4G3Y,3IT8,3ALQ,3L9J,2AZ5,7ASY,7QLF"
COc1ccc2CN(C[C@]3(NC(=O)NC3=O)C#Cc3ccc(cc3)-c3ccccc3O)C(=O)c2c1 |r|	Tumor necrosis factor	652.1	US Patent	"5MU8,9OK6,9OJY,9OJS,9OJO,6X86,6X85,6X83,6X82,6X81,5YOY,7JRA,8Z8M,6OOZ,6OOY,5WUX,5M2M,5M2J,5M2I,4TWT,4G3Y,3IT8,3ALQ,3L9J,2AZ5,7ASY,7QLF"
COc1ccc2CN(C[C@]3(NC(=O)NC3=O)C#Cc3cncc(c3)-c3noc(n3)C(N)=O)C(=O)c2c1 |r|	Tumor necrosis factor	712.9	US Patent	"5MU8,9OK6,9OJY,9OJS,9OJO,6X86,6X85,6X83,6X82,6X81,5YOY,7JRA,8Z8M,6OOZ,6OOY,5WUX,5M2M,5M2J,5M2I,4TWT,4G3Y,3IT8,3ALQ,3L9J,2AZ5,7ASY,7QLF"
COc1ccc2CN(C[C@@]3(NC(=O)NC3=O)C#Cc3ccnc(SC)n3)C(=O)c2c1 |r|	Tumor necrosis factor	10001	US Patent	"5MU8,9OK6,9OJY,9OJS,9OJO,6X86,6X85,6X83,6X82,6X81,5YOY,7JRA,8Z8M,6OOZ,6OOY,5WUX,5M2M,5M2J,5M2I,4TWT,4G3Y,3IT8,3ALQ,3L9J,2AZ5,7ASY,7QLF"
COc1ccc2CN(C[C@]3(NC(=O)NC3=O)C#Cc3cncc(c3)-c3ccc(O)c(n3)-c3cn[nH]c3)C(=O)c2c1 |r|	Tumor necrosis factor	374	US Patent	"5MU8,9OK6,9OJY,9OJS,9OJO,6X86,6X85,6X83,6X82,6X81,5YOY,7JRA,8Z8M,6OOZ,6OOY,5WUX,5M2M,5M2J,5M2I,4TWT,4G3Y,3IT8,3ALQ,3L9J,2AZ5,7ASY,7QLF"
CCN1CCN(CC1)C(CO)c1ccc(cc1)C#C[C@]1(CN2Cc3ccc(OC)cc3C2=O)NC(=O)NC1=O |r|	Tumor necrosis factor	504	US Patent	"5MU8,9OK6,9OJY,9OJS,9OJO,6X86,6X85,6X83,6X82,6X81,5YOY,7JRA,8Z8M,6OOZ,6OOY,5WUX,5M2M,5M2J,5M2I,4TWT,4G3Y,3IT8,3ALQ,3L9J,2AZ5,7ASY,7QLF"
Ic1ccc2CN(C[C@@]3(NC(=O)NC3=O)C#Cc3cccnc3)C(=O)c2c1 |r|	Tumor necrosis factor	976.7	US Patent	"5MU8,9OK6,9OJY,9OJS,9OJO,6X86,6X85,6X83,6X82,6X81,5YOY,7JRA,8Z8M,6OOZ,6OOY,5WUX,5M2M,5M2J,5M2I,4TWT,4G3Y,3IT8,3ALQ,3L9J,2AZ5,7ASY,7QLF"
COc1ccc2CN(C[C@]3(NC(=O)NC3=O)C#Cc3ccc4c(CN(C)C)n[nH]c4c3)C(=O)c2c1 |r|	Tumor necrosis factor	163	US Patent	"5MU8,9OK6,9OJY,9OJS,9OJO,6X86,6X85,6X83,6X82,6X81,5YOY,7JRA,8Z8M,6OOZ,6OOY,5WUX,5M2M,5M2J,5M2I,4TWT,4G3Y,3IT8,3ALQ,3L9J,2AZ5,7ASY,7QLF"
COc1ccc2CN(C[C@]3(NC(=O)NC3=O)C#Cc3ccc(cc3)-c3nnc(N)o3)C(=O)c2c1 |r|	Tumor necrosis factor	244	US Patent	"5MU8,9OK6,9OJY,9OJS,9OJO,6X86,6X85,6X83,6X82,6X81,5YOY,7JRA,8Z8M,6OOZ,6OOY,5WUX,5M2M,5M2J,5M2I,4TWT,4G3Y,3IT8,3ALQ,3L9J,2AZ5,7ASY,7QLF"
COc1ccc2CN(C[C@]3(NC(=O)NC3=O)C#Cc3cncc(NS(C)(=O)=O)c3)C(=O)c2c1 |r|	Tumor necrosis factor	386	US Patent	"5MU8,9OK6,9OJY,9OJS,9OJO,6X86,6X85,6X83,6X82,6X81,5YOY,7JRA,8Z8M,6OOZ,6OOY,5WUX,5M2M,5M2J,5M2I,4TWT,4G3Y,3IT8,3ALQ,3L9J,2AZ5,7ASY,7QLF"
COc1ccc2CN(C[C@]3(NC(=O)NC3=O)C#Cc3ccc(cc3)N3CCNC3=O)C(=O)c2c1 |r|	Tumor necrosis factor	1618	US Patent	"5MU8,9OK6,9OJY,9OJS,9OJO,6X86,6X85,6X83,6X82,6X81,5YOY,7JRA,8Z8M,6OOZ,6OOY,5WUX,5M2M,5M2J,5M2I,4TWT,4G3Y,3IT8,3ALQ,3L9J,2AZ5,7ASY,7QLF"
COc1ccc2CN(C[C@]3(NC(=O)NC3=O)C#Cc3ccc4c(C)n[nH]c4c3)C(=O)c2c1 |r|	Tumor necrosis factor	2948	US Patent	"5MU8,9OK6,9OJY,9OJS,9OJO,6X86,6X85,6X83,6X82,6X81,5YOY,7JRA,8Z8M,6OOZ,6OOY,5WUX,5M2M,5M2J,5M2I,4TWT,4G3Y,3IT8,3ALQ,3L9J,2AZ5,7ASY,7QLF"
COc1ccc2CN(C[C@]3(NC(=O)NC3=O)C#Cc3ccc(cc3)C3(CNS(C)(=O)=O)NC(=O)NC3=O)C(=O)c2c1 |r|	Tumor necrosis factor	176	US Patent	"5MU8,9OK6,9OJY,9OJS,9OJO,6X86,6X85,6X83,6X82,6X81,5YOY,7JRA,8Z8M,6OOZ,6OOY,5WUX,5M2M,5M2J,5M2I,4TWT,4G3Y,3IT8,3ALQ,3L9J,2AZ5,7ASY,7QLF"
COc1ccc2CN(C[C@]3(NC(=O)NC3=O)C#Cc3ccc(N4C(=O)NC5(CC5)C4=O)c(F)c3)C(=O)c2c1F |r|	Tumor necrosis factor	148	US Patent	"5MU8,9OK6,9OJY,9OJS,9OJO,6X86,6X85,6X83,6X82,6X81,5YOY,7JRA,8Z8M,6OOZ,6OOY,5WUX,5M2M,5M2J,5M2I,4TWT,4G3Y,3IT8,3ALQ,3L9J,2AZ5,7ASY,7QLF"
COc1ccc2CN(C[C@]3(NC(=O)NC3=O)C#Cc3ccc(cc3)C(N3CCCNCC3)C(O)=O)C(=O)c2c1 |r|	Tumor necrosis factor	588	US Patent	"5MU8,9OK6,9OJY,9OJS,9OJO,6X86,6X85,6X83,6X82,6X81,5YOY,7JRA,8Z8M,6OOZ,6OOY,5WUX,5M2M,5M2J,5M2I,4TWT,4G3Y,3IT8,3ALQ,3L9J,2AZ5,7ASY,7QLF"
COc1ccc2CN(C[C@]3(NC(=O)NC3=O)C#Cc3ccc4c(c3)[nH][nH]c4=O)C(=O)c2c1F |r|	Tumor necrosis factor	226.45	US Patent	"5MU8,9OK6,9OJY,9OJS,9OJO,6X86,6X85,6X83,6X82,6X81,5YOY,7JRA,8Z8M,6OOZ,6OOY,5WUX,5M2M,5M2J,5M2I,4TWT,4G3Y,3IT8,3ALQ,3L9J,2AZ5,7ASY,7QLF"
COc1ccc2CN(C[C@]3(NC(=O)NC3=O)C#Cc3ccc(nc3)C3CCN(C)CC3)C(=O)c2c1 |r|	Tumor necrosis factor	244.9	US Patent	"5MU8,9OK6,9OJY,9OJS,9OJO,6X86,6X85,6X83,6X82,6X81,5YOY,7JRA,8Z8M,6OOZ,6OOY,5WUX,5M2M,5M2J,5M2I,4TWT,4G3Y,3IT8,3ALQ,3L9J,2AZ5,7ASY,7QLF"
COc1ccc2CN(C[C@]3(NC(=O)NC3=O)C#Cc3cncc(NC(=O)C4CCN(C)CC4)c3)C(=O)c2c1 |r|	Tumor necrosis factor	299	US Patent	"5MU8,9OK6,9OJY,9OJS,9OJO,6X86,6X85,6X83,6X82,6X81,5YOY,7JRA,8Z8M,6OOZ,6OOY,5WUX,5M2M,5M2J,5M2I,4TWT,4G3Y,3IT8,3ALQ,3L9J,2AZ5,7ASY,7QLF"
CCN1CCN(CC1)c1cccc(n1)-c1ccc(cc1F)C#C[C@]1(CN2Cc3ccc(OC)c(F)c3C2=O)NC(=O)NC1=O |r|	Tumor necrosis factor	808.3	US Patent	"5MU8,9OK6,9OJY,9OJS,9OJO,6X86,6X85,6X83,6X82,6X81,5YOY,7JRA,8Z8M,6OOZ,6OOY,5WUX,5M2M,5M2J,5M2I,4TWT,4G3Y,3IT8,3ALQ,3L9J,2AZ5,7ASY,7QLF"
COc1ccc2CN(C[C@]3(NC(=O)NC3=O)C#Cc3ccc4NC(=O)N(C)Cc4c3)C(=O)c2c1 |r|	Tumor necrosis factor	507.15	US Patent	"5MU8,9OK6,9OJY,9OJS,9OJO,6X86,6X85,6X83,6X82,6X81,5YOY,7JRA,8Z8M,6OOZ,6OOY,5WUX,5M2M,5M2J,5M2I,4TWT,4G3Y,3IT8,3ALQ,3L9J,2AZ5,7ASY,7QLF"
COc1ccc2CN(C[C@]3(NC(=O)NC3=O)C#Cc3ccc(CN4CCN(CC4)C4CCCCC4)cc3)C(=O)c2c1F |r|	Tumor necrosis factor	255.4	US Patent	"5MU8,9OK6,9OJY,9OJS,9OJO,6X86,6X85,6X83,6X82,6X81,5YOY,7JRA,8Z8M,6OOZ,6OOY,5WUX,5M2M,5M2J,5M2I,4TWT,4G3Y,3IT8,3ALQ,3L9J,2AZ5,7ASY,7QLF"
COc1ccc2CN(C[C@]3(NC(=O)NC3=O)C#Cc3ccc(cc3)-c3c(C)[nH]nc3N)C(=O)c2c1 |r|	Tumor necrosis factor	488	US Patent	"5MU8,9OK6,9OJY,9OJS,9OJO,6X86,6X85,6X83,6X82,6X81,5YOY,7JRA,8Z8M,6OOZ,6OOY,5WUX,5M2M,5M2J,5M2I,4TWT,4G3Y,3IT8,3ALQ,3L9J,2AZ5,7ASY,7QLF"
COc1ccc2CN(C[C@]3(NC(=O)NC3=O)C#Cc3ccc(nc3)-c3cnn(C)c3)C(=O)c2c1 |r|	Tumor necrosis factor	1026	US Patent	"5MU8,9OK6,9OJY,9OJS,9OJO,6X86,6X85,6X83,6X82,6X81,5YOY,7JRA,8Z8M,6OOZ,6OOY,5WUX,5M2M,5M2J,5M2I,4TWT,4G3Y,3IT8,3ALQ,3L9J,2AZ5,7ASY,7QLF"
CCN1CCN(CC1)C(=O)c1ccc(cc1)C#C[C@]1(CN2Cc3ccc(OC)cc3C2=O)NC(=O)NC1=O |r|	Tumor necrosis factor	446	US Patent	"5MU8,9OK6,9OJY,9OJS,9OJO,6X86,6X85,6X83,6X82,6X81,5YOY,7JRA,8Z8M,6OOZ,6OOY,5WUX,5M2M,5M2J,5M2I,4TWT,4G3Y,3IT8,3ALQ,3L9J,2AZ5,7ASY,7QLF"
COc1ccc2CN(C[C@]3(NC(=O)NC3=O)C#Cc3ccc(F)c(c3)C(O)(O)C(F)(F)F)C(=O)c2c1 |r|	Tumor necrosis factor	1178	US Patent	"5MU8,9OK6,9OJY,9OJS,9OJO,6X86,6X85,6X83,6X82,6X81,5YOY,7JRA,8Z8M,6OOZ,6OOY,5WUX,5M2M,5M2J,5M2I,4TWT,4G3Y,3IT8,3ALQ,3L9J,2AZ5,7ASY,7QLF"
COc1ccc2CN(C[C@]3(NC(=O)NC3=O)C#Cc3cncc(c3)-c3ccc(o3)C(N)=O)C(=O)c2c1 |r|	Tumor necrosis factor	776.1	US Patent	"5MU8,9OK6,9OJY,9OJS,9OJO,6X86,6X85,6X83,6X82,6X81,5YOY,7JRA,8Z8M,6OOZ,6OOY,5WUX,5M2M,5M2J,5M2I,4TWT,4G3Y,3IT8,3ALQ,3L9J,2AZ5,7ASY,7QLF"
CCN1CCN(Cc2ccc(cn2)C#C[C@]2(CN3Cc4ccc(OC)c(F)c4C3=O)NC(=O)NC2=O)CC1 |r|	Tumor necrosis factor	156	US Patent	"5MU8,9OK6,9OJY,9OJS,9OJO,6X86,6X85,6X83,6X82,6X81,5YOY,7JRA,8Z8M,6OOZ,6OOY,5WUX,5M2M,5M2J,5M2I,4TWT,4G3Y,3IT8,3ALQ,3L9J,2AZ5,7ASY,7QLF"
COc1ccc2CN(C[C@]3(NC(=O)NC3=O)C#Cc3ccc(cc3)N3CCNCC3)C(=O)c2c1F |r|	Tumor necrosis factor	118	US Patent	"5MU8,9OK6,9OJY,9OJS,9OJO,6X86,6X85,6X83,6X82,6X81,5YOY,7JRA,8Z8M,6OOZ,6OOY,5WUX,5M2M,5M2J,5M2I,4TWT,4G3Y,3IT8,3ALQ,3L9J,2AZ5,7ASY,7QLF"
COc1ccc2CN(C[C@]3(NC(=O)NC3=O)C#Cc3ccc(cc3)N3C(CCC3=O)C(=O)NC3CC3)C(=O)c2c1F |r|	Tumor necrosis factor	278	US Patent	"5MU8,9OK6,9OJY,9OJS,9OJO,6X86,6X85,6X83,6X82,6X81,5YOY,7JRA,8Z8M,6OOZ,6OOY,5WUX,5M2M,5M2J,5M2I,4TWT,4G3Y,3IT8,3ALQ,3L9J,2AZ5,7ASY,7QLF"
COc1ccc2CN(C[C@]3(NC(=O)NC3=O)C#Cc3ccc(C)nc3)C(=O)c2c1F |r|	Tumor necrosis factor	396	US Patent	"5MU8,9OK6,9OJY,9OJS,9OJO,6X86,6X85,6X83,6X82,6X81,5YOY,7JRA,8Z8M,6OOZ,6OOY,5WUX,5M2M,5M2J,5M2I,4TWT,4G3Y,3IT8,3ALQ,3L9J,2AZ5,7ASY,7QLF"
COc1ccc2CN(C[C@]3(NC(=O)NC3=O)C#Cc3ccc(cc3)C(=O)N3CCN(CC3)C3CC3)C(=O)c2c1 |r|	Tumor necrosis factor	1158	US Patent	"5MU8,9OK6,9OJY,9OJS,9OJO,6X86,6X85,6X83,6X82,6X81,5YOY,7JRA,8Z8M,6OOZ,6OOY,5WUX,5M2M,5M2J,5M2I,4TWT,4G3Y,3IT8,3ALQ,3L9J,2AZ5,7ASY,7QLF"
COc1ccc2CN(C[C@]3(NC(=O)NC3=O)C#Cc3ccc(CN4CCN(CC4)c4ccncc4)cc3)C(=O)c2c1F |r|	Tumor necrosis factor	289.6	US Patent	"5MU8,9OK6,9OJY,9OJS,9OJO,6X86,6X85,6X83,6X82,6X81,5YOY,7JRA,8Z8M,6OOZ,6OOY,5WUX,5M2M,5M2J,5M2I,4TWT,4G3Y,3IT8,3ALQ,3L9J,2AZ5,7ASY,7QLF"
COc1ccc2CN(C[C@]3(NC(=O)NC3=O)C#Cc3cncc(F)c3)C(=O)c2c1F |r|	Tumor necrosis factor	305	US Patent	"5MU8,9OK6,9OJY,9OJS,9OJO,6X86,6X85,6X83,6X82,6X81,5YOY,7JRA,8Z8M,6OOZ,6OOY,5WUX,5M2M,5M2J,5M2I,4TWT,4G3Y,3IT8,3ALQ,3L9J,2AZ5,7ASY,7QLF"
CCN1CCN(CC1)C(N=O)c1cncc(c1)C#C[C@]1(CN2Cc3ccc(OC)cc3C2=O)NC(=O)NC1=O |r|	Tumor necrosis factor	435	US Patent	"5MU8,9OK6,9OJY,9OJS,9OJO,6X86,6X85,6X83,6X82,6X81,5YOY,7JRA,8Z8M,6OOZ,6OOY,5WUX,5M2M,5M2J,5M2I,4TWT,4G3Y,3IT8,3ALQ,3L9J,2AZ5,7ASY,7QLF"
COc1ccc2CN(C[C@]3(NC(=O)NC3=O)C#Cc3ccc(cc3)[C@H]3CCC(=O)N3)C(=O)c2c1 |r|	Tumor necrosis factor	736	US Patent	"5MU8,9OK6,9OJY,9OJS,9OJO,6X86,6X85,6X83,6X82,6X81,5YOY,7JRA,8Z8M,6OOZ,6OOY,5WUX,5M2M,5M2J,5M2I,4TWT,4G3Y,3IT8,3ALQ,3L9J,2AZ5,7ASY,7QLF"
CSc1ccc2CN(C[C@]3(NC(=O)NC3=O)C#Cc3cccnc3)C(=O)c2c1 |r|	Tumor necrosis factor	651.1	US Patent	"5MU8,9OK6,9OJY,9OJS,9OJO,6X86,6X85,6X83,6X82,6X81,5YOY,7JRA,8Z8M,6OOZ,6OOY,5WUX,5M2M,5M2J,5M2I,4TWT,4G3Y,3IT8,3ALQ,3L9J,2AZ5,7ASY,7QLF"
COc1ccc2CN(C[C@]3(NC(=O)NC3=O)C#Cc3ccc(cc3)C(O)C3CCN(C)CC3)C(=O)c2c1 |r|	Tumor necrosis factor	244.5	US Patent	"5MU8,9OK6,9OJY,9OJS,9OJO,6X86,6X85,6X83,6X82,6X81,5YOY,7JRA,8Z8M,6OOZ,6OOY,5WUX,5M2M,5M2J,5M2I,4TWT,4G3Y,3IT8,3ALQ,3L9J,2AZ5,7ASY,7QLF"
COc1ccc2CN(C[C@]3(NC(=O)NC3=O)C#Cc3ccc(cc3)C(CN)N3CCC(N)C3)C(=O)c2c1F |r|	Tumor necrosis factor	109	US Patent	"5MU8,9OK6,9OJY,9OJS,9OJO,6X86,6X85,6X83,6X82,6X81,5YOY,7JRA,8Z8M,6OOZ,6OOY,5WUX,5M2M,5M2J,5M2I,4TWT,4G3Y,3IT8,3ALQ,3L9J,2AZ5,7ASY,7QLF"
COc1ccc2CN(C[C@]3(NC(=O)NC3=O)C#Cc3ccc(cc3)-c3cc(N)[nH]n3)C(=O)c2c1 |r|	Tumor necrosis factor	128	US Patent	"5MU8,9OK6,9OJY,9OJS,9OJO,6X86,6X85,6X83,6X82,6X81,5YOY,7JRA,8Z8M,6OOZ,6OOY,5WUX,5M2M,5M2J,5M2I,4TWT,4G3Y,3IT8,3ALQ,3L9J,2AZ5,7ASY,7QLF"
COc1ccc2CN(C[C@]3(NC(=O)NC3=O)C#Cc3ccc(CC(N)=O)cc3)C(=O)c2c1 |r|	Tumor necrosis factor	139	US Patent	"5MU8,9OK6,9OJY,9OJS,9OJO,6X86,6X85,6X83,6X82,6X81,5YOY,7JRA,8Z8M,6OOZ,6OOY,5WUX,5M2M,5M2J,5M2I,4TWT,4G3Y,3IT8,3ALQ,3L9J,2AZ5,7ASY,7QLF"
COc1ccc2CN(C[C@]3(NC(=O)NC3=O)C#Cc3csc(c3)C3(C)NC(=O)NC3=O)C(=O)c2c1 |r|	Tumor necrosis factor	531	US Patent	"5MU8,9OK6,9OJY,9OJS,9OJO,6X86,6X85,6X83,6X82,6X81,5YOY,7JRA,8Z8M,6OOZ,6OOY,5WUX,5M2M,5M2J,5M2I,4TWT,4G3Y,3IT8,3ALQ,3L9J,2AZ5,7ASY,7QLF"
COc1ccc2CN(C[C@]3(NC(=O)NC3=O)C#Cc3nc(ccc3OC)N3CCC3=O)C(=O)c2c1F |r|	Tumor necrosis factor	1171	US Patent	"5MU8,9OK6,9OJY,9OJS,9OJO,6X86,6X85,6X83,6X82,6X81,5YOY,7JRA,8Z8M,6OOZ,6OOY,5WUX,5M2M,5M2J,5M2I,4TWT,4G3Y,3IT8,3ALQ,3L9J,2AZ5,7ASY,7QLF"
COc1ccc2CN(C[C@]3(NC(=O)NC3=O)C#Cc3ccc(c(F)c3)-c3cccc(n3)N3CCOCC3)C(=O)c2c1F |r|	Tumor necrosis factor	2557	US Patent	"5MU8,9OK6,9OJY,9OJS,9OJO,6X86,6X85,6X83,6X82,6X81,5YOY,7JRA,8Z8M,6OOZ,6OOY,5WUX,5M2M,5M2J,5M2I,4TWT,4G3Y,3IT8,3ALQ,3L9J,2AZ5,7ASY,7QLF"
COc1ccc2CN(C[C@]3(NC(=O)NC3=O)C#Cc3ccc(cc3)C(N=O)N3CCNC[C@@H]3C)C(=O)c2c1 |r|	Tumor necrosis factor	84	US Patent	"5MU8,9OK6,9OJY,9OJS,9OJO,6X86,6X85,6X83,6X82,6X81,5YOY,7JRA,8Z8M,6OOZ,6OOY,5WUX,5M2M,5M2J,5M2I,4TWT,4G3Y,3IT8,3ALQ,3L9J,2AZ5,7ASY,7QLF"
COc1ccc2CN(C[C@]3(NC(=O)NC3=O)C#Cc3ccc(cc3)-n3c(n[nH]c3=O)-c3cccnc3)C(=O)c2c1 |r|	Tumor necrosis factor	258	US Patent	"5MU8,9OK6,9OJY,9OJS,9OJO,6X86,6X85,6X83,6X82,6X81,5YOY,7JRA,8Z8M,6OOZ,6OOY,5WUX,5M2M,5M2J,5M2I,4TWT,4G3Y,3IT8,3ALQ,3L9J,2AZ5,7ASY,7QLF"
COc1ccc2CN(C[C@]3(NC(=O)NC3=O)C#Cc3ccc(NCCN(C)C)nc3)C(=O)c2c1 |r|	Tumor necrosis factor	419	US Patent	"5MU8,9OK6,9OJY,9OJS,9OJO,6X86,6X85,6X83,6X82,6X81,5YOY,7JRA,8Z8M,6OOZ,6OOY,5WUX,5M2M,5M2J,5M2I,4TWT,4G3Y,3IT8,3ALQ,3L9J,2AZ5,7ASY,7QLF"
COc1ccc2CN(C[C@]3(NC(=O)NC3=O)C#Cc3cnc(nc3N)N3CCC(=O)CC3)C(=O)c2c1 |r|	Tumor necrosis factor	1008	US Patent	"5MU8,9OK6,9OJY,9OJS,9OJO,6X86,6X85,6X83,6X82,6X81,5YOY,7JRA,8Z8M,6OOZ,6OOY,5WUX,5M2M,5M2J,5M2I,4TWT,4G3Y,3IT8,3ALQ,3L9J,2AZ5,7ASY,7QLF"
COc1ccc2CN(C[C@]3(NC(=O)NC3=O)C#Cc3cc(Br)ccc3O)C(=O)c2c1 |r|	Tumor necrosis factor	10001	US Patent	"5MU8,9OK6,9OJY,9OJS,9OJO,6X86,6X85,6X83,6X82,6X81,5YOY,7JRA,8Z8M,6OOZ,6OOY,5WUX,5M2M,5M2J,5M2I,4TWT,4G3Y,3IT8,3ALQ,3L9J,2AZ5,7ASY,7QLF"
COc1ccc2CN(C[C@]3(NC(=O)NC3=O)C#Cc3ccc(CN4CCOCC4)nc3)C(=O)c2c1F |r|	Tumor necrosis factor	698.1	US Patent	"5MU8,9OK6,9OJY,9OJS,9OJO,6X86,6X85,6X83,6X82,6X81,5YOY,7JRA,8Z8M,6OOZ,6OOY,5WUX,5M2M,5M2J,5M2I,4TWT,4G3Y,3IT8,3ALQ,3L9J,2AZ5,7ASY,7QLF"
COc1ccc2CN(C[C@]3(NC(=O)NC3=O)C#Cc3ccc(s3)C3(C)NC(=O)NC3=O)C(=O)c2c1 |r|	Tumor necrosis factor	208	US Patent	"5MU8,9OK6,9OJY,9OJS,9OJO,6X86,6X85,6X83,6X82,6X81,5YOY,7JRA,8Z8M,6OOZ,6OOY,5WUX,5M2M,5M2J,5M2I,4TWT,4G3Y,3IT8,3ALQ,3L9J,2AZ5,7ASY,7QLF"
COc1ccc2CN(C[C@]3(NC(=O)NC3=O)C#Cc3ccc(cc3)-n3ccnc3)C(=O)c2c1 |r|	Tumor necrosis factor	786	US Patent	"5MU8,9OK6,9OJY,9OJS,9OJO,6X86,6X85,6X83,6X82,6X81,5YOY,7JRA,8Z8M,6OOZ,6OOY,5WUX,5M2M,5M2J,5M2I,4TWT,4G3Y,3IT8,3ALQ,3L9J,2AZ5,7ASY,7QLF"
COc1ccc2CN(C[C@]3(NC(=O)NC3=O)C#Cc3ccc(cc3OC)-n3ccnc3)C(=O)c2c1 |r|	Tumor necrosis factor	786	US Patent	"5MU8,9OK6,9OJY,9OJS,9OJO,6X86,6X85,6X83,6X82,6X81,5YOY,7JRA,8Z8M,6OOZ,6OOY,5WUX,5M2M,5M2J,5M2I,4TWT,4G3Y,3IT8,3ALQ,3L9J,2AZ5,7ASY,7QLF"
COc1ccc2CN(C[C@]3(NC(=O)NC3=O)C#Cc3ccc4c(n[nH]c4c3)-c3ccncc3)C(=O)c2c1 |r|	Tumor necrosis factor	1005.4	US Patent	"5MU8,9OK6,9OJY,9OJS,9OJO,6X86,6X85,6X83,6X82,6X81,5YOY,7JRA,8Z8M,6OOZ,6OOY,5WUX,5M2M,5M2J,5M2I,4TWT,4G3Y,3IT8,3ALQ,3L9J,2AZ5,7ASY,7QLF"
COc1ccc2CN(C[C@]3(NC(=O)NC3=O)C#Cc3ccc(cc3)C3(CCN(C)CC3)C(N)=O)C(=O)c2c1F |r|	Tumor necrosis factor	152	US Patent	"5MU8,9OK6,9OJY,9OJS,9OJO,6X86,6X85,6X83,6X82,6X81,5YOY,7JRA,8Z8M,6OOZ,6OOY,5WUX,5M2M,5M2J,5M2I,4TWT,4G3Y,3IT8,3ALQ,3L9J,2AZ5,7ASY,7QLF"
COc1ccc2CN(C[C@]3(NC(=O)NC3=O)C#Cc3ccc(nc3)-c3cc[nH]n3)C(=O)c2c1 |r|	Tumor necrosis factor	231	US Patent	"5MU8,9OK6,9OJY,9OJS,9OJO,6X86,6X85,6X83,6X82,6X81,5YOY,7JRA,8Z8M,6OOZ,6OOY,5WUX,5M2M,5M2J,5M2I,4TWT,4G3Y,3IT8,3ALQ,3L9J,2AZ5,7ASY,7QLF"
COc1ccc2CN(C[C@]3(NC(=O)NC3=O)C#Cc3ccc(cc3)C(=O)N3CCN(CC3)C3CCCCC3)C(=O)c2c1 |r|	Tumor necrosis factor	578	US Patent	"5MU8,9OK6,9OJY,9OJS,9OJO,6X86,6X85,6X83,6X82,6X81,5YOY,7JRA,8Z8M,6OOZ,6OOY,5WUX,5M2M,5M2J,5M2I,4TWT,4G3Y,3IT8,3ALQ,3L9J,2AZ5,7ASY,7QLF"
CCN1CCN(CC1)c1ccc(OC)c(n1)-c1ccc(cc1)C#C[C@]1(CN2Cc3ccc(OC)cc3C2=O)NC(=O)NC1=O |r|	Tumor necrosis factor	573.3	US Patent	"5MU8,9OK6,9OJY,9OJS,9OJO,6X86,6X85,6X83,6X82,6X81,5YOY,7JRA,8Z8M,6OOZ,6OOY,5WUX,5M2M,5M2J,5M2I,4TWT,4G3Y,3IT8,3ALQ,3L9J,2AZ5,7ASY,7QLF"
COc1ccc2CN(C[C@]3(NC(=O)NC3=O)C#Cc3ccc-4c(c3)C(C)Oc3cccnc-43)C(=O)c2c1 |r|	Tumor necrosis factor	3546	US Patent	"5MU8,9OK6,9OJY,9OJS,9OJO,6X86,6X85,6X83,6X82,6X81,5YOY,7JRA,8Z8M,6OOZ,6OOY,5WUX,5M2M,5M2J,5M2I,4TWT,4G3Y,3IT8,3ALQ,3L9J,2AZ5,7ASY,7QLF"
COc1ccc2CN(C[C@]3(NC(=O)NC3=O)C#Cc3ccnc(SC)n3)C(=O)c2c1 |r|	Tumor necrosis factor	3035	US Patent	"5MU8,9OK6,9OJY,9OJS,9OJO,6X86,6X85,6X83,6X82,6X81,5YOY,7JRA,8Z8M,6OOZ,6OOY,5WUX,5M2M,5M2J,5M2I,4TWT,4G3Y,3IT8,3ALQ,3L9J,2AZ5,7ASY,7QLF"
COc1ccc2CN(C[C@]3(NC(=O)NC3=O)C#Cc3ccc(CC4CCN(C)CC4)nc3)C(=O)c2c1 |r|	Tumor necrosis factor	194.9	US Patent	"5MU8,9OK6,9OJY,9OJS,9OJO,6X86,6X85,6X83,6X82,6X81,5YOY,7JRA,8Z8M,6OOZ,6OOY,5WUX,5M2M,5M2J,5M2I,4TWT,4G3Y,3IT8,3ALQ,3L9J,2AZ5,7ASY,7QLF"
COc1ccc2CN(C[C@]3(NC(=O)NC3=O)C#Cc3nc(N)ccc3O)C(=O)c2c1 |r|	Tumor necrosis factor	808	US Patent	"5MU8,9OK6,9OJY,9OJS,9OJO,6X86,6X85,6X83,6X82,6X81,5YOY,7JRA,8Z8M,6OOZ,6OOY,5WUX,5M2M,5M2J,5M2I,4TWT,4G3Y,3IT8,3ALQ,3L9J,2AZ5,7ASY,7QLF"
COc1ccc2CN(C[C@]3(NC(=O)NC3=O)C#Cc3ccc4n(C)nc(N)c4c3)C(=O)c2c1 |r|	Tumor necrosis factor	2903.5	US Patent	"5MU8,9OK6,9OJY,9OJS,9OJO,6X86,6X85,6X83,6X82,6X81,5YOY,7JRA,8Z8M,6OOZ,6OOY,5WUX,5M2M,5M2J,5M2I,4TWT,4G3Y,3IT8,3ALQ,3L9J,2AZ5,7ASY,7QLF"
"COc1ccc2C(=O)N(C[C@]3(NC(=O)NC3=O)C#Cc3ccc(cc3)C(=NO)N3CCCN(C)CC3)CCc2c1 |r,w:26.28|"	Tumor necrosis factor	639	US Patent	"5MU8,9OK6,9OJY,9OJS,9OJO,6X86,6X85,6X83,6X82,6X81,5YOY,7JRA,8Z8M,6OOZ,6OOY,5WUX,5M2M,5M2J,5M2I,4TWT,4G3Y,3IT8,3ALQ,3L9J,2AZ5,7ASY,7QLF"
COc1ccc2CN(C[C@]3(NC(=O)NC3=O)C#Cc3ccc4c(N)nn(C)c4c3)C(=O)c2c1 |r|	Tumor necrosis factor	1114.5	US Patent	"5MU8,9OK6,9OJY,9OJS,9OJO,6X86,6X85,6X83,6X82,6X81,5YOY,7JRA,8Z8M,6OOZ,6OOY,5WUX,5M2M,5M2J,5M2I,4TWT,4G3Y,3IT8,3ALQ,3L9J,2AZ5,7ASY,7QLF"
COc1ccc2CN(C[C@]3(NC(=O)NC3=O)C#Cc3ccc(CN4CCN(CC4)c4nccs4)cc3)C(=O)c2c1 |r|	Tumor necrosis factor	3127	US Patent	"5MU8,9OK6,9OJY,9OJS,9OJO,6X86,6X85,6X83,6X82,6X81,5YOY,7JRA,8Z8M,6OOZ,6OOY,5WUX,5M2M,5M2J,5M2I,4TWT,4G3Y,3IT8,3ALQ,3L9J,2AZ5,7ASY,7QLF"
COc1ccc2CN(C[C@]3(NC(=O)NC3=O)C#Cc3ccc(nc3)N3CCC(=O)CC3)C(=O)c2c1 |r|	Tumor necrosis factor	1001	US Patent	"5MU8,9OK6,9OJY,9OJS,9OJO,6X86,6X85,6X83,6X82,6X81,5YOY,7JRA,8Z8M,6OOZ,6OOY,5WUX,5M2M,5M2J,5M2I,4TWT,4G3Y,3IT8,3ALQ,3L9J,2AZ5,7ASY,7QLF"
"CON=C(N1CCOCC1)c1ccc(cc1)C#C[C@]1(CN2Cc3ccc(OC)cc3C2=O)NC(=O)NC1=O |r,w:2.1|"	Tumor necrosis factor	1237	US Patent	"5MU8,9OK6,9OJY,9OJS,9OJO,6X86,6X85,6X83,6X82,6X81,5YOY,7JRA,8Z8M,6OOZ,6OOY,5WUX,5M2M,5M2J,5M2I,4TWT,4G3Y,3IT8,3ALQ,3L9J,2AZ5,7ASY,7QLF"
COc1ccc2CN(C[C@]3(NC(=O)NC3=O)C#Cc3cccc(n3)N3CCSCC3)C(=O)c2c1 |r|	Tumor necrosis factor	4316	US Patent	"5MU8,9OK6,9OJY,9OJS,9OJO,6X86,6X85,6X83,6X82,6X81,5YOY,7JRA,8Z8M,6OOZ,6OOY,5WUX,5M2M,5M2J,5M2I,4TWT,4G3Y,3IT8,3ALQ,3L9J,2AZ5,7ASY,7QLF"
CCN1CCN(CC1)C(C)c1ccc(cc1)C#C[C@]1(CN2Cc3ccc(OC)c(F)c3C2=O)NC(=O)NC1=O |r|	Tumor necrosis factor	695.1	US Patent	"5MU8,9OK6,9OJY,9OJS,9OJO,6X86,6X85,6X83,6X82,6X81,5YOY,7JRA,8Z8M,6OOZ,6OOY,5WUX,5M2M,5M2J,5M2I,4TWT,4G3Y,3IT8,3ALQ,3L9J,2AZ5,7ASY,7QLF"
COc1ccc2CN(C[C@]3(NC(=O)NC3=O)C#Cc3ccc(cc3)-n3cncn3)C(=O)c2c1 |r|	Tumor necrosis factor	1140	US Patent	"5MU8,9OK6,9OJY,9OJS,9OJO,6X86,6X85,6X83,6X82,6X81,5YOY,7JRA,8Z8M,6OOZ,6OOY,5WUX,5M2M,5M2J,5M2I,4TWT,4G3Y,3IT8,3ALQ,3L9J,2AZ5,7ASY,7QLF"
COc1ccc2CN(C[C@]3(NC(=O)NC3=O)C#Cc3ccc(cc3)-n3cncn3)C(=O)c2c1 |r|	Tumor necrosis factor	1140	US Patent	"5MU8,9OK6,9OJY,9OJS,9OJO,6X86,6X85,6X83,6X82,6X81,5YOY,7JRA,8Z8M,6OOZ,6OOY,5WUX,5M2M,5M2J,5M2I,4TWT,4G3Y,3IT8,3ALQ,3L9J,2AZ5,7ASY,7QLF"
COc1ccc2CN(C[C@]3(NC(=O)NC3=O)C#Cc3ccc(cc3)-c3cccc(n3)N3CCOCC3)C(=O)c2c1F |r|	Tumor necrosis factor	1635	US Patent	"5MU8,9OK6,9OJY,9OJS,9OJO,6X86,6X85,6X83,6X82,6X81,5YOY,7JRA,8Z8M,6OOZ,6OOY,5WUX,5M2M,5M2J,5M2I,4TWT,4G3Y,3IT8,3ALQ,3L9J,2AZ5,7ASY,7QLF"
COc1ccc2CN(C[C@]3(NC(=O)NC3=O)C#Cc3ccc(cc3)C(CN)N3CCC(C3)NC(=O)OC(C)(C)C)C(=O)c2c1 |r|	Tumor necrosis factor	316	US Patent	"5MU8,9OK6,9OJY,9OJS,9OJO,6X86,6X85,6X83,6X82,6X81,5YOY,7JRA,8Z8M,6OOZ,6OOY,5WUX,5M2M,5M2J,5M2I,4TWT,4G3Y,3IT8,3ALQ,3L9J,2AZ5,7ASY,7QLF"
COc1ccc2CN(C[C@]3(NC(=O)NC3=O)C#Cc3ccc(cc3)-n3cnc(CCNC(C)=O)c3)C(=O)c2c1 |r|	Tumor necrosis factor	453	US Patent	"5MU8,9OK6,9OJY,9OJS,9OJO,6X86,6X85,6X83,6X82,6X81,5YOY,7JRA,8Z8M,6OOZ,6OOY,5WUX,5M2M,5M2J,5M2I,4TWT,4G3Y,3IT8,3ALQ,3L9J,2AZ5,7ASY,7QLF"
COc1ccc2CN(C[C@]3(NC(=O)NC3=O)C#Cc3cnc(C)[nH]c3=O)C(=O)c2c1 |r|	Tumor necrosis factor	1130	US Patent	"5MU8,9OK6,9OJY,9OJS,9OJO,6X86,6X85,6X83,6X82,6X81,5YOY,7JRA,8Z8M,6OOZ,6OOY,5WUX,5M2M,5M2J,5M2I,4TWT,4G3Y,3IT8,3ALQ,3L9J,2AZ5,7ASY,7QLF"
COc1ccc2CN(C[C@]3(NC(=O)NC3=O)C#Cc3ccc(nc3)-c3cnccc3C)C(=O)c2c1 |r|	Tumor necrosis factor	2392	US Patent	"5MU8,9OK6,9OJY,9OJS,9OJO,6X86,6X85,6X83,6X82,6X81,5YOY,7JRA,8Z8M,6OOZ,6OOY,5WUX,5M2M,5M2J,5M2I,4TWT,4G3Y,3IT8,3ALQ,3L9J,2AZ5,7ASY,7QLF"
COc1ccc2CN(C[C@]3(NC(=O)NC3=O)C#Cc3ccc4n(CCN(C)C)nc(N)c4c3)C(=O)c2c1 |r|	Tumor necrosis factor	101	US Patent	"5MU8,9OK6,9OJY,9OJS,9OJO,6X86,6X85,6X83,6X82,6X81,5YOY,7JRA,8Z8M,6OOZ,6OOY,5WUX,5M2M,5M2J,5M2I,4TWT,4G3Y,3IT8,3ALQ,3L9J,2AZ5,7ASY,7QLF"
COc1ccc2CN(C[C@]3(NC(=O)NC3=O)C#Cc3ccc(cc3)C(=O)N3CCC(CC3)N3CCCCC3)C(=O)c2c1 |r|	Tumor necrosis factor	400.6	US Patent	"5MU8,9OK6,9OJY,9OJS,9OJO,6X86,6X85,6X83,6X82,6X81,5YOY,7JRA,8Z8M,6OOZ,6OOY,5WUX,5M2M,5M2J,5M2I,4TWT,4G3Y,3IT8,3ALQ,3L9J,2AZ5,7ASY,7QLF"
COc1ccc2CN(C[C@]3(NC(=O)NC3=O)C#Cc3ccc(CN4CCSCC4)nc3)C(=O)c2c1F |r|	Tumor necrosis factor	587.5	US Patent	"5MU8,9OK6,9OJY,9OJS,9OJO,6X86,6X85,6X83,6X82,6X81,5YOY,7JRA,8Z8M,6OOZ,6OOY,5WUX,5M2M,5M2J,5M2I,4TWT,4G3Y,3IT8,3ALQ,3L9J,2AZ5,7ASY,7QLF"
COc1ccc2CN(CC3(NC(=O)NC3=O)C#Cc3cccc4c3CCC43NC(=O)NC3=O)C(=O)c2c1	Tumor necrosis factor	1000	US Patent	"5MU8,9OK6,9OJY,9OJS,9OJO,6X86,6X85,6X83,6X82,6X81,5YOY,7JRA,8Z8M,6OOZ,6OOY,5WUX,5M2M,5M2J,5M2I,4TWT,4G3Y,3IT8,3ALQ,3L9J,2AZ5,7ASY,7QLF"
COc1ccc2CN(C[C@]3(NC(=O)NC3=O)C#Cc3cncc(c3)C(=O)NN)C(=O)c2c1 |r|	Tumor necrosis factor	432	US Patent	"5MU8,9OK6,9OJY,9OJS,9OJO,6X86,6X85,6X83,6X82,6X81,5YOY,7JRA,8Z8M,6OOZ,6OOY,5WUX,5M2M,5M2J,5M2I,4TWT,4G3Y,3IT8,3ALQ,3L9J,2AZ5,7ASY,7QLF"
COc1ccc2CN(C[C@]3(NC(=O)NC3=O)C#Cc3ccc(CC4(C)NC(=O)NC4=O)cc3)C(=O)c2c1 |r|	Tumor necrosis factor	1001	US Patent	"5MU8,9OK6,9OJY,9OJS,9OJO,6X86,6X85,6X83,6X82,6X81,5YOY,7JRA,8Z8M,6OOZ,6OOY,5WUX,5M2M,5M2J,5M2I,4TWT,4G3Y,3IT8,3ALQ,3L9J,2AZ5,7ASY,7QLF"
COc1ccc2CN(C[C@]3(NC(=O)NC3=O)C#Cc3ccc(CCN)cc3)C(=O)c2c1 |r|	Tumor necrosis factor	219	US Patent	"5MU8,9OK6,9OJY,9OJS,9OJO,6X86,6X85,6X83,6X82,6X81,5YOY,7JRA,8Z8M,6OOZ,6OOY,5WUX,5M2M,5M2J,5M2I,4TWT,4G3Y,3IT8,3ALQ,3L9J,2AZ5,7ASY,7QLF"
CCN1CCN(Cc2ccc(cn2)C#C[C@]2(CN3Cc4ccc(OC)cc4C3=O)NC(=O)NC2=O)CC1 |r|	Tumor necrosis factor	782.3	US Patent	"5MU8,9OK6,9OJY,9OJS,9OJO,6X86,6X85,6X83,6X82,6X81,5YOY,7JRA,8Z8M,6OOZ,6OOY,5WUX,5M2M,5M2J,5M2I,4TWT,4G3Y,3IT8,3ALQ,3L9J,2AZ5,7ASY,7QLF"
COc1ccc2CN(C[C@]3(NC(=O)NC3=O)C#Cc3ccc(cc3)C(CN)N3CCC(N)C3)C(=O)c2c1 |r|	Tumor necrosis factor	233	US Patent	"5MU8,9OK6,9OJY,9OJS,9OJO,6X86,6X85,6X83,6X82,6X81,5YOY,7JRA,8Z8M,6OOZ,6OOY,5WUX,5M2M,5M2J,5M2I,4TWT,4G3Y,3IT8,3ALQ,3L9J,2AZ5,7ASY,7QLF"
COc1ccc2CN(C[C@]3(NC(=O)NC3=O)C#Cc3c[nH]c4nc(=O)oc4c3)C(=O)c2c1 |r|	Tumor necrosis factor	574	US Patent	"5MU8,9OK6,9OJY,9OJS,9OJO,6X86,6X85,6X83,6X82,6X81,5YOY,7JRA,8Z8M,6OOZ,6OOY,5WUX,5M2M,5M2J,5M2I,4TWT,4G3Y,3IT8,3ALQ,3L9J,2AZ5,7ASY,7QLF"
COc1ccc2CN(C[C@]3(NC(=O)NC3=O)C#Cc3ccc(cc3)C3(O)CCNCC3)C(=O)c2c1F |r|	Tumor necrosis factor	137	US Patent	"5MU8,9OK6,9OJY,9OJS,9OJO,6X86,6X85,6X83,6X82,6X81,5YOY,7JRA,8Z8M,6OOZ,6OOY,5WUX,5M2M,5M2J,5M2I,4TWT,4G3Y,3IT8,3ALQ,3L9J,2AZ5,7ASY,7QLF"
COC(=O)C(N1CCCNCC1)c1ccc(cc1)C#C[C@]1(CN2Cc3ccc(OC)cc3C2=O)NC(=O)NC1=O |r|	Tumor necrosis factor	566	US Patent	"5MU8,9OK6,9OJY,9OJS,9OJO,6X86,6X85,6X83,6X82,6X81,5YOY,7JRA,8Z8M,6OOZ,6OOY,5WUX,5M2M,5M2J,5M2I,4TWT,4G3Y,3IT8,3ALQ,3L9J,2AZ5,7ASY,7QLF"
COc1ccc2CN(C[C@]3(NC(=O)NC3=O)C#Cc3ccc(cc3)C(c3ccc[nH]3)c3ccc[nH]3)C(=O)c2c1 |r|	Tumor necrosis factor	1199	US Patent	"5MU8,9OK6,9OJY,9OJS,9OJO,6X86,6X85,6X83,6X82,6X81,5YOY,7JRA,8Z8M,6OOZ,6OOY,5WUX,5M2M,5M2J,5M2I,4TWT,4G3Y,3IT8,3ALQ,3L9J,2AZ5,7ASY,7QLF"
CCC1(NC(=O)NC1=O)c1ccc(cc1)C#CC1(CN2Cc3ccc(OC)cc3C2=O)NC(=O)NC1=O	Tumor necrosis factor	225	US Patent	"5MU8,9OK6,9OJY,9OJS,9OJO,6X86,6X85,6X83,6X82,6X81,5YOY,7JRA,8Z8M,6OOZ,6OOY,5WUX,5M2M,5M2J,5M2I,4TWT,4G3Y,3IT8,3ALQ,3L9J,2AZ5,7ASY,7QLF"
COc1ccc2CN(C[C@]3(NC(=O)NC3=O)C#Cc3ccc(nc3)-n3cnc(CCNC(C)=O)c3)C(=O)c2c1 |r|	Tumor necrosis factor	524	US Patent	"5MU8,9OK6,9OJY,9OJS,9OJO,6X86,6X85,6X83,6X82,6X81,5YOY,7JRA,8Z8M,6OOZ,6OOY,5WUX,5M2M,5M2J,5M2I,4TWT,4G3Y,3IT8,3ALQ,3L9J,2AZ5,7ASY,7QLF"
COc1ccc2CN(C[C@]3(NC(=O)NC3=O)C#Cc3ccc(cc3)-n3cn[nH]c3=O)C(=O)c2c1 |r|	Tumor necrosis factor	538	US Patent	"5MU8,9OK6,9OJY,9OJS,9OJO,6X86,6X85,6X83,6X82,6X81,5YOY,7JRA,8Z8M,6OOZ,6OOY,5WUX,5M2M,5M2J,5M2I,4TWT,4G3Y,3IT8,3ALQ,3L9J,2AZ5,7ASY,7QLF"
COc1ccc2CN(C[C@]3(NC(=O)NC3=O)C#Cc3ccc(cc3)N3CCNCC3)C(=O)c2c1 |r|	Tumor necrosis factor	205	US Patent	"5MU8,9OK6,9OJY,9OJS,9OJO,6X86,6X85,6X83,6X82,6X81,5YOY,7JRA,8Z8M,6OOZ,6OOY,5WUX,5M2M,5M2J,5M2I,4TWT,4G3Y,3IT8,3ALQ,3L9J,2AZ5,7ASY,7QLF"
COc1ccc2CN(C[C@]3(NC(=O)NC3=O)C#Cc3ccc(cc3)-c3cn[nH]c3N)C(=O)c2c1 |r|	Tumor necrosis factor	236	US Patent	"5MU8,9OK6,9OJY,9OJS,9OJO,6X86,6X85,6X83,6X82,6X81,5YOY,7JRA,8Z8M,6OOZ,6OOY,5WUX,5M2M,5M2J,5M2I,4TWT,4G3Y,3IT8,3ALQ,3L9J,2AZ5,7ASY,7QLF"
COc1ccc2CN(C[C@]3(NC(=O)NC3=O)C#Cc3nc(ccc3OC)-c3ccc(nc3)N3CCNCC3)C(=O)c2c1 |r|	Tumor necrosis factor	2049	US Patent	"5MU8,9OK6,9OJY,9OJS,9OJO,6X86,6X85,6X83,6X82,6X81,5YOY,7JRA,8Z8M,6OOZ,6OOY,5WUX,5M2M,5M2J,5M2I,4TWT,4G3Y,3IT8,3ALQ,3L9J,2AZ5,7ASY,7QLF"
"COc1ccc2CN(C[C@]3(NC(=O)NC3=O)C#Cc3ccc(cc3)C3=NCCN3)C(=O)c2c1 |r,t:26|"	Tumor necrosis factor	227	US Patent	"5MU8,9OK6,9OJY,9OJS,9OJO,6X86,6X85,6X83,6X82,6X81,5YOY,7JRA,8Z8M,6OOZ,6OOY,5WUX,5M2M,5M2J,5M2I,4TWT,4G3Y,3IT8,3ALQ,3L9J,2AZ5,7ASY,7QLF"
CCN1CCC(CC1)(C(O)=O)c1ccc(cc1)C#C[C@]1(CN2Cc3ccc(OC)cc3C2=O)NC(=O)NC1=O |r|	Tumor necrosis factor	239.8	US Patent	"5MU8,9OK6,9OJY,9OJS,9OJO,6X86,6X85,6X83,6X82,6X81,5YOY,7JRA,8Z8M,6OOZ,6OOY,5WUX,5M2M,5M2J,5M2I,4TWT,4G3Y,3IT8,3ALQ,3L9J,2AZ5,7ASY,7QLF"
CCN1CCN(Cc2ccc(cc2F)C#C[C@]2(CN3Cc4ccc(OC)c(F)c4C3=O)NC(=O)NC2=O)CC1 |r|	Tumor necrosis factor	249.8	US Patent	"5MU8,9OK6,9OJY,9OJS,9OJO,6X86,6X85,6X83,6X82,6X81,5YOY,7JRA,8Z8M,6OOZ,6OOY,5WUX,5M2M,5M2J,5M2I,4TWT,4G3Y,3IT8,3ALQ,3L9J,2AZ5,7ASY,7QLF"
COc1ccc2CN(CC3(NC(=O)NC3=O)C#Cc3cccnc3N3CCN(C)CC3)C(=O)c2c1	Tumor necrosis factor	1231	US Patent	"5MU8,9OK6,9OJY,9OJS,9OJO,6X86,6X85,6X83,6X82,6X81,5YOY,7JRA,8Z8M,6OOZ,6OOY,5WUX,5M2M,5M2J,5M2I,4TWT,4G3Y,3IT8,3ALQ,3L9J,2AZ5,7ASY,7QLF"
COc1ccc2CN(C[C@]3(NC(=O)NC3=O)C#Cc3ccc(cc3)-c3nc(ccc3OC(=O)C(C)C)-c3cnn(C)c3)C(=O)c2c1 |r|	Tumor necrosis factor	47.97	US Patent	"5MU8,9OK6,9OJY,9OJS,9OJO,6X86,6X85,6X83,6X82,6X81,5YOY,7JRA,8Z8M,6OOZ,6OOY,5WUX,5M2M,5M2J,5M2I,4TWT,4G3Y,3IT8,3ALQ,3L9J,2AZ5,7ASY,7QLF"
COc1ccc2CN(C[C@]3(NC(=O)NC3=O)C#Cc3ccc(cc3)C(N=O)N3[C@@H](C)CNC[C@H]3C)C(=O)c2c1 |r|	Tumor necrosis factor	327	US Patent	"5MU8,9OK6,9OJY,9OJS,9OJO,6X86,6X85,6X83,6X82,6X81,5YOY,7JRA,8Z8M,6OOZ,6OOY,5WUX,5M2M,5M2J,5M2I,4TWT,4G3Y,3IT8,3ALQ,3L9J,2AZ5,7ASY,7QLF"
COc1ccc2CN(C[C@]3(NC(=O)NC3=O)C#Cc3ccc4CCC5(NC(=O)NC5=O)c4c3)C(=O)c2c1F |r|	Tumor necrosis factor	367	US Patent	"5MU8,9OK6,9OJY,9OJS,9OJO,6X86,6X85,6X83,6X82,6X81,5YOY,7JRA,8Z8M,6OOZ,6OOY,5WUX,5M2M,5M2J,5M2I,4TWT,4G3Y,3IT8,3ALQ,3L9J,2AZ5,7ASY,7QLF"
COc1ccc2CN(C[C@]3(NC(=O)NC3=O)C#C)C(=O)c2c1F |r|	Tumor necrosis factor	841	US Patent	"5MU8,9OK6,9OJY,9OJS,9OJO,6X86,6X85,6X83,6X82,6X81,5YOY,7JRA,8Z8M,6OOZ,6OOY,5WUX,5M2M,5M2J,5M2I,4TWT,4G3Y,3IT8,3ALQ,3L9J,2AZ5,7ASY,7QLF"
COc1ccc2CN(C[C@]3(NC(=O)NC3=O)C#Cc3ccc(cc3)N3CCCCC3=O)C(=O)c2c1 |r|	Tumor necrosis factor	1394	US Patent	"5MU8,9OK6,9OJY,9OJS,9OJO,6X86,6X85,6X83,6X82,6X81,5YOY,7JRA,8Z8M,6OOZ,6OOY,5WUX,5M2M,5M2J,5M2I,4TWT,4G3Y,3IT8,3ALQ,3L9J,2AZ5,7ASY,7QLF"
COc1ccc2CN(C[C@]3(NC(=O)NC3=O)C#Cc3nc(ccc3OC)N3C[C@@H](O)CC3=O)C(=O)c2c1 |r|	Tumor necrosis factor	837.1	US Patent	"5MU8,9OK6,9OJY,9OJS,9OJO,6X86,6X85,6X83,6X82,6X81,5YOY,7JRA,8Z8M,6OOZ,6OOY,5WUX,5M2M,5M2J,5M2I,4TWT,4G3Y,3IT8,3ALQ,3L9J,2AZ5,7ASY,7QLF"
COc1ccc2CN(C[C@]3(NC(=O)NC3=O)C#Cc3ccc(cc3)-c3nc(ccc3OC(=O)C(C)(C)C)-c3cnn(C)c3)C(=O)c2c1 |r|	Tumor necrosis factor	42.75	US Patent	"5MU8,9OK6,9OJY,9OJS,9OJO,6X86,6X85,6X83,6X82,6X81,5YOY,7JRA,8Z8M,6OOZ,6OOY,5WUX,5M2M,5M2J,5M2I,4TWT,4G3Y,3IT8,3ALQ,3L9J,2AZ5,7ASY,7QLF"
COc1ccc2CN(C[C@]3(NC(=O)NC3=O)C#Cc3cncc(c3)C(N=O)N3CCCN(C)CC3)C(=O)c2c1 |r|	Tumor necrosis factor	1322	US Patent	"5MU8,9OK6,9OJY,9OJS,9OJO,6X86,6X85,6X83,6X82,6X81,5YOY,7JRA,8Z8M,6OOZ,6OOY,5WUX,5M2M,5M2J,5M2I,4TWT,4G3Y,3IT8,3ALQ,3L9J,2AZ5,7ASY,7QLF"
COc1ccc2CN(C[C@]3(NC(=O)NC3=O)C#Cc3nc(ccc3OC)N3C[C@H](O)CC3=O)C(=O)c2c1 |r|	Tumor necrosis factor	1132	US Patent	"5MU8,9OK6,9OJY,9OJS,9OJO,6X86,6X85,6X83,6X82,6X81,5YOY,7JRA,8Z8M,6OOZ,6OOY,5WUX,5M2M,5M2J,5M2I,4TWT,4G3Y,3IT8,3ALQ,3L9J,2AZ5,7ASY,7QLF"
COc1ccc2CN(C[C@]3(NC(=O)NC3=O)C#Cc3ccc(CN4CCc5ccc(F)cc5C4)nc3)C(=O)c2c1F |r|	Tumor necrosis factor	4980	US Patent	"5MU8,9OK6,9OJY,9OJS,9OJO,6X86,6X85,6X83,6X82,6X81,5YOY,7JRA,8Z8M,6OOZ,6OOY,5WUX,5M2M,5M2J,5M2I,4TWT,4G3Y,3IT8,3ALQ,3L9J,2AZ5,7ASY,7QLF"
COc1ccc2CN(C[C@]3(NC(=O)NC3=O)C#Cc3nc(ccc3OC)-c3cccc(O)c3)C(=O)c2c1 |r|	Tumor necrosis factor	9906	US Patent	"5MU8,9OK6,9OJY,9OJS,9OJO,6X86,6X85,6X83,6X82,6X81,5YOY,7JRA,8Z8M,6OOZ,6OOY,5WUX,5M2M,5M2J,5M2I,4TWT,4G3Y,3IT8,3ALQ,3L9J,2AZ5,7ASY,7QLF"
COc1ccc2CN(C[C@]3(NC(=O)NC3=O)C#Cc3cnc(N)c(c3)C(=O)NS(C)(=O)=O)C(=O)c2c1 |r|	Tumor necrosis factor	10001	US Patent	"5MU8,9OK6,9OJY,9OJS,9OJO,6X86,6X85,6X83,6X82,6X81,5YOY,7JRA,8Z8M,6OOZ,6OOY,5WUX,5M2M,5M2J,5M2I,4TWT,4G3Y,3IT8,3ALQ,3L9J,2AZ5,7ASY,7QLF"
COC(=O)Cc1ccc(cc1)C#C[C@]1(CN2Cc3ccc(OC)cc3C2=O)NC(=O)NC1=O |r|	Tumor necrosis factor	379	US Patent	"5MU8,9OK6,9OJY,9OJS,9OJO,6X86,6X85,6X83,6X82,6X81,5YOY,7JRA,8Z8M,6OOZ,6OOY,5WUX,5M2M,5M2J,5M2I,4TWT,4G3Y,3IT8,3ALQ,3L9J,2AZ5,7ASY,7QLF"
"COc1ccc2CN(C[C@]3(NC(=O)NC3=O)C#Cc3ccc(C4=NCCN4)c(C)c3)C(=O)c2c1 |r,t:23|"	Tumor necrosis factor	504	US Patent	"5MU8,9OK6,9OJY,9OJS,9OJO,6X86,6X85,6X83,6X82,6X81,5YOY,7JRA,8Z8M,6OOZ,6OOY,5WUX,5M2M,5M2J,5M2I,4TWT,4G3Y,3IT8,3ALQ,3L9J,2AZ5,7ASY,7QLF"
CCN1CCN(CC1)c1n[nH]c2ccc(cc12)C#C[C@]1(CN2Cc3ccc(OC)cc3C2=O)NC(=O)NC1=O |r|	Tumor necrosis factor	421.75	US Patent	"5MU8,9OK6,9OJY,9OJS,9OJO,6X86,6X85,6X83,6X82,6X81,5YOY,7JRA,8Z8M,6OOZ,6OOY,5WUX,5M2M,5M2J,5M2I,4TWT,4G3Y,3IT8,3ALQ,3L9J,2AZ5,7ASY,7QLF"
COc1ccc2CN(C[C@]3(NC(=O)NC3=O)C#Cc3ccc(CN4CCN(CC4)c4ccncc4)nc3)C(=O)c2c1F |r|	Tumor necrosis factor	228	US Patent	"5MU8,9OK6,9OJY,9OJS,9OJO,6X86,6X85,6X83,6X82,6X81,5YOY,7JRA,8Z8M,6OOZ,6OOY,5WUX,5M2M,5M2J,5M2I,4TWT,4G3Y,3IT8,3ALQ,3L9J,2AZ5,7ASY,7QLF"
COc1ccc2CN(C[C@]3(NC(=O)NC3=O)C#Cc3ccc(nc3)N3C(=O)CCC3(C(O)=O)C(C)(C)O)C(=O)c2c1 |r|	Tumor necrosis factor	578	US Patent	"5MU8,9OK6,9OJY,9OJS,9OJO,6X86,6X85,6X83,6X82,6X81,5YOY,7JRA,8Z8M,6OOZ,6OOY,5WUX,5M2M,5M2J,5M2I,4TWT,4G3Y,3IT8,3ALQ,3L9J,2AZ5,7ASY,7QLF"
CCNc1nnc(o1)-c1ccc(OC)c(n1)C#C[C@]1(CN2Cc3ccc(OC)cc3C2=O)NC(=O)NC1=O |r|	Tumor necrosis factor	899	US Patent	"5MU8,9OK6,9OJY,9OJS,9OJO,6X86,6X85,6X83,6X82,6X81,5YOY,7JRA,8Z8M,6OOZ,6OOY,5WUX,5M2M,5M2J,5M2I,4TWT,4G3Y,3IT8,3ALQ,3L9J,2AZ5,7ASY,7QLF"
COc1ccc2CN(C[C@]3(NC(=O)NC3=O)C#Cc3ccc(cc3)C3(O)CCNCC3)C(=O)c2c1 |r|	Tumor necrosis factor	2390	US Patent	"5MU8,9OK6,9OJY,9OJS,9OJO,6X86,6X85,6X83,6X82,6X81,5YOY,7JRA,8Z8M,6OOZ,6OOY,5WUX,5M2M,5M2J,5M2I,4TWT,4G3Y,3IT8,3ALQ,3L9J,2AZ5,7ASY,7QLF"
COc1ccc2CN(C[C@]3(NC(=O)NC3=O)C#Cc3ccc(cc3)C3(CN4Cc5cc(O)ccc5C4=O)NC(=O)NC3=O)C(=O)c2c1 |r|	Tumor necrosis factor	419	US Patent	"5MU8,9OK6,9OJY,9OJS,9OJO,6X86,6X85,6X83,6X82,6X81,5YOY,7JRA,8Z8M,6OOZ,6OOY,5WUX,5M2M,5M2J,5M2I,4TWT,4G3Y,3IT8,3ALQ,3L9J,2AZ5,7ASY,7QLF"
COc1ccc2CN(C[C@]3(NC(=O)NC3=O)C#Cc3ccc(cc3)C(CN)N3CCC(C3)NC(=O)OC(C)(C)C)C(=O)c2c1F |r|	Tumor necrosis factor	303	US Patent	"5MU8,9OK6,9OJY,9OJS,9OJO,6X86,6X85,6X83,6X82,6X81,5YOY,7JRA,8Z8M,6OOZ,6OOY,5WUX,5M2M,5M2J,5M2I,4TWT,4G3Y,3IT8,3ALQ,3L9J,2AZ5,7ASY,7QLF"
COc1ccc2CN(CC3(NC(=O)NC3=O)C#Cc3cccnc3NCCN(C)C)C(=O)c2c1	Tumor necrosis factor	1996	US Patent	"5MU8,9OK6,9OJY,9OJS,9OJO,6X86,6X85,6X83,6X82,6X81,5YOY,7JRA,8Z8M,6OOZ,6OOY,5WUX,5M2M,5M2J,5M2I,4TWT,4G3Y,3IT8,3ALQ,3L9J,2AZ5,7ASY,7QLF"
COc1ccc2CN(C[C@]3(NC(=O)NC3=O)C#Cc3ccc(cc3)-c3cccc(n3)N3CCN(CC3)C3CCCCC3)C(=O)c2c1F |r|	Tumor necrosis factor	855.6	US Patent	"5MU8,9OK6,9OJY,9OJS,9OJO,6X86,6X85,6X83,6X82,6X81,5YOY,7JRA,8Z8M,6OOZ,6OOY,5WUX,5M2M,5M2J,5M2I,4TWT,4G3Y,3IT8,3ALQ,3L9J,2AZ5,7ASY,7QLF"
COc1ccc2CN(C[C@]3(NC(=O)NC3=O)C#Cc3nc(ccc3OC)-c3ccc(cc3)S(=O)(=O)NC3CC3)C(=O)c2c1 |r|	Tumor necrosis factor	7043	US Patent	"5MU8,9OK6,9OJY,9OJS,9OJO,6X86,6X85,6X83,6X82,6X81,5YOY,7JRA,8Z8M,6OOZ,6OOY,5WUX,5M2M,5M2J,5M2I,4TWT,4G3Y,3IT8,3ALQ,3L9J,2AZ5,7ASY,7QLF"
COc1ccc2CN(C[C@]3(NC(=O)NC3=O)C#Cc3c(C)ncc(C(O)=O)c3O)C(=O)c2c1 |r|	Tumor necrosis factor	699	US Patent	"5MU8,9OK6,9OJY,9OJS,9OJO,6X86,6X85,6X83,6X82,6X81,5YOY,7JRA,8Z8M,6OOZ,6OOY,5WUX,5M2M,5M2J,5M2I,4TWT,4G3Y,3IT8,3ALQ,3L9J,2AZ5,7ASY,7QLF"
COc1ccc2CN(C[C@]3(NC(=O)NC3=O)C#Cc3ccc(nc3)-c3cnccc3OC)C(=O)c2c1 |r|	Tumor necrosis factor	5377	US Patent	"5MU8,9OK6,9OJY,9OJS,9OJO,6X86,6X85,6X83,6X82,6X81,5YOY,7JRA,8Z8M,6OOZ,6OOY,5WUX,5M2M,5M2J,5M2I,4TWT,4G3Y,3IT8,3ALQ,3L9J,2AZ5,7ASY,7QLF"
COc1ccc2CN(C[C@]3(NC(=O)NC3=O)C#Cc3nc(ccc3OC)-c3cnc(nc3)N(C)C)C(=O)c2c1 |r|	Tumor necrosis factor	10001	US Patent	"5MU8,9OK6,9OJY,9OJS,9OJO,6X86,6X85,6X83,6X82,6X81,5YOY,7JRA,8Z8M,6OOZ,6OOY,5WUX,5M2M,5M2J,5M2I,4TWT,4G3Y,3IT8,3ALQ,3L9J,2AZ5,7ASY,7QLF"
COc1ccc2CN(C[C@]3(NC(=O)NC3=O)C#Cc3cncc(c3)-c3ccc(cc3)C(N)=O)C(=O)c2c1 |r|	Tumor necrosis factor	361	US Patent	"5MU8,9OK6,9OJY,9OJS,9OJO,6X86,6X85,6X83,6X82,6X81,5YOY,7JRA,8Z8M,6OOZ,6OOY,5WUX,5M2M,5M2J,5M2I,4TWT,4G3Y,3IT8,3ALQ,3L9J,2AZ5,7ASY,7QLF"
COc1ccc2CN(C[C@]3(NC(=O)NC3=O)C#Cc3cncc(NS(=O)(=O)C(C)C)c3)C(=O)c2c1 |r|	Tumor necrosis factor	1001	US Patent	"5MU8,9OK6,9OJY,9OJS,9OJO,6X86,6X85,6X83,6X82,6X81,5YOY,7JRA,8Z8M,6OOZ,6OOY,5WUX,5M2M,5M2J,5M2I,4TWT,4G3Y,3IT8,3ALQ,3L9J,2AZ5,7ASY,7QLF"
COc1ccc2CN(C[C@]3(NC(=O)NC3=O)C#Cc3ccc(c(F)c3)C3(C)NC(=O)NC3=O)C(=O)c2c1 |r|	Tumor necrosis factor	243	US Patent	"5MU8,9OK6,9OJY,9OJS,9OJO,6X86,6X85,6X83,6X82,6X81,5YOY,7JRA,8Z8M,6OOZ,6OOY,5WUX,5M2M,5M2J,5M2I,4TWT,4G3Y,3IT8,3ALQ,3L9J,2AZ5,7ASY,7QLF"
COc1ccc2CN(C[C@]3(NC(=O)NC3=O)C#Cc3nc(ccc3OC)N3[C@H](CO)CCC3=O)C(=O)c2c1 |r|	Tumor necrosis factor	1542	US Patent	"5MU8,9OK6,9OJY,9OJS,9OJO,6X86,6X85,6X83,6X82,6X81,5YOY,7JRA,8Z8M,6OOZ,6OOY,5WUX,5M2M,5M2J,5M2I,4TWT,4G3Y,3IT8,3ALQ,3L9J,2AZ5,7ASY,7QLF"
COc1ccc2CN(C[C@]3(NC(=O)NC3=O)C#Cc3ncc(NCc4nccc(=O)[nH]4)cc3OC)C(=O)c2c1 |r|	Tumor necrosis factor	632	US Patent	"5MU8,9OK6,9OJY,9OJS,9OJO,6X86,6X85,6X83,6X82,6X81,5YOY,7JRA,8Z8M,6OOZ,6OOY,5WUX,5M2M,5M2J,5M2I,4TWT,4G3Y,3IT8,3ALQ,3L9J,2AZ5,7ASY,7QLF"
"COc1ccc2CN(C[C@]3(NC(=O)NC3=O)C#Cc3ccc(CN=Nc4ccccc4)cc3)C(=O)c2c1 |r,w:23.23|"	Tumor necrosis factor	1224	US Patent	"5MU8,9OK6,9OJY,9OJS,9OJO,6X86,6X85,6X83,6X82,6X81,5YOY,7JRA,8Z8M,6OOZ,6OOY,5WUX,5M2M,5M2J,5M2I,4TWT,4G3Y,3IT8,3ALQ,3L9J,2AZ5,7ASY,7QLF"
COc1ccc2CN(C[C@]3(NC(=O)NC3=O)C#Cc3ccc(nc3)N(C3CCNCC3)c3cccnc3)C(=O)c2c1 |r|	Tumor necrosis factor	430	US Patent	"5MU8,9OK6,9OJY,9OJS,9OJO,6X86,6X85,6X83,6X82,6X81,5YOY,7JRA,8Z8M,6OOZ,6OOY,5WUX,5M2M,5M2J,5M2I,4TWT,4G3Y,3IT8,3ALQ,3L9J,2AZ5,7ASY,7QLF"
COc1ccc2CN(C[C@]3(NC(=O)NC3=O)C#Cc3nc(ccc3OC)-c3ccc(nc3)C#N)C(=O)c2c1 |r|	Tumor necrosis factor	10000001	US Patent	"5MU8,9OK6,9OJY,9OJS,9OJO,6X86,6X85,6X83,6X82,6X81,5YOY,7JRA,8Z8M,6OOZ,6OOY,5WUX,5M2M,5M2J,5M2I,4TWT,4G3Y,3IT8,3ALQ,3L9J,2AZ5,7ASY,7QLF"
COc1ccc2CN(C[C@]3(NC(=O)NC3=O)C#Cc3ccc(c(F)c3)-c3nc(ccc3OC(=O)C(C)(C)C)-c3cnn(C)c3)C(=O)c2c1F |r|	Tumor necrosis factor	68.45	US Patent	"5MU8,9OK6,9OJY,9OJS,9OJO,6X86,6X85,6X83,6X82,6X81,5YOY,7JRA,8Z8M,6OOZ,6OOY,5WUX,5M2M,5M2J,5M2I,4TWT,4G3Y,3IT8,3ALQ,3L9J,2AZ5,7ASY,7QLF"
COc1ccc2CN(C[C@]3(NC(=O)NC3=O)C#Cc3ccc(OC)nc3OC)C(=O)c2c1 |r|	Tumor necrosis factor	1001	US Patent	"5MU8,9OK6,9OJY,9OJS,9OJO,6X86,6X85,6X83,6X82,6X81,5YOY,7JRA,8Z8M,6OOZ,6OOY,5WUX,5M2M,5M2J,5M2I,4TWT,4G3Y,3IT8,3ALQ,3L9J,2AZ5,7ASY,7QLF"
COc1ccc2CN(CC3(NC(=O)NC3=O)C#Cc3cnc(nc3N)N3CCC4(CC3)NC(=O)NC4=O)C(=O)c2c1	Tumor necrosis factor	557	US Patent	"5MU8,9OK6,9OJY,9OJS,9OJO,6X86,6X85,6X83,6X82,6X81,5YOY,7JRA,8Z8M,6OOZ,6OOY,5WUX,5M2M,5M2J,5M2I,4TWT,4G3Y,3IT8,3ALQ,3L9J,2AZ5,7ASY,7QLF"
COc1ccc2CN(C[C@]3(NC(=O)NC3=O)C#Cc3nc(ccc3OC)-c3cccc(c3)C#N)C(=O)c2c1 |r|	Tumor necrosis factor	1000001	US Patent	"5MU8,9OK6,9OJY,9OJS,9OJO,6X86,6X85,6X83,6X82,6X81,5YOY,7JRA,8Z8M,6OOZ,6OOY,5WUX,5M2M,5M2J,5M2I,4TWT,4G3Y,3IT8,3ALQ,3L9J,2AZ5,7ASY,7QLF"
CCN1CCN(CC1)C(=O)C1CCC(=O)N1c1ccc(OC)c(n1)C#C[C@]1(CN2Cc3ccc(OC)cc3C2=O)NC(=O)NC1=O |r|	Tumor necrosis factor	3363	US Patent	"5MU8,9OK6,9OJY,9OJS,9OJO,6X86,6X85,6X83,6X82,6X81,5YOY,7JRA,8Z8M,6OOZ,6OOY,5WUX,5M2M,5M2J,5M2I,4TWT,4G3Y,3IT8,3ALQ,3L9J,2AZ5,7ASY,7QLF"
CCN1CCN(CC1)C(=O)C1CN(C(=O)C1)c1ccc(cc1)C#C[C@]1(CN2Cc3ccc(OC)cc3C2=O)NC(=O)NC1=O |r|	Tumor necrosis factor	940	US Patent	"5MU8,9OK6,9OJY,9OJS,9OJO,6X86,6X85,6X83,6X82,6X81,5YOY,7JRA,8Z8M,6OOZ,6OOY,5WUX,5M2M,5M2J,5M2I,4TWT,4G3Y,3IT8,3ALQ,3L9J,2AZ5,7ASY,7QLF"
COc1ccc2CN(C[C@]3(NC(=O)NC3=O)C#Cc3ccc(CN4CCCCC4)nc3)C(=O)c2c1F |r|	Tumor necrosis factor	785.1	US Patent	"5MU8,9OK6,9OJY,9OJS,9OJO,6X86,6X85,6X83,6X82,6X81,5YOY,7JRA,8Z8M,6OOZ,6OOY,5WUX,5M2M,5M2J,5M2I,4TWT,4G3Y,3IT8,3ALQ,3L9J,2AZ5,7ASY,7QLF"
COc1ccc2CN(C[C@]3(NC(=O)NC3=O)C#Cc3ccc(nc3)-c3ccc(F)cc3O)C(=O)c2c1 |r|	Tumor necrosis factor	9459	US Patent	"5MU8,9OK6,9OJY,9OJS,9OJO,6X86,6X85,6X83,6X82,6X81,5YOY,7JRA,8Z8M,6OOZ,6OOY,5WUX,5M2M,5M2J,5M2I,4TWT,4G3Y,3IT8,3ALQ,3L9J,2AZ5,7ASY,7QLF"
CCN1CCN(CC1)C(=O)c1ccc(OC)c(n1)C#C[C@]1(CN2Cc3ccc(OC)cc3C2=O)NC(=O)NC1=O |r|	Tumor necrosis factor	622	US Patent	"5MU8,9OK6,9OJY,9OJS,9OJO,6X86,6X85,6X83,6X82,6X81,5YOY,7JRA,8Z8M,6OOZ,6OOY,5WUX,5M2M,5M2J,5M2I,4TWT,4G3Y,3IT8,3ALQ,3L9J,2AZ5,7ASY,7QLF"
COc1ccc2CN(C[C@]3(NC(=O)NC3=O)C#Cc3nc(ccc3OC)N3CCN(CC3)c3ccncc3)C(=O)c2c1 |r|	Tumor necrosis factor	7271	US Patent	"5MU8,9OK6,9OJY,9OJS,9OJO,6X86,6X85,6X83,6X82,6X81,5YOY,7JRA,8Z8M,6OOZ,6OOY,5WUX,5M2M,5M2J,5M2I,4TWT,4G3Y,3IT8,3ALQ,3L9J,2AZ5,7ASY,7QLF"
COc1ccc2CN(C[C@]3(NC(=O)NC3=O)C#Cc3ccc(nc3)C3(C)NC(=O)NC3=O)C(=O)c2c1 |r|	Tumor necrosis factor	544	US Patent	"5MU8,9OK6,9OJY,9OJS,9OJO,6X86,6X85,6X83,6X82,6X81,5YOY,7JRA,8Z8M,6OOZ,6OOY,5WUX,5M2M,5M2J,5M2I,4TWT,4G3Y,3IT8,3ALQ,3L9J,2AZ5,7ASY,7QLF"
COc1ccc2CN(C[C@]3(NC(=O)NC3=O)C#Cc3ccc(c(F)c3)-c3cccc(n3)N3CCN(CC3)C3CCCCC3)C(=O)c2c1F |r|	Tumor necrosis factor	2431	US Patent	"5MU8,9OK6,9OJY,9OJS,9OJO,6X86,6X85,6X83,6X82,6X81,5YOY,7JRA,8Z8M,6OOZ,6OOY,5WUX,5M2M,5M2J,5M2I,4TWT,4G3Y,3IT8,3ALQ,3L9J,2AZ5,7ASY,7QLF"
COc1ccc2CN(C[C@]3(NC(=O)NC3=O)C#Cc3nc(ccc3OC)N3C(C)CCC3=O)C(=O)c2c1 |r|	Tumor necrosis factor	9537.2	US Patent	"5MU8,9OK6,9OJY,9OJS,9OJO,6X86,6X85,6X83,6X82,6X81,5YOY,7JRA,8Z8M,6OOZ,6OOY,5WUX,5M2M,5M2J,5M2I,4TWT,4G3Y,3IT8,3ALQ,3L9J,2AZ5,7ASY,7QLF"
COc1ccc2CN(C[C@]3(NC(=O)NC3=O)C#Cc3nc(ccc3OC)-c3cncc(c3)C#N)C(=O)c2c1 |r|	Tumor necrosis factor	1790	US Patent	"5MU8,9OK6,9OJY,9OJS,9OJO,6X86,6X85,6X83,6X82,6X81,5YOY,7JRA,8Z8M,6OOZ,6OOY,5WUX,5M2M,5M2J,5M2I,4TWT,4G3Y,3IT8,3ALQ,3L9J,2AZ5,7ASY,7QLF"
COc1ccc2CN(C[C@]3(NC(=O)NC3=O)C#Cc3ccc(nc3)C(=O)NS(C)(=O)=O)C(=O)c2c1 |r|	Tumor necrosis factor	1368	US Patent	"5MU8,9OK6,9OJY,9OJS,9OJO,6X86,6X85,6X83,6X82,6X81,5YOY,7JRA,8Z8M,6OOZ,6OOY,5WUX,5M2M,5M2J,5M2I,4TWT,4G3Y,3IT8,3ALQ,3L9J,2AZ5,7ASY,7QLF"
COc1ccc2CN(C[C@]3(NC(=O)NC3=O)C#Cc3ccc(nc3)-c3ccccc3O)C(=O)c2c1 |r|	Tumor necrosis factor	2090	US Patent	"5MU8,9OK6,9OJY,9OJS,9OJO,6X86,6X85,6X83,6X82,6X81,5YOY,7JRA,8Z8M,6OOZ,6OOY,5WUX,5M2M,5M2J,5M2I,4TWT,4G3Y,3IT8,3ALQ,3L9J,2AZ5,7ASY,7QLF"
COc1ccc2CN(C[C@]3(NC(=O)NC3=O)C#Cc3cncc(NC(C)=O)c3)C(=O)c2c1 |r|	Tumor necrosis factor	444	US Patent	"5MU8,9OK6,9OJY,9OJS,9OJO,6X86,6X85,6X83,6X82,6X81,5YOY,7JRA,8Z8M,6OOZ,6OOY,5WUX,5M2M,5M2J,5M2I,4TWT,4G3Y,3IT8,3ALQ,3L9J,2AZ5,7ASY,7QLF"
COCCN1CCN(CC1)c1ccc(OC)c(n1)C#C[C@]1(CN2Cc3ccc(OC)cc3C2=O)NC(=O)NC1=O |r|	Tumor necrosis factor	5710.4	US Patent	"5MU8,9OK6,9OJY,9OJS,9OJO,6X86,6X85,6X83,6X82,6X81,5YOY,7JRA,8Z8M,6OOZ,6OOY,5WUX,5M2M,5M2J,5M2I,4TWT,4G3Y,3IT8,3ALQ,3L9J,2AZ5,7ASY,7QLF"
COc1ccc2CN(C[C@]3(NC(=O)NC3=O)C#Cc3ccc(cc3)-c3cccc(n3)N3CCSCC3)C(=O)c2c1F |r|	Tumor necrosis factor	4154	US Patent	"5MU8,9OK6,9OJY,9OJS,9OJO,6X86,6X85,6X83,6X82,6X81,5YOY,7JRA,8Z8M,6OOZ,6OOY,5WUX,5M2M,5M2J,5M2I,4TWT,4G3Y,3IT8,3ALQ,3L9J,2AZ5,7ASY,7QLF"
COc1ccc2CN(C[C@]3(NC(=O)NC3=O)C#Cc3nc(ccc3OC)C(=O)N3CCN(C)CC3)C(=O)c2c1 |r|	Tumor necrosis factor	2961	US Patent	"5MU8,9OK6,9OJY,9OJS,9OJO,6X86,6X85,6X83,6X82,6X81,5YOY,7JRA,8Z8M,6OOZ,6OOY,5WUX,5M2M,5M2J,5M2I,4TWT,4G3Y,3IT8,3ALQ,3L9J,2AZ5,7ASY,7QLF"
COc1ccc2CN(CC3(NC(=O)NC3=O)C#Cc3cccnc3)C(=O)c2c1Cl	Tumor necrosis factor	1001	US Patent	"5MU8,9OK6,9OJY,9OJS,9OJO,6X86,6X85,6X83,6X82,6X81,5YOY,7JRA,8Z8M,6OOZ,6OOY,5WUX,5M2M,5M2J,5M2I,4TWT,4G3Y,3IT8,3ALQ,3L9J,2AZ5,7ASY,7QLF"
COc1ccc2CN(C[C@]3(NC(=O)NC3=O)C#Cc3ccc(cc3)-c3cccc(n3)N3CCSCC3)C(=O)c2c1 |r|	Tumor necrosis factor	1000001	US Patent	"5MU8,9OK6,9OJY,9OJS,9OJO,6X86,6X85,6X83,6X82,6X81,5YOY,7JRA,8Z8M,6OOZ,6OOY,5WUX,5M2M,5M2J,5M2I,4TWT,4G3Y,3IT8,3ALQ,3L9J,2AZ5,7ASY,7QLF"
COc1ccc2CN(C[C@]3(NC(=O)NC3=O)C#Cc3ccc(nc3)-c3cccc(C)c3O)C(=O)c2c1 |r|	Tumor necrosis factor	3505	US Patent	"5MU8,9OK6,9OJY,9OJS,9OJO,6X86,6X85,6X83,6X82,6X81,5YOY,7JRA,8Z8M,6OOZ,6OOY,5WUX,5M2M,5M2J,5M2I,4TWT,4G3Y,3IT8,3ALQ,3L9J,2AZ5,7ASY,7QLF"
COc1ccc2CN(C[C@]3(NC(=O)NC3=O)C#Cc3nc(ccc3OC)-c3n[nH]c(=O)n3C3CCN(C)CC3)C(=O)c2c1 |r|	Tumor necrosis factor	2189	US Patent	"5MU8,9OK6,9OJY,9OJS,9OJO,6X86,6X85,6X83,6X82,6X81,5YOY,7JRA,8Z8M,6OOZ,6OOY,5WUX,5M2M,5M2J,5M2I,4TWT,4G3Y,3IT8,3ALQ,3L9J,2AZ5,7ASY,7QLF"
COc1ccc2CN(C[C@]3(NC(=O)NC3=O)C#Cc3ccc(cc3)[C@@]3(CN)NC(=O)NC3=O)C(=O)c2c1 |r|	Tumor necrosis factor	122	US Patent	"5MU8,9OK6,9OJY,9OJS,9OJO,6X86,6X85,6X83,6X82,6X81,5YOY,7JRA,8Z8M,6OOZ,6OOY,5WUX,5M2M,5M2J,5M2I,4TWT,4G3Y,3IT8,3ALQ,3L9J,2AZ5,7ASY,7QLF"
COc1ccc2CN(C[C@]3(NC(=O)NC3=O)C#Cc3ccc(cc3)-c3ccc(cc3)-c3cccc(n3)N3CCSCC3)C(=O)c2c1 |r|	Tumor necrosis factor	1000001	US Patent	"5MU8,9OK6,9OJY,9OJS,9OJO,6X86,6X85,6X83,6X82,6X81,5YOY,7JRA,8Z8M,6OOZ,6OOY,5WUX,5M2M,5M2J,5M2I,4TWT,4G3Y,3IT8,3ALQ,3L9J,2AZ5,7ASY,7QLF"
COc1ccc2CN(C[C@]3(NC(=O)NC3=O)C#Cc3cc(Cl)cnc3N)C(=O)c2c1 |r|	Tumor necrosis factor	10001	US Patent	"5MU8,9OK6,9OJY,9OJS,9OJO,6X86,6X85,6X83,6X82,6X81,5YOY,7JRA,8Z8M,6OOZ,6OOY,5WUX,5M2M,5M2J,5M2I,4TWT,4G3Y,3IT8,3ALQ,3L9J,2AZ5,7ASY,7QLF"
COc1ccc2CCN(C[C@]3(NC(=O)NC3=O)C#Cc3cccnc3)C(=O)c2c1 |r|	Tumor necrosis factor	10001	US Patent	"5MU8,9OK6,9OJY,9OJS,9OJO,6X86,6X85,6X83,6X82,6X81,5YOY,7JRA,8Z8M,6OOZ,6OOY,5WUX,5M2M,5M2J,5M2I,4TWT,4G3Y,3IT8,3ALQ,3L9J,2AZ5,7ASY,7QLF"
COc1ccc2CN(C[C@@]3(NC(=O)NC3=O)C#Cc3cncc(c3)C(=O)NN)C(=O)c2c1 |r|	Tumor necrosis factor	1001	US Patent	"5MU8,9OK6,9OJY,9OJS,9OJO,6X86,6X85,6X83,6X82,6X81,5YOY,7JRA,8Z8M,6OOZ,6OOY,5WUX,5M2M,5M2J,5M2I,4TWT,4G3Y,3IT8,3ALQ,3L9J,2AZ5,7ASY,7QLF"
Ic1ccc2CN(C[C@@]3(NC(=O)NC3=O)C#Cc3cccnc3)C(=O)c2c1 |r|	Tumor necrosis factor	100001	US Patent	"5MU8,9OK6,9OJY,9OJS,9OJO,6X86,6X85,6X83,6X82,6X81,5YOY,7JRA,8Z8M,6OOZ,6OOY,5WUX,5M2M,5M2J,5M2I,4TWT,4G3Y,3IT8,3ALQ,3L9J,2AZ5,7ASY,7QLF"
COc1ccc2CN(C[C@@]3(NC(=O)NC3=O)C#Cc3ccc(nc3)C(=O)NS(C)(=O)=O)C(=O)c2c1 |r|	Tumor necrosis factor	1001	US Patent	"5MU8,9OK6,9OJY,9OJS,9OJO,6X86,6X85,6X83,6X82,6X81,5YOY,7JRA,8Z8M,6OOZ,6OOY,5WUX,5M2M,5M2J,5M2I,4TWT,4G3Y,3IT8,3ALQ,3L9J,2AZ5,7ASY,7QLF"
COc1ccc2CN(C[C@@]3(NC(=O)NC3=O)C#Cc3cnc(N)c(c3)C(O)=O)C(=O)c2c1 |r|	Tumor necrosis factor	1001	US Patent	"5MU8,9OK6,9OJY,9OJS,9OJO,6X86,6X85,6X83,6X82,6X81,5YOY,7JRA,8Z8M,6OOZ,6OOY,5WUX,5M2M,5M2J,5M2I,4TWT,4G3Y,3IT8,3ALQ,3L9J,2AZ5,7ASY,7QLF"
COc1ccc2CN(C[C@@]3(NC(=O)NC3=O)C#Cc3ccc(s3)C(O)=O)C(=O)c2c1 |r|	Tumor necrosis factor	10001	US Patent	"5MU8,9OK6,9OJY,9OJS,9OJO,6X86,6X85,6X83,6X82,6X81,5YOY,7JRA,8Z8M,6OOZ,6OOY,5WUX,5M2M,5M2J,5M2I,4TWT,4G3Y,3IT8,3ALQ,3L9J,2AZ5,7ASY,7QLF"
Cn1cc(cn1)-c1ccc2CN(C[C@@]3(NC(=O)NC3=O)C#Cc3cccnc3)C(=O)c2c1 |r|	Tumor necrosis factor	10000001	US Patent	"5MU8,9OK6,9OJY,9OJS,9OJO,6X86,6X85,6X83,6X82,6X81,5YOY,7JRA,8Z8M,6OOZ,6OOY,5WUX,5M2M,5M2J,5M2I,4TWT,4G3Y,3IT8,3ALQ,3L9J,2AZ5,7ASY,7QLF"
Cn1cc(cn1)-c1ccc2CN(C[C@]3(NC(=O)NC3=O)C#Cc3cccnc3)C(=O)c2c1 |r|	Tumor necrosis factor	10000001	US Patent	"5MU8,9OK6,9OJY,9OJS,9OJO,6X86,6X85,6X83,6X82,6X81,5YOY,7JRA,8Z8M,6OOZ,6OOY,5WUX,5M2M,5M2J,5M2I,4TWT,4G3Y,3IT8,3ALQ,3L9J,2AZ5,7ASY,7QLF"
COc1ccc2CN(C[C@@]3(NC(=O)NC3=O)C#Cc3ccc(CN4CCN(CC4)C4CCCCC4)cc3)C(=O)c2c1F |r|	Tumor necrosis factor	100001	US Patent	"5MU8,9OK6,9OJY,9OJS,9OJO,6X86,6X85,6X83,6X82,6X81,5YOY,7JRA,8Z8M,6OOZ,6OOY,5WUX,5M2M,5M2J,5M2I,4TWT,4G3Y,3IT8,3ALQ,3L9J,2AZ5,7ASY,7QLF"
